# Blender 5.1.1
# www.blender.org
mtllib chain2.mtl
o chain001_32_smd
v -0.719725 -0.037638 -0.176225
v -0.749964 -0.044001 -0.163179
v -0.728557 -0.033510 -0.180861
v -0.740717 -0.000256 -0.187358
v -0.766148 -0.000265 -0.171996
v -0.728580 0.033007 -0.180861
v -0.731583 -0.052468 -0.153452
v -0.768658 -0.064973 -0.173399
v -0.656368 -0.052442 -0.116764
v -0.645730 -0.037613 -0.140132
v -0.636642 -0.033478 -0.136028
v -0.749994 0.043482 -0.163179
v -0.792385 -0.000274 -0.186828
v -0.731619 0.051962 -0.153452
v -0.719751 0.037141 -0.176225
v -0.645756 0.037166 -0.140132
v -0.656358 -0.082092 -0.116764
v -0.637392 -0.043962 -0.108270
v -0.731573 -0.082118 -0.153452
v -0.765338 -0.075455 -0.200968
v -0.719705 -0.096939 -0.176225
v -0.645710 -0.096913 -0.140132
v -0.792337 -0.000274 -0.216539
v -0.617819 -0.064921 -0.099823
v -0.598131 -0.075397 -0.119409
v -0.569282 -0.000197 -0.107739
v -0.768703 0.064442 -0.173399
v -0.765390 0.074926 -0.200968
v -0.719772 0.096441 -0.176225
v -0.592666 -0.000205 -0.089410
v -0.598183 0.074984 -0.119409
v -0.731630 0.081612 -0.153452
v -0.620505 -0.000215 -0.100955
v -0.624056 -0.000216 -0.130453
v -0.617864 0.064494 -0.099823
v -0.637422 0.043521 -0.108270
v -0.636665 0.033038 -0.136028
v -0.656404 0.051988 -0.116764
v -0.656415 0.081638 -0.116764
v -0.645776 0.096467 -0.140132
v -1.380494 0.036912 -0.835887
v -1.357745 0.051745 -0.847787
v -1.416708 0.036900 -0.909823
v -1.375842 0.032783 -0.827064
v -1.393362 0.051733 -0.920505
v -1.401608 0.043257 -0.938855
v -1.420826 0.032767 -0.918906
v -1.426410 -0.000493 -0.931494
v -1.408698 -0.000487 -0.955197
v -1.420803 -0.033750 -0.918906
v -1.409819 0.064220 -0.957773
v -1.348301 0.043275 -0.830021
v -1.357755 0.081396 -0.847787
v -1.393372 0.081383 -0.920505
v -1.339730 -0.000463 -0.814390
v -1.369314 -0.000473 -0.814927
v -1.348271 -0.044208 -0.830021
v -1.375819 -0.033734 -0.827064
v -1.380468 -0.037867 -0.835887
v -1.401578 -0.044226 -0.938855
v -1.419912 -0.000491 -0.982115
v -1.437523 0.074693 -0.957375
v -1.416728 0.096200 -0.909823
v -1.380514 0.096213 -0.835887
v -1.449214 -0.000501 -0.986231
v -1.409775 -0.065195 -0.957773
v -1.437471 -0.075687 -0.957375
v -1.416662 -0.097180 -0.909823
v -1.338391 0.064245 -0.811942
v -1.355690 0.074722 -0.790302
v -1.340049 -0.000463 -0.763355
v -1.325338 -0.000458 -0.789028
v -1.355638 -0.075659 -0.790302
v -1.338346 -0.065170 -0.811942
v -1.393316 -0.082347 -0.920505
v -1.357699 -0.082334 -0.847787
v -1.380448 -0.097167 -0.835887
v -1.357709 -0.052684 -0.847787
v -1.393326 -0.052696 -0.920505
v -1.416682 -0.037879 -0.909823
v 1.316342 0.037845 -0.724688
v 1.310983 0.033712 -0.716278
v 1.338034 0.052677 -0.710954
v 1.358520 0.037859 -0.795391
v 1.326801 0.044200 -0.693458
v 1.316673 0.000455 -0.678086
v 1.303501 0.000451 -0.704718
v 1.326831 -0.043283 -0.693458
v 1.311006 -0.032805 -0.716278
v 1.316368 -0.036934 -0.724687
v 1.380907 0.052692 -0.782824
v 1.338024 0.082328 -0.710954
v 1.390968 0.044222 -0.801022
v 1.363375 0.033730 -0.804104
v 1.369999 0.000474 -0.816189
v 1.399691 0.000484 -0.817250
v 1.363398 -0.032787 -0.804104
v 1.401020 0.065192 -0.819810
v 1.380897 0.082342 -0.782824
v 1.338070 -0.051752 -0.710954
v 1.315085 -0.064253 -0.675681
v 1.380943 -0.051737 -0.782824
v 1.358546 -0.036920 -0.795391
v 1.390998 -0.043260 -0.801022
v 1.413533 0.000489 -0.844023
v 1.380954 -0.081388 -0.782824
v 1.383153 0.075669 -0.841069
v 1.358500 0.097160 -0.795391
v 1.316322 0.097145 -0.724688
v 1.397232 0.000483 -0.868863
v 1.401065 -0.064223 -0.819810
v 1.383205 -0.074712 -0.841069
v 1.358567 -0.096221 -0.795391
v 1.338080 -0.081402 -0.710954
v 1.316388 -0.096235 -0.724687
v 1.287895 -0.074745 -0.681300
v 1.315040 0.065162 -0.675681
v 1.287843 0.075636 -0.681300
v 1.270089 0.000439 -0.655730
v 1.299691 0.000449 -0.653187
v 0.002573 -0.043740 0.025676
v -0.000777 -0.000000 -0.000000
v 0.013011 -0.033254 -0.000054
v 0.022985 -0.037382 -0.000169
v -0.015859 -0.000005 0.025599
v 0.012988 0.033263 -0.000054
v 0.023368 -0.052207 0.025506
v -0.018731 -0.064714 0.025567
v 0.106983 -0.052178 0.022061
v 0.105244 -0.037353 -0.003558
v 0.115191 -0.033219 -0.004264
v 0.002543 0.043742 0.025676
v -0.045992 -0.000016 0.025010
v 0.023333 0.052223 0.025506
v 0.022959 0.037397 -0.000169
v 0.105218 0.037426 -0.003558
v 0.106994 -0.081828 0.022061
v 0.127717 -0.043697 0.020521
v 0.023379 -0.081857 0.025506
v -0.028905 -0.075200 -0.000269
v 0.023005 -0.096682 -0.000169
v 0.105264 -0.096654 -0.003558
v -0.060063 -0.000021 -0.001158
v 0.148954 -0.064656 0.018659
v 0.156975 -0.075136 -0.007926
v 0.187902 0.000065 -0.011373
v -0.018776 0.064701 0.025567
v -0.028957 0.075180 -0.000269
v 0.022938 0.096698 -0.000169
v 0.176032 0.000061 0.015864
v 0.156923 0.075245 -0.007926
v 0.023322 0.081873 0.025506
v 0.146049 0.000050 0.018929
v 0.128913 0.000045 -0.005343
v 0.148909 0.064759 0.018659
v 0.127686 0.043786 0.020521
v 0.115168 0.033298 -0.004264
v 0.106947 0.052252 0.022061
v 0.106937 0.081902 0.022061
v 0.105197 0.096727 -0.003558
v -1.503698 -0.037909 -1.150622
v -1.533785 -0.044272 -1.164015
v -1.506276 -0.033779 -1.160257
v -1.509745 -0.000522 -1.173592
v -1.538277 -0.000532 -1.181880
v -1.506299 0.032738 -1.160257
v -1.528478 -0.052743 -1.143910
v -1.538939 -0.065239 -1.184692
v -1.504474 -0.052735 -1.063740
v -1.480084 -0.037901 -1.071753
v -1.476943 -0.033769 -1.062288
v -1.533815 0.043211 -1.164015
v -1.545154 -0.000534 -1.211223
v -1.528514 0.051686 -1.143910
v -1.503724 0.036870 -1.150622
v -1.480109 0.036878 -1.071753
v -1.504464 -0.082385 -1.063740
v -1.497859 -0.044259 -1.044029
v -1.528468 -0.082393 -1.143910
v -1.516418 -0.075715 -1.200940
v -1.503678 -0.097210 -1.150623
v -1.480063 -0.097202 -1.071753
v -1.523276 -0.000527 -1.231325
v -1.490801 -0.065223 -1.023917
v -1.463055 -0.075696 -1.022719
v -1.452091 -0.000502 -0.993578
v -1.538984 0.064175 -1.184692
v -1.516469 0.074666 -1.200940
v -1.503745 0.096170 -1.150623
v -1.481417 -0.000512 -0.998349
v -1.463107 0.074685 -1.022719
v -1.528525 0.081337 -1.143910
v -1.491797 -0.000516 -1.026643
v -1.472514 -0.000509 -1.049247
v -1.490846 0.064192 -1.023917
v -1.497889 0.043224 -1.044028
v -1.476966 0.032748 -1.062288
v -1.504510 0.051695 -1.063740
v -1.504521 0.081345 -1.063740
v -1.480130 0.096178 -1.071753
v 1.444574 0.000499 -1.083420
v 1.432220 -0.025183 -1.066554
v 1.445423 0.000500 -1.072868
v 1.472514 0.000509 -1.049247
v 1.467616 -0.025171 -1.035257
v 1.508485 0.000522 -1.051707
v 1.430498 -0.025183 -1.088046
v 1.405740 -0.025192 -1.054394
v 1.453321 -0.025176 -1.164272
v 1.467622 0.000507 -1.160397
v 1.474131 0.000510 -1.168746
v 1.514969 -0.025154 -1.038167
v 1.457404 -0.025174 -1.007421
v 1.529713 -0.025149 -1.055459
v 1.515619 0.000524 -1.060086
v 1.539801 0.000532 -1.140848
v 1.402328 -0.025193 -1.097299
v 1.424702 -0.025185 -1.172024
v 1.466571 -0.025171 -1.181281
v 1.392467 0.000481 -1.048548
v 1.388234 0.000480 -1.101925
v 1.410383 0.000488 -1.175899
v 1.452091 0.000502 -0.993578
v 1.451131 -0.025176 -1.205993
v 1.443253 0.000499 -1.218167
v 1.523276 0.000527 -1.231325
v 1.527576 -0.025150 -1.010756
v 1.533696 0.000530 -0.996889
v 1.571959 0.000543 -1.041581
v 1.520108 -0.025152 -1.216844
v 1.589633 0.000550 -1.183711
v 1.557883 -0.025139 -1.046207
v 1.513342 -0.025155 -1.187976
v 1.509745 0.000522 -1.173592
v 1.576901 -0.025133 -1.175494
v 1.551305 -0.025142 -1.159522
v 1.538445 0.000532 -1.151768
v 1.554119 -0.025141 -1.136972
v 1.582738 -0.025131 -1.129221
v 1.597039 0.000552 -1.125345
v -0.482032 0.096524 -0.076439
v -0.529827 0.064524 -0.065578
v -0.531107 0.075007 -0.093317
v -0.560252 -0.000194 -0.104226
v -0.555399 -0.000192 -0.074914
v -0.531055 -0.075374 -0.093317
v -0.489972 0.081696 -0.052021
v -0.509689 0.043565 -0.058584
v -0.409736 0.081723 -0.028241
v -0.403097 0.096551 -0.053044
v -0.352737 0.075068 -0.040453
v -0.529782 -0.064891 -0.065578
v -0.527076 -0.000182 -0.064612
v -0.489915 -0.082034 -0.052021
v -0.481965 -0.096857 -0.076439
v -0.403030 -0.096830 -0.053044
v -0.409725 0.052073 -0.028241
v -0.368918 0.064580 -0.017889
v -0.489961 0.052045 -0.052021
v -0.491484 0.033088 -0.079555
v -0.482011 0.037223 -0.076439
v -0.403077 0.037250 -0.053044
v -0.504526 -0.000174 -0.083958
v -0.389602 0.043607 -0.022993
v -0.393433 0.033122 -0.050495
v -0.380077 -0.000131 -0.047075
v -0.509659 -0.043918 -0.058584
v -0.491462 -0.033428 -0.079555
v -0.481986 -0.037556 -0.076439
v -0.371710 -0.000129 -0.018566
v -0.393410 -0.033394 -0.050495
v -0.489925 -0.052384 -0.052021
v -0.342348 -0.000118 -0.011770
v -0.322307 -0.000111 -0.033705
v -0.389572 -0.043876 -0.022993
v -0.368873 -0.064835 -0.017889
v -0.352685 -0.075312 -0.040453
v -0.409679 -0.082007 -0.028241
v -0.409689 -0.052356 -0.028241
v -0.403051 -0.037529 -0.053044
v -1.374148 -0.000475 -1.061084
v -1.410386 -0.000488 -1.100502
v -1.388081 -0.026158 -1.056044
v -1.345984 -0.000465 -0.989184
v -1.417217 -0.026168 -1.087722
v -1.486854 -0.026192 -1.092858
v -1.491220 -0.000516 -1.107027
v -1.540049 -0.026210 -1.046972
v -1.553432 -0.000537 -1.054112
v -1.556008 -0.000538 -0.995335
v -1.359632 -0.026148 -0.983414
v -1.415965 -0.026168 -1.045963
v -1.359500 -0.026148 -0.940375
v -1.345808 -0.000465 -0.935640
v -1.400704 -0.000484 -0.875948
v -1.407121 -0.026164 -0.889308
v -1.482305 -0.000512 -0.872530
v -1.386891 -0.026157 -0.950314
v -1.386944 -0.026157 -0.971874
v -1.542057 -0.026211 -1.000376
v -1.510452 -0.026200 -0.919690
v -1.524117 -0.000527 -0.913920
v -1.477329 -0.026189 -0.886855
v -1.419590 -0.026169 -0.916209
v -1.483139 -0.026191 -0.931230
v -1.513225 -0.026201 -1.033162
v -1.400587 -0.000484 -0.955518
v -1.400609 -0.000484 -0.966104
v -1.429916 -0.000494 -1.040922
v -1.425641 -0.000493 -0.929747
v -1.467022 -0.026185 -0.915210
v -1.461692 -0.000505 -0.929238
v -1.469492 -0.000508 -0.937000
v -1.430571 -0.026173 -1.061823
v -1.437090 -0.000497 -1.048707
v -1.472982 -0.000509 -1.050605
v -1.514173 -0.026201 -1.010457
v -1.500240 -0.000519 -1.015497
v -1.499788 -0.000519 -1.026492
v -1.477734 -0.026189 -1.064645
v 0.603561 -0.037181 -0.121662
v 0.612741 -0.033047 -0.125555
v 0.613514 -0.052003 -0.097989
v 0.526845 -0.037207 -0.091783
v 0.632627 -0.043523 -0.106171
v 0.649452 0.000225 -0.113626
v 0.625372 0.000216 -0.131029
v 0.632597 0.043960 -0.106171
v 0.612718 0.033470 -0.125555
v 0.603535 0.037598 -0.121662
v 0.535534 -0.052030 -0.067618
v 0.613524 -0.081653 -0.097989
v 0.515917 -0.043563 -0.060715
v 0.517447 -0.033079 -0.088441
v 0.504422 0.000174 -0.083923
v 0.498455 0.000172 -0.054817
v 0.517424 0.033437 -0.088441
v 0.495729 -0.064536 -0.053908
v 0.535544 -0.081680 -0.067618
v 0.613478 0.052427 -0.097989
v 0.535498 0.052400 -0.067618
v 0.526819 0.037572 -0.091783
v 0.515887 0.043920 -0.060715
v 0.469760 0.000162 -0.045603
v 0.535487 0.082050 -0.067618
v 0.652069 0.064933 -0.114816
v 0.477728 -0.075025 -0.075047
v 0.526866 -0.096508 -0.091783
v 0.603581 -0.096482 -0.121662
v 0.447964 0.000155 -0.065794
v 0.495684 0.064879 -0.053908
v 0.477676 0.075356 -0.075047
v 0.526799 0.096872 -0.091783
v 0.652114 -0.064482 -0.114816
v 0.651082 -0.074965 -0.142564
v 0.679219 0.000235 -0.155862
v 0.613468 0.082077 -0.097989
v 0.603514 0.096899 -0.121662
v 0.651030 0.075415 -0.142564
v 0.676821 0.000234 -0.126248
v 0.277794 0.037486 -0.024970
v 0.253394 0.043829 -0.046779
v 0.267977 0.033351 -0.023223
v 0.254407 0.000088 -0.020913
v 0.235818 0.000082 -0.043934
v 0.268000 -0.033166 -0.023223
v 0.273210 0.052309 -0.050236
v 0.233028 0.064788 -0.043505
v 0.352475 0.052337 -0.066776
v 0.358387 0.037513 -0.041786
v 0.368087 0.033386 -0.044112
v 0.253424 -0.043654 -0.046779
v 0.206963 0.000072 -0.039720
v 0.273246 -0.052120 -0.050236
v 0.277820 -0.037293 -0.024970
v 0.358413 -0.037266 -0.041786
v 0.352465 0.081987 -0.066776
v 0.372026 0.043870 -0.071533
v 0.273200 0.081959 -0.050236
v 0.226563 0.075269 -0.016566
v 0.277774 0.096786 -0.024970
v 0.358367 0.096814 -0.041786
v 0.195732 0.000068 -0.012345
v 0.391988 0.064843 -0.076674
v 0.408679 0.075332 -0.054567
v 0.438675 0.000152 -0.063037
v 0.233072 -0.064627 -0.043505
v 0.226615 -0.075112 -0.016566
v 0.277841 -0.096594 -0.024970
v 0.417435 0.000144 -0.083637
v 0.408731 -0.075049 -0.054567
v 0.273257 -0.081771 -0.050236
v 0.389302 0.000135 -0.075960
v 0.381470 0.000132 -0.047426
v 0.392033 -0.064572 -0.076674
v 0.372057 -0.043613 -0.071533
v 0.368110 -0.033131 -0.044112
v 0.352511 -0.052093 -0.066776
v 0.352521 -0.081743 -0.066776
v 0.358434 -0.096566 -0.041786
v -1.150354 -0.026076 -0.633060
v -1.088853 -0.000376 -0.583466
v -1.138809 -0.000394 -0.642349
v -1.185871 -0.000410 -0.667887
v -1.099891 -0.026058 -0.573580
v -1.085811 -0.026053 -0.532908
v -1.071324 -0.000370 -0.532873
v -1.103898 -0.000382 -0.458605
v -1.114300 -0.026063 -0.469160
v -1.179982 -0.000408 -0.428912
v -1.114945 -0.026063 -0.533428
v -1.188188 -0.026089 -0.653579
v -1.173463 -0.026084 -0.614482
v -1.121986 -0.026066 -0.553807
v -1.255727 -0.026112 -0.635857
v -1.264453 -0.000437 -0.647848
v -1.291170 -0.026124 -0.575202
v -1.306146 -0.000452 -0.577620
v -1.289523 -0.000446 -0.521183
v -1.179919 -0.026086 -0.444073
v -1.134818 -0.026070 -0.490563
v -1.129589 -0.000391 -0.533914
v -1.133042 -0.000392 -0.543921
v -1.185026 -0.000410 -0.605193
v -1.144932 -0.000396 -0.501411
v -1.179363 -0.026086 -0.474238
v -1.178871 -0.000408 -0.489240
v -1.188766 -0.000411 -0.494053
v -1.192422 -0.026090 -0.624749
v -1.194337 -0.000413 -0.610231
v -1.228905 -0.000425 -0.600388
v -1.237952 -0.026106 -0.612126
v -1.246444 -0.000431 -0.568887
v -1.261317 -0.026114 -0.570836
v -1.199805 -0.026093 -0.484167
v -1.254852 -0.026112 -0.549050
v -1.243306 -0.000430 -0.558339
v -1.277960 -0.026120 -0.530472
v -1.221899 -0.026100 -0.464394
v -1.232956 -0.000426 -0.454508
v 1.465065 0.037896 -1.028210
v 1.496153 0.044259 -1.039080
v 1.468428 0.033766 -1.037600
v 1.472982 0.000509 -1.050605
v 1.502100 0.000519 -1.056515
v 1.468450 -0.032751 -1.037600
v 1.489209 0.052730 -1.019480
v 1.502992 0.065227 -1.059262
v 1.458686 0.052719 -0.941558
v 1.435038 0.037886 -0.951552
v 1.431128 0.033753 -0.942378
v 1.496183 -0.043224 -1.039080
v 1.511370 0.000523 -1.085193
v 1.489244 -0.051700 -1.019479
v 1.465091 -0.036883 -1.028210
v 1.435063 -0.036893 -0.951552
v 1.489198 0.082380 -1.019480
v 1.458676 0.082369 -0.941558
v 1.450470 0.044243 -0.922458
v 1.481884 0.075703 -1.077308
v 1.465045 0.097197 -1.028210
v 1.435017 0.097186 -0.951552
v 1.491220 0.000516 -1.107028
v 1.441780 0.065206 -0.902995
v 1.414030 0.075679 -0.904085
v 1.400704 0.000484 -0.875948
v 1.503036 -0.064188 -1.059262
v 1.481936 -0.074678 -1.077308
v 1.465111 -0.096184 -1.028210
v 1.430323 0.000495 -0.878288
v 1.414082 -0.074701 -0.904085
v 1.489255 -0.081350 -1.019479
v 1.442998 0.000499 -0.905632
v 1.425641 0.000493 -0.929747
v 1.441825 -0.064209 -0.902996
v 1.450501 -0.043240 -0.922458
v 1.431151 -0.032764 -0.942378
v 1.458722 -0.051710 -0.941558
v 1.458732 -0.081361 -0.941558
v 1.435084 -0.096194 -0.951552
v 0.994440 0.000344 -0.235497
v 1.009341 0.026027 -0.287444
v 1.024451 0.000354 -0.286101
v 1.001341 0.000346 -0.364435
v 0.989930 0.026020 -0.354960
v 0.930116 0.000322 -0.403212
v 0.985520 0.026019 -0.247346
v 0.979332 0.026017 -0.290565
v 0.914911 0.025994 -0.197112
v 0.923192 0.000319 -0.184809
v 0.865545 0.000299 -0.173050
v 0.928837 0.025999 -0.388772
v 0.966858 0.026012 -0.336338
v 0.887115 0.025985 -0.378204
v 0.878214 0.000304 -0.390053
v 0.815293 0.000282 -0.345289
v 0.967700 0.026013 -0.271043
v 0.898367 0.025989 -0.221718
v 0.869219 0.025979 -0.187757
v 0.964437 0.000333 -0.292342
v 0.958799 0.000331 -0.282892
v 0.890104 0.000308 -0.234021
v 0.955198 0.000330 -0.327193
v 0.876110 0.025981 -0.217130
v 0.879328 0.000304 -0.231793
v 0.849433 0.000294 -0.251949
v 0.925839 0.025998 -0.359788
v 0.924120 0.000319 -0.345247
v 0.913855 0.000316 -0.342658
v 0.836959 0.025967 -0.243925
v 0.842568 0.000291 -0.287229
v 0.904935 0.025991 -0.354506
v 0.811801 0.025959 -0.228234
v 0.799120 0.000276 -0.220569
v 0.828256 0.025964 -0.290364
v 0.799891 0.025955 -0.297036
v 0.785842 0.000272 -0.300572
v 0.823556 0.025963 -0.332986
v 0.840100 0.025968 -0.308380
v 0.848381 0.000293 -0.296077
v 0.904953 -0.025365 -0.354506
v 0.925857 -0.025358 -0.359788
v 0.966875 -0.025344 -0.336338
v 0.979350 -0.025339 -0.290565
v 0.840117 -0.025388 -0.308380
v 0.887133 -0.025371 -0.378204
v 0.828273 -0.025392 -0.290364
v 0.836976 -0.025389 -0.243925
v 0.799909 -0.025401 -0.297036
v 0.823574 -0.025393 -0.332986
v 0.967718 -0.025343 -0.271043
v 0.898385 -0.025367 -0.221718
v 0.876128 -0.025375 -0.217130
v 0.811818 -0.025397 -0.228234
v 0.914929 -0.025362 -0.197112
v 1.009358 -0.025329 -0.287444
v 0.869237 -0.025377 -0.187757
v 0.928855 -0.025357 -0.388772
v 0.985538 -0.025337 -0.247346
v 0.989948 -0.025336 -0.354960
v 0.830609 0.096977 -0.239917
v 0.874059 0.075493 -0.268319
v 0.844305 0.082157 -0.218194
v 0.759824 0.096953 -0.197876
v 0.879630 0.065012 -0.241114
v 0.902175 0.000312 -0.256442
v 0.899689 0.000311 -0.286049
v 0.879674 -0.064403 -0.241114
v 0.874111 -0.074888 -0.268319
v 0.830676 -0.096403 -0.239917
v 0.772353 0.082132 -0.175460
v 0.844316 0.052507 -0.218194
v 0.735333 0.064962 -0.155414
v 0.714105 0.075437 -0.173319
v 0.686310 0.000237 -0.159320
v 0.711119 0.000246 -0.142971
v 0.714157 -0.074943 -0.173319
v 0.754148 0.044002 -0.165437
v 0.772363 0.052482 -0.175460
v 0.844362 -0.081573 -0.218194
v 0.772410 -0.081598 -0.175460
v 0.759890 -0.096427 -0.197876
v 0.735378 -0.064453 -0.155414
v 0.737918 0.000255 -0.156761
v 0.772399 -0.051948 -0.175460
v 0.861867 -0.043443 -0.229396
v 0.751123 0.033518 -0.193040
v 0.759844 0.037652 -0.197876
v 0.830630 0.037677 -0.239917
v 0.739037 0.000256 -0.186451
v 0.754178 -0.043481 -0.165437
v 0.751146 -0.032999 -0.193040
v 0.759870 -0.037127 -0.197876
v 0.861837 0.044039 -0.229396
v 0.839051 0.033548 -0.245262
v 0.850637 0.000294 -0.252733
v 0.844352 -0.051923 -0.218194
v 0.830656 -0.037102 -0.239917
v 0.839074 -0.032968 -0.245262
v 0.877243 0.000303 -0.239508
v 1.413612 0.000489 -0.818558
v 1.409364 0.026165 -0.797044
v 1.405202 0.000486 -0.811462
v 1.369314 0.000473 -0.814927
v 1.362173 0.026149 -0.801930
v 1.346459 0.000466 -0.842666
v 1.426741 0.026171 -0.811688
v 1.417311 0.026168 -0.767939
v 1.464169 0.026184 -0.888102
v 1.450696 0.000502 -0.894269
v 1.451147 0.000502 -0.905264
v 1.332382 0.026139 -0.838602
v 1.347540 0.026144 -0.776143
v 1.334203 0.026139 -0.860085
v 1.347349 0.000466 -0.853215
v 1.382694 0.000478 -0.925376
v 1.491132 0.026194 -0.875768
v 1.465086 0.026185 -0.910808
v 1.453015 0.026180 -0.797946
v 1.421094 0.000491 -0.753254
v 1.466160 0.000507 -0.791076
v 1.504622 0.000520 -0.869601
v 1.340049 0.000463 -0.763355
v 1.492952 0.026194 -0.922372
v 1.506877 0.000521 -0.928392
v 1.449214 0.000501 -0.986231
v 1.304268 0.026129 -0.830943
v 1.290234 0.000446 -0.827348
v 1.294801 0.000448 -0.880697
v 1.443700 0.026177 -0.972466
v 1.368117 0.000473 -0.986358
v 1.307929 0.026130 -0.873827
v 1.432297 0.026173 -0.945097
v 1.426409 0.000493 -0.931494
v 1.373877 0.026153 -0.973059
v 1.385061 0.026157 -0.946153
v 1.390483 0.000481 -0.932547
v 1.369204 0.026151 -0.931544
v 1.342241 0.026142 -0.943878
v 1.328768 0.000459 -0.950045
v 0.154762 0.000054 0.029865
v 0.134426 0.025724 0.038089
v 0.144220 0.000050 0.026709
v 0.127481 0.000044 -0.005225
v 0.112691 0.025717 -0.004082
v 0.138191 0.000048 -0.039534
v 0.156192 0.025732 0.044620
v 0.114414 0.025718 0.060668
v 0.240631 0.025761 0.034131
v 0.238424 0.000082 0.019472
v 0.247873 0.000086 0.013833
v 0.127083 0.025722 -0.049085
v 0.083100 0.025707 -0.002218
v 0.146061 0.025728 -0.059317
v 0.147508 0.000051 -0.044561
v 0.227248 0.000079 -0.054467
v 0.245062 0.025763 0.063448
v 0.260138 0.025768 0.022473
v 0.159068 0.025733 0.074131
v 0.104198 0.000036 0.071863
v 0.160515 0.000055 0.088886
v 0.247287 0.000085 0.078107
v 0.068301 0.000024 -0.001498
v 0.285065 0.025777 0.039469
v 0.297727 0.000103 0.047822
v 0.314584 0.000109 -0.032092
v 0.105288 0.025714 -0.068425
v 0.094603 0.000033 -0.078211
v 0.141755 0.000049 -0.103583
v 0.300041 0.025782 -0.029168
v 0.270311 0.000093 -0.100039
v 0.143184 0.025727 -0.088827
v 0.270893 0.025772 -0.023734
v 0.256291 0.000089 -0.021226
v 0.262328 0.025769 -0.087933
v 0.245928 0.025763 -0.063848
v 0.237511 0.000082 -0.051872
v 0.225023 0.025756 -0.069126
v 0.220592 0.025754 -0.098443
v 0.218385 0.000076 -0.113102
v -0.024397 -0.000008 0.096510
v 0.030328 0.000010 0.074909
v -0.024170 -0.025686 0.081687
v -0.111762 -0.000039 0.092911
v 0.019225 -0.025671 0.064594
v 0.045255 -0.025662 -0.000657
v 0.060063 0.000021 -0.001158
v 0.017692 -0.025672 -0.064812
v 0.027535 0.000010 -0.075446
v -0.021546 -0.000007 -0.096849
v -0.110751 -0.025716 0.078120
v -0.023733 -0.025686 0.052040
v -0.152593 -0.025731 0.057515
v -0.164524 -0.000057 0.066882
v -0.187902 -0.000065 -0.011373
v -0.173168 -0.025738 -0.009655
v -0.149374 -0.000052 -0.082734
v -0.129149 -0.025723 0.038525
v -0.108749 -0.025716 0.048537
v -0.021755 -0.025685 -0.082025
v -0.002436 -0.025679 -0.043743
v -0.099692 -0.025712 -0.085236
v -0.098699 -0.000034 -0.100027
v -0.140422 -0.025727 -0.071326
v -0.143672 -0.025728 -0.006640
v -0.101695 -0.025713 -0.055653
v -0.117638 -0.000041 0.028904
v -0.107756 -0.000037 0.033746
v -0.023523 -0.000008 0.037216
v -0.128912 -0.000045 -0.005343
v -0.122094 -0.025720 -0.048673
v -0.112720 -0.000039 -0.037431
v -0.102705 -0.000036 -0.040862
v -0.022193 -0.025686 -0.052378
v -0.022420 -0.000008 -0.037555
v -0.012721 -0.000004 -0.033311
v -0.002578 -0.025679 0.043739
v -0.013276 -0.000005 0.033203
v 0.000777 0.000000 -0.000000
v 0.015611 -0.025673 -0.000078
v -0.284474 -0.000098 0.011820
v -0.273709 -0.000095 0.009540
v -0.287127 0.025579 0.026408
v -0.367002 -0.000127 -0.005400
v -0.264898 0.025586 0.021685
v -0.239778 0.025595 -0.018562
v -0.254407 -0.000088 -0.020913
v -0.250430 0.025591 -0.064593
v -0.262267 -0.000091 -0.055985
v -0.271140 -0.000094 -0.061760
v -0.370421 0.025550 0.009028
v -0.292414 0.025577 0.055583
v -0.388906 0.025544 -0.004191
v -0.375957 -0.000130 -0.011795
v -0.381470 -0.000132 -0.047426
v -0.395835 0.025541 -0.051124
v -0.360240 -0.000125 -0.076428
v -0.415144 0.025534 0.010703
v -0.377242 0.025548 0.037883
v -0.268505 0.025585 -0.076348
v -0.227122 0.025599 -0.082080
v -0.346397 0.025558 -0.092600
v -0.349798 -0.000121 -0.078173
v -0.367664 0.025551 -0.089055
v -0.424439 0.025531 -0.058930
v -0.339575 0.025561 -0.121456
v -0.428431 -0.000148 0.017990
v -0.380644 -0.000132 0.052310
v -0.295049 -0.000102 0.070171
v -0.438675 -0.000152 -0.063037
v -0.382034 0.025546 -0.114404
v -0.388979 -0.000134 -0.127123
v -0.336156 -0.000116 -0.135883
v -0.263218 0.025587 -0.105523
v -0.260565 -0.000090 -0.120110
v -0.215653 -0.000075 -0.090957
v -0.246806 0.025593 0.045829
v -0.237525 -0.000082 0.057824
v -0.195732 -0.000068 -0.012345
v -0.210440 0.025605 -0.014277
v -0.869209 -0.096991 -0.265049
v -0.848298 -0.065001 -0.220714
v -0.825668 -0.075476 -0.236811
v -0.799120 -0.000276 -0.220569
v -0.825190 -0.000285 -0.206318
v -0.825719 0.074905 -0.236811
v -0.883541 -0.082171 -0.243740
v -0.866223 -0.044041 -0.232252
v -0.951731 -0.082194 -0.292252
v -0.936293 -0.097014 -0.312775
v -0.977258 -0.075528 -0.344656
v -0.848342 0.064414 -0.220714
v -0.850763 -0.000294 -0.222267
v -0.883598 0.081560 -0.243740
v -0.869276 0.096390 -0.265049
v -0.936360 0.096366 -0.312775
v -0.883552 -0.052520 -0.243740
v -0.951742 -0.052544 -0.292252
v -0.985048 -0.065048 -0.318002
v -0.860937 -0.033556 -0.259511
v -0.869230 -0.037690 -0.265049
v -0.936314 -0.037713 -0.312775
v -0.849434 -0.000294 -0.251949
v -0.968281 -0.044076 -0.304858
v -0.944267 -0.033585 -0.318795
v -0.955199 -0.000330 -0.327193
v -0.866253 0.043442 -0.232252
v -0.860960 0.032961 -0.259511
v -0.869255 0.037089 -0.265049
v -0.982803 -0.000340 -0.316204
v -0.944290 0.032932 -0.318794
v -0.883588 0.051909 -0.243740
v -1.006256 -0.000348 -0.335133
v -1.001341 -0.000346 -0.364435
v -0.968311 0.043407 -0.304858
v -0.985093 0.064367 -0.318003
v -0.977310 0.074852 -0.344656
v -0.951788 0.081536 -0.292252
v -0.951778 0.051886 -0.292252
v -0.936340 0.037066 -0.312775
v -0.854933 0.051919 -0.286359
v -0.838161 0.043452 -0.275243
v -0.823172 -0.000285 -0.265582
v -0.838130 -0.044031 -0.275243
v -0.920912 0.051896 -0.333297
v -0.854943 0.081569 -0.286359
v -0.936909 0.043417 -0.345495
v -0.950930 -0.000329 -0.356473
v -0.953147 0.064378 -0.358213
v -0.920922 0.081547 -0.333297
v -0.854897 -0.052510 -0.286359
v -0.920875 -0.052533 -0.333297
v -0.936878 -0.044065 -0.345495
v -0.973622 -0.000337 -0.374788
v -0.920865 -0.082183 -0.333297
v -0.820786 -0.064991 -0.264079
v -0.953102 -0.065037 -0.358213
v -0.820831 0.064424 -0.264080
v -0.854887 -0.082161 -0.286359
v -0.798429 -0.000276 -0.250150
v -0.914543 -0.000316 -0.418278
v -0.888963 -0.000307 -0.371239
v -0.923830 0.025359 -0.406716
v -0.973469 -0.000337 -0.468183
v -0.903278 0.025366 -0.368900
v -0.920941 0.025360 -0.301346
v -0.908933 -0.000314 -0.292639
v -0.981565 0.025339 -0.265850
v -0.979125 -0.000339 -0.250885
v -1.035577 -0.000358 -0.267458
v -0.983354 0.025338 -0.457127
v -0.942388 0.025352 -0.383591
v -1.024038 0.025324 -0.471172
v -1.024078 -0.000354 -0.485668
v -1.098317 -0.000380 -0.453029
v -1.087762 0.025302 -0.442627
v -1.127944 -0.000390 -0.376919
v -1.023492 0.025324 -0.442038
v -1.003107 0.025331 -0.435015
v -1.026306 0.025323 -0.279020
v -1.092433 0.025300 -0.335023
v -1.102301 -0.000381 -0.323967
v -1.112791 0.025293 -0.376985
v -1.066340 0.025309 -0.422127
v -1.072680 0.025307 -0.357135
v -0.985958 0.025337 -0.295699
v -1.022986 -0.000354 -0.427404
v -1.012976 -0.000350 -0.423959
v -0.951658 -0.000329 -0.372029
v -1.055475 -0.000365 -0.412032
v -1.082626 0.025304 -0.377568
v -1.067617 -0.000369 -0.378083
v -1.062794 -0.000367 -0.368192
v -0.932104 0.025356 -0.364641
v -0.946612 -0.000327 -0.362722
v -0.956425 -0.000331 -0.328146
v -1.007748 0.025330 -0.302145
v -0.998461 -0.000345 -0.313708
v -0.987911 -0.000342 -0.310580
v -0.944688 0.025351 -0.319100
v -0.232823 -0.037470 -0.017498
v -0.257197 -0.043830 0.004649
v -0.242680 -0.033342 -0.019020
v -0.256290 -0.000089 -0.021226
v -0.275367 -0.000095 0.001552
v -0.242704 0.033174 -0.019020
v -0.236655 -0.052296 0.007892
v -0.278195 -0.064804 0.001046
v -0.153608 -0.052268 0.018208
v -0.151122 -0.037442 -0.007348
v -0.141194 -0.033307 -0.006413
v -0.257228 0.043652 0.004649
v -0.304995 -0.000105 -0.003971
v -0.236691 0.052133 0.007892
v -0.232849 0.037309 -0.017498
v -0.151148 0.037337 -0.007348
v -0.153598 -0.081918 0.018208
v -0.132903 -0.043787 0.020090
v -0.236645 -0.081947 0.007892
v -0.283993 -0.075289 -0.026109
v -0.232802 -0.096771 -0.017498
v -0.151101 -0.096742 -0.007348
v -0.314583 -0.000109 -0.032092
v -0.111648 -0.064746 0.021736
v -0.099374 -0.075225 -0.003174
v -0.068301 -0.000024 -0.001498
v -0.278239 0.064611 0.001046
v -0.284045 0.075092 -0.026109
v -0.232869 0.096610 -0.017498
v -0.084478 -0.000029 0.023423
v -0.099426 0.075156 -0.003174
v -0.236702 0.081783 0.007892
v -0.114557 -0.000040 0.021529
v -0.127481 -0.000044 -0.005225
v -0.111693 0.064669 0.021736
v -0.132933 0.043695 0.020090
v -0.141217 0.033210 -0.006413
v -0.153644 0.052162 0.018208
v -0.153654 0.081812 0.018208
v -0.151168 0.096638 -0.007348
v -1.071765 -0.037760 -0.427266
v -1.064506 -0.033626 -0.420428
v -1.089425 -0.052591 -0.408630
v -1.129997 -0.037780 -0.485465
v -1.074244 -0.044113 -0.394425
v -1.060656 -0.000367 -0.382010
v -1.054418 -0.000365 -0.411059
v -1.074274 0.043370 -0.394425
v -1.064529 0.032890 -0.420428
v -1.071791 0.037019 -0.427266
v -1.148617 -0.052612 -0.467788
v -1.089415 -0.082242 -0.408630
v -1.162834 -0.044143 -0.482964
v -1.136840 -0.033651 -0.492720
v -1.146227 -0.000396 -0.502815
v -1.175272 -0.000406 -0.496560
v -1.136863 0.032865 -0.492720
v -1.177188 -0.065114 -0.498711
v -1.148607 -0.082262 -0.467788
v -1.089461 0.051838 -0.408630
v -1.058527 0.064341 -0.380073
v -1.148653 0.051818 -0.467788
v -1.130022 0.036999 -0.485464
v -1.162865 0.043339 -0.482964
v -1.195258 -0.000413 -0.519120
v -1.148663 0.081468 -0.467788
v -1.165081 -0.075593 -0.523702
v -1.129976 -0.097081 -0.485465
v -1.071745 -0.097061 -0.427266
v -1.185547 -0.000410 -0.547199
v -1.177232 0.064300 -0.498711
v -1.165133 0.074788 -0.523702
v -1.130043 0.096300 -0.485464
v -1.089472 0.081488 -0.408630
v -1.071811 0.096320 -0.427266
v -1.033546 0.074833 -0.392191
v -1.058482 -0.065073 -0.380073
v -1.033494 -0.075548 -0.392191
v -1.010011 -0.000349 -0.371763
v -1.038085 -0.000359 -0.362037
v -1.242505 0.036960 -0.618087
v -1.250335 0.043309 -0.586095
v -1.236462 0.032831 -0.610152
v -1.228022 -0.000425 -0.599255
v -1.238933 -0.000428 -0.571620
v -1.236439 -0.033686 -0.610152
v -1.262990 0.051778 -0.602596
v -1.237151 0.064280 -0.569357
v -1.311692 0.051761 -0.670650
v -1.290418 0.036943 -0.685037
v -1.295978 0.032810 -0.693316
v -1.250304 -0.044174 -0.586096
v -1.219939 -0.000422 -0.548220
v -1.262954 -0.052651 -0.602597
v -1.242480 -0.037819 -0.618087
v -1.290392 -0.037836 -0.685037
v -1.263000 0.081428 -0.602596
v -1.311703 0.081412 -0.670651
v -1.323226 0.043284 -0.687950
v -1.210523 0.074772 -0.577219
v -1.242526 0.096261 -0.618087
v -1.290439 0.096244 -0.685037
v -1.190651 -0.000412 -0.553217
v -1.334821 0.064246 -0.705836
v -1.318791 0.074734 -0.728507
v -1.335081 -0.000462 -0.755036
v -1.237106 -0.065135 -0.569357
v -1.210471 -0.075609 -0.577219
v -1.242459 -0.097120 -0.618087
v -1.349259 -0.000466 -0.728925
v -1.318739 -0.075646 -0.728507
v -1.262944 -0.082302 -0.602596
v -1.333239 -0.000461 -0.703397
v -1.303561 -0.000451 -0.704810
v -1.334776 -0.065169 -0.705836
v -1.323196 -0.044199 -0.687950
v -1.295955 -0.033706 -0.693316
v -1.311656 -0.052668 -0.670651
v -1.311646 -0.082318 -0.670651
v -1.290372 -0.097136 -0.685037
v 1.214200 -0.096270 -0.581766
v 1.260144 -0.064272 -0.598839
v 1.246035 -0.074760 -0.622754
v 1.264453 0.000437 -0.647849
v 1.276434 0.000441 -0.620660
v 1.245983 0.075621 -0.622754
v 1.234207 -0.081438 -0.565677
v 1.247116 -0.043310 -0.581968
v 1.180067 -0.081457 -0.501863
v 1.160938 -0.096289 -0.518987
v 1.125679 -0.074801 -0.480892
v 1.260099 0.065143 -0.598839
v 1.258366 0.000435 -0.596537
v 1.234151 0.082292 -0.565677
v 1.214133 0.097110 -0.581766
v 1.160871 0.097092 -0.518987
v 1.234197 -0.051788 -0.565677
v 1.180057 -0.051807 -0.501863
v 1.151569 -0.064309 -0.470865
v 1.220402 -0.032836 -0.589559
v 1.214179 -0.036970 -0.581766
v 1.160917 -0.036988 -0.518987
v 1.228905 0.000425 -0.600388
v 1.166086 -0.043338 -0.486460
v 1.154241 -0.032859 -0.511577
v 1.144932 0.000396 -0.501411
v 1.247085 0.044173 -0.581968
v 1.220379 0.033680 -0.589559
v 1.214153 0.037809 -0.581766
v 1.153532 0.000399 -0.472971
v 1.154218 0.033657 -0.511577
v 1.234161 0.052641 -0.565677
v 1.132676 0.000392 -0.451215
v 1.103898 0.000382 -0.458605
v 1.166056 0.044145 -0.486460
v 1.151524 0.065105 -0.470864
v 1.125627 0.075580 -0.480892
v 1.180011 0.082273 -0.501863
v 1.180021 0.052623 -0.501863
v 1.160891 0.037791 -0.518987
v 1.194136 0.052628 -0.597855
v 1.206641 0.044159 -0.613617
v 1.217556 0.000421 -0.627715
v 1.206671 -0.043324 -0.613618
v 1.141752 0.052609 -0.536111
v 1.194125 0.082278 -0.597855
v 1.128240 0.044131 -0.521207
v 1.116122 0.000386 -0.508156
v 1.114179 0.065093 -0.506117
v 1.141741 0.082260 -0.536111
v 1.194172 -0.051802 -0.597855
v 1.141788 -0.051820 -0.536111
v 1.128270 -0.043351 -0.521207
v 1.095942 0.000379 -0.487105
v 1.141798 -0.081470 -0.536111
v 1.219277 -0.064286 -0.629942
v 1.114224 -0.064322 -0.506117
v 1.219232 0.065129 -0.629942
v 1.194182 -0.081452 -0.597855
v 1.235038 0.000427 -0.651055
v -0.494134 -0.000171 -0.182777
v -0.454646 -0.000157 -0.146616
v -0.499157 0.025505 -0.168825
v -0.566088 -0.000196 -0.210801
v -0.467422 0.025516 -0.139751
v -0.462151 0.025518 -0.070125
v -0.447964 -0.000155 -0.065794
v -0.507933 0.025502 -0.016840
v -0.500757 -0.000173 -0.003479
v -0.559530 -0.000193 -0.000790
v -0.571841 0.025480 -0.197134
v -0.509184 0.025502 -0.140922
v -0.614881 0.025465 -0.197182
v -0.619633 -0.000214 -0.210874
v -0.679218 -0.000235 -0.155862
v -0.665855 0.025448 -0.149462
v -0.682478 -0.000236 -0.074255
v -0.604889 0.025469 -0.169810
v -0.583328 0.025476 -0.169799
v -0.554525 0.025486 -0.014742
v -0.635272 0.025458 -0.046190
v -0.641007 -0.000222 -0.032523
v -0.668172 0.025447 -0.079249
v -0.638930 0.025457 -0.137045
v -0.623785 0.025462 -0.073525
v -0.521795 0.025498 -0.043637
v -0.599649 -0.000207 -0.156133
v -0.589062 -0.000204 -0.156132
v -0.514188 -0.000178 -0.126970
v -0.625371 -0.000216 -0.131029
v -0.639837 0.025457 -0.089611
v -0.625811 -0.000216 -0.094977
v -0.618033 -0.000214 -0.087192
v -0.493295 0.025507 -0.126347
v -0.506389 -0.000175 -0.119811
v -0.504422 -0.000174 -0.083923
v -0.544499 0.025490 -0.042645
v -0.539476 -0.000187 -0.056597
v -0.528482 -0.000183 -0.057071
v -0.490381 0.025508 -0.079189
v -1.391138 -0.000481 -0.777091
v -1.406859 0.025192 -0.792389
v -1.392493 -0.000481 -0.788012
v -1.369999 -0.000474 -0.816190
v -1.377004 0.025202 -0.829260
v -1.334280 -0.000461 -0.820196
v -1.404075 0.025193 -0.769835
v -1.435582 0.025182 -0.801619
v -1.360483 0.025208 -0.696762
v -1.347948 -0.000466 -0.704691
v -1.338982 -0.000463 -0.698311
v -1.330015 0.025218 -0.834201
v -1.390621 0.025197 -0.855598
v -1.313009 0.025224 -0.820948
v -1.325928 -0.000458 -0.813691
v -1.284762 -0.000444 -0.744684
v -1.385537 0.025199 -0.680904
v -1.341959 0.025214 -0.683598
v -1.429931 0.025184 -0.755323
v -1.449937 -0.000501 -0.806473
v -1.442850 -0.000499 -0.748067
v -1.398054 -0.000483 -0.672975
v -1.397232 -0.000483 -0.868863
v -1.347483 0.025212 -0.653937
v -1.350027 -0.000467 -0.638992
v -1.270089 -0.000439 -0.655730
v -1.321084 0.025221 -0.861938
v -1.316421 -0.000455 -0.875666
v -1.274216 -0.000441 -0.842716
v -1.278625 0.025236 -0.667857
v -1.225711 -0.000424 -0.723608
v -1.287153 0.025233 -0.835460
v -1.295332 0.025230 -0.692352
v -1.303501 -0.000451 -0.704718
v -1.240011 0.025249 -0.726034
v -1.268661 0.025239 -0.731352
v -1.283007 -0.000444 -0.734245
v -1.272244 0.025238 -0.752613
v -1.247191 0.025247 -0.768471
v -1.234655 -0.000427 -0.776400
v 1.138298 0.000394 -0.357094
v 1.083402 0.000375 -0.335929
v 1.128090 0.026068 -0.367853
v 1.200144 0.000415 -0.418905
v 1.084584 0.026053 -0.351044
v 1.021243 0.026031 -0.381428
v 1.010011 0.000349 -0.371763
v 0.998079 0.026023 -0.447299
v 0.983638 0.000340 -0.448452
v 1.005258 0.000348 -0.497438
v 1.189381 0.026089 -0.429110
v 1.107691 0.026061 -0.389372
v 1.206215 0.026095 -0.472606
v 1.221340 0.000422 -0.473788
v 1.185547 0.000410 -0.547199
v 1.175867 0.026085 -0.535964
v 1.108873 0.000383 -0.573616
v 1.176105 0.026085 -0.470703
v 1.167874 0.026082 -0.449521
v 1.015448 0.026029 -0.486679
v 1.070620 0.026048 -0.541819
v 1.059876 0.000366 -0.552024
v 1.110009 0.026062 -0.559165
v 1.156206 0.026078 -0.513770
v 1.092127 0.026056 -0.521408
v 1.027158 0.026033 -0.445428
v 1.161122 0.000401 -0.469981
v 1.157130 0.000400 -0.459726
v 1.097501 0.000379 -0.400131
v 1.146226 0.000396 -0.502815
v 1.111864 0.026062 -0.530086
v 1.112582 0.000385 -0.515460
v 1.102889 0.000381 -0.511203
v 1.086504 0.026054 -0.381153
v 1.087244 0.000376 -0.396145
v 1.054418 0.000365 -0.411059
v 1.035847 0.026036 -0.465160
v 1.046055 0.000362 -0.454401
v 1.041792 0.000360 -0.444711
v 1.043448 0.026039 -0.401077
v 1.110027 -0.025294 -0.559165
v 1.175885 -0.025271 -0.535964
v 1.070638 -0.025308 -0.541819
v 1.111882 -0.025294 -0.530086
v 1.015466 -0.025327 -0.486679
v 1.206233 -0.025261 -0.472606
v 1.156223 -0.025278 -0.513770
v 1.189399 -0.025267 -0.429110
v 1.035864 -0.025320 -0.465160
v 0.998097 -0.025333 -0.447299
v 1.092145 -0.025300 -0.521408
v 1.027175 -0.025323 -0.445428
v 1.176123 -0.025271 -0.470703
v 1.043466 -0.025317 -0.401077
v 1.167892 -0.025274 -0.449521
v 1.021261 -0.025325 -0.381428
v 1.086522 -0.025302 -0.381153
v 1.084602 -0.025303 -0.351044
v 1.128107 -0.025288 -0.367853
v 1.107709 -0.025295 -0.389372
v 0.493567 0.000171 -0.040884
v 0.501965 0.000174 -0.047995
v 0.498145 0.025850 -0.026786
v 0.412737 0.000143 -0.016928
v 0.515479 0.025856 -0.041481
v 0.518520 0.025857 -0.088826
v 0.504526 0.000174 -0.083958
v 0.487322 0.025846 -0.124309
v 0.480981 0.000166 -0.111115
v 0.470431 0.000163 -0.111994
v 0.416564 0.025822 -0.002608
v 0.507318 0.025853 0.001410
v 0.394022 0.025814 -0.005485
v 0.401821 0.000139 -0.018314
v 0.380077 0.000131 -0.047075
v 0.365674 0.025804 -0.043527
v 0.385023 0.000133 -0.082675
v 0.377979 0.025809 0.020067
v 0.424236 0.025825 0.026033
v 0.465835 0.025839 -0.126091
v 0.389546 0.025813 -0.103481
v 0.393390 0.000136 -0.089161
v 0.372500 0.025807 -0.090279
v 0.336788 0.025794 -0.036841
v 0.381875 0.025810 -0.132122
v 0.499556 0.025851 -0.150755
v 0.369735 0.000128 0.032785
v 0.428080 0.000148 0.040354
v 0.511914 0.000177 0.015507
v 0.322307 0.000111 -0.033705
v 0.347832 0.025798 -0.105788
v 0.335688 0.000116 -0.113691
v 0.378048 0.000131 -0.146442
v 0.542854 0.025866 -0.028798
v 0.556713 0.000192 -0.022630
v 0.560252 0.000194 -0.104226
v 0.456661 0.025836 -0.154287
v 0.452084 0.000156 -0.168385
v 0.505448 0.000175 -0.164003
v 0.546384 0.025867 -0.098961
v 1.037872 0.037748 -0.396075
v 1.070392 0.044111 -0.390880
v 1.045290 0.033620 -0.402743
v 1.055475 0.000365 -0.412032
v 1.083907 0.000375 -0.403407
v 1.045313 -0.032897 -0.402743
v 1.054974 0.052579 -0.376926
v 1.085993 0.065083 -0.405390
v 0.991113 0.052557 -0.322841
v 0.975046 0.037727 -0.342868
v 0.967250 0.033593 -0.336651
v 1.070422 -0.043371 -0.390880
v 1.105682 0.000382 -0.424245
v 1.055010 -0.051850 -0.376926
v 1.037898 -0.037031 -0.396075
v 0.975072 -0.037052 -0.342868
v 1.054964 0.082230 -0.376926
v 0.991103 0.082208 -0.322841
v 0.974814 0.044078 -0.309934
v 1.075985 0.075562 -0.431294
v 1.037852 0.097049 -0.396075
v 0.975026 0.097027 -0.342868
v 1.098317 0.000380 -0.453028
v 0.957924 0.065039 -0.296928
v 0.934018 0.075513 -0.311062
v 0.908933 0.000314 -0.292639
v 1.086038 -0.064332 -0.405391
v 1.076037 -0.074818 -0.431294
v 1.037918 -0.096331 -0.396075
v 0.936111 0.000324 -0.280635
v 0.934070 -0.074867 -0.311062
v 1.055020 -0.081500 -0.376926
v 0.960249 0.000332 -0.298681
v 0.956424 0.000331 -0.328145
v 0.957968 -0.064376 -0.296928
v 0.974844 -0.043404 -0.309934
v 0.967273 -0.032924 -0.336651
v 0.991149 -0.051872 -0.322841
v 0.991159 -0.081522 -0.322841
v 0.975093 -0.096353 -0.342868
v 1.259435 0.000435 -0.705986
v 1.265196 0.026115 -0.726086
v 1.268300 0.000438 -0.711774
v 1.303561 0.000451 -0.704810
v 1.311611 0.026131 -0.717254
v 1.323634 0.000458 -0.674859
v 1.247147 0.026109 -0.714293
v 1.258603 0.026113 -0.754469
v 1.200840 0.026093 -0.649586
v 1.212673 0.000419 -0.640642
v 1.210055 0.000418 -0.630385
v 1.338296 0.026141 -0.678027
v 1.327372 0.026137 -0.742368
v 1.333646 0.026139 -0.655783
v 1.321375 0.000457 -0.664089
v 1.272313 0.000440 -0.595532
v 1.222587 0.026101 -0.730905
v 1.177192 0.026085 -0.667472
v 1.195500 0.026091 -0.628697
v 1.255116 0.000434 -0.768537
v 1.210316 0.000418 -0.739211
v 1.165377 0.000403 -0.676416
v 1.335081 0.000462 -0.755036
v 1.166508 0.026081 -0.625780
v 1.152073 0.000398 -0.624550
v 1.190651 0.000412 -0.553217
v 1.367688 0.026151 -0.684836
v 1.382415 0.000478 -0.688478
v 1.370494 0.000474 -0.630864
v 1.200149 0.026093 -0.564593
v 1.268921 0.000439 -0.529888
v 1.358206 0.026148 -0.639171
v 1.218835 0.026099 -0.587613
v 1.228022 0.000425 -0.599256
v 1.267611 0.026116 -0.544994
v 1.264573 0.026115 -0.575011
v 1.262847 0.000437 -0.589920
v 1.284128 0.026122 -0.586589
v 1.307775 0.026130 -0.568702
v 1.319608 0.000456 -0.559759
v 0.675068 0.000233 -0.261978
v 0.728424 0.000252 -0.266459
v 0.681908 0.025914 -0.248830
v 0.605665 0.000209 -0.228125
v 0.724798 0.025929 -0.252421
v 0.779528 0.025947 -0.209060
v 0.792337 0.000274 -0.216539
v 0.787617 0.025950 -0.139276
v 0.802304 0.000277 -0.135477
v 0.764409 0.000264 -0.090473
v 0.611801 0.025890 -0.214634
v 0.695607 0.025918 -0.222534
v 0.582568 0.025879 -0.183045
v 0.569287 0.000197 -0.188836
v 0.569282 0.000197 -0.107739
v 0.583047 0.025880 -0.113222
v 0.627027 0.000217 -0.049981
v 0.609456 0.025889 -0.171817
v 0.624091 0.025894 -0.187650
v 0.757551 0.025940 -0.103621
v 0.679667 0.025913 -0.065631
v 0.685821 0.000237 -0.052140
v 0.633060 0.025897 -0.063887
v 0.610435 0.025889 -0.124580
v 0.667377 0.025909 -0.092615
v 0.758525 0.025940 -0.147270
v 0.623062 0.000215 -0.166382
v 0.630245 0.000218 -0.174159
v 0.702465 0.000243 -0.209386
v 0.624056 0.000216 -0.130453
v 0.644669 0.025901 -0.091734
v 0.650245 0.000225 -0.105673
v 0.661241 0.000229 -0.106106
v 0.717093 0.025926 -0.224320
v 0.713015 0.000247 -0.210259
v 0.740717 0.000256 -0.187358
v 0.743852 0.025935 -0.129917
v 0.737012 0.000255 -0.143066
v 0.744123 0.000257 -0.151464
v 0.753716 0.025939 -0.194468
v -0.882196 -0.000305 -0.158117
v -0.916273 -0.000317 -0.206078
v -0.874301 0.025376 -0.170659
v -0.807017 -0.000279 -0.113467
v -0.901341 0.025366 -0.208660
v -0.887555 0.025371 -0.277546
v -0.899690 -0.000311 -0.286050
v -0.829453 0.025391 -0.316272
v -0.831898 -0.000288 -0.330559
v -0.779089 -0.000269 -0.321717
v -0.799796 0.025401 -0.126409
v -0.858492 0.025381 -0.195744
v -0.753488 0.025417 -0.120848
v -0.748598 -0.000259 -0.106494
v -0.686310 -0.000237 -0.159320
v -0.699597 0.025436 -0.165914
v -0.679664 -0.000235 -0.240144
v -0.762774 0.025414 -0.149554
v -0.785334 0.025406 -0.152294
v -0.787002 0.025406 -0.309175
v -0.719936 0.025429 -0.269343
v -0.712696 -0.000246 -0.282285
v -0.693393 0.025438 -0.235463
v -0.725961 0.025427 -0.179480
v -0.734398 0.025424 -0.243459
v -0.824079 0.025393 -0.287633
v -0.767171 -0.000265 -0.163902
v -0.778093 -0.000269 -0.165236
v -0.850578 -0.000294 -0.208285
v -0.739037 -0.000256 -0.186451
v -0.721111 0.025429 -0.226479
v -0.735099 -0.000254 -0.222177
v -0.741620 -0.000256 -0.230517
v -0.871692 0.025377 -0.214242
v -0.856976 -0.000296 -0.217239
v -0.850637 -0.000294 -0.252733
v -0.802811 0.025400 -0.284091
v -0.810707 -0.000280 -0.271548
v -0.821150 -0.000284 -0.273284
v -0.863027 0.025380 -0.260886
v -0.693375 -0.025918 -0.235463
v -0.699579 -0.025920 -0.165914
v -0.719919 -0.025927 -0.269343
v -0.721094 -0.025927 -0.226479
v -0.786984 -0.025950 -0.309175
v -0.753471 -0.025938 -0.120848
v -0.725944 -0.025929 -0.179480
v -0.799778 -0.025954 -0.126409
v -0.802794 -0.025956 -0.284091
v -0.829435 -0.025965 -0.316272
v -0.734381 -0.025932 -0.243459
v -0.824062 -0.025963 -0.287633
v -0.762757 -0.025942 -0.149554
v -0.863010 -0.025976 -0.260886
v -0.785316 -0.025949 -0.152294
v -0.887537 -0.025985 -0.277546
v -0.871674 -0.025979 -0.214242
v -0.901323 -0.025990 -0.208660
v -0.874283 -0.025980 -0.170659
v -0.858474 -0.025975 -0.195744
v 0.667395 -0.025447 -0.092615
v 0.644687 -0.025455 -0.091734
v 0.610453 -0.025467 -0.124580
v 0.609474 -0.025467 -0.171817
v 0.743870 -0.025421 -0.129917
v 0.679685 -0.025443 -0.065631
v 0.758543 -0.025416 -0.147270
v 0.753734 -0.025417 -0.194468
v 0.787635 -0.025406 -0.139276
v 0.757569 -0.025416 -0.103621
v 0.624109 -0.025462 -0.187650
v 0.582586 -0.025477 -0.183045
v 0.695624 -0.025437 -0.222534
v 0.717111 -0.025430 -0.224320
v 0.779545 -0.025408 -0.209060
v 0.681926 -0.025442 -0.248830
v 0.724815 -0.025427 -0.252421
v 0.611819 -0.025466 -0.214634
v 0.633078 -0.025459 -0.063887
v 0.583064 -0.025476 -0.113222
v 1.177210 -0.025271 -0.667472
v 1.166526 -0.025275 -0.625780
v 1.200167 -0.025263 -0.564593
v 1.267629 -0.025240 -0.544994
v 1.222605 -0.025255 -0.730905
v 1.200858 -0.025263 -0.649586
v 1.258621 -0.025243 -0.754469
v 1.327390 -0.025219 -0.742368
v 1.265214 -0.025241 -0.726086
v 1.247165 -0.025247 -0.714293
v 1.307793 -0.025226 -0.568702
v 1.358224 -0.025208 -0.639171
v 1.367706 -0.025205 -0.684836
v 1.311629 -0.025225 -0.717254
v 1.333664 -0.025217 -0.655783
v 1.264591 -0.025241 -0.575011
v 1.338314 -0.025215 -0.678027
v 1.195518 -0.025265 -0.628697
v 1.284145 -0.025234 -0.586589
v 1.218853 -0.025257 -0.587613
v 0.958960 0.082197 -0.362895
v 0.926857 0.065028 -0.337822
v 0.905753 0.000313 -0.322057
v 0.926902 -0.064387 -0.337822
v 1.020750 0.082218 -0.415225
v 0.958970 0.052546 -0.362895
v 1.050773 0.065071 -0.442767
v 1.069824 0.000370 -0.461009
v 1.035678 0.044099 -0.428726
v 1.020760 0.052568 -0.415225
v 0.959016 -0.081533 -0.362895
v 1.020806 -0.081512 -0.415225
v 1.050818 -0.064344 -0.442767
v 1.048755 0.000363 -0.440848
v 1.020796 -0.051862 -0.415225
v 0.943230 -0.043415 -0.350406
v 1.035709 -0.043383 -0.428726
v 0.943199 0.044067 -0.350406
v 0.959006 -0.051883 -0.362895
v 0.929108 0.000321 -0.339518
v 0.377997 -0.025547 0.020067
v 0.336805 -0.025562 -0.036841
v 0.424253 -0.025531 0.026033
v 0.394040 -0.025542 -0.005485
v 0.507336 -0.025503 0.001410
v 0.347849 -0.025558 -0.105788
v 0.365692 -0.025552 -0.043527
v 0.381892 -0.025546 -0.132122
v 0.416582 -0.025534 -0.002608
v 0.498162 -0.025506 -0.026786
v 0.542871 -0.025490 -0.028798
v 0.515496 -0.025500 -0.041481
v 0.372518 -0.025549 -0.090279
v 0.518538 -0.025499 -0.088826
v 0.389564 -0.025543 -0.103481
v 0.546402 -0.025489 -0.098961
v 0.487340 -0.025509 -0.124309
v 0.499574 -0.025505 -0.150755
v 0.456679 -0.025520 -0.154287
v 0.465853 -0.025517 -0.126091
v -1.239994 -0.026107 -0.726034
v -1.278607 -0.026120 -0.667857
v -1.247173 -0.026109 -0.768471
v -1.268643 -0.026117 -0.731352
v -1.287135 -0.026123 -0.835460
v -1.347466 -0.026144 -0.653937
v -1.295314 -0.026126 -0.692352
v -1.385519 -0.026157 -0.680904
v -1.272227 -0.026118 -0.752613
v -1.312991 -0.026132 -0.820948
v -1.321066 -0.026135 -0.861937
v -1.329997 -0.026138 -0.834201
v -1.341942 -0.026142 -0.683598
v -1.376986 -0.026154 -0.829260
v -1.360466 -0.026148 -0.696762
v -1.390603 -0.026159 -0.855598
v -1.406841 -0.026164 -0.792389
v -1.435565 -0.026174 -0.801619
v -1.429914 -0.026172 -0.755323
v -1.404057 -0.026163 -0.769835
v -0.521778 -0.025858 -0.043637
v -0.490364 -0.025848 -0.079189
v -0.544481 -0.025866 -0.042645
v -0.507915 -0.025854 -0.016840
v -0.623768 -0.025894 -0.073525
v -0.493277 -0.025849 -0.126347
v -0.462133 -0.025838 -0.070125
v -0.509166 -0.025854 -0.140922
v -0.635255 -0.025898 -0.046190
v -0.639819 -0.025899 -0.089611
v -0.554508 -0.025870 -0.014742
v -0.668154 -0.025909 -0.079249
v -0.467405 -0.025840 -0.139751
v -0.665837 -0.025908 -0.149462
v -0.499139 -0.025851 -0.168825
v -0.638912 -0.025899 -0.137045
v -0.614863 -0.025891 -0.197182
v -0.604871 -0.025887 -0.169810
v -0.583310 -0.025880 -0.169799
v -0.571823 -0.025876 -0.197134
v -1.269164 0.081426 -0.699424
v -1.291532 0.064261 -0.733468
v -1.305502 -0.000451 -0.755809
v -1.291488 -0.065154 -0.733468
v -1.222041 0.081443 -0.633577
v -1.269154 0.051776 -0.699424
v -1.197030 0.064294 -0.601416
v -1.180376 -0.000408 -0.580964
v -1.209786 0.043323 -0.617611
v -1.222031 0.051792 -0.633577
v -1.269108 -0.082304 -0.699424
v -1.221985 -0.082287 -0.633577
v -1.196985 -0.065121 -0.601416
v -1.198754 -0.000414 -0.603605
v -1.221995 -0.052637 -0.633577
v -1.280283 -0.044184 -0.716162
v -1.209756 -0.044160 -0.617611
v -1.280313 0.043299 -0.716162
v -1.269118 -0.052653 -0.699424
v -1.290001 -0.000446 -0.731109
v -1.111412 0.081481 -0.503141
v -1.139055 0.064314 -0.533060
v -1.156495 -0.000400 -0.552808
v -1.139010 -0.065101 -0.533060
v -1.054140 0.081501 -0.445901
v -1.111402 0.051830 -0.503141
v -1.024199 0.064353 -0.418270
v -1.004420 -0.000347 -0.400819
v -1.039436 0.043382 -0.432156
v -1.054130 0.051850 -0.445901
v -1.111356 -0.082249 -0.503141
v -1.125122 -0.044130 -0.517825
v -1.054084 -0.082229 -0.445901
v -1.024154 -0.065061 -0.418270
v -1.026258 -0.000355 -0.420144
v -1.054094 -0.052579 -0.445901
v -1.039405 -0.044101 -0.432156
v -1.111366 -0.052599 -0.503141
v -1.125153 0.043352 -0.517825
v -1.137157 -0.000393 -0.530980
v -0.108071 0.064670 -0.029492
v -0.081739 -0.000028 -0.027860
v -0.148672 0.081814 -0.032905
v -0.128623 0.043697 -0.031085
v -0.229026 0.081786 -0.042887
v -0.108026 -0.064745 -0.029492
v -0.110842 -0.000038 -0.029693
v -0.148616 -0.081916 -0.032905
v -0.148662 0.052163 -0.032905
v -0.229016 0.052135 -0.042887
v -0.269217 0.064614 -0.049511
v -0.248886 0.043655 -0.046025
v -0.128592 -0.043786 -0.031085
v -0.266437 -0.000092 -0.049021
v -0.148626 -0.052266 -0.032905
v -0.295104 -0.000102 -0.054365
v -0.248856 -0.043827 -0.046025
v -0.269172 -0.064800 -0.049511
v -0.228970 -0.081944 -0.042887
v -0.228980 -0.052294 -0.042887
v -0.985940 -0.026019 -0.295699
v -0.944670 -0.026005 -0.319100
v -1.007731 -0.026026 -0.302145
v -0.981547 -0.026017 -0.265850
v -1.072662 -0.026049 -0.357135
v -0.932086 -0.026000 -0.364641
v -0.920923 -0.025996 -0.301346
v -0.942370 -0.026004 -0.383591
v -1.092416 -0.026056 -0.335023
v -1.082608 -0.026052 -0.377568
v -1.026289 -0.026033 -0.279020
v -1.112773 -0.026063 -0.376985
v -0.903260 -0.025990 -0.368900
v -1.087744 -0.026054 -0.442627
v -0.923812 -0.025997 -0.406716
v -1.066322 -0.026047 -0.422128
v -1.024020 -0.026032 -0.471172
v -1.023475 -0.026032 -0.442038
v -1.003090 -0.026025 -0.435015
v -0.983336 -0.026018 -0.457127
v -0.268487 -0.025771 -0.076348
v -0.346379 -0.025798 -0.092600
v -0.367646 -0.025805 -0.089055
v -0.395817 -0.025815 -0.051124
v -0.382016 -0.025810 -0.114404
v -0.250412 -0.025765 -0.064593
v -0.263200 -0.025769 -0.105523
v -0.339558 -0.025795 -0.121456
v -0.239760 -0.025761 -0.018562
v -0.264881 -0.025770 0.021685
v -0.388888 -0.025812 -0.004191
v -0.424421 -0.025825 -0.058930
v -0.415126 -0.025822 0.010703
v -0.227104 -0.025756 -0.082080
v -0.210422 -0.025751 -0.014277
v -0.246788 -0.025763 0.045829
v -0.377225 -0.025808 0.037883
v -0.292397 -0.025779 0.055583
v -0.287109 -0.025777 0.026408
v -0.370403 -0.025806 0.009028
v -0.129167 0.025633 0.038525
v -0.143690 0.025628 -0.006640
v -0.108767 0.025640 0.048537
v -0.152611 0.025625 0.057515
v -0.023750 0.025670 0.052040
v -0.122112 0.025636 -0.048673
v -0.173186 0.025618 -0.009655
v -0.101713 0.025643 -0.055654
v -0.110769 0.025640 0.078120
v -0.024187 0.025670 0.081687
v -0.002596 0.025677 0.043739
v 0.019207 0.025685 0.064594
v -0.140439 0.025629 -0.071326
v 0.045237 0.025694 -0.000657
v -0.099710 0.025643 -0.085236
v 0.015593 0.025683 -0.000078
v 0.017674 0.025684 -0.064812
v -0.002454 0.025677 -0.043743
v -0.022210 0.025670 -0.052378
v -0.021773 0.025670 -0.082025
v 0.262346 -0.025587 -0.087933
v 0.300059 -0.025574 -0.029168
v 0.220610 -0.025602 -0.098443
v 0.245946 -0.025593 -0.063848
v 0.143202 -0.025628 -0.088827
v 0.285083 -0.025579 0.039469
v 0.270911 -0.025584 -0.023734
v 0.245080 -0.025593 0.063448
v 0.225041 -0.025600 -0.069126
v 0.146079 -0.025627 -0.059317
v 0.105306 -0.025642 -0.068425
v 0.127100 -0.025634 -0.049085
v 0.260155 -0.025588 0.022473
v 0.112709 -0.025639 -0.004082
v 0.240649 -0.025595 0.034131
v 0.083118 -0.025649 -0.002218
v 0.134443 -0.025631 0.038089
v 0.114432 -0.025638 0.060668
v 0.159086 -0.025623 0.074131
v 0.156210 -0.025624 0.044620
v 1.373895 -0.025203 -0.973059
v 1.443717 -0.025179 -0.972466
v 1.342258 -0.025214 -0.943878
v 1.385079 -0.025199 -0.946153
v 1.307947 -0.025226 -0.873827
v 1.492970 -0.025162 -0.922372
v 1.432315 -0.025183 -0.945097
v 1.491149 -0.025162 -0.875768
v 1.369221 -0.025205 -0.931544
v 1.334221 -0.025217 -0.860085
v 1.304286 -0.025227 -0.830943
v 1.332400 -0.025217 -0.838602
v 1.465104 -0.025171 -0.910808
v 1.362191 -0.025207 -0.801930
v 1.464186 -0.025172 -0.888102
v 1.347558 -0.025212 -0.776143
v 1.409381 -0.025191 -0.797044
v 1.417328 -0.025188 -0.767939
v 1.453032 -0.025176 -0.797946
v 1.426758 -0.025185 -0.811688
v 0.833916 -0.043453 -0.272479
v 0.848794 0.000293 -0.282264
v 0.816970 -0.051932 -0.261641
v 0.851147 -0.064413 -0.283818
v 0.747351 -0.051956 -0.220293
v 0.833886 0.044030 -0.272479
v 0.872917 0.000302 -0.298649
v 0.816933 0.052497 -0.261641
v 0.747361 -0.081607 -0.220293
v 0.729720 -0.043489 -0.210595
v 0.816980 -0.081583 -0.261641
v 0.711530 -0.064461 -0.200897
v 0.851102 0.065002 -0.283818
v 0.688057 0.000238 -0.188858
v 0.816923 0.082147 -0.261641
v 0.713987 0.000247 -0.202200
v 0.711485 0.064953 -0.200897
v 0.729690 0.043994 -0.210595
v 0.747315 0.052473 -0.220293
v 0.747304 0.082123 -0.220293
v 1.411369 0.082353 -0.961546
v 1.395022 0.065190 -0.924234
v 1.383937 0.000478 -0.900328
v 1.395067 -0.064225 -0.924234
v 1.440902 0.082363 -1.036940
v 1.411379 0.052703 -0.961546
v 1.454248 0.065210 -1.075432
v 1.462355 0.000506 -1.100523
v 1.447631 0.044242 -1.055905
v 1.440912 0.052713 -1.036940
v 1.411425 -0.081377 -0.961546
v 1.440958 -0.081367 -1.036940
v 1.454293 -0.064205 -1.075433
v 1.453386 0.000502 -1.072775
v 1.440948 -0.051716 -1.036940
v 1.403461 -0.043256 -0.943066
v 1.447661 -0.043241 -1.055905
v 1.403430 0.044227 -0.943065
v 1.411415 -0.051727 -0.961546
v 1.396200 0.000483 -0.926785
v -1.199822 0.025263 -0.484167
v -1.254869 0.025244 -0.549050
v -1.261335 0.025242 -0.570836
v -1.237970 0.025250 -0.612126
v -1.291187 0.025232 -0.575202
v -1.179381 0.025270 -0.474238
v -1.221917 0.025256 -0.464394
v -1.277978 0.025236 -0.530472
v -1.134836 0.025286 -0.490563
v -1.114962 0.025292 -0.533428
v -1.192440 0.025266 -0.624749
v -1.255745 0.025244 -0.635857
v -1.188206 0.025267 -0.653579
v -1.179937 0.025270 -0.444073
v -1.114318 0.025293 -0.469160
v -1.085828 0.025303 -0.532908
v -1.150372 0.025280 -0.633060
v -1.099909 0.025298 -0.573580
v -1.122004 0.025290 -0.553807
v -1.173481 0.025272 -0.614482
v 0.384496 0.043874 -0.021713
v 0.402351 0.000139 -0.026289
v 0.364290 0.052341 -0.016797
v 0.405127 0.064847 -0.027027
v 0.282368 0.052312 0.000297
v 0.384527 -0.043608 -0.021714
v 0.431426 0.000149 -0.034224
v 0.364326 -0.052089 -0.016797
v 0.282358 0.081963 0.000297
v 0.261887 0.043832 0.003870
v 0.364279 0.081991 -0.016797
v 0.240839 0.064791 0.007253
v 0.405172 -0.064567 -0.027027
v 0.213900 0.000074 0.011165
v 0.364336 -0.081739 -0.016797
v 0.243722 0.000084 0.006810
v 0.240884 -0.064624 0.007253
v 0.261918 -0.043651 0.003870
v 0.282404 -0.052117 0.000297
v 0.282415 -0.081767 0.000297
v 0.593628 -0.081660 -0.145335
v 0.630966 -0.064489 -0.161615
v 0.654871 0.000226 -0.172677
v 0.630921 0.064925 -0.161615
v 0.518177 -0.081686 -0.115949
v 0.593618 -0.052009 -0.145335
v 0.479653 -0.064542 -0.102683
v 0.454525 0.000157 -0.094647
v 0.499186 -0.043569 -0.109269
v 0.518167 -0.052035 -0.115949
v 0.593571 0.082070 -0.145335
v 0.612081 0.043953 -0.153251
v 0.518120 0.082044 -0.115949
v 0.479608 0.064873 -0.102683
v 0.482290 0.000167 -0.103562
v 0.518131 0.052394 -0.115949
v 0.499156 0.043914 -0.109269
v 0.593582 0.052420 -0.145335
v 0.612111 -0.043530 -0.153251
v 0.628390 0.000217 -0.160464
v -1.483157 0.025165 -0.931230
v -1.514191 0.025154 -1.010457
v -1.513243 0.025155 -1.033161
v -1.477751 0.025167 -1.064644
v -1.540067 0.025146 -1.046972
v -1.467040 0.025171 -0.915210
v -1.510469 0.025156 -0.919690
v -1.542075 0.025145 -1.000376
v -1.419608 0.025187 -0.916209
v -1.386909 0.025198 -0.950314
v -1.430588 0.025183 -1.061822
v -1.486871 0.025164 -1.092857
v -1.417235 0.025188 -1.087722
v -1.477347 0.025167 -0.886855
v -1.407139 0.025191 -0.889308
v -1.359518 0.025208 -0.940375
v -1.388099 0.025198 -1.056044
v -1.359649 0.025208 -0.983414
v -1.386962 0.025198 -0.971874
v -1.415983 0.025188 -1.045963
v -0.474036 -0.052379 -0.100857
v -0.396402 -0.052352 -0.077848
v -0.376937 -0.043872 -0.072770
v -0.359655 -0.000124 -0.068487
v -0.356910 -0.064831 -0.067832
v -0.493130 -0.043912 -0.107207
v -0.474026 -0.082029 -0.100857
v -0.396392 -0.082002 -0.077848
v -0.509982 -0.000176 -0.113040
v -0.493160 0.043571 -0.107207
v -0.376968 0.043611 -0.072770
v -0.331245 -0.000115 -0.061912
v -0.356954 0.064584 -0.067832
v -0.512600 -0.064885 -0.113975
v -0.537387 -0.000186 -0.123007
v -0.512645 0.064530 -0.113975
v -0.396449 0.081728 -0.077848
v -0.474082 0.081701 -0.100857
v -0.474072 0.052051 -0.100857
v -0.396438 0.052078 -0.077848
v 1.405722 0.026164 -1.054394
v 1.457386 0.026182 -1.007421
v 1.402310 0.026163 -1.097299
v 1.432203 0.026173 -1.066554
v 1.424684 0.026171 -1.172024
v 1.527558 0.026206 -1.010756
v 1.467598 0.026185 -1.035257
v 1.557865 0.026217 -1.046207
v 1.453304 0.026180 -1.164272
v 1.451113 0.026180 -1.205993
v 1.430480 0.026173 -1.088046
v 1.466554 0.026185 -1.181281
v 1.514951 0.026202 -1.038167
v 1.513325 0.026201 -1.187976
v 1.529695 0.026207 -1.055459
v 1.520090 0.026204 -1.216844
v 1.551287 0.026214 -1.159522
v 1.576883 0.026223 -1.175494
v 1.582721 0.026225 -1.129221
v 1.554101 0.026215 -1.136972
v -1.442497 0.064209 -1.041234
v -1.433373 -0.000496 -1.016495
v -1.455729 0.081362 -1.079766
v -1.449312 0.043240 -1.060693
v -1.478955 0.081354 -1.157336
v -1.442453 -0.065206 -1.041234
v -1.443417 -0.000499 -1.043872
v -1.455673 -0.082368 -1.079766
v -1.455719 0.051711 -1.079766
v -1.478944 0.051703 -1.157336
v -1.489075 0.064193 -1.196795
v -1.484073 0.043228 -1.176788
v -1.449282 -0.044242 -1.060694
v -1.488390 -0.000515 -1.194074
v -1.455683 -0.052718 -1.079766
v -1.495044 -0.000517 -1.222466
v -1.484043 -0.044254 -1.176789
v -1.489030 -0.065222 -1.196795
v -1.478898 -0.082376 -1.157335
v -1.478908 -0.052726 -1.157336
v -0.018123 -0.064714 -0.025785
v -0.044500 -0.000015 -0.026324
v 0.022621 -0.081857 -0.025845
v 0.002490 -0.043741 -0.025680
v 0.103525 -0.081829 -0.029177
v -0.018167 0.064701 -0.025785
v -0.015344 -0.000005 -0.025755
v 0.022565 0.081873 -0.025845
v 0.022611 -0.052207 -0.025845
v 0.103514 -0.052179 -0.029177
v 0.144124 -0.064658 -0.032469
v 0.123575 -0.043699 -0.030668
v 0.002460 0.043742 -0.025680
v 0.141313 0.000049 -0.032208
v 0.022575 0.052222 -0.025845
v 0.170323 0.000059 -0.035174
v 0.123545 0.043784 -0.030668
v 0.144079 0.064757 -0.032469
v 0.103468 0.081901 -0.029177
v 0.103478 0.052250 -0.029177
v 1.355583 0.065176 -0.843746
v 1.367691 0.000473 -0.867174
v 1.336113 0.082327 -0.807959
v 1.345858 0.044207 -0.825568
v 1.294630 0.082313 -0.738421
v 1.355628 -0.064239 -0.843746
v 1.354298 0.000468 -0.841270
v 1.336169 -0.081403 -0.807959
v 1.294640 0.052662 -0.738421
v 1.272392 0.065147 -0.704291
v 1.336123 0.052677 -0.807959
v 1.283771 0.044185 -0.721492
v 1.345888 -0.043276 -0.825568
v 1.273973 0.000440 -0.706618
v 1.336159 -0.051753 -0.807959
v 1.257541 0.000435 -0.682527
v 1.283802 -0.043298 -0.721492
v 1.272437 -0.064267 -0.704291
v 1.294686 -0.081417 -0.738421
v 1.294676 -0.051767 -0.738421
v -1.383205 -0.065186 -0.786940
v -1.369760 -0.000474 -0.763258
v -1.403207 -0.082350 -0.823987
v -1.393462 -0.044223 -0.805625
v -1.440018 -0.082363 -0.899141
v -1.383250 0.064229 -0.786940
v -1.384634 -0.000479 -0.789470
v -1.403263 0.081380 -0.823986
v -1.440028 -0.052713 -0.899141
v -1.457028 -0.065211 -0.937659
v -1.403217 -0.052700 -0.823987
v -1.448556 -0.044242 -0.918106
v -1.393493 0.043260 -0.805625
v -1.455914 -0.000503 -0.934997
v -1.403253 0.051729 -0.823986
v -1.467505 -0.000507 -0.962817
v -1.448587 0.043241 -0.918107
v -1.457072 0.064204 -0.937659
v -1.440074 0.081367 -0.899141
v -1.440064 0.051717 -0.899141
v -0.597827 0.064501 -0.147109
v -0.573445 -0.000198 -0.137033
v -0.635128 0.081645 -0.163501
v -0.616751 0.043528 -0.155282
v -0.707903 0.081620 -0.198999
v -0.597782 -0.064914 -0.147109
v -0.600382 -0.000208 -0.148204
v -0.635071 -0.082085 -0.163501
v -0.635117 0.051995 -0.163501
v -0.707893 0.051970 -0.198999
v -0.743774 0.064450 -0.218298
v -0.725672 0.043490 -0.208411
v -0.616721 -0.043955 -0.155282
v -0.741302 -0.000256 -0.216941
v -0.635081 -0.052434 -0.163501
v -0.766688 -0.000265 -0.231292
v -0.725642 -0.043992 -0.208411
v -0.743729 -0.064964 -0.218298
v -0.707847 -0.082110 -0.198999
v -0.707857 -0.052459 -0.198999
vn 0.1710 0.9806 0.0955
vn 0.6235 0.7056 0.3368
vn -0.1145 0.3398 0.9335
vn 0.8760 0.0033 0.4823
vn -0.0046 0.0037 1.0000
vn 0.6209 -0.7086 0.3351
vn -0.3085 0.4877 0.8167
vn -0.7171 -0.3482 0.6038
vn -0.4551 0.4882 0.7447
vn -0.1828 0.9802 -0.0767
vn -0.6465 0.7086 -0.2828
vn -0.1175 -0.3442 0.9315
vn -0.8551 0.0028 0.5184
vn -0.3063 -0.4883 0.8171
vn 0.1732 -0.9802 0.0963
vn -0.1805 -0.9806 -0.0760
vn -0.2790 -0.4879 0.8271
vn -0.6619 0.3438 0.6661
vn -0.4817 -0.4880 0.7279
vn -0.6174 -0.7089 -0.3412
vn -0.1777 -0.9803 -0.0864
vn 0.1760 -0.9806 0.0866
vn -0.8662 0.0021 -0.4997
vn -0.0302 -0.3432 0.9388
vn 0.6521 -0.7053 0.2779
vn 0.9270 -0.0021 0.3750
vn -0.7216 0.3425 0.6016
vn -0.6205 0.7053 -0.3427
vn -0.1765 0.9806 -0.0856
vn 0.1178 -0.0022 0.9930
vn 0.6488 0.7089 0.2767
vn -0.4810 0.4873 0.7288
vn -0.7852 -0.0026 0.6192
vn -0.9193 -0.0033 -0.3935
vn -0.0329 0.3462 0.9376
vn -0.6650 -0.3401 0.6649
vn -0.6491 -0.7056 -0.2842
vn -0.4529 -0.4882 0.7461
vn -0.2776 0.4878 0.8276
vn 0.1772 0.9803 0.0874
vn -0.0957 -0.9806 -0.1711
vn 0.0773 -0.9802 0.1824
vn 0.7253 -0.4919 -0.4816
vn -0.3375 -0.7055 -0.6232
vn 0.8261 -0.4920 -0.2747
vn 0.9380 -0.3446 -0.0372
vn 0.2841 -0.7087 0.6458
vn 0.3950 0.0031 0.9187
vn 0.9942 0.0039 0.1071
vn 0.2850 0.7055 0.6489
vn 0.6655 0.3381 -0.6654
vn 0.6032 -0.3412 -0.7209
vn 0.8152 0.4929 -0.3043
vn 0.7413 0.4928 -0.4556
vn 0.5249 -0.0027 -0.8512
vn -0.4837 -0.0031 -0.8752
vn 0.6045 0.3457 -0.7177
vn -0.3364 0.7087 -0.6202
vn -0.0969 0.9802 -0.1728
vn 0.9392 0.3417 -0.0345
vn 0.6250 0.0034 -0.7806
vn -0.2792 0.7055 -0.6514
vn -0.0869 0.9806 -0.1757
vn 0.0860 0.9803 0.1780
vn -0.3765 0.0023 -0.9264
vn 0.6676 -0.3425 -0.6611
vn -0.2775 -0.7087 -0.6486
vn -0.0869 -0.9803 -0.1776
vn 0.9315 0.3427 -0.1217
vn 0.3419 0.7088 0.6170
vn 0.5011 -0.0022 0.8654
vn 0.9999 -0.0019 -0.0153
vn 0.3439 -0.7054 0.6197
vn 0.9336 -0.3382 -0.1187
vn 0.7406 -0.4925 -0.4571
vn 0.8143 -0.4925 -0.3073
vn 0.0861 -0.9806 0.1761
vn 0.7234 0.4927 -0.4837
vn 0.8251 0.4923 -0.2773
vn 0.0759 0.9806 0.1808
vn 0.1108 -0.9802 -0.1642
vn 0.7889 -0.4878 0.3738
vn 0.3863 -0.7087 -0.5904
vn -0.0905 -0.9806 0.1739
vn 0.9185 -0.3438 0.1953
vn 0.9961 0.0034 0.0886
vn 0.5541 0.0031 -0.8324
vn 0.9205 0.3402 0.1924
vn 0.3877 0.7055 -0.5932
vn 0.1092 0.9806 -0.1628
vn 0.7056 -0.4878 0.5141
vn 0.6859 0.4878 0.5400
vn 0.6070 -0.3403 0.7181
vn -0.3375 -0.7055 0.6232
vn -0.4693 -0.0031 0.8831
vn 0.5511 -0.0035 0.8344
vn -0.3363 0.7087 0.6202
vn 0.9307 0.3480 0.1127
vn 0.8012 0.4882 0.3460
vn 0.7877 0.4881 0.3758
vn 0.5414 -0.3475 0.7656
vn 0.7037 0.4886 0.5159
vn -0.0921 0.9802 0.1754
vn 0.6081 0.3444 0.7153
vn 0.9994 -0.0028 -0.0340
vn 0.8009 -0.4875 0.3476
vn 0.3299 0.7088 -0.6235
vn 0.1014 0.9803 -0.1697
vn -0.1000 0.9806 0.1686
vn 0.4515 -0.0022 -0.8923
vn 0.9333 -0.3422 0.1085
vn 0.3319 -0.7054 -0.6263
vn 0.1009 -0.9806 -0.1681
vn 0.6853 -0.4877 0.5408
vn -0.1004 -0.9803 0.1703
vn -0.3916 -0.7088 0.5868
vn 0.5390 0.3434 0.7691
vn -0.3938 0.7054 0.5893
vn -0.5707 0.0022 0.8212
vn 0.4448 0.0029 0.8956
vn 0.3427 0.3399 0.8758
vn 0.7086 0.7056 0.0001
vn 1.0000 0.0033 0.0083
vn 0.1958 0.9806 0.0026
vn 0.4710 0.0039 0.8821
vn 0.7056 -0.7086 0.0001
vn 0.1164 0.4878 0.8651
vn -0.3442 -0.3480 0.8720
vn -0.0468 0.4883 0.8714
vn -0.1973 0.9801 0.0192
vn -0.7033 0.7086 0.0581
vn 0.3392 -0.3440 0.8755
vn -0.5062 0.0030 0.8624
vn 0.1186 -0.4882 0.8647
vn 0.1982 -0.9801 0.0026
vn -0.1949 -0.9806 0.0191
vn 0.1474 -0.4877 0.8605
vn -0.2661 0.3440 0.9005
vn -0.0781 -0.4878 0.8694
vn -0.7053 -0.7089 -0.0069
vn -0.1973 -0.9803 0.0086
vn 0.1961 -0.9806 -0.0072
vn -0.9996 0.0020 -0.0283
vn 0.4194 -0.3430 0.8405
vn 0.7059 -0.7053 -0.0651
vn 0.9939 -0.0020 -0.1104
vn -0.3492 0.3427 0.8721
vn -0.7089 0.7053 -0.0069
vn -0.1960 0.9806 0.0083
vn 0.5754 -0.0020 0.8179
vn 0.7023 0.7089 -0.0649
vn -0.0770 0.4875 0.8697
vn -0.3968 -0.0024 0.9179
vn -0.9959 -0.0033 0.0905
vn 0.4164 0.3463 0.8406
vn -0.2694 -0.3400 0.9010
vn -0.7062 -0.7056 0.0584
vn -0.0441 -0.4880 0.8717
vn 0.1489 0.4880 0.8601
vn 0.1974 0.9803 -0.0074
vn 0.0456 0.9806 0.1907
vn 0.1749 0.7054 0.6868
vn -0.7640 0.3396 0.5486
vn 0.2392 0.0030 0.9710
vn -0.7384 0.0034 0.6744
vn 0.1745 -0.7087 0.6835
vn -0.8097 0.4875 0.3268
vn -0.9299 -0.3482 -0.1181
vn -0.8561 0.4880 0.1702
vn -0.0676 0.9802 -0.1861
vn -0.2303 0.7087 -0.6668
vn -0.7645 -0.3444 0.5449
vn -0.9608 0.0028 -0.2773
vn -0.8084 -0.4885 0.3285
vn 0.0467 -0.9802 0.1924
vn -0.0664 -0.9806 -0.1845
vn -0.7972 -0.4880 0.3553
vn -0.9384 0.3438 -0.0351
vn -0.8616 -0.4881 0.1391
vn -0.1675 -0.7087 -0.6853
vn -0.0568 -0.9802 -0.1894
vn 0.0557 -0.9806 0.1878
vn -0.2197 0.0023 -0.9756
vn -0.7107 -0.3434 0.6140
vn 0.2378 -0.7055 0.6677
vn 0.3526 -0.0023 0.9358
vn -0.9315 0.3425 -0.1227
vn -0.1687 0.7055 -0.6883
vn -0.0568 0.9806 -0.1875
vn -0.6503 -0.0025 0.7597
vn 0.2363 0.7087 0.6648
vn -0.8619 0.4872 0.1405
vn -0.9875 -0.0026 -0.1576
vn -0.3338 -0.0031 -0.9426
vn -0.7117 0.3459 0.6114
vn -0.9396 -0.3402 -0.0384
vn -0.2309 -0.7055 -0.6701
vn -0.8554 -0.4883 0.1726
vn -0.7967 0.4877 0.3570
vn 0.0557 0.9802 0.1898
vn 0.9947 0.0003 0.1032
vn 0.8922 0.0014 -0.4517
vn 0.4380 -0.8723 -0.2174
vn 0.3195 0.0024 -0.9476
vn 0.1574 -0.8750 -0.4577
vn -0.4516 0.0009 -0.8922
vn 0.5010 -0.8638 0.0528
vn -0.4334 -0.8738 0.2208
vn 0.4472 -0.8639 0.2316
vn 0.8877 0.0003 0.4604
vn 0.4971 -0.0009 0.8677
vn -0.2128 -0.8773 -0.4303
vn -0.1641 -0.8743 0.4568
vn -0.4350 -0.8682 -0.2387
vn -0.8777 -0.0003 -0.4792
vn -0.9966 -0.0004 -0.0820
vn -0.4952 -0.8673 -0.0506
vn -0.4415 -0.8673 -0.2300
vn 0.2475 -0.8719 0.4225
vn -0.9004 -0.0011 0.4350
vn -0.9946 -0.0002 -0.1041
vn -0.8881 -0.0001 -0.4596
vn -0.3442 -0.0018 0.9389
vn -0.2467 -0.8741 -0.4184
vn -0.5132 0.0006 -0.8583
vn 0.2285 0.0017 -0.9736
vn 0.2162 -0.8751 0.4329
vn 0.4341 -0.0006 0.9009
vn 0.8769 0.0004 0.4807
vn 0.1137 -0.8750 -0.4706
vn 0.8577 0.0011 -0.5141
vn 0.4408 -0.8648 0.2405
vn -0.1204 -0.8743 0.4702
vn -0.2538 -0.0024 0.9672
vn 0.4190 -0.8753 -0.2413
vn -0.4153 -0.8770 0.2419
vn -0.8676 -0.0013 0.4972
vn -0.4945 -0.8682 -0.0408
vn 0.5006 -0.8648 0.0391
vn 0.9968 0.0003 0.0803
vn -0.1882 0.9806 -0.0554
vn -0.6686 0.7053 -0.2357
vn -0.6119 0.3432 0.7126
vn -0.9367 0.0021 -0.3500
vn -0.7579 0.0020 0.6524
vn -0.6652 -0.7089 -0.2346
vn -0.3538 0.4875 0.7982
vn 0.0388 -0.3431 0.9385
vn -0.1373 0.4879 0.8620
vn 0.1892 0.9803 0.0569
vn 0.6856 0.7089 0.1658
vn -0.6093 -0.3464 0.7132
vn 0.1604 0.0023 0.9871
vn -0.3558 -0.4877 0.7972
vn -0.1895 -0.9803 -0.0558
vn 0.1879 -0.9806 0.0565
vn -0.3241 -0.4880 0.8105
vn 0.1221 0.3464 0.9301
vn -0.1674 -0.4883 0.8565
vn 0.6677 -0.7086 0.2282
vn 0.1868 -0.9802 0.0665
vn -0.1906 -0.9806 -0.0451
vn 0.9436 0.0033 0.3312
vn -0.5457 -0.3406 0.7656
vn -0.6871 -0.7056 -0.1732
vn -0.9716 -0.0033 -0.2364
vn 0.0410 0.3399 0.9396
vn 0.6705 0.7056 0.2293
vn 0.1844 0.9806 0.0659
vn -0.6723 -0.0039 0.7403
vn -0.6843 0.7086 -0.1724
vn -0.1699 0.4878 0.8563
vn 0.2800 -0.0031 0.9600
vn 0.9762 -0.0020 0.2169
vn -0.5429 0.3440 0.7661
vn 0.1254 -0.3427 0.9310
vn 0.6890 -0.7053 0.1666
vn -0.1392 -0.4880 0.8617
vn -0.3260 0.4882 0.8095
vn -0.1930 0.9801 -0.0455
vn 0.8473 0.0004 -0.5311
vn 0.4212 -0.8670 -0.2662
vn 0.4408 -0.0006 -0.8976
vn 0.9826 0.0005 -0.1857
vn 0.2070 -0.8736 -0.4405
vn -0.1523 -0.8743 -0.4608
vn -0.3078 -0.0017 -0.9514
vn -0.4365 -0.8754 -0.2078
vn -0.8971 -0.0011 -0.4417
vn -0.9868 -0.0003 0.1621
vn 0.4898 -0.8669 -0.0928
vn -0.4273 -0.8641 0.2659
vn 0.4527 -0.8739 0.1771
vn 0.9332 0.0011 0.3594
vn 0.4203 0.0018 0.9074
vn 0.2012 -0.8749 0.4405
vn -0.3584 0.0006 0.9336
vn -0.4539 -0.8722 -0.1825
vn -0.4944 -0.8643 0.0927
vn -0.4948 -0.8651 0.0821
vn -0.4177 -0.8651 0.2776
vn -0.8343 -0.0004 0.5513
vn -0.1807 -0.8755 0.4481
vn -0.1945 -0.8743 -0.4447
vn 0.4135 -0.8681 -0.2748
vn 0.4342 -0.8771 0.2054
vn -0.9263 -0.0014 -0.3767
vn -0.9828 -0.0004 0.1847
vn -0.8468 -0.0002 0.5319
vn -0.3964 -0.0024 -0.9181
vn 0.1781 -0.8768 -0.4467
vn 0.3766 -0.0009 -0.9264
vn 0.8352 0.0004 -0.5499
vn -0.2085 -0.8725 0.4419
vn -0.4240 0.0010 0.9057
vn 0.3326 0.0024 0.9431
vn 0.4901 -0.8679 -0.0810
vn 0.9865 0.0003 -0.1637
vn 0.9056 0.0013 0.4241
vn 0.1578 -0.8751 0.4576
vn -0.1806 0.9802 0.0818
vn 0.2377 0.4882 0.8397
vn -0.6464 0.7086 0.2829
vn 0.1862 0.9806 -0.0608
vn 0.0403 0.3441 0.9381
vn -0.0777 -0.0031 0.9970
vn -0.9127 -0.0033 0.4085
vn 0.0374 -0.3399 0.9397
vn -0.6491 -0.7056 0.2843
vn -0.1783 -0.9806 0.0810
vn 0.3899 0.4882 0.7808
vn 0.4190 -0.4874 0.7661
vn 0.6075 0.3407 0.7176
vn 0.6703 0.7056 -0.2298
vn 0.9486 0.0033 -0.3164
vn 0.7316 0.0040 0.6818
vn 0.6676 -0.7086 -0.2287
vn -0.0431 -0.3477 0.9366
vn 0.2086 -0.4879 0.8476
vn 0.2403 -0.4877 0.8393
vn 0.3923 -0.4882 0.7796
vn 0.1885 -0.9802 -0.0614
vn 0.6047 -0.3440 0.7183
vn -0.1992 0.0031 0.9800
vn 0.2095 0.4877 0.8475
vn 0.6651 0.3479 0.6607
vn -0.6694 -0.7089 0.2223
vn -0.1839 -0.9803 0.0722
vn 0.1832 -0.9806 -0.0703
vn -0.9548 0.0021 0.2974
vn -0.0478 0.3425 0.9383
vn -0.6728 0.7053 0.2233
vn -0.1827 0.9806 0.0713
vn 0.6693 -0.3429 0.6591
vn 0.6467 -0.7053 -0.2904
vn 0.9044 -0.0021 -0.4267
vn 0.4197 0.4881 0.7653
vn 0.1843 0.9803 -0.0711
vn 0.6433 0.7089 -0.2892
vn 0.8095 -0.0020 0.5871
vn 0.1960 -0.9802 -0.0299
vn 0.6961 -0.7086 -0.1155
vn 0.1952 -0.3455 -0.9179
vn 0.9878 0.0033 -0.1556
vn 0.3495 0.0037 -0.9369
vn 0.6990 0.7056 -0.1160
vn -0.0626 -0.4926 -0.8680
vn -0.4806 0.3374 -0.8094
vn -0.2880 -0.4920 -0.8216
vn -0.1892 -0.9806 0.0508
vn -0.6871 -0.7056 0.1733
vn 0.1986 0.3414 -0.9187
vn -0.6019 0.0029 -0.7986
vn -0.0649 0.4920 -0.8682
vn 0.1936 0.9806 -0.0295
vn -0.1915 0.9801 0.0512
vn -0.0935 0.4926 -0.8652
vn -0.5494 -0.3416 -0.7626
vn -0.2584 0.4924 -0.8311
vn -0.7004 0.7053 0.1093
vn -0.1920 0.9806 0.0404
vn 0.1935 0.9803 -0.0397
vn -0.9907 0.0020 0.1358
vn 0.1122 0.3424 -0.9328
vn 0.6822 0.7089 -0.1791
vn 0.9624 -0.0020 -0.2717
vn -0.4755 -0.3429 -0.8101
vn -0.6969 -0.7089 0.1088
vn -0.1933 -0.9803 0.0406
vn 0.2323 -0.0021 -0.9726
vn 0.6857 -0.7053 -0.1798
vn -0.2593 -0.4930 -0.8305
vn -0.6950 -0.0025 -0.7190
vn -0.9676 -0.0033 0.2524
vn 0.1151 -0.3393 -0.9336
vn -0.5461 0.3454 -0.7632
vn -0.6842 0.7086 0.1724
vn -0.2906 0.4922 -0.8206
vn -0.0951 -0.4924 -0.8651
vn 0.1922 -0.9806 -0.0392
vn 0.3132 -0.8670 -0.3876
vn 0.6293 0.0002 -0.7772
vn 0.8693 0.0005 -0.4942
vn 0.1260 -0.0007 -0.9920
vn 0.4333 -0.8669 -0.2466
vn 0.4857 -0.8739 0.0208
vn 0.9993 0.0011 0.0374
vn 0.6918 0.0019 0.7221
vn 0.3332 -0.8749 0.3516
vn -0.0363 0.0007 0.9993
vn -0.4885 -0.8722 -0.0254
vn 0.0531 -0.8736 -0.4837
vn -0.3172 -0.8641 0.3908
vn -0.4370 -0.8642 0.2494
vn -0.2935 -0.8743 -0.3865
vn -0.5997 -0.0019 -0.8002
vn -0.4803 -0.8754 -0.0549
vn -0.9919 -0.0011 -0.1270
vn -0.8809 -0.0002 0.4733
vn -0.0256 -0.8755 0.4826
vn -0.3282 -0.8744 -0.3575
vn -0.9984 -0.0015 -0.0560
vn -0.8698 -0.0004 0.4934
vn -0.6285 -0.0002 0.7778
vn -0.6727 -0.0025 -0.7399
vn 0.0239 -0.8768 -0.4802
vn 0.0559 -0.0010 -0.9984
vn 0.6118 0.0003 -0.7910
vn -0.0539 -0.8724 0.4857
vn -0.1074 0.0011 0.9942
vn 0.6204 0.0025 0.7843
vn 0.2976 -0.8750 0.3818
vn 0.9942 0.0014 0.1075
vn 0.4771 -0.8771 0.0564
vn 0.3032 -0.8680 -0.3932
vn 0.4376 -0.8679 -0.2349
vn 0.8801 0.0003 -0.4748
vn -0.4414 -0.8651 0.2383
vn -0.3071 -0.8650 0.3969
vn -0.6105 -0.0003 0.7920
vn -0.0612 -0.9806 0.1863
vn -0.2308 -0.7055 0.6701
vn 0.7162 -0.3396 0.6096
vn -0.3183 -0.0031 0.9480
vn 0.6804 -0.0034 0.7329
vn -0.2302 0.7087 0.6669
vn 0.7800 -0.4875 0.3923
vn 0.9365 0.3482 -0.0411
vn 0.8392 -0.4880 0.2401
vn 0.0828 -0.9802 -0.1800
vn 0.2844 -0.7087 -0.6456
vn 0.7170 0.3444 0.6060
vn 0.9803 -0.0028 -0.1973
vn 0.7786 0.4885 0.3939
vn -0.0624 0.9802 0.1879
vn 0.0814 0.9806 -0.1784
vn 0.8473 0.4881 0.2096
vn 0.7653 0.4880 0.4198
vn 0.9381 -0.3438 0.0422
vn 0.2233 0.7087 -0.6692
vn 0.0722 0.9803 -0.1841
vn -0.0710 0.9806 0.1827
vn 0.2992 -0.0023 -0.9542
vn 0.6577 0.3434 0.6704
vn -0.2919 0.7055 0.6458
vn -0.4285 0.0022 0.9036
vn 0.9384 -0.3425 -0.0456
vn 0.2248 -0.7055 -0.6721
vn 0.0720 -0.9806 -0.1823
vn 0.5855 0.0025 0.8107
vn -0.2902 -0.7087 0.6430
vn 0.8474 -0.4872 0.2109
vn 0.9971 0.0026 -0.0758
vn 0.4103 0.0031 -0.9120
vn 0.6589 -0.3460 0.6679
vn 0.9395 0.3402 0.0391
vn 0.2853 0.7055 -0.6488
vn 0.8383 0.4883 0.2424
vn 0.7646 -0.4877 0.4213
vn -0.0711 -0.9803 0.1845
vn 0.7372 0.0002 0.6757
vn 0.9926 0.0011 0.1213
vn 0.4797 0.8754 0.0602
vn 0.7783 0.0019 -0.6278
vn 0.3794 0.8744 -0.3025
vn 0.1223 0.0008 -0.9925
vn 0.3691 0.8651 0.3397
vn -0.4765 0.8771 -0.0609
vn 0.1975 0.8650 0.4612
vn 0.3967 0.0002 0.9180
vn -0.2109 -0.0008 0.9775
vn 0.0670 0.8737 -0.4819
vn -0.3833 0.8749 0.2960
vn -0.2081 0.8671 -0.4526
vn -0.4185 -0.0003 -0.9082
vn -0.7208 -0.0004 -0.6931
vn -0.3666 0.8680 -0.3350
vn -0.1967 0.8681 -0.4557
vn -0.0933 0.8754 0.4742
vn -0.9901 -0.0014 -0.1407
vn -0.7361 -0.0003 -0.6769
vn -0.3981 -0.0001 -0.9173
vn -0.7945 -0.0026 0.6073
vn 0.0936 0.8768 -0.4716
vn 0.1917 0.0011 -0.9814
vn 0.8342 0.0026 -0.5514
vn -0.0658 0.8724 0.4843
vn -0.1408 -0.0012 0.9900
vn 0.4176 0.0002 0.9086
vn 0.4061 0.8744 -0.2655
vn 0.9815 0.0015 0.1917
vn 0.2107 0.8641 0.4572
vn -0.4095 0.8749 0.2587
vn -0.8484 -0.0019 0.5294
vn 0.4793 0.8722 0.0980
vn -0.4766 0.8739 -0.0959
vn -0.9777 -0.0011 -0.2099
vn -0.3593 0.8669 -0.3456
vn 0.3626 0.8642 0.3487
vn 0.7215 0.0002 0.6925
vn 0.2109 -0.8640 0.4572
vn -0.0642 -0.8720 0.4852
vn -0.3840 -0.8744 0.2967
vn -0.4762 -0.8770 -0.0644
vn 0.3636 -0.8639 0.3484
vn -0.2078 -0.8671 -0.4526
vn 0.4797 -0.8723 0.0953
vn 0.4054 -0.8750 -0.2647
vn -0.4770 -0.8738 -0.0944
vn -0.3586 -0.8672 -0.3455
vn -0.3657 -0.8683 -0.3353
vn -0.1971 -0.8681 -0.4555
vn 0.0965 -0.8772 -0.4704
vn -0.4100 -0.8744 0.2594
vn 0.1998 -0.8649 0.4605
vn 0.4789 -0.8753 0.0668
vn -0.0956 -0.8753 0.4741
vn 0.0624 -0.8740 -0.4819
vn 0.3710 -0.8649 0.3381
vn 0.3784 -0.8749 -0.3022
vn 0.1700 0.9803 -0.1007
vn 0.5403 0.4878 0.6856
vn 0.5873 0.7088 -0.3907
vn -0.1683 0.9806 0.1007
vn 0.7655 0.3466 0.5421
vn 0.8947 -0.0025 0.4466
vn 0.8223 -0.0021 -0.5691
vn 0.7685 -0.3425 0.5404
vn 0.5904 -0.7053 -0.3924
vn 0.1689 -0.9806 -0.0998
vn 0.3463 0.4880 0.8012
vn 0.3743 -0.4876 0.7888
vn 0.1071 0.3432 0.9331
vn -0.6272 0.7053 0.3304
vn -0.8932 0.0021 0.4497
vn -0.0360 0.0022 0.9993
vn -0.6239 -0.7089 0.3290
vn 0.7141 -0.3441 0.6097
vn 0.5146 -0.4882 0.7049
vn 0.5388 -0.4874 0.6871
vn 0.3445 -0.4878 0.8021
vn -0.1694 -0.9803 0.1017
vn 0.1096 -0.3462 0.9317
vn 0.8333 0.0026 0.5527
vn 0.5135 0.4879 0.7059
vn 0.1937 0.3444 0.9186
vn 0.6211 -0.7086 -0.3349
vn 0.1758 -0.9802 -0.0917
vn -0.1624 -0.9806 0.1095
vn 0.8840 0.0033 -0.4675
vn 0.7171 0.3404 0.6082
vn 0.6236 0.7056 -0.3365
vn 0.1735 0.9806 -0.0909
vn 0.1912 -0.3404 0.9206
vn -0.5937 -0.7056 0.3868
vn -0.8335 -0.0032 0.5525
vn 0.3726 0.4884 0.7890
vn -0.1646 0.9802 0.1105
vn -0.5914 0.7086 0.3849
vn 0.0866 -0.0029 0.9962
vn -0.7873 -0.0004 -0.6165
vn -0.2994 0.0009 -0.9541
vn -0.1408 0.8768 -0.4599
vn 0.4704 0.0025 -0.8825
vn 0.2303 0.8744 -0.4271
vn 0.9541 0.0014 -0.2995
vn -0.3906 0.8680 -0.3067
vn 0.1454 0.8755 0.4609
vn -0.4819 0.8679 -0.1209
vn -0.9698 -0.0003 -0.2441
vn -0.9374 -0.0014 0.3484
vn 0.4680 0.8722 -0.1425
vn -0.2366 0.8749 0.4225
vn 0.4849 0.8643 0.1341
vn 0.9643 0.0004 0.2647
vn 0.8003 0.0002 0.5996
vn 0.4863 0.8651 0.1230
vn -0.4487 0.8771 0.1714
vn 0.3951 0.8650 0.3093
vn 0.2806 -0.0007 0.9598
vn 0.7863 0.0005 0.6178
vn 0.9702 0.0005 0.2425
vn -0.4933 -0.0018 0.8699
vn 0.4509 0.8754 -0.1744
vn 0.9303 0.0011 -0.3667
vn 0.3848 0.0018 -0.9230
vn -0.4647 0.8739 0.1427
vn -0.9595 -0.0011 0.2816
vn -0.9641 -0.0003 -0.2656
vn 0.1892 0.8743 -0.4469
vn -0.3657 0.0007 -0.9307
vn -0.4808 0.8669 -0.1316
vn -0.1958 0.8750 0.4427
vn -0.4088 -0.0024 0.9126
vn -0.1709 0.8736 -0.4557
vn 0.1730 0.8725 0.4570
vn 0.3483 -0.0010 0.9374
vn 0.4024 0.8642 0.3021
vn -0.4002 0.8669 -0.2973
vn -0.8009 -0.0003 -0.5988
vn 0.0852 -0.0001 -0.9964
vn 0.6348 0.0013 -0.7727
vn 0.3077 0.8769 -0.3692
vn 0.9960 0.0026 -0.0892
vn 0.4834 0.8745 -0.0407
vn 0.7728 0.0014 0.6347
vn 0.0428 0.8681 -0.4945
vn -0.3063 0.8753 0.3741
vn -0.1627 0.8680 -0.4692
vn -0.3264 -0.0000 -0.9452
vn -0.8045 -0.0013 -0.5939
vn 0.3752 0.8721 0.3140
vn -0.4833 0.8748 0.0334
vn 0.1530 0.8641 0.4794
vn 0.3061 0.0002 0.9520
vn -0.0639 -0.0001 0.9980
vn 0.1630 0.8650 0.4746
vn -0.3892 0.8771 -0.2815
vn -0.0428 0.8648 0.5002
vn -0.6498 -0.0010 0.7601
vn -0.0868 0.0001 0.9962
vn 0.3279 0.0002 0.9447
vn -0.9980 -0.0020 0.0631
vn 0.3925 0.8754 0.2822
vn 0.8160 0.0010 0.5780
vn 0.9831 0.0020 -0.1830
vn -0.3739 0.8739 -0.3106
vn -0.7608 -0.0010 -0.6490
vn -0.3052 -0.0001 -0.9523
vn 0.4775 0.8744 -0.0860
vn 0.5789 0.0010 -0.8154
vn -0.1531 0.8670 -0.4742
vn -0.4779 0.8749 0.0786
vn -0.9876 -0.0026 0.1572
vn 0.2877 0.8737 -0.3921
vn -0.2879 0.8723 0.3952
vn -0.5940 -0.0013 0.8045
vn -0.0328 0.8640 0.5023
vn 0.0297 0.8670 -0.4974
vn 0.0630 -0.0000 -0.9980
vn 0.1685 -0.0001 0.9857
vn 0.0830 -0.8648 0.4952
vn 0.7101 0.0010 0.7040
vn -0.2491 -0.0002 0.9685
vn 0.3370 -0.8753 0.3467
vn 0.4844 -0.8748 -0.0060
vn 0.9998 0.0020 -0.0193
vn 0.3471 -0.8739 -0.3403
vn 0.7048 0.0010 -0.7094
vn 0.2258 0.0001 -0.9742
vn -0.1249 -0.8650 0.4859
vn -0.0848 -0.8682 -0.4888
vn -0.3680 -0.8754 0.3136
vn -0.7657 -0.0010 0.6433
vn -0.9948 -0.0020 -0.1014
vn -0.4829 -0.8744 -0.0463
vn -0.6440 -0.0010 -0.7650
vn 0.3631 -0.8771 -0.3145
vn 0.1230 -0.8680 -0.4811
vn 0.1134 -0.8670 -0.4851
vn -0.3497 -0.8721 0.3422
vn -0.0706 -0.8670 -0.4933
vn -0.1449 -0.0000 -0.9894
vn -0.3190 -0.8738 -0.3671
vn 0.4827 -0.8749 0.0390
vn 0.0725 -0.8640 0.4983
vn 0.7529 0.0013 -0.6581
vn 0.2474 0.0001 -0.9689
vn -0.1669 -0.0001 -0.9860
vn 0.9972 0.0026 0.0754
vn 0.3193 -0.8723 0.3703
vn 0.6582 0.0013 0.7529
vn 0.1459 -0.0000 0.9893
vn -0.1141 -0.8642 0.4901
vn -0.2267 -0.0000 0.9740
vn -0.7179 -0.0014 0.6962
vn -0.3357 -0.8769 -0.3439
vn -0.6962 -0.0013 -0.7178
vn -1.0000 -0.0026 -0.0069
vn -0.4852 -0.8744 -0.0004
vn -0.0032 -0.0000 -1.0000
vn -0.0025 0.8680 -0.4965
vn -0.5692 -0.0012 -0.8222
vn 0.4028 0.0001 -0.9153
vn -0.2772 0.8771 -0.3922
vn -0.4776 0.8749 -0.0803
vn -0.9853 -0.0026 -0.1706
vn -0.4003 0.8723 0.2809
vn -0.8222 -0.0014 0.5692
vn -0.3832 -0.0001 0.9237
vn 0.1995 0.8681 -0.4545
vn 0.0015 0.8650 0.5018
vn 0.4096 0.8770 -0.2514
vn 0.8505 0.0013 -0.5259
vn 0.9713 0.0026 0.2377
vn 0.4706 0.8744 0.1179
vn 0.5260 0.0013 0.8505
vn -0.4120 0.8753 0.2532
vn -0.2036 0.8649 0.4589
vn -0.1926 0.8639 0.4653
vn 0.3991 0.8738 -0.2779
vn -0.0097 0.8641 0.5032
vn -0.0182 -0.0000 0.9998
vn 0.2536 0.8721 0.4186
vn -0.4681 0.8749 -0.1246
vn 0.0079 0.8671 -0.4981
vn -0.8607 -0.0011 0.5092
vn -0.4043 -0.0000 0.9146
vn 0.0048 0.0001 1.0000
vn -0.9648 -0.0020 -0.2630
vn -0.2531 0.8740 -0.4149
vn -0.5100 -0.0010 -0.8601
vn 0.0191 -0.0000 -0.9998
vn 0.1898 0.8671 -0.4605
vn 0.3823 0.0001 -0.9240
vn 0.8115 0.0011 -0.5844
vn 0.2802 0.8753 0.3941
vn 0.5852 0.0010 0.8109
vn 0.9895 0.0020 0.1448
vn 0.4794 0.8744 0.0745
vn 0.1598 -0.9806 0.1138
vn 0.5978 -0.7053 0.3809
vn -0.1837 -0.3435 0.9210
vn 0.8531 -0.0021 0.5217
vn -0.0465 -0.0023 0.9989
vn 0.5947 0.7088 0.3792
vn -0.4103 -0.4877 0.7706
vn -0.7629 0.3428 0.5482
vn -0.5940 -0.4881 0.6394
vn -0.1613 -0.9803 -0.1141
vn -0.5531 -0.7088 -0.4377
vn -0.1860 0.3461 0.9196
vn -0.8760 -0.0026 0.4823
vn -0.4084 0.4874 0.7718
vn 0.1607 0.9803 0.1150
vn -0.1604 0.9806 -0.1129
vn -0.5712 0.4880 0.6600
vn -0.4384 0.4877 0.7550
vn -0.8076 -0.3466 0.4772
vn -0.5914 0.7086 -0.3849
vn -0.1676 0.9802 -0.1058
vn 0.1529 0.9806 0.1225
vn -0.8425 -0.0032 -0.5387
vn -0.2664 0.3404 0.9018
vn 0.5599 0.7056 0.4344
vn 0.7852 0.0032 0.6192
vn -0.7650 -0.3401 0.5469
vn -0.5938 -0.7056 -0.3867
vn -0.1655 -0.9806 -0.1049
vn -0.1683 0.0036 0.9857
vn 0.5577 -0.7086 0.4323
vn -0.5694 -0.4881 0.6615
vn -0.9285 0.0028 0.3713
vn -0.7726 0.0021 -0.6348
vn -0.2685 -0.3443 0.8997
vn -0.8104 0.3425 0.4753
vn -0.5560 0.7054 -0.4396
vn -0.5927 0.4877 0.6410
vn -0.4363 -0.4885 0.7557
vn 0.1549 -0.9802 0.1236
vn 0.4079 -0.4920 -0.7692
vn 0.1866 -0.3413 -0.9213
vn 0.0556 -0.0029 -0.9985
vn 0.1891 0.3456 -0.9191
vn 0.5953 -0.4921 -0.6352
vn 0.5710 0.4930 -0.6565
vn 0.8068 -0.3447 -0.4799
vn 0.9250 0.0039 -0.3799
vn 0.2678 0.3380 -0.9023
vn 0.4340 0.4925 -0.7543
vn 0.4054 0.4927 -0.7700
vn 0.5933 0.4921 -0.6370
vn 0.8091 0.3416 -0.4781
vn 0.1772 0.0032 -0.9842
vn 0.4331 -0.4926 -0.7548
vn 0.7647 -0.3376 -0.5490
vn 0.2718 -0.3429 -0.8992
vn 0.7608 0.3427 -0.5512
vn 0.5704 -0.4922 -0.6576
vn 0.8716 -0.0020 -0.4902
vn 0.7766 0.0001 -0.6300
vn 0.3876 0.8673 -0.3122
vn 0.9919 0.0011 -0.1268
vn 0.4935 -0.0000 -0.8698
vn 0.4834 0.8738 -0.0531
vn 0.3864 0.8744 0.2935
vn 0.8007 0.0019 0.5990
vn 0.0550 0.8752 0.4806
vn 0.1278 0.0008 0.9918
vn -0.4725 -0.0002 0.8813
vn 0.2458 0.8671 -0.4333
vn -0.3903 0.8638 0.3186
vn -0.0216 0.8740 -0.4854
vn -0.0382 -0.0008 -0.9993
vn -0.7227 -0.0019 -0.6912
vn -0.3522 0.8749 -0.3325
vn -0.9993 -0.0011 0.0372
vn 0.0256 0.8721 0.4887
vn -0.2481 0.8641 0.4380
vn -0.2382 0.8649 0.4419
vn -0.3983 0.8648 0.3057
vn -0.7915 -0.0002 0.6112
vn -0.4829 0.8753 0.0263
vn 0.3574 0.8744 0.3281
vn 0.3933 0.8683 -0.3022
vn -0.0543 0.8772 -0.4770
vn 0.0569 0.0011 0.9984
vn -0.4927 -0.0001 0.8702
vn -0.7772 -0.0003 0.6292
vn 0.7405 0.0025 0.6721
vn 0.4799 0.8770 -0.0238
vn 0.9984 0.0014 -0.0568
vn 0.7905 0.0002 -0.6125
vn -0.4860 0.8723 0.0547
vn -0.9941 -0.0015 0.1083
vn -0.7848 -0.0026 -0.6197
vn 0.2347 0.8681 -0.4374
vn 0.4740 0.0002 -0.8805
vn -0.1084 -0.0011 -0.9941
vn -0.3824 0.8749 -0.2970
vn 0.1927 0.9806 0.0347
vn 0.6990 0.7056 0.1163
vn 0.1943 0.3399 0.9202
vn 0.9851 0.0033 0.1722
vn 0.3199 0.0038 0.9474
vn 0.6961 -0.7086 0.1158
vn -0.0271 0.4878 0.8726
vn -0.4826 -0.3481 0.8037
vn -0.1891 0.4882 0.8520
vn -0.1978 0.9801 -0.0134
vn -0.7033 0.7086 -0.0580
vn 0.1910 -0.3441 0.9193
vn -0.6408 0.0029 0.7677
vn -0.0248 -0.4882 0.8724
vn 0.1951 -0.9802 0.0350
vn -0.1954 -0.9806 -0.0132
vn 0.0043 -0.4878 0.8730
vn -0.4102 0.3439 0.8447
vn -0.2196 -0.4879 0.8448
vn -0.6946 -0.7089 -0.1225
vn -0.1961 -0.9803 -0.0240
vn 0.1946 -0.9806 0.0250
vn -0.9814 0.0020 -0.1919
vn 0.2758 -0.3431 0.8979
vn 0.7070 -0.7053 0.0515
vn 0.9985 -0.0020 0.0541
vn -0.4875 0.3426 0.8031
vn -0.6981 0.7053 -0.1230
vn -0.1947 0.9806 -0.0239
vn 0.4334 -0.0021 0.9012
vn 0.7035 0.7089 0.0513
vn -0.2187 0.4874 0.8453
vn -0.5420 -0.0025 0.8404
vn -0.9972 -0.0033 -0.0741
vn 0.2729 0.3463 0.8976
vn -0.4135 -0.3400 0.8446
vn -0.7062 -0.7056 -0.0583
vn -0.1865 -0.4881 0.8526
vn 0.0058 0.4879 0.8729
vn 0.1959 0.9803 0.0251
vn -0.1477 0.9802 -0.1321
vn -0.6731 0.4879 0.5558
vn -0.5193 0.7086 -0.4776
vn 0.1304 0.9806 0.1463
vn -0.8426 0.3438 0.4146
vn -0.9439 -0.0034 0.3302
vn -0.7414 -0.0032 -0.6711
vn -0.8451 -0.3402 0.4124
vn -0.5214 -0.7056 -0.4800
vn -0.1457 -0.9806 -0.1309
vn -0.5579 0.4878 0.6714
vn -0.5325 -0.4878 0.6917
vn -0.4124 0.3403 0.8451
vn 0.4800 0.7055 0.5213
vn 0.6715 0.0032 0.7410
vn -0.3296 0.0036 0.9441
vn 0.4782 -0.7086 0.5188
vn -0.8746 -0.3480 0.3375
vn -0.6919 -0.4882 0.5320
vn -0.6715 -0.4880 0.5576
vn -0.3372 0.3476 0.8749
vn -0.5557 -0.4885 0.6727
vn 0.1323 -0.9802 0.1475
vn -0.4140 -0.3443 0.8426
vn -0.9772 0.0028 0.2121
vn -0.6912 0.4875 0.5334
vn -0.4728 -0.7088 -0.5235
vn -0.1399 -0.9803 -0.1396
vn 0.1383 -0.9806 0.1390
vn -0.6565 0.0022 -0.7543
vn -0.8782 0.3422 0.3341
vn -0.4754 0.7054 -0.5258
vn -0.1391 0.9806 -0.1383
vn -0.5317 0.4878 0.6923
vn 0.1391 0.9803 0.1404
vn 0.5235 0.7088 0.4727
vn -0.3339 -0.3433 0.8779
vn 0.5263 -0.7054 0.4748
vn 0.7547 -0.0021 0.6561
vn -0.2116 -0.0026 0.9773
vn -0.1223 -0.9806 -0.1531
vn -0.4357 -0.7055 -0.5589
vn -0.9013 -0.3401 0.2683
vn -0.6214 -0.0032 -0.7835
vn -0.9852 -0.0040 0.1711
vn -0.4341 0.7087 -0.5562
vn -0.7538 -0.4880 0.4401
vn -0.4761 0.3477 0.8077
vn -0.6584 -0.4885 0.5726
vn 0.1063 -0.9802 0.1672
vn 0.3868 -0.7087 0.5901
vn -0.8990 0.3438 0.2711
vn -0.3688 -0.0033 0.9295
vn -0.7549 0.4879 0.4383
vn -0.1241 0.9802 -0.1544
vn 0.1047 0.9806 0.1657
vn -0.6377 0.4876 0.5963
vn -0.7692 0.4875 0.4130
vn -0.5464 -0.3443 0.7635
vn 0.4390 0.7088 0.5521
vn 0.1145 0.9803 0.1611
vn -0.1150 0.9806 -0.1588
vn 0.6370 -0.0022 0.7709
vn -0.9207 0.3428 0.1863
vn -0.3828 0.7054 -0.5965
vn -0.5241 0.0022 -0.8516
vn -0.4730 -0.3430 0.8116
vn 0.4414 -0.7054 0.5546
vn 0.1141 -0.9806 0.1594
vn -0.9988 0.0019 0.0491
vn -0.3807 -0.7088 -0.5939
vn -0.6384 -0.4877 0.5955
vn -0.4798 0.0021 0.8774
vn 0.5411 0.0031 0.8410
vn -0.9189 -0.3465 0.1884
vn -0.5449 0.3397 0.7666
vn 0.3881 0.7055 0.5930
vn -0.6604 0.4878 0.5709
vn -0.7697 -0.4882 0.4114
vn -0.1154 -0.9803 -0.1605
vn 0.1273 -0.9806 -0.1492
vn 0.4306 -0.7054 -0.5630
vn 0.9021 -0.3431 0.2616
vn 0.5925 -0.0022 -0.8056
vn 0.9913 -0.0019 0.1313
vn 0.4283 0.7088 -0.5605
vn 0.7330 -0.4873 0.4745
vn 0.4812 0.3433 0.8066
vn 0.5867 -0.4877 0.6465
vn -0.1271 -0.9803 0.1514
vn -0.4830 -0.7088 0.5141
vn 0.9003 0.3465 0.2635
vn 0.4060 -0.0021 0.9139
vn 0.7341 0.4878 0.4724
vn 0.1280 0.9803 -0.1506
vn -0.1264 0.9806 0.1499
vn 0.6088 0.4884 0.6251
vn 0.7148 0.4881 0.5009
vn 0.4068 -0.3462 0.8454
vn -0.4340 0.7087 0.5563
vn -0.1200 0.9802 0.1577
vn 0.1348 0.9806 -0.1422
vn -0.6085 -0.0032 0.7936
vn 0.8757 0.3407 0.3421
vn 0.4802 0.7055 -0.5211
vn 0.6838 0.0032 -0.7296
vn 0.4800 -0.3397 0.8088
vn -0.4356 -0.7055 0.5590
vn -0.1183 -0.9806 0.1563
vn 0.9678 0.0040 0.2516
vn 0.4784 -0.7086 -0.5186
vn 0.6108 -0.4877 0.6238
vn 0.2910 0.0032 0.9567
vn -0.6983 0.0021 0.7158
vn 0.8737 -0.3439 0.3441
vn 0.4045 0.3429 0.8478
vn -0.4856 0.7054 0.5164
vn 0.5880 0.4881 0.6449
vn 0.7159 -0.4881 0.4992
vn 0.1366 -0.9802 -0.1435
vn -0.7315 -0.4924 -0.4717
vn -0.9019 -0.3417 -0.2642
vn -0.9901 -0.0033 -0.1403
vn -0.8998 0.3452 -0.2668
vn -0.5821 -0.4925 -0.6470
vn -0.6057 0.4925 -0.6249
vn -0.4094 -0.3451 -0.8446
vn -0.2998 0.0035 -0.9540
vn -0.8763 0.3376 -0.3437
vn -0.7148 0.4921 -0.4968
vn -0.7329 0.4923 -0.4697
vn -0.5844 0.4917 -0.6456
vn -0.4077 0.3412 -0.8470
vn -0.9655 0.0028 -0.2604
vn -0.7151 -0.4930 -0.4956
vn -0.4818 -0.3380 -0.8085
vn -0.8727 -0.3433 -0.3472
vn -0.4846 0.3422 -0.8050
vn -0.6065 -0.4926 -0.6241
vn -0.4142 -0.0024 -0.9102
vn 0.5295 -0.0000 -0.8483
vn 0.2650 0.8673 -0.4214
vn 0.8967 0.0011 -0.4426
vn 0.1838 -0.0001 -0.9830
vn 0.4398 0.8738 -0.2076
vn 0.4608 0.8744 0.1517
vn 0.9520 0.0020 0.3060
vn 0.2083 0.8753 0.4364
vn 0.4435 0.0009 0.8963
vn -0.1602 -0.0001 0.9871
vn 0.0915 0.8670 -0.4898
vn -0.2655 0.8638 0.4281
vn -0.1783 0.8740 -0.4521
vn -0.3612 -0.0009 -0.9325
vn -0.9082 -0.0020 -0.4185
vn -0.4411 0.8749 -0.2000
vn -0.9329 -0.0011 0.3602
vn 0.1832 0.8721 0.4538
vn -0.0921 0.8641 0.4948
vn -0.0815 0.8649 0.4952
vn -0.2772 0.8649 0.4185
vn -0.5496 -0.0001 0.8354
vn -0.4480 0.8753 0.1819
vn 0.4447 0.8744 0.1939
vn 0.2736 0.8683 -0.4137
vn -0.2065 0.8772 -0.4335
vn 0.3785 0.0012 0.9256
vn -0.1828 -0.0000 0.9831
vn -0.5303 -0.0002 0.8478
vn 0.9188 0.0026 0.3946
vn 0.4461 0.8770 -0.1787
vn 0.9256 0.0014 -0.3784
vn 0.5482 0.0001 -0.8363
vn -0.4418 0.8723 0.2097
vn -0.9048 -0.0014 0.4258
vn -0.9437 -0.0026 -0.3308
vn 0.0797 0.8681 -0.4900
vn 0.1618 0.0001 -0.9868
vn -0.4258 -0.0012 -0.9048
vn -0.4583 0.8749 -0.1566
vn 0.9464 0.0002 -0.3231
vn 0.9629 0.0014 0.2700
vn 0.4617 0.8770 0.1333
vn 0.4826 0.0025 0.8759
vn 0.2317 0.8744 0.4264
vn -0.2699 0.0010 0.9629
vn 0.4697 0.8683 -0.1596
vn -0.4659 0.8753 -0.1295
vn 0.3639 0.8682 -0.3375
vn 0.7339 0.0003 -0.6793
vn 0.2198 -0.0010 -0.9755
vn -0.1366 0.8719 0.4702
vn -0.2253 0.8749 -0.4287
vn -0.3775 0.8640 0.3333
vn -0.7482 -0.0002 0.6635
vn -0.9393 -0.0004 0.3432
vn -0.3690 0.8648 0.3406
vn 0.1009 0.8773 -0.4693
vn -0.4753 0.8647 0.1624
vn -0.9574 -0.0011 -0.2888
vn -0.9469 -0.0001 0.3216
vn -0.7328 -0.0001 0.6805
vn -0.4595 -0.0018 -0.8882
vn -0.1005 0.8752 0.4732
vn -0.2007 0.0007 0.9797
vn 0.5632 0.0018 0.8263
vn 0.1336 0.8741 -0.4670
vn 0.2878 -0.0007 -0.9577
vn 0.7488 0.0003 -0.6627
vn 0.2707 0.8744 0.4028
vn 0.9795 0.0011 0.2017
vn 0.3722 0.8672 -0.3308
vn -0.2645 0.8750 -0.4055
vn -0.5414 -0.0025 -0.8407
vn 0.4746 0.8738 0.1058
vn -0.4778 0.8723 -0.1042
vn -0.9755 -0.0014 -0.2199
vn -0.4732 0.8639 0.1725
vn 0.4671 0.8672 -0.1728
vn 0.9389 0.0003 -0.3441
vn 0.5435 0.0004 0.8394
vn 0.2741 0.8649 0.4205
vn -0.0458 -0.0008 0.9990
vn 0.8391 0.0004 0.5440
vn -0.0133 0.8755 0.4831
vn -0.3605 0.8749 0.3234
vn -0.7487 -0.0019 0.6629
vn -0.4859 0.8739 -0.0156
vn -0.9990 -0.0011 -0.0447
vn -0.8259 -0.0003 -0.5639
vn 0.4208 0.8652 0.2728
vn -0.2688 0.8681 -0.4172
vn 0.4831 0.8754 -0.0186
vn 0.9990 0.0011 -0.0452
vn 0.6633 0.0019 -0.7483
vn 0.3239 0.8744 -0.3613
vn -0.0442 0.0008 -0.9990
vn -0.4802 0.8771 0.0142
vn -0.4165 0.8679 -0.2709
vn -0.4122 0.8669 -0.2803
vn -0.2822 0.8669 -0.4109
vn -0.5634 -0.0002 -0.8262
vn -0.0139 0.8736 -0.4864
vn -0.3288 0.8750 0.3554
vn 0.2848 0.8640 0.4151
vn 0.4890 0.8722 0.0148
vn -0.9997 -0.0014 0.0256
vn -0.8382 -0.0003 -0.5454
vn -0.5449 -0.0002 -0.8385
vn -0.6827 -0.0025 0.7307
vn 0.0158 0.8724 0.4885
vn 0.0255 -0.0011 0.9997
vn 0.5626 0.0002 0.8267
vn 0.0140 0.8768 -0.4806
vn 0.0262 0.0011 -0.9997
vn 0.7311 0.0025 -0.6822
vn 0.4155 0.8643 0.2836
vn 0.8264 0.0003 0.5631
vn 0.9997 0.0015 0.0261
vn 0.3571 0.8744 -0.3284
vn -0.0201 -0.8740 -0.4855
vn 0.3236 -0.8749 -0.3604
vn -0.2798 -0.8672 -0.4119
vn 0.0197 -0.8720 0.4890
vn -0.4105 -0.8671 -0.2821
vn 0.4834 -0.8753 -0.0135
vn -0.3292 -0.8744 0.3565
vn 0.4211 -0.8647 0.2737
vn 0.4157 -0.8639 0.2846
vn -0.4861 -0.8738 -0.0132
vn 0.2845 -0.8639 0.4155
vn 0.4888 -0.8723 0.0145
vn -0.4803 -0.8770 0.0156
vn 0.3559 -0.8750 -0.3283
vn -0.4163 -0.8683 -0.2698
vn -0.3613 -0.8744 0.3240
vn 0.0171 -0.8772 -0.4798
vn -0.0153 -0.8752 0.4835
vn 0.2728 -0.8649 0.4214
vn -0.2700 -0.8681 -0.4164
vn -0.4768 -0.0002 -0.8790
vn -0.2376 0.8680 -0.4361
vn -0.8909 -0.0014 -0.4541
vn -0.0792 -0.0000 -0.9969
vn -0.4300 0.8771 -0.2140
vn -0.4586 0.8749 0.1556
vn -0.9485 -0.0026 0.3169
vn -0.2193 0.8723 0.4369
vn -0.4542 -0.0013 0.8909
vn 0.1004 0.0001 0.9949
vn -0.0398 0.8681 -0.4948
vn 0.2392 0.8651 0.4410
vn 0.2414 0.8769 -0.4156
vn 0.4996 0.0012 -0.8662
vn 0.9680 0.0026 -0.2511
vn 0.4702 0.8744 -0.1194
vn 0.8663 0.0014 0.4996
vn -0.2428 0.8754 0.4180
vn 0.0382 0.8649 0.5004
vn 0.0510 0.8640 0.5009
vn 0.2299 0.8642 0.4475
vn 0.4579 0.0001 0.8890
vn 0.4216 0.8721 0.2482
vn -0.4712 0.8749 0.1120
vn -0.2285 0.8670 -0.4429
vn 0.2196 0.8737 -0.4340
vn -0.5165 -0.0009 0.8563
vn 0.0775 0.0002 0.9970
vn 0.4782 0.0003 0.8782
vn -0.9742 -0.0020 0.2257
vn -0.4196 0.8739 -0.2455
vn -0.8568 -0.0011 -0.5156
vn -0.4571 -0.0001 -0.8894
vn 0.4335 0.8754 0.2141
vn 0.8997 0.0011 0.4366
vn 0.9399 0.0020 -0.3415
vn -0.0522 0.8670 -0.4956
vn -0.1014 -0.0001 -0.9949
vn 0.4375 0.0009 -0.8992
vn 0.4568 0.8744 -0.1637
vn -0.1423 -0.9806 0.1347
vn -0.5213 -0.7056 0.4800
vn 0.3409 -0.3397 0.8766
vn -0.7302 -0.0032 0.6832
vn 0.2508 -0.0036 0.9680
vn -0.5193 0.7086 0.4777
vn 0.5002 -0.4876 0.7156
vn 0.8437 0.3482 0.4086
vn 0.6245 -0.4881 0.6097
vn 0.1583 -0.9802 -0.1193
vn 0.5569 -0.7086 -0.4333
vn 0.3432 0.3443 0.8739
vn 0.9564 -0.0028 0.2919
vn 0.4981 0.4884 0.7165
vn -0.1442 0.9802 0.1359
vn 0.1563 0.9806 -0.1182
vn 0.6461 0.4880 0.5868
vn 0.4741 0.4879 0.7329
vn 0.8056 -0.3438 0.4826
vn 0.5143 0.7088 -0.4828
vn 0.1509 0.9803 -0.1276
vn -0.1493 0.9806 0.1272
vn 0.7164 -0.0021 -0.6977
vn 0.2605 0.3433 0.9024
vn -0.5636 0.7054 0.4299
vn -0.8061 0.0021 0.5918
vn 0.8476 -0.3425 0.4054
vn 0.5170 -0.7054 -0.4849
vn 0.1500 -0.9806 -0.1264
vn 0.1304 0.0023 0.9915
vn -0.5607 -0.7088 0.4280
vn 0.6457 -0.4873 0.5879
vn 0.9135 0.0026 0.4068
vn 0.7941 0.0032 -0.6078
vn 0.2628 -0.3461 0.9006
vn 0.8083 0.3402 0.4806
vn 0.5591 0.7056 -0.4354
vn 0.6227 0.4882 0.6115
vn 0.4729 -0.4878 0.7338
vn -0.1502 -0.9803 0.1285
vn 0.6904 0.0003 0.7234
vn 0.1889 -0.0011 0.9820
vn 0.0957 0.8725 0.4792
vn -0.5537 -0.0025 0.8327
vn -0.2662 0.8750 0.4044
vn -0.9820 -0.0014 0.1890
vn 0.3479 0.8641 0.3637
vn -0.0912 0.8736 -0.4781
vn 0.4563 0.8643 0.2117
vn 0.9075 0.0003 0.4201
vn 0.9904 0.0015 -0.1380
vn -0.4709 0.8771 0.0948
vn 0.2603 0.8743 -0.4096
vn -0.4556 0.8679 -0.1980
vn -0.9162 -0.0003 -0.4007
vn -0.6749 -0.0002 -0.7379
vn -0.3437 0.8670 -0.3607
vn -0.4527 0.8669 -0.2086
vn 0.4851 0.8722 -0.0632
vn -0.2072 0.0007 -0.9783
vn -0.6911 -0.0004 -0.7227
vn -0.9071 -0.0005 -0.4210
vn 0.5318 0.0018 -0.8469
vn -0.4823 0.8739 0.0607
vn -0.9928 -0.0011 0.1195
vn -0.6300 -0.0019 0.7766
vn 0.4742 0.8754 -0.0943
vn 0.9781 0.0011 -0.2082
vn 0.9169 0.0002 0.3992
vn -0.3031 0.8749 0.3777
vn 0.1185 -0.0007 0.9930
vn 0.4595 0.8651 0.2012
vn 0.2976 0.8744 -0.3833
vn 0.6095 0.0025 -0.7928
vn 0.0653 0.8755 0.4788
vn -0.0634 0.8768 -0.4767
vn -0.1379 0.0010 -0.9904
vn -0.3354 0.8680 -0.3662
vn 0.3368 0.8651 0.3718
vn 0.6737 0.0003 0.7390
vn -0.2640 -0.0002 -0.9645
vn -0.1300 0.8671 -0.4808
vn 0.2832 0.0009 -0.9591
vn -0.5975 -0.0004 -0.8018
vn 0.1457 0.8737 -0.4641
vn 0.4240 0.8744 -0.2358
vn 0.8707 0.0019 -0.4919
vn 0.4619 0.8754 0.1428
vn 0.9594 0.0011 0.2822
vn 0.6165 0.0001 0.7873
vn -0.2979 0.8669 -0.3997
vn 0.1343 0.8640 0.4853
vn -0.4532 0.8739 -0.1759
vn -0.9301 -0.0011 -0.3672
vn -0.9236 -0.0020 0.3833
vn -0.4463 0.8749 0.1882
vn -0.3682 -0.0009 0.9297
vn 0.4576 0.8722 0.1731
vn 0.3009 0.8642 0.4031
vn 0.3084 0.8651 0.3956
vn 0.1193 0.8650 0.4874
vn 0.2409 0.0002 0.9706
vn -0.1704 0.8754 0.4523
vn 0.4441 0.8744 -0.1954
vn -0.1185 0.8682 -0.4819
vn -0.4587 0.8771 -0.1426
vn 0.9368 0.0014 0.3498
vn 0.5983 0.0003 0.8013
vn 0.2631 -0.0000 0.9648
vn 0.9133 0.0026 -0.4073
vn 0.1713 0.8769 -0.4492
vn 0.3499 0.0012 -0.9368
vn -0.2425 -0.0002 -0.9702
vn -0.1458 0.8724 0.4666
vn -0.3010 -0.0012 0.9536
vn -0.8832 -0.0026 0.4690
vn -0.3060 0.8679 -0.3912
vn -0.6152 -0.0001 -0.7883
vn -0.9536 -0.0014 -0.3010
vn -0.4260 0.8749 0.2302
vn -0.6790 -0.0000 0.7341
vn -0.3399 0.8647 0.3699
vn -0.9793 -0.0011 0.2026
vn -0.3197 -0.0000 0.9475
vn -0.4716 0.8753 0.1068
vn -0.4027 0.8749 -0.2691
vn -0.8274 -0.0019 -0.5616
vn -0.1052 0.8740 -0.4744
vn -0.2036 -0.0008 -0.9791
vn 0.3423 0.0001 -0.9396
vn -0.1605 0.8650 0.4755
vn 0.3376 0.8684 -0.3633
vn 0.1372 0.8753 0.4638
vn 0.2907 0.0009 0.9568
vn 0.8891 0.0020 0.4578
vn 0.4299 0.8744 0.2249
vn 0.9571 0.0011 -0.2897
vn -0.1327 0.8772 -0.4615
vn 0.1593 0.8681 -0.4702
vn 0.1695 0.8671 -0.4684
vn 0.3282 0.8671 -0.3747
vn 0.6613 0.0002 -0.7501
vn 0.4676 0.8738 -0.1334
vn -0.4259 0.8749 -0.2305
vn -0.3321 0.8638 0.3789
vn 0.1063 0.8720 0.4778
vn -0.2719 -0.0011 -0.9623
vn 0.3213 0.0001 -0.9470
vn 0.6778 0.0002 -0.7352
vn -0.8768 -0.0026 -0.4809
vn -0.4697 0.8723 0.1363
vn -0.9623 -0.0014 0.2718
vn -0.6620 -0.0002 0.7495
vn 0.4689 0.8770 -0.1049
vn 0.9751 0.0014 -0.2217
vn 0.8418 0.0026 0.5398
vn -0.1724 0.8641 0.4730
vn -0.3414 -0.0002 0.9399
vn 0.2218 0.0012 0.9751
vn 0.4063 0.8744 0.2652
vn 0.4656 -0.8739 -0.1398
vn 0.4294 -0.8749 0.2242
vn 0.3302 -0.8670 -0.3732
vn -0.4688 -0.8722 0.1396
vn 0.1721 -0.8669 -0.4678
vn 0.1328 -0.8754 0.4648
vn -0.4266 -0.8744 -0.2312
vn -0.1609 -0.8649 0.4754
vn -0.1728 -0.8641 0.4728
vn -0.1071 -0.8737 -0.4746
vn -0.3321 -0.8642 0.3781
vn 0.1070 -0.8724 0.4770
vn -0.1336 -0.8769 -0.4618
vn 0.4063 -0.8750 0.2634
vn 0.1588 -0.8681 -0.4704
vn -0.4030 -0.8744 -0.2703
vn 0.4694 -0.8770 -0.1023
vn -0.4720 -0.8754 0.1044
vn -0.3406 -0.8651 0.3682
vn 0.3370 -0.8679 -0.3649
vn -0.1196 -0.8681 -0.4818
vn 0.1725 -0.8771 -0.4482
vn 0.4432 -0.8749 -0.1950
vn 0.4570 -0.8723 0.1741
vn -0.3051 -0.8682 -0.3914
vn 0.1217 -0.8649 0.4870
vn -0.4588 -0.8770 -0.1431
vn -0.4272 -0.8744 0.2300
vn 0.4615 -0.8753 0.1443
vn 0.3100 -0.8648 0.3949
vn 0.3009 -0.8639 0.4039
vn -0.4551 -0.8738 -0.1713
vn 0.1329 -0.8640 0.4855
vn -0.1429 -0.8721 0.4680
vn 0.4232 -0.8749 -0.2356
vn -0.1301 -0.8672 -0.4807
vn 0.1435 -0.8740 -0.4643
vn -0.2972 -0.8672 -0.3997
vn -0.1748 -0.8753 0.4509
vn -0.4464 -0.8744 0.1900
vn -0.4523 -0.8673 -0.2079
vn -0.4817 -0.8738 0.0667
vn -0.3029 -0.8744 0.3791
vn 0.0642 -0.8752 0.4795
vn -0.3443 -0.8671 -0.3599
vn 0.4563 -0.8638 0.2136
vn -0.0977 -0.8741 -0.4759
vn 0.2602 -0.8749 -0.4084
vn 0.0947 -0.8720 0.4803
vn 0.3476 -0.8640 0.3643
vn 0.3389 -0.8648 0.3704
vn 0.4609 -0.8648 0.1992
vn 0.4746 -0.8753 -0.0924
vn -0.2664 -0.8744 0.4056
vn -0.4552 -0.8684 -0.1967
vn -0.0640 -0.8772 -0.4758
vn -0.4712 -0.8770 0.0943
vn 0.4846 -0.8723 -0.0657
vn -0.3346 -0.8682 -0.3665
vn 0.2982 -0.8750 -0.3814
vn -0.6228 0.4925 -0.6079
vn -0.8071 0.3389 -0.4834
vn -0.9098 0.0025 -0.4150
vn -0.8042 -0.3430 -0.4854
vn -0.4945 0.4923 -0.7164
vn -0.4691 -0.4928 -0.7329
vn -0.3462 0.3423 -0.8735
vn -0.2595 -0.0023 -0.9657
vn -0.8466 -0.3415 -0.4082
vn -0.6450 -0.4921 -0.5847
vn -0.6242 -0.4930 -0.6061
vn -0.4961 -0.4926 -0.7150
vn -0.3440 -0.3395 -0.8755
vn -0.9537 -0.0025 -0.3006
vn -0.6458 0.4924 -0.5835
vn -0.2633 0.3411 -0.9024
vn -0.8441 0.3450 -0.4104
vn -0.2655 -0.3450 -0.9002
vn -0.4707 0.4917 -0.7325
vn -0.1395 0.0027 -0.9902
vn -0.2434 -0.8753 0.4179
vn -0.4719 -0.8744 0.1125
vn 0.0400 -0.8649 0.5003
vn 0.2459 -0.8772 -0.4124
vn 0.2414 -0.8649 0.4401
vn -0.4206 -0.8738 -0.2441
vn 0.4694 -0.8749 -0.1190
vn -0.2281 -0.8672 -0.4427
vn -0.0377 -0.8681 -0.4949
vn -0.2375 -0.8682 -0.4356
vn 0.4310 -0.8753 0.2192
vn -0.4289 -0.8770 -0.2168
vn 0.4220 -0.8723 0.2470
vn -0.4593 -0.8744 0.1563
vn 0.2301 -0.8639 0.4480
vn 0.4563 -0.8748 -0.1627
vn -0.2182 -0.8721 0.4380
vn 0.2184 -0.8740 -0.4342
vn -0.0505 -0.8670 -0.4957
vn 0.0510 -0.8641 0.5008
vn 0.4760 -0.8739 0.0990
vn 0.2706 -0.8749 0.4016
vn 0.4683 -0.8669 -0.1708
vn -0.4786 -0.8722 -0.1009
vn 0.3743 -0.8669 -0.3293
vn -0.1048 -0.8755 0.4717
vn -0.2647 -0.8744 -0.4067
vn -0.3680 -0.8650 0.3410
vn -0.4721 -0.8642 0.1739
vn -0.3773 -0.8641 0.3331
vn 0.1321 -0.8736 -0.4684
vn -0.1333 -0.8725 0.4701
vn 0.1028 -0.8768 -0.4698
vn 0.2316 -0.8750 0.4251
vn 0.3639 -0.8680 -0.3379
vn -0.2253 -0.8743 -0.4298
vn 0.4614 -0.8771 0.1337
vn -0.4647 -0.8754 -0.1334
vn -0.4749 -0.8652 0.1611
vn 0.4702 -0.8679 -0.1602
vn -0.2077 -0.8769 -0.4335
vn -0.4587 -0.8744 -0.1581
vn 0.0797 -0.8681 -0.4900
vn 0.2052 -0.8754 0.4377
vn 0.2727 -0.8680 -0.4151
vn -0.4408 -0.8722 0.2122
vn 0.4603 -0.8749 0.1508
vn -0.2660 -0.8642 0.4272
vn -0.2746 -0.8650 0.4200
vn 0.4463 -0.8771 -0.1775
vn -0.0813 -0.8649 0.4953
vn -0.4498 -0.8754 0.1773
vn 0.4387 -0.8739 -0.2095
vn -0.4418 -0.8744 -0.2005
vn 0.2647 -0.8670 -0.4222
vn 0.4439 -0.8749 0.1933
vn -0.1827 -0.8737 -0.4508
vn 0.1822 -0.8724 0.4536
vn -0.0915 -0.8641 0.4949
vn 0.0931 -0.8670 -0.4896
vn 0.6564 0.4930 -0.5711
vn 0.5474 0.3394 -0.7650
vn 0.4877 0.0029 -0.8730
vn 0.5494 -0.3426 -0.7621
vn 0.7541 0.4927 -0.4343
vn 0.7689 -0.4924 -0.4080
vn 0.8987 0.3427 -0.2737
vn 0.9837 -0.0019 -0.1800
vn 0.4759 -0.3409 -0.8107
vn 0.6355 -0.4916 -0.5954
vn 0.6551 -0.4925 -0.5729
vn 0.7532 -0.4921 -0.4364
vn 0.9007 -0.3390 -0.2716
vn 0.3773 -0.0020 -0.9261
vn 0.6340 0.4928 -0.5960
vn 0.9207 0.3415 -0.1888
vn 0.4777 0.3454 -0.8078
vn 0.9190 -0.3446 -0.1914
vn 0.7683 0.4922 -0.4093
vn 0.9983 0.0032 -0.0584
vn 0.5540 0.4929 -0.6709
vn 0.4147 0.3393 -0.8443
vn 0.3381 0.0029 -0.9411
vn 0.4171 -0.3426 -0.8418
vn 0.6728 0.4927 -0.5520
vn 0.6917 -0.4924 -0.5284
vn 0.8417 0.3427 -0.4173
vn 0.9409 -0.0019 -0.3387
vn 0.3367 -0.3410 -0.8777
vn 0.5294 -0.4917 -0.6914
vn 0.5524 -0.4926 -0.6725
vn 0.8774 0.3415 -0.3370
vn 0.6716 -0.4922 -0.5538
vn 0.8441 -0.3391 -0.4155
vn 0.2205 -0.0022 -0.9754
vn 0.5274 0.4926 -0.6922
vn 0.3389 0.3454 -0.8751
vn 0.6909 0.4921 -0.5296
vn 0.8752 -0.3447 -0.3393
vn 0.9752 0.0035 -0.2211
vn 0.4080 0.3423 -0.8464
vn 0.5344 -0.0020 -0.8452
vn 0.1907 0.4928 -0.8490
vn -0.2723 -0.3425 -0.8992
vn 0.0239 0.4924 -0.8700
vn 0.4108 -0.3392 -0.8463
vn -0.4252 -0.0023 -0.9051
vn 0.1885 -0.4927 -0.8495
vn -0.0066 -0.4920 -0.8706
vn 0.2218 -0.4924 -0.8417
vn -0.1914 0.3392 -0.9210
vn 0.4822 -0.3448 -0.8054
vn -0.2699 0.3454 -0.8988
vn 0.6337 0.0038 -0.7736
vn -0.0091 0.4924 -0.8703
vn -0.3114 0.0030 -0.9503
vn 0.4850 0.3415 -0.8050
vn -0.1879 -0.3428 -0.9204
vn 0.0218 -0.4925 -0.8701
vn 0.2197 0.4920 -0.8424
vn -0.0554 -0.8768 -0.4776
vn -0.3823 -0.8744 -0.2988
vn 0.2347 -0.8680 -0.4375
vn 0.0517 -0.8754 0.4806
vn 0.3929 -0.8679 -0.3039
vn -0.4858 -0.8722 0.0572
vn 0.3863 -0.8749 0.2923
vn -0.3905 -0.8642 0.3173
vn -0.3962 -0.8650 0.3078
vn 0.4799 -0.8770 -0.0228
vn -0.2379 -0.8649 0.4419
vn -0.4829 -0.8754 0.0212
vn 0.4830 -0.8739 -0.0555
vn -0.3526 -0.8744 -0.3334
vn 0.3876 -0.8670 -0.3133
vn 0.3569 -0.8750 0.3271
vn -0.0261 -0.8737 -0.4858
vn 0.0248 -0.8724 0.4881
vn -0.2475 -0.8642 0.4381
vn 0.2473 -0.8669 -0.4328
vn -0.1919 -0.8641 0.4652
vn -0.0086 -0.8641 0.5033
vn 0.2559 -0.8723 0.4166
vn 0.4698 -0.8749 0.1175
vn -0.2546 -0.8737 -0.4145
vn -0.3996 -0.8722 0.2822
vn 0.1918 -0.8670 -0.4598
vn 0.0086 -0.8671 -0.4980
vn -0.4784 -0.8744 -0.0805
vn -0.2761 -0.8769 -0.3935
vn 0.4109 -0.8771 -0.2489
vn -0.4688 -0.8744 -0.1249
vn -0.4126 -0.8754 0.2519
vn 0.3961 -0.8739 -0.2817
vn 0.4790 -0.8749 0.0722
vn 0.2761 -0.8754 0.3968
vn -0.2019 -0.8650 0.4593
vn 0.0019 -0.8649 0.5020
vn -0.0023 -0.8681 -0.4963
vn 0.2014 -0.8680 -0.4538
vn 0.3641 0.8769 -0.3137
vn 0.4835 0.8745 0.0392
vn 0.1233 0.8682 -0.4807
vn -0.3635 0.8753 0.3188
vn -0.0835 0.8680 -0.4895
vn 0.3187 0.8721 0.3713
vn -0.4822 0.8748 -0.0463
vn 0.0723 0.8641 0.4981
vn -0.1243 0.8648 0.4865
vn 0.0830 0.8650 0.4949
vn -0.3377 0.8771 -0.3415
vn 0.3409 0.8753 0.3428
vn -0.3179 0.8739 -0.3677
vn 0.4852 0.8744 -0.0064
vn -0.0733 0.8670 -0.4928
vn -0.4843 0.8749 -0.0008
vn 0.3482 0.8738 -0.3396
vn -0.3488 0.8723 0.3426
vn -0.1147 0.8640 0.4902
vn 0.1109 0.8670 -0.4857
vn 0.2824 -0.8739 -0.3956
vn 0.4767 -0.8749 -0.0857
vn 0.0323 -0.8671 -0.4971
vn -0.2848 -0.8721 0.3978
vn -0.1506 -0.8670 -0.4749
vn 0.3898 -0.8753 0.2861
vn -0.4787 -0.8744 0.0789
vn 0.1642 -0.8648 0.4745
vn -0.0307 -0.8641 0.5025
vn 0.1532 -0.8639 0.4797
vn -0.3754 -0.8738 -0.3092
vn 0.3769 -0.8723 0.3116
vn -0.3885 -0.8769 -0.2830
vn 0.4825 -0.8749 -0.0406
vn -0.1626 -0.8682 -0.4688
vn -0.4840 -0.8744 0.0335
vn 0.3083 -0.8771 -0.3683
vn -0.3090 -0.8753 0.3720
vn -0.0435 -0.8650 0.4999
vn 0.0428 -0.8680 -0.4947
vn -0.1765 -0.8741 -0.4526
vn 0.1892 -0.8750 -0.4457
vn -0.3983 -0.8672 -0.2989
vn 0.1772 -0.8720 0.4563
vn -0.4798 -0.8672 -0.1336
vn 0.4529 -0.8753 -0.1694
vn -0.1958 -0.8743 0.4441
vn 0.4871 -0.8647 0.1225
vn 0.4039 -0.8639 0.3009
vn 0.4855 -0.8638 0.1345
vn -0.4641 -0.8738 0.1453
vn 0.4671 -0.8723 -0.1447
vn -0.4493 -0.8770 0.1705
vn 0.2302 -0.8750 -0.4258
vn -0.4813 -0.8683 -0.1202
vn -0.2367 -0.8743 0.4237
vn -0.1394 -0.8773 -0.4593
vn 0.1424 -0.8752 0.4624
vn 0.3947 -0.8649 0.3102
vn -0.3904 -0.8682 -0.3063
vn -0.7640 0.3453 -0.5450
vn -0.8906 -0.0039 -0.4548
vn -0.5402 0.4924 -0.6824
vn -0.1924 -0.3376 -0.9214
vn -0.3426 0.4918 -0.8005
vn -0.7670 -0.3416 -0.5431
vn -0.0957 -0.0032 -0.9954
vn -0.5386 -0.4922 -0.6839
vn -0.5155 -0.4928 -0.7011
vn -0.1100 0.3414 -0.9335
vn -0.3709 -0.4927 -0.7872
vn -0.7128 -0.3426 -0.6120
vn -0.1967 0.3427 -0.9186
vn -0.8283 0.0019 -0.5602
vn -0.3698 0.4927 -0.7877
vn 0.0268 0.0022 -0.9996
vn -0.7155 0.3391 -0.6107
vn -0.1129 -0.3456 -0.9316
vn -0.3400 -0.4924 -0.8012
vn -0.5143 0.4922 -0.7023
vn -0.8368 0.4924 -0.2393
vn -0.9399 0.3389 -0.0422
vn -0.9978 0.0024 0.0668
vn -0.9382 -0.3431 -0.0452
vn -0.7753 0.4922 -0.3958
vn -0.7608 -0.4929 -0.4222
vn -0.7194 0.3421 -0.6045
vn -0.6869 -0.0024 -0.7267
vn -0.9389 -0.3415 0.0429
vn -0.8452 -0.4922 -0.2082
vn -0.8371 -0.4931 -0.2369
vn -0.7761 -0.4927 -0.3936
vn -0.7184 -0.3396 -0.6071
vn -0.9821 -0.0025 0.1883
vn -0.8454 0.4923 -0.2070
vn -0.6602 0.3409 -0.6693
vn -0.9378 0.3450 0.0396
vn -0.6611 -0.3452 -0.6662
vn -0.7621 0.4916 -0.4212
vn -0.5929 0.0026 -0.8052
vn 0.3027 0.8682 -0.3933
vn 0.4365 0.8682 -0.2359
vn 0.4776 0.8770 0.0534
vn 0.2988 0.8744 0.3823
vn -0.4806 0.8753 -0.0531
vn 0.0221 0.8772 -0.4796
vn -0.3078 0.8648 0.3967
vn -0.4420 0.8647 0.2386
vn -0.3276 0.8750 -0.3565
vn -0.4885 0.8723 -0.0240
vn -0.0572 0.8720 0.4862
vn -0.2929 0.8749 -0.3857
vn 0.0548 0.8741 -0.4827
vn -0.0211 0.8752 0.4833
vn 0.3340 0.8743 0.3521
vn 0.4856 0.8738 0.0262
vn 0.3126 0.8672 -0.3877
vn 0.4330 0.8673 -0.2456
vn -0.4379 0.8638 0.2491
vn -0.3177 0.8640 0.3907
vn -0.1183 -0.3398 0.9330
vn -0.2411 -0.0038 0.9705
vn 0.0985 -0.4877 0.8674
vn 0.5468 0.3481 0.7615
vn 0.2583 -0.4882 0.8336
vn -0.1149 0.3441 0.9319
vn 0.7016 -0.0029 0.7126
vn 0.0963 0.4882 0.8674
vn 0.0673 0.4878 0.8704
vn 0.4781 -0.3439 0.8082
vn 0.2882 0.4879 0.8240
vn -0.2013 0.3431 0.9175
vn 0.5518 -0.3426 0.7604
vn -0.3581 0.0021 0.9337
vn 0.2873 -0.4874 0.8246
vn 0.6091 0.0025 0.7931
vn -0.1984 -0.3463 0.9169
vn 0.4814 0.3401 0.8079
vn 0.2558 0.4881 0.8345
vn 0.0658 -0.4879 0.8704
vn -0.2375 -0.4928 -0.8371
vn -0.0403 -0.3392 -0.9399
vn 0.0687 -0.0027 -0.9976
vn -0.0436 0.3428 -0.9384
vn -0.3941 -0.4926 -0.7759
vn -0.4209 0.4925 -0.7618
vn -0.6029 -0.3426 -0.7205
vn -0.7254 0.0020 -0.6883
vn 0.0445 0.3411 -0.9390
vn -0.2068 0.4918 -0.8458
vn -0.2355 0.4927 -0.8377
vn -0.6678 -0.3413 -0.6614
vn -0.3923 0.4923 -0.7770
vn -0.6058 0.3392 -0.7197
vn 0.1902 0.0023 -0.9817
vn -0.2046 -0.4925 -0.8459
vn 0.0415 -0.3452 -0.9376
vn -0.4197 -0.4920 -0.7627
vn -0.6650 0.3447 -0.6625
vn -0.8041 -0.0034 -0.5945
vn 0.4139 0.8682 -0.2738
vn 0.4894 0.8682 -0.0815
vn 0.4344 0.8770 0.2055
vn 0.1587 0.8743 0.4586
vn -0.4374 0.8753 -0.2061
vn 0.1764 0.8773 -0.4463
vn -0.4198 0.8648 0.2756
vn -0.4955 0.8647 0.0824
vn -0.1943 0.8750 -0.4434
vn -0.4543 0.8723 -0.1810
vn -0.2117 0.8719 0.4415
vn -0.1520 0.8750 -0.4597
vn 0.2083 0.8741 -0.4388
vn -0.1767 0.8752 0.4504
vn 0.2017 0.8743 0.4414
vn 0.4508 0.8738 0.1824
vn 0.4214 0.8672 -0.2653
vn 0.4892 0.8673 -0.0918
vn -0.4950 0.8638 0.0938
vn -0.4272 0.8639 0.2667
vn 0.3540 0.4922 -0.7952
vn 0.1331 0.4923 -0.8602
vn -0.1196 0.3449 -0.9310
vn -0.2712 -0.0037 -0.9625
vn 0.5453 -0.3376 -0.7672
vn 0.6103 0.3416 -0.7147
vn 0.1644 -0.4925 -0.8546
vn 0.3259 -0.4924 -0.8070
vn 0.7519 0.0032 -0.6593
vn 0.6071 -0.3453 -0.7157
vn -0.1223 -0.3414 -0.9319
vn 0.6656 -0.0029 -0.7463
vn 0.5406 0.3430 -0.7682
vn -0.0350 -0.3424 -0.9389
vn -0.1515 0.0022 -0.9885
vn -0.0386 0.3386 -0.9402
vn 0.3272 0.4929 -0.8062
vn 0.1672 0.4929 -0.8539
vn 0.3566 -0.4923 -0.7940
vn 0.1361 -0.4919 -0.8599
vn -0.4374 0.8739 0.2123
vn -0.1642 0.8749 0.4555
vn -0.4959 0.8669 -0.0511
vn 0.4395 0.8722 -0.2149
vn -0.4435 0.8669 -0.2278
vn 0.2170 0.8755 0.4317
vn 0.1572 0.8743 -0.4591
vn 0.4402 0.8650 0.2407
vn 0.4472 0.8641 0.2308
vn -0.2426 0.8736 -0.4220
vn 0.5003 0.8642 0.0532
vn 0.2442 0.8725 0.4232
vn -0.2145 0.8767 -0.4305
vn -0.1207 0.8750 0.4688
vn -0.4355 0.8680 -0.2387
vn 0.1134 0.8743 -0.4720
vn -0.4147 0.8771 0.2423
vn 0.4180 0.8754 -0.2430
vn 0.4998 0.8652 0.0401
vn -0.4952 0.8679 -0.0403
vn 0.9389 0.3425 0.0327
vn 0.9889 -0.0019 0.1486
vn 0.8538 0.4931 -0.1672
vn 0.7135 -0.3421 -0.6115
vn 0.8059 0.4927 -0.3284
vn 0.9401 -0.3390 0.0351
vn 0.6572 -0.0020 -0.7537
vn 0.8536 -0.4925 -0.1698
vn 0.7943 -0.4917 -0.3568
vn 0.8598 -0.4921 -0.1361
vn 0.7659 0.3395 -0.5461
vn 0.9314 -0.3446 0.1169
vn 0.7139 0.3458 -0.6089
vn 0.9633 0.0039 0.2685
vn 0.7928 0.4927 -0.3587
vn 0.7444 0.0034 -0.6677
vn 0.9322 0.3416 0.1198
vn 0.7668 -0.3425 -0.5428
vn 0.8053 -0.4922 -0.3306
vn 0.8595 0.4922 -0.1381
vn -0.3370 -0.3423 -0.8771
vn -0.4630 0.0020 -0.8864
vn -0.1202 -0.4928 -0.8618
vn 0.3453 0.3425 -0.8738
vn 0.0479 -0.4924 -0.8691
vn -0.3397 0.3393 -0.8772
vn 0.4983 0.0024 -0.8670
vn -0.1179 0.4928 -0.8621
vn 0.0782 0.4920 -0.8671
vn -0.1517 0.4924 -0.8570
vn 0.2666 -0.3391 -0.9022
vn -0.4143 0.3448 -0.8423
vn 0.3430 -0.3454 -0.8735
vn -0.5679 -0.0038 -0.8231
vn 0.0807 -0.4924 -0.8666
vn 0.3885 -0.0030 -0.9214
vn -0.4171 -0.3415 -0.8423
vn 0.2631 0.3429 -0.9018
vn 0.0499 0.4925 -0.8689
vn -0.1496 -0.4920 -0.8577
vn -0.6106 0.3420 -0.7143
vn -0.5587 -0.0024 -0.8294
vn -0.7005 0.4925 -0.5165
vn -0.9327 -0.3427 -0.1126
vn -0.7869 0.4921 -0.3722
vn -0.6093 -0.3396 -0.7166
vn -0.9997 -0.0025 0.0249
vn -0.7017 -0.4930 -0.5143
vn -0.6811 -0.4927 -0.5417
vn -0.9203 0.3389 -0.1956
vn -0.7995 -0.4923 -0.3443
vn -0.5431 -0.3451 -0.7655
vn -0.9315 0.3452 -0.1148
vn -0.4530 0.0034 -0.8915
vn -0.8004 0.4922 -0.3421
vn -0.9952 0.0028 -0.0975
vn -0.5418 0.3412 -0.7681
vn -0.9181 -0.3431 -0.1983
vn -0.7876 -0.4927 -0.3700
vn -0.6828 0.4917 -0.5404
vn -0.6006 -0.3436 0.7219
vn -0.5171 -0.0024 0.8559
vn -0.7280 -0.4878 0.4817
vn -0.9319 0.3428 0.1182
vn -0.8270 -0.4882 0.2788
vn -0.6019 0.3460 0.7197
vn -1.0000 -0.0026 0.0063
vn -0.7270 0.4873 0.4838
vn -0.7453 0.4876 0.4547
vn -0.9374 -0.3467 0.0344
vn -0.8168 0.4879 0.3079
vn -0.6641 0.3402 0.6657
vn -0.9332 -0.3402 0.1160
vn -0.6180 0.0035 0.7862
vn -0.8159 -0.4882 0.3100
vn -0.9932 0.0028 -0.1162
vn -0.6649 -0.3444 0.6628
vn -0.9390 0.3425 0.0315
vn -0.8266 0.4876 0.2809
vn -0.7438 -0.4886 0.4562
vn 0.6604 0.3424 -0.6683
vn 0.7796 -0.0019 -0.6263
vn 0.4557 0.4929 -0.7412
vn 0.0340 -0.3424 -0.9389
vn 0.3047 0.4925 -0.8152
vn 0.6630 -0.3391 -0.6674
vn -0.1087 -0.0022 -0.9941
vn 0.4538 -0.4926 -0.7426
vn 0.2761 -0.4919 -0.8257
vn 0.4827 -0.4923 -0.7243
vn 0.1176 0.3393 -0.9333
vn 0.7173 -0.3447 -0.6055
vn 0.0360 0.3455 -0.9377
vn 0.8503 0.0039 -0.5263
vn 0.2736 0.4925 -0.8262
vn 0.0136 0.0032 -0.9999
vn 0.7198 0.3416 -0.6042
vn 0.1207 -0.3427 -0.9316
vn 0.3028 -0.4924 -0.8160
vn 0.4810 0.4921 -0.7256
vt 0.258735 -0.790907
vt 0.271923 -0.796370
vt 0.285784 -0.782508
vt 0.290139 -0.840347
vt 0.309742 -0.840347
vt 0.271923 -0.884325
vt 0.258735 -0.771304
vt 0.313508 -0.754785
vt 0.149859 -0.771304
vt 0.149859 -0.790907
vt 0.136671 -0.796370
vt 0.285784 -0.898187
vt 0.348949 -0.840347
vt 0.258735 -0.909391
vt 0.258735 -0.889787
vt 0.149859 -0.889787
vt 0.149859 -0.732097
vt 0.122810 -0.782508
vt 0.258735 -0.732097
vt 0.327369 -0.740923
vt 0.258735 -0.712494
vt 0.149859 -0.712494
vt 0.368552 -0.840347
vt 0.095086 -0.754785
vt 0.081225 -0.740923
vt 0.040042 -0.840347
vt 0.313508 -0.925910
vt 0.327369 -0.939772
vt 0.258735 -0.968201
vt 0.059645 -0.840347
vt 0.081225 -0.939772
vt 0.258735 -0.948598
vt 0.098852 -0.840347
vt 0.118455 -0.840347
vt 0.095086 -0.925910
vt 0.122810 -0.898187
vt 0.136671 -0.884325
vt 0.149859 -0.909391
vt 0.149859 -0.948598
vt 0.149859 -0.968201
s 1
usemtl pudge_hook_chain
f 1/1/1 3/2/2 2/3/3
f 2/3/3 3/2/2 4/4/4
f 5/5/5 2/3/3 4/4/4
f 5/5/5 4/4/4 6/6/6
f 7/7/7 1/1/1 2/3/3
f 8/8/8 2/3/3 5/5/5
f 7/7/7 2/3/3 8/8/8
f 7/7/7 9/9/9 1/1/1
f 9/9/9 10/10/10 1/1/1
f 10/10/10 9/9/9 11/11/11
f 12/12/12 5/5/5 6/6/6
f 13/13/13 8/8/8 5/5/5
f 13/13/13 5/5/5 12/12/12
f 14/14/14 12/12/12 6/6/6
f 15/15/15 14/14/14 6/6/6
f 14/14/14 15/15/15 16/16/16
f 17/17/17 9/9/9 7/7/7
f 9/9/9 18/18/18 11/11/11
f 9/9/9 17/17/17 18/18/18
f 19/19/19 7/7/7 8/8/8
f 19/19/19 17/17/17 7/7/7
f 8/8/8 13/13/13 20/20/20
f 19/19/19 8/8/8 20/20/20
f 21/21/21 19/19/19 20/20/20
f 19/19/19 21/21/21 22/22/22
f 17/17/17 19/19/19 22/22/22
f 13/13/13 23/23/23 20/20/20
f 17/17/17 22/22/22 24/24/24
f 17/17/17 24/24/24 18/18/18
f 22/22/22 25/25/25 24/24/24
f 24/24/24 25/25/25 26/26/26
f 13/13/13 27/27/27 23/23/23
f 27/27/27 28/28/28 23/23/23
f 27/27/27 13/13/13 12/12/12
f 29/29/29 28/28/28 27/27/27
f 30/30/30 24/24/24 26/26/26
f 24/24/24 30/30/30 18/18/18
f 30/30/30 26/26/26 31/31/31
f 32/32/32 27/27/27 12/12/12
f 32/32/32 29/29/29 27/27/27
f 14/14/14 32/32/32 12/12/12
f 30/30/30 33/33/33 18/18/18
f 18/18/18 33/33/33 11/11/11
f 33/33/33 34/34/34 11/11/11
f 35/35/35 30/30/30 31/31/31
f 30/30/30 35/35/35 33/33/33
f 33/33/33 36/36/36 34/34/34
f 35/35/35 36/36/36 33/33/33
f 36/36/36 37/37/37 34/34/34
f 16/16/16 37/37/37 36/36/36
f 38/38/38 14/14/14 16/16/16
f 38/38/38 16/16/16 36/36/36
f 32/32/32 14/14/14 38/38/38
f 38/38/38 36/36/36 35/35/35
f 32/32/32 39/39/39 29/29/29
f 39/39/39 32/32/32 38/38/38
f 39/39/39 38/38/38 35/35/35
f 39/39/39 35/35/35 31/31/31
f 39/39/39 40/40/40 29/29/29
f 40/40/40 39/39/39 31/31/31
f 41/10/41 43/1/42 42/9/43
f 41/10/41 42/9/43 44/11/44
f 43/1/42 45/7/45 42/9/43
f 45/7/45 43/1/42 46/3/46
f 43/1/42 47/2/47 46/3/46
f 47/2/47 48/4/48 46/3/46
f 48/4/48 49/5/49 46/3/46
f 48/4/48 50/6/50 49/5/49
f 45/7/45 46/3/46 51/8/51
f 46/3/46 49/5/49 51/8/51
f 42/9/43 52/18/52 44/11/44
f 42/9/43 45/7/45 53/17/53
f 42/9/43 53/17/53 52/18/52
f 54/19/54 45/7/45 51/8/51
f 45/7/45 54/19/54 53/17/53
f 44/11/44 52/18/52 55/33/55
f 56/34/56 44/11/44 55/33/55
f 56/34/56 55/33/55 57/36/57
f 58/37/58 56/34/56 57/36/57
f 59/16/59 58/37/58 57/36/57
f 50/6/50 60/12/60 49/5/49
f 49/5/49 61/13/61 51/8/51
f 49/5/49 60/12/60 61/13/61
f 54/19/54 51/8/51 62/20/62
f 51/8/51 61/13/61 62/20/62
f 63/21/63 54/19/54 62/20/62
f 54/19/54 63/21/63 64/22/64
f 61/13/61 65/23/65 62/20/62
f 53/17/53 54/19/54 64/22/64
f 61/13/61 66/27/66 65/23/65
f 60/12/60 66/27/66 61/13/61
f 66/27/66 67/28/67 65/23/65
f 68/29/68 67/28/67 66/27/66
f 53/17/53 64/22/64 69/24/69
f 64/22/64 70/25/70 69/24/69
f 53/17/53 69/24/69 52/18/52
f 69/24/69 70/25/70 71/26/71
f 52/18/52 69/24/69 72/30/72
f 72/30/72 69/24/69 71/26/71
f 55/33/55 52/18/52 72/30/72
f 72/30/72 71/26/71 73/31/73
f 55/33/55 72/30/72 74/35/74
f 74/35/74 72/30/72 73/31/73
f 57/36/57 55/33/55 74/35/74
f 75/32/75 68/29/68 66/27/66
f 75/32/75 66/27/66 60/12/60
f 76/39/76 74/35/74 73/31/73
f 75/32/75 76/39/76 68/29/68
f 77/40/77 76/39/76 73/31/73
f 76/39/76 77/40/77 68/29/68
f 78/38/78 57/36/57 74/35/74
f 76/39/76 78/38/78 74/35/74
f 78/38/78 76/39/76 75/32/75
f 78/38/78 59/16/59 57/36/57
f 79/14/79 75/32/75 60/12/60
f 79/14/79 78/38/78 75/32/75
f 59/16/59 78/38/78 79/14/79
f 79/14/79 60/12/60 50/6/50
f 80/15/80 59/16/59 79/14/79
f 80/15/80 79/14/79 50/6/50
f 81/15/81 83/14/82 82/6/83
f 83/14/82 81/15/81 84/16/84
f 83/14/82 85/12/85 82/6/83
f 85/12/85 86/5/86 82/6/83
f 86/5/86 87/4/87 82/6/83
f 86/5/86 88/3/88 87/4/87
f 88/3/88 89/2/89 87/4/87
f 90/1/90 89/2/89 88/3/88
f 91/38/91 83/14/82 84/16/84
f 83/14/82 92/32/92 85/12/85
f 92/32/92 83/14/82 91/38/91
f 91/38/91 84/16/84 93/36/93
f 84/16/84 94/37/94 93/36/93
f 93/36/93 94/37/94 95/34/95
f 96/33/96 93/36/93 95/34/95
f 96/33/96 95/34/95 97/11/97
f 91/38/91 93/36/93 98/35/98
f 98/35/98 93/36/93 96/33/96
f 99/39/99 92/32/92 91/38/91
f 99/39/99 91/38/91 98/35/98
f 100/7/100 90/1/90 88/3/88
f 100/7/100 88/3/88 101/8/101
f 101/8/101 88/3/88 86/5/86
f 100/7/100 102/9/102 90/1/90
f 102/9/102 103/10/103 90/1/90
f 103/10/103 102/9/102 97/11/97
f 104/18/104 96/33/96 97/11/97
f 102/9/102 104/18/104 97/11/97
f 105/30/105 98/35/98 96/33/96
f 105/30/105 96/33/96 104/18/104
f 106/17/106 102/9/102 100/7/100
f 102/9/102 106/17/106 104/18/104
f 99/39/99 98/35/98 107/31/107
f 98/35/98 105/30/105 107/31/107
f 108/40/108 99/39/99 107/31/107
f 99/39/99 108/40/108 109/29/109
f 105/30/105 110/26/110 107/31/107
f 92/32/92 99/39/99 109/29/109
f 111/24/111 105/30/105 104/18/104
f 105/30/105 111/24/111 110/26/110
f 106/17/106 111/24/111 104/18/104
f 111/24/111 112/25/112 110/26/110
f 113/22/113 112/25/112 111/24/111
f 106/17/106 113/22/113 111/24/111
f 114/19/114 106/17/106 100/7/100
f 106/17/106 114/19/114 113/22/113
f 114/19/114 115/21/115 113/22/113
f 114/19/114 100/7/100 101/8/101
f 115/21/115 114/19/114 116/20/116
f 114/19/114 101/8/101 116/20/116
f 92/32/92 109/29/109 117/27/117
f 109/29/109 118/28/118 117/27/117
f 92/32/92 117/27/117 85/12/85
f 117/27/117 118/28/118 119/23/119
f 101/8/101 120/13/120 116/20/116
f 120/13/120 119/23/119 116/20/116
f 120/13/120 117/27/117 119/23/119
f 117/27/117 120/13/120 85/12/85
f 120/13/120 101/8/101 86/5/86
f 120/13/120 86/5/86 85/12/85
f 121/3/121 123/2/122 122/4/123
f 124/1/124 123/2/122 121/3/121
f 125/5/125 121/3/121 122/4/123
f 125/5/125 122/4/123 126/6/126
f 127/7/127 124/1/124 121/3/121
f 128/8/128 121/3/121 125/5/125
f 127/7/127 121/3/121 128/8/128
f 127/7/127 129/9/129 124/1/124
f 129/9/129 130/10/130 124/1/124
f 130/10/130 129/9/129 131/11/131
f 132/12/132 125/5/125 126/6/126
f 133/13/133 128/8/128 125/5/125
f 133/13/133 125/5/125 132/12/132
f 134/14/134 132/12/132 126/6/126
f 135/15/135 134/14/134 126/6/126
f 134/14/134 135/15/135 136/16/136
f 137/17/137 129/9/129 127/7/127
f 129/9/129 138/18/138 131/11/131
f 129/9/129 137/17/137 138/18/138
f 139/19/139 127/7/127 128/8/128
f 139/19/139 137/17/137 127/7/127
f 128/8/128 133/13/133 140/20/140
f 139/19/139 128/8/128 140/20/140
f 141/21/141 139/19/139 140/20/140
f 139/19/139 141/21/141 142/22/142
f 137/17/137 139/19/139 142/22/142
f 133/13/133 143/23/143 140/20/140
f 137/17/137 142/22/142 144/24/144
f 137/17/137 144/24/144 138/18/138
f 142/22/142 145/25/145 144/24/144
f 144/24/144 145/25/145 146/26/146
f 133/13/133 147/27/147 143/23/143
f 147/27/147 148/28/148 143/23/143
f 147/27/147 133/13/133 132/12/132
f 149/29/149 148/28/148 147/27/147
f 150/30/150 144/24/144 146/26/146
f 144/24/144 150/30/150 138/18/138
f 150/30/150 146/26/146 151/31/151
f 152/32/152 147/27/147 132/12/132
f 152/32/152 149/29/149 147/27/147
f 134/14/134 152/32/152 132/12/132
f 150/30/150 153/33/153 138/18/138
f 138/18/138 153/33/153 131/11/131
f 153/33/153 154/34/154 131/11/131
f 155/35/155 150/30/150 151/31/151
f 150/30/150 155/35/155 153/33/153
f 153/33/153 156/36/156 154/34/154
f 155/35/155 156/36/156 153/33/153
f 156/36/156 157/37/157 154/34/154
f 136/16/136 157/37/157 156/36/156
f 158/38/158 134/14/134 136/16/136
f 158/38/158 136/16/136 156/36/156
f 152/32/152 134/14/134 158/38/158
f 158/38/158 156/36/156 155/35/155
f 152/32/152 159/39/159 149/29/149
f 159/39/159 152/32/152 158/38/158
f 159/39/159 158/38/158 155/35/155
f 159/39/159 155/35/155 151/31/151
f 159/39/159 160/40/160 149/29/149
f 160/40/160 159/39/159 151/31/151
f 161/1/161 163/2/162 162/3/163
f 162/3/163 163/2/162 164/4/164
f 165/5/165 162/3/163 164/4/164
f 165/5/165 164/4/164 166/6/166
f 167/7/167 161/1/161 162/3/163
f 168/8/168 162/3/163 165/5/165
f 167/7/167 162/3/163 168/8/168
f 167/7/167 169/9/169 161/1/161
f 169/9/169 170/10/170 161/1/161
f 170/10/170 169/9/169 171/11/171
f 172/12/172 165/5/165 166/6/166
f 173/13/173 168/8/168 165/5/165
f 173/13/173 165/5/165 172/12/172
f 174/14/174 172/12/172 166/6/166
f 175/15/175 174/14/174 166/6/166
f 174/14/174 175/15/175 176/16/176
f 177/17/177 169/9/169 167/7/167
f 169/9/169 178/18/178 171/11/171
f 169/9/169 177/17/177 178/18/178
f 179/19/179 167/7/167 168/8/168
f 179/19/179 177/17/177 167/7/167
f 168/8/168 173/13/173 180/20/180
f 179/19/179 168/8/168 180/20/180
f 181/21/181 179/19/179 180/20/180
f 179/19/179 181/21/181 182/22/182
f 177/17/177 179/19/179 182/22/182
f 173/13/173 183/23/183 180/20/180
f 177/17/177 182/22/182 184/24/184
f 177/17/177 184/24/184 178/18/178
f 182/22/182 185/25/185 184/24/184
f 184/24/184 185/25/185 186/26/186
f 173/13/173 187/27/187 183/23/183
f 187/27/187 188/28/188 183/23/183
f 187/27/187 173/13/173 172/12/172
f 189/29/189 188/28/188 187/27/187
f 190/30/190 184/24/184 186/26/186
f 184/24/184 190/30/190 178/18/178
f 190/30/190 186/26/186 191/31/191
f 192/32/192 187/27/187 172/12/172
f 192/32/192 189/29/189 187/27/187
f 174/14/174 192/32/192 172/12/172
f 190/30/190 193/33/193 178/18/178
f 178/18/178 193/33/193 171/11/171
f 193/33/193 194/34/194 171/11/171
f 195/35/195 190/30/190 191/31/191
f 190/30/190 195/35/195 193/33/193
f 193/33/193 196/36/196 194/34/194
f 195/35/195 196/36/196 193/33/193
f 196/36/196 197/37/197 194/34/194
f 176/16/176 197/37/197 196/36/196
f 198/38/198 174/14/174 176/16/176
f 198/38/198 176/16/176 196/36/196
f 192/32/192 174/14/174 198/38/198
f 198/38/198 196/36/196 195/35/195
f 192/32/192 199/39/199 189/29/189
f 199/39/199 192/32/192 198/38/198
f 199/39/199 198/38/198 195/35/195
f 199/39/199 195/35/195 191/31/191
f 199/39/199 200/40/200 189/29/189
f 200/40/200 199/39/199 191/31/191
f 201/1/201 203/2/202 202/3/203
f 203/2/202 204/4/204 202/3/203
f 204/4/204 205/5/205 202/3/203
f 204/4/204 206/6/206 205/5/205
f 207/7/207 201/1/201 202/3/203
f 202/3/203 205/5/205 208/8/208
f 207/7/207 202/3/203 208/8/208
f 201/1/201 207/7/207 209/9/209
f 210/10/210 201/1/201 209/9/209
f 210/10/210 209/9/209 211/11/211
f 206/6/206 212/12/212 205/5/205
f 205/5/205 213/13/213 208/8/208
f 205/5/205 212/12/212 213/13/213
f 214/14/214 212/12/212 206/6/206
f 215/15/215 214/14/214 206/6/206
f 215/15/215 216/16/216 214/14/214
f 217/19/217 207/7/207 208/8/208
f 209/9/209 207/7/207 218/17/218
f 207/7/207 217/19/217 218/17/218
f 209/9/209 219/18/219 211/11/211
f 209/9/209 218/17/218 219/18/219
f 208/8/208 213/13/213 220/20/220
f 217/19/217 208/8/208 220/20/220
f 221/21/221 217/19/217 220/20/220
f 217/19/217 221/21/221 222/22/222
f 218/17/218 217/19/217 222/22/222
f 213/13/213 223/23/223 220/20/220
f 218/17/218 222/22/222 224/24/224
f 218/17/218 224/24/224 219/18/219
f 222/22/222 225/25/225 224/24/224
f 224/24/224 225/25/225 226/26/226
f 213/13/213 227/27/227 223/23/223
f 227/27/227 228/28/228 223/23/223
f 212/12/212 227/27/227 213/13/213
f 229/29/229 228/28/228 227/27/227
f 230/30/230 224/24/224 226/26/226
f 219/18/219 224/24/224 230/30/230
f 230/30/230 226/26/226 231/31/231
f 232/32/232 227/27/227 212/12/212
f 232/32/232 229/29/229 227/27/227
f 214/14/214 232/32/232 212/12/212
f 233/33/233 219/18/219 230/30/230
f 211/11/211 219/18/219 233/33/233
f 234/34/234 211/11/211 233/33/233
f 235/35/235 230/30/230 231/31/231
f 233/33/233 230/30/230 235/35/235
f 234/34/234 233/33/233 236/36/236
f 236/36/236 233/33/233 235/35/235
f 237/37/237 234/34/234 236/36/236
f 216/16/216 237/37/237 236/36/236
f 216/16/216 238/38/238 214/14/214
f 238/38/238 216/16/216 236/36/236
f 214/14/214 238/38/238 232/32/232
f 238/38/238 236/36/236 235/35/235
f 232/32/232 239/39/239 229/29/229
f 238/38/238 239/39/239 232/32/232
f 239/39/239 238/38/238 235/35/235
f 239/39/239 235/35/235 231/31/231
f 239/39/239 240/40/240 229/29/229
f 240/40/240 239/39/239 231/31/231
f 241/29/241 243/28/242 242/27/243
f 242/27/243 243/28/242 244/23/244
f 245/13/245 242/27/243 244/23/244
f 245/13/245 244/23/244 246/20/246
f 247/32/247 241/29/241 242/27/243
f 242/27/243 245/13/245 248/12/248
f 247/32/247 242/27/243 248/12/248
f 247/32/247 249/39/249 241/29/241
f 249/39/249 250/40/250 241/29/241
f 250/40/250 249/39/249 251/31/251
f 252/8/252 245/13/245 246/20/246
f 245/13/245 253/5/253 248/12/248
f 245/13/245 252/8/252 253/5/253
f 254/19/254 252/8/252 246/20/246
f 255/21/255 254/19/254 246/20/246
f 254/19/254 255/21/255 256/22/256
f 249/39/249 247/32/247 257/38/257
f 249/39/249 258/35/258 251/31/251
f 249/39/249 257/38/257 258/35/258
f 259/14/259 247/32/247 248/12/248
f 247/32/247 259/14/259 257/38/257
f 248/12/248 253/5/253 260/6/260
f 259/14/259 248/12/248 260/6/260
f 261/15/261 259/14/259 260/6/260
f 259/14/259 261/15/261 262/16/262
f 257/38/257 259/14/259 262/16/262
f 253/5/253 263/4/263 260/6/260
f 257/38/257 262/16/262 264/36/264
f 257/38/257 264/36/264 258/35/258
f 262/16/262 265/37/265 264/36/264
f 264/36/264 265/37/265 266/34/266
f 253/5/253 267/3/267 263/4/263
f 267/3/267 268/2/268 263/4/263
f 252/8/252 267/3/267 253/5/253
f 269/1/269 268/2/268 267/3/267
f 270/33/270 264/36/264 266/34/266
f 258/35/258 264/36/264 270/33/270
f 270/33/270 266/34/266 271/11/271
f 272/7/272 267/3/267 252/8/252
f 272/7/272 269/1/269 267/3/267
f 254/19/254 272/7/272 252/8/252
f 273/30/273 258/35/258 270/33/270
f 258/35/258 273/30/273 251/31/251
f 273/30/273 274/26/274 251/31/251
f 275/18/275 270/33/270 271/11/271
f 273/30/273 270/33/270 275/18/275
f 273/30/273 276/24/276 274/26/274
f 276/24/276 273/30/273 275/18/275
f 276/24/276 277/25/277 274/26/274
f 256/22/256 277/25/277 276/24/276
f 278/17/278 254/19/254 256/22/256
f 278/17/278 256/22/256 276/24/276
f 254/19/254 278/17/278 272/7/272
f 278/17/278 276/24/276 275/18/275
f 272/7/272 279/9/279 269/1/269
f 278/17/278 279/9/279 272/7/272
f 279/9/279 278/17/278 275/18/275
f 279/9/279 275/18/275 271/11/271
f 279/9/279 280/10/280 269/1/269
f 280/10/280 279/9/279 271/11/271
f 281/21/281 283/19/282 282/20/283
f 283/19/282 281/21/281 284/22/284
f 283/19/282 285/8/285 282/20/283
f 285/8/285 286/13/286 282/20/283
f 286/13/286 287/23/287 282/20/283
f 286/13/286 288/27/288 287/23/287
f 288/27/288 289/28/289 287/23/287
f 290/29/290 289/28/289 288/27/288
f 291/17/291 283/19/282 284/22/284
f 283/19/282 292/7/292 285/8/285
f 292/7/292 283/19/282 291/17/291
f 291/17/291 284/22/284 293/24/293
f 284/22/284 294/25/294 293/24/293
f 293/24/293 294/25/294 295/26/295
f 296/30/296 293/24/293 295/26/295
f 296/30/296 295/26/295 297/31/297
f 291/17/291 293/24/293 298/18/298
f 298/18/298 293/24/293 296/30/296
f 299/9/299 292/7/292 291/17/291
f 299/9/299 291/17/291 298/18/298
f 300/32/300 290/29/290 288/27/288
f 300/32/300 301/39/301 290/29/290
f 301/39/301 302/40/302 290/29/290
f 302/40/302 301/39/301 297/31/297
f 303/35/303 296/30/296 297/31/297
f 301/39/301 303/35/303 297/31/297
f 304/33/304 298/18/298 296/30/296
f 304/33/304 296/30/296 303/35/303
f 301/39/301 305/38/305 303/35/303
f 305/38/305 301/39/301 300/32/300
f 300/32/300 288/27/288 306/12/306
f 306/12/306 288/27/288 286/13/286
f 299/9/299 298/18/298 307/11/307
f 307/11/307 298/18/298 304/33/304
f 308/10/308 299/9/299 307/11/307
f 308/10/308 309/1/309 299/9/299
f 310/34/310 307/11/307 304/33/304
f 309/1/309 292/7/292 299/9/299
f 311/36/311 304/33/304 303/35/303
f 310/34/310 304/33/304 311/36/311
f 305/38/305 311/36/311 303/35/303
f 312/37/312 310/34/310 311/36/311
f 313/16/313 312/37/312 311/36/311
f 305/38/305 313/16/313 311/36/311
f 292/7/292 309/1/309 314/3/314
f 309/1/309 315/2/315 314/3/314
f 292/7/292 314/3/314 285/8/285
f 315/2/315 316/4/316 314/3/314
f 313/16/313 305/38/305 317/14/317
f 318/15/318 313/16/313 317/14/317
f 317/14/317 305/38/305 300/32/300
f 318/15/318 317/14/317 319/6/319
f 317/14/317 300/32/300 306/12/306
f 317/14/317 306/12/306 319/6/319
f 314/3/314 320/5/320 285/8/285
f 316/4/316 320/5/320 314/3/314
f 316/4/316 319/6/319 320/5/320
f 319/6/319 306/12/306 320/5/320
f 320/5/320 286/13/286 285/8/285
f 320/5/320 306/12/306 286/13/286
f 321/10/321 323/9/322 322/11/323
f 323/9/322 321/10/321 324/1/324
f 323/9/322 325/18/325 322/11/323
f 325/18/325 326/33/326 322/11/323
f 326/33/326 327/34/327 322/11/323
f 326/33/326 328/36/328 327/34/327
f 328/36/328 329/37/329 327/34/327
f 330/16/330 329/37/329 328/36/328
f 331/7/331 323/9/322 324/1/324
f 323/9/322 332/17/332 325/18/325
f 332/17/332 323/9/322 331/7/331
f 331/7/331 324/1/324 333/3/333
f 324/1/324 334/2/334 333/3/333
f 333/3/333 334/2/334 335/4/335
f 336/5/336 333/3/333 335/4/335
f 336/5/336 335/4/335 337/6/337
f 331/7/331 333/3/333 338/8/338
f 338/8/338 333/3/333 336/5/336
f 339/19/339 332/17/332 331/7/331
f 339/19/339 331/7/331 338/8/338
f 340/38/340 330/16/330 328/36/328
f 340/38/340 341/14/341 330/16/330
f 341/14/341 342/15/342 330/16/330
f 342/15/342 341/14/341 337/6/337
f 343/12/343 336/5/336 337/6/337
f 341/14/341 343/12/343 337/6/337
f 344/13/344 338/8/338 336/5/336
f 344/13/344 336/5/336 343/12/343
f 341/14/341 345/32/345 343/12/343
f 345/32/345 341/14/341 340/38/340
f 340/38/340 328/36/328 346/35/346
f 346/35/346 328/36/328 326/33/326
f 339/19/339 338/8/338 347/20/347
f 338/8/338 344/13/344 347/20/347
f 348/21/348 339/19/339 347/20/347
f 339/19/339 348/21/348 349/22/349
f 344/13/344 350/23/350 347/20/347
f 332/17/332 339/19/339 349/22/349
f 351/27/351 344/13/344 343/12/343
f 344/13/344 351/27/351 350/23/350
f 345/32/345 351/27/351 343/12/343
f 351/27/351 352/28/352 350/23/350
f 353/29/353 352/28/352 351/27/351
f 345/32/345 353/29/353 351/27/351
f 332/17/332 349/22/349 354/24/354
f 349/22/349 355/25/355 354/24/354
f 332/17/332 354/24/354 325/18/325
f 354/24/354 355/25/355 356/26/356
f 345/32/345 357/39/357 353/29/353
f 357/39/357 345/32/345 340/38/340
f 357/39/357 358/40/358 353/29/353
f 357/39/357 340/38/340 346/35/346
f 358/40/358 357/39/357 359/31/359
f 357/39/357 346/35/346 359/31/359
f 354/24/354 360/30/360 325/18/325
f 360/30/360 354/24/354 356/26/356
f 360/30/360 356/26/356 359/31/359
f 346/35/346 360/30/360 359/31/359
f 360/30/360 326/33/326 325/18/325
f 360/30/360 346/35/346 326/33/326
f 361/1/361 363/2/362 362/3/363
f 363/2/362 364/4/364 362/3/363
f 364/4/364 365/5/365 362/3/363
f 364/4/364 366/6/366 365/5/365
f 367/7/367 361/1/361 362/3/363
f 362/3/363 365/5/365 368/8/368
f 367/7/367 362/3/363 368/8/368
f 361/1/361 367/7/367 369/9/369
f 370/10/370 361/1/361 369/9/369
f 370/10/370 369/9/369 371/11/371
f 366/6/366 372/12/372 365/5/365
f 365/5/365 373/13/373 368/8/368
f 365/5/365 372/12/372 373/13/373
f 374/14/374 372/12/372 366/6/366
f 375/15/375 374/14/374 366/6/366
f 375/15/375 376/16/376 374/14/374
f 369/9/369 367/7/367 377/17/377
f 369/9/369 378/18/378 371/11/371
f 369/9/369 377/17/377 378/18/378
f 379/19/379 367/7/367 368/8/368
f 367/7/367 379/19/379 377/17/377
f 368/8/368 373/13/373 380/20/380
f 379/19/379 368/8/368 380/20/380
f 381/21/381 379/19/379 380/20/380
f 379/19/379 381/21/381 382/22/382
f 377/17/377 379/19/379 382/22/382
f 373/13/373 383/23/383 380/20/380
f 377/17/377 382/22/382 384/24/384
f 377/17/377 384/24/384 378/18/378
f 382/22/382 385/25/385 384/24/384
f 384/24/384 385/25/385 386/26/386
f 373/13/373 387/27/387 383/23/383
f 387/27/387 388/28/388 383/23/383
f 372/12/372 387/27/387 373/13/373
f 389/29/389 388/28/388 387/27/387
f 390/30/390 384/24/384 386/26/386
f 378/18/378 384/24/384 390/30/390
f 390/30/390 386/26/386 391/31/391
f 392/32/392 387/27/387 372/12/372
f 392/32/392 389/29/389 387/27/387
f 374/14/374 392/32/392 372/12/372
f 393/33/393 378/18/378 390/30/390
f 371/11/371 378/18/378 393/33/393
f 394/34/394 371/11/371 393/33/393
f 395/35/395 390/30/390 391/31/391
f 393/33/393 390/30/390 395/35/395
f 394/34/394 393/33/393 396/36/396
f 396/36/396 393/33/393 395/35/395
f 397/37/397 394/34/394 396/36/396
f 376/16/376 397/37/397 396/36/396
f 376/16/376 398/38/398 374/14/374
f 398/38/398 376/16/376 396/36/396
f 374/14/374 398/38/398 392/32/392
f 398/38/398 396/36/396 395/35/395
f 392/32/392 399/39/399 389/29/389
f 398/38/398 399/39/399 392/32/392
f 399/39/399 398/38/398 395/35/395
f 399/39/399 395/35/395 391/31/391
f 399/39/399 400/40/400 389/29/389
f 400/40/400 399/39/399 391/31/391
f 401/19/401 403/21/402 402/22/403
f 403/21/402 401/19/401 404/20/404
f 405/17/405 401/19/401 402/22/403
f 405/17/405 402/22/403 406/24/406
f 402/22/403 407/25/407 406/24/406
f 406/24/406 407/25/407 408/26/408
f 409/30/409 406/24/406 408/26/408
f 409/30/409 408/26/408 410/31/410
f 405/17/405 406/24/406 411/18/411
f 411/18/411 406/24/406 409/30/409
f 401/19/401 412/8/412 404/20/404
f 413/7/413 401/19/401 405/17/405
f 401/19/401 413/7/413 412/8/412
f 414/9/414 405/17/405 411/18/411
f 414/9/414 413/7/413 405/17/405
f 412/8/412 415/13/415 404/20/404
f 415/13/415 416/23/416 404/20/404
f 415/13/415 417/27/417 416/23/416
f 417/27/417 418/28/418 416/23/416
f 419/29/419 418/28/418 417/27/417
f 420/35/420 409/30/409 410/31/410
f 421/33/421 411/18/411 409/30/409
f 421/33/421 409/30/409 420/35/420
f 414/9/414 411/18/411 422/11/422
f 422/11/422 411/18/411 421/33/421
f 423/10/423 414/9/414 422/11/422
f 423/10/423 424/1/424 414/9/414
f 425/34/425 422/11/422 421/33/421
f 424/1/424 413/7/413 414/9/414
f 425/34/425 421/33/421 426/36/426
f 426/36/426 421/33/421 420/35/420
f 427/37/427 425/34/425 426/36/426
f 428/16/428 427/37/427 426/36/426
f 413/7/413 424/1/424 429/3/429
f 424/1/424 430/2/430 429/3/429
f 413/7/413 429/3/429 412/8/412
f 430/2/430 431/4/431 429/3/429
f 429/3/429 432/5/432 412/8/412
f 431/4/431 432/5/432 429/3/429
f 432/5/432 415/13/415 412/8/412
f 431/4/431 433/6/433 432/5/432
f 432/5/432 434/12/434 415/13/415
f 433/6/433 434/12/434 432/5/432
f 434/12/434 417/27/417 415/13/415
f 435/38/435 428/16/428 426/36/426
f 435/38/435 426/36/426 420/35/420
f 436/14/436 434/12/434 433/6/433
f 428/16/428 435/38/435 436/14/436
f 437/15/437 436/14/436 433/6/433
f 437/15/437 428/16/428 436/14/436
f 438/32/438 417/27/417 434/12/434
f 436/14/436 438/32/438 434/12/434
f 436/14/436 435/38/435 438/32/438
f 438/32/438 419/29/419 417/27/417
f 439/39/439 435/38/435 420/35/420
f 435/38/435 439/39/439 438/32/438
f 438/32/438 439/39/439 419/29/419
f 439/39/439 420/35/420 410/31/410
f 439/39/439 440/40/440 419/29/419
f 440/40/440 439/39/439 410/31/410
f 441/16/441 443/37/442 442/36/443
f 442/36/443 443/37/442 444/34/444
f 445/33/445 442/36/443 444/34/444
f 445/33/445 444/34/444 446/11/446
f 447/38/447 441/16/441 442/36/443
f 448/35/448 442/36/443 445/33/445
f 447/38/447 442/36/443 448/35/448
f 447/38/447 449/14/449 441/16/441
f 449/14/449 450/15/450 441/16/441
f 450/15/450 449/14/449 451/6/451
f 452/18/452 445/33/445 446/11/446
f 453/30/453 448/35/448 445/33/445
f 453/30/453 445/33/445 452/18/452
f 454/9/454 452/18/452 446/11/446
f 455/10/455 454/9/454 446/11/446
f 454/9/454 455/10/455 456/1/456
f 457/39/457 447/38/447 448/35/448
f 458/32/458 449/14/449 447/38/447
f 457/39/457 458/32/458 447/38/447
f 449/14/449 459/12/459 451/6/451
f 449/14/449 458/32/458 459/12/459
f 448/35/448 453/30/453 460/31/460
f 457/39/457 448/35/448 460/31/460
f 461/40/461 457/39/457 460/31/460
f 457/39/457 461/40/461 462/29/462
f 458/32/458 457/39/457 462/29/462
f 453/30/453 463/26/463 460/31/460
f 458/32/458 462/29/462 464/27/464
f 458/32/458 464/27/464 459/12/459
f 462/29/462 465/28/465 464/27/464
f 464/27/464 465/28/465 466/23/466
f 453/30/453 467/24/467 463/26/463
f 467/24/467 468/25/468 463/26/463
f 467/24/467 453/30/453 452/18/452
f 469/22/469 468/25/468 467/24/467
f 470/13/470 464/27/464 466/23/466
f 464/27/464 470/13/470 459/12/459
f 470/13/470 466/23/466 471/20/471
f 472/17/472 467/24/467 452/18/452
f 472/17/472 469/22/469 467/24/467
f 454/9/454 472/17/472 452/18/452
f 470/13/470 473/5/473 459/12/459
f 459/12/459 473/5/473 451/6/451
f 473/5/473 474/4/474 451/6/451
f 475/8/475 470/13/470 471/20/471
f 470/13/470 475/8/475 473/5/473
f 473/5/473 476/3/476 474/4/474
f 475/8/475 476/3/476 473/5/473
f 476/3/476 477/2/477 474/4/474
f 456/1/456 477/2/477 476/3/476
f 478/7/478 454/9/454 456/1/456
f 478/7/478 456/1/456 476/3/476
f 472/17/472 454/9/454 478/7/478
f 478/7/478 476/3/476 475/8/475
f 472/17/472 479/19/479 469/22/469
f 479/19/479 472/17/472 478/7/478
f 479/19/479 478/7/478 475/8/475
f 479/19/479 475/8/475 471/20/471
f 479/19/479 480/21/480 469/22/469
f 480/21/480 479/19/479 471/20/471
f 481/22/481 483/25/482 482/24/483
f 482/24/483 483/25/482 484/26/484
f 485/30/485 482/24/483 484/26/484
f 485/30/485 484/26/484 486/31/486
f 487/17/487 481/22/481 482/24/483
f 482/24/483 485/30/485 488/18/488
f 487/17/487 482/24/483 488/18/488
f 487/17/487 489/19/489 481/22/481
f 489/19/489 490/21/490 481/22/481
f 490/21/490 489/19/489 491/20/491
f 492/35/492 485/30/485 486/31/486
f 485/30/485 493/33/493 488/18/488
f 485/30/485 492/35/492 493/33/493
f 494/39/494 492/35/492 486/31/486
f 495/40/495 494/39/494 486/31/486
f 494/39/494 495/40/495 496/29/496
f 497/9/497 487/17/487 488/18/488
f 489/19/489 487/17/487 498/7/498
f 487/17/487 497/9/497 498/7/498
f 489/19/489 499/8/499 491/20/491
f 489/19/489 498/7/498 499/8/499
f 488/18/488 493/33/493 500/11/500
f 497/9/497 488/18/488 500/11/500
f 501/10/501 497/9/497 500/11/500
f 497/9/497 501/10/501 502/1/502
f 498/7/498 497/9/497 502/1/502
f 493/33/493 503/34/503 500/11/500
f 498/7/498 502/1/502 504/3/504
f 498/7/498 504/3/504 499/8/499
f 502/1/502 505/2/505 504/3/504
f 504/3/504 505/2/505 506/4/506
f 493/33/493 507/36/507 503/34/503
f 507/36/507 508/37/508 503/34/503
f 492/35/492 507/36/507 493/33/493
f 509/16/509 508/37/508 507/36/507
f 510/5/510 504/3/504 506/4/506
f 499/8/499 504/3/504 510/5/510
f 510/5/510 506/4/506 511/6/511
f 512/38/512 507/36/507 492/35/492
f 512/38/512 509/16/509 507/36/507
f 494/39/494 512/38/512 492/35/492
f 513/13/513 499/8/499 510/5/510
f 499/8/499 513/13/513 491/20/491
f 513/13/513 514/23/514 491/20/491
f 515/12/515 510/5/510 511/6/511
f 513/13/513 510/5/510 515/12/515
f 513/13/513 516/27/516 514/23/514
f 516/27/516 513/13/513 515/12/515
f 516/27/516 517/28/517 514/23/514
f 496/29/496 517/28/517 516/27/516
f 518/32/518 494/39/494 496/29/496
f 518/32/518 496/29/496 516/27/516
f 494/39/494 518/32/518 512/38/512
f 518/32/518 516/27/516 515/12/515
f 512/38/512 519/14/519 509/16/509
f 518/32/518 519/14/519 512/38/512
f 519/14/519 518/32/518 515/12/515
f 519/14/519 515/12/515 511/6/511
f 519/14/519 520/15/520 509/16/509
f 520/15/520 519/14/519 511/6/511
f 509/10/509 521/9/521 508/11/508
f 509/10/509 520/1/520 521/9/521
f 521/9/521 522/18/522 508/11/508
f 508/11/508 522/18/522 523/33/523
f 503/34/503 508/11/508 523/33/523
f 503/34/503 523/33/523 524/36/524
f 500/37/500 503/34/503 524/36/524
f 501/16/501 500/37/500 524/36/524
f 520/1/520 525/7/525 521/9/521
f 521/9/521 526/17/526 522/18/522
f 521/9/521 525/7/525 526/17/526
f 525/7/525 520/1/520 527/3/527
f 520/1/520 511/2/511 527/3/527
f 511/2/511 506/4/506 527/3/527
f 506/4/506 528/5/528 527/3/527
f 506/4/506 505/6/505 528/5/528
f 525/7/525 527/3/527 529/8/529
f 527/3/527 528/5/528 529/8/529
f 525/7/525 530/19/530 526/17/526
f 530/19/530 525/7/525 529/8/529
f 531/38/531 501/16/501 524/36/524
f 501/16/501 531/38/531 532/14/532
f 502/15/502 501/16/501 532/14/532
f 502/15/502 532/14/532 505/6/505
f 505/6/505 533/12/533 528/5/528
f 532/14/532 533/12/533 505/6/505
f 528/5/528 534/13/534 529/8/529
f 528/5/528 533/12/533 534/13/534
f 532/14/532 535/32/535 533/12/533
f 532/14/532 531/38/531 535/32/535
f 531/38/531 524/36/524 536/35/536
f 524/36/524 523/33/523 536/35/536
f 530/19/530 529/8/529 517/20/517
f 529/8/529 534/13/534 517/20/517
f 496/21/496 530/19/530 517/20/517
f 530/19/530 496/21/496 495/22/495
f 534/13/534 514/23/514 517/20/517
f 526/17/526 530/19/530 495/22/495
f 533/12/533 537/27/537 534/13/534
f 534/13/534 537/27/537 514/23/514
f 535/32/535 537/27/537 533/12/533
f 537/27/537 491/28/491 514/23/514
f 490/29/490 491/28/491 537/27/537
f 535/32/535 490/29/490 537/27/537
f 526/17/526 495/22/495 538/24/538
f 495/22/495 486/25/486 538/24/538
f 526/17/526 538/24/538 522/18/522
f 538/24/538 486/25/486 484/26/484
f 535/32/535 539/39/539 490/29/490
f 531/38/531 539/39/539 535/32/535
f 539/39/539 481/40/481 490/29/490
f 539/39/539 531/38/531 536/35/536
f 481/40/481 539/39/539 483/31/482
f 539/39/539 536/35/536 483/31/482
f 522/18/522 538/24/538 540/30/540
f 540/30/540 538/24/538 484/26/484
f 540/30/540 484/26/484 483/31/482
f 536/35/536 540/30/540 483/31/482
f 523/33/523 522/18/522 540/30/540
f 523/33/523 540/30/540 536/35/536
f 541/40/541 543/39/542 542/31/543
f 543/39/542 541/40/541 544/29/544
f 543/39/542 545/35/545 542/31/543
f 545/35/545 546/30/546 542/31/543
f 546/30/546 547/26/547 542/31/543
f 546/30/546 548/24/548 547/26/547
f 548/24/548 549/25/549 547/26/547
f 550/22/550 549/25/549 548/24/548
f 551/32/551 543/39/542 544/29/544
f 543/39/542 552/38/552 545/35/545
f 543/39/542 551/32/551 552/38/552
f 551/32/551 544/29/544 553/27/553
f 544/29/544 554/28/554 553/27/553
f 553/27/553 554/28/554 555/23/555
f 556/13/556 553/27/553 555/23/555
f 556/13/556 555/23/555 557/20/557
f 551/32/551 553/27/553 558/12/558
f 553/27/553 556/13/556 558/12/558
f 551/32/551 559/14/559 552/38/552
f 559/14/559 551/32/551 558/12/558
f 560/17/560 550/22/550 548/24/548
f 560/17/560 561/19/561 550/22/550
f 561/19/561 562/21/562 550/22/550
f 562/21/562 561/19/561 557/20/557
f 563/8/563 556/13/556 557/20/557
f 561/19/561 563/8/563 557/20/557
f 556/13/556 564/5/564 558/12/558
f 556/13/556 563/8/563 564/5/564
f 561/19/561 565/7/565 563/8/563
f 561/19/561 560/17/560 565/7/565
f 560/17/560 548/24/548 566/18/566
f 548/24/548 546/30/546 566/18/566
f 559/14/559 558/12/558 567/6/567
f 558/12/558 564/5/564 567/6/567
f 568/15/568 559/14/559 567/6/567
f 559/14/559 568/15/568 569/16/569
f 564/5/564 570/4/570 567/6/567
f 552/38/552 559/14/559 569/16/569
f 563/8/563 571/3/571 564/5/564
f 564/5/564 571/3/571 570/4/570
f 565/7/565 571/3/571 563/8/563
f 571/3/571 572/2/572 570/4/570
f 573/1/573 572/2/572 571/3/571
f 565/7/565 573/1/573 571/3/571
f 552/38/552 569/16/569 574/36/574
f 569/16/569 575/37/575 574/36/574
f 552/38/552 574/36/574 545/35/545
f 574/36/574 575/37/575 576/34/576
f 565/7/565 577/9/577 573/1/573
f 560/17/560 577/9/577 565/7/565
f 577/9/577 578/10/578 573/1/573
f 577/9/577 560/17/560 566/18/566
f 578/10/578 577/9/577 579/11/579
f 577/9/577 566/18/566 579/11/579
f 545/35/545 574/36/574 580/33/580
f 580/33/580 574/36/574 576/34/576
f 580/33/580 576/34/576 579/11/579
f 566/18/566 580/33/580 579/11/579
f 546/30/546 545/35/545 580/33/580
f 546/30/546 580/33/580 566/18/566
f 581/1/581 583/2/582 582/3/583
f 582/3/583 583/2/582 584/4/584
f 585/5/585 582/3/583 584/4/584
f 585/5/585 584/4/584 586/6/586
f 587/7/587 581/1/581 582/3/583
f 588/8/588 582/3/583 585/5/585
f 587/7/587 582/3/583 588/8/588
f 587/7/587 589/9/589 581/1/581
f 589/9/589 590/10/590 581/1/581
f 590/10/590 589/9/589 591/11/591
f 592/12/592 585/5/585 586/6/586
f 593/13/593 588/8/588 585/5/585
f 593/13/593 585/5/585 592/12/592
f 594/14/594 592/12/592 586/6/586
f 595/15/595 594/14/594 586/6/586
f 594/14/594 595/15/595 596/16/596
f 597/17/597 589/9/589 587/7/587
f 589/9/589 598/18/598 591/11/591
f 589/9/589 597/17/597 598/18/598
f 599/19/599 587/7/587 588/8/588
f 599/19/599 597/17/597 587/7/587
f 588/8/588 593/13/593 600/20/600
f 599/19/599 588/8/588 600/20/600
f 601/21/601 599/19/599 600/20/600
f 599/19/599 601/21/601 602/22/602
f 597/17/597 599/19/599 602/22/602
f 593/13/593 603/23/603 600/20/600
f 597/17/597 602/22/602 604/24/604
f 597/17/597 604/24/604 598/18/598
f 602/22/602 605/25/605 604/24/604
f 604/24/604 605/25/605 606/26/606
f 593/13/593 607/27/607 603/23/603
f 607/27/607 608/28/608 603/23/603
f 607/27/607 593/13/593 592/12/592
f 609/29/609 608/28/608 607/27/607
f 610/30/610 604/24/604 606/26/606
f 604/24/604 610/30/610 598/18/598
f 610/30/610 606/26/606 611/31/611
f 612/32/612 607/27/607 592/12/592
f 612/32/612 609/29/609 607/27/607
f 594/14/594 612/32/612 592/12/592
f 610/30/610 613/33/613 598/18/598
f 598/18/598 613/33/613 591/11/591
f 613/33/613 614/34/614 591/11/591
f 615/35/615 610/30/610 611/31/611
f 610/30/610 615/35/615 613/33/613
f 613/33/613 616/36/616 614/34/614
f 615/35/615 616/36/616 613/33/613
f 616/36/616 617/37/617 614/34/614
f 596/16/596 617/37/617 616/36/616
f 618/38/618 594/14/594 596/16/596
f 618/38/618 596/16/596 616/36/616
f 612/32/612 594/14/594 618/38/618
f 618/38/618 616/36/616 615/35/615
f 612/32/612 619/39/619 609/29/609
f 619/39/619 612/32/612 618/38/618
f 619/39/619 618/38/618 615/35/615
f 619/39/619 615/35/615 611/31/611
f 619/39/619 620/40/620 609/29/609
f 620/40/620 619/39/619 611/31/611
f 621/1/621 623/2/622 622/3/623
f 622/3/623 623/2/622 624/4/624
f 625/5/625 622/3/623 624/4/624
f 625/5/625 624/4/624 626/6/626
f 627/7/627 621/1/621 622/3/623
f 628/8/628 622/3/623 625/5/625
f 627/7/627 622/3/623 628/8/628
f 627/7/627 629/9/629 621/1/621
f 629/9/629 630/10/630 621/1/621
f 630/10/630 629/9/629 631/11/631
f 632/12/632 625/5/625 626/6/626
f 633/13/633 628/8/628 625/5/625
f 633/13/633 625/5/625 632/12/632
f 634/14/634 632/12/632 626/6/626
f 635/15/635 634/14/634 626/6/626
f 634/14/634 635/15/635 636/16/636
f 637/17/637 629/9/629 627/7/627
f 629/9/629 638/18/638 631/11/631
f 629/9/629 637/17/637 638/18/638
f 639/19/639 627/7/627 628/8/628
f 639/19/639 637/17/637 627/7/627
f 628/8/628 633/13/633 640/20/640
f 639/19/639 628/8/628 640/20/640
f 641/21/641 639/19/639 640/20/640
f 639/19/639 641/21/641 642/22/642
f 637/17/637 639/19/639 642/22/642
f 633/13/633 643/23/643 640/20/640
f 637/17/637 642/22/642 644/24/644
f 637/17/637 644/24/644 638/18/638
f 642/22/642 645/25/645 644/24/644
f 644/24/644 645/25/645 646/26/646
f 633/13/633 647/27/647 643/23/643
f 647/27/647 648/28/648 643/23/643
f 647/27/647 633/13/633 632/12/632
f 649/29/649 648/28/648 647/27/647
f 650/30/650 644/24/644 646/26/646
f 644/24/644 650/30/650 638/18/638
f 650/30/650 646/26/646 651/31/651
f 652/32/652 647/27/647 632/12/632
f 652/32/652 649/29/649 647/27/647
f 634/14/634 652/32/652 632/12/632
f 650/30/650 653/33/653 638/18/638
f 638/18/638 653/33/653 631/11/631
f 653/33/653 654/34/654 631/11/631
f 655/35/655 650/30/650 651/31/651
f 650/30/650 655/35/655 653/33/653
f 653/33/653 656/36/656 654/34/654
f 655/35/655 656/36/656 653/33/653
f 656/36/656 657/37/657 654/34/654
f 636/16/636 657/37/657 656/36/656
f 658/38/658 634/14/634 636/16/636
f 658/38/658 636/16/636 656/36/656
f 652/32/652 634/14/634 658/38/658
f 658/38/658 656/36/656 655/35/655
f 652/32/652 659/39/659 649/29/649
f 659/39/659 652/32/652 658/38/658
f 659/39/659 658/38/658 655/35/655
f 659/39/659 655/35/655 651/31/651
f 659/39/659 660/40/660 649/29/649
f 660/40/660 659/39/659 651/31/651
f 661/40/661 663/39/662 662/31/663
f 663/39/662 661/40/661 664/29/664
f 663/39/662 665/35/665 662/31/663
f 665/35/665 666/30/666 662/31/663
f 666/30/666 667/26/667 662/31/663
f 666/30/666 668/24/668 667/26/667
f 668/24/668 669/25/669 667/26/667
f 670/22/670 669/25/669 668/24/668
f 671/32/671 663/39/662 664/29/664
f 663/39/662 672/38/672 665/35/665
f 672/38/672 663/39/662 671/32/671
f 671/32/671 664/29/664 673/27/673
f 664/29/664 674/28/674 673/27/673
f 673/27/673 674/28/674 675/23/675
f 676/13/676 673/27/673 675/23/675
f 676/13/676 675/23/675 677/20/677
f 671/32/671 673/27/673 678/12/678
f 678/12/678 673/27/673 676/13/676
f 679/14/679 672/38/672 671/32/671
f 679/14/679 671/32/671 678/12/678
f 680/17/680 670/22/670 668/24/668
f 680/17/680 668/24/668 681/18/681
f 681/18/681 668/24/668 666/30/666
f 680/17/680 682/19/682 670/22/670
f 682/19/682 683/21/683 670/22/670
f 683/21/683 682/19/682 677/20/677
f 684/8/684 676/13/676 677/20/677
f 682/19/682 684/8/684 677/20/677
f 685/5/685 678/12/678 676/13/676
f 685/5/685 676/13/676 684/8/684
f 686/7/686 682/19/682 680/17/680
f 682/19/682 686/7/686 684/8/684
f 679/14/679 678/12/678 687/6/687
f 687/6/687 678/12/678 685/5/685
f 688/15/688 679/14/679 687/6/687
f 688/15/688 689/16/689 679/14/679
f 690/4/690 687/6/687 685/5/685
f 689/16/689 672/38/672 679/14/679
f 691/3/691 685/5/685 684/8/684
f 690/4/690 685/5/685 691/3/691
f 686/7/686 691/3/691 684/8/684
f 692/2/692 690/4/690 691/3/691
f 693/1/693 692/2/692 691/3/691
f 686/7/686 693/1/693 691/3/691
f 694/9/694 686/7/686 680/17/680
f 693/1/693 686/7/686 694/9/694
f 695/10/695 693/1/693 694/9/694
f 694/9/694 680/17/680 681/18/681
f 695/10/695 694/9/694 696/11/696
f 694/9/694 681/18/681 696/11/696
f 672/38/672 689/16/689 697/36/697
f 689/16/689 698/37/698 697/36/697
f 672/38/672 697/36/697 665/35/665
f 698/37/698 699/34/699 697/36/697
f 699/34/699 696/11/696 700/33/700
f 696/11/696 681/18/681 700/33/700
f 699/34/699 700/33/700 697/36/697
f 697/36/697 700/33/700 665/35/665
f 700/33/700 681/18/681 666/30/666
f 700/33/700 666/30/666 665/35/665
f 701/10/701 703/9/702 702/11/703
f 703/9/702 701/10/701 704/1/704
f 703/9/702 705/18/705 702/11/703
f 705/18/705 706/33/706 702/11/703
f 706/33/706 707/34/707 702/11/703
f 706/33/706 708/36/708 707/34/707
f 708/36/708 709/37/709 707/34/707
f 710/16/710 709/37/709 708/36/708
f 711/7/711 703/9/702 704/1/704
f 703/9/702 712/17/712 705/18/705
f 712/17/712 703/9/702 711/7/711
f 711/7/711 704/1/704 713/3/713
f 704/1/704 714/2/714 713/3/713
f 713/3/713 714/2/714 715/4/715
f 716/5/716 713/3/713 715/4/715
f 716/5/716 715/4/715 717/6/717
f 711/7/711 713/3/713 718/8/718
f 718/8/718 713/3/713 716/5/716
f 719/19/719 712/17/712 711/7/711
f 719/19/719 711/7/711 718/8/718
f 720/38/720 710/16/710 708/36/708
f 720/38/720 708/36/708 721/35/721
f 721/35/721 708/36/708 706/33/706
f 720/38/720 722/14/722 710/16/710
f 722/14/722 723/15/723 710/16/710
f 723/15/723 722/14/722 717/6/717
f 724/12/724 716/5/716 717/6/717
f 722/14/722 724/12/724 717/6/717
f 725/13/725 718/8/718 716/5/716
f 725/13/725 716/5/716 724/12/724
f 726/32/726 722/14/722 720/38/720
f 722/14/722 726/32/726 724/12/724
f 719/19/719 718/8/718 727/20/727
f 718/8/718 725/13/725 727/20/727
f 728/21/728 719/19/719 727/20/727
f 719/19/719 728/21/728 729/22/729
f 725/13/725 730/23/730 727/20/727
f 712/17/712 719/19/719 729/22/729
f 731/27/731 725/13/725 724/12/724
f 725/13/725 731/27/731 730/23/730
f 726/32/726 731/27/731 724/12/724
f 731/27/731 732/28/732 730/23/730
f 733/29/733 732/28/732 731/27/731
f 726/32/726 733/29/733 731/27/731
f 734/39/734 726/32/726 720/38/720
f 726/32/726 734/39/734 733/29/733
f 734/39/734 735/40/735 733/29/733
f 734/39/734 720/38/720 721/35/721
f 735/40/735 734/39/734 736/31/736
f 734/39/734 721/35/721 736/31/736
f 712/17/712 729/22/729 737/24/737
f 729/22/729 738/25/738 737/24/737
f 712/17/712 737/24/737 705/18/705
f 737/24/737 738/25/738 739/26/739
f 740/30/740 739/26/739 736/31/736
f 721/35/721 740/30/740 736/31/736
f 740/30/740 737/24/737 739/26/739
f 737/24/737 740/30/740 705/18/705
f 740/30/740 721/35/721 706/33/706
f 740/30/740 706/33/706 705/18/705
f 741/22/741 743/25/742 742/24/743
f 742/24/743 743/25/742 744/26/744
f 745/30/745 742/24/743 744/26/744
f 745/30/745 744/26/744 746/31/746
f 747/17/747 741/22/741 742/24/743
f 742/24/743 745/30/745 748/18/748
f 747/17/747 742/24/743 748/18/748
f 747/17/747 749/19/749 741/22/741
f 749/19/749 750/21/750 741/22/741
f 750/21/750 749/19/749 751/20/751
f 752/35/752 745/30/745 746/31/746
f 745/30/745 753/33/753 748/18/748
f 745/30/745 752/35/752 753/33/753
f 754/39/754 752/35/752 746/31/746
f 755/40/755 754/39/754 746/31/746
f 754/39/754 755/40/755 756/29/756
f 757/9/757 747/17/747 748/18/748
f 749/19/749 747/17/747 758/7/758
f 747/17/747 757/9/757 758/7/758
f 749/19/749 759/8/759 751/20/751
f 749/19/749 758/7/758 759/8/759
f 748/18/748 753/33/753 760/11/760
f 757/9/757 748/18/748 760/11/760
f 761/10/761 757/9/757 760/11/760
f 757/9/757 761/10/761 762/1/762
f 758/7/758 757/9/757 762/1/762
f 753/33/753 763/34/763 760/11/760
f 758/7/758 762/1/762 764/3/764
f 758/7/758 764/3/764 759/8/759
f 762/1/762 765/2/765 764/3/764
f 764/3/764 765/2/765 766/4/766
f 753/33/753 767/36/767 763/34/763
f 767/36/767 768/37/768 763/34/763
f 752/35/752 767/36/767 753/33/753
f 769/16/769 768/37/768 767/36/767
f 770/5/770 764/3/764 766/4/766
f 759/8/759 764/3/764 770/5/770
f 770/5/770 766/4/766 771/6/771
f 772/38/772 767/36/767 752/35/752
f 772/38/772 769/16/769 767/36/767
f 754/39/754 772/38/772 752/35/752
f 773/13/773 759/8/759 770/5/770
f 759/8/759 773/13/773 751/20/751
f 773/13/773 774/23/774 751/20/751
f 775/12/775 770/5/770 771/6/771
f 773/13/773 770/5/770 775/12/775
f 773/13/773 776/27/776 774/23/774
f 776/27/776 773/13/773 775/12/775
f 776/27/776 777/28/777 774/23/774
f 756/29/756 777/28/777 776/27/776
f 778/32/778 754/39/754 756/29/756
f 778/32/778 756/29/756 776/27/776
f 754/39/754 778/32/778 772/38/772
f 778/32/778 776/27/776 775/12/775
f 772/38/772 779/14/779 769/16/769
f 778/32/778 779/14/779 772/38/772
f 779/14/779 778/32/778 775/12/775
f 779/14/779 775/12/775 771/6/771
f 779/14/779 780/15/780 769/16/769
f 780/15/780 779/14/779 771/6/771
f 769/10/769 781/9/781 768/11/768
f 769/10/769 780/1/780 781/9/781
f 781/9/781 782/18/782 768/11/768
f 768/11/768 782/18/782 783/33/783
f 763/34/763 768/11/768 783/33/783
f 763/34/763 783/33/783 784/36/784
f 760/37/760 763/34/763 784/36/784
f 761/16/761 760/37/760 784/36/784
f 780/1/780 785/7/785 781/9/781
f 781/9/781 786/17/786 782/18/782
f 781/9/781 785/7/785 786/17/786
f 785/7/785 780/1/780 787/3/787
f 780/1/780 771/2/771 787/3/787
f 771/2/771 766/4/766 787/3/787
f 766/4/766 788/5/788 787/3/787
f 766/4/766 765/6/765 788/5/788
f 785/7/785 787/3/787 789/8/789
f 787/3/787 788/5/788 789/8/789
f 785/7/785 790/19/790 786/17/786
f 790/19/790 785/7/785 789/8/789
f 791/38/791 761/16/761 784/36/784
f 761/16/761 791/38/791 792/14/792
f 762/15/762 761/16/761 792/14/792
f 762/15/762 792/14/792 765/6/765
f 765/6/765 793/12/793 788/5/788
f 792/14/792 793/12/793 765/6/765
f 788/5/788 794/13/794 789/8/789
f 788/5/788 793/12/793 794/13/794
f 792/14/792 795/32/795 793/12/793
f 792/14/792 791/38/791 795/32/795
f 791/38/791 784/36/784 796/35/796
f 784/36/784 783/33/783 796/35/796
f 790/19/790 789/8/789 777/20/777
f 789/8/789 794/13/794 777/20/777
f 756/21/756 790/19/790 777/20/777
f 790/19/790 756/21/756 755/22/755
f 794/13/794 774/23/774 777/20/777
f 786/17/786 790/19/790 755/22/755
f 793/12/793 797/27/797 794/13/794
f 794/13/794 797/27/797 774/23/774
f 795/32/795 797/27/797 793/12/793
f 797/27/797 751/28/751 774/23/774
f 750/29/750 751/28/751 797/27/797
f 795/32/795 750/29/750 797/27/797
f 786/17/786 755/22/755 798/24/798
f 755/22/755 746/25/746 798/24/798
f 786/17/786 798/24/798 782/18/782
f 798/24/798 746/25/746 744/26/744
f 795/32/795 799/39/799 750/29/750
f 791/38/791 799/39/799 795/32/795
f 799/39/799 741/40/741 750/29/750
f 799/39/799 791/38/791 796/35/796
f 741/40/741 799/39/799 743/31/742
f 799/39/799 796/35/796 743/31/742
f 782/18/782 798/24/798 800/30/800
f 800/30/800 798/24/798 744/26/744
f 800/30/800 744/26/744 743/31/742
f 796/35/796 800/30/800 743/31/742
f 783/33/783 782/18/782 800/30/800
f 783/33/783 800/30/800 796/35/796
f 801/40/801 803/39/802 802/31/803
f 803/39/802 801/40/801 804/29/804
f 803/39/802 805/35/805 802/31/803
f 805/35/805 806/30/806 802/31/803
f 806/30/806 807/26/807 802/31/803
f 806/30/806 808/24/808 807/26/807
f 808/24/808 809/25/809 807/26/807
f 810/22/810 809/25/809 808/24/808
f 811/32/811 803/39/802 804/29/804
f 803/39/802 812/38/812 805/35/805
f 803/39/802 811/32/811 812/38/812
f 811/32/811 804/29/804 813/27/813
f 804/29/804 814/28/814 813/27/813
f 813/27/813 814/28/814 815/23/815
f 816/13/816 813/27/813 815/23/815
f 816/13/816 815/23/815 817/20/817
f 811/32/811 813/27/813 818/12/818
f 813/27/813 816/13/816 818/12/818
f 811/32/811 819/14/819 812/38/812
f 819/14/819 811/32/811 818/12/818
f 820/17/820 810/22/810 808/24/808
f 820/17/820 821/19/821 810/22/810
f 821/19/821 822/21/822 810/22/810
f 822/21/822 821/19/821 817/20/817
f 823/8/823 816/13/816 817/20/817
f 821/19/821 823/8/823 817/20/817
f 816/13/816 824/5/824 818/12/818
f 816/13/816 823/8/823 824/5/824
f 821/19/821 825/7/825 823/8/823
f 821/19/821 820/17/820 825/7/825
f 820/17/820 808/24/808 826/18/826
f 808/24/808 806/30/806 826/18/826
f 819/14/819 818/12/818 827/6/827
f 818/12/818 824/5/824 827/6/827
f 828/15/828 819/14/819 827/6/827
f 819/14/819 828/15/828 829/16/829
f 824/5/824 830/4/830 827/6/827
f 812/38/812 819/14/819 829/16/829
f 823/8/823 831/3/831 824/5/824
f 824/5/824 831/3/831 830/4/830
f 825/7/825 831/3/831 823/8/823
f 831/3/831 832/2/832 830/4/830
f 833/1/833 832/2/832 831/3/831
f 825/7/825 833/1/833 831/3/831
f 812/38/812 829/16/829 834/36/834
f 829/16/829 835/37/835 834/36/834
f 812/38/812 834/36/834 805/35/805
f 834/36/834 835/37/835 836/34/836
f 825/7/825 837/9/837 833/1/833
f 820/17/820 837/9/837 825/7/825
f 837/9/837 838/10/838 833/1/833
f 837/9/837 820/17/820 826/18/826
f 838/10/838 837/9/837 839/11/839
f 837/9/837 826/18/826 839/11/839
f 805/35/805 834/36/834 840/33/840
f 840/33/840 834/36/834 836/34/836
f 840/33/840 836/34/836 839/11/839
f 826/18/826 840/33/840 839/11/839
f 806/30/806 805/35/805 840/33/840
f 806/30/806 840/33/840 826/18/826
f 841/1/841 843/2/842 842/3/843
f 842/3/843 843/2/842 844/4/844
f 845/5/845 842/3/843 844/4/844
f 845/5/845 844/4/844 846/6/846
f 847/7/847 841/1/841 842/3/843
f 848/8/848 842/3/843 845/5/845
f 847/7/847 842/3/843 848/8/848
f 847/7/847 849/9/849 841/1/841
f 849/9/849 850/10/850 841/1/841
f 850/10/850 849/9/849 851/11/851
f 852/12/852 845/5/845 846/6/846
f 853/13/853 848/8/848 845/5/845
f 853/13/853 845/5/845 852/12/852
f 854/14/854 852/12/852 846/6/846
f 855/15/855 854/14/854 846/6/846
f 854/14/854 855/15/855 856/16/856
f 857/17/857 849/9/849 847/7/847
f 849/9/849 858/18/858 851/11/851
f 849/9/849 857/17/857 858/18/858
f 859/19/859 847/7/847 848/8/848
f 859/19/859 857/17/857 847/7/847
f 848/8/848 853/13/853 860/20/860
f 859/19/859 848/8/848 860/20/860
f 861/21/861 859/19/859 860/20/860
f 859/19/859 861/21/861 862/22/862
f 857/17/857 859/19/859 862/22/862
f 853/13/853 863/23/863 860/20/860
f 857/17/857 862/22/862 864/24/864
f 857/17/857 864/24/864 858/18/858
f 862/22/862 865/25/865 864/24/864
f 864/24/864 865/25/865 866/26/866
f 853/13/853 867/27/867 863/23/863
f 867/27/867 868/28/868 863/23/863
f 867/27/867 853/13/853 852/12/852
f 869/29/869 868/28/868 867/27/867
f 870/30/870 864/24/864 866/26/866
f 864/24/864 870/30/870 858/18/858
f 870/30/870 866/26/866 871/31/871
f 872/32/872 867/27/867 852/12/852
f 872/32/872 869/29/869 867/27/867
f 854/14/854 872/32/872 852/12/852
f 870/30/870 873/33/873 858/18/858
f 858/18/858 873/33/873 851/11/851
f 873/33/873 874/34/874 851/11/851
f 875/35/875 870/30/870 871/31/871
f 870/30/870 875/35/875 873/33/873
f 873/33/873 876/36/876 874/34/874
f 875/35/875 876/36/876 873/33/873
f 876/36/876 877/37/877 874/34/874
f 856/16/856 877/37/877 876/36/876
f 878/38/878 854/14/854 856/16/856
f 878/38/878 856/16/856 876/36/876
f 872/32/872 854/14/854 878/38/878
f 878/38/878 876/36/876 875/35/875
f 872/32/872 879/39/879 869/29/869
f 879/39/879 872/32/872 878/38/878
f 879/39/879 878/38/878 875/35/875
f 879/39/879 875/35/875 871/31/871
f 879/39/879 880/40/880 869/29/869
f 880/40/880 879/39/879 871/31/871
f 881/10/881 883/9/882 882/11/883
f 883/9/882 881/10/881 884/1/884
f 883/9/882 885/18/885 882/11/883
f 885/18/885 886/33/886 882/11/883
f 886/33/886 887/34/887 882/11/883
f 886/33/886 888/36/888 887/34/887
f 888/36/888 889/37/889 887/34/887
f 890/16/890 889/37/889 888/36/888
f 891/7/891 883/9/882 884/1/884
f 883/9/882 892/17/892 885/18/885
f 892/17/892 883/9/882 891/7/891
f 891/7/891 884/1/884 893/3/893
f 884/1/884 894/2/894 893/3/893
f 893/3/893 894/2/894 895/4/895
f 896/5/896 893/3/893 895/4/895
f 896/5/896 895/4/895 897/6/897
f 891/7/891 893/3/893 898/8/898
f 898/8/898 893/3/893 896/5/896
f 899/19/899 892/17/892 891/7/891
f 899/19/899 891/7/891 898/8/898
f 900/38/900 890/16/890 888/36/888
f 900/38/900 888/36/888 901/35/901
f 901/35/901 888/36/888 886/33/886
f 900/38/900 902/14/902 890/16/890
f 902/14/902 903/15/903 890/16/890
f 903/15/903 902/14/902 897/6/897
f 904/12/904 896/5/896 897/6/897
f 902/14/902 904/12/904 897/6/897
f 905/13/905 898/8/898 896/5/896
f 905/13/905 896/5/896 904/12/904
f 906/32/906 902/14/902 900/38/900
f 902/14/902 906/32/906 904/12/904
f 899/19/899 898/8/898 907/20/907
f 898/8/898 905/13/905 907/20/907
f 908/21/908 899/19/899 907/20/907
f 899/19/899 908/21/908 909/22/909
f 905/13/905 910/23/910 907/20/907
f 892/17/892 899/19/899 909/22/909
f 911/27/911 905/13/905 904/12/904
f 905/13/905 911/27/911 910/23/910
f 906/32/906 911/27/911 904/12/904
f 911/27/911 912/28/912 910/23/910
f 913/29/913 912/28/912 911/27/911
f 906/32/906 913/29/913 911/27/911
f 914/39/914 906/32/906 900/38/900
f 906/32/906 914/39/914 913/29/913
f 914/39/914 915/40/915 913/29/913
f 914/39/914 900/38/900 901/35/901
f 915/40/915 914/39/914 916/31/916
f 914/39/914 901/35/901 916/31/916
f 892/17/892 909/22/909 917/24/917
f 909/22/909 918/25/918 917/24/917
f 892/17/892 917/24/917 885/18/885
f 917/24/917 918/25/918 919/26/919
f 920/30/920 919/26/919 916/31/916
f 901/35/901 920/30/920 916/31/916
f 920/30/920 917/24/917 919/26/919
f 917/24/917 920/30/920 885/18/885
f 920/30/920 901/35/901 886/33/886
f 920/30/920 886/33/886 885/18/885
f 921/16/921 923/37/922 922/36/923
f 922/36/923 923/37/922 924/34/924
f 925/33/925 922/36/923 924/34/924
f 925/33/925 924/34/924 926/11/926
f 927/38/927 921/16/921 922/36/923
f 928/35/928 922/36/923 925/33/925
f 927/38/927 922/36/923 928/35/928
f 927/38/927 929/14/929 921/16/921
f 929/14/929 930/15/930 921/16/921
f 930/15/930 929/14/929 931/6/931
f 932/18/932 925/33/925 926/11/926
f 933/30/933 928/35/928 925/33/925
f 933/30/933 925/33/925 932/18/932
f 934/9/934 932/18/932 926/11/926
f 935/10/935 934/9/934 926/11/926
f 934/9/934 935/10/935 936/1/936
f 937/39/937 927/38/927 928/35/928
f 938/32/938 929/14/929 927/38/927
f 937/39/937 938/32/938 927/38/927
f 929/14/929 939/12/939 931/6/931
f 929/14/929 938/32/938 939/12/939
f 928/35/928 933/30/933 940/31/940
f 937/39/937 928/35/928 940/31/940
f 941/40/941 937/39/937 940/31/940
f 937/39/937 941/40/941 942/29/942
f 938/32/938 937/39/937 942/29/942
f 933/30/933 943/26/943 940/31/940
f 938/32/938 942/29/942 944/27/944
f 938/32/938 944/27/944 939/12/939
f 942/29/942 945/28/945 944/27/944
f 944/27/944 945/28/945 946/23/946
f 933/30/933 947/24/947 943/26/943
f 947/24/947 948/25/948 943/26/943
f 947/24/947 933/30/933 932/18/932
f 949/22/949 948/25/948 947/24/947
f 950/13/950 944/27/944 946/23/946
f 944/27/944 950/13/950 939/12/939
f 950/13/950 946/23/946 951/20/951
f 952/17/952 947/24/947 932/18/932
f 952/17/952 949/22/949 947/24/947
f 934/9/934 952/17/952 932/18/932
f 950/13/950 953/5/953 939/12/939
f 939/12/939 953/5/953 931/6/931
f 953/5/953 954/4/954 931/6/931
f 955/8/955 950/13/950 951/20/951
f 950/13/950 955/8/955 953/5/953
f 953/5/953 956/3/956 954/4/954
f 955/8/955 956/3/956 953/5/953
f 956/3/956 957/2/957 954/4/954
f 936/1/936 957/2/957 956/3/956
f 958/7/958 934/9/934 936/1/936
f 958/7/958 936/1/936 956/3/956
f 952/17/952 934/9/934 958/7/958
f 958/7/958 956/3/956 955/8/955
f 952/17/952 959/19/959 949/22/949
f 959/19/959 952/17/952 958/7/958
f 959/19/959 958/7/958 955/8/955
f 959/19/959 955/8/955 951/20/951
f 959/19/959 960/21/960 949/22/949
f 960/21/960 959/19/959 951/20/951
f 961/22/961 963/25/962 962/24/963
f 962/24/963 963/25/962 964/26/964
f 965/30/965 962/24/963 964/26/964
f 965/30/965 964/26/964 966/31/966
f 967/17/967 961/22/961 962/24/963
f 962/24/963 965/30/965 968/18/968
f 967/17/967 962/24/963 968/18/968
f 967/17/967 969/19/969 961/22/961
f 969/19/969 970/21/970 961/22/961
f 970/21/970 969/19/969 971/20/971
f 972/35/972 965/30/965 966/31/966
f 965/30/965 973/33/973 968/18/968
f 965/30/965 972/35/972 973/33/973
f 974/39/974 972/35/972 966/31/966
f 975/40/975 974/39/974 966/31/966
f 974/39/974 975/40/975 976/29/976
f 977/9/977 967/17/967 968/18/968
f 969/19/969 967/17/967 978/7/978
f 967/17/967 977/9/977 978/7/978
f 969/19/969 979/8/979 971/20/971
f 969/19/969 978/7/978 979/8/979
f 968/18/968 973/33/973 980/11/980
f 977/9/977 968/18/968 980/11/980
f 981/10/981 977/9/977 980/11/980
f 977/9/977 981/10/981 982/1/982
f 978/7/978 977/9/977 982/1/982
f 973/33/973 983/34/983 980/11/980
f 978/7/978 982/1/982 984/3/984
f 978/7/978 984/3/984 979/8/979
f 982/1/982 985/2/985 984/3/984
f 984/3/984 985/2/985 986/4/986
f 973/33/973 987/36/987 983/34/983
f 987/36/987 988/37/988 983/34/983
f 972/35/972 987/36/987 973/33/973
f 989/16/989 988/37/988 987/36/987
f 990/5/990 984/3/984 986/4/986
f 979/8/979 984/3/984 990/5/990
f 990/5/990 986/4/986 991/6/991
f 992/38/992 987/36/987 972/35/972
f 992/38/992 989/16/989 987/36/987
f 974/39/974 992/38/992 972/35/972
f 993/13/993 979/8/979 990/5/990
f 979/8/979 993/13/993 971/20/971
f 993/13/993 994/23/994 971/20/971
f 995/12/995 990/5/990 991/6/991
f 993/13/993 990/5/990 995/12/995
f 993/13/993 996/27/996 994/23/994
f 996/27/996 993/13/993 995/12/995
f 996/27/996 997/28/997 994/23/994
f 976/29/976 997/28/997 996/27/996
f 998/32/998 974/39/974 976/29/976
f 998/32/998 976/29/976 996/27/996
f 974/39/974 998/32/998 992/38/992
f 998/32/998 996/27/996 995/12/995
f 992/38/992 999/14/999 989/16/989
f 998/32/998 999/14/999 992/38/992
f 999/14/999 998/32/998 995/12/995
f 999/14/999 995/12/995 991/6/991
f 999/14/999 1000/15/1000 989/16/989
f 1000/15/1000 999/14/999 991/6/991
f 989/10/989 1001/9/1001 988/11/988
f 989/10/989 1000/1/1000 1001/9/1001
f 1001/9/1001 1002/18/1002 988/11/988
f 988/11/988 1002/18/1002 1003/33/1003
f 983/34/983 988/11/988 1003/33/1003
f 983/34/983 1003/33/1003 1004/36/1004
f 980/37/980 983/34/983 1004/36/1004
f 981/16/981 980/37/980 1004/36/1004
f 1000/1/1000 1005/7/1005 1001/9/1001
f 1001/9/1001 1006/17/1006 1002/18/1002
f 1001/9/1001 1005/7/1005 1006/17/1006
f 1005/7/1005 1000/1/1000 1007/3/1007
f 1000/1/1000 991/2/991 1007/3/1007
f 991/2/991 986/4/986 1007/3/1007
f 986/4/986 1008/5/1008 1007/3/1007
f 986/4/986 985/6/985 1008/5/1008
f 1005/7/1005 1007/3/1007 1009/8/1009
f 1007/3/1007 1008/5/1008 1009/8/1009
f 1005/7/1005 1010/19/1010 1006/17/1006
f 1010/19/1010 1005/7/1005 1009/8/1009
f 1011/38/1011 981/16/981 1004/36/1004
f 981/16/981 1011/38/1011 1012/14/1012
f 982/15/982 981/16/981 1012/14/1012
f 982/15/982 1012/14/1012 985/6/985
f 985/6/985 1013/12/1013 1008/5/1008
f 1012/14/1012 1013/12/1013 985/6/985
f 1008/5/1008 1014/13/1014 1009/8/1009
f 1008/5/1008 1013/12/1013 1014/13/1014
f 1012/14/1012 1015/32/1015 1013/12/1013
f 1012/14/1012 1011/38/1011 1015/32/1015
f 1011/38/1011 1004/36/1004 1016/35/1016
f 1004/36/1004 1003/33/1003 1016/35/1016
f 1010/19/1010 1009/8/1009 997/20/997
f 1009/8/1009 1014/13/1014 997/20/997
f 976/21/976 1010/19/1010 997/20/997
f 1010/19/1010 976/21/976 975/22/975
f 1014/13/1014 994/23/994 997/20/997
f 1006/17/1006 1010/19/1010 975/22/975
f 1013/12/1013 1017/27/1017 1014/13/1014
f 1014/13/1014 1017/27/1017 994/23/994
f 1015/32/1015 1017/27/1017 1013/12/1013
f 1017/27/1017 971/28/971 994/23/994
f 970/29/970 971/28/971 1017/27/1017
f 1015/32/1015 970/29/970 1017/27/1017
f 1006/17/1006 975/22/975 1018/24/1018
f 975/22/975 966/25/966 1018/24/1018
f 1006/17/1006 1018/24/1018 1002/18/1002
f 1018/24/1018 966/25/966 964/26/964
f 1015/32/1015 1019/39/1019 970/29/970
f 1011/38/1011 1019/39/1019 1015/32/1015
f 1019/39/1019 961/40/961 970/29/970
f 1019/39/1019 1011/38/1011 1016/35/1016
f 961/40/961 1019/39/1019 963/31/962
f 1019/39/1019 1016/35/1016 963/31/962
f 1002/18/1002 1018/24/1018 1020/30/1020
f 1020/30/1020 1018/24/1018 964/26/964
f 1020/30/1020 964/26/964 963/31/962
f 1016/35/1016 1020/30/1020 963/31/962
f 1003/33/1003 1002/18/1002 1020/30/1020
f 1003/33/1003 1020/30/1020 1016/35/1016
f 1021/40/1021 1023/39/1022 1022/31/1023
f 1023/39/1022 1021/40/1021 1024/29/1024
f 1023/39/1022 1025/35/1025 1022/31/1023
f 1025/35/1025 1026/30/1026 1022/31/1023
f 1026/30/1026 1027/26/1027 1022/31/1023
f 1026/30/1026 1028/24/1028 1027/26/1027
f 1028/24/1028 1029/25/1029 1027/26/1027
f 1030/22/1030 1029/25/1029 1028/24/1028
f 1031/32/1031 1023/39/1022 1024/29/1024
f 1023/39/1022 1032/38/1032 1025/35/1025
f 1023/39/1022 1031/32/1031 1032/38/1032
f 1031/32/1031 1024/29/1024 1033/27/1033
f 1024/29/1024 1034/28/1034 1033/27/1033
f 1033/27/1033 1034/28/1034 1035/23/1035
f 1036/13/1036 1033/27/1033 1035/23/1035
f 1036/13/1036 1035/23/1035 1037/20/1037
f 1031/32/1031 1033/27/1033 1038/12/1038
f 1033/27/1033 1036/13/1036 1038/12/1038
f 1031/32/1031 1039/14/1039 1032/38/1032
f 1039/14/1039 1031/32/1031 1038/12/1038
f 1040/17/1040 1030/22/1030 1028/24/1028
f 1040/17/1040 1041/19/1041 1030/22/1030
f 1041/19/1041 1042/21/1042 1030/22/1030
f 1042/21/1042 1041/19/1041 1037/20/1037
f 1043/8/1043 1036/13/1036 1037/20/1037
f 1041/19/1041 1043/8/1043 1037/20/1037
f 1036/13/1036 1044/5/1044 1038/12/1038
f 1036/13/1036 1043/8/1043 1044/5/1044
f 1041/19/1041 1045/7/1045 1043/8/1043
f 1041/19/1041 1040/17/1040 1045/7/1045
f 1040/17/1040 1028/24/1028 1046/18/1046
f 1028/24/1028 1026/30/1026 1046/18/1046
f 1039/14/1039 1038/12/1038 1047/6/1047
f 1038/12/1038 1044/5/1044 1047/6/1047
f 1048/15/1048 1039/14/1039 1047/6/1047
f 1039/14/1039 1048/15/1048 1049/16/1049
f 1044/5/1044 1050/4/1050 1047/6/1047
f 1032/38/1032 1039/14/1039 1049/16/1049
f 1043/8/1043 1051/3/1051 1044/5/1044
f 1044/5/1044 1051/3/1051 1050/4/1050
f 1045/7/1045 1051/3/1051 1043/8/1043
f 1051/3/1051 1052/2/1052 1050/4/1050
f 1053/1/1053 1052/2/1052 1051/3/1051
f 1045/7/1045 1053/1/1053 1051/3/1051
f 1032/38/1032 1049/16/1049 1054/36/1054
f 1049/16/1049 1055/37/1055 1054/36/1054
f 1032/38/1032 1054/36/1054 1025/35/1025
f 1054/36/1054 1055/37/1055 1056/34/1056
f 1045/7/1045 1057/9/1057 1053/1/1053
f 1040/17/1040 1057/9/1057 1045/7/1045
f 1057/9/1057 1058/10/1058 1053/1/1053
f 1057/9/1057 1040/17/1040 1046/18/1046
f 1058/10/1058 1057/9/1057 1059/11/1059
f 1057/9/1057 1046/18/1046 1059/11/1059
f 1025/35/1025 1054/36/1054 1060/33/1060
f 1060/33/1060 1054/36/1054 1056/34/1056
f 1060/33/1060 1056/34/1056 1059/11/1059
f 1046/18/1046 1060/33/1060 1059/11/1059
f 1026/30/1026 1025/35/1025 1060/33/1060
f 1026/30/1026 1060/33/1060 1046/18/1046
f 1061/1/1061 1063/2/1062 1062/3/1063
f 1062/3/1063 1063/2/1062 1064/4/1064
f 1065/5/1065 1062/3/1063 1064/4/1064
f 1065/5/1065 1064/4/1064 1066/6/1066
f 1067/7/1067 1061/1/1061 1062/3/1063
f 1068/8/1068 1062/3/1063 1065/5/1065
f 1067/7/1067 1062/3/1063 1068/8/1068
f 1067/7/1067 1069/9/1069 1061/1/1061
f 1069/9/1069 1070/10/1070 1061/1/1061
f 1070/10/1070 1069/9/1069 1071/11/1071
f 1072/12/1072 1065/5/1065 1066/6/1066
f 1073/13/1073 1068/8/1068 1065/5/1065
f 1073/13/1073 1065/5/1065 1072/12/1072
f 1074/14/1074 1072/12/1072 1066/6/1066
f 1075/15/1075 1074/14/1074 1066/6/1066
f 1074/14/1074 1075/15/1075 1076/16/1076
f 1077/17/1077 1069/9/1069 1067/7/1067
f 1069/9/1069 1078/18/1078 1071/11/1071
f 1069/9/1069 1077/17/1077 1078/18/1078
f 1079/19/1079 1067/7/1067 1068/8/1068
f 1079/19/1079 1077/17/1077 1067/7/1067
f 1068/8/1068 1073/13/1073 1080/20/1080
f 1079/19/1079 1068/8/1068 1080/20/1080
f 1081/21/1081 1079/19/1079 1080/20/1080
f 1079/19/1079 1081/21/1081 1082/22/1082
f 1077/17/1077 1079/19/1079 1082/22/1082
f 1073/13/1073 1083/23/1083 1080/20/1080
f 1077/17/1077 1082/22/1082 1084/24/1084
f 1077/17/1077 1084/24/1084 1078/18/1078
f 1082/22/1082 1085/25/1085 1084/24/1084
f 1084/24/1084 1085/25/1085 1086/26/1086
f 1073/13/1073 1087/27/1087 1083/23/1083
f 1087/27/1087 1088/28/1088 1083/23/1083
f 1087/27/1087 1073/13/1073 1072/12/1072
f 1089/29/1089 1088/28/1088 1087/27/1087
f 1090/30/1090 1084/24/1084 1086/26/1086
f 1084/24/1084 1090/30/1090 1078/18/1078
f 1090/30/1090 1086/26/1086 1091/31/1091
f 1092/32/1092 1087/27/1087 1072/12/1072
f 1092/32/1092 1089/29/1089 1087/27/1087
f 1074/14/1074 1092/32/1092 1072/12/1072
f 1090/30/1090 1093/33/1093 1078/18/1078
f 1078/18/1078 1093/33/1093 1071/11/1071
f 1093/33/1093 1094/34/1094 1071/11/1071
f 1095/35/1095 1090/30/1090 1091/31/1091
f 1090/30/1090 1095/35/1095 1093/33/1093
f 1093/33/1093 1096/36/1096 1094/34/1094
f 1095/35/1095 1096/36/1096 1093/33/1093
f 1096/36/1096 1097/37/1097 1094/34/1094
f 1076/16/1076 1097/37/1097 1096/36/1096
f 1098/38/1098 1074/14/1074 1076/16/1076
f 1098/38/1098 1076/16/1076 1096/36/1096
f 1092/32/1092 1074/14/1074 1098/38/1098
f 1098/38/1098 1096/36/1096 1095/35/1095
f 1092/32/1092 1099/39/1099 1089/29/1089
f 1099/39/1099 1092/32/1092 1098/38/1098
f 1099/39/1099 1098/38/1098 1095/35/1095
f 1099/39/1099 1095/35/1095 1091/31/1091
f 1099/39/1099 1100/40/1100 1089/29/1089
f 1100/40/1100 1099/39/1099 1091/31/1091
f 1101/21/1101 1103/19/1102 1102/20/1103
f 1103/19/1102 1101/21/1101 1104/22/1104
f 1103/19/1102 1105/8/1105 1102/20/1103
f 1105/8/1105 1106/13/1106 1102/20/1103
f 1106/13/1106 1107/23/1107 1102/20/1103
f 1106/13/1106 1108/27/1108 1107/23/1107
f 1108/27/1108 1109/28/1109 1107/23/1107
f 1110/29/1110 1109/28/1109 1108/27/1108
f 1111/17/1111 1103/19/1102 1104/22/1104
f 1103/19/1102 1112/7/1112 1105/8/1105
f 1103/19/1102 1111/17/1111 1112/7/1112
f 1111/17/1111 1104/22/1104 1113/24/1113
f 1104/22/1104 1114/25/1114 1113/24/1113
f 1113/24/1113 1114/25/1114 1115/26/1115
f 1116/30/1116 1113/24/1113 1115/26/1115
f 1116/30/1116 1115/26/1115 1117/31/1117
f 1111/17/1111 1113/24/1113 1118/18/1118
f 1113/24/1113 1116/30/1116 1118/18/1118
f 1111/17/1111 1119/9/1119 1112/7/1112
f 1119/9/1119 1111/17/1111 1118/18/1118
f 1120/32/1120 1110/29/1110 1108/27/1108
f 1120/32/1120 1121/39/1121 1110/29/1110
f 1121/39/1121 1122/40/1122 1110/29/1110
f 1122/40/1122 1121/39/1121 1117/31/1117
f 1123/35/1123 1116/30/1116 1117/31/1117
f 1121/39/1121 1123/35/1123 1117/31/1117
f 1116/30/1116 1124/33/1124 1118/18/1118
f 1116/30/1116 1123/35/1123 1124/33/1124
f 1121/39/1121 1125/38/1125 1123/35/1123
f 1121/39/1121 1120/32/1120 1125/38/1125
f 1120/32/1120 1108/27/1108 1126/12/1126
f 1108/27/1108 1106/13/1106 1126/12/1126
f 1119/9/1119 1118/18/1118 1127/11/1127
f 1118/18/1118 1124/33/1124 1127/11/1127
f 1128/10/1128 1119/9/1119 1127/11/1127
f 1119/9/1119 1128/10/1128 1129/1/1129
f 1124/33/1124 1130/34/1130 1127/11/1127
f 1112/7/1112 1119/9/1119 1129/1/1129
f 1123/35/1123 1131/36/1131 1124/33/1124
f 1124/33/1124 1131/36/1131 1130/34/1130
f 1125/38/1125 1131/36/1131 1123/35/1123
f 1131/36/1131 1132/37/1132 1130/34/1130
f 1133/16/1133 1132/37/1132 1131/36/1131
f 1125/38/1125 1133/16/1133 1131/36/1131
f 1112/7/1112 1129/1/1129 1134/3/1134
f 1129/1/1129 1135/2/1135 1134/3/1134
f 1112/7/1112 1134/3/1134 1105/8/1105
f 1134/3/1134 1135/2/1135 1136/4/1136
f 1125/38/1125 1137/14/1137 1133/16/1133
f 1120/32/1120 1137/14/1137 1125/38/1125
f 1137/14/1137 1138/15/1138 1133/16/1133
f 1137/14/1137 1120/32/1120 1126/12/1126
f 1138/15/1138 1137/14/1137 1139/6/1139
f 1137/14/1137 1126/12/1126 1139/6/1139
f 1105/8/1105 1134/3/1134 1140/5/1140
f 1140/5/1140 1134/3/1134 1136/4/1136
f 1140/5/1140 1136/4/1136 1139/6/1139
f 1126/12/1126 1140/5/1140 1139/6/1139
f 1106/13/1106 1105/8/1105 1140/5/1140
f 1106/13/1106 1140/5/1140 1126/12/1126
f 1122/22/1122 1117/25/1117 1141/24/1141
f 1141/24/1141 1117/25/1117 1115/26/1115
f 1142/30/1142 1141/24/1141 1115/26/1115
f 1142/30/1142 1115/26/1115 1114/31/1114
f 1143/17/1143 1122/22/1122 1141/24/1141
f 1144/18/1144 1141/24/1141 1142/30/1142
f 1143/17/1143 1141/24/1141 1144/18/1144
f 1143/17/1143 1145/19/1145 1122/22/1122
f 1145/19/1145 1110/21/1110 1122/22/1122
f 1110/21/1110 1145/19/1145 1109/20/1109
f 1146/35/1146 1142/30/1142 1114/31/1114
f 1147/33/1147 1144/18/1144 1142/30/1142
f 1147/33/1147 1142/30/1142 1146/35/1146
f 1148/39/1148 1146/35/1146 1114/31/1114
f 1104/40/1104 1148/39/1148 1114/31/1114
f 1148/39/1148 1104/40/1104 1101/29/1101
f 1149/7/1149 1145/19/1145 1143/17/1143
f 1145/19/1145 1150/8/1150 1109/20/1109
f 1145/19/1145 1149/7/1149 1150/8/1150
f 1151/9/1151 1143/17/1143 1144/18/1144
f 1151/9/1151 1149/7/1149 1143/17/1143
f 1132/11/1132 1144/18/1144 1147/33/1147
f 1151/9/1151 1144/18/1144 1132/11/1132
f 1133/10/1133 1151/9/1151 1132/11/1132
f 1133/10/1133 1138/1/1138 1151/9/1151
f 1138/1/1138 1149/7/1149 1151/9/1151
f 1130/34/1130 1132/11/1132 1147/33/1147
f 1149/7/1149 1138/1/1138 1152/3/1152
f 1149/7/1149 1152/3/1152 1150/8/1150
f 1138/1/1138 1139/2/1139 1152/3/1152
f 1139/2/1139 1136/4/1136 1152/3/1152
f 1130/34/1130 1147/33/1147 1153/36/1153
f 1127/37/1127 1130/34/1130 1153/36/1153
f 1153/36/1153 1147/33/1147 1146/35/1146
f 1128/16/1128 1127/37/1127 1153/36/1153
f 1136/4/1136 1154/5/1154 1152/3/1152
f 1152/3/1152 1154/5/1154 1150/8/1150
f 1136/4/1136 1135/6/1135 1154/5/1154
f 1155/38/1155 1153/36/1153 1146/35/1146
f 1155/38/1155 1128/16/1128 1153/36/1153
f 1148/39/1148 1155/38/1155 1146/35/1146
f 1154/5/1154 1156/13/1156 1150/8/1150
f 1150/8/1150 1156/13/1156 1109/20/1109
f 1156/13/1156 1107/23/1107 1109/20/1109
f 1135/6/1135 1157/12/1157 1154/5/1154
f 1154/5/1154 1157/12/1157 1156/13/1156
f 1156/13/1156 1158/27/1158 1107/23/1107
f 1157/12/1157 1158/27/1158 1156/13/1156
f 1158/27/1158 1102/28/1103 1107/23/1107
f 1101/29/1101 1102/28/1103 1158/27/1158
f 1159/32/1159 1148/39/1148 1101/29/1101
f 1159/32/1159 1101/29/1101 1158/27/1158
f 1155/38/1155 1148/39/1148 1159/32/1159
f 1159/32/1159 1158/27/1158 1157/12/1157
f 1128/16/1128 1155/38/1155 1160/14/1160
f 1160/14/1160 1155/38/1155 1159/32/1159
f 1160/14/1160 1159/32/1159 1157/12/1157
f 1160/14/1160 1157/12/1157 1135/6/1135
f 1129/15/1129 1128/16/1128 1160/14/1160
f 1129/15/1129 1160/14/1160 1135/6/1135
f 1161/10/1161 1163/9/1162 1162/11/1163
f 1163/9/1162 1161/10/1161 1164/1/1164
f 1163/9/1162 1165/18/1165 1162/11/1163
f 1165/18/1165 1166/33/1166 1162/11/1163
f 1166/33/1166 1167/34/1167 1162/11/1163
f 1166/33/1166 1168/36/1168 1167/34/1167
f 1168/36/1168 1169/37/1169 1167/34/1167
f 1170/16/1170 1169/37/1169 1168/36/1168
f 1171/7/1171 1163/9/1162 1164/1/1164
f 1163/9/1162 1172/17/1172 1165/18/1165
f 1172/17/1172 1163/9/1162 1171/7/1171
f 1171/7/1171 1164/1/1164 1173/3/1173
f 1164/1/1164 1174/2/1174 1173/3/1173
f 1173/3/1173 1174/2/1174 1175/4/1175
f 1176/5/1176 1173/3/1173 1175/4/1175
f 1176/5/1176 1175/4/1175 1177/6/1177
f 1171/7/1171 1173/3/1173 1178/8/1178
f 1178/8/1178 1173/3/1173 1176/5/1176
f 1179/19/1179 1172/17/1172 1171/7/1171
f 1179/19/1179 1171/7/1171 1178/8/1178
f 1180/38/1180 1170/16/1170 1168/36/1168
f 1180/38/1180 1181/14/1181 1170/16/1170
f 1181/14/1181 1182/15/1182 1170/16/1170
f 1182/15/1182 1181/14/1181 1177/6/1177
f 1183/12/1183 1176/5/1176 1177/6/1177
f 1181/14/1181 1183/12/1183 1177/6/1177
f 1184/13/1184 1178/8/1178 1176/5/1176
f 1184/13/1184 1176/5/1176 1183/12/1183
f 1181/14/1181 1185/32/1185 1183/12/1183
f 1185/32/1185 1181/14/1181 1180/38/1180
f 1180/38/1180 1168/36/1168 1186/35/1186
f 1186/35/1186 1168/36/1168 1166/33/1166
f 1179/19/1179 1178/8/1178 1187/20/1187
f 1178/8/1178 1184/13/1184 1187/20/1187
f 1188/21/1188 1179/19/1179 1187/20/1187
f 1179/19/1179 1188/21/1188 1189/22/1189
f 1184/13/1184 1190/23/1190 1187/20/1187
f 1172/17/1172 1179/19/1179 1189/22/1189
f 1191/27/1191 1184/13/1184 1183/12/1183
f 1184/13/1184 1191/27/1191 1190/23/1190
f 1185/32/1185 1191/27/1191 1183/12/1183
f 1191/27/1191 1192/28/1192 1190/23/1190
f 1193/29/1193 1192/28/1192 1191/27/1191
f 1185/32/1185 1193/29/1193 1191/27/1191
f 1172/17/1172 1189/22/1189 1194/24/1194
f 1189/22/1189 1195/25/1195 1194/24/1194
f 1172/17/1172 1194/24/1194 1165/18/1165
f 1194/24/1194 1195/25/1195 1196/26/1196
f 1185/32/1185 1197/39/1197 1193/29/1193
f 1197/39/1197 1185/32/1185 1180/38/1180
f 1197/39/1197 1198/40/1198 1193/29/1193
f 1197/39/1197 1180/38/1180 1186/35/1186
f 1198/40/1198 1197/39/1197 1199/31/1199
f 1197/39/1197 1186/35/1186 1199/31/1199
f 1194/24/1194 1200/30/1200 1165/18/1165
f 1200/30/1200 1194/24/1194 1196/26/1196
f 1200/30/1200 1196/26/1196 1199/31/1199
f 1186/35/1186 1200/30/1200 1199/31/1199
f 1200/30/1200 1166/33/1166 1165/18/1165
f 1200/30/1200 1186/35/1186 1166/33/1166
f 1201/16/1201 1203/37/1202 1202/36/1203
f 1202/36/1203 1203/37/1202 1204/34/1204
f 1205/33/1205 1202/36/1203 1204/34/1204
f 1205/33/1205 1204/34/1204 1206/11/1206
f 1207/38/1207 1201/16/1201 1202/36/1203
f 1208/35/1208 1202/36/1203 1205/33/1205
f 1207/38/1207 1202/36/1203 1208/35/1208
f 1207/38/1207 1209/14/1209 1201/16/1201
f 1209/14/1209 1210/15/1210 1201/16/1201
f 1210/15/1210 1209/14/1209 1211/6/1211
f 1212/18/1212 1205/33/1205 1206/11/1206
f 1213/30/1213 1208/35/1208 1205/33/1205
f 1213/30/1213 1205/33/1205 1212/18/1212
f 1214/9/1214 1212/18/1212 1206/11/1206
f 1215/10/1215 1214/9/1214 1206/11/1206
f 1214/9/1214 1215/10/1215 1216/1/1216
f 1217/39/1217 1207/38/1207 1208/35/1208
f 1218/32/1218 1209/14/1209 1207/38/1207
f 1217/39/1217 1218/32/1218 1207/38/1207
f 1209/14/1209 1219/12/1219 1211/6/1211
f 1209/14/1209 1218/32/1218 1219/12/1219
f 1208/35/1208 1213/30/1213 1220/31/1220
f 1217/39/1217 1208/35/1208 1220/31/1220
f 1221/40/1221 1217/39/1217 1220/31/1220
f 1217/39/1217 1221/40/1221 1222/29/1222
f 1218/32/1218 1217/39/1217 1222/29/1222
f 1213/30/1213 1223/26/1223 1220/31/1220
f 1218/32/1218 1222/29/1222 1224/27/1224
f 1218/32/1218 1224/27/1224 1219/12/1219
f 1222/29/1222 1225/28/1225 1224/27/1224
f 1224/27/1224 1225/28/1225 1226/23/1226
f 1213/30/1213 1227/24/1227 1223/26/1223
f 1227/24/1227 1228/25/1228 1223/26/1223
f 1227/24/1227 1213/30/1213 1212/18/1212
f 1229/22/1229 1228/25/1228 1227/24/1227
f 1230/13/1230 1224/27/1224 1226/23/1226
f 1224/27/1224 1230/13/1230 1219/12/1219
f 1230/13/1230 1226/23/1226 1231/20/1231
f 1232/17/1232 1227/24/1227 1212/18/1212
f 1232/17/1232 1229/22/1229 1227/24/1227
f 1214/9/1214 1232/17/1232 1212/18/1212
f 1230/13/1230 1233/5/1233 1219/12/1219
f 1219/12/1219 1233/5/1233 1211/6/1211
f 1233/5/1233 1234/4/1234 1211/6/1211
f 1235/8/1235 1230/13/1230 1231/20/1231
f 1230/13/1230 1235/8/1235 1233/5/1233
f 1233/5/1233 1236/3/1236 1234/4/1234
f 1235/8/1235 1236/3/1236 1233/5/1233
f 1236/3/1236 1237/2/1237 1234/4/1234
f 1216/1/1216 1237/2/1237 1236/3/1236
f 1238/7/1238 1214/9/1214 1216/1/1216
f 1238/7/1238 1216/1/1216 1236/3/1236
f 1232/17/1232 1214/9/1214 1238/7/1238
f 1238/7/1238 1236/3/1236 1235/8/1235
f 1232/17/1232 1239/19/1239 1229/22/1229
f 1239/19/1239 1232/17/1232 1238/7/1238
f 1239/19/1239 1238/7/1238 1235/8/1235
f 1239/19/1239 1235/8/1235 1231/20/1231
f 1239/19/1239 1240/21/1240 1229/22/1229
f 1240/21/1240 1239/19/1239 1231/20/1231
f 1241/16/1241 1243/37/1242 1242/36/1243
f 1242/36/1243 1243/37/1242 1244/34/1244
f 1245/33/1245 1242/36/1243 1244/34/1244
f 1245/33/1245 1244/34/1244 1246/11/1246
f 1247/38/1247 1241/16/1241 1242/36/1243
f 1248/35/1248 1242/36/1243 1245/33/1245
f 1247/38/1247 1242/36/1243 1248/35/1248
f 1247/38/1247 1249/14/1249 1241/16/1241
f 1249/14/1249 1250/15/1250 1241/16/1241
f 1250/15/1250 1249/14/1249 1251/6/1251
f 1252/18/1252 1245/33/1245 1246/11/1246
f 1253/30/1253 1248/35/1248 1245/33/1245
f 1253/30/1253 1245/33/1245 1252/18/1252
f 1254/9/1254 1252/18/1252 1246/11/1246
f 1255/10/1255 1254/9/1254 1246/11/1246
f 1254/9/1254 1255/10/1255 1256/1/1256
f 1257/39/1257 1247/38/1247 1248/35/1248
f 1258/32/1258 1249/14/1249 1247/38/1247
f 1257/39/1257 1258/32/1258 1247/38/1247
f 1249/14/1249 1259/12/1259 1251/6/1251
f 1249/14/1249 1258/32/1258 1259/12/1259
f 1248/35/1248 1253/30/1253 1260/31/1260
f 1257/39/1257 1248/35/1248 1260/31/1260
f 1261/40/1261 1257/39/1257 1260/31/1260
f 1257/39/1257 1261/40/1261 1262/29/1262
f 1258/32/1258 1257/39/1257 1262/29/1262
f 1253/30/1253 1263/26/1263 1260/31/1260
f 1258/32/1258 1262/29/1262 1264/27/1264
f 1258/32/1258 1264/27/1264 1259/12/1259
f 1262/29/1262 1265/28/1265 1264/27/1264
f 1264/27/1264 1265/28/1265 1266/23/1266
f 1253/30/1253 1267/24/1267 1263/26/1263
f 1267/24/1267 1268/25/1268 1263/26/1263
f 1267/24/1267 1253/30/1253 1252/18/1252
f 1269/22/1269 1268/25/1268 1267/24/1267
f 1270/13/1270 1264/27/1264 1266/23/1266
f 1264/27/1264 1270/13/1270 1259/12/1259
f 1270/13/1270 1266/23/1266 1271/20/1271
f 1272/17/1272 1267/24/1267 1252/18/1252
f 1272/17/1272 1269/22/1269 1267/24/1267
f 1254/9/1254 1272/17/1272 1252/18/1252
f 1270/13/1270 1273/5/1273 1259/12/1259
f 1259/12/1259 1273/5/1273 1251/6/1251
f 1273/5/1273 1274/4/1274 1251/6/1251
f 1275/8/1275 1270/13/1270 1271/20/1271
f 1270/13/1270 1275/8/1275 1273/5/1273
f 1273/5/1273 1276/3/1276 1274/4/1274
f 1275/8/1275 1276/3/1276 1273/5/1273
f 1276/3/1276 1277/2/1277 1274/4/1274
f 1256/1/1256 1277/2/1277 1276/3/1276
f 1278/7/1278 1254/9/1254 1256/1/1256
f 1278/7/1278 1256/1/1256 1276/3/1276
f 1272/17/1272 1254/9/1254 1278/7/1278
f 1278/7/1278 1276/3/1276 1275/8/1275
f 1272/17/1272 1279/19/1279 1269/22/1269
f 1279/19/1279 1272/17/1272 1278/7/1278
f 1279/19/1279 1278/7/1278 1275/8/1275
f 1279/19/1279 1275/8/1275 1271/20/1271
f 1279/19/1279 1280/21/1280 1269/22/1269
f 1280/21/1280 1279/19/1279 1271/20/1271
f 1281/40/1281 1283/39/1282 1282/31/1283
f 1283/39/1282 1281/40/1281 1284/29/1284
f 1283/39/1282 1285/35/1285 1282/31/1283
f 1285/35/1285 1286/30/1286 1282/31/1283
f 1286/30/1286 1287/26/1287 1282/31/1283
f 1286/30/1286 1288/24/1288 1287/26/1287
f 1288/24/1288 1289/25/1289 1287/26/1287
f 1290/22/1290 1289/25/1289 1288/24/1288
f 1291/32/1291 1283/39/1282 1284/29/1284
f 1283/39/1282 1292/38/1292 1285/35/1285
f 1283/39/1282 1291/32/1291 1292/38/1292
f 1291/32/1291 1284/29/1284 1293/27/1293
f 1284/29/1284 1294/28/1294 1293/27/1293
f 1293/27/1293 1294/28/1294 1295/23/1295
f 1296/13/1296 1293/27/1293 1295/23/1295
f 1296/13/1296 1295/23/1295 1297/20/1297
f 1291/32/1291 1293/27/1293 1298/12/1298
f 1293/27/1293 1296/13/1296 1298/12/1298
f 1291/32/1291 1299/14/1299 1292/38/1292
f 1299/14/1299 1291/32/1291 1298/12/1298
f 1300/17/1300 1290/22/1290 1288/24/1288
f 1300/17/1300 1301/19/1301 1290/22/1290
f 1301/19/1301 1302/21/1302 1290/22/1290
f 1302/21/1302 1301/19/1301 1297/20/1297
f 1303/8/1303 1296/13/1296 1297/20/1297
f 1301/19/1301 1303/8/1303 1297/20/1297
f 1296/13/1296 1304/5/1304 1298/12/1298
f 1296/13/1296 1303/8/1303 1304/5/1304
f 1301/19/1301 1305/7/1305 1303/8/1303
f 1301/19/1301 1300/17/1300 1305/7/1305
f 1300/17/1300 1288/24/1288 1306/18/1306
f 1288/24/1288 1286/30/1286 1306/18/1306
f 1299/14/1299 1298/12/1298 1307/6/1307
f 1298/12/1298 1304/5/1304 1307/6/1307
f 1308/15/1308 1299/14/1299 1307/6/1307
f 1299/14/1299 1308/15/1308 1309/16/1309
f 1304/5/1304 1310/4/1310 1307/6/1307
f 1292/38/1292 1299/14/1299 1309/16/1309
f 1303/8/1303 1311/3/1311 1304/5/1304
f 1304/5/1304 1311/3/1311 1310/4/1310
f 1305/7/1305 1311/3/1311 1303/8/1303
f 1311/3/1311 1312/2/1312 1310/4/1310
f 1313/1/1313 1312/2/1312 1311/3/1311
f 1305/7/1305 1313/1/1313 1311/3/1311
f 1292/38/1292 1309/16/1309 1314/36/1314
f 1309/16/1309 1315/37/1315 1314/36/1314
f 1292/38/1292 1314/36/1314 1285/35/1285
f 1314/36/1314 1315/37/1315 1316/34/1316
f 1305/7/1305 1317/9/1317 1313/1/1313
f 1300/17/1300 1317/9/1317 1305/7/1305
f 1317/9/1317 1318/10/1318 1313/1/1313
f 1317/9/1317 1300/17/1300 1306/18/1306
f 1318/10/1318 1317/9/1317 1319/11/1319
f 1317/9/1317 1306/18/1306 1319/11/1319
f 1285/35/1285 1314/36/1314 1320/33/1320
f 1320/33/1320 1314/36/1314 1316/34/1316
f 1320/33/1320 1316/34/1316 1319/11/1319
f 1306/18/1306 1320/33/1320 1319/11/1319
f 1286/30/1286 1285/35/1285 1320/33/1320
f 1286/30/1286 1320/33/1320 1306/18/1306
f 1321/21/1321 1323/19/1322 1322/20/1323
f 1323/19/1322 1321/21/1321 1324/22/1324
f 1323/19/1322 1325/8/1325 1322/20/1323
f 1325/8/1325 1326/13/1326 1322/20/1323
f 1326/13/1326 1327/23/1327 1322/20/1323
f 1326/13/1326 1328/27/1328 1327/23/1327
f 1328/27/1328 1329/28/1329 1327/23/1327
f 1330/29/1330 1329/28/1329 1328/27/1328
f 1331/17/1331 1323/19/1322 1324/22/1324
f 1323/19/1322 1332/7/1332 1325/8/1325
f 1323/19/1322 1331/17/1331 1332/7/1332
f 1331/17/1331 1324/22/1324 1333/24/1333
f 1324/22/1324 1334/25/1334 1333/24/1333
f 1333/24/1333 1334/25/1334 1335/26/1335
f 1336/30/1336 1333/24/1333 1335/26/1335
f 1336/30/1336 1335/26/1335 1337/31/1337
f 1331/17/1331 1333/24/1333 1338/18/1338
f 1333/24/1333 1336/30/1336 1338/18/1338
f 1331/17/1331 1339/9/1339 1332/7/1332
f 1339/9/1339 1331/17/1331 1338/18/1338
f 1340/32/1340 1330/29/1330 1328/27/1328
f 1340/32/1340 1341/39/1341 1330/29/1330
f 1341/39/1341 1342/40/1342 1330/29/1330
f 1342/40/1342 1341/39/1341 1337/31/1337
f 1343/35/1343 1336/30/1336 1337/31/1337
f 1341/39/1341 1343/35/1343 1337/31/1337
f 1336/30/1336 1344/33/1344 1338/18/1338
f 1336/30/1336 1343/35/1343 1344/33/1344
f 1341/39/1341 1345/38/1345 1343/35/1343
f 1341/39/1341 1340/32/1340 1345/38/1345
f 1340/32/1340 1328/27/1328 1346/12/1346
f 1328/27/1328 1326/13/1326 1346/12/1346
f 1339/9/1339 1338/18/1338 1347/11/1347
f 1338/18/1338 1344/33/1344 1347/11/1347
f 1348/10/1348 1339/9/1339 1347/11/1347
f 1339/9/1339 1348/10/1348 1349/1/1349
f 1344/33/1344 1350/34/1350 1347/11/1347
f 1332/7/1332 1339/9/1339 1349/1/1349
f 1343/35/1343 1351/36/1351 1344/33/1344
f 1344/33/1344 1351/36/1351 1350/34/1350
f 1345/38/1345 1351/36/1351 1343/35/1343
f 1351/36/1351 1352/37/1352 1350/34/1350
f 1353/16/1353 1352/37/1352 1351/36/1351
f 1345/38/1345 1353/16/1353 1351/36/1351
f 1332/7/1332 1349/1/1349 1354/3/1354
f 1349/1/1349 1355/2/1355 1354/3/1354
f 1332/7/1332 1354/3/1354 1325/8/1325
f 1354/3/1354 1355/2/1355 1356/4/1356
f 1345/38/1345 1357/14/1357 1353/16/1353
f 1340/32/1340 1357/14/1357 1345/38/1345
f 1357/14/1357 1358/15/1358 1353/16/1353
f 1357/14/1357 1340/32/1340 1346/12/1346
f 1358/15/1358 1357/14/1357 1359/6/1359
f 1357/14/1357 1346/12/1346 1359/6/1359
f 1325/8/1325 1354/3/1354 1360/5/1360
f 1360/5/1360 1354/3/1354 1356/4/1356
f 1360/5/1360 1356/4/1356 1359/6/1359
f 1346/12/1346 1360/5/1360 1359/6/1359
f 1326/13/1326 1325/8/1325 1360/5/1360
f 1326/13/1326 1360/5/1360 1346/12/1346
f 1342/22/1342 1337/25/1337 1361/24/1361
f 1361/24/1361 1337/25/1337 1335/26/1335
f 1362/30/1362 1361/24/1361 1335/26/1335
f 1362/30/1362 1335/26/1335 1334/31/1334
f 1363/17/1363 1342/22/1342 1361/24/1361
f 1364/18/1364 1361/24/1361 1362/30/1362
f 1363/17/1363 1361/24/1361 1364/18/1364
f 1363/17/1363 1365/19/1365 1342/22/1342
f 1365/19/1365 1330/21/1330 1342/22/1342
f 1330/21/1330 1365/19/1365 1329/20/1329
f 1366/35/1366 1362/30/1362 1334/31/1334
f 1367/33/1367 1364/18/1364 1362/30/1362
f 1367/33/1367 1362/30/1362 1366/35/1366
f 1368/39/1368 1366/35/1366 1334/31/1334
f 1324/40/1324 1368/39/1368 1334/31/1334
f 1368/39/1368 1324/40/1324 1321/29/1321
f 1369/7/1369 1365/19/1365 1363/17/1363
f 1365/19/1365 1370/8/1370 1329/20/1329
f 1365/19/1365 1369/7/1369 1370/8/1370
f 1371/9/1371 1363/17/1363 1364/18/1364
f 1371/9/1371 1369/7/1369 1363/17/1363
f 1352/11/1352 1364/18/1364 1367/33/1367
f 1371/9/1371 1364/18/1364 1352/11/1352
f 1353/10/1353 1371/9/1371 1352/11/1352
f 1353/10/1353 1358/1/1358 1371/9/1371
f 1358/1/1358 1369/7/1369 1371/9/1371
f 1350/34/1350 1352/11/1352 1367/33/1367
f 1369/7/1369 1358/1/1358 1372/3/1372
f 1369/7/1369 1372/3/1372 1370/8/1370
f 1358/1/1358 1359/2/1359 1372/3/1372
f 1359/2/1359 1356/4/1356 1372/3/1372
f 1350/34/1350 1367/33/1367 1373/36/1373
f 1347/37/1347 1350/34/1350 1373/36/1373
f 1373/36/1373 1367/33/1367 1366/35/1366
f 1348/16/1348 1347/37/1347 1373/36/1373
f 1356/4/1356 1374/5/1374 1372/3/1372
f 1372/3/1372 1374/5/1374 1370/8/1370
f 1356/4/1356 1355/6/1355 1374/5/1374
f 1375/38/1375 1373/36/1373 1366/35/1366
f 1375/38/1375 1348/16/1348 1373/36/1373
f 1368/39/1368 1375/38/1375 1366/35/1366
f 1374/5/1374 1376/13/1376 1370/8/1370
f 1370/8/1370 1376/13/1376 1329/20/1329
f 1376/13/1376 1327/23/1327 1329/20/1329
f 1355/6/1355 1377/12/1377 1374/5/1374
f 1374/5/1374 1377/12/1377 1376/13/1376
f 1376/13/1376 1378/27/1378 1327/23/1327
f 1377/12/1377 1378/27/1378 1376/13/1376
f 1378/27/1378 1322/28/1323 1327/23/1327
f 1321/29/1321 1322/28/1323 1378/27/1378
f 1379/32/1379 1368/39/1368 1321/29/1321
f 1379/32/1379 1321/29/1321 1378/27/1378
f 1375/38/1375 1368/39/1368 1379/32/1379
f 1379/32/1379 1378/27/1378 1377/12/1377
f 1348/16/1348 1375/38/1375 1380/14/1380
f 1380/14/1380 1375/38/1375 1379/32/1379
f 1380/14/1380 1379/32/1379 1377/12/1377
f 1380/14/1380 1377/12/1377 1355/6/1355
f 1349/15/1349 1348/16/1348 1380/14/1380
f 1349/15/1349 1380/14/1380 1355/6/1355
f 1313/15/1313 1381/14/1381 1312/6/1312
f 1313/15/1313 1318/16/1318 1381/14/1381
f 1381/14/1381 1382/12/1382 1312/6/1312
f 1312/6/1312 1382/12/1382 1383/5/1383
f 1310/4/1310 1312/6/1312 1383/5/1383
f 1310/4/1310 1383/5/1383 1384/3/1384
f 1307/2/1307 1310/4/1310 1384/3/1384
f 1308/1/1308 1307/2/1307 1384/3/1384
f 1318/16/1318 1385/38/1385 1381/14/1381
f 1381/14/1381 1386/32/1386 1382/12/1382
f 1381/14/1381 1385/38/1385 1386/32/1386
f 1385/38/1385 1318/16/1318 1387/36/1387
f 1318/16/1318 1319/37/1319 1387/36/1387
f 1319/37/1319 1316/34/1316 1387/36/1387
f 1316/34/1316 1388/33/1388 1387/36/1387
f 1316/34/1316 1315/11/1315 1388/33/1388
f 1385/38/1385 1387/36/1387 1389/35/1389
f 1387/36/1387 1388/33/1388 1389/35/1389
f 1385/38/1385 1390/39/1390 1386/32/1386
f 1390/39/1390 1385/38/1385 1389/35/1389
f 1391/7/1391 1308/1/1308 1384/3/1384
f 1391/7/1391 1384/3/1384 1392/8/1392
f 1384/3/1384 1383/5/1383 1392/8/1392
f 1308/1/1308 1391/7/1391 1393/9/1393
f 1309/10/1309 1308/1/1308 1393/9/1393
f 1309/10/1309 1393/9/1393 1315/11/1315
f 1315/11/1315 1394/18/1394 1388/33/1388
f 1393/9/1393 1394/18/1394 1315/11/1315
f 1388/33/1388 1395/30/1395 1389/35/1389
f 1388/33/1388 1394/18/1394 1395/30/1395
f 1393/9/1393 1391/7/1391 1396/17/1396
f 1393/9/1393 1396/17/1396 1394/18/1394
f 1390/39/1390 1389/35/1389 1289/31/1289
f 1389/35/1389 1395/30/1395 1289/31/1289
f 1290/40/1290 1390/39/1390 1289/31/1289
f 1390/39/1390 1290/40/1290 1302/29/1302
f 1395/30/1395 1287/26/1287 1289/31/1289
f 1386/32/1386 1390/39/1390 1302/29/1302
f 1394/18/1394 1397/24/1397 1395/30/1395
f 1395/30/1395 1397/24/1397 1287/26/1287
f 1396/17/1396 1397/24/1397 1394/18/1394
f 1397/24/1397 1282/25/1283 1287/26/1287
f 1281/22/1281 1282/25/1283 1397/24/1397
f 1396/17/1396 1281/22/1281 1397/24/1397
f 1391/7/1391 1398/19/1398 1396/17/1396
f 1396/17/1396 1398/19/1398 1281/22/1281
f 1398/19/1398 1284/21/1284 1281/22/1281
f 1398/19/1398 1391/7/1391 1392/8/1392
f 1284/21/1284 1398/19/1398 1294/20/1294
f 1398/19/1398 1392/8/1392 1294/20/1294
f 1386/32/1386 1302/29/1302 1399/27/1399
f 1302/29/1302 1297/28/1297 1399/27/1399
f 1386/32/1386 1399/27/1399 1382/12/1382
f 1399/27/1399 1297/28/1297 1295/23/1295
f 1400/13/1400 1295/23/1295 1294/20/1294
f 1392/8/1392 1400/13/1400 1294/20/1294
f 1400/13/1400 1399/27/1399 1295/23/1295
f 1382/12/1382 1399/27/1399 1400/13/1400
f 1383/5/1383 1400/13/1400 1392/8/1392
f 1383/5/1383 1382/12/1382 1400/13/1400
f 1262/21/1262 1401/19/1401 1265/20/1265
f 1401/19/1401 1262/21/1262 1261/22/1261
f 1401/19/1401 1402/8/1402 1265/20/1265
f 1402/8/1402 1403/13/1403 1265/20/1265
f 1403/13/1403 1266/23/1266 1265/20/1265
f 1403/13/1403 1404/27/1404 1266/23/1266
f 1404/27/1404 1271/28/1271 1266/23/1266
f 1280/29/1280 1271/28/1271 1404/27/1404
f 1405/17/1405 1401/19/1401 1261/22/1261
f 1401/19/1401 1406/7/1406 1402/8/1402
f 1406/7/1406 1401/19/1401 1405/17/1405
f 1405/17/1405 1261/22/1261 1407/24/1407
f 1261/22/1261 1260/25/1260 1407/24/1407
f 1407/24/1407 1260/25/1260 1263/26/1263
f 1408/30/1408 1407/24/1407 1263/26/1263
f 1408/30/1408 1263/26/1263 1268/31/1268
f 1405/17/1405 1407/24/1407 1409/18/1409
f 1409/18/1409 1407/24/1407 1408/30/1408
f 1410/9/1410 1406/7/1406 1405/17/1405
f 1410/9/1410 1405/17/1405 1409/18/1409
f 1411/32/1411 1280/29/1280 1404/27/1404
f 1411/32/1411 1412/39/1412 1280/29/1280
f 1412/39/1412 1269/40/1269 1280/29/1280
f 1269/40/1269 1412/39/1412 1268/31/1268
f 1413/35/1413 1408/30/1408 1268/31/1268
f 1412/39/1412 1413/35/1413 1268/31/1268
f 1414/33/1414 1409/18/1409 1408/30/1408
f 1414/33/1414 1408/30/1408 1413/35/1413
f 1412/39/1412 1415/38/1415 1413/35/1413
f 1415/38/1415 1412/39/1412 1411/32/1411
f 1411/32/1411 1404/27/1404 1416/12/1416
f 1416/12/1416 1404/27/1404 1403/13/1403
f 1410/9/1410 1409/18/1409 1243/11/1242
f 1243/11/1242 1409/18/1409 1414/33/1414
f 1241/10/1241 1410/9/1410 1243/11/1242
f 1241/10/1241 1250/1/1250 1410/9/1410
f 1244/34/1244 1243/11/1242 1414/33/1414
f 1250/1/1250 1406/7/1406 1410/9/1410
f 1417/36/1417 1414/33/1414 1413/35/1413
f 1244/34/1244 1414/33/1414 1417/36/1417
f 1415/38/1415 1417/36/1417 1413/35/1413
f 1246/37/1246 1244/34/1244 1417/36/1417
f 1255/16/1255 1246/37/1246 1417/36/1417
f 1415/38/1415 1255/16/1255 1417/36/1417
f 1406/7/1406 1250/1/1250 1418/3/1418
f 1250/1/1250 1251/2/1251 1418/3/1418
f 1406/7/1406 1418/3/1418 1402/8/1402
f 1251/2/1251 1274/4/1274 1418/3/1418
f 1255/16/1255 1415/38/1415 1419/14/1419
f 1256/15/1256 1255/16/1255 1419/14/1419
f 1419/14/1419 1415/38/1415 1411/32/1411
f 1256/15/1256 1419/14/1419 1277/6/1277
f 1419/14/1419 1411/32/1411 1416/12/1416
f 1419/14/1419 1416/12/1416 1277/6/1277
f 1418/3/1418 1420/5/1420 1402/8/1402
f 1274/4/1274 1420/5/1420 1418/3/1418
f 1274/4/1274 1277/6/1277 1420/5/1420
f 1277/6/1277 1416/12/1416 1420/5/1420
f 1420/5/1420 1403/13/1403 1402/8/1402
f 1420/5/1420 1416/12/1416 1403/13/1403
f 1222/21/1222 1421/19/1421 1225/20/1225
f 1421/19/1421 1222/21/1222 1221/22/1221
f 1421/19/1421 1422/8/1422 1225/20/1225
f 1422/8/1422 1423/13/1423 1225/20/1225
f 1423/13/1423 1226/23/1226 1225/20/1225
f 1423/13/1423 1424/27/1424 1226/23/1226
f 1424/27/1424 1231/28/1231 1226/23/1226
f 1240/29/1240 1231/28/1231 1424/27/1424
f 1425/17/1425 1421/19/1421 1221/22/1221
f 1421/19/1421 1426/7/1426 1422/8/1422
f 1426/7/1426 1421/19/1421 1425/17/1425
f 1425/17/1425 1221/22/1221 1427/24/1427
f 1221/22/1221 1220/25/1220 1427/24/1427
f 1427/24/1427 1220/25/1220 1223/26/1223
f 1428/30/1428 1427/24/1427 1223/26/1223
f 1428/30/1428 1223/26/1223 1228/31/1228
f 1425/17/1425 1427/24/1427 1429/18/1429
f 1429/18/1429 1427/24/1427 1428/30/1428
f 1430/9/1430 1426/7/1426 1425/17/1425
f 1430/9/1430 1425/17/1425 1429/18/1429
f 1431/32/1431 1240/29/1240 1424/27/1424
f 1431/32/1431 1432/39/1432 1240/29/1240
f 1432/39/1432 1229/40/1229 1240/29/1240
f 1229/40/1229 1432/39/1432 1228/31/1228
f 1433/35/1433 1428/30/1428 1228/31/1228
f 1432/39/1432 1433/35/1433 1228/31/1228
f 1434/33/1434 1429/18/1429 1428/30/1428
f 1434/33/1434 1428/30/1428 1433/35/1433
f 1432/39/1432 1435/38/1435 1433/35/1433
f 1435/38/1435 1432/39/1432 1431/32/1431
f 1431/32/1431 1424/27/1424 1436/12/1436
f 1436/12/1436 1424/27/1424 1423/13/1423
f 1430/9/1430 1429/18/1429 1203/11/1202
f 1203/11/1202 1429/18/1429 1434/33/1434
f 1201/10/1201 1430/9/1430 1203/11/1202
f 1201/10/1201 1210/1/1210 1430/9/1430
f 1204/34/1204 1203/11/1202 1434/33/1434
f 1210/1/1210 1426/7/1426 1430/9/1430
f 1437/36/1437 1434/33/1434 1433/35/1433
f 1204/34/1204 1434/33/1434 1437/36/1437
f 1435/38/1435 1437/36/1437 1433/35/1433
f 1206/37/1206 1204/34/1204 1437/36/1437
f 1215/16/1215 1206/37/1206 1437/36/1437
f 1435/38/1435 1215/16/1215 1437/36/1437
f 1426/7/1426 1210/1/1210 1438/3/1438
f 1210/1/1210 1211/2/1211 1438/3/1438
f 1426/7/1426 1438/3/1438 1422/8/1422
f 1211/2/1211 1234/4/1234 1438/3/1438
f 1215/16/1215 1435/38/1435 1439/14/1439
f 1216/15/1216 1215/16/1215 1439/14/1439
f 1439/14/1439 1435/38/1435 1431/32/1431
f 1216/15/1216 1439/14/1439 1237/6/1237
f 1439/14/1439 1431/32/1431 1436/12/1436
f 1439/14/1439 1436/12/1436 1237/6/1237
f 1438/3/1438 1440/5/1440 1422/8/1422
f 1234/4/1234 1440/5/1440 1438/3/1438
f 1234/4/1234 1237/6/1237 1440/5/1440
f 1237/6/1237 1436/12/1436 1440/5/1440
f 1440/5/1440 1423/13/1423 1422/8/1422
f 1440/5/1440 1436/12/1436 1423/13/1423
f 1441/27/1441 1187/28/1187 1190/23/1190
f 1188/29/1188 1187/28/1187 1441/27/1441
f 1442/13/1442 1441/27/1441 1190/23/1190
f 1442/13/1442 1190/23/1190 1192/20/1192
f 1443/32/1443 1188/29/1188 1441/27/1441
f 1444/12/1444 1441/27/1441 1442/13/1442
f 1443/32/1443 1441/27/1441 1444/12/1444
f 1443/32/1443 1445/39/1445 1188/29/1188
f 1445/39/1445 1189/40/1189 1188/29/1188
f 1189/40/1189 1445/39/1445 1195/31/1195
f 1446/8/1446 1442/13/1442 1192/20/1192
f 1447/5/1447 1444/12/1444 1442/13/1442
f 1447/5/1447 1442/13/1442 1446/8/1446
f 1448/19/1448 1446/8/1446 1192/20/1192
f 1193/21/1193 1448/19/1448 1192/20/1192
f 1448/19/1448 1193/21/1193 1198/22/1198
f 1449/14/1449 1443/32/1443 1444/12/1444
f 1450/38/1450 1445/39/1445 1443/32/1443
f 1449/14/1449 1450/38/1450 1443/32/1443
f 1445/39/1445 1451/35/1451 1195/31/1195
f 1445/39/1445 1450/38/1450 1451/35/1451
f 1174/6/1174 1444/12/1444 1447/5/1447
f 1449/14/1449 1444/12/1444 1174/6/1174
f 1164/15/1164 1449/14/1449 1174/6/1174
f 1164/15/1164 1161/16/1161 1449/14/1449
f 1161/16/1161 1450/38/1450 1449/14/1449
f 1175/4/1175 1174/6/1174 1447/5/1447
f 1450/38/1450 1161/16/1161 1452/36/1452
f 1450/38/1450 1452/36/1452 1451/35/1451
f 1161/16/1161 1162/37/1163 1452/36/1452
f 1162/37/1163 1167/34/1167 1452/36/1452
f 1175/4/1175 1447/5/1447 1453/3/1453
f 1177/2/1177 1175/4/1175 1453/3/1453
f 1453/3/1453 1447/5/1447 1446/8/1446
f 1182/1/1182 1177/2/1177 1453/3/1453
f 1167/34/1167 1454/33/1454 1452/36/1452
f 1452/36/1452 1454/33/1454 1451/35/1451
f 1167/34/1167 1169/11/1169 1454/33/1454
f 1455/7/1455 1453/3/1453 1446/8/1446
f 1455/7/1455 1182/1/1182 1453/3/1453
f 1448/19/1448 1455/7/1455 1446/8/1446
f 1454/33/1454 1456/30/1456 1451/35/1451
f 1451/35/1451 1456/30/1456 1195/31/1195
f 1456/30/1456 1196/26/1196 1195/31/1195
f 1169/11/1169 1457/18/1457 1454/33/1454
f 1454/33/1454 1457/18/1457 1456/30/1456
f 1456/30/1456 1458/24/1458 1196/26/1196
f 1457/18/1457 1458/24/1458 1456/30/1456
f 1458/24/1458 1199/25/1199 1196/26/1196
f 1198/22/1198 1199/25/1199 1458/24/1458
f 1459/17/1459 1448/19/1448 1198/22/1198
f 1459/17/1459 1198/22/1198 1458/24/1458
f 1455/7/1455 1448/19/1448 1459/17/1459
f 1459/17/1459 1458/24/1458 1457/18/1457
f 1182/1/1182 1455/7/1455 1460/9/1460
f 1460/9/1460 1455/7/1455 1459/17/1459
f 1460/9/1460 1459/17/1459 1457/18/1457
f 1460/9/1460 1457/18/1457 1169/11/1169
f 1170/10/1170 1182/1/1182 1460/9/1460
f 1170/10/1170 1460/9/1460 1169/11/1169
f 1100/22/1100 1091/25/1091 1461/24/1461
f 1461/24/1461 1091/25/1091 1086/26/1086
f 1462/30/1462 1461/24/1461 1086/26/1086
f 1462/30/1462 1086/26/1086 1085/31/1085
f 1463/17/1463 1100/22/1100 1461/24/1461
f 1464/18/1464 1461/24/1461 1462/30/1462
f 1463/17/1463 1461/24/1461 1464/18/1464
f 1463/17/1463 1465/19/1465 1100/22/1100
f 1465/19/1465 1089/21/1089 1100/22/1100
f 1089/21/1089 1465/19/1465 1088/20/1088
f 1466/35/1466 1462/30/1462 1085/31/1085
f 1467/33/1467 1464/18/1464 1462/30/1462
f 1467/33/1467 1462/30/1462 1466/35/1466
f 1468/39/1468 1466/35/1466 1085/31/1085
f 1082/40/1082 1468/39/1468 1085/31/1085
f 1468/39/1468 1082/40/1082 1081/29/1081
f 1469/9/1469 1463/17/1463 1464/18/1464
f 1470/7/1470 1465/19/1465 1463/17/1463
f 1469/9/1469 1470/7/1470 1463/17/1463
f 1465/19/1465 1471/8/1471 1088/20/1088
f 1465/19/1465 1470/7/1470 1471/8/1471
f 1097/11/1097 1464/18/1464 1467/33/1467
f 1469/9/1469 1464/18/1464 1097/11/1097
f 1076/10/1076 1469/9/1469 1097/11/1097
f 1076/10/1076 1075/1/1075 1469/9/1469
f 1075/1/1075 1470/7/1470 1469/9/1469
f 1094/34/1094 1097/11/1097 1467/33/1467
f 1470/7/1470 1075/1/1075 1472/3/1472
f 1470/7/1470 1472/3/1472 1471/8/1471
f 1075/1/1075 1066/2/1066 1472/3/1472
f 1066/2/1066 1064/4/1064 1472/3/1472
f 1094/34/1094 1467/33/1467 1473/36/1473
f 1071/37/1071 1094/34/1094 1473/36/1473
f 1473/36/1473 1467/33/1467 1466/35/1466
f 1070/16/1070 1071/37/1071 1473/36/1473
f 1064/4/1064 1474/5/1474 1472/3/1472
f 1472/3/1472 1474/5/1474 1471/8/1471
f 1064/4/1064 1063/6/1062 1474/5/1474
f 1475/38/1475 1473/36/1473 1466/35/1466
f 1475/38/1475 1070/16/1070 1473/36/1473
f 1468/39/1468 1475/38/1475 1466/35/1466
f 1474/5/1474 1476/13/1476 1471/8/1471
f 1471/8/1471 1476/13/1476 1088/20/1088
f 1476/13/1476 1083/23/1083 1088/20/1088
f 1063/6/1062 1477/12/1477 1474/5/1474
f 1474/5/1474 1477/12/1477 1476/13/1476
f 1476/13/1476 1478/27/1478 1083/23/1083
f 1477/12/1477 1478/27/1478 1476/13/1476
f 1478/27/1478 1080/28/1080 1083/23/1083
f 1081/29/1081 1080/28/1080 1478/27/1478
f 1479/32/1479 1468/39/1468 1081/29/1081
f 1479/32/1479 1081/29/1081 1478/27/1478
f 1475/38/1475 1468/39/1468 1479/32/1479
f 1479/32/1479 1478/27/1478 1477/12/1477
f 1070/16/1070 1475/38/1475 1480/14/1480
f 1480/14/1480 1475/38/1475 1479/32/1479
f 1480/14/1480 1479/32/1479 1477/12/1477
f 1480/14/1480 1477/12/1477 1063/6/1062
f 1061/15/1061 1070/16/1070 1480/14/1480
f 1061/15/1061 1480/14/1480 1063/6/1062
f 1058/16/1058 1059/37/1059 1481/36/1481
f 1059/37/1059 1056/34/1056 1481/36/1481
f 1056/34/1056 1482/33/1482 1481/36/1481
f 1056/34/1056 1055/11/1055 1482/33/1482
f 1483/38/1483 1058/16/1058 1481/36/1481
f 1481/36/1481 1482/33/1482 1484/35/1484
f 1483/38/1483 1481/36/1481 1484/35/1484
f 1058/16/1058 1483/38/1483 1485/14/1485
f 1053/15/1053 1058/16/1058 1485/14/1485
f 1053/15/1053 1485/14/1485 1052/6/1052
f 1055/11/1055 1486/18/1486 1482/33/1482
f 1482/33/1482 1487/30/1487 1484/35/1484
f 1482/33/1482 1486/18/1486 1487/30/1487
f 1488/9/1488 1486/18/1486 1055/11/1055
f 1049/10/1049 1488/9/1488 1055/11/1055
f 1049/10/1049 1048/1/1048 1488/9/1488
f 1485/14/1485 1483/38/1483 1489/32/1489
f 1485/14/1485 1490/12/1490 1052/6/1052
f 1485/14/1485 1489/32/1489 1490/12/1490
f 1491/39/1491 1483/38/1483 1484/35/1484
f 1483/38/1483 1491/39/1491 1489/32/1489
f 1484/35/1484 1487/30/1487 1029/31/1029
f 1491/39/1491 1484/35/1484 1029/31/1029
f 1030/40/1030 1491/39/1491 1029/31/1029
f 1491/39/1491 1030/40/1030 1042/29/1042
f 1489/32/1489 1491/39/1491 1042/29/1042
f 1487/30/1487 1027/26/1027 1029/31/1029
f 1489/32/1489 1042/29/1042 1492/27/1492
f 1489/32/1489 1492/27/1492 1490/12/1490
f 1042/29/1042 1037/28/1037 1492/27/1492
f 1492/27/1492 1037/28/1037 1035/23/1035
f 1487/30/1487 1493/24/1493 1027/26/1027
f 1493/24/1493 1022/25/1023 1027/26/1027
f 1486/18/1486 1493/24/1493 1487/30/1487
f 1021/22/1021 1022/25/1023 1493/24/1493
f 1494/13/1494 1492/27/1492 1035/23/1035
f 1490/12/1490 1492/27/1492 1494/13/1494
f 1494/13/1494 1035/23/1035 1034/20/1034
f 1495/17/1495 1493/24/1493 1486/18/1486
f 1495/17/1495 1021/22/1021 1493/24/1493
f 1488/9/1488 1495/17/1495 1486/18/1486
f 1496/5/1496 1490/12/1490 1494/13/1494
f 1052/6/1052 1490/12/1490 1496/5/1496
f 1050/4/1050 1052/6/1052 1496/5/1496
f 1497/8/1497 1494/13/1494 1034/20/1034
f 1496/5/1496 1494/13/1494 1497/8/1497
f 1050/4/1050 1496/5/1496 1498/3/1498
f 1498/3/1498 1496/5/1496 1497/8/1497
f 1047/2/1047 1050/4/1050 1498/3/1498
f 1048/1/1048 1047/2/1047 1498/3/1498
f 1048/1/1048 1499/7/1499 1488/9/1488
f 1499/7/1499 1048/1/1048 1498/3/1498
f 1488/9/1488 1499/7/1499 1495/17/1495
f 1499/7/1499 1498/3/1498 1497/8/1497
f 1495/17/1495 1500/19/1500 1021/22/1021
f 1499/7/1499 1500/19/1500 1495/17/1495
f 1500/19/1500 1499/7/1499 1497/8/1497
f 1500/19/1500 1497/8/1497 1034/20/1034
f 1500/19/1500 1024/21/1024 1021/22/1021
f 1024/21/1024 1500/19/1500 1034/20/1034
f 942/21/942 1501/19/1501 945/20/945
f 1501/19/1501 942/21/942 941/22/941
f 1501/19/1501 1502/8/1502 945/20/945
f 1502/8/1502 1503/13/1503 945/20/945
f 1503/13/1503 946/23/946 945/20/945
f 1503/13/1503 1504/27/1504 946/23/946
f 1504/27/1504 951/28/951 946/23/946
f 960/29/960 951/28/951 1504/27/1504
f 1505/17/1505 1501/19/1501 941/22/941
f 1501/19/1501 1506/7/1506 1502/8/1502
f 1506/7/1506 1501/19/1501 1505/17/1505
f 1505/17/1505 941/22/941 1507/24/1507
f 941/22/941 940/25/940 1507/24/1507
f 1507/24/1507 940/25/940 943/26/943
f 1508/30/1508 1507/24/1507 943/26/943
f 1508/30/1508 943/26/943 948/31/948
f 1505/17/1505 1507/24/1507 1509/18/1509
f 1509/18/1509 1507/24/1507 1508/30/1508
f 1510/9/1510 1506/7/1506 1505/17/1505
f 1510/9/1510 1505/17/1505 1509/18/1509
f 1511/32/1511 960/29/960 1504/27/1504
f 1511/32/1511 1512/39/1512 960/29/960
f 1512/39/1512 949/40/949 960/29/960
f 949/40/949 1512/39/1512 948/31/948
f 1513/35/1513 1508/30/1508 948/31/948
f 1512/39/1512 1513/35/1513 948/31/948
f 1514/33/1514 1509/18/1509 1508/30/1508
f 1514/33/1514 1508/30/1508 1513/35/1513
f 1512/39/1512 1515/38/1515 1513/35/1513
f 1515/38/1515 1512/39/1512 1511/32/1511
f 1511/32/1511 1504/27/1504 1516/12/1516
f 1516/12/1516 1504/27/1504 1503/13/1503
f 1510/9/1510 1509/18/1509 923/11/922
f 923/11/922 1509/18/1509 1514/33/1514
f 921/10/921 1510/9/1510 923/11/922
f 921/10/921 930/1/930 1510/9/1510
f 924/34/924 923/11/922 1514/33/1514
f 930/1/930 1506/7/1506 1510/9/1510
f 1517/36/1517 1514/33/1514 1513/35/1513
f 924/34/924 1514/33/1514 1517/36/1517
f 1515/38/1515 1517/36/1517 1513/35/1513
f 926/37/926 924/34/924 1517/36/1517
f 935/16/935 926/37/926 1517/36/1517
f 1515/38/1515 935/16/935 1517/36/1517
f 1506/7/1506 930/1/930 1518/3/1518
f 930/1/930 931/2/931 1518/3/1518
f 1506/7/1506 1518/3/1518 1502/8/1502
f 931/2/931 954/4/954 1518/3/1518
f 935/16/935 1515/38/1515 1519/14/1519
f 936/15/936 935/16/935 1519/14/1519
f 1519/14/1519 1515/38/1515 1511/32/1511
f 936/15/936 1519/14/1519 957/6/957
f 1519/14/1519 1511/32/1511 1516/12/1516
f 1519/14/1519 1516/12/1516 957/6/957
f 1518/3/1518 1520/5/1520 1502/8/1502
f 954/4/954 1520/5/1520 1518/3/1518
f 954/4/954 957/6/957 1520/5/1520
f 957/6/957 1516/12/1516 1520/5/1520
f 1520/5/1520 1503/13/1503 1502/8/1502
f 1520/5/1520 1516/12/1516 1503/13/1503
f 913/21/913 1521/19/1521 912/20/912
f 1521/19/1521 913/21/913 915/22/915
f 1521/19/1521 1522/8/1522 912/20/912
f 1522/8/1522 1523/13/1523 912/20/912
f 1523/13/1523 910/23/910 912/20/912
f 1523/13/1523 1524/27/1524 910/23/910
f 1524/27/1524 907/28/907 910/23/910
f 908/29/908 907/28/907 1524/27/1524
f 1525/17/1525 1521/19/1521 915/22/915
f 1521/19/1521 1526/7/1526 1522/8/1522
f 1526/7/1526 1521/19/1521 1525/17/1525
f 1525/17/1525 915/22/915 1527/24/1527
f 915/22/915 916/25/916 1527/24/1527
f 1527/24/1527 916/25/916 919/26/919
f 1528/30/1528 1527/24/1527 919/26/919
f 1528/30/1528 919/26/919 918/31/918
f 1525/17/1525 1527/24/1527 1529/18/1529
f 1529/18/1529 1527/24/1527 1528/30/1528
f 1530/9/1530 1526/7/1526 1525/17/1525
f 1530/9/1530 1525/17/1525 1529/18/1529
f 1531/32/1531 908/29/908 1524/27/1524
f 1531/32/1531 1524/27/1524 1532/12/1532
f 1532/12/1532 1524/27/1524 1523/13/1523
f 1531/32/1531 1533/39/1533 908/29/908
f 1533/39/1533 909/40/909 908/29/908
f 909/40/909 1533/39/1533 918/31/918
f 1534/35/1534 1528/30/1528 918/31/918
f 1533/39/1533 1534/35/1534 918/31/918
f 1535/33/1535 1529/18/1529 1528/30/1528
f 1535/33/1535 1528/30/1528 1534/35/1534
f 1536/38/1536 1533/39/1533 1531/32/1531
f 1533/39/1533 1536/38/1536 1534/35/1534
f 1530/9/1530 1529/18/1529 889/11/889
f 889/11/889 1529/18/1529 1535/33/1535
f 890/10/890 1530/9/1530 889/11/889
f 890/10/890 903/1/903 1530/9/1530
f 887/34/887 889/11/889 1535/33/1535
f 903/1/903 1526/7/1526 1530/9/1530
f 1537/36/1537 1535/33/1535 1534/35/1534
f 887/34/887 1535/33/1535 1537/36/1537
f 1536/38/1536 1537/36/1537 1534/35/1534
f 882/37/883 887/34/887 1537/36/1537
f 881/16/881 882/37/883 1537/36/1537
f 1536/38/1536 881/16/881 1537/36/1537
f 1538/14/1538 1536/38/1536 1531/32/1531
f 881/16/881 1536/38/1536 1538/14/1538
f 884/15/884 881/16/881 1538/14/1538
f 1538/14/1538 1531/32/1531 1532/12/1532
f 884/15/884 1538/14/1538 894/6/894
f 1538/14/1538 1532/12/1532 894/6/894
f 1526/7/1526 903/1/903 1539/3/1539
f 903/1/903 897/2/897 1539/3/1539
f 1526/7/1526 1539/3/1539 1522/8/1522
f 897/2/897 895/4/895 1539/3/1539
f 895/4/895 894/6/894 1540/5/1540
f 894/6/894 1532/12/1532 1540/5/1540
f 895/4/895 1540/5/1540 1539/3/1539
f 1539/3/1539 1540/5/1540 1522/8/1522
f 1540/5/1540 1532/12/1532 1523/13/1523
f 1540/5/1540 1523/13/1523 1522/8/1522
f 880/22/880 871/25/871 1541/24/1541
f 1541/24/1541 871/25/871 866/26/866
f 1542/30/1542 1541/24/1541 866/26/866
f 1542/30/1542 866/26/866 865/31/865
f 1543/17/1543 880/22/880 1541/24/1541
f 1544/18/1544 1541/24/1541 1542/30/1542
f 1543/17/1543 1541/24/1541 1544/18/1544
f 1543/17/1543 1545/19/1545 880/22/880
f 1545/19/1545 869/21/869 880/22/880
f 869/21/869 1545/19/1545 868/20/868
f 1546/35/1546 1542/30/1542 865/31/865
f 1547/33/1547 1544/18/1544 1542/30/1542
f 1547/33/1547 1542/30/1542 1546/35/1546
f 1548/39/1548 1546/35/1546 865/31/865
f 862/40/862 1548/39/1548 865/31/865
f 1548/39/1548 862/40/862 861/29/861
f 1549/9/1549 1543/17/1543 1544/18/1544
f 1550/7/1550 1545/19/1545 1543/17/1543
f 1549/9/1549 1550/7/1550 1543/17/1543
f 1545/19/1545 1551/8/1551 868/20/868
f 1545/19/1545 1550/7/1550 1551/8/1551
f 877/11/877 1544/18/1544 1547/33/1547
f 1549/9/1549 1544/18/1544 877/11/877
f 856/10/856 1549/9/1549 877/11/877
f 856/10/856 855/1/855 1549/9/1549
f 855/1/855 1550/7/1550 1549/9/1549
f 874/34/874 877/11/877 1547/33/1547
f 1550/7/1550 855/1/855 1552/3/1552
f 1550/7/1550 1552/3/1552 1551/8/1551
f 855/1/855 846/2/846 1552/3/1552
f 846/2/846 844/4/844 1552/3/1552
f 874/34/874 1547/33/1547 1553/36/1553
f 851/37/851 874/34/874 1553/36/1553
f 1553/36/1553 1547/33/1547 1546/35/1546
f 850/16/850 851/37/851 1553/36/1553
f 844/4/844 1554/5/1554 1552/3/1552
f 1552/3/1552 1554/5/1554 1551/8/1551
f 844/4/844 843/6/842 1554/5/1554
f 1555/38/1555 1553/36/1553 1546/35/1546
f 1555/38/1555 850/16/850 1553/36/1553
f 1548/39/1548 1555/38/1555 1546/35/1546
f 1554/5/1554 1556/13/1556 1551/8/1551
f 1551/8/1551 1556/13/1556 868/20/868
f 1556/13/1556 863/23/863 868/20/868
f 843/6/842 1557/12/1557 1554/5/1554
f 1554/5/1554 1557/12/1557 1556/13/1556
f 1556/13/1556 1558/27/1558 863/23/863
f 1557/12/1557 1558/27/1558 1556/13/1556
f 1558/27/1558 860/28/860 863/23/863
f 861/29/861 860/28/860 1558/27/1558
f 1559/32/1559 1548/39/1548 861/29/861
f 1559/32/1559 861/29/861 1558/27/1558
f 1555/38/1555 1548/39/1548 1559/32/1559
f 1559/32/1559 1558/27/1558 1557/12/1557
f 850/16/850 1555/38/1555 1560/14/1560
f 1560/14/1560 1555/38/1555 1559/32/1559
f 1560/14/1560 1559/32/1559 1557/12/1557
f 1560/14/1560 1557/12/1557 843/6/842
f 841/15/841 850/16/850 1560/14/1560
f 841/15/841 1560/14/1560 843/6/842
f 838/16/838 839/37/839 1561/36/1561
f 839/37/839 836/34/836 1561/36/1561
f 836/34/836 1562/33/1562 1561/36/1561
f 836/34/836 835/11/835 1562/33/1562
f 1563/38/1563 838/16/838 1561/36/1561
f 1561/36/1561 1562/33/1562 1564/35/1564
f 1563/38/1563 1561/36/1561 1564/35/1564
f 838/16/838 1563/38/1563 1565/14/1565
f 833/15/833 838/16/838 1565/14/1565
f 833/15/833 1565/14/1565 832/6/832
f 835/11/835 1566/18/1566 1562/33/1562
f 1562/33/1562 1567/30/1567 1564/35/1564
f 1562/33/1562 1566/18/1566 1567/30/1567
f 1568/9/1568 1566/18/1566 835/11/835
f 829/10/829 1568/9/1568 835/11/835
f 829/10/829 828/1/828 1568/9/1568
f 1565/14/1565 1563/38/1563 1569/32/1569
f 1565/14/1565 1570/12/1570 832/6/832
f 1565/14/1565 1569/32/1569 1570/12/1570
f 1571/39/1571 1563/38/1563 1564/35/1564
f 1563/38/1563 1571/39/1571 1569/32/1569
f 1564/35/1564 1567/30/1567 809/31/809
f 1571/39/1571 1564/35/1564 809/31/809
f 810/40/810 1571/39/1571 809/31/809
f 1571/39/1571 810/40/810 822/29/822
f 1569/32/1569 1571/39/1571 822/29/822
f 1567/30/1567 807/26/807 809/31/809
f 1569/32/1569 822/29/822 1572/27/1572
f 1569/32/1569 1572/27/1572 1570/12/1570
f 822/29/822 817/28/817 1572/27/1572
f 1572/27/1572 817/28/817 815/23/815
f 1567/30/1567 1573/24/1573 807/26/807
f 1573/24/1573 802/25/803 807/26/807
f 1566/18/1566 1573/24/1573 1567/30/1567
f 801/22/801 802/25/803 1573/24/1573
f 1574/13/1574 1572/27/1572 815/23/815
f 1570/12/1570 1572/27/1572 1574/13/1574
f 1574/13/1574 815/23/815 814/20/814
f 1575/17/1575 1573/24/1573 1566/18/1566
f 1575/17/1575 801/22/801 1573/24/1573
f 1568/9/1568 1575/17/1575 1566/18/1566
f 1576/5/1576 1570/12/1570 1574/13/1574
f 832/6/832 1570/12/1570 1576/5/1576
f 830/4/830 832/6/832 1576/5/1576
f 1577/8/1577 1574/13/1574 814/20/814
f 1576/5/1576 1574/13/1574 1577/8/1577
f 830/4/830 1576/5/1576 1578/3/1578
f 1578/3/1578 1576/5/1576 1577/8/1577
f 827/2/827 830/4/830 1578/3/1578
f 828/1/828 827/2/827 1578/3/1578
f 828/1/828 1579/7/1579 1568/9/1568
f 1579/7/1579 828/1/828 1578/3/1578
f 1568/9/1568 1579/7/1579 1575/17/1575
f 1579/7/1579 1578/3/1578 1577/8/1577
f 1575/17/1575 1580/19/1580 801/22/801
f 1579/7/1579 1580/19/1580 1575/17/1575
f 1580/19/1580 1579/7/1579 1577/8/1577
f 1580/19/1580 1577/8/1577 814/20/814
f 1580/19/1580 804/21/804 801/22/801
f 804/21/804 1580/19/1580 814/20/814
f 710/10/710 723/1/723 1581/9/1581
f 710/10/710 1581/9/1581 709/11/709
f 723/1/723 1582/7/1582 1581/9/1581
f 1582/7/1582 723/1/723 1583/3/1583
f 723/1/723 717/2/717 1583/3/1583
f 717/2/717 715/4/715 1583/3/1583
f 715/4/715 1584/5/1584 1583/3/1583
f 715/4/715 714/6/714 1584/5/1584
f 1582/7/1582 1583/3/1583 1585/8/1585
f 1583/3/1583 1584/5/1584 1585/8/1585
f 1581/9/1581 1586/18/1586 709/11/709
f 1581/9/1581 1582/7/1582 1587/17/1587
f 1581/9/1581 1587/17/1587 1586/18/1586
f 1588/19/1588 1582/7/1582 1585/8/1585
f 1582/7/1582 1588/19/1588 1587/17/1587
f 709/11/709 1586/18/1586 1589/33/1589
f 707/34/707 709/11/709 1589/33/1589
f 707/34/707 1589/33/1589 1590/36/1590
f 702/37/703 707/34/707 1590/36/1590
f 701/16/701 702/37/703 1590/36/1590
f 714/6/714 1591/12/1591 1584/5/1584
f 1584/5/1584 1592/13/1592 1585/8/1585
f 1584/5/1584 1591/12/1591 1592/13/1592
f 1588/19/1588 1585/8/1585 732/20/732
f 1585/8/1585 1592/13/1592 732/20/732
f 733/21/733 1588/19/1588 732/20/732
f 1588/19/1588 733/21/733 735/22/735
f 1592/13/1592 730/23/730 732/20/732
f 1587/17/1587 1588/19/1588 735/22/735
f 1592/13/1592 1593/27/1593 730/23/730
f 1591/12/1591 1593/27/1593 1592/13/1592
f 1593/27/1593 727/28/727 730/23/730
f 728/29/728 727/28/727 1593/27/1593
f 1587/17/1587 735/22/735 1594/24/1594
f 735/22/735 736/25/736 1594/24/1594
f 1587/17/1587 1594/24/1594 1586/18/1586
f 1594/24/1594 736/25/736 739/26/739
f 1586/18/1586 1594/24/1594 1595/30/1595
f 1595/30/1595 1594/24/1594 739/26/739
f 1589/33/1589 1586/18/1586 1595/30/1595
f 1595/30/1595 739/26/739 738/31/738
f 1589/33/1589 1595/30/1595 1596/35/1596
f 1596/35/1596 1595/30/1595 738/31/738
f 1590/36/1590 1589/33/1589 1596/35/1596
f 1597/32/1597 728/29/728 1593/27/1593
f 1597/32/1597 1593/27/1593 1591/12/1591
f 1598/39/1598 1596/35/1596 738/31/738
f 1597/32/1597 1598/39/1598 728/29/728
f 729/40/729 1598/39/1598 738/31/738
f 1598/39/1598 729/40/729 728/29/728
f 1599/38/1599 1590/36/1590 1596/35/1596
f 1598/39/1598 1599/38/1599 1596/35/1596
f 1599/38/1599 1598/39/1598 1597/32/1597
f 1599/38/1599 701/16/701 1590/36/1590
f 1600/14/1600 1597/32/1597 1591/12/1591
f 1600/14/1600 1599/38/1599 1597/32/1597
f 701/16/701 1599/38/1599 1600/14/1600
f 1600/14/1600 1591/12/1591 714/6/714
f 704/15/704 701/16/701 1600/14/1600
f 704/15/704 1600/14/1600 714/6/714
f 688/1/688 687/2/687 1601/3/1601
f 1601/3/1601 687/2/687 690/4/690
f 1602/5/1602 1601/3/1601 690/4/690
f 1602/5/1602 690/4/690 692/6/692
f 1603/7/1603 688/1/688 1601/3/1601
f 1604/8/1604 1601/3/1601 1602/5/1602
f 1603/7/1603 1601/3/1601 1604/8/1604
f 1603/7/1603 1605/9/1605 688/1/688
f 1605/9/1605 689/10/689 688/1/688
f 689/10/689 1605/9/1605 698/11/698
f 1606/12/1606 1602/5/1602 692/6/692
f 1607/13/1607 1604/8/1604 1602/5/1602
f 1607/13/1607 1602/5/1602 1606/12/1606
f 1608/14/1608 1606/12/1606 692/6/692
f 693/15/693 1608/14/1608 692/6/692
f 1608/14/1608 693/15/693 695/16/695
f 1609/19/1609 1603/7/1603 1604/8/1604
f 1610/17/1610 1605/9/1605 1603/7/1603
f 1609/19/1609 1610/17/1610 1603/7/1603
f 1605/9/1605 1611/18/1611 698/11/698
f 1605/9/1605 1610/17/1610 1611/18/1611
f 1604/8/1604 1607/13/1607 674/20/674
f 1609/19/1609 1604/8/1604 674/20/674
f 664/21/664 1609/19/1609 674/20/674
f 1609/19/1609 664/21/664 661/22/661
f 1610/17/1610 1609/19/1609 661/22/661
f 1607/13/1607 675/23/675 674/20/674
f 1610/17/1610 661/22/661 1612/24/1612
f 1610/17/1610 1612/24/1612 1611/18/1611
f 661/22/661 662/25/663 1612/24/1612
f 1612/24/1612 662/25/663 667/26/667
f 1607/13/1607 1613/27/1613 675/23/675
f 1613/27/1613 677/28/677 675/23/675
f 1613/27/1613 1607/13/1607 1606/12/1606
f 683/29/683 677/28/677 1613/27/1613
f 1614/30/1614 1612/24/1612 667/26/667
f 1612/24/1612 1614/30/1614 1611/18/1611
f 1614/30/1614 667/26/667 669/31/669
f 1615/32/1615 1613/27/1613 1606/12/1606
f 1615/32/1615 683/29/683 1613/27/1613
f 1608/14/1608 1615/32/1615 1606/12/1606
f 1614/30/1614 1616/33/1616 1611/18/1611
f 1611/18/1611 1616/33/1616 698/11/698
f 1616/33/1616 699/34/699 698/11/698
f 1617/35/1617 1614/30/1614 669/31/669
f 1614/30/1614 1617/35/1617 1616/33/1616
f 1616/33/1616 1618/36/1618 699/34/699
f 1617/35/1617 1618/36/1618 1616/33/1616
f 1618/36/1618 696/37/696 699/34/699
f 695/16/695 696/37/696 1618/36/1618
f 1619/38/1619 1608/14/1608 695/16/695
f 1619/38/1619 695/16/695 1618/36/1618
f 1615/32/1615 1608/14/1608 1619/38/1619
f 1619/38/1619 1618/36/1618 1617/35/1617
f 1615/32/1615 1620/39/1620 683/29/683
f 1620/39/1620 1615/32/1615 1619/38/1619
f 1620/39/1620 1619/38/1619 1617/35/1617
f 1620/39/1620 1617/35/1617 669/31/669
f 1620/39/1620 670/40/670 683/29/683
f 670/40/670 1620/39/1620 669/31/669
f 660/22/660 651/25/651 1621/24/1621
f 1621/24/1621 651/25/651 646/26/646
f 1622/30/1622 1621/24/1621 646/26/646
f 1622/30/1622 646/26/646 645/31/645
f 1623/17/1623 660/22/660 1621/24/1621
f 1624/18/1624 1621/24/1621 1622/30/1622
f 1623/17/1623 1621/24/1621 1624/18/1624
f 1623/17/1623 1625/19/1625 660/22/660
f 1625/19/1625 649/21/649 660/22/660
f 649/21/649 1625/19/1625 648/20/648
f 1626/35/1626 1622/30/1622 645/31/645
f 1627/33/1627 1624/18/1624 1622/30/1622
f 1627/33/1627 1622/30/1622 1626/35/1626
f 1628/39/1628 1626/35/1626 645/31/645
f 642/40/642 1628/39/1628 645/31/645
f 1628/39/1628 642/40/642 641/29/641
f 1629/9/1629 1623/17/1623 1624/18/1624
f 1630/7/1630 1625/19/1625 1623/17/1623
f 1629/9/1629 1630/7/1630 1623/17/1623
f 1625/19/1625 1631/8/1631 648/20/648
f 1625/19/1625 1630/7/1630 1631/8/1631
f 657/11/657 1624/18/1624 1627/33/1627
f 1629/9/1629 1624/18/1624 657/11/657
f 636/10/636 1629/9/1629 657/11/657
f 636/10/636 635/1/635 1629/9/1629
f 635/1/635 1630/7/1630 1629/9/1629
f 654/34/654 657/11/657 1627/33/1627
f 1630/7/1630 635/1/635 1632/3/1632
f 1630/7/1630 1632/3/1632 1631/8/1631
f 635/1/635 626/2/626 1632/3/1632
f 626/2/626 624/4/624 1632/3/1632
f 654/34/654 1627/33/1627 1633/36/1633
f 631/37/631 654/34/654 1633/36/1633
f 1633/36/1633 1627/33/1627 1626/35/1626
f 630/16/630 631/37/631 1633/36/1633
f 624/4/624 1634/5/1634 1632/3/1632
f 1632/3/1632 1634/5/1634 1631/8/1631
f 624/4/624 623/6/622 1634/5/1634
f 1635/38/1635 1633/36/1633 1626/35/1626
f 1635/38/1635 630/16/630 1633/36/1633
f 1628/39/1628 1635/38/1635 1626/35/1626
f 1634/5/1634 1636/13/1636 1631/8/1631
f 1631/8/1631 1636/13/1636 648/20/648
f 1636/13/1636 643/23/643 648/20/648
f 623/6/622 1637/12/1637 1634/5/1634
f 1634/5/1634 1637/12/1637 1636/13/1636
f 1636/13/1636 1638/27/1638 643/23/643
f 1637/12/1637 1638/27/1638 1636/13/1636
f 1638/27/1638 640/28/640 643/23/643
f 641/29/641 640/28/640 1638/27/1638
f 1639/32/1639 1628/39/1628 641/29/641
f 1639/32/1639 641/29/641 1638/27/1638
f 1635/38/1635 1628/39/1628 1639/32/1639
f 1639/32/1639 1638/27/1638 1637/12/1637
f 630/16/630 1635/38/1635 1640/14/1640
f 1640/14/1640 1635/38/1635 1639/32/1639
f 1640/14/1640 1639/32/1639 1637/12/1637
f 1640/14/1640 1637/12/1637 623/6/622
f 621/15/621 630/16/630 1640/14/1640
f 621/15/621 1640/14/1640 623/6/622
f 620/22/620 611/25/611 1641/24/1641
f 1641/24/1641 611/25/611 606/26/606
f 1642/30/1642 1641/24/1641 606/26/606
f 1642/30/1642 606/26/606 605/31/605
f 1643/17/1643 620/22/620 1641/24/1641
f 1644/18/1644 1641/24/1641 1642/30/1642
f 1643/17/1643 1641/24/1641 1644/18/1644
f 1643/17/1643 1645/19/1645 620/22/620
f 1645/19/1645 609/21/609 620/22/620
f 609/21/609 1645/19/1645 608/20/608
f 1646/35/1646 1642/30/1642 605/31/605
f 1647/33/1647 1644/18/1644 1642/30/1642
f 1647/33/1647 1642/30/1642 1646/35/1646
f 1648/39/1648 1646/35/1646 605/31/605
f 602/40/602 1648/39/1648 605/31/605
f 1648/39/1648 602/40/602 601/29/601
f 1649/9/1649 1643/17/1643 1644/18/1644
f 1650/7/1650 1645/19/1645 1643/17/1643
f 1649/9/1649 1650/7/1650 1643/17/1643
f 1645/19/1645 1651/8/1651 608/20/608
f 1645/19/1645 1650/7/1650 1651/8/1651
f 617/11/617 1644/18/1644 1647/33/1647
f 1649/9/1649 1644/18/1644 617/11/617
f 596/10/596 1649/9/1649 617/11/617
f 596/10/596 595/1/595 1649/9/1649
f 595/1/595 1650/7/1650 1649/9/1649
f 614/34/614 617/11/617 1647/33/1647
f 1650/7/1650 595/1/595 1652/3/1652
f 1650/7/1650 1652/3/1652 1651/8/1651
f 595/1/595 586/2/586 1652/3/1652
f 586/2/586 584/4/584 1652/3/1652
f 614/34/614 1647/33/1647 1653/36/1653
f 591/37/591 614/34/614 1653/36/1653
f 1653/36/1653 1647/33/1647 1646/35/1646
f 590/16/590 591/37/591 1653/36/1653
f 584/4/584 1654/5/1654 1652/3/1652
f 1652/3/1652 1654/5/1654 1651/8/1651
f 584/4/584 583/6/582 1654/5/1654
f 1655/38/1655 1653/36/1653 1646/35/1646
f 1655/38/1655 590/16/590 1653/36/1653
f 1648/39/1648 1655/38/1655 1646/35/1646
f 1654/5/1654 1656/13/1656 1651/8/1651
f 1651/8/1651 1656/13/1656 608/20/608
f 1656/13/1656 603/23/603 608/20/608
f 583/6/582 1657/12/1657 1654/5/1654
f 1654/5/1654 1657/12/1657 1656/13/1656
f 1656/13/1656 1658/27/1658 603/23/603
f 1657/12/1657 1658/27/1658 1656/13/1656
f 1658/27/1658 600/28/600 603/23/603
f 601/29/601 600/28/600 1658/27/1658
f 1659/32/1659 1648/39/1648 601/29/601
f 1659/32/1659 601/29/601 1658/27/1658
f 1655/38/1655 1648/39/1648 1659/32/1659
f 1659/32/1659 1658/27/1658 1657/12/1657
f 590/16/590 1655/38/1655 1660/14/1660
f 1660/14/1660 1655/38/1655 1659/32/1659
f 1660/14/1660 1659/32/1659 1657/12/1657
f 1660/14/1660 1657/12/1657 583/6/582
f 581/15/581 590/16/590 1660/14/1660
f 581/15/581 1660/14/1660 583/6/582
f 578/16/578 579/37/579 1661/36/1661
f 579/37/579 576/34/576 1661/36/1661
f 576/34/576 1662/33/1662 1661/36/1661
f 576/34/576 575/11/575 1662/33/1662
f 1663/38/1663 578/16/578 1661/36/1661
f 1661/36/1661 1662/33/1662 1664/35/1664
f 1663/38/1663 1661/36/1661 1664/35/1664
f 578/16/578 1663/38/1663 1665/14/1665
f 573/15/573 578/16/578 1665/14/1665
f 573/15/573 1665/14/1665 572/6/572
f 575/11/575 1666/18/1666 1662/33/1662
f 1662/33/1662 1667/30/1667 1664/35/1664
f 1662/33/1662 1666/18/1666 1667/30/1667
f 1668/9/1668 1666/18/1666 575/11/575
f 569/10/569 1668/9/1668 575/11/575
f 569/10/569 568/1/568 1668/9/1668
f 1665/14/1665 1663/38/1663 1669/32/1669
f 1665/14/1665 1670/12/1670 572/6/572
f 1665/14/1665 1669/32/1669 1670/12/1670
f 1671/39/1671 1663/38/1663 1664/35/1664
f 1663/38/1663 1671/39/1671 1669/32/1669
f 1664/35/1664 1667/30/1667 549/31/549
f 1671/39/1671 1664/35/1664 549/31/549
f 550/40/550 1671/39/1671 549/31/549
f 1671/39/1671 550/40/550 562/29/562
f 1669/32/1669 1671/39/1671 562/29/562
f 1667/30/1667 547/26/547 549/31/549
f 1669/32/1669 562/29/562 1672/27/1672
f 1669/32/1669 1672/27/1672 1670/12/1670
f 562/29/562 557/28/557 1672/27/1672
f 1672/27/1672 557/28/557 555/23/555
f 1667/30/1667 1673/24/1673 547/26/547
f 1673/24/1673 542/25/543 547/26/547
f 1666/18/1666 1673/24/1673 1667/30/1667
f 541/22/541 542/25/543 1673/24/1673
f 1674/13/1674 1672/27/1672 555/23/555
f 1670/12/1670 1672/27/1672 1674/13/1674
f 1674/13/1674 555/23/555 554/20/554
f 1675/17/1675 1673/24/1673 1666/18/1666
f 1675/17/1675 541/22/541 1673/24/1673
f 1668/9/1668 1675/17/1675 1666/18/1666
f 1676/5/1676 1670/12/1670 1674/13/1674
f 572/6/572 1670/12/1670 1676/5/1676
f 570/4/570 572/6/572 1676/5/1676
f 1677/8/1677 1674/13/1674 554/20/554
f 1676/5/1676 1674/13/1674 1677/8/1677
f 570/4/570 1676/5/1676 1678/3/1678
f 1678/3/1678 1676/5/1676 1677/8/1677
f 567/2/567 570/4/570 1678/3/1678
f 568/1/568 567/2/567 1678/3/1678
f 568/1/568 1679/7/1679 1668/9/1668
f 1679/7/1679 568/1/568 1678/3/1678
f 1668/9/1668 1679/7/1679 1675/17/1675
f 1679/7/1679 1678/3/1678 1677/8/1677
f 1675/17/1675 1680/19/1680 541/22/541
f 1679/7/1679 1680/19/1680 1675/17/1675
f 1680/19/1680 1679/7/1679 1677/8/1677
f 1680/19/1680 1677/8/1677 554/20/554
f 1680/19/1680 544/21/544 541/22/541
f 544/21/544 1680/19/1680 554/20/554
f 462/21/462 1681/19/1681 465/20/465
f 1681/19/1681 462/21/462 461/22/461
f 1681/19/1681 1682/8/1682 465/20/465
f 1682/8/1682 1683/13/1683 465/20/465
f 1683/13/1683 466/23/466 465/20/465
f 1683/13/1683 1684/27/1684 466/23/466
f 1684/27/1684 471/28/471 466/23/466
f 480/29/480 471/28/471 1684/27/1684
f 1685/17/1685 1681/19/1681 461/22/461
f 1681/19/1681 1686/7/1686 1682/8/1682
f 1686/7/1686 1681/19/1681 1685/17/1685
f 1685/17/1685 461/22/461 1687/24/1687
f 461/22/461 460/25/460 1687/24/1687
f 1687/24/1687 460/25/460 463/26/463
f 1688/30/1688 1687/24/1687 463/26/463
f 1688/30/1688 463/26/463 468/31/468
f 1685/17/1685 1687/24/1687 1689/18/1689
f 1689/18/1689 1687/24/1687 1688/30/1688
f 1690/9/1690 1686/7/1686 1685/17/1685
f 1690/9/1690 1685/17/1685 1689/18/1689
f 1691/32/1691 480/29/480 1684/27/1684
f 1691/32/1691 1692/39/1692 480/29/480
f 1692/39/1692 469/40/469 480/29/480
f 469/40/469 1692/39/1692 468/31/468
f 1693/35/1693 1688/30/1688 468/31/468
f 1692/39/1692 1693/35/1693 468/31/468
f 1694/33/1694 1689/18/1689 1688/30/1688
f 1694/33/1694 1688/30/1688 1693/35/1693
f 1692/39/1692 1695/38/1695 1693/35/1693
f 1695/38/1695 1692/39/1692 1691/32/1691
f 1691/32/1691 1684/27/1684 1696/12/1696
f 1696/12/1696 1684/27/1684 1683/13/1683
f 1690/9/1690 1689/18/1689 443/11/442
f 443/11/442 1689/18/1689 1694/33/1694
f 441/10/441 1690/9/1690 443/11/442
f 441/10/441 450/1/450 1690/9/1690
f 444/34/444 443/11/442 1694/33/1694
f 450/1/450 1686/7/1686 1690/9/1690
f 1697/36/1697 1694/33/1694 1693/35/1693
f 444/34/444 1694/33/1694 1697/36/1697
f 1695/38/1695 1697/36/1697 1693/35/1693
f 446/37/446 444/34/444 1697/36/1697
f 455/16/455 446/37/446 1697/36/1697
f 1695/38/1695 455/16/455 1697/36/1697
f 1686/7/1686 450/1/450 1698/3/1698
f 450/1/450 451/2/451 1698/3/1698
f 1686/7/1686 1698/3/1698 1682/8/1682
f 451/2/451 474/4/474 1698/3/1698
f 455/16/455 1695/38/1695 1699/14/1699
f 456/15/456 455/16/455 1699/14/1699
f 1699/14/1699 1695/38/1695 1691/32/1691
f 456/15/456 1699/14/1699 477/6/477
f 1699/14/1699 1691/32/1691 1696/12/1696
f 1699/14/1699 1696/12/1696 477/6/477
f 1698/3/1698 1700/5/1700 1682/8/1682
f 474/4/474 1700/5/1700 1698/3/1698
f 474/4/474 477/6/477 1700/5/1700
f 477/6/477 1696/12/1696 1700/5/1700
f 1700/5/1700 1683/13/1683 1682/8/1682
f 1700/5/1700 1696/12/1696 1683/13/1683
f 1701/9/1701 428/10/428 437/1/437
f 428/10/428 1701/9/1701 427/11/427
f 1702/7/1702 1701/9/1701 437/1/437
f 1702/7/1702 437/1/437 1703/3/1703
f 437/1/437 433/2/433 1703/3/1703
f 1703/3/1703 433/2/433 431/4/431
f 1704/5/1704 1703/3/1703 431/4/431
f 1704/5/1704 431/4/431 430/6/430
f 1702/7/1702 1703/3/1703 1705/8/1705
f 1705/8/1705 1703/3/1703 1704/5/1704
f 1701/9/1701 1706/18/1706 427/11/427
f 1707/17/1707 1701/9/1701 1702/7/1702
f 1701/9/1701 1707/17/1707 1706/18/1706
f 1708/19/1708 1702/7/1702 1705/8/1705
f 1708/19/1708 1707/17/1707 1702/7/1702
f 1706/18/1706 1709/33/1709 427/11/427
f 1709/33/1709 425/34/425 427/11/427
f 1709/33/1709 1710/36/1710 425/34/425
f 1710/36/1710 422/37/422 425/34/425
f 423/16/423 422/37/422 1710/36/1710
f 1711/12/1711 1704/5/1704 430/6/430
f 1712/13/1712 1705/8/1705 1704/5/1704
f 1712/13/1712 1704/5/1704 1711/12/1711
f 1708/19/1708 1705/8/1705 418/20/418
f 1705/8/1705 1712/13/1712 418/20/418
f 419/21/419 1708/19/1708 418/20/418
f 1708/19/1708 419/21/419 440/22/440
f 1712/13/1712 416/23/416 418/20/418
f 1707/17/1707 1708/19/1708 440/22/440
f 1712/13/1712 1713/27/1713 416/23/416
f 1713/27/1713 1712/13/1712 1711/12/1711
f 1713/27/1713 404/28/404 416/23/416
f 403/29/402 404/28/404 1713/27/1713
f 1707/17/1707 440/22/440 1714/24/1714
f 440/22/440 410/25/410 1714/24/1714
f 1707/17/1707 1714/24/1714 1706/18/1706
f 1714/24/1714 410/25/410 408/26/408
f 1714/24/1714 1715/30/1715 1706/18/1706
f 1715/30/1715 1714/24/1714 408/26/408
f 1715/30/1715 1709/33/1709 1706/18/1706
f 1715/30/1715 408/26/408 407/31/407
f 1715/30/1715 1716/35/1716 1709/33/1709
f 1716/35/1716 1715/30/1715 407/31/407
f 1716/35/1716 1710/36/1710 1709/33/1709
f 1717/32/1717 403/29/402 1713/27/1713
f 1717/32/1717 1713/27/1713 1711/12/1711
f 1718/39/1718 1716/35/1716 407/31/407
f 1717/32/1717 1718/39/1718 403/29/402
f 402/40/403 1718/39/1718 407/31/407
f 1718/39/1718 402/40/403 403/29/402
f 1719/38/1719 1710/36/1710 1716/35/1716
f 1718/39/1718 1719/38/1719 1716/35/1716
f 1718/39/1718 1717/32/1717 1719/38/1719
f 1719/38/1719 423/16/423 1710/36/1710
f 1720/14/1720 1717/32/1717 1711/12/1711
f 1717/32/1717 1720/14/1720 1719/38/1719
f 1719/38/1719 1720/14/1720 423/16/423
f 1720/14/1720 1711/12/1711 430/6/430
f 1720/14/1720 424/15/424 423/16/423
f 424/15/424 1720/14/1720 430/6/430
f 1721/36/1721 371/37/371 394/34/394
f 370/16/370 371/37/371 1721/36/1721
f 1722/33/1722 1721/36/1721 394/34/394
f 1722/33/1722 394/34/394 397/11/397
f 1723/38/1723 370/16/370 1721/36/1721
f 1724/35/1724 1721/36/1721 1722/33/1722
f 1723/38/1723 1721/36/1721 1724/35/1724
f 1723/38/1723 1725/14/1725 370/16/370
f 1725/14/1725 361/15/361 370/16/370
f 361/15/361 1725/14/1725 363/6/362
f 1726/18/1726 1722/33/1722 397/11/397
f 1727/30/1727 1724/35/1724 1722/33/1722
f 1727/30/1727 1722/33/1722 1726/18/1726
f 1728/9/1728 1726/18/1726 397/11/397
f 376/10/376 1728/9/1728 397/11/397
f 1728/9/1728 376/10/376 375/1/375
f 1729/32/1729 1725/14/1725 1723/38/1723
f 1725/14/1725 1730/12/1730 363/6/362
f 1725/14/1725 1729/32/1729 1730/12/1730
f 1731/39/1731 1723/38/1723 1724/35/1724
f 1731/39/1731 1729/32/1729 1723/38/1723
f 1724/35/1724 1727/30/1727 385/31/385
f 1731/39/1731 1724/35/1724 385/31/385
f 382/40/382 1731/39/1731 385/31/385
f 1731/39/1731 382/40/382 381/29/381
f 1729/32/1729 1731/39/1731 381/29/381
f 1727/30/1727 386/26/386 385/31/385
f 1729/32/1729 381/29/381 1732/27/1732
f 1729/32/1729 1732/27/1732 1730/12/1730
f 381/29/381 380/28/380 1732/27/1732
f 1732/27/1732 380/28/380 383/23/383
f 1727/30/1727 1733/24/1733 386/26/386
f 1733/24/1733 391/25/391 386/26/386
f 1733/24/1733 1727/30/1727 1726/18/1726
f 400/22/400 391/25/391 1733/24/1733
f 1734/13/1734 1732/27/1732 383/23/383
f 1732/27/1732 1734/13/1734 1730/12/1730
f 1734/13/1734 383/23/383 388/20/388
f 1735/17/1735 1733/24/1733 1726/18/1726
f 1735/17/1735 400/22/400 1733/24/1733
f 1728/9/1728 1735/17/1735 1726/18/1726
f 1734/13/1734 1736/5/1736 1730/12/1730
f 1730/12/1730 1736/5/1736 363/6/362
f 1736/5/1736 364/4/364 363/6/362
f 1737/8/1737 1734/13/1734 388/20/388
f 1734/13/1734 1737/8/1737 1736/5/1736
f 1736/5/1736 1738/3/1738 364/4/364
f 1737/8/1737 1738/3/1738 1736/5/1736
f 1738/3/1738 366/2/366 364/4/364
f 375/1/375 366/2/366 1738/3/1738
f 1739/7/1739 1728/9/1728 375/1/375
f 1739/7/1739 375/1/375 1738/3/1738
f 1735/17/1735 1728/9/1728 1739/7/1739
f 1739/7/1739 1738/3/1738 1737/8/1737
f 1735/17/1735 1740/19/1740 400/22/400
f 1740/19/1740 1735/17/1735 1739/7/1739
f 1740/19/1740 1739/7/1739 1737/8/1737
f 1740/19/1740 1737/8/1737 388/20/388
f 1740/19/1740 389/21/389 400/22/400
f 389/21/389 1740/19/1740 388/20/388
f 349/40/349 1741/39/1741 355/31/355
f 1741/39/1741 349/40/349 348/29/348
f 1741/39/1741 1742/35/1742 355/31/355
f 1742/35/1742 1743/30/1743 355/31/355
f 1743/30/1743 356/26/356 355/31/355
f 1743/30/1743 1744/24/1744 356/26/356
f 1744/24/1744 359/25/359 356/26/356
f 358/22/358 359/25/359 1744/24/1744
f 1745/32/1745 1741/39/1741 348/29/348
f 1741/39/1741 1746/38/1746 1742/35/1742
f 1746/38/1746 1741/39/1741 1745/32/1745
f 1745/32/1745 348/29/348 1747/27/1747
f 348/29/348 347/28/347 1747/27/1747
f 1747/27/1747 347/28/347 350/23/350
f 1748/13/1748 1747/27/1747 350/23/350
f 1748/13/1748 350/23/350 352/20/352
f 1745/32/1745 1747/27/1747 1749/12/1749
f 1749/12/1749 1747/27/1747 1748/13/1748
f 1750/14/1750 1746/38/1746 1745/32/1745
f 1750/14/1750 1745/32/1745 1749/12/1749
f 1751/17/1751 358/22/358 1744/24/1744
f 1751/17/1751 1744/24/1744 1752/18/1752
f 1752/18/1752 1744/24/1744 1743/30/1743
f 1751/17/1751 1753/19/1753 358/22/358
f 1753/19/1753 353/21/353 358/22/358
f 353/21/353 1753/19/1753 352/20/352
f 1754/8/1754 1748/13/1748 352/20/352
f 1753/19/1753 1754/8/1754 352/20/352
f 1755/5/1755 1749/12/1749 1748/13/1748
f 1755/5/1755 1748/13/1748 1754/8/1754
f 1756/7/1756 1753/19/1753 1751/17/1751
f 1753/19/1753 1756/7/1756 1754/8/1754
f 1750/14/1750 1749/12/1749 334/6/334
f 334/6/334 1749/12/1749 1755/5/1755
f 324/15/324 1750/14/1750 334/6/334
f 324/15/324 321/16/321 1750/14/1750
f 335/4/335 334/6/334 1755/5/1755
f 321/16/321 1746/38/1746 1750/14/1750
f 1757/3/1757 1755/5/1755 1754/8/1754
f 335/4/335 1755/5/1755 1757/3/1757
f 1756/7/1756 1757/3/1757 1754/8/1754
f 337/2/337 335/4/335 1757/3/1757
f 342/1/342 337/2/337 1757/3/1757
f 1756/7/1756 342/1/342 1757/3/1757
f 1758/9/1758 1756/7/1756 1751/17/1751
f 342/1/342 1756/7/1756 1758/9/1758
f 330/10/330 342/1/342 1758/9/1758
f 1758/9/1758 1751/17/1751 1752/18/1752
f 330/10/330 1758/9/1758 329/11/329
f 1758/9/1758 1752/18/1752 329/11/329
f 1746/38/1746 321/16/321 1759/36/1759
f 321/16/321 322/37/323 1759/36/1759
f 1746/38/1746 1759/36/1759 1742/35/1742
f 322/37/323 327/34/327 1759/36/1759
f 327/34/327 329/11/329 1760/33/1760
f 329/11/329 1752/18/1752 1760/33/1760
f 327/34/327 1760/33/1760 1759/36/1759
f 1759/36/1759 1760/33/1760 1742/35/1742
f 1760/33/1760 1752/18/1752 1743/30/1743
f 1760/33/1760 1743/30/1743 1742/35/1742
f 1761/9/1761 313/10/313 318/1/318
f 313/10/313 1761/9/1761 312/11/312
f 1762/7/1762 1761/9/1761 318/1/318
f 1762/7/1762 318/1/318 1763/3/1763
f 318/1/318 319/2/319 1763/3/1763
f 1763/3/1763 319/2/319 316/4/316
f 1764/5/1764 1763/3/1763 316/4/316
f 1764/5/1764 316/4/316 315/6/315
f 1762/7/1762 1763/3/1763 1765/8/1765
f 1765/8/1765 1763/3/1763 1764/5/1764
f 1761/9/1761 1766/18/1766 312/11/312
f 1767/17/1767 1761/9/1761 1762/7/1762
f 1761/9/1761 1767/17/1767 1766/18/1766
f 1768/19/1768 1762/7/1762 1765/8/1765
f 1768/19/1768 1767/17/1767 1762/7/1762
f 1766/18/1766 1769/33/1769 312/11/312
f 1769/33/1769 310/34/310 312/11/312
f 1769/33/1769 1770/36/1770 310/34/310
f 1770/36/1770 307/37/307 310/34/310
f 308/16/308 307/37/307 1770/36/1770
f 1771/12/1771 1764/5/1764 315/6/315
f 1772/13/1772 1765/8/1765 1764/5/1764
f 1772/13/1772 1764/5/1764 1771/12/1771
f 1768/19/1768 1765/8/1765 289/20/289
f 1765/8/1765 1772/13/1772 289/20/289
f 290/21/290 1768/19/1768 289/20/289
f 1768/19/1768 290/21/290 302/22/302
f 1772/13/1772 287/23/287 289/20/289
f 1767/17/1767 1768/19/1768 302/22/302
f 1772/13/1772 1773/27/1773 287/23/287
f 1773/27/1773 1772/13/1772 1771/12/1771
f 1773/27/1773 282/28/283 287/23/287
f 281/29/281 282/28/283 1773/27/1773
f 1767/17/1767 302/22/302 1774/24/1774
f 302/22/302 297/25/297 1774/24/1774
f 1767/17/1767 1774/24/1774 1766/18/1766
f 1774/24/1774 297/25/297 295/26/295
f 1774/24/1774 1775/30/1775 1766/18/1766
f 1775/30/1775 1774/24/1774 295/26/295
f 1775/30/1775 1769/33/1769 1766/18/1766
f 1775/30/1775 295/26/295 294/31/294
f 1775/30/1775 1776/35/1776 1769/33/1769
f 1776/35/1776 1775/30/1775 294/31/294
f 1776/35/1776 1770/36/1770 1769/33/1769
f 1777/32/1777 281/29/281 1773/27/1773
f 1777/32/1777 1773/27/1773 1771/12/1771
f 1778/39/1778 1776/35/1776 294/31/294
f 1777/32/1777 1778/39/1778 281/29/281
f 284/40/284 1778/39/1778 294/31/294
f 1778/39/1778 284/40/284 281/29/281
f 1779/38/1779 1770/36/1770 1776/35/1776
f 1778/39/1778 1779/38/1779 1776/35/1776
f 1778/39/1778 1777/32/1777 1779/38/1779
f 1779/38/1779 308/16/308 1770/36/1770
f 1780/14/1780 1777/32/1777 1771/12/1771
f 1777/32/1777 1780/14/1780 1779/38/1779
f 1779/38/1779 1780/14/1780 308/16/308
f 1780/14/1780 1771/12/1771 315/6/315
f 1780/14/1780 309/15/309 308/16/308
f 309/15/309 1780/14/1780 315/6/315
f 269/15/269 280/16/280 1781/14/1781
f 269/15/269 1781/14/1781 268/6/268
f 280/16/280 1782/38/1782 1781/14/1781
f 1782/38/1782 280/16/280 1783/36/1783
f 280/16/280 271/37/271 1783/36/1783
f 271/37/271 266/34/266 1783/36/1783
f 266/34/266 1784/33/1784 1783/36/1783
f 266/34/266 265/11/265 1784/33/1784
f 1782/38/1782 1783/36/1783 1785/35/1785
f 1783/36/1783 1784/33/1784 1785/35/1785
f 1781/14/1781 1786/12/1786 268/6/268
f 1781/14/1781 1782/38/1782 1787/32/1787
f 1781/14/1781 1787/32/1787 1786/12/1786
f 1788/39/1788 1782/38/1782 1785/35/1785
f 1782/38/1782 1788/39/1788 1787/32/1787
f 268/6/268 1786/12/1786 1789/5/1789
f 263/4/263 268/6/268 1789/5/1789
f 263/4/263 1789/5/1789 1790/3/1790
f 260/2/260 263/4/263 1790/3/1790
f 261/1/261 260/2/260 1790/3/1790
f 265/11/265 1791/18/1791 1784/33/1784
f 1784/33/1784 1792/30/1792 1785/35/1785
f 1784/33/1784 1791/18/1791 1792/30/1792
f 1788/39/1788 1785/35/1785 277/31/277
f 1785/35/1785 1792/30/1792 277/31/277
f 256/40/256 1788/39/1788 277/31/277
f 1788/39/1788 256/40/256 255/29/255
f 1792/30/1792 274/26/274 277/31/277
f 1787/32/1787 1788/39/1788 255/29/255
f 1792/30/1792 1793/24/1793 274/26/274
f 1791/18/1791 1793/24/1793 1792/30/1792
f 1793/24/1793 251/25/251 274/26/274
f 250/22/250 251/25/251 1793/24/1793
f 1787/32/1787 255/29/255 1794/27/1794
f 255/29/255 246/28/246 1794/27/1794
f 1787/32/1787 1794/27/1794 1786/12/1786
f 1794/27/1794 246/28/246 244/23/244
f 1786/12/1786 1794/27/1794 1795/13/1795
f 1795/13/1795 1794/27/1794 244/23/244
f 1789/5/1789 1786/12/1786 1795/13/1795
f 1795/13/1795 244/23/244 243/20/242
f 1789/5/1789 1795/13/1795 1796/8/1796
f 1796/8/1796 1795/13/1795 243/20/242
f 1790/3/1790 1789/5/1789 1796/8/1796
f 1797/17/1797 250/22/250 1793/24/1793
f 1797/17/1797 1793/24/1793 1791/18/1791
f 1798/19/1798 1796/8/1796 243/20/242
f 1797/17/1797 1798/19/1798 250/22/250
f 241/21/241 1798/19/1798 243/20/242
f 1798/19/1798 241/21/241 250/22/250
f 1799/7/1799 1790/3/1790 1796/8/1796
f 1798/19/1798 1799/7/1799 1796/8/1796
f 1799/7/1799 1798/19/1798 1797/17/1797
f 1799/7/1799 261/1/261 1790/3/1790
f 1800/9/1800 1797/17/1797 1791/18/1791
f 1800/9/1800 1799/7/1799 1797/17/1797
f 261/1/261 1799/7/1799 1800/9/1800
f 1800/9/1800 1791/18/1791 265/11/265
f 262/10/262 261/1/261 1800/9/1800
f 262/10/262 1800/9/1800 265/11/265
f 221/29/221 220/28/220 1801/27/1801
f 1801/27/1801 220/28/220 223/23/223
f 1802/13/1802 1801/27/1801 223/23/223
f 1802/13/1802 223/23/223 228/20/228
f 1803/32/1803 221/29/221 1801/27/1801
f 1801/27/1801 1802/13/1802 1804/12/1804
f 1803/32/1803 1801/27/1801 1804/12/1804
f 1803/32/1803 1805/39/1805 221/29/221
f 1805/39/1805 222/40/222 221/29/221
f 222/40/222 1805/39/1805 225/31/225
f 1806/8/1806 1802/13/1802 228/20/228
f 1802/13/1802 1807/5/1807 1804/12/1804
f 1802/13/1802 1806/8/1806 1807/5/1807
f 1808/19/1808 1806/8/1806 228/20/228
f 229/21/229 1808/19/1808 228/20/228
f 1808/19/1808 229/21/229 240/22/240
f 1805/39/1805 1803/32/1803 1809/38/1809
f 1805/39/1805 1810/35/1810 225/31/225
f 1805/39/1805 1809/38/1809 1810/35/1810
f 1811/14/1811 1803/32/1803 1804/12/1804
f 1803/32/1803 1811/14/1811 1809/38/1809
f 1804/12/1804 1807/5/1807 203/6/202
f 1811/14/1811 1804/12/1804 203/6/202
f 201/15/201 1811/14/1811 203/6/202
f 1811/14/1811 201/15/201 210/16/210
f 1809/38/1809 1811/14/1811 210/16/210
f 1807/5/1807 204/4/204 203/6/202
f 1809/38/1809 210/16/210 1812/36/1812
f 1809/38/1809 1812/36/1812 1810/35/1810
f 210/16/210 211/37/211 1812/36/1812
f 1812/36/1812 211/37/211 234/34/234
f 1807/5/1807 1813/3/1813 204/4/204
f 1813/3/1813 206/2/206 204/4/204
f 1806/8/1806 1813/3/1813 1807/5/1807
f 215/1/215 206/2/206 1813/3/1813
f 1814/33/1814 1812/36/1812 234/34/234
f 1810/35/1810 1812/36/1812 1814/33/1814
f 1814/33/1814 234/34/234 237/11/237
f 1815/7/1815 1813/3/1813 1806/8/1806
f 1815/7/1815 215/1/215 1813/3/1813
f 1808/19/1808 1815/7/1815 1806/8/1806
f 1816/30/1816 1810/35/1810 1814/33/1814
f 1810/35/1810 1816/30/1816 225/31/225
f 1816/30/1816 226/26/226 225/31/225
f 1817/18/1817 1814/33/1814 237/11/237
f 1816/30/1816 1814/33/1814 1817/18/1817
f 1816/30/1816 1818/24/1818 226/26/226
f 1818/24/1818 1816/30/1816 1817/18/1817
f 1818/24/1818 231/25/231 226/26/226
f 240/22/240 231/25/231 1818/24/1818
f 1819/17/1819 1808/19/1808 240/22/240
f 1819/17/1819 240/22/240 1818/24/1818
f 1808/19/1808 1819/17/1819 1815/7/1815
f 1819/17/1819 1818/24/1818 1817/18/1817
f 1815/7/1815 1820/9/1820 215/1/215
f 1819/17/1819 1820/9/1820 1815/7/1815
f 1820/9/1820 1819/17/1819 1817/18/1817
f 1820/9/1820 1817/18/1817 237/11/237
f 1820/9/1820 216/10/216 215/1/215
f 216/10/216 1820/9/1820 237/11/237
f 200/22/200 191/25/191 1821/24/1821
f 1821/24/1821 191/25/191 186/26/186
f 1822/30/1822 1821/24/1821 186/26/186
f 1822/30/1822 186/26/186 185/31/185
f 1823/17/1823 200/22/200 1821/24/1821
f 1824/18/1824 1821/24/1821 1822/30/1822
f 1823/17/1823 1821/24/1821 1824/18/1824
f 1823/17/1823 1825/19/1825 200/22/200
f 1825/19/1825 189/21/189 200/22/200
f 189/21/189 1825/19/1825 188/20/188
f 1826/35/1826 1822/30/1822 185/31/185
f 1827/33/1827 1824/18/1824 1822/30/1822
f 1827/33/1827 1822/30/1822 1826/35/1826
f 1828/39/1828 1826/35/1826 185/31/185
f 182/40/182 1828/39/1828 185/31/185
f 1828/39/1828 182/40/182 181/29/181
f 1829/9/1829 1823/17/1823 1824/18/1824
f 1830/7/1830 1825/19/1825 1823/17/1823
f 1829/9/1829 1830/7/1830 1823/17/1823
f 1825/19/1825 1831/8/1831 188/20/188
f 1825/19/1825 1830/7/1830 1831/8/1831
f 197/11/197 1824/18/1824 1827/33/1827
f 1829/9/1829 1824/18/1824 197/11/197
f 176/10/176 1829/9/1829 197/11/197
f 176/10/176 175/1/175 1829/9/1829
f 175/1/175 1830/7/1830 1829/9/1829
f 194/34/194 197/11/197 1827/33/1827
f 1830/7/1830 175/1/175 1832/3/1832
f 1830/7/1830 1832/3/1832 1831/8/1831
f 175/1/175 166/2/166 1832/3/1832
f 166/2/166 164/4/164 1832/3/1832
f 194/34/194 1827/33/1827 1833/36/1833
f 171/37/171 194/34/194 1833/36/1833
f 1833/36/1833 1827/33/1827 1826/35/1826
f 170/16/170 171/37/171 1833/36/1833
f 164/4/164 1834/5/1834 1832/3/1832
f 1832/3/1832 1834/5/1834 1831/8/1831
f 164/4/164 163/6/162 1834/5/1834
f 1835/38/1835 1833/36/1833 1826/35/1826
f 1835/38/1835 170/16/170 1833/36/1833
f 1828/39/1828 1835/38/1835 1826/35/1826
f 1834/5/1834 1836/13/1836 1831/8/1831
f 1831/8/1831 1836/13/1836 188/20/188
f 1836/13/1836 183/23/183 188/20/188
f 163/6/162 1837/12/1837 1834/5/1834
f 1834/5/1834 1837/12/1837 1836/13/1836
f 1836/13/1836 1838/27/1838 183/23/183
f 1837/12/1837 1838/27/1838 1836/13/1836
f 1838/27/1838 180/28/180 183/23/183
f 181/29/181 180/28/180 1838/27/1838
f 1839/32/1839 1828/39/1828 181/29/181
f 1839/32/1839 181/29/181 1838/27/1838
f 1835/38/1835 1828/39/1828 1839/32/1839
f 1839/32/1839 1838/27/1838 1837/12/1837
f 170/16/170 1835/38/1835 1840/14/1840
f 1840/14/1840 1835/38/1835 1839/32/1839
f 1840/14/1840 1839/32/1839 1837/12/1837
f 1840/14/1840 1837/12/1837 163/6/162
f 161/15/161 170/16/170 1840/14/1840
f 161/15/161 1840/14/1840 163/6/162
f 141/29/141 140/28/140 1841/27/1841
f 1841/27/1841 140/28/140 143/23/143
f 1842/13/1842 1841/27/1841 143/23/143
f 1842/13/1842 143/23/143 148/20/148
f 1843/32/1843 141/29/141 1841/27/1841
f 1844/12/1844 1841/27/1841 1842/13/1842
f 1843/32/1843 1841/27/1841 1844/12/1844
f 1843/32/1843 1845/39/1845 141/29/141
f 1845/39/1845 142/40/142 141/29/141
f 142/40/142 1845/39/1845 145/31/145
f 1846/8/1846 1842/13/1842 148/20/148
f 1847/5/1847 1844/12/1844 1842/13/1842
f 1847/5/1847 1842/13/1842 1846/8/1846
f 1848/19/1848 1846/8/1846 148/20/148
f 149/21/149 1848/19/1848 148/20/148
f 1848/19/1848 149/21/149 160/22/160
f 1849/14/1849 1843/32/1843 1844/12/1844
f 1850/38/1850 1845/39/1845 1843/32/1843
f 1849/14/1849 1850/38/1850 1843/32/1843
f 1845/39/1845 1851/35/1851 145/31/145
f 1845/39/1845 1850/38/1850 1851/35/1851
f 123/6/122 1844/12/1844 1847/5/1847
f 1849/14/1849 1844/12/1844 123/6/122
f 124/15/124 1849/14/1849 123/6/122
f 124/15/124 130/16/130 1849/14/1849
f 130/16/130 1850/38/1850 1849/14/1849
f 122/4/123 123/6/122 1847/5/1847
f 1850/38/1850 130/16/130 1852/36/1852
f 1850/38/1850 1852/36/1852 1851/35/1851
f 130/16/130 131/37/131 1852/36/1852
f 131/37/131 154/34/154 1852/36/1852
f 122/4/123 1847/5/1847 1853/3/1853
f 126/2/126 122/4/123 1853/3/1853
f 1853/3/1853 1847/5/1847 1846/8/1846
f 135/1/135 126/2/126 1853/3/1853
f 154/34/154 1854/33/1854 1852/36/1852
f 1852/36/1852 1854/33/1854 1851/35/1851
f 154/34/154 157/11/157 1854/33/1854
f 1855/7/1855 1853/3/1853 1846/8/1846
f 1855/7/1855 135/1/135 1853/3/1853
f 1848/19/1848 1855/7/1855 1846/8/1846
f 1854/33/1854 1856/30/1856 1851/35/1851
f 1851/35/1851 1856/30/1856 145/31/145
f 1856/30/1856 146/26/146 145/31/145
f 157/11/157 1857/18/1857 1854/33/1854
f 1854/33/1854 1857/18/1857 1856/30/1856
f 1856/30/1856 1858/24/1858 146/26/146
f 1857/18/1857 1858/24/1858 1856/30/1856
f 1858/24/1858 151/25/151 146/26/146
f 160/22/160 151/25/151 1858/24/1858
f 1859/17/1859 1848/19/1848 160/22/160
f 1859/17/1859 160/22/160 1858/24/1858
f 1855/7/1855 1848/19/1848 1859/17/1859
f 1859/17/1859 1858/24/1858 1857/18/1857
f 135/1/135 1855/7/1855 1860/9/1860
f 1860/9/1860 1855/7/1855 1859/17/1859
f 1860/9/1860 1859/17/1859 1857/18/1857
f 1860/9/1860 1857/18/1857 157/11/157
f 136/10/136 135/1/135 1860/9/1860
f 136/10/136 1860/9/1860 157/11/157
f 108/22/108 107/25/107 1861/24/1861
f 1861/24/1861 107/25/107 110/26/110
f 1862/30/1862 1861/24/1861 110/26/110
f 1862/30/1862 110/26/110 112/31/112
f 1863/17/1863 108/22/108 1861/24/1861
f 1864/18/1864 1861/24/1861 1862/30/1862
f 1863/17/1863 1861/24/1861 1864/18/1864
f 1863/17/1863 1865/19/1865 108/22/108
f 1865/19/1865 109/21/109 108/22/108
f 109/21/109 1865/19/1865 118/20/118
f 1866/35/1866 1862/30/1862 112/31/112
f 1867/33/1867 1864/18/1864 1862/30/1862
f 1867/33/1867 1862/30/1862 1866/35/1866
f 1868/39/1868 1866/35/1866 112/31/112
f 113/40/113 1868/39/1868 112/31/112
f 1868/39/1868 113/40/113 115/29/115
f 1869/7/1869 1865/19/1865 1863/17/1863
f 1865/19/1865 1870/8/1870 118/20/118
f 1865/19/1865 1869/7/1869 1870/8/1870
f 1871/9/1871 1863/17/1863 1864/18/1864
f 1871/9/1871 1869/7/1869 1863/17/1863
f 94/11/94 1864/18/1864 1867/33/1867
f 1871/9/1871 1864/18/1864 94/11/94
f 84/10/84 1871/9/1871 94/11/94
f 84/10/84 81/1/81 1871/9/1871
f 81/1/81 1869/7/1869 1871/9/1871
f 95/34/95 94/11/94 1867/33/1867
f 1869/7/1869 81/1/81 1872/3/1872
f 1869/7/1869 1872/3/1872 1870/8/1870
f 81/1/81 82/2/83 1872/3/1872
f 82/2/83 87/4/87 1872/3/1872
f 95/34/95 1867/33/1867 1873/36/1873
f 97/37/97 95/34/95 1873/36/1873
f 1873/36/1873 1867/33/1867 1866/35/1866
f 103/16/103 97/37/97 1873/36/1873
f 87/4/87 1874/5/1874 1872/3/1872
f 1872/3/1872 1874/5/1874 1870/8/1870
f 87/4/87 89/6/89 1874/5/1874
f 1875/38/1875 1873/36/1873 1866/35/1866
f 1875/38/1875 103/16/103 1873/36/1873
f 1868/39/1868 1875/38/1875 1866/35/1866
f 1874/5/1874 1876/13/1876 1870/8/1870
f 1870/8/1870 1876/13/1876 118/20/118
f 1876/13/1876 119/23/119 118/20/118
f 89/6/89 1877/12/1877 1874/5/1874
f 1874/5/1874 1877/12/1877 1876/13/1876
f 1876/13/1876 1878/27/1878 119/23/119
f 1877/12/1877 1878/27/1878 1876/13/1876
f 1878/27/1878 116/28/116 119/23/119
f 115/29/115 116/28/116 1878/27/1878
f 1879/32/1879 1868/39/1868 115/29/115
f 1879/32/1879 115/29/115 1878/27/1878
f 1875/38/1875 1868/39/1868 1879/32/1879
f 1879/32/1879 1878/27/1878 1877/12/1877
f 103/16/103 1875/38/1875 1880/14/1880
f 1880/14/1880 1875/38/1875 1879/32/1879
f 1880/14/1880 1879/32/1879 1877/12/1877
f 1880/14/1880 1877/12/1877 89/6/89
f 90/15/90 103/16/103 1880/14/1880
f 90/15/90 1880/14/1880 89/6/89
f 77/22/77 73/25/73 1881/24/1881
f 1881/24/1881 73/25/73 71/26/71
f 1882/30/1882 1881/24/1881 71/26/71
f 1882/30/1882 71/26/71 70/31/70
f 1883/17/1883 77/22/77 1881/24/1881
f 1881/24/1881 1882/30/1882 1884/18/1884
f 1883/17/1883 1881/24/1881 1884/18/1884
f 1883/17/1883 1885/19/1885 77/22/77
f 1885/19/1885 68/21/68 77/22/77
f 68/21/68 1885/19/1885 67/20/67
f 1886/35/1886 1882/30/1882 70/31/70
f 1882/30/1882 1887/33/1887 1884/18/1884
f 1882/30/1882 1886/35/1886 1887/33/1887
f 1888/39/1888 1886/35/1886 70/31/70
f 64/40/64 1888/39/1888 70/31/70
f 1888/39/1888 64/40/64 63/29/63
f 1885/19/1885 1883/17/1883 1889/7/1889
f 1885/19/1885 1890/8/1890 67/20/67
f 1885/19/1885 1889/7/1889 1890/8/1890
f 1891/9/1891 1883/17/1883 1884/18/1884
f 1883/17/1883 1891/9/1891 1889/7/1889
f 1884/18/1884 1887/33/1887 58/11/58
f 1891/9/1891 1884/18/1884 58/11/58
f 59/10/59 1891/9/1891 58/11/58
f 1891/9/1891 59/10/59 80/1/80
f 1889/7/1889 1891/9/1891 80/1/80
f 1887/33/1887 56/34/56 58/11/58
f 1889/7/1889 80/1/80 1892/3/1892
f 1889/7/1889 1892/3/1892 1890/8/1890
f 80/1/80 50/2/50 1892/3/1892
f 1892/3/1892 50/2/50 48/4/48
f 1887/33/1887 1893/36/1893 56/34/56
f 1893/36/1893 44/37/44 56/34/56
f 1886/35/1886 1893/36/1893 1887/33/1887
f 41/16/41 44/37/44 1893/36/1893
f 1894/5/1894 1892/3/1892 48/4/48
f 1890/8/1890 1892/3/1892 1894/5/1894
f 1894/5/1894 48/4/48 47/6/47
f 1895/38/1895 1893/36/1893 1886/35/1886
f 1895/38/1895 41/16/41 1893/36/1893
f 1888/39/1888 1895/38/1895 1886/35/1886
f 1896/13/1896 1890/8/1890 1894/5/1894
f 1890/8/1890 1896/13/1896 67/20/67
f 1896/13/1896 65/23/65 67/20/67
f 1897/12/1897 1894/5/1894 47/6/47
f 1896/13/1896 1894/5/1894 1897/12/1897
f 1896/13/1896 1898/27/1898 65/23/65
f 1898/27/1898 1896/13/1896 1897/12/1897
f 1898/27/1898 62/28/62 65/23/65
f 63/29/63 62/28/62 1898/27/1898
f 1899/32/1899 1888/39/1888 63/29/63
f 1899/32/1899 63/29/63 1898/27/1898
f 1888/39/1888 1899/32/1899 1895/38/1895
f 1899/32/1899 1898/27/1898 1897/12/1897
f 1895/38/1895 1900/14/1900 41/16/41
f 1899/32/1899 1900/14/1900 1895/38/1895
f 1900/14/1900 1899/32/1899 1897/12/1897
f 1900/14/1900 1897/12/1897 47/6/47
f 1900/14/1900 43/15/42 41/16/41
f 43/15/42 1900/14/1900 47/6/47
f 40/22/40 31/25/31 1901/24/1901
f 1901/24/1901 31/25/31 26/26/26
f 1902/30/1902 1901/24/1901 26/26/26
f 1902/30/1902 26/26/26 25/31/25
f 1903/17/1903 40/22/40 1901/24/1901
f 1904/18/1904 1901/24/1901 1902/30/1902
f 1903/17/1903 1901/24/1901 1904/18/1904
f 1903/17/1903 1905/19/1905 40/22/40
f 1905/19/1905 29/21/29 40/22/40
f 29/21/29 1905/19/1905 28/20/28
f 1906/35/1906 1902/30/1902 25/31/25
f 1907/33/1907 1904/18/1904 1902/30/1902
f 1907/33/1907 1902/30/1902 1906/35/1906
f 1908/39/1908 1906/35/1906 25/31/25
f 22/40/22 1908/39/1908 25/31/25
f 1908/39/1908 22/40/22 21/29/21
f 1909/9/1909 1903/17/1903 1904/18/1904
f 1910/7/1910 1905/19/1905 1903/17/1903
f 1909/9/1909 1910/7/1910 1903/17/1903
f 1905/19/1905 1911/8/1911 28/20/28
f 1905/19/1905 1910/7/1910 1911/8/1911
f 37/11/37 1904/18/1904 1907/33/1907
f 1909/9/1909 1904/18/1904 37/11/37
f 16/10/16 1909/9/1909 37/11/37
f 16/10/16 15/1/15 1909/9/1909
f 15/1/15 1910/7/1910 1909/9/1909
f 34/34/34 37/11/37 1907/33/1907
f 1910/7/1910 15/1/15 1912/3/1912
f 1910/7/1910 1912/3/1912 1911/8/1911
f 15/1/15 6/2/6 1912/3/1912
f 6/2/6 4/4/4 1912/3/1912
f 34/34/34 1907/33/1907 1913/36/1913
f 11/37/11 34/34/34 1913/36/1913
f 1913/36/1913 1907/33/1907 1906/35/1906
f 10/16/10 11/37/11 1913/36/1913
f 4/4/4 1914/5/1914 1912/3/1912
f 1912/3/1912 1914/5/1914 1911/8/1911
f 4/4/4 3/6/2 1914/5/1914
f 1915/38/1915 1913/36/1913 1906/35/1906
f 1915/38/1915 10/16/10 1913/36/1913
f 1908/39/1908 1915/38/1915 1906/35/1906
f 1914/5/1914 1916/13/1916 1911/8/1911
f 1911/8/1911 1916/13/1916 28/20/28
f 1916/13/1916 23/23/23 28/20/28
f 3/6/2 1917/12/1917 1914/5/1914
f 1914/5/1914 1917/12/1917 1916/13/1916
f 1916/13/1916 1918/27/1918 23/23/23
f 1917/12/1917 1918/27/1918 1916/13/1916
f 1918/27/1918 20/28/20 23/23/23
f 21/29/21 20/28/20 1918/27/1918
f 1919/32/1919 1908/39/1908 21/29/21
f 1919/32/1919 21/29/21 1918/27/1918
f 1915/38/1915 1908/39/1908 1919/32/1919
f 1919/32/1919 1918/27/1918 1917/12/1917
f 10/16/10 1915/38/1915 1920/14/1920
f 1920/14/1920 1915/38/1915 1919/32/1919
f 1920/14/1920 1919/32/1919 1917/12/1917
f 1920/14/1920 1917/12/1917 3/6/2
f 1/15/1 10/16/10 1920/14/1920
f 1/15/1 1920/14/1920 3/6/2
