# Blender v3.5.1 OBJ File: 'A23D_14CHARAC3273.blend'
# www.blender.org
mtllib A23DMOD_OBJ.mtl
o A23D_Mesh
v -0.046061 1.538190 -0.093473
v -0.040797 1.687720 -0.102614
v -0.035074 1.495396 0.048119
v -0.041056 1.675747 0.031190
v 0.000577 1.668757 0.236352
v -0.058905 1.612231 -0.106261
v -0.050314 1.582028 0.051891
v 0.000577 1.627038 -0.130435
v -0.057665 1.516545 -0.021087
v -0.052322 1.697019 -0.034783
v -0.070524 1.589077 -0.037949
v -0.050779 1.652160 0.045643
v -0.057758 1.653205 -0.107778
v -0.075640 1.626657 -0.039834
v -0.049729 1.574665 -0.101366
v -0.045452 1.544502 0.052325
v -0.064817 1.557172 -0.033441
v -0.045983 1.697974 -0.064559
v -0.071886 1.601245 -0.075742
v -0.058238 1.527944 -0.064520
v 0.000577 1.722023 -0.082114
v -0.072004 1.638750 -0.076993
v -0.063202 1.564992 -0.071356
v -0.052082 1.509717 0.020650
v -0.050190 1.693893 -0.001996
v -0.065832 1.581100 0.010396
v -0.067956 1.617189 0.005619
v -0.060780 1.553058 0.011611
v -0.022340 1.695074 -0.109138
v -0.018359 1.486512 0.067331
v -0.024996 1.544507 -0.107050
v -0.028698 1.676817 0.037905
v -0.032755 1.627038 -0.125111
v -0.027003 1.571579 0.073392
v -0.029480 1.714715 -0.037428
v -0.030088 1.675738 -0.118234
v -0.036507 1.652701 0.060449
v -0.028346 1.575407 -0.115254
v -0.022413 1.537338 0.074546
v -0.026569 1.715822 -0.079830
v -0.027609 1.711555 -0.001274
v -0.061648 1.675767 -0.074451
v -0.073527 1.663369 -0.037733
v -0.068391 1.657517 0.002522
v -0.041420 1.596021 0.057336
v -0.024609 1.591963 0.075020
v -0.042874 1.613556 0.055415
v -0.056887 1.613131 0.035828
v -0.026678 1.606743 0.074644
v -0.021923 1.594218 0.071050
v 0.000577 1.588527 0.077310
v -0.026141 1.602738 0.069061
v -0.038467 1.598515 0.052735
v -0.040054 1.609403 0.052683
v -0.049075 1.609833 0.042293
v -0.016856 1.568028 0.077348
v -0.029429 1.642308 0.062587
v -0.017895 1.588018 0.077441
v -0.015411 1.595603 0.075330
v -0.014745 1.592962 0.074112
v -0.010536 1.527673 0.078303
v -0.009467 1.483274 0.071423
v 0.000577 1.482343 0.067724
v -0.012498 1.588864 0.072273
v -0.005619 1.527518 0.074139
v -0.005036 1.484791 0.067754
v -0.048869 1.565145 0.052529
v -0.025451 1.554228 0.075277
v -0.011758 1.553998 0.079241
v -0.006517 1.555585 0.073581
v 0.000577 1.717134 0.000579
v 0.000577 1.575408 -0.120255
v 0.000577 1.546624 -0.113432
v 0.000577 1.675737 -0.123531
v 0.000577 1.720312 -0.038346
v -0.009582 1.568268 0.071398
v 0.000577 1.618858 0.077198
v 0.000577 1.527894 0.071959
v 0.000577 1.580038 0.075457
v 0.000577 1.553087 0.074915
v 0.000577 1.631152 0.080495
v -0.025425 1.675258 0.059084
v -0.013167 1.699543 0.036405
v 0.000577 1.708893 0.037383
v -0.020818 1.647201 0.074635
v -0.020587 1.661795 0.089295
v -0.011351 1.673814 0.085853
v -0.017508 1.648043 0.092335
v -0.014531 1.640057 0.137482
v 0.000577 1.615422 0.141577
v -0.008407 1.649479 0.136300
v -0.008158 1.623384 0.139577
v -0.009082 1.636953 0.182519
v -0.004499 1.644056 0.180095
v -0.006254 1.629602 0.185355
v 0.029501 1.575407 -0.115254
v 0.026151 1.544506 -0.107050
v 0.047216 1.538190 -0.093473
v 0.050884 1.574665 -0.101366
v 0.023568 1.537338 0.074546
v 0.046607 1.544502 0.052325
v 0.036228 1.495396 0.048119
v 0.019513 1.486512 0.067331
v 0.000577 1.697683 -0.112252
v 0.023494 1.695074 -0.109138
v 0.027723 1.715821 -0.079830
v 0.033910 1.627038 -0.125111
v 0.060059 1.612229 -0.106261
v 0.058912 1.653205 -0.107778
v 0.031243 1.675737 -0.118234
v 0.064357 1.564992 -0.071356
v 0.073041 1.601245 -0.075742
v 0.076795 1.626657 -0.039834
v 0.071679 1.589076 -0.037949
v 0.066987 1.581101 0.010396
v 0.069111 1.617189 0.005619
v 0.030634 1.714715 -0.037428
v 0.053477 1.697020 -0.034783
v 0.051345 1.693893 -0.001996
v 0.028763 1.711555 -0.001274
v 0.061934 1.553058 0.011611
v 0.065972 1.557172 -0.033441
v 0.058819 1.516545 -0.021087
v 0.053237 1.509717 0.020650
v 0.073159 1.638750 -0.076993
v 0.041952 1.687720 -0.102614
v 0.029853 1.676818 0.037905
v 0.030583 1.642308 0.062587
v 0.021973 1.647201 0.074635
v 0.026579 1.675258 0.059084
v 0.069545 1.657517 0.002522
v 0.051934 1.652161 0.045643
v 0.042211 1.675747 0.031190
v 0.059392 1.527944 -0.064520
v 0.050024 1.565145 0.052529
v 0.051468 1.582027 0.051892
v 0.062803 1.675767 -0.074451
v 0.074681 1.663369 -0.037733
v 0.047138 1.697974 -0.064559
v 0.058042 1.613131 0.035828
v 0.042575 1.596021 0.057336
v 0.006774 1.527518 0.074140
v 0.006190 1.484792 0.067754
v 0.000577 1.495028 0.068914
v 0.027832 1.606743 0.074644
v 0.037662 1.652701 0.060449
v 0.044029 1.613556 0.055415
v 0.026605 1.554229 0.075277
v 0.028158 1.571579 0.073392
v 0.014322 1.699543 0.036405
v 0.025763 1.591963 0.075020
v 0.013653 1.588864 0.072273
v 0.015900 1.592962 0.074112
v 0.023078 1.594218 0.071050
v 0.027296 1.602738 0.069061
v 0.041209 1.609403 0.052683
v 0.039622 1.598515 0.052735
v 0.019049 1.588018 0.077441
v 0.050229 1.609833 0.042293
v 0.018011 1.568028 0.077348
v 0.016566 1.595604 0.075330
v 0.012912 1.553999 0.079241
v 0.010622 1.483274 0.071423
v 0.011691 1.527672 0.078303
v 0.010737 1.568268 0.071397
v 0.007672 1.555584 0.073581
v 0.000577 1.569115 0.076295
v 0.000577 1.591187 0.081536
v 0.018663 1.648043 0.092335
v 0.021742 1.661795 0.089295
v 0.012506 1.673814 0.085853
v 0.000577 1.684273 0.082061
v 0.000577 1.637298 0.093610
v 0.009313 1.623385 0.139577
v 0.015685 1.640057 0.137482
v 0.009562 1.649478 0.136300
v 0.000577 1.655265 0.135463
v 0.007409 1.629602 0.185355
v 0.010237 1.636953 0.182519
v 0.005653 1.644056 0.180094
v 0.000577 1.647736 0.178826
v 0.000577 1.624759 0.186796
v -0.274377 1.245622 -0.040374
v -0.267319 1.243081 -0.004936
v -0.258926 1.223342 0.016277
v -0.274677 1.208155 -0.070113
v -0.276480 1.224704 -0.059878
v -0.249465 1.199139 0.022046
v -0.226332 1.170160 -0.073872
v -0.221585 1.167228 -0.051583
v -0.221154 1.170308 0.010121
v -0.240284 1.172755 -0.083788
v -0.217649 1.167365 -0.015197
v -0.234364 1.179252 0.017516
v -0.257311 1.176401 -0.095623
v -0.267296 1.193977 -0.083365
v -0.278151 1.228578 -0.005758
v -0.284782 1.230724 -0.040017
v -0.268534 1.210459 0.018843
v -0.287510 1.213893 -0.054602
v -0.284496 1.193141 -0.069554
v -0.256014 1.184732 0.015167
v -0.233742 1.160806 -0.070883
v -0.228071 1.157731 -0.049512
v -0.224927 1.158625 -0.015244
v -0.229279 1.159025 0.006034
v -0.247308 1.158840 -0.080882
v -0.239516 1.167187 0.013952
v 0.282526 1.223911 -0.006946
v 0.268474 1.243081 -0.004936
v 0.275532 1.245621 -0.040374
v 0.289157 1.226056 -0.041205
v 0.269688 1.210459 0.018843
v 0.260081 1.223342 0.016277
v 0.287709 1.211146 -0.067210
v 0.278385 1.215680 -0.072090
v 0.273924 1.202073 -0.082470
v 0.284444 1.191447 -0.081781
v 0.257168 1.184732 0.015167
v 0.250619 1.199138 0.022046
v 0.264625 1.187689 -0.099682
v 0.234039 1.156615 -0.069669
v 0.226630 1.165970 -0.072658
v 0.222740 1.167228 -0.051584
v 0.229226 1.157731 -0.049512
v 0.226081 1.158626 -0.015244
v 0.218803 1.167366 -0.015197
v 0.222309 1.170308 0.010121
v 0.230434 1.159025 0.006034
v 0.246739 1.153704 -0.081390
v 0.239714 1.167619 -0.084296
v 0.240670 1.167187 0.013952
v 0.235518 1.179251 0.017517
v 0.247779 1.171115 -0.099738
v 0.177734 0.819014 0.054579
v 0.173803 0.702992 0.056110
v 0.204405 0.704567 0.017003
v 0.214788 0.827091 0.023295
v 0.135987 0.850934 0.078759
v 0.153367 0.701488 0.070389
v 0.088973 0.676088 0.037940
v 0.102032 0.693508 0.059915
v 0.055866 0.738611 0.045766
v 0.098052 0.844245 0.084226
v 0.130610 0.697948 0.071575
v 0.063559 0.795396 0.070820
v 0.173870 0.868626 0.055158
v 0.213482 0.770273 0.020360
v 0.129166 0.893471 0.082637
v 0.028190 0.802241 0.052333
v 0.089344 0.886269 0.088866
v 0.048190 0.847005 0.072600
v 0.188871 0.822822 0.059506
v 0.216866 0.782250 0.030913
v 0.219885 0.824655 0.033189
v 0.180230 0.864713 0.063789
v 0.143607 0.885005 0.086126
v 0.148492 0.853837 0.083177
v 0.053944 0.795183 0.078082
v 0.087600 0.842973 0.091579
v 0.081070 0.873846 0.095288
v 0.047649 0.841985 0.082254
v 0.028287 0.799182 0.062977
v 0.048708 0.752209 0.057326
v 0.132576 0.872202 0.080698
v 0.093698 0.865257 0.086546
v 0.177170 0.746147 0.059297
v 0.179342 0.632783 0.037594
v 0.209418 0.642233 -0.000805
v 0.209718 0.760006 0.029755
v 0.139952 0.772897 0.089977
v 0.159098 0.628405 0.051551
v 0.094251 0.609923 0.015525
v 0.107620 0.622599 0.040374
v 0.069144 0.670311 0.036238
v 0.106258 0.765589 0.094521
v 0.136357 0.624659 0.052306
v 0.075789 0.720782 0.072069
v 0.173249 0.794615 0.069877
v 0.209066 0.705006 0.015493
v 0.133507 0.813805 0.102409
v 0.043931 0.731504 0.055830
v 0.098145 0.805858 0.107624
v 0.061605 0.771064 0.084388
v 0.187131 0.748787 0.064732
v 0.212109 0.714577 0.028187
v 0.214420 0.755591 0.038886
v 0.179075 0.788997 0.077457
v 0.146516 0.804692 0.103924
v 0.151135 0.774741 0.094711
v 0.067314 0.719200 0.079275
v 0.097047 0.762960 0.101615
v 0.090973 0.792485 0.111537
v 0.061301 0.764218 0.092844
v 0.044189 0.726373 0.065642
v 0.062783 0.681360 0.050391
v 0.136729 0.793351 0.096193
v 0.102201 0.785723 0.101073
v 0.181317 0.657459 0.048536
v 0.181722 0.599430 0.025824
v 0.210145 0.606679 -0.008957
v 0.207643 0.669418 0.018815
v 0.151860 0.683392 0.079786
v 0.162895 0.595800 0.039935
v 0.094448 0.588075 0.006788
v 0.116056 0.588720 0.033107
v 0.085643 0.584494 0.026303
v 0.124514 0.677768 0.084579
v 0.141291 0.590842 0.043879
v 0.098979 0.637409 0.062022
v 0.178988 0.702549 0.059569
v 0.210720 0.618766 0.004075
v 0.147384 0.721531 0.092630
v 0.072514 0.642578 0.047143
v 0.118685 0.715368 0.098102
v 0.088387 0.684536 0.074905
v 0.189463 0.659510 0.053901
v 0.213637 0.627460 0.016822
v 0.211450 0.665071 0.027864
v 0.183674 0.697056 0.067046
v 0.157780 0.712585 0.093947
v 0.160976 0.684666 0.084433
v 0.092152 0.636182 0.069292
v 0.117075 0.675596 0.091734
v 0.112701 0.703166 0.101966
v 0.088099 0.678116 0.083304
v 0.072720 0.637719 0.056906
v 0.082360 0.596275 0.041573
v 0.149622 0.702461 0.086208
v 0.121599 0.696568 0.091340
v -0.176580 0.819014 0.054579
v -0.172648 0.702992 0.056110
v -0.203251 0.704567 0.017003
v -0.213634 0.827091 0.023295
v -0.134832 0.850934 0.078759
v -0.152212 0.701488 0.070389
v -0.087818 0.676088 0.037940
v -0.100878 0.693508 0.059915
v -0.054712 0.738611 0.045766
v -0.096897 0.844245 0.084226
v -0.129456 0.697948 0.071575
v -0.062404 0.795396 0.070820
v -0.172715 0.868626 0.055158
v -0.212328 0.770273 0.020360
v -0.128011 0.893471 0.082637
v -0.027036 0.802241 0.052333
v -0.088190 0.886269 0.088866
v -0.047036 0.847005 0.072600
v -0.187717 0.822822 0.059506
v -0.215711 0.782250 0.030913
v -0.218731 0.824655 0.033189
v -0.179075 0.864713 0.063789
v -0.142453 0.885005 0.086126
v -0.147337 0.853837 0.083177
v -0.052789 0.795183 0.078082
v -0.086446 0.842973 0.091579
v -0.079915 0.873846 0.095288
v -0.046495 0.841985 0.082254
v -0.027132 0.799182 0.062977
v -0.047553 0.752209 0.057326
v -0.131422 0.872202 0.080698
v -0.092544 0.865257 0.086546
v -0.176015 0.746147 0.059297
v -0.178187 0.632783 0.037594
v -0.208263 0.642233 -0.000805
v -0.208564 0.760006 0.029755
v -0.138797 0.772897 0.089977
v -0.157944 0.628405 0.051551
v -0.093096 0.609923 0.015525
v -0.106466 0.622599 0.040374
v -0.067990 0.670311 0.036238
v -0.105103 0.765589 0.094521
v -0.135202 0.624659 0.052306
v -0.074635 0.720782 0.072069
v -0.172094 0.794615 0.069877
v -0.207911 0.705006 0.015493
v -0.132352 0.813805 0.102409
v -0.042776 0.731504 0.055830
v -0.096991 0.805858 0.107624
v -0.060451 0.771064 0.084388
v -0.185977 0.748787 0.064732
v -0.210954 0.714577 0.028187
v -0.213266 0.755591 0.038886
v -0.177921 0.788997 0.077457
v -0.145361 0.804692 0.103924
v -0.149981 0.774741 0.094711
v -0.066159 0.719200 0.079275
v -0.095893 0.762960 0.101615
v -0.089818 0.792485 0.111537
v -0.060146 0.764218 0.092844
v -0.043035 0.726373 0.065642
v -0.061628 0.681360 0.050391
v -0.135575 0.793351 0.096193
v -0.101047 0.785723 0.101073
v -0.180163 0.657459 0.048536
v -0.180568 0.599430 0.025824
v -0.208990 0.606679 -0.008957
v -0.206488 0.669418 0.018815
v -0.150705 0.683392 0.079786
v -0.161740 0.595800 0.039935
v -0.093293 0.588075 0.006788
v -0.114902 0.588720 0.033107
v -0.084488 0.584494 0.026303
v -0.123360 0.677768 0.084579
v -0.140137 0.590842 0.043879
v -0.097824 0.637409 0.062022
v -0.177834 0.702549 0.059569
v -0.209565 0.618766 0.004075
v -0.146230 0.721531 0.092630
v -0.071360 0.642578 0.047143
v -0.117530 0.715368 0.098102
v -0.087232 0.684536 0.074905
v -0.188308 0.659510 0.053901
v -0.212482 0.627460 0.016822
v -0.210295 0.665071 0.027864
v -0.182520 0.697056 0.067046
v -0.156626 0.712585 0.093947
v -0.159821 0.684666 0.084433
v -0.090997 0.636182 0.069292
v -0.115921 0.675596 0.091734
v -0.111546 0.703166 0.101966
v -0.086945 0.678116 0.083304
v -0.071565 0.637719 0.056906
v -0.081205 0.596275 0.041573
v -0.148467 0.702461 0.086208
v -0.120445 0.696568 0.091340
v -0.276885 1.177212 -0.076884
v -0.268776 1.163869 -0.088454
v 0.274214 1.170923 -0.093201
v 0.259245 1.158583 -0.092569
v -0.005619 1.196175 -0.141182
v -0.014962 1.203110 -0.132206
v -0.011888 1.418054 -0.173626
v -0.025504 1.407967 -0.167730
v -0.030012 1.461785 -0.159771
v -0.012781 1.463506 -0.160185
v -0.009358 1.501842 -0.137811
v -0.011085 1.343959 -0.184542
v -0.032885 1.340994 -0.175190
v -0.026161 1.367950 -0.166900
v -0.008059 1.382268 -0.171426
v -0.063083 1.450887 -0.146958
v -0.074241 1.446779 -0.135617
v -0.076408 1.466885 -0.113062
v -0.054265 1.478513 -0.124970
v -0.072695 1.315353 -0.163075
v -0.086978 1.357099 -0.150283
v -0.056715 1.350703 -0.162415
v -0.040787 1.334497 -0.158109
v -0.038822 1.496228 -0.127929
v -0.052272 1.458411 -0.154093
v -0.047483 1.286663 -0.147534
v -0.033717 1.282963 -0.166681
v -0.059140 1.282202 -0.152563
v -0.111686 1.265674 -0.120050
v -0.078641 1.284223 -0.143041
v -0.010843 1.264922 -0.174110
v -0.029203 1.206976 -0.127114
v -0.046732 1.233120 -0.126970
v -0.089468 1.445587 -0.121729
v -0.095100 1.457815 -0.110198
v -0.085025 1.404268 -0.142226
v -0.103515 1.340372 -0.140388
v -0.120922 1.343443 -0.117069
v -0.101364 1.362495 -0.137582
v -0.104375 1.302815 -0.135717
v -0.079486 1.308141 -0.150848
v -0.135574 1.300293 -0.100541
v -0.098552 1.325308 -0.141562
v -0.147594 1.274088 -0.082507
v -0.121721 1.210990 -0.085956
v -0.097467 1.232546 -0.117199
v -0.093529 1.186616 -0.112251
v -0.026083 1.500787 -0.133574
v -0.040546 1.169346 -0.125090
v -0.068693 1.224061 -0.116935
v -0.056864 1.163826 -0.112950
v -0.005578 1.186551 -0.138623
v -0.013404 1.183280 -0.135797
v -0.023093 1.177773 -0.127202
v -0.096820 1.442750 -0.121047
v -0.103150 1.453992 -0.108776
v -0.093478 1.403456 -0.139695
v -0.129172 1.345735 -0.111547
v -0.109487 1.364600 -0.135380
v -0.142949 1.300404 -0.092119
v -0.093146 1.444169 -0.127303
v -0.101770 1.463340 -0.109956
v -0.089448 1.403996 -0.146699
v -0.124896 1.344703 -0.120152
v -0.105428 1.363548 -0.142384
v -0.138728 1.302690 -0.103512
v -0.009339 1.507670 -0.128897
v -0.076299 1.472713 -0.104804
v -0.054178 1.484341 -0.116504
v -0.038750 1.502056 -0.119122
v -0.096340 1.462805 -0.102485
v -0.026032 1.506616 -0.124679
v -0.009359 1.501483 -0.123488
v 0.002721 1.500916 -0.122714
v -0.076414 1.466526 -0.098668
v -0.054270 1.478154 -0.110599
v -0.038826 1.495869 -0.113586
v -0.095889 1.457140 -0.095689
v -0.026086 1.500430 -0.119244
v 0.002721 1.188244 -0.138608
v -0.051786 1.365527 -0.161557
v -0.084153 1.396856 -0.146196
v -0.071503 1.424475 -0.148698
v -0.052381 1.429088 -0.156854
v -0.032172 1.376813 -0.168014
v -0.074743 1.367877 -0.152587
v -0.052475 1.405307 -0.183437
v -0.060933 1.381827 -0.188350
v -0.074797 1.372251 -0.183728
v -0.089384 1.372522 -0.174346
v -0.093380 1.391377 -0.163509
v -0.080935 1.416739 -0.161439
v -0.064715 1.421684 -0.169520
v -0.068322 1.419475 -0.211153
v -0.076349 1.397179 -0.213826
v -0.088045 1.387896 -0.207259
v -0.097638 1.387307 -0.197256
v -0.097822 1.406683 -0.187661
v -0.088113 1.427042 -0.187654
v -0.074409 1.433158 -0.197932
v -0.088386 1.436776 -0.227014
v -0.095036 1.423127 -0.231332
v -0.103357 1.415568 -0.225684
v -0.110795 1.417593 -0.215131
v -0.108802 1.423781 -0.206038
v -0.099345 1.438023 -0.204441
v -0.090303 1.443997 -0.213886
v -0.119406 1.464766 -0.225768
v -0.125292 1.458053 -0.228039
v -0.129610 1.454528 -0.225933
v -0.135675 1.454171 -0.217533
v -0.132842 1.459228 -0.212938
v -0.126554 1.467263 -0.212679
v -0.118024 1.470436 -0.216469
v -0.154713 1.521302 -0.236352
v 0.002721 1.501275 -0.137038
v 0.002757 1.272773 -0.170897
v 0.002726 1.198132 -0.140847
v 0.002759 1.425747 -0.170815
v 0.002768 1.379889 -0.167454
v 0.002717 1.507102 -0.128136
v -0.009332 1.509918 -0.138242
v -0.076277 1.473842 -0.111232
v -0.054161 1.485470 -0.123048
v -0.038735 1.503185 -0.125857
v -0.026011 1.508864 -0.134016
v 0.011069 1.196175 -0.141182
v 0.020418 1.203110 -0.132206
v 0.039229 1.282963 -0.166681
v 0.016352 1.264922 -0.174110
v 0.017409 1.418054 -0.173626
v 0.031026 1.407968 -0.167730
v 0.035494 1.461785 -0.159771
v 0.018267 1.463505 -0.160185
v 0.014799 1.501841 -0.137811
v 0.002744 1.461974 -0.154576
v 0.016623 1.343959 -0.184542
v 0.038415 1.340994 -0.175190
v 0.031694 1.367950 -0.166900
v 0.013594 1.382268 -0.171426
v 0.068555 1.450887 -0.146958
v 0.079706 1.446779 -0.135617
v 0.081852 1.466885 -0.113062
v 0.059716 1.478513 -0.124970
v 0.089637 1.396856 -0.146196
v 0.076986 1.424474 -0.148698
v 0.078193 1.315353 -0.163075
v 0.092466 1.357099 -0.150283
v 0.062232 1.350703 -0.162414
v 0.046313 1.334497 -0.158109
v 0.044261 1.496228 -0.127929
v 0.057745 1.458411 -0.154093
v 0.052990 1.286663 -0.147534
v 0.034659 1.206977 -0.127114
v 0.064636 1.282202 -0.152562
v 0.052203 1.233120 -0.126969
v 0.094917 1.445586 -0.121729
v 0.100531 1.457815 -0.110197
v 0.090505 1.404268 -0.142226
v 0.108981 1.340371 -0.140388
v 0.126362 1.343443 -0.117069
v 0.106834 1.362494 -0.137581
v 0.002769 1.344927 -0.180513
v 0.109831 1.302816 -0.135717
v 0.084975 1.308141 -0.150848
v 0.084120 1.284223 -0.143041
v 0.117113 1.265674 -0.120050
v 0.074140 1.224061 -0.116935
v 0.148341 1.300404 -0.092119
v 0.144129 1.302689 -0.103512
v 0.152965 1.274088 -0.082507
v 0.102890 1.232546 -0.117199
v 0.127091 1.210990 -0.085956
v 0.098913 1.186616 -0.112251
v 0.031521 1.500788 -0.133574
v 0.037702 1.376813 -0.168014
v 0.045956 1.169346 -0.125090
v 0.028520 1.177773 -0.127201
v 0.062257 1.163826 -0.112950
v 0.080244 1.367877 -0.152587
v 0.057877 1.429088 -0.156854
v 0.104022 1.325308 -0.141562
v 0.140979 1.300293 -0.100541
v 0.011018 1.186551 -0.138623
v 0.018839 1.183281 -0.135798
v 0.098591 1.444169 -0.127303
v 0.107188 1.463341 -0.109956
v 0.094923 1.403996 -0.146699
v 0.130331 1.344702 -0.120152
v 0.110892 1.363547 -0.142384
v 0.102263 1.442750 -0.121047
v 0.108574 1.453992 -0.108776
v 0.098948 1.403455 -0.139695
v 0.134599 1.345736 -0.111547
v 0.114944 1.364600 -0.135380
v 0.014761 1.509918 -0.138242
v 0.002715 1.509350 -0.137475
v 0.081714 1.473842 -0.111232
v 0.059604 1.485470 -0.123048
v 0.044165 1.503185 -0.125856
v 0.031438 1.508864 -0.134016
v 0.101320 1.457140 -0.095689
v 0.101766 1.462805 -0.102485
v 0.014772 1.507670 -0.128897
v 0.014801 1.501484 -0.123488
v 0.059622 1.484340 -0.116504
v 0.081737 1.472712 -0.104804
v 0.081858 1.466525 -0.098668
v 0.059721 1.478154 -0.110599
v 0.044180 1.502056 -0.119122
v 0.044266 1.495869 -0.113586
v 0.031462 1.506616 -0.124679
v 0.031524 1.500429 -0.119244
v 0.057307 1.365527 -0.161557
v 0.066444 1.381827 -0.188350
v 0.057984 1.405306 -0.183436
v 0.080297 1.372251 -0.183728
v 0.094868 1.372522 -0.174346
v 0.098855 1.391377 -0.163509
v 0.086413 1.416739 -0.161439
v 0.070206 1.421684 -0.169520
v 0.081841 1.397179 -0.213826
v 0.073811 1.419475 -0.211154
v 0.093527 1.387895 -0.207259
v 0.103107 1.387307 -0.197256
v 0.103284 1.406683 -0.187661
v 0.093577 1.427042 -0.187654
v 0.079884 1.433159 -0.197933
v 0.100494 1.423127 -0.231331
v 0.093842 1.436775 -0.227014
v 0.108807 1.415568 -0.225684
v 0.116234 1.417592 -0.215131
v 0.114241 1.423781 -0.206038
v 0.104787 1.438023 -0.204441
v 0.095752 1.443997 -0.213886
v 0.130678 1.458053 -0.228039
v 0.124796 1.464766 -0.225768
v 0.134993 1.454527 -0.225933
v 0.141047 1.454172 -0.217533
v 0.138215 1.459228 -0.212938
v 0.131929 1.467263 -0.212679
v 0.123411 1.470436 -0.216469
v 0.159969 1.521302 -0.236352
v 0.217810 1.307085 0.059076
v 0.192319 1.340848 0.094814
v 0.160948 1.473463 0.124216
v 0.151078 1.556799 0.074821
v 0.270079 1.294639 0.020047
v 0.268889 1.300990 0.022376
v 0.258001 1.447563 0.039859
v 0.240879 1.481794 0.018416
v 0.218194 1.314681 0.038941
v 0.155360 1.540056 0.062491
v 0.165857 1.459016 0.108066
v 0.195104 1.345073 0.081341
v 0.207838 1.486421 0.030222
v 0.210098 1.434767 0.065384
v 0.258356 1.378112 0.035056
v 0.258975 1.415167 0.039134
v 0.206533 1.372759 0.060187
v 0.209231 1.454584 0.054820
v 0.138097 1.603479 0.022380
v 0.316004 1.304383 0.001770
v 0.309059 1.348093 0.002230
v 0.284239 1.421456 -0.000338
v 0.237487 1.474743 0.002629
v 0.142840 1.585091 0.016568
v 0.203645 1.497206 0.001835
v 0.291146 1.372103 -0.002689
v 0.284794 1.400120 -0.001425
v 0.248581 1.392745 0.030842
v 0.203238 1.400670 0.048098
v 0.274301 1.385232 -0.002123
v 0.249137 1.452276 0.031893
v 0.208248 1.465829 0.044831
v 0.266757 1.435284 -0.003189
v 0.289548 1.427007 -0.033200
v 0.300935 1.381192 -0.034780
v 0.284796 1.389676 -0.033749
v 0.212121 1.345948 0.054578
v 0.317185 1.363463 -0.010511
v 0.338321 1.293601 -0.017828
v 0.330280 1.329836 -0.018792
v 0.292632 1.345476 0.014873
v 0.264768 1.368762 0.037056
v 0.240762 1.339606 0.046799
v 0.280644 1.363342 0.024749
v 0.287137 1.315110 0.010517
v 0.248822 1.318738 0.037650
v 0.247531 1.360543 0.046170
v 0.284838 1.294570 0.029645
v 0.295945 1.309165 0.021505
v 0.302668 1.327679 0.023668
v 0.299216 1.337905 0.036545
v 0.290428 1.340057 0.052551
v 0.282240 1.331317 0.062284
v 0.275452 1.313173 0.060340
v 0.277500 1.298192 0.051293
v 0.308649 1.283378 0.041905
v 0.313455 1.295474 0.031882
v 0.316775 1.314570 0.032180
v 0.316294 1.323332 0.041949
v 0.313254 1.324837 0.056035
v 0.310162 1.317202 0.065747
v 0.307229 1.300339 0.066995
v 0.306277 1.288683 0.060154
v 0.332113 1.287566 0.033940
v 0.329802 1.294248 0.029503
v 0.327524 1.311666 0.029240
v 0.328489 1.320033 0.037785
v 0.330514 1.322226 0.047478
v 0.333702 1.315724 0.056336
v 0.336269 1.300521 0.057768
v 0.335399 1.289760 0.049427
v 0.353417 1.302259 0.022474
v 0.349872 1.307570 0.017080
v 0.347565 1.321505 0.017116
v 0.349358 1.328624 0.023410
v 0.352666 1.330691 0.031584
v 0.356649 1.325935 0.037854
v 0.359315 1.313859 0.038604
v 0.357700 1.304814 0.032490
v 0.367344 1.329651 0.009285
v 0.365352 1.332889 0.005990
v 0.363877 1.341139 0.006129
v 0.364672 1.345225 0.010090
v 0.366472 1.346159 0.016032
v 0.368706 1.343245 0.019864
v 0.370435 1.336125 0.020210
v 0.369702 1.330864 0.016363
v 0.388795 1.358341 0.008374
v 0.217207 1.485525 -0.008187
v 0.250881 1.454097 -0.011844
v 0.233527 1.516066 -0.013895
v 0.248800 1.509444 -0.005893
v 0.261914 1.503439 -0.016594
v 0.241683 1.551191 -0.020861
v 0.252563 1.549261 -0.014648
v 0.262691 1.548454 -0.022828
v 0.243157 1.587846 -0.025384
v 0.248083 1.589372 -0.021291
v 0.252605 1.591796 -0.026780
v 0.170846 1.397111 0.095453
v 0.166085 1.402607 0.109057
v 0.204586 1.274776 0.065088
v 0.166860 1.306938 0.122764
v 0.115641 1.501042 0.156998
v 0.100146 1.589947 0.107059
v 0.102335 1.631281 0.031466
v 0.134937 1.404433 0.133001
v 0.346940 1.312348 -0.039652
v 0.267770 1.502023 -0.031829
v 0.267281 1.548630 -0.032607
v 0.292323 1.405768 -0.033735
v 0.353123 1.280578 -0.041479
v 0.257949 1.451740 -0.031351
v 0.274783 1.438652 -0.032308
v 0.204167 1.439004 0.074918
v 0.197863 1.401647 0.055880
v 0.205304 1.495358 0.036740
v 0.197493 1.506243 0.003481
v 0.304010 1.378262 -0.035018
v 0.318039 1.361116 -0.013147
v 0.329121 1.330510 -0.020716
v 0.343667 1.314104 -0.039403
v 0.304730 1.371925 -0.035244
v 0.316746 1.356865 -0.016182
v 0.325338 1.328711 -0.022831
v 0.337911 1.314312 -0.039092
v 0.235081 1.631972 -0.034568
v 0.199255 1.515743 -0.028673
v 0.313055 1.308104 -0.078557
v 0.306154 1.351642 -0.074696
v 0.288753 1.350132 -0.085971
v 0.283544 1.319464 -0.083520
v 0.259129 1.375270 -0.104028
v 0.276003 1.368795 -0.093485
v 0.288670 1.375035 -0.066359
v 0.252880 1.384372 -0.100798
v 0.252121 1.454100 -0.102741
v 0.281633 1.424451 -0.065648
v 0.264419 1.437917 -0.060658
v 0.243919 1.458034 -0.093776
v 0.141795 1.619700 -0.029314
v 0.133657 1.608103 -0.079078
v 0.138958 1.589134 -0.072140
v 0.146218 1.601427 -0.028626
v 0.140733 1.567215 -0.131578
v 0.147628 1.490164 -0.178475
v 0.153864 1.474259 -0.162660
v 0.145078 1.550272 -0.117685
v 0.162464 1.416208 -0.175671
v 0.181098 1.354707 -0.155557
v 0.184640 1.357668 -0.142904
v 0.167166 1.411228 -0.162252
v 0.210216 1.315734 -0.127038
v 0.213856 1.321309 -0.104704
v 0.194970 1.450967 -0.133045
v 0.196409 1.502527 -0.094809
v 0.204952 1.353959 -0.118514
v 0.202872 1.375469 -0.119114
v 0.202780 1.491824 -0.087948
v 0.201953 1.472588 -0.102737
v 0.236774 1.486257 -0.079224
v 0.234271 1.347037 -0.113763
v 0.241121 1.367857 -0.112183
v 0.265698 1.299903 -0.093386
v 0.264337 1.306435 -0.095023
v 0.243061 1.325442 -0.106981
v 0.243456 1.398526 -0.094777
v 0.196669 1.407837 -0.107572
v 0.202084 1.462283 -0.113063
v 0.202052 1.443485 -0.124326
v 0.253173 1.421703 -0.103101
v 0.194741 1.509159 -0.060410
v 0.201026 1.499994 -0.059199
v 0.234727 1.477748 -0.063084
v 0.282260 1.403063 -0.065482
v 0.271823 1.388101 -0.064510
v 0.196252 1.410547 -0.120887
v 0.315261 1.365820 -0.061687
v 0.336752 1.295657 -0.062204
v 0.328882 1.331610 -0.057210
v 0.291506 1.314611 -0.096028
v 0.279731 1.300801 -0.104571
v 0.298098 1.333273 -0.097266
v 0.293658 1.344641 -0.109137
v 0.283594 1.348245 -0.124380
v 0.274601 1.340426 -0.134252
v 0.267930 1.322160 -0.133225
v 0.270689 1.306411 -0.125590
v 0.308249 1.302041 -0.109611
v 0.302659 1.290931 -0.120565
v 0.311577 1.321085 -0.108459
v 0.310364 1.330719 -0.117570
v 0.306239 1.333529 -0.131507
v 0.302383 1.326837 -0.141839
v 0.299335 1.310170 -0.144449
v 0.298897 1.297925 -0.138496
v 0.324820 1.300675 -0.108984
v 0.326808 1.294456 -0.114405
v 0.322573 1.317970 -0.106835
v 0.322915 1.327102 -0.114872
v 0.324227 1.330206 -0.124763
v 0.326772 1.324586 -0.134734
v 0.329247 1.309611 -0.137919
v 0.328980 1.298116 -0.130351
v 0.345859 1.312863 -0.097226
v 0.349026 1.308100 -0.103561
v 0.343560 1.326728 -0.095782
v 0.344911 1.334411 -0.101737
v 0.347643 1.337247 -0.110201
v 0.351193 1.333120 -0.117397
v 0.353815 1.321184 -0.119512
v 0.352620 1.311603 -0.113951
v 0.362181 1.337115 -0.085530
v 0.363943 1.334206 -0.089327
v 0.360703 1.345338 -0.084866
v 0.361225 1.349780 -0.088632
v 0.362610 1.351271 -0.094748
v 0.364580 1.348735 -0.099080
v 0.366286 1.341684 -0.100172
v 0.365815 1.336084 -0.096628
v 0.385526 1.362812 -0.088661
v 0.215413 1.487451 -0.050357
v 0.208380 1.494299 -0.028913
v 0.249299 1.455846 -0.050079
v 0.246690 1.511731 -0.056003
v 0.232133 1.517562 -0.046691
v 0.260668 1.504802 -0.046475
v 0.251099 1.550831 -0.049109
v 0.240783 1.552150 -0.041933
v 0.261885 1.549323 -0.041902
v 0.247071 1.590441 -0.044774
v 0.242524 1.588514 -0.040061
v 0.252039 1.592396 -0.039948
v 0.255413 1.593328 -0.033574
v 0.150052 1.320816 -0.183552
v 0.196402 1.284124 -0.135315
v 0.105290 1.523370 -0.211788
v 0.120485 1.424999 -0.207797
v 0.089460 1.608278 -0.157723
v 0.091518 1.671417 -0.028869
v 0.097170 1.636716 -0.087698
v 0.316308 1.363242 -0.059293
v 0.327867 1.332099 -0.055115
v 0.315238 1.358719 -0.056415
v 0.324242 1.330094 -0.052763
v 0.227114 1.521953 -0.030085
v 0.238915 1.587530 -0.032500
v 0.236343 1.552799 -0.031186
v 0.193053 1.295145 0.054569
v 0.156439 1.322236 0.082599
v 0.110193 1.487363 0.120406
v 0.092908 1.609693 0.025898
v 0.147055 1.334289 -0.145657
v 0.186837 1.303428 -0.123030
v 0.099239 1.500788 -0.170845
v 0.111436 1.422608 -0.169091
v 0.091299 1.571454 -0.128498
v 0.088987 1.614510 -0.079507
v -0.134791 1.497763 -0.064445
v -0.119395 1.467872 -0.103864
v -0.159148 1.447288 -0.113984
v -0.184796 1.492995 -0.002440
v -0.137361 1.503105 -0.017180
v -0.102906 1.443725 0.051426
v -0.127412 1.482662 0.028662
v -0.172416 1.461582 0.056976
v -0.134069 1.418861 0.074623
v -0.201850 1.423466 -0.103926
v -0.215666 1.455090 -0.059159
v -0.221088 1.466106 -0.006561
v -0.121846 1.532645 -0.015030
v -0.113233 1.511546 0.034065
v -0.092818 1.424238 -0.117670
v -0.122327 1.395804 -0.134201
v -0.157337 1.365807 -0.129869
v -0.168121 1.381161 0.084028
v -0.248157 1.419141 0.003030
v -0.227098 1.388577 0.059377
v -0.226822 1.388530 -0.095203
v -0.189574 1.351056 0.071703
v -0.183382 1.341747 -0.115744
v -0.258853 1.369455 -0.048675
v -0.262105 1.372458 -0.002710
v -0.248040 1.355985 0.036068
v -0.236530 1.348423 -0.083801
v -0.200892 1.333946 0.063072
v -0.200764 1.324359 -0.103147
v -0.117668 1.528673 -0.069127
v -0.103220 1.488560 -0.111271
v -0.082675 1.436517 -0.129231
v -0.279667 1.348420 -0.050934
v -0.283345 1.350668 0.000791
v -0.266226 1.329785 0.047217
v -0.252108 1.327842 -0.086300
v -0.213470 1.306246 0.070127
v -0.213414 1.289714 -0.111379
v -0.284464 1.337528 -0.052291
v -0.288737 1.338938 0.000796
v -0.271207 1.318549 0.050177
v -0.256742 1.314878 -0.089860
v -0.206718 1.296200 -0.113821
v -0.266472 1.355385 -0.048653
v -0.271101 1.357173 -0.000950
v -0.255220 1.338839 0.041695
v -0.239709 1.334775 -0.082995
v -0.205913 1.318704 0.063606
v -0.205525 1.308844 -0.106131
v -0.108522 1.534251 -0.020131
v -0.102641 1.518097 0.017517
v -0.090485 1.459986 0.052114
v -0.105571 1.531011 -0.068695
v -0.093869 1.494152 -0.106985
v -0.077225 1.447749 -0.123287
v -0.124623 1.517698 -0.017315
v -0.115758 1.497175 0.024839
v -0.095405 1.451545 0.048772
v -0.119410 1.512895 -0.066390
v -0.105818 1.476725 -0.105730
v -0.086903 1.431593 -0.118073
v -0.221126 1.464358 0.003596
v -0.200434 1.424427 0.067754
v -0.185623 1.461098 0.050839
v -0.225672 1.407645 0.055859
v -0.238831 1.427038 0.018434
v -0.195704 1.481319 0.015094
v -0.196626 1.463618 0.055746
v -0.203557 1.481889 0.023834
v -0.225964 1.467267 0.014057
v -0.242486 1.435296 0.027116
v -0.232322 1.418961 0.058182
v -0.210562 1.433515 0.068971
v -0.213674 1.438678 0.063061
v -0.203147 1.459658 0.053722
v -0.229160 1.426944 0.055606
v -0.224611 1.463855 0.021840
v -0.237434 1.439671 0.031305
v -0.208522 1.475275 0.028481
v -0.248729 1.476097 0.069432
v -0.246559 1.420885 -0.015684
v -0.223723 1.444462 -0.055773
v -0.231588 1.399855 -0.083119
v -0.253206 1.382313 -0.048804
v -0.223582 1.424067 -0.080250
v -0.255836 1.395928 -0.024614
v -0.232953 1.443974 -0.026039
v -0.244193 1.381668 -0.071582
v -0.254933 1.425129 -0.024907
v -0.243392 1.444402 -0.033607
v -0.235784 1.444485 -0.058577
v -0.235974 1.427293 -0.079160
v -0.242765 1.406753 -0.081518
v -0.253430 1.391301 -0.071814
v -0.260940 1.391974 -0.052728
v -0.263010 1.403933 -0.032451
v -0.254586 1.424776 -0.033120
v -0.246639 1.438534 -0.039307
v -0.240923 1.438391 -0.057796
v -0.241207 1.425836 -0.073270
v -0.245705 1.411154 -0.074673
v -0.253666 1.399649 -0.067562
v -0.258940 1.400024 -0.053736
v -0.260680 1.409232 -0.038631
v -0.290803 1.442163 -0.071634
v -0.178376 1.492616 -0.053961
v -0.188486 1.448944 -0.099065
v -0.197653 1.467693 -0.071936
v -0.143836 1.470847 -0.100038
v -0.151651 1.491163 -0.073668
v -0.152686 1.478968 -0.103829
v -0.165674 1.461569 -0.116299
v -0.189047 1.461620 -0.103131
v -0.196368 1.477327 -0.080890
v -0.180816 1.497348 -0.067211
v -0.159192 1.496329 -0.081756
v -0.158589 1.480402 -0.100919
v -0.167752 1.466973 -0.111454
v -0.186073 1.467657 -0.100288
v -0.191204 1.478639 -0.084788
v -0.179898 1.494427 -0.073637
v -0.163499 1.493290 -0.084681
v -0.189981 1.521051 -0.123341
v -0.095353 1.438398 0.044421
v -0.126589 1.411697 0.066557
v -0.158150 1.378336 0.075821
v -0.179334 1.348334 0.063226
v -0.190566 1.332331 0.054448
v -0.208205 1.303605 0.064150
v -0.195594 1.318555 0.056837
v -0.081490 1.460862 0.051437
v -0.087909 1.446091 0.041730
v -0.280204 1.327289 -0.045854
v -0.283603 1.328329 -0.003796
v -0.266822 1.312100 0.043114
v -0.253573 1.308491 -0.080111
v -0.218328 1.295794 0.059115
v -0.220350 1.301342 0.065167
v -0.088413 1.419782 -0.108946
v -0.118002 1.392186 -0.125810
v -0.152728 1.362056 -0.121354
v -0.178311 1.337491 -0.106946
v -0.195325 1.319695 -0.094160
v -0.079748 1.434515 -0.120011
v -0.200836 1.294518 -0.104523
v -0.200015 1.304527 -0.097189
v -0.082958 1.428953 -0.111619
v -0.208097 1.287401 -0.097591
v -0.098373 1.528986 -0.022296
v -0.095583 1.514910 0.012919
v -0.097601 1.526235 -0.065816
v -0.087178 1.493879 -0.100402
v -0.072076 1.448476 -0.114133
v 0.153678 0.783575 -0.139528
v 0.100005 0.765057 -0.180533
v 0.156123 0.950799 -0.124693
v 0.084277 0.945341 -0.163055
v 0.131828 1.024407 -0.101044
v 0.060607 1.011896 -0.141112
v 0.090638 1.080882 -0.081429
v 0.049112 1.081481 -0.095033
v 0.097722 1.127800 -0.067126
v 0.047895 1.132110 -0.089854
v 0.057913 0.721204 -0.171500
v 0.096061 1.039178 -0.134866
v 0.110401 0.978590 -0.157269
v 0.069853 0.961672 -0.178680
v 0.054755 1.027812 -0.157037
v 0.076767 1.094304 -0.089663
v 0.044381 1.095002 -0.115605
v 0.083196 1.137021 -0.077624
v 0.043282 1.144423 -0.105950
v 0.036943 0.787689 -0.188339
v 0.169058 0.774465 -0.132908
v 0.112773 0.756006 -0.183570
v 0.170209 0.954413 -0.120039
v 0.146077 1.027131 -0.096252
v 0.105365 1.081534 -0.077322
v 0.083343 1.127995 -0.072312
v 0.068666 0.709515 -0.169777
v 0.162381 0.779293 -0.143755
v 0.105296 0.762424 -0.187033
v 0.163509 0.953655 -0.126287
v 0.139296 1.026818 -0.102556
v 0.098345 1.082257 -0.083272
v 0.090875 1.128946 -0.073611
v 0.063057 0.714182 -0.174588
v 0.103672 1.037926 -0.123365
v 0.128859 0.967617 -0.156395
v 0.080799 0.946444 -0.182594
v 0.089609 1.093970 -0.085291
v 0.070282 1.138158 -0.082089
v 0.047121 0.772118 -0.187755
v 0.000577 0.754745 -0.201004
v 0.096016 1.038844 -0.130158
v 0.120783 0.976106 -0.162321
v 0.075868 0.957292 -0.186224
v 0.085061 1.095725 -0.092162
v 0.078612 1.139178 -0.084540
v 0.000577 0.767059 -0.206090
v 0.162038 0.865787 -0.129169
v 0.104865 0.846434 -0.178163
v 0.178719 0.866136 -0.125182
v 0.171467 0.867046 -0.131105
v 0.099037 1.125671 -0.053632
v 0.169831 0.765599 -0.120752
v 0.113527 0.747181 -0.172019
v 0.171524 0.952285 -0.106426
v 0.147392 1.025002 -0.082694
v 0.106680 1.079405 -0.063808
v 0.069672 0.704145 -0.158213
v 0.180109 0.864044 -0.109374
v 0.083481 1.129080 -0.039936
v 0.158016 0.770537 -0.109519
v 0.100668 0.750686 -0.161587
v 0.162467 0.949042 -0.098090
v 0.135228 1.021700 -0.071759
v 0.091125 1.082815 -0.050075
v 0.061104 0.712701 -0.148770
v 0.170429 0.866021 -0.100220
v 0.046720 0.886593 -0.191031
v 0.057282 0.871193 -0.192741
v 0.052938 0.881794 -0.197541
v -0.154969 0.950799 -0.124693
v -0.160883 0.865787 -0.129169
v -0.103710 0.846434 -0.178163
v -0.083123 0.945341 -0.163055
v 0.000577 0.811554 -0.184377
v 0.000577 0.930954 -0.172445
v -0.130673 1.024407 -0.101045
v -0.059453 1.011896 -0.141111
v 0.000577 1.003873 -0.154330
v -0.089483 1.080882 -0.081429
v -0.047958 1.081481 -0.095033
v 0.000577 1.078398 -0.107262
v -0.082188 1.127995 -0.072312
v -0.046740 1.132110 -0.089854
v 0.000577 1.132656 -0.101381
v 0.000577 0.740549 -0.186990
v -0.098851 0.765056 -0.180533
v -0.056759 0.721204 -0.171500
v 0.000577 0.702546 -0.186756
v -0.094906 1.039178 -0.134866
v -0.109247 0.978590 -0.157269
v -0.068698 0.961672 -0.178680
v -0.053601 1.027812 -0.157036
v 0.000577 0.949409 -0.195575
v 0.000577 1.020768 -0.170995
v -0.075613 1.094305 -0.089663
v -0.043226 1.095002 -0.115605
v 0.000577 1.092849 -0.128092
v -0.069127 1.138158 -0.082089
v -0.042127 1.144422 -0.105950
v 0.000577 1.145837 -0.117411
v -0.045566 0.886593 -0.191031
v 0.000577 0.875733 -0.204995
v -0.162354 0.953655 -0.126288
v -0.170313 0.867046 -0.131105
v -0.152524 0.783575 -0.139529
v -0.161226 0.779294 -0.143756
v -0.104142 0.762424 -0.187033
v -0.138141 1.026819 -0.102555
v -0.097190 1.082257 -0.083272
v -0.089721 1.128946 -0.073611
v -0.061903 0.714182 -0.174588
v 0.000577 0.694040 -0.190632
v -0.169054 0.954413 -0.120039
v -0.177564 0.866136 -0.125182
v -0.167903 0.774465 -0.132908
v -0.111618 0.756006 -0.183570
v -0.144923 1.027131 -0.096253
v -0.104211 1.081534 -0.077322
v -0.096567 1.127799 -0.067126
v -0.067511 0.709515 -0.169777
v 0.000577 0.686730 -0.186595
v -0.094862 1.038844 -0.130158
v -0.119628 0.976105 -0.162321
v -0.074713 0.957292 -0.186224
v -0.083906 1.095725 -0.092162
v -0.077457 1.139178 -0.084540
v -0.051784 0.881794 -0.197541
v -0.035788 0.787689 -0.188339
v -0.042210 0.782470 -0.193780
v -0.102517 1.037926 -0.123365
v -0.127705 0.967617 -0.156394
v -0.079644 0.946444 -0.182594
v -0.088454 1.093969 -0.085291
v -0.082041 1.137021 -0.077624
v -0.056127 0.871194 -0.192741
v -0.045966 0.772118 -0.187755
v -0.170369 0.952285 -0.106426
v -0.178955 0.864044 -0.109374
v -0.168676 0.765600 -0.120752
v -0.112372 0.747181 -0.172019
v -0.146238 1.025002 -0.082694
v -0.105526 1.079405 -0.063808
v -0.097882 1.125671 -0.053632
v -0.068517 0.704145 -0.158213
v 0.000577 0.680304 -0.174075
v -0.161312 0.949042 -0.098090
v -0.169274 0.866021 -0.100220
v -0.156861 0.770537 -0.109519
v -0.099513 0.750686 -0.161587
v -0.134074 1.021701 -0.071759
v -0.089970 1.082815 -0.050075
v -0.082326 1.129080 -0.039935
v -0.059950 0.712701 -0.148770
v 0.000577 0.692674 -0.156934
v -0.010216 1.458719 0.063719
v -0.104032 1.438200 0.079559
v -0.069133 1.266456 0.138852
v -0.059801 1.158611 0.082665
v -0.147175 1.315780 0.097869
v -0.129592 1.254610 0.098793
v -0.055900 1.309039 0.142457
v -0.035184 1.330959 0.144364
v -0.056472 1.171635 0.094407
v -0.027194 1.190820 0.112334
v -0.032583 1.230650 0.133993
v -0.134454 1.314905 0.112487
v -0.082625 1.408607 0.101715
v -0.100466 1.260771 0.132235
v -0.098029 1.325446 0.124812
v -0.058422 1.371056 0.124654
v -0.073937 1.222251 0.129324
v -0.066395 1.216691 0.124521
v -0.031632 1.211763 0.131923
v -0.008456 1.401007 0.117380
v -0.010155 1.434078 0.082660
v -0.099965 1.228089 0.109088
v 0.000577 1.197044 0.122614
v -0.142761 1.341697 0.090624
v -0.058962 1.298542 0.141284
v -0.129094 1.337404 0.108908
v -0.103438 1.307976 0.126292
v -0.005347 1.346761 0.143101
v -0.165714 1.331627 0.086808
v -0.058701 1.305233 0.148369
v -0.137092 1.327830 0.117246
v -0.104409 1.318144 0.132106
v 0.000577 1.210246 0.134286
v 0.000578 1.223656 0.134178
v 0.000577 1.348870 0.151724
v 0.000577 1.439952 0.091304
v -0.042595 1.300008 0.146813
v -0.010923 1.460099 0.047509
v -0.104710 1.439579 0.064048
v -0.147883 1.317158 0.084850
v -0.143462 1.343075 0.077178
v -0.166412 1.333005 0.073441
v 0.000577 1.483328 0.041411
v -0.130719 1.252296 0.087059
v -0.100680 1.225440 0.098690
v -0.086924 1.179298 0.087060
v -0.062967 1.255173 0.132982
v -0.031011 1.325434 0.138928
v 0.000577 1.341235 0.137463
v -0.087201 1.186724 0.098245
v -0.097360 1.411472 0.082994
v -0.098514 1.412151 0.068284
v -0.082756 1.423175 0.079911
v -0.082991 1.424779 0.064689
v -0.087940 1.394993 0.098721
v -0.070912 1.407780 0.096131
v 0.083910 1.423175 0.079911
v 0.105186 1.438200 0.079559
v 0.083780 1.408608 0.101715
v 0.072067 1.407780 0.096131
v 0.075091 1.222251 0.129324
v 0.070288 1.266457 0.138852
v 0.101621 1.260771 0.132235
v 0.130747 1.254610 0.098793
v 0.104593 1.307976 0.126292
v 0.135609 1.314905 0.112487
v 0.098514 1.411472 0.082994
v 0.089094 1.394993 0.098721
v 0.064122 1.255173 0.132982
v 0.067550 1.216691 0.124521
v 0.032787 1.211762 0.131923
v 0.033737 1.230650 0.133993
v 0.028348 1.190820 0.112334
v 0.059577 1.371056 0.124654
v 0.148330 1.315779 0.097869
v 0.060117 1.298542 0.141285
v 0.099184 1.325446 0.124812
v 0.057055 1.309038 0.142457
v 0.036338 1.330959 0.144364
v 0.006502 1.346761 0.143101
v 0.009611 1.401007 0.117380
v 0.057626 1.171635 0.094407
v 0.060956 1.158611 0.082665
v 0.101120 1.228090 0.109088
v 0.088356 1.186724 0.098245
v 0.143915 1.341696 0.090624
v 0.166869 1.331627 0.086808
v 0.138247 1.327830 0.117246
v 0.130249 1.337404 0.108908
v 0.105563 1.318144 0.132106
v 0.011309 1.434078 0.082660
v 0.000577 1.481411 0.058635
v 0.011370 1.458719 0.063719
v 0.059856 1.305233 0.148369
v 0.000577 1.404744 0.126349
v 0.000577 1.321569 0.154078
v 0.043750 1.300008 0.146813
v 0.084146 1.424779 0.064689
v 0.105864 1.439579 0.064048
v 0.149038 1.317158 0.084850
v 0.131874 1.252296 0.087059
v 0.099669 1.412151 0.068283
v 0.144616 1.343076 0.077178
v 0.167566 1.333005 0.073441
v 0.012078 1.460099 0.047509
v 0.101835 1.225440 0.098690
v 0.032165 1.325434 0.138928
v 0.088078 1.179298 0.087060
v -0.167274 1.054959 -0.039222
v -0.136803 1.096371 -0.024911
v -0.166020 1.053562 0.000610
v -0.136283 1.092691 0.003809
v -0.174358 1.037368 -0.006687
v -0.154706 1.034573 0.035868
v -0.137848 1.012054 0.062410
v -0.124554 1.039449 0.069787
v -0.129548 1.073935 0.045656
v -0.096371 1.018528 0.089332
v -0.101057 0.993922 0.084664
v -0.130747 1.136696 0.009364
v -0.131441 1.139657 -0.029294
v -0.208843 0.949776 -0.052353
v -0.210734 0.956705 -0.017203
v -0.198813 0.966998 0.031318
v -0.179781 0.929918 0.063788
v -0.240490 0.918536 -0.053554
v -0.242684 0.925435 -0.018831
v -0.230228 0.935280 0.028624
v -0.194548 0.904940 0.068980
v -0.149541 0.901922 0.087212
v -0.158144 0.886494 0.102628
v -0.137406 1.072795 -0.064858
v -0.110503 1.105290 -0.055841
v -0.150763 1.049644 -0.069378
v -0.112993 1.141109 -0.052624
v -0.191798 0.955739 -0.078955
v -0.206870 0.920087 -0.093109
v -0.086841 1.094398 -0.073168
v -0.078311 1.111524 -0.070860
v -0.114689 1.043998 -0.084906
v -0.077250 1.122084 -0.067397
v -0.153119 0.962481 -0.090956
v -0.161493 0.921357 -0.113137
v -0.081235 0.979422 0.095271
v -0.116618 0.882321 0.109819
v -0.163569 0.942281 0.071296
v -0.138565 0.991916 0.070581
v -0.171304 1.046864 -0.040263
v -0.159910 1.062803 0.004318
v -0.118071 1.049847 0.071221
v -0.126260 1.082791 0.044776
v -0.092934 1.030085 0.089859
v -0.143413 1.064150 -0.066691
v -0.082028 1.101441 -0.070897
v -0.063164 1.010616 0.094030
v -0.165403 1.059612 0.002863
v -0.123465 1.043838 0.072690
v -0.095607 1.024948 0.091781
v -0.143551 1.068257 -0.065725
v -0.086715 1.098696 -0.071976
v -0.067388 1.022601 0.097345
v -0.170713 1.051816 -0.039995
v -0.238478 0.902983 -0.053860
v -0.242606 0.909542 -0.017825
v -0.233605 0.919799 0.025441
v -0.198123 0.884528 0.068420
v -0.161320 0.867009 0.102848
v -0.204195 0.904870 -0.094190
v -0.162049 0.935688 -0.111121
v -0.242383 0.915575 -0.053950
v -0.246461 0.922030 -0.018053
v -0.234879 0.933122 0.028848
v -0.199826 0.898745 0.072981
v -0.160033 0.880128 0.107035
v -0.208361 0.916303 -0.094714
v -0.165207 0.931104 -0.112951
v -0.124807 0.872182 0.108507
v -0.120848 1.121609 0.043770
v -0.150722 1.076945 0.000243
v -0.134905 1.097155 -0.028852
v -0.135290 1.091536 0.008876
v -0.131695 1.129621 0.013855
v -0.131614 1.142519 -0.024166
v -0.112792 1.144514 -0.052146
v -0.077129 1.124667 -0.066541
v -0.118505 1.083199 0.049366
v -0.115923 1.127061 0.047205
v -0.155829 1.077194 -0.027451
v -0.159523 1.071611 -0.032053
v -0.153584 1.070820 0.001982
v -0.137555 1.097049 -0.027045
v -0.137212 1.092539 0.006383
v -0.132469 1.133482 0.011700
v -0.133403 1.141292 -0.027006
v -0.113774 1.142931 -0.053182
v -0.078095 1.123553 -0.067682
v -0.125832 1.080939 0.047680
v -0.120957 1.124285 0.046233
v -0.159096 1.075024 -0.029793
v -0.154128 1.074218 0.001650
v -0.110500 0.977805 0.088613
v -0.139428 0.918848 0.089063
v -0.109223 0.901448 0.099215
v -0.148419 0.950065 0.077206
v -0.134268 0.977587 0.076912
v -0.108658 0.986922 0.091953
v -0.147523 0.911950 0.092538
v -0.092494 0.970133 0.100656
v -0.113046 0.915794 0.097239
v -0.159170 0.945394 0.078788
v -0.140456 0.983657 0.078132
v -0.123825 0.894230 0.097586
v -0.129446 0.883834 0.108001
v -0.136070 0.865403 0.105373
v -0.134461 0.878304 0.109693
v -0.124442 0.910177 0.091338
v -0.129276 0.904551 0.096318
v -0.116603 0.900682 0.103876
v -0.118649 0.911061 0.102653
v -0.121706 0.890059 0.112182
v -0.126356 0.884611 0.113741
v -0.091296 0.983552 0.090173
v -0.083314 1.022365 0.090669
v -0.080217 1.009749 0.090616
v -0.085306 1.017172 0.092681
v -0.101021 0.969713 0.092526
v -0.099726 0.978360 0.094917
v -0.088318 0.984166 0.096854
v -0.074486 1.009798 0.095931
v -0.076281 1.017270 0.098783
v -0.094506 0.979493 0.101268
v 0.149956 1.076675 0.000240
v 0.136038 1.092884 0.003811
v 0.136678 1.096545 -0.024909
v 0.155068 1.076758 -0.027456
v 0.172287 1.036347 -0.006700
v 0.164482 1.052805 0.000600
v 0.169545 1.045937 -0.040275
v 0.152554 1.034196 0.035863
v 0.134970 1.012239 0.062412
v 0.122578 1.040054 0.069795
v 0.128694 1.074358 0.045661
v 0.093727 1.020063 0.089353
v 0.097606 0.995318 0.084683
v 0.206010 0.954540 -0.017229
v 0.194431 0.965216 0.031296
v 0.174198 0.928777 0.063775
v 0.203893 0.947676 -0.052379
v 0.135008 1.091762 0.008878
v 0.152616 1.070460 0.001978
v 0.158677 1.062240 0.004311
v 0.125697 1.083317 0.044782
v 0.132998 1.142837 -0.024164
v 0.131942 1.137046 0.009367
v 0.234503 0.915419 -0.053588
v 0.236921 0.922243 -0.018867
v 0.224793 0.932490 0.028592
v 0.188141 0.903331 0.068964
v 0.151155 0.886083 0.102624
v 0.143060 0.901783 0.087210
v 0.165781 1.054160 -0.039232
v 0.158578 1.071057 -0.032059
v 0.136512 1.072962 -0.064856
v 0.149105 1.049388 -0.069381
v 0.187052 0.954193 -0.078975
v 0.142233 1.064126 -0.066691
v 0.134807 1.097391 -0.028850
v 0.132733 1.139983 -0.029291
v 0.114342 1.142037 -0.052617
v 0.110683 1.106319 -0.055831
v 0.200951 0.918066 -0.093132
v 0.078712 1.113600 -0.070840
v 0.082098 1.103400 -0.070877
v 0.112866 1.044922 -0.084895
v 0.148614 0.962195 -0.090960
v 0.086678 1.096205 -0.073149
v 0.077997 1.124189 -0.067378
v 0.156664 0.935123 -0.111128
v 0.087512 0.985272 0.090196
v 0.077294 1.011817 0.090644
v 0.122385 0.884361 0.108006
v 0.117107 0.894936 0.097592
v 0.158399 0.941663 0.071289
v 0.135029 0.992088 0.070584
v 0.169115 1.050907 -0.040006
v 0.164063 1.058871 0.002854
v 0.121632 1.044475 0.072699
v 0.125209 1.081479 0.047687
v 0.093172 1.026505 0.091802
v 0.142504 1.068226 -0.065725
v 0.086693 1.100504 -0.071958
v 0.090668 1.031726 0.089882
v 0.082623 1.019070 0.092706
v 0.080801 1.024325 0.090696
v 0.116438 1.050657 0.071232
v 0.117960 1.083978 0.049375
v 0.236299 0.912397 -0.053985
v 0.240586 0.918717 -0.018090
v 0.229372 0.930180 0.028815
v 0.193215 0.896966 0.072964
v 0.152836 0.879659 0.107031
v 0.202318 0.914236 -0.094738
v 0.159671 0.930439 -0.112958
v 0.127218 0.878671 0.109696
v 0.231985 0.899940 -0.053892
v 0.236324 0.906362 -0.017859
v 0.227663 0.916907 0.025409
v 0.191049 0.882813 0.068405
v 0.153693 0.866505 0.102844
v 0.197782 0.902945 -0.094211
v 0.155641 0.920818 -0.113144
v 0.128404 0.865725 0.105376
v 0.132659 1.129945 0.013858
v 0.121556 1.122291 0.043776
v 0.137452 1.097198 -0.027043
v 0.158262 1.074481 -0.029799
v 0.133558 1.133778 0.011702
v 0.136962 1.092702 0.006385
v 0.134747 1.141554 -0.027004
v 0.115182 1.143832 -0.053175
v 0.078890 1.125629 -0.067665
v 0.121752 1.124961 0.046239
v 0.153271 1.073838 0.001646
v 0.114252 1.145447 -0.052140
v 0.077960 1.126774 -0.066523
v 0.116812 1.127902 0.047213
v 0.136649 0.983772 0.078134
v 0.104974 0.988074 0.091968
v 0.095768 0.979808 0.094936
v 0.102749 0.902626 0.099227
v 0.107038 0.916841 0.097250
v 0.112484 0.911927 0.102662
v 0.110099 0.901620 0.103886
v 0.141371 0.911873 0.092537
v 0.154104 0.944918 0.078782
v 0.130266 0.977907 0.076916
v 0.106519 0.978901 0.088628
v 0.096779 0.971123 0.092544
v 0.118244 0.910854 0.091345
v 0.122892 0.905073 0.096324
v 0.133506 0.919031 0.089065
v 0.143511 0.949939 0.077204
v 0.114853 0.890836 0.112189
v 0.119322 0.885239 0.113747
v 0.117368 0.872867 0.108512
v 0.109514 0.883269 0.109827
v 0.084556 0.985983 0.096878
v 0.071568 1.012053 0.095962
v 0.073606 1.019462 0.098813
v 0.064892 1.025081 0.097379
v 0.090588 0.981111 0.101290
v 0.088271 0.971821 0.100678
v 0.077321 0.981472 0.095298
v 0.060279 1.013240 0.094065
v -0.177550 0.780333 0.089254
v -0.159748 0.741331 0.102668
v -0.133967 0.704769 0.113514
v -0.103669 0.665819 0.117521
v -0.059084 0.647873 0.121851
v -0.150259 0.824315 0.088034
v -0.131914 0.802864 0.108126
v -0.104032 0.774266 0.116810
v -0.076239 0.751368 0.122199
v -0.043024 0.728907 0.119242
v -0.137786 0.862823 0.082416
v -0.119828 0.845514 0.102104
v -0.090433 0.826593 0.110406
v -0.062442 0.811932 0.114944
v -0.032327 0.796028 0.115981
v -0.121464 0.907692 0.075396
v -0.103049 0.898636 0.094360
v -0.077386 0.887799 0.101966
v -0.051206 0.875674 0.105858
v -0.022669 0.863171 0.106343
v -0.089615 1.048159 0.047785
v -0.073754 1.038401 0.066454
v -0.054649 1.023053 0.073667
v -0.033891 1.004611 0.077195
v -0.016246 0.906494 0.094770
v -0.178796 0.812018 0.079296
v -0.162240 0.840442 0.084591
v -0.134566 0.796940 0.113198
v -0.155823 0.821951 0.100128
v -0.163171 0.832094 0.094978
v -0.171889 0.818603 0.095795
v -0.163740 0.797027 0.103526
v -0.145916 0.760821 0.116191
v -0.123041 0.722587 0.125946
v -0.094079 0.688310 0.130753
v -0.065007 0.664237 0.131739
v -0.052358 0.728286 0.127554
v -0.077406 0.746610 0.127165
v -0.106591 0.769364 0.121696
v -0.104222 0.691379 0.118166
v -0.083947 0.669993 0.120621
v -0.115300 0.705752 0.116191
v -0.130551 0.726834 0.111378
v -0.140020 0.742813 0.107868
v -0.154484 0.763165 0.101831
v -0.161407 0.780036 0.095726
v -0.172691 0.799618 0.088352
v -0.146411 0.819899 0.098980
v -0.133506 0.860207 0.093040
v -0.116579 0.906723 0.085762
v -0.084475 1.046351 0.057201
v 0.154918 0.820466 0.100122
v 0.162848 0.795546 0.103524
v 0.145042 0.759331 0.116196
v 0.133674 0.795445 0.113196
v 0.122185 0.721086 0.125958
v 0.105713 0.767854 0.121700
v 0.093240 0.686794 0.130774
v 0.076538 0.745086 0.127173
v 0.064181 0.662706 0.131766
v 0.051500 0.726750 0.127566
v 0.136861 0.861330 0.082405
v 0.149353 0.822827 0.088028
v 0.145507 0.818409 0.098975
v 0.132582 0.858711 0.093029
v 0.118911 0.844011 0.102095
v 0.131018 0.801367 0.108123
v 0.103151 0.772755 0.116813
v 0.089526 0.825075 0.110400
v 0.075369 0.749843 0.122206
v 0.061542 0.810400 0.114940
v 0.042166 0.727366 0.119254
v 0.031435 0.794481 0.115979
v 0.120517 0.906190 0.075380
v 0.115632 0.905218 0.085746
v 0.102106 0.897125 0.094346
v 0.076449 0.886275 0.101952
v 0.050275 0.874136 0.105845
v 0.021744 0.861620 0.106331
v 0.088597 1.046641 0.047766
v 0.083458 1.044830 0.057181
v 0.072741 1.036875 0.066434
v 0.053644 1.021517 0.073647
v 0.032895 1.003065 0.077174
v 0.015299 0.904939 0.094754
v 0.162261 0.830613 0.094971
v 0.170986 0.817125 0.095790
v 0.161326 0.838960 0.084582
v 0.177896 0.810544 0.079291
v 0.171797 0.798141 0.088350
v 0.176665 0.778858 0.089255
v 0.153608 0.761679 0.101835
v 0.158883 0.739848 0.102676
v 0.129693 0.725336 0.111389
v 0.133120 0.703273 0.113531
v 0.114453 0.704246 0.116208
v 0.083118 0.668472 0.120646
v 0.058266 0.646340 0.121883
v 0.103382 0.689868 0.118186
v 0.102842 0.664308 0.117547
v 0.139154 0.741320 0.107876
v 0.160523 0.778554 0.095727
v -0.049820 0.767409 0.145169
v -0.025902 0.730506 0.150766
v -0.072651 0.783663 0.131405
v -0.044392 0.786641 0.149617
v 0.000577 0.842533 0.152527
v -0.115679 0.876734 0.106103
v -0.071375 0.836764 0.134847
v 0.000577 0.858682 0.150403
v -0.101630 0.944929 0.103604
v -0.054482 0.934533 0.124561
v 0.000577 0.931710 0.135844
v -0.115599 1.039156 0.054454
v -0.055110 1.031596 0.081791
v -0.068846 0.913047 0.121522
v -0.080648 0.888098 0.121581
v -0.100567 0.870191 0.115622
v -0.015422 0.768470 0.148588
v -0.037131 0.763418 0.150863
v -0.017617 0.742442 0.149072
v -0.056388 0.763184 0.138930
v -0.023571 0.720788 0.150683
v 0.000577 0.809691 0.152602
v -0.079379 0.780570 0.127792
v -0.107971 0.873086 0.111230
v -0.009594 0.765052 0.148612
v -0.013118 0.737907 0.149004
v -0.053835 0.764483 0.141949
v -0.024377 0.726341 0.152052
v 0.000577 0.817608 0.152809
v -0.076747 0.781686 0.130523
v -0.112137 0.875223 0.110153
v -0.012199 0.767117 0.149503
v -0.015008 0.740865 0.150356
v -0.120429 0.896409 0.103007
v -0.067325 0.869983 0.132063
v -0.021995 0.851224 0.148921
v -0.110672 0.944143 0.098970
v -0.107927 1.040013 0.058324
v -0.076706 0.909423 0.119363
v -0.073235 0.894205 0.125388
v -0.063836 0.878141 0.132639
v -0.106677 0.944721 0.102649
v -0.112289 1.039768 0.057766
v -0.073302 0.911425 0.121829
v -0.078070 0.891172 0.125705
v -0.065694 0.874914 0.133616
v 0.000577 1.024696 0.094309
v 0.073806 0.783663 0.131406
v 0.050974 0.767409 0.145169
v 0.038285 0.763418 0.150863
v 0.045547 0.786641 0.149617
v 0.016576 0.768470 0.148588
v 0.000577 0.826658 0.151036
v 0.072529 0.836763 0.134848
v 0.023149 0.851224 0.148921
v 0.102784 0.944929 0.103604
v 0.070001 0.913047 0.121522
v 0.055636 0.934534 0.127380
v 0.064990 0.878142 0.132639
v 0.109082 1.040013 0.058324
v 0.056264 1.031596 0.081791
v 0.074389 0.894205 0.125388
v 0.018772 0.742442 0.149072
v 0.027057 0.730506 0.150766
v 0.077901 0.781686 0.130523
v 0.054990 0.764483 0.141949
v 0.025532 0.726342 0.152052
v 0.016163 0.740865 0.150356
v 0.109125 0.873086 0.111230
v 0.113292 0.875223 0.110153
v 0.013353 0.767117 0.149503
v 0.080533 0.780571 0.127792
v 0.057542 0.763184 0.138930
v 0.024726 0.720788 0.150683
v 0.014273 0.737906 0.149004
v 0.116833 0.876735 0.106103
v 0.010748 0.765052 0.148612
v 0.121584 0.896409 0.103007
v 0.081802 0.888097 0.121581
v 0.101722 0.870191 0.115622
v 0.068480 0.869983 0.132063
v 0.113444 1.039767 0.057766
v 0.107831 0.944721 0.102649
v 0.074457 0.911425 0.121829
v 0.079225 0.891171 0.125705
v 0.066849 0.874914 0.133616
v 0.116754 1.039156 0.054454
v 0.111827 0.944143 0.098970
v 0.077860 0.909423 0.119363
v -0.078384 1.044229 0.104924
v -0.055899 1.008217 0.127699
v -0.084440 1.076578 0.082908
v -0.045705 1.070055 0.114610
v -0.083696 1.102204 0.077786
v -0.042726 1.102549 0.112840
v -0.082015 1.131886 0.082675
v -0.047252 1.163900 0.096617
v -0.013637 1.174167 0.100962
v -0.012384 0.987146 0.137223
v -0.012759 1.067968 0.126942
v -0.012704 1.103490 0.123106
v 0.001195 0.975475 0.152307
v -0.093562 1.092942 0.082453
v -0.044481 1.089804 0.127520
v -0.015555 1.088711 0.136920
v -0.076349 1.118187 0.077791
v -0.044736 1.135698 0.094224
v -0.013152 1.142427 0.101820
v -0.032686 0.995637 0.126591
v -0.063615 1.027680 0.109927
v -0.094053 1.031552 0.111880
v -0.070089 0.995684 0.135044
v -0.099420 1.063356 0.089148
v -0.020504 0.972647 0.145128
v 0.001153 0.959595 0.159785
v -0.042025 0.981761 0.136225
v -0.079524 1.014965 0.116973
v -0.109068 1.035424 0.088915
v -0.021804 0.943170 0.147676
v 0.000878 0.929602 0.160414
v -0.048391 0.953268 0.136004
v -0.104925 1.003912 0.111401
v -0.075886 0.968068 0.134570
v -0.088501 0.988156 0.118036
v 0.000867 1.144962 0.106418
v 0.065023 1.029628 0.111407
v 0.015368 1.068017 0.126980
v 0.047651 1.070390 0.114864
v 0.084692 1.103023 0.078416
v 0.094596 1.094061 0.083312
v 0.047358 1.089854 0.127557
v 0.044823 1.102637 0.112907
v 0.019073 1.088715 0.136923
v 0.015388 1.103501 0.123114
v 0.083120 1.132045 0.082797
v 0.077364 1.118559 0.078077
v 0.046110 1.135740 0.094255
v 0.048450 1.163901 0.096618
v 0.014740 1.142431 0.101823
v 0.014659 1.174167 0.100962
v 0.014374 0.987514 0.137499
v 0.001759 1.065271 0.140899
v 0.001488 1.111673 0.127328
v 0.085456 1.078266 0.084205
v 0.079743 1.046111 0.106357
v 0.034387 0.996819 0.127482
v 0.057789 1.009606 0.128744
v 0.100496 1.065753 0.090985
v 0.095568 1.033970 0.113716
v 0.081085 1.017512 0.118901
v 0.072137 0.997379 0.136315
v 0.043927 0.983156 0.137269
v 0.022584 0.973218 0.145554
v 0.110135 1.040605 0.092885
v 0.106284 1.009042 0.115292
v 0.077622 0.971666 0.137265
v 0.050024 0.956290 0.138266
v 0.023575 0.944278 0.148499
v 0.089938 0.993025 0.121716
v 0.002037 1.091918 0.143846
v 0.000477 1.177004 0.103678
v 0.000577 0.776119 -0.199319
v 0.043364 0.782470 -0.193780
v 0.196934 1.510685 -0.022545
v 0.140817 1.593466 -0.020938
v 0.135796 1.611549 -0.020125
v 0.099006 1.647338 -0.018915
v 0.196304 1.511084 -0.036263
v 0.140135 1.593862 -0.036969
v 0.135031 1.612254 -0.037773
v 0.098130 1.648094 -0.039558
v 0.199261 1.496392 0.026938
v 0.147941 1.542102 0.054207
v 0.143435 1.560013 0.064595
v 0.109146 1.583195 0.084217
v 0.200177 1.487227 0.038338
v 0.149907 1.528210 0.063611
v 0.145414 1.544435 0.076834
v 0.112357 1.567733 0.096646
v 0.089863 1.626737 -0.027502
v 0.099019 1.562007 0.077768
v 0.194473 1.500874 -0.085711
v 0.140699 1.549863 -0.107601
v 0.135362 1.567587 -0.119872
v 0.099449 1.594343 -0.135453
v 0.194432 1.493393 -0.095351
v 0.141910 1.537213 -0.116446
v 0.136396 1.553298 -0.130700
v 0.100739 1.579128 -0.147865
v 0.202432 1.443365 0.067593
v 0.160263 1.465203 0.096971
v 0.153923 1.480249 0.112313
v 0.121572 1.500889 0.134640
v 0.124721 1.478581 0.138290
v 0.157238 1.458562 0.115390
v 0.163148 1.446513 0.100102
v 0.201701 1.429164 0.067184
v 0.194198 1.452757 -0.125218
v 0.149559 1.475706 -0.151593
v 0.141819 1.492949 -0.165887
v 0.107196 1.517400 -0.184491
v 0.193660 1.440434 -0.126463
v 0.151653 1.460829 -0.155027
v 0.144585 1.472890 -0.169765
v 0.109762 1.497057 -0.189861
v 0.134744 1.395030 0.153767
v 0.175998 1.393627 0.115818
v 0.179616 1.391751 0.100153
v 0.202244 1.399399 0.066092
v 0.140818 1.385492 0.127409
v 0.172305 1.385077 0.102428
v 0.174808 1.384343 0.091491
v 0.199675 1.393104 0.057079
v 0.126478 1.398026 0.111296
v 0.191628 1.412162 -0.115952
v 0.158800 1.414020 -0.153883
v 0.152970 1.420123 -0.167350
v 0.119591 1.428723 -0.188227
v 0.192502 1.403653 -0.115514
v 0.161752 1.402860 -0.152051
v 0.156655 1.406028 -0.165047
v 0.123729 1.411363 -0.186094
v 0.220522 1.320203 0.048759
v 0.218833 1.311647 0.068355
v 0.203679 1.271168 0.084608
v 0.193403 1.284191 0.075796
v 0.210808 1.315127 0.065293
v 0.212719 1.322017 0.046186
v 0.217156 1.320564 0.041031
v 0.161191 1.320812 0.105193
v 0.185272 1.347513 0.088033
v 0.187826 1.350805 0.075914
v 0.193895 1.341615 0.069780
v 0.193141 1.334747 0.082043
v 0.169827 1.308530 0.097820
v 0.178341 1.361984 -0.138089
v 0.174307 1.360601 -0.151015
v 0.149644 1.337191 -0.168122
v 0.157594 1.322798 -0.162603
v 0.182127 1.347315 -0.145478
v 0.184064 1.352318 -0.132954
v 0.214423 1.325312 -0.105248
v 0.214167 1.325495 -0.111404
v 0.210295 1.320594 -0.133082
v 0.190030 1.279705 -0.144261
v 0.188418 1.292143 -0.141338
v 0.203961 1.322537 -0.131632
v 0.209059 1.326369 -0.109295
v -0.051157 1.301396 0.137371
v 0.052312 1.301396 0.137371
v -0.222245 0.515390 0.022664
v -0.230301 0.544439 0.010436
v -0.239271 0.629042 0.035766
v -0.222951 0.624053 0.067774
v -0.224705 0.554673 0.096837
v -0.210046 0.575173 0.105944
v -0.212333 0.506418 0.029007
v -0.216033 0.612096 0.066976
v -0.232552 0.615647 0.037870
v -0.224377 0.542663 0.016527
v -0.208535 0.594605 0.088931
v -0.226183 0.575411 0.062116
v -0.220597 0.519728 0.072178
v -0.223656 0.538381 0.085285
v -0.221439 0.545628 0.038281
v -0.220902 0.583267 0.071830
v -0.198755 0.641675 0.096063
v -0.209541 0.464291 0.093300
v -0.208382 0.522519 0.108855
v -0.200241 0.570730 0.104667
v -0.195379 0.629842 0.092281
v -0.192541 0.596900 0.096741
v -0.207790 0.494569 0.094895
v -0.207398 0.511644 0.101499
v -0.216093 0.530667 0.073564
v -0.214438 0.558397 0.050028
v -0.204095 0.509189 0.090788
v -0.218316 0.559581 0.095934
v -0.215686 0.587207 0.077981
v -0.202832 0.537078 0.105586
v -0.213508 0.493133 0.063876
v -0.220877 0.495715 0.045153
v -0.189784 0.583555 0.100751
v -0.194730 0.552278 0.106223
v -0.192118 0.589642 0.121725
v -0.199969 0.580589 0.125342
v -0.196997 0.569899 0.131552
v -0.192407 0.601185 0.140889
v -0.198453 0.596057 0.144513
v -0.196413 0.589606 0.150739
v -0.192964 0.616636 0.157177
v -0.196614 0.615571 0.159588
v -0.194908 0.613678 0.163798
v -0.243280 0.586503 0.014556
v -0.249811 0.593898 0.009760
v -0.222853 0.506441 0.002797
v -0.233560 0.545006 -0.015515
v -0.241387 0.658717 0.021601
v -0.225104 0.655018 0.056125
v -0.197215 0.672683 0.087714
v -0.251355 0.614597 -0.012639
v -0.227326 0.581600 0.058431
v -0.208997 0.602264 0.086834
v -0.192390 0.604272 0.096928
v -0.211390 0.460787 0.051051
v -0.170517 0.639538 0.108036
v -0.195028 0.464502 0.105864
v -0.194825 0.433979 0.090971
v -0.176847 0.458378 0.102879
v -0.171368 0.488021 0.105503
v -0.142835 0.506051 0.094675
v -0.143511 0.540450 0.120034
v -0.171171 0.515863 0.119594
v -0.170115 0.531293 0.114977
v -0.146825 0.547152 0.116299
v -0.111661 0.606038 0.099195
v -0.081437 0.604543 0.080912
v -0.091146 0.593557 0.078205
v -0.119866 0.596544 0.094122
v -0.068945 0.565776 0.061677
v -0.097129 0.522144 0.049209
v -0.105343 0.522714 0.051121
v -0.078311 0.560544 0.061883
v -0.117078 0.497044 0.053531
v -0.130468 0.492013 0.053097
v -0.114295 0.563060 0.090366
v -0.138315 0.590504 0.106726
v -0.134692 0.480383 0.070486
v -0.117935 0.528288 0.068017
v -0.141781 0.583428 0.107729
v -0.132270 0.573328 0.101498
v -0.154630 0.565576 0.121652
v -0.144324 0.518173 0.094214
v -0.126265 0.543790 0.075166
v -0.125926 0.567500 0.098631
v -0.118712 0.557610 0.092514
v -0.142480 0.524151 0.108598
v -0.141016 0.631973 0.112411
v -0.144866 0.621446 0.106552
v -0.156393 0.598250 0.107060
v -0.158106 0.591124 0.106437
v -0.162952 0.564293 0.115237
v -0.170839 0.505100 0.112089
v -0.168438 0.502838 0.101128
v -0.189122 0.501509 0.103598
v -0.192469 0.489367 0.109173
v -0.191569 0.517604 0.119609
v -0.191391 0.505809 0.113354
v -0.165924 0.579509 0.107483
v -0.176583 0.588714 0.103352
v -0.176543 0.588916 0.103317
v -0.172995 0.548483 0.112421
v -0.171560 0.575605 0.133394
v -0.173541 0.586418 0.126973
v -0.180053 0.566899 0.136369
v -0.185511 0.544937 0.112300
v -0.189907 0.564200 0.136578
v -0.178934 0.592600 0.150031
v -0.180473 0.599084 0.144259
v -0.185611 0.587683 0.153795
v -0.192140 0.586056 0.154779
v -0.183313 0.613204 0.163335
v -0.184651 0.615159 0.159519
v -0.187450 0.612348 0.165898
v -0.191960 0.612031 0.166971
v -0.189706 0.639006 0.172845
v -0.188716 0.530474 0.116155
v -0.081602 0.519216 0.029589
v -0.108832 0.486022 0.036846
v -0.066235 0.631767 0.073665
v -0.052806 0.584771 0.046536
v -0.096288 0.634289 0.093219
v -0.164505 0.673909 0.104967
v -0.129782 0.661135 0.107127
v -0.174870 0.602473 0.104329
v -0.181865 0.593065 0.123584
v -0.187897 0.617495 0.156092
v -0.185430 0.602967 0.140580
v -0.150906 0.481967 0.082206
v -0.154015 0.450365 0.068121
v -0.170700 0.628817 0.103209
v 0.200704 0.537076 0.102765
v 0.216189 0.559581 0.093099
v 0.222577 0.554673 0.094004
v 0.206254 0.522516 0.106041
v 0.230424 0.615658 0.034966
v 0.213905 0.612102 0.064101
v 0.220823 0.624059 0.064900
v 0.237144 0.629054 0.032859
v 0.222249 0.542677 0.013610
v 0.241152 0.586517 0.011634
v 0.247683 0.593913 0.006832
v 0.228174 0.544453 0.007513
v 0.210205 0.506428 0.026105
v 0.220116 0.515402 0.019754
v 0.206869 0.602267 0.083983
v 0.225198 0.581608 0.055551
v 0.219311 0.545638 0.035384
v 0.218749 0.495723 0.042268
v 0.207919 0.575172 0.103120
v 0.206407 0.594608 0.086083
v 0.213558 0.587211 0.075121
v 0.218468 0.519732 0.069319
v 0.213964 0.530671 0.070706
v 0.212310 0.558405 0.047141
v 0.221528 0.538383 0.082440
v 0.218774 0.583272 0.068965
v 0.224055 0.575418 0.059240
v 0.193251 0.629845 0.089433
v 0.196627 0.641677 0.093218
v 0.190263 0.604273 0.094089
v 0.198113 0.570728 0.101841
v 0.190414 0.596901 0.093902
v 0.201967 0.509190 0.087953
v 0.205270 0.511643 0.098677
v 0.205662 0.494568 0.092066
v 0.190341 0.489364 0.106363
v 0.186994 0.501507 0.100780
v 0.189263 0.505805 0.110548
v 0.189441 0.517599 0.116810
v 0.187656 0.583555 0.097919
v 0.174454 0.588713 0.100523
v 0.174415 0.588915 0.100487
v 0.192601 0.552276 0.103401
v 0.197842 0.580584 0.122542
v 0.189990 0.589637 0.118919
v 0.194869 0.569892 0.128762
v 0.183383 0.544934 0.109487
v 0.187779 0.564191 0.133796
v 0.196325 0.596048 0.141738
v 0.190279 0.601177 0.138108
v 0.194285 0.589596 0.147974
v 0.190012 0.586044 0.152020
v 0.194486 0.615560 0.156832
v 0.190836 0.616624 0.154416
v 0.192780 0.613665 0.161048
v 0.189832 0.612017 0.164226
v 0.186588 0.530469 0.113349
v 0.231432 0.545023 -0.018459
v 0.220724 0.506456 -0.000129
v 0.239259 0.658731 0.018679
v 0.249227 0.614615 -0.015586
v 0.222976 0.655027 0.053235
v 0.195087 0.672687 0.084855
v 0.168389 0.639537 0.105206
v 0.162377 0.673911 0.102128
v 0.172742 0.602472 0.101499
v 0.179737 0.593060 0.120780
v 0.183302 0.602959 0.137797
v 0.185769 0.617484 0.153329
v 0.168572 0.628817 0.100374
v 0.207413 0.464290 0.090473
v 0.192900 0.464499 0.103053
v 0.167986 0.531289 0.112170
v 0.169043 0.515858 0.116795
v 0.141384 0.540445 0.117232
v 0.144697 0.547148 0.113491
v 0.089018 0.593561 0.075346
v 0.079309 0.604547 0.078054
v 0.109533 0.606038 0.096358
v 0.117738 0.596545 0.091280
v 0.103215 0.522722 0.048239
v 0.095002 0.522152 0.046325
v 0.066817 0.565783 0.058802
v 0.076182 0.560551 0.059009
v 0.128340 0.492020 0.050220
v 0.114950 0.497051 0.050654
v 0.136187 0.590503 0.103901
v 0.112167 0.563061 0.087524
v 0.115807 0.528293 0.065153
v 0.132564 0.480387 0.067629
v 0.152502 0.565571 0.118849
v 0.130141 0.573327 0.098668
v 0.139653 0.583426 0.104906
v 0.124137 0.543793 0.072308
v 0.142196 0.518173 0.091381
v 0.140707 0.506050 0.091844
v 0.140352 0.524148 0.105783
v 0.116584 0.557611 0.089675
v 0.123798 0.567500 0.095798
v 0.142737 0.621445 0.103722
v 0.138888 0.631971 0.109588
v 0.154265 0.598249 0.104234
v 0.155977 0.591123 0.103611
v 0.160824 0.564290 0.112426
v 0.168711 0.505095 0.109281
v 0.166309 0.502837 0.098306
v 0.169240 0.488018 0.102689
v 0.163795 0.579508 0.104660
v 0.170868 0.548479 0.109608
v 0.169432 0.575598 0.130606
v 0.171414 0.586413 0.124175
v 0.177925 0.566891 0.133586
v 0.176807 0.592590 0.147264
v 0.178346 0.599074 0.141483
v 0.183483 0.587672 0.151034
v 0.181185 0.613191 0.160585
v 0.182523 0.615146 0.156763
v 0.185321 0.612335 0.163151
v 0.079474 0.519227 0.026686
v 0.106704 0.486031 0.033952
v 0.064108 0.631773 0.070796
v 0.050678 0.584780 0.043644
v 0.094160 0.634291 0.090371
v 0.127654 0.661136 0.104293
v 0.174719 0.458375 0.100065
v 0.187578 0.638991 0.170105
v 0.211380 0.493138 0.061011
v 0.209262 0.460794 0.048174
v 0.192697 0.433978 0.088144
v 0.148778 0.481969 0.079363
v 0.151887 0.450368 0.065265
v -0.210071 0.573407 -0.008526
v -0.217598 0.619475 0.007411
v -0.219679 0.627597 -0.046203
v -0.211614 0.580735 -0.054709
v -0.188171 0.624712 -0.106016
v -0.184708 0.581327 -0.099371
v -0.133991 0.621615 -0.119545
v -0.138552 0.576340 -0.107401
v -0.085999 0.609978 -0.103906
v -0.097493 0.568374 -0.090962
v -0.090311 0.558732 0.001249
v -0.071247 0.596257 0.018431
v -0.084733 0.561926 -0.044492
v -0.064586 0.600678 -0.035127
v -0.231002 0.532606 -0.003903
v -0.234181 0.540714 -0.061831
v -0.200006 0.534185 -0.112040
v -0.140159 0.528701 -0.121804
v -0.097710 0.520059 -0.096169
v -0.083873 0.516063 0.008225
v -0.077307 0.519818 -0.047018
v -0.180896 0.566773 0.011171
v -0.189996 0.612840 0.025555
v -0.202638 0.525972 0.015707
v -0.190644 0.626946 -0.009750
v -0.192086 0.632578 -0.043445
v -0.171585 0.628763 -0.082699
v -0.136606 0.621665 -0.093923
v -0.105325 0.619005 -0.081298
v -0.095644 0.611167 -0.002377
v -0.091231 0.613648 -0.036550
v -0.172207 0.623128 0.009891
v -0.200146 0.519848 -0.025685
v -0.201908 0.526108 -0.057721
v -0.181386 0.520051 -0.083245
v -0.147296 0.517511 -0.088598
v -0.123340 0.511833 -0.074429
v -0.115473 0.511639 -0.018583
v -0.111512 0.514215 -0.049423
v -0.183196 0.515819 -0.007142
v -0.154560 0.564148 0.033673
v -0.150517 0.609247 0.045814
v -0.145690 0.621355 0.016466
v -0.123579 0.559245 0.013072
v -0.106686 0.599608 0.035700
v -0.118588 0.614235 0.004210
v -0.174862 0.524199 0.035607
v -0.155142 0.516641 0.007538
v -0.118163 0.516712 0.025332
v -0.135291 0.511323 -0.001471
v 0.209408 0.573407 -0.008526
v 0.216935 0.619474 0.007411
v 0.219017 0.627597 -0.046203
v 0.210951 0.580735 -0.054709
v 0.187508 0.624712 -0.106016
v 0.184045 0.581327 -0.099371
v 0.133329 0.621616 -0.119545
v 0.137889 0.576340 -0.107401
v 0.085336 0.609978 -0.103906
v 0.096830 0.568374 -0.090962
v 0.106023 0.599608 0.035700
v 0.122917 0.559245 0.013072
v 0.089649 0.558732 0.001249
v 0.070584 0.596257 0.018431
v 0.084070 0.561926 -0.044492
v 0.063924 0.600678 -0.035127
v 0.233519 0.540714 -0.061830
v 0.230339 0.532606 -0.003903
v 0.199343 0.534185 -0.112040
v 0.139497 0.528701 -0.121804
v 0.097047 0.520059 -0.096169
v 0.117500 0.516712 0.025332
v 0.083211 0.516063 0.008225
v 0.076644 0.519818 -0.047018
v 0.180233 0.566773 0.011171
v 0.189333 0.612840 0.025555
v 0.201975 0.525972 0.015707
v 0.189981 0.626946 -0.009750
v 0.191423 0.632578 -0.043445
v 0.170922 0.628763 -0.082699
v 0.135944 0.621665 -0.093923
v 0.104662 0.619005 -0.081298
v 0.094981 0.611167 -0.002377
v 0.117926 0.614235 0.004210
v 0.090568 0.613648 -0.036550
v 0.171544 0.623128 0.009891
v 0.201245 0.526109 -0.057721
v 0.199483 0.519848 -0.025685
v 0.180723 0.520050 -0.083245
v 0.146634 0.517510 -0.088598
v 0.122678 0.511833 -0.074429
v 0.134629 0.511323 -0.001471
v 0.114811 0.511639 -0.018583
v 0.110849 0.514214 -0.049423
v 0.182533 0.515819 -0.007142
v 0.153897 0.564148 0.033673
v 0.149854 0.609247 0.045814
v 0.174200 0.524199 0.035607
v 0.145027 0.621355 0.016466
v 0.154479 0.516641 0.007538
v -0.348891 1.136778 -0.019525
v -0.340246 1.141031 0.016944
v -0.307505 1.252580 0.028463
v -0.312495 1.143211 0.031744
v -0.275588 1.203350 0.054914
v -0.325459 1.120923 -0.079722
v -0.337828 1.127674 -0.058538
v -0.308201 1.228424 -0.099834
v -0.276351 1.171369 -0.124506
v -0.301552 1.254863 0.025904
v -0.301609 1.232357 -0.101620
v -0.324807 1.196941 0.022849
v -0.341867 1.199516 -0.029395
v -0.324032 1.178954 -0.079090
v -0.323495 1.259405 -0.006916
v -0.322849 1.246307 -0.069567
v -0.338163 1.205547 -0.011787
v -0.336884 1.199731 -0.050374
v -0.335824 1.203379 -0.030495
v -0.316881 1.261552 -0.013724
v -0.315900 1.250673 -0.066795
v -0.332984 1.207527 -0.017794
v -0.331711 1.203202 -0.047054
v -0.365315 1.107095 -0.010602
v -0.354597 1.110175 0.025800
v -0.322380 1.221503 0.037046
v -0.326652 1.111829 0.040616
v -0.288715 1.171242 0.063243
v -0.339447 1.093355 -0.072084
v -0.357539 1.099205 -0.049119
v -0.330809 1.202096 -0.090370
v -0.298909 1.146323 -0.114372
v -0.316777 1.223883 0.034503
v -0.324610 1.206107 -0.092107
v -0.338708 1.165993 0.031117
v -0.358576 1.170425 -0.020919
v -0.344088 1.151551 -0.070198
v -0.340287 1.229666 0.001787
v -0.343367 1.218898 -0.060432
v -0.353989 1.175853 -0.003385
v -0.355052 1.171400 -0.041718
v -0.352854 1.174347 -0.021992
v -0.334330 1.232072 -0.004975
v -0.336546 1.223171 -0.057668
v -0.349374 1.178057 -0.009350
v -0.349899 1.174770 -0.038411
v -0.374057 1.066801 -0.003474
v -0.360420 1.069929 0.028696
v -0.335205 1.179333 0.047090
v -0.333313 1.074231 0.036658
v -0.299376 1.133097 0.060702
v -0.347751 1.058721 -0.065365
v -0.368665 1.062327 -0.046202
v -0.353667 1.166111 -0.079300
v -0.320129 1.116707 -0.102931
v -0.330036 1.181844 0.044562
v -0.347959 1.170251 -0.080971
v -0.353545 1.124213 0.038303
v -0.375421 1.130838 -0.010258
v -0.365370 1.114053 -0.059071
v -0.355703 1.189260 0.011947
v -0.363598 1.181515 -0.049768
v -0.369612 1.135495 0.007214
v -0.373837 1.132784 -0.030861
v -0.370095 1.134838 -0.011298
v -0.350570 1.192011 0.005236
v -0.356920 1.185680 -0.047010
v -0.364323 1.137943 0.000502
v -0.368683 1.136031 -0.027569
v -0.386068 1.019861 0.003528
v -0.357476 1.020860 0.056705
v -0.325985 1.020240 0.060154
v -0.361970 1.009961 -0.071483
v -0.381672 1.014298 -0.053210
v -0.330459 1.092213 -0.072300
v -0.291056 1.146716 -0.114155
v -0.320619 1.123132 -0.077303
v -0.268943 1.173711 -0.123944
v -0.311716 1.118658 -0.102555
v -0.324136 1.111770 0.034683
v -0.282144 1.172446 0.061836
v -0.328696 1.072569 0.032998
v -0.293011 1.134313 0.059304
v -0.322145 1.013083 0.061191
v -0.305984 1.141580 0.031272
v -0.268756 1.204501 0.053504
v -0.344383 1.055074 -0.061644
v -0.383826 1.017349 -0.008978
v -0.379136 1.037466 0.000601
v -0.377415 1.019719 0.018388
v -0.370903 1.010337 -0.060581
v -0.375558 1.031431 -0.049562
v -0.383327 1.014687 -0.037959
v -0.366093 1.020969 0.040698
v -0.358998 1.038612 0.043170
v -0.345138 1.018754 0.057435
v -0.384931 0.993563 0.007121
v -0.381369 0.986869 -0.052057
v -0.356590 0.993894 0.061186
v -0.358587 1.004714 -0.070410
v -0.380886 1.010635 -0.011003
v -0.373068 1.012991 0.020960
v -0.367777 1.005339 -0.058705
v -0.378913 1.007950 -0.035825
v -0.363843 1.013423 0.038442
v -0.342111 1.013542 0.058432
v -0.383431 0.987238 0.007739
v -0.380620 0.981088 -0.051987
v -0.355503 0.986584 0.061988
v 0.353676 1.136860 -0.019562
v 0.345032 1.141113 0.016907
v 0.329592 1.197023 0.022812
v 0.342948 1.205628 -0.011824
v 0.346652 1.199598 -0.029432
v 0.317280 1.143292 0.031707
v 0.280374 1.203432 0.054877
v 0.312290 1.252662 0.028426
v 0.330244 1.121005 -0.079759
v 0.342613 1.127755 -0.058575
v 0.328817 1.179035 -0.079127
v 0.312986 1.228505 -0.099871
v 0.281136 1.171450 -0.124542
v 0.341670 1.199812 -0.050411
v 0.273541 1.204584 0.053467
v 0.306338 1.254945 0.025867
v 0.306394 1.232439 -0.101657
v 0.273729 1.173793 -0.123981
v 0.327634 1.246389 -0.069604
v 0.320685 1.250755 -0.066832
v 0.328280 1.259486 -0.006953
v 0.321666 1.261634 -0.013761
v 0.340609 1.203460 -0.030532
v 0.336496 1.203283 -0.047090
v 0.337769 1.207609 -0.017831
v 0.370104 1.107178 -0.010639
v 0.359386 1.110258 0.025762
v 0.343497 1.166075 0.031080
v 0.358778 1.175936 -0.003422
v 0.363365 1.170508 -0.020957
v 0.331440 1.111911 0.040579
v 0.293504 1.171324 0.063206
v 0.327168 1.221585 0.037009
v 0.344235 1.093438 -0.072121
v 0.362328 1.099287 -0.049157
v 0.348877 1.151634 -0.070235
v 0.335597 1.202179 -0.090407
v 0.303698 1.146405 -0.114409
v 0.359841 1.171483 -0.041755
v 0.286933 1.172529 0.061799
v 0.321566 1.223966 0.034466
v 0.329399 1.206189 -0.092144
v 0.295845 1.146799 -0.114193
v 0.348155 1.218981 -0.060470
v 0.341335 1.223253 -0.057705
v 0.345076 1.229748 0.001750
v 0.339118 1.232155 -0.005012
v 0.357643 1.174429 -0.022029
v 0.354687 1.174852 -0.038448
v 0.354163 1.178138 -0.009387
v 0.378885 1.066817 -0.003382
v 0.365248 1.069944 0.028788
v 0.358372 1.124229 0.038395
v 0.374440 1.135512 0.007306
v 0.380249 1.130855 -0.010166
v 0.338141 1.074248 0.036750
v 0.304204 1.133113 0.060794
v 0.340033 1.179349 0.047182
v 0.352580 1.058738 -0.065273
v 0.373493 1.062344 -0.046111
v 0.370198 1.114069 -0.058980
v 0.358495 1.166128 -0.079209
v 0.324957 1.116723 -0.102840
v 0.378665 1.132799 -0.030770
v 0.297839 1.134330 0.059396
v 0.334864 1.181860 0.044654
v 0.352787 1.170267 -0.080879
v 0.316543 1.118674 -0.102464
v 0.368426 1.181532 -0.049676
v 0.361748 1.185696 -0.046919
v 0.360531 1.189276 0.012038
v 0.355399 1.192027 0.005328
v 0.374923 1.134855 -0.011206
v 0.373511 1.136047 -0.027477
v 0.369151 1.137958 0.000594
v 0.383964 1.037482 0.000692
v 0.382243 1.019735 0.018480
v 0.370921 1.020986 0.040789
v 0.363826 1.038628 0.043261
v 0.349966 1.018770 0.057527
v 0.330812 1.020257 0.060245
v 0.366798 1.009978 -0.071391
v 0.377695 1.010354 -0.060489
v 0.380386 1.031447 -0.049471
v 0.386735 1.014703 -0.037867
v 0.388654 1.017366 -0.008886
v 0.335248 1.092296 -0.072337
v 0.325405 1.123214 -0.077340
v 0.349211 1.055091 -0.061552
v 0.328925 1.111852 0.034646
v 0.333525 1.072585 0.033089
v 0.326973 1.013099 0.061283
v 0.310769 1.141662 0.031235
v 0.363415 1.004730 -0.070318
v 0.390896 1.019877 0.003620
v 0.386499 1.014314 -0.053118
v 0.362304 1.020877 0.056797
v 0.389759 0.993579 0.007213
v 0.385310 0.986886 -0.051965
v 0.361418 0.993910 0.061278
v 0.375420 1.005355 -0.058614
v 0.377896 1.013007 0.021052
v 0.368671 1.013440 0.038534
v 0.383523 1.007966 -0.035733
v 0.385714 1.010652 -0.010911
v 0.346939 1.013559 0.058523
v 0.388258 0.987255 0.007831
v 0.384765 0.981105 -0.051895
v 0.360331 0.986601 0.062080
v -0.220712 0.518420 -0.074921
v -0.228228 0.512632 -0.038347
v -0.204474 0.544245 -0.035460
v -0.196589 0.544775 -0.063289
v -0.222594 0.498821 -0.013842
v -0.203077 0.540247 -0.010070
v -0.117243 0.463001 0.016503
v -0.107174 0.522064 -0.000629
v -0.128179 0.525045 0.013795
v -0.082638 0.483717 -0.075356
v -0.107720 0.528193 -0.053960
v -0.105978 0.491748 -0.125054
v -0.124664 0.533704 -0.085506
v -0.206781 0.515632 -0.104582
v -0.182679 0.543432 -0.077238
v -0.185345 0.511180 -0.126265
v -0.171239 0.542316 -0.087245
v -0.146525 0.538214 -0.092800
v -0.142872 0.500231 -0.139753
v -0.241006 0.433258 -0.093029
v -0.245296 0.431414 -0.062274
v -0.231048 0.416753 -0.026678
v -0.130836 0.394035 0.005213
v -0.089669 0.411926 -0.092896
v -0.111444 0.418171 -0.140214
v -0.223136 0.432013 -0.129159
v -0.201301 0.435656 -0.151156
v -0.154483 0.429793 -0.155597
v -0.230794 0.285756 -0.064342
v -0.225279 0.400658 -0.097794
v -0.221138 0.288469 -0.086300
v -0.227476 0.284221 -0.041868
v -0.105525 0.389072 -0.094808
v -0.121633 0.396581 -0.132531
v -0.213227 0.401261 -0.118828
v -0.183620 0.405354 -0.140534
v -0.154724 0.406793 -0.143397
v -0.149066 0.265346 -0.009797
v -0.131222 0.278687 -0.077771
v -0.140458 0.288587 -0.101600
v -0.164214 0.295487 -0.115167
v -0.188357 0.296577 -0.116533
v -0.207561 0.289907 -0.102222
v -0.241003 0.188462 -0.058328
v -0.231873 0.182246 -0.100683
v -0.127443 0.170397 -0.061915
v -0.139229 0.172545 -0.118303
v -0.160815 0.172529 -0.136906
v -0.183990 0.173469 -0.135764
v -0.214053 0.174804 -0.128929
v -0.084299 0.470737 -0.015049
v -0.093276 0.400828 -0.020201
v -0.126940 0.264866 -0.027731
v -0.214237 0.492382 -0.011654
v -0.195328 0.538320 -0.005366
v -0.105884 0.459231 0.017778
v -0.118197 0.523370 0.013702
v -0.216202 0.409495 -0.023149
v -0.118367 0.396156 0.007863
v -0.217329 0.279108 -0.038158
v -0.136209 0.264749 -0.010057
v -0.219353 0.495492 -0.007740
v -0.200431 0.539265 -0.004434
v -0.111483 0.459452 0.022378
v -0.123021 0.523849 0.017872
v -0.227150 0.413612 -0.019863
v -0.122010 0.393337 0.000030
v -0.223355 0.284140 -0.034953
v -0.141702 0.264026 -0.004723
v -0.231332 0.194379 -0.058677
v -0.221574 0.196099 -0.093644
v -0.135635 0.187086 -0.060876
v -0.147248 0.192479 -0.104805
v -0.166151 0.196243 -0.119068
v -0.186063 0.196931 -0.118653
v -0.205913 0.196296 -0.111880
v -0.139882 0.180632 -0.018615
v -0.223514 0.190751 -0.028764
v -0.162181 0.182318 -0.002051
v -0.224889 0.193943 -0.025021
v -0.155472 0.181701 0.004171
v -0.243341 0.181209 -0.059419
v -0.233449 0.176037 -0.104977
v -0.124620 0.163608 -0.063656
v -0.136969 0.167013 -0.122113
v -0.159582 0.167105 -0.141035
v -0.183509 0.167917 -0.139867
v -0.214528 0.169008 -0.133333
v -0.134705 0.172284 -0.018806
v -0.148171 0.186633 -0.001064
v -0.245371 0.186374 -0.057740
v -0.235279 0.181214 -0.103659
v -0.122325 0.169133 -0.062088
v -0.136183 0.171677 -0.120781
v -0.159264 0.171603 -0.141641
v -0.183982 0.172594 -0.140215
v -0.215607 0.173727 -0.132396
v -0.134578 0.178848 -0.016023
v -0.227902 0.199893 -0.033352
v -0.197084 0.548020 -0.037340
v -0.190395 0.548184 -0.059489
v -0.114081 0.527063 -0.006736
v -0.114518 0.532376 -0.051911
v -0.128972 0.537272 -0.079415
v -0.178531 0.546720 -0.071303
v -0.168767 0.545491 -0.081946
v -0.147651 0.541495 -0.086268
v -0.123497 0.528515 0.005234
v -0.195864 0.544449 -0.015364
v -0.193027 0.483306 0.005644
v -0.180330 0.527349 0.006672
v -0.197325 0.400656 -0.003935
v -0.198444 0.270380 -0.018476
v -0.204336 0.187629 -0.009226
v -0.151162 0.471243 0.020842
v -0.144795 0.521857 0.017245
v -0.160422 0.395640 0.011321
v -0.168301 0.263980 -0.004909
v -0.172073 0.182744 0.001065
v 0.220049 0.518420 -0.074921
v 0.227565 0.512632 -0.038347
v 0.203812 0.544245 -0.035460
v 0.195927 0.544775 -0.063289
v 0.221931 0.498822 -0.013842
v 0.202414 0.540247 -0.010070
v 0.105222 0.459230 0.017778
v 0.083637 0.470737 -0.015049
v 0.106511 0.522064 -0.000629
v 0.117534 0.523370 0.013702
v 0.081976 0.483717 -0.075356
v 0.107058 0.528193 -0.053960
v 0.105316 0.491748 -0.125054
v 0.124001 0.533704 -0.085506
v 0.206119 0.515632 -0.104582
v 0.182016 0.543432 -0.077238
v 0.184682 0.511180 -0.126264
v 0.170576 0.542317 -0.087245
v 0.145863 0.538213 -0.092800
v 0.142210 0.500231 -0.139753
v 0.239077 0.431749 -0.093443
v 0.243367 0.429904 -0.062688
v 0.225298 0.415244 -0.025228
v 0.117704 0.396156 0.007863
v 0.092613 0.400828 -0.020201
v 0.089006 0.411926 -0.092895
v 0.110781 0.418171 -0.140214
v 0.221207 0.430504 -0.129572
v 0.199372 0.434147 -0.151569
v 0.153821 0.429793 -0.155597
v 0.230132 0.285756 -0.064342
v 0.224616 0.400658 -0.097794
v 0.220476 0.288469 -0.086300
v 0.126277 0.264866 -0.027731
v 0.130560 0.278687 -0.077771
v 0.104862 0.389072 -0.094808
v 0.120971 0.396580 -0.132531
v 0.212564 0.401261 -0.118828
v 0.182958 0.405354 -0.140534
v 0.154061 0.406793 -0.143397
v 0.139795 0.288587 -0.101599
v 0.163552 0.295487 -0.115168
v 0.187695 0.296577 -0.116533
v 0.206898 0.289907 -0.102221
v 0.240341 0.188462 -0.058328
v 0.230669 0.194379 -0.058677
v 0.220911 0.196099 -0.093644
v 0.231210 0.182246 -0.100683
v 0.226813 0.284221 -0.041868
v 0.227239 0.199893 -0.033352
v 0.126781 0.170397 -0.061915
v 0.134973 0.187086 -0.060876
v 0.139220 0.180632 -0.018615
v 0.146585 0.192479 -0.104806
v 0.160152 0.172529 -0.136906
v 0.165488 0.196243 -0.119069
v 0.138566 0.172545 -0.118303
v 0.183328 0.173469 -0.135764
v 0.185401 0.196931 -0.118653
v 0.205250 0.196296 -0.111880
v 0.135546 0.264748 -0.010057
v 0.147509 0.186633 -0.001064
v 0.218690 0.495492 -0.007740
v 0.199768 0.539265 -0.004434
v 0.122358 0.523850 0.017872
v 0.110820 0.459452 0.022378
v 0.121347 0.393337 0.000030
v 0.222693 0.284140 -0.034953
v 0.221401 0.412103 -0.018413
v 0.141040 0.264026 -0.004723
v 0.154809 0.181701 0.004171
v 0.213575 0.492382 -0.011654
v 0.194666 0.538319 -0.005366
v 0.127517 0.525046 0.013795
v 0.116581 0.463001 0.016503
v 0.130173 0.394035 0.005213
v 0.216666 0.279108 -0.038158
v 0.215539 0.409495 -0.023149
v 0.148403 0.265346 -0.009797
v 0.161518 0.182318 -0.002051
v 0.213391 0.174804 -0.128929
v 0.224226 0.193943 -0.025021
v 0.222851 0.190751 -0.028764
v 0.244708 0.186374 -0.057740
v 0.242678 0.181209 -0.059419
v 0.133915 0.178848 -0.016023
v 0.234616 0.181214 -0.103659
v 0.121663 0.169133 -0.062088
v 0.135521 0.171677 -0.120781
v 0.158601 0.171603 -0.141642
v 0.183319 0.172594 -0.140215
v 0.214944 0.173727 -0.132396
v 0.134042 0.172284 -0.018806
v 0.232787 0.176037 -0.104977
v 0.123957 0.163608 -0.063656
v 0.136306 0.167013 -0.122113
v 0.158919 0.167105 -0.141035
v 0.182847 0.167917 -0.139867
v 0.213865 0.169008 -0.133333
v 0.196422 0.548020 -0.037340
v 0.189732 0.548184 -0.059489
v 0.195202 0.544449 -0.015363
v 0.113856 0.532376 -0.051911
v 0.113419 0.527063 -0.006736
v 0.128310 0.537272 -0.079415
v 0.177869 0.546720 -0.071303
v 0.168104 0.545491 -0.081946
v 0.146988 0.541495 -0.086268
v 0.122835 0.528515 0.005234
v 0.192365 0.483306 0.005643
v 0.179667 0.527349 0.006672
v 0.197781 0.270380 -0.018476
v 0.196662 0.400656 -0.003935
v 0.203673 0.187629 -0.009226
v 0.150500 0.471244 0.020842
v 0.144133 0.521857 0.017245
v 0.167639 0.263980 -0.004909
v 0.159760 0.395640 0.011321
v 0.171411 0.182744 0.001065
v -0.228261 0.179127 0.002543
v -0.175458 0.168186 0.019887
v -0.208828 0.162336 0.028174
v -0.214653 0.215909 -0.006321
v -0.172985 0.206312 0.008897
v -0.148489 0.207949 0.001156
v -0.248271 0.185589 -0.026394
v -0.229898 0.231132 -0.032697
v -0.144444 0.168336 0.014770
v -0.197765 0.202323 0.014143
v -0.216402 0.261510 -0.004904
v -0.160901 0.251155 0.001042
v -0.137284 0.259445 -0.000081
v -0.231258 0.275283 -0.031722
v -0.193834 0.248548 0.011540
v -0.210962 0.303872 0.023776
v -0.172148 0.297687 0.035663
v -0.153432 0.288043 0.018500
v -0.221759 0.299058 -0.000372
v -0.193853 0.307581 0.043444
v -0.209008 0.281925 -0.017994
v -0.169541 0.276720 -0.001710
v -0.191058 0.277178 0.002888
v -0.203106 0.319148 -0.010608
v -0.163725 0.314207 0.003344
v -0.133788 0.309869 0.002808
v -0.230000 0.289512 -0.032298
v -0.230689 0.326601 -0.026920
v -0.140546 0.273366 -0.000209
v -0.187012 0.314523 0.009732
v -0.201053 0.382071 0.011152
v -0.157959 0.374460 0.024159
v -0.116887 0.377562 0.021484
v -0.236337 0.398603 -0.013555
v -0.182837 0.370902 0.029628
v -0.197300 0.440460 0.056113
v -0.156090 0.433139 0.067339
v -0.129424 0.411613 0.048268
v -0.223881 0.427876 0.028271
v -0.178814 0.439327 0.076651
v -0.235735 0.295899 -0.073053
v -0.236411 0.333179 -0.074952
v -0.213249 0.296520 -0.113172
v -0.211444 0.335965 -0.124236
v -0.165750 0.297939 -0.125942
v -0.165201 0.335380 -0.135415
v -0.114596 0.313546 -0.016209
v -0.121857 0.278055 -0.021325
v -0.110718 0.320413 -0.058554
v -0.118593 0.283750 -0.056154
v -0.125832 0.328476 -0.111680
v -0.131950 0.290437 -0.100876
v -0.230897 0.477607 -0.008102
v -0.193735 0.458933 0.019665
v -0.179897 0.530925 0.047263
v -0.110308 0.454056 0.025018
v -0.118785 0.511089 0.025523
v -0.137197 0.449647 0.037208
v -0.137570 0.525170 0.056581
v -0.195515 0.393409 0.000276
v -0.154746 0.386481 0.013861
v -0.202449 0.273903 -0.022664
v -0.167754 0.267879 -0.009110
v -0.167213 0.453540 0.036552
v -0.158786 0.532021 0.057001
v -0.175770 0.385616 0.015725
v -0.189637 0.268864 -0.000469
v -0.121254 0.395551 0.021070
v -0.149066 0.266197 -0.022050
v -0.236934 0.413678 -0.017880
v -0.217329 0.279943 -0.050573
v -0.075625 0.457890 -0.019000
v -0.087469 0.403092 -0.023685
v -0.246473 0.431205 -0.100983
v -0.236880 0.485559 -0.092897
v -0.085491 0.411100 -0.093345
v -0.075823 0.466985 -0.081563
v -0.109032 0.420420 -0.144743
v -0.100334 0.475104 -0.137872
v -0.209000 0.433916 -0.156073
v -0.205007 0.484375 -0.145401
v -0.151839 0.479478 -0.153149
v -0.154029 0.428174 -0.160354
v -0.243980 0.484042 -0.055895
v -0.253177 0.424152 -0.064034
v -0.203535 0.485104 -0.008853
v -0.120249 0.464879 0.006468
v -0.091520 0.468959 -0.029899
v -0.218320 0.492715 -0.082981
v -0.093339 0.477421 -0.074132
v -0.112236 0.484594 -0.117415
v -0.188757 0.490305 -0.122332
v -0.151837 0.487839 -0.129521
v -0.223988 0.491512 -0.058511
v -0.138012 0.401277 -0.005625
v -0.220552 0.409546 -0.036024
v -0.108304 0.398021 -0.038642
v -0.229483 0.417590 -0.094658
v -0.104328 0.404713 -0.092674
v -0.122147 0.412754 -0.132223
v -0.199123 0.422765 -0.140660
v -0.156948 0.417564 -0.145031
v -0.236485 0.413929 -0.073763
v -0.214876 0.162237 -0.000753
v -0.175652 0.159385 0.014108
v -0.196795 0.160408 0.010209
v -0.160636 0.159760 0.005575
v -0.224298 0.168609 -0.021937
v -0.207986 0.312715 0.018048
v -0.169782 0.304593 0.031125
v -0.150820 0.293048 0.015245
v -0.219269 0.305222 -0.005085
v -0.191450 0.315452 0.038049
v -0.195530 0.450955 0.047226
v -0.155576 0.442538 0.056993
v -0.126962 0.417871 0.044894
v -0.224049 0.436479 0.022677
v -0.176516 0.452123 0.065070
v -0.197975 0.528725 0.009794
v -0.177963 0.542401 0.041149
v -0.137198 0.536664 0.051272
v -0.157452 0.547223 0.049323
v 0.228247 0.227136 -0.034481
v 0.246326 0.185524 -0.030473
v 0.227280 0.176574 -0.000890
v 0.212198 0.212520 -0.008086
v 0.205240 0.158905 0.024108
v 0.197024 0.202300 0.012022
v 0.143799 0.166245 0.018040
v 0.145230 0.209300 0.003028
v 0.170193 0.204386 0.009189
v 0.174814 0.166094 0.023150
v 0.215739 0.261510 -0.004904
v 0.230596 0.275283 -0.031722
v 0.193171 0.248548 0.011540
v 0.136622 0.259445 -0.000081
v 0.160238 0.251155 0.001042
v 0.210300 0.303872 0.023776
v 0.221096 0.299058 -0.000372
v 0.193190 0.307582 0.043444
v 0.152770 0.288043 0.018500
v 0.171485 0.297687 0.035663
v 0.230026 0.326601 -0.026920
v 0.229338 0.289512 -0.032298
v 0.208346 0.281925 -0.017994
v 0.202444 0.319149 -0.010608
v 0.190396 0.277178 0.002888
v 0.186349 0.314523 0.009732
v 0.139884 0.273366 -0.000209
v 0.133126 0.309869 0.002808
v 0.163062 0.314207 0.003344
v 0.168878 0.276720 -0.001709
v 0.200390 0.382071 0.011153
v 0.241707 0.391753 -0.015017
v 0.182174 0.370902 0.029628
v 0.114421 0.375043 0.021760
v 0.157296 0.374460 0.024159
v 0.196637 0.440460 0.056113
v 0.226173 0.429368 0.028127
v 0.178152 0.439326 0.076651
v 0.124126 0.411613 0.048268
v 0.155428 0.433139 0.067339
v 0.235748 0.333179 -0.074952
v 0.235072 0.295899 -0.073053
v 0.210782 0.335965 -0.124236
v 0.212587 0.296520 -0.113172
v 0.164539 0.335380 -0.135415
v 0.165087 0.297939 -0.125942
v 0.125170 0.328476 -0.111680
v 0.131288 0.290437 -0.100876
v 0.121195 0.278055 -0.021324
v 0.113933 0.313546 -0.016209
v 0.117931 0.283750 -0.056154
v 0.110055 0.320413 -0.058554
v 0.221079 0.473429 -0.006402
v 0.193072 0.458933 0.019665
v 0.179235 0.530925 0.047263
v 0.197312 0.528725 0.009794
v 0.166550 0.453539 0.036552
v 0.158124 0.532021 0.057001
v 0.136534 0.449647 0.037208
v 0.109645 0.454056 0.025018
v 0.118123 0.511089 0.025522
v 0.136907 0.525170 0.056581
v 0.194852 0.393409 0.000276
v 0.227762 0.413436 -0.016029
v 0.175107 0.385616 0.015725
v 0.154084 0.386481 0.013861
v 0.120591 0.395551 0.021070
v 0.216666 0.279943 -0.050572
v 0.201787 0.273903 -0.022664
v 0.188975 0.268864 -0.000469
v 0.148403 0.266197 -0.022050
v 0.167091 0.267879 -0.009110
v 0.086807 0.403092 -0.023685
v 0.076859 0.456556 -0.016594
v 0.244544 0.429696 -0.101397
v 0.250413 0.423408 -0.059706
v 0.242278 0.481366 -0.053601
v 0.234951 0.484050 -0.093310
v 0.084828 0.411100 -0.093345
v 0.075160 0.466985 -0.081562
v 0.108370 0.420420 -0.144744
v 0.099672 0.475105 -0.137872
v 0.203078 0.482866 -0.145814
v 0.207071 0.432407 -0.156486
v 0.151177 0.479478 -0.153149
v 0.153367 0.428174 -0.160354
v 0.092754 0.467626 -0.027532
v 0.119586 0.464879 0.006467
v 0.225228 0.487817 -0.052772
v 0.216390 0.491206 -0.083394
v 0.092676 0.477421 -0.074133
v 0.111574 0.484594 -0.117415
v 0.191914 0.490305 -0.124195
v 0.151174 0.487839 -0.129521
v 0.202872 0.485104 -0.008853
v 0.137350 0.401277 -0.005624
v 0.107641 0.398021 -0.038642
v 0.223734 0.416081 -0.093208
v 0.236669 0.420615 -0.068417
v 0.103666 0.404713 -0.092674
v 0.121485 0.412754 -0.132223
v 0.156285 0.417564 -0.145031
v 0.193374 0.421256 -0.139210
v 0.214803 0.408037 -0.034574
v 0.223635 0.168609 -0.021937
v 0.214214 0.162237 -0.000753
v 0.196132 0.160408 0.010209
v 0.174990 0.159385 0.014108
v 0.159974 0.159760 0.005575
v 0.150158 0.293048 0.015245
v 0.218606 0.305222 -0.005085
v 0.207323 0.312715 0.018048
v 0.190788 0.315452 0.038049
v 0.169119 0.304593 0.031125
v 0.121665 0.417871 0.044894
v 0.226341 0.437971 0.022541
v 0.194867 0.450955 0.047226
v 0.175854 0.452123 0.065070
v 0.154914 0.442538 0.056993
v 0.177301 0.542401 0.041149
v 0.136536 0.536664 0.051272
v 0.156789 0.547223 0.049323
v -0.235338 0.155700 -0.093320
v -0.235528 0.159109 -0.046413
v -0.240277 0.139388 -0.026528
v -0.226407 0.141002 -0.010103
v -0.151518 0.144778 -0.005385
v -0.161591 0.157112 -0.115263
v -0.186929 0.160260 -0.115145
v -0.212346 0.144322 0.004805
v -0.181241 0.145310 0.011867
v -0.248020 0.098164 -0.003384
v -0.237262 0.119566 0.018450
v -0.220822 0.115919 0.026198
v -0.260056 0.066874 0.031258
v -0.251359 0.078684 0.053266
v -0.227822 0.091888 0.053323
v -0.183369 0.118533 0.037753
v -0.187501 0.093939 0.060175
v -0.145515 0.045820 0.072547
v -0.182952 0.103942 0.105251
v -0.285844 0.030722 0.068733
v -0.258817 0.104247 0.072253
v -0.245074 0.104083 0.090311
v -0.235585 0.120863 -0.095491
v -0.244343 0.116754 -0.055606
v -0.245622 0.048901 -0.030584
v -0.249416 0.047517 -0.002373
v -0.258160 0.038849 0.026735
v -0.286305 0.000000 0.065409
v -0.230727 0.059204 -0.093503
v -0.241056 0.053433 -0.059234
v -0.285221 0.030625 0.103137
v -0.286022 0.011986 0.102050
v -0.238488 0.019800 -0.026823
v -0.241798 0.021808 -0.000928
v -0.250245 0.022166 0.033535
v -0.220880 0.015213 -0.089815
v -0.229572 0.013510 -0.055307
v -0.142192 0.150990 -0.031634
v -0.133614 0.113139 -0.066559
v -0.121960 0.053571 -0.065205
v -0.157115 0.104295 0.013827
v -0.136523 0.113433 -0.026723
v -0.158703 0.060383 0.056924
v -0.130989 0.060310 -0.023614
v -0.151722 0.109672 -0.119981
v -0.192143 0.107254 -0.120805
v -0.145870 0.047980 -0.124954
v -0.193529 0.045082 -0.129101
v -0.120549 0.020170 -0.060425
v -0.126475 0.022859 -0.022707
v -0.143410 0.026849 -0.116787
v -0.190731 0.026747 -0.121007
v -0.177043 0.040963 0.151089
v -0.202008 0.051004 0.168198
v -0.154895 0.012722 0.062410
v -0.146953 0.006737 0.077228
v -0.174362 0.020874 0.156706
v -0.152698 0.109796 0.003914
v -0.146023 0.055961 0.019144
v -0.145732 0.026184 0.027051
v -0.255443 0.046196 0.156558
v -0.259611 0.022205 0.159103
v -0.199986 0.023050 0.171781
v -0.271070 0.014997 0.128290
v -0.240360 0.104336 -0.026224
v -0.254556 0.089070 -0.002465
v -0.270886 0.033113 0.126704
v -0.138475 0.059154 -0.002578
v -0.136941 0.020889 0.003398
v -0.216684 0.192807 -0.084345
v -0.223306 0.189687 -0.048472
v -0.220376 0.185305 -0.034137
v -0.163587 0.184336 -0.010126
v -0.166759 0.194753 -0.105443
v -0.192960 0.197429 -0.099515
v -0.136741 0.191418 -0.076045
v -0.208769 0.180272 -0.014616
v -0.142073 0.182271 -0.034572
v -0.139341 0.152085 -0.070174
v -0.212906 0.092060 0.080009
v -0.216792 0.129876 0.100136
v -0.226672 0.050222 0.170275
v -0.229221 0.017811 0.187231
v -0.165307 0.100716 0.087694
v -0.167057 0.078659 0.074324
v -0.259649 0.076225 0.058493
v -0.243532 0.089283 0.080220
v -0.213538 0.096541 0.085929
v -0.189509 0.084802 0.091908
v -0.166759 0.080399 0.086011
v -0.269657 0.081948 0.051185
v -0.192072 0.093368 0.115778
v -0.244098 0.093941 0.103546
v -0.266677 0.054775 0.043226
v -0.255510 0.074173 0.083787
v -0.148240 0.045258 0.085416
v -0.216579 0.101067 0.118307
v -0.171926 0.076496 0.104129
v -0.271751 0.064658 0.059780
v -0.148931 0.006712 0.094098
v -0.268431 0.024533 0.043535
v -0.262590 0.008125 0.045678
v -0.245206 0.160075 -0.046869
v -0.243558 0.153637 -0.097847
v -0.189699 0.161851 -0.126822
v -0.155710 0.161141 -0.125330
v -0.130837 0.157018 -0.071967
v -0.133230 0.154668 -0.030104
v -0.147094 0.112365 0.002465
v -0.136497 0.056694 0.019329
v -0.129446 0.057817 0.000793
v -0.121752 0.058950 -0.020838
v -0.116575 0.054751 -0.065616
v -0.140415 0.051181 -0.132353
v -0.198511 0.048469 -0.134342
v -0.240126 0.060711 -0.095529
v -0.250572 0.054331 -0.061055
v -0.255188 0.050020 -0.031796
v -0.245943 0.105639 -0.029807
v -0.249736 0.139570 -0.028793
v -0.234778 0.145921 0.002209
v -0.239935 0.135519 -0.016099
v -0.246069 0.103890 0.003011
v -0.254833 0.086377 0.027229
v -0.247716 0.093676 0.048297
v -0.225032 0.102372 0.043068
v -0.208959 0.116761 0.066405
v -0.185196 0.104856 0.051865
v -0.165196 0.100540 0.063270
v -0.155922 0.087040 0.049281
v -0.153986 0.108353 0.028784
v -0.154867 0.135401 0.008537
v -0.181242 0.143564 0.020502
v -0.215948 0.141213 0.010987
v -0.202339 0.135174 0.041276
v -0.166567 0.122180 0.034816
v -0.199848 0.157176 0.023137
v -0.197188 0.146564 0.008624
v -0.192993 0.176556 -0.005024
v -0.164771 0.148454 0.017233
v -0.167223 0.148430 0.007077
v -0.176120 0.178840 -0.004059
v -0.151662 0.025717 0.050595
v -0.214962 0.230799 -0.036391
v -0.165224 0.222798 -0.013142
v -0.202737 0.220400 -0.018184
v -0.190655 0.216895 -0.008777
v -0.177495 0.216565 -0.008607
v 0.233893 0.155700 -0.093320
v 0.234083 0.159109 -0.046413
v 0.221861 0.189687 -0.048472
v 0.215238 0.192807 -0.084345
v 0.238832 0.139388 -0.026528
v 0.218931 0.185305 -0.034137
v 0.224962 0.141002 -0.010103
v 0.207324 0.180272 -0.014616
v 0.210900 0.144321 0.004805
v 0.150073 0.144777 -0.005385
v 0.140628 0.182271 -0.034573
v 0.162142 0.184336 -0.010126
v 0.193677 0.197406 -0.102932
v 0.185484 0.160259 -0.115145
v 0.160146 0.157111 -0.115264
v 0.165314 0.194753 -0.105443
v 0.137896 0.152085 -0.070174
v 0.135296 0.191418 -0.076045
v 0.195743 0.146564 0.008624
v 0.191548 0.176556 -0.005024
v 0.179796 0.145310 0.011867
v 0.165779 0.148430 0.007077
v 0.174675 0.178840 -0.004059
v 0.219376 0.115919 0.026198
v 0.200894 0.135174 0.041276
v 0.198403 0.157175 0.023137
v 0.214503 0.141213 0.010987
v 0.207514 0.116761 0.066405
v 0.223587 0.102371 0.043068
v 0.212092 0.096541 0.085929
v 0.211461 0.092060 0.080009
v 0.226377 0.091888 0.053323
v 0.242087 0.089283 0.080220
v 0.253998 0.046196 0.156558
v 0.225227 0.050222 0.170275
v 0.215133 0.101067 0.118307
v 0.242652 0.093941 0.103546
v 0.244623 0.103889 0.003011
v 0.235817 0.119566 0.018450
v 0.233332 0.145921 0.002209
v 0.238490 0.135519 -0.016099
v 0.246271 0.093675 0.048297
v 0.253387 0.086377 0.027229
v 0.181923 0.118532 0.037753
v 0.165122 0.122180 0.034816
v 0.163326 0.148454 0.017233
v 0.179797 0.143563 0.020502
v 0.163751 0.100540 0.063270
v 0.183751 0.104856 0.051865
v 0.165314 0.080399 0.086012
v 0.165612 0.078659 0.074324
v 0.186056 0.093939 0.060175
v 0.188064 0.084802 0.091908
v 0.268212 0.081948 0.051185
v 0.258204 0.076225 0.058493
v 0.258611 0.066874 0.031258
v 0.249914 0.078684 0.053266
v 0.234140 0.120862 -0.095491
v 0.242898 0.116754 -0.055606
v 0.243761 0.160075 -0.046869
v 0.242112 0.153637 -0.097847
v 0.188254 0.161851 -0.126822
v 0.190698 0.107254 -0.120805
v 0.238915 0.104336 -0.026225
v 0.253111 0.089070 -0.002465
v 0.246575 0.098164 -0.003385
v 0.266986 0.024533 0.043534
v 0.284860 0.000000 0.065409
v 0.284399 0.030722 0.068733
v 0.265232 0.054774 0.043226
v 0.248291 0.139570 -0.028793
v 0.244498 0.105639 -0.029808
v 0.238681 0.060711 -0.095529
v 0.249127 0.054331 -0.061055
v 0.197066 0.048469 -0.134342
v 0.269441 0.033113 0.126704
v 0.254065 0.074173 0.083787
v 0.284577 0.011986 0.102049
v 0.283775 0.030625 0.103137
v 0.237043 0.019799 -0.026823
v 0.240353 0.021808 -0.000928
v 0.247970 0.047517 -0.002373
v 0.244177 0.048901 -0.030584
v 0.248800 0.022166 0.033535
v 0.256715 0.038848 0.026735
v 0.219435 0.015212 -0.089815
v 0.228126 0.013510 -0.055307
v 0.239610 0.053433 -0.059234
v 0.229282 0.059204 -0.093503
v 0.192084 0.045082 -0.129101
v 0.189286 0.026747 -0.121007
v 0.131785 0.154668 -0.030104
v 0.135078 0.113433 -0.026723
v 0.132169 0.113138 -0.066559
v 0.129392 0.157018 -0.071967
v 0.122855 0.057688 -0.022015
v 0.117677 0.053488 -0.066792
v 0.138970 0.051181 -0.132353
v 0.150277 0.109672 -0.119981
v 0.151253 0.109796 0.003914
v 0.155670 0.104295 0.013827
v 0.154265 0.161141 -0.125330
v 0.125030 0.022859 -0.022707
v 0.119104 0.020170 -0.060425
v 0.123062 0.052309 -0.066381
v 0.132091 0.059047 -0.024791
v 0.141965 0.026849 -0.116787
v 0.144425 0.047979 -0.124954
v 0.135496 0.020889 0.003398
v 0.139577 0.057892 -0.003755
v 0.200563 0.051003 0.168198
v 0.175598 0.040963 0.151089
v 0.170481 0.076496 0.104129
v 0.190627 0.093368 0.115778
v 0.172916 0.020874 0.156706
v 0.147486 0.006712 0.094098
v 0.146795 0.045258 0.085416
v 0.145508 0.006737 0.077228
v 0.153450 0.012722 0.062410
v 0.157258 0.060383 0.056924
v 0.144070 0.045820 0.072547
v 0.147125 0.054699 0.017968
v 0.150216 0.025717 0.050594
v 0.258166 0.022205 0.159103
v 0.227776 0.017811 0.187231
v 0.269625 0.014997 0.128290
v 0.198540 0.023050 0.171781
v 0.253743 0.050020 -0.031796
v 0.130548 0.056555 -0.000383
v 0.145648 0.112365 0.002465
v 0.137599 0.055432 0.018153
v 0.144286 0.026183 0.027051
v 0.261144 0.008124 0.045678
v 0.257372 0.104247 0.072253
v 0.243629 0.104083 0.090311
v 0.215347 0.129876 0.100136
v 0.181507 0.103941 0.105251
v 0.163862 0.100715 0.087694
v 0.270306 0.064658 0.059780
v 0.140747 0.150990 -0.031634
v 0.154476 0.087040 0.049281
v 0.152541 0.108353 0.028784
v 0.153422 0.135401 0.008537
v 0.202520 0.220377 -0.021460
v 0.216424 0.230776 -0.040120
v 0.174479 0.216542 -0.011130
v 0.188983 0.216872 -0.011661
v 0.161071 0.222775 -0.015363
v -0.162020 1.256774 -0.028332
v -0.160552 1.259658 -0.060123
v -0.153207 1.222247 -0.053456
v -0.152601 1.222706 -0.026132
v -0.136287 1.246778 0.055120
v -0.146014 1.274975 0.052819
v -0.158037 1.265913 0.031388
v -0.153032 1.236982 0.037918
v -0.112363 1.472787 -0.052518
v -0.106174 1.462771 -0.033265
v -0.081101 1.475612 -0.030417
v -0.086841 1.490754 -0.051250
v -0.015061 1.514492 -0.113996
v 0.000577 1.513587 -0.112898
v -0.016049 1.474955 -0.120041
v -0.016206 1.438514 0.048296
v -0.019825 1.456347 0.034382
v -0.033855 1.455644 0.032528
v -0.029304 1.437647 0.046587
v -0.037297 1.433721 0.036480
v -0.165972 1.335435 0.053429
v -0.157689 1.328705 0.056670
v -0.135969 1.376407 0.056627
v -0.147367 1.380719 0.050744
v -0.106106 1.442003 0.008040
v -0.114004 1.436277 0.018811
v -0.107747 1.431198 0.030149
v -0.095267 1.430632 0.024081
v -0.068515 1.508510 -0.036459
v -0.071829 1.516699 -0.062692
v -0.079591 1.464394 -0.105466
v -0.084652 1.482408 -0.090144
v -0.045889 1.518685 -0.104874
v -0.077970 1.451777 0.013657
v -0.061763 1.475960 -0.000113
v -0.007649 1.451293 0.027823
v -0.004323 1.431431 0.044906
v 0.000577 1.431923 0.045822
v 0.000577 1.450368 0.025968
v -0.090282 1.421436 0.052632
v -0.080111 1.427998 0.043660
v -0.118357 1.418817 0.024531
v -0.108120 1.409345 0.035084
v -0.151708 1.330391 0.067270
v -0.130162 1.366683 0.065360
v -0.125619 1.200769 0.068288
v -0.090091 1.216129 0.093435
v -0.093790 1.235341 0.088082
v -0.146429 1.210171 0.039696
v -0.100431 1.453892 -0.110369
v -0.112023 1.458072 -0.089619
v -0.165051 1.301053 0.045617
v -0.163181 1.258020 -0.002007
v -0.156502 1.231089 0.000028
v -0.152288 1.212618 0.001880
v -0.087176 1.487240 -0.075253
v -0.110503 1.472222 -0.070930
v -0.145407 1.263242 -0.080990
v -0.141162 1.225659 -0.074851
v -0.103174 1.234441 -0.102261
v -0.102895 1.273150 -0.115896
v -0.032970 1.517289 -0.111482
v -0.032592 1.474687 -0.121340
v -0.057885 1.491202 -0.001370
v -0.050684 1.482151 0.009597
v -0.060975 1.520771 -0.089742
v -0.053124 1.421403 0.067139
v -0.034133 1.421885 0.051616
v -0.155816 1.303415 0.053162
v -0.152175 1.298185 0.068606
v -0.072361 1.141887 0.085497
v -0.104090 1.140760 0.066658
v -0.063906 1.437154 0.027411
v -0.080438 1.187508 0.093934
v -0.104899 1.174359 0.071746
v -0.099467 1.406780 0.052005
v -0.095658 1.097769 0.088014
v -0.164577 1.281461 0.036247
v -0.147317 1.266272 0.072164
v -0.114400 1.107718 0.076106
v -0.046721 1.464507 0.014984
v -0.065660 1.511446 -0.038027
v -0.067847 1.519450 -0.064718
v -0.051495 1.515395 -0.104039
v -0.057000 1.495129 -0.002825
v -0.047681 1.484207 0.011001
v -0.056096 1.523307 -0.090754
v 0.000577 1.508985 -0.115241
v -0.015014 1.509248 -0.117206
v -0.033259 1.510821 -0.115117
v 0.000577 1.514673 -0.115103
v -0.059730 1.427308 0.047730
v -0.074283 1.423787 0.059985
v -0.053169 1.437805 0.032022
v -0.069863 1.513776 -0.037011
v -0.072650 1.521875 -0.063952
v -0.051125 1.522056 -0.106637
v -0.059599 1.496618 -0.001616
v -0.049660 1.484825 0.011279
v -0.061462 1.525664 -0.090857
v -0.017407 1.515567 -0.116903
v -0.035813 1.516870 -0.114507
v 0.163174 1.256773 -0.028332
v 0.161707 1.259658 -0.060122
v 0.154362 1.222247 -0.053456
v 0.153756 1.222706 -0.026132
v 0.137442 1.246779 0.055120
v 0.147169 1.274975 0.052819
v 0.159192 1.265913 0.031388
v 0.154187 1.236982 0.037918
v 0.113518 1.472787 -0.052518
v 0.107328 1.462770 -0.033265
v 0.082255 1.475612 -0.030417
v 0.087996 1.490754 -0.051250
v 0.016216 1.514492 -0.113996
v 0.018562 1.515566 -0.116903
v 0.017360 1.438514 0.048296
v 0.020979 1.456347 0.034382
v 0.035009 1.455645 0.032528
v 0.030459 1.437647 0.046587
v 0.038452 1.433721 0.036480
v 0.047876 1.464507 0.014984
v 0.167127 1.335435 0.053429
v 0.158844 1.328705 0.056670
v 0.137124 1.376406 0.056627
v 0.148522 1.380719 0.050744
v 0.107261 1.442003 0.008040
v 0.115159 1.436277 0.018811
v 0.108901 1.431199 0.030149
v 0.096422 1.430633 0.024081
v 0.069670 1.508511 -0.036459
v 0.072983 1.516699 -0.062692
v 0.052650 1.515395 -0.104039
v 0.052280 1.522056 -0.106637
v 0.036968 1.516870 -0.114507
v 0.034413 1.510821 -0.115117
v 0.079125 1.451777 0.013657
v 0.062918 1.475960 -0.000113
v 0.008804 1.451292 0.027823
v 0.005478 1.431431 0.044906
v 0.091437 1.421437 0.052631
v 0.081265 1.427998 0.043660
v 0.119512 1.418816 0.024531
v 0.109275 1.409345 0.035084
v 0.152863 1.330391 0.067270
v 0.131317 1.366683 0.065360
v 0.126773 1.200769 0.068288
v 0.091246 1.216129 0.093435
v 0.094945 1.235340 0.088082
v 0.147583 1.210170 0.039697
v 0.080746 1.464394 -0.105465
v 0.101586 1.453892 -0.110368
v 0.113178 1.458072 -0.089619
v 0.085807 1.482408 -0.090144
v 0.059040 1.491201 -0.001370
v 0.166206 1.301053 0.045617
v 0.164336 1.258020 -0.002007
v 0.157657 1.231088 0.000027
v 0.153442 1.212619 0.001880
v 0.088331 1.487241 -0.075253
v 0.062129 1.520772 -0.089742
v 0.111658 1.472222 -0.070930
v 0.146562 1.263242 -0.080990
v 0.142316 1.225659 -0.074850
v 0.104329 1.234441 -0.102262
v 0.104049 1.273149 -0.115896
v 0.034125 1.517289 -0.111482
v 0.054278 1.421403 0.067139
v 0.035288 1.421884 0.051616
v 0.060884 1.427307 0.047730
v 0.075437 1.423787 0.059985
v 0.156971 1.303414 0.053162
v 0.153330 1.298185 0.068606
v 0.051839 1.482151 0.009597
v 0.073515 1.141887 0.085497
v 0.081592 1.187508 0.093934
v 0.106054 1.174359 0.071746
v 0.105244 1.140761 0.066658
v 0.054324 1.437804 0.032022
v 0.065061 1.437154 0.027411
v 0.100621 1.406780 0.052005
v 0.115555 1.107718 0.076106
v 0.096813 1.097769 0.088014
v 0.165732 1.281461 0.036247
v 0.148472 1.266273 0.072164
v 0.071018 1.513775 -0.037011
v 0.073804 1.521875 -0.063952
v 0.060754 1.496617 -0.001616
v 0.050814 1.484825 0.011279
v 0.062617 1.525664 -0.090857
v 0.017204 1.474955 -0.120041
v 0.016169 1.509248 -0.117206
v 0.033747 1.474687 -0.121340
v 0.047043 1.518684 -0.104874
v 0.066815 1.511446 -0.038027
v 0.069001 1.519450 -0.064718
v 0.058155 1.495130 -0.002825
v 0.048836 1.484206 0.011001
v 0.057251 1.523306 -0.090754
v 0.000577 1.471911 -0.117009
v 0.359039 1.080345 -0.008570
v 0.355969 1.068760 -0.038372
v 0.370651 1.040359 -0.018107
v 0.367090 1.042741 0.006714
v 0.352643 1.079435 0.012551
v 0.354715 1.034465 0.025880
v 0.346754 1.074512 0.017069
v 0.332551 1.027479 0.029295
v 0.330233 1.058596 0.022285
v 0.328922 1.010138 -0.030466
v 0.332673 1.042436 -0.044333
v 0.320131 1.035003 -0.019091
v 0.316430 1.014792 -0.012502
v 0.316473 1.038270 0.006277
v 0.311209 1.017757 0.017444
v 0.333092 1.008460 -0.048193
v 0.338761 1.042578 -0.057952
v 0.322283 1.049456 0.019291
v 0.322225 1.025311 0.026667
v 0.351451 1.018288 -0.051645
v 0.348198 1.055388 -0.056224
v 0.377329 1.007114 0.025396
v 0.384747 1.004318 -0.005182
v 0.358120 1.004475 0.040992
v 0.381090 0.998492 -0.030459
v 0.367119 1.034187 -0.036994
v 0.353119 1.022876 -0.047683
v 0.376307 0.987391 -0.048423
v 0.343020 0.998164 0.046362
v 0.363076 0.976011 -0.059759
v 0.323396 0.976517 0.001481
v 0.334621 0.976076 -0.013858
v 0.307899 0.983211 0.025793
v 0.325101 0.964672 -0.030200
v 0.337755 0.969754 -0.054218
v 0.325024 0.990767 0.046792
v 0.395720 0.972202 0.001026
v 0.388062 0.974406 0.029657
v 0.373347 0.971878 0.048392
v 0.391512 0.958582 -0.046202
v 0.393806 0.966355 -0.027396
v 0.363133 0.957318 0.056174
v 0.356961 0.961485 0.059582
v 0.342576 0.979294 0.061585
v 0.383066 0.952299 -0.053422
v 0.367684 0.936749 0.000194
v 0.376370 0.922755 0.009112
v 0.378362 0.918582 -0.019684
v 0.366307 0.930213 -0.025243
v 0.325612 0.948381 0.078933
v 0.326851 0.984106 0.054118
v 0.340602 0.950433 0.081587
v 0.315558 0.930892 0.065576
v 0.316988 0.958279 0.044850
v 0.377305 0.915029 -0.037781
v 0.388302 0.918450 -0.046776
v 0.385540 0.942042 -0.051814
v 0.369879 0.935189 -0.043408
v 0.359178 0.941941 0.061582
v 0.339682 0.941885 0.032271
v 0.326176 0.947516 0.034276
v 0.326360 0.927442 0.058309
v 0.351578 0.932375 0.054646
v 0.392038 0.899147 0.054922
v 0.384564 0.900878 0.065225
v 0.379611 0.941800 0.053386
v 0.389993 0.942518 0.039667
v 0.402588 0.891728 0.024503
v 0.400031 0.893669 0.036310
v 0.395628 0.942844 0.027674
v 0.399280 0.941678 0.013614
v 0.404177 0.891757 -0.007241
v 0.404402 0.894354 0.006302
v 0.399773 0.940184 0.001132
v 0.400505 0.936294 -0.015417
v 0.396022 0.924220 -0.040516
v 0.389097 0.889390 -0.041807
v 0.396849 0.892271 -0.036590
v 0.376354 0.894046 0.041947
v 0.371031 0.927163 0.031850
v 0.359485 0.928327 0.045257
v 0.368604 0.896551 0.053801
v 0.380817 0.888196 0.020218
v 0.378248 0.890253 0.031987
v 0.386484 0.890295 -0.007821
v 0.385357 0.892770 0.007092
v 0.389691 0.898382 0.047037
v 0.389859 0.936945 0.034378
v 0.395690 0.888847 0.017592
v 0.397066 0.933042 0.010285
v 0.390811 0.892752 0.040995
v 0.398908 0.889319 -0.012667
v 0.397728 0.923121 -0.020389
v 0.399668 0.894153 0.012076
v 0.377417 0.892658 -0.034692
v 0.398236 0.931645 -0.026423
v 0.398894 0.894567 -0.025444
v 0.393807 0.894399 -0.017862
v 0.371056 0.898801 0.061460
v 0.369593 0.937882 0.058184
v 0.359713 0.931027 0.052373
v 0.378206 0.891661 -0.021309
v 0.334329 0.924086 0.085564
v 0.323799 0.921779 0.082683
v 0.341286 0.921673 0.077129
v 0.325956 0.916924 0.065210
v 0.338549 0.920459 0.064976
v 0.328635 0.906680 0.092650
v 0.317239 0.907764 0.087605
v 0.311104 0.901329 0.077588
v 0.319161 0.916558 0.074924
v 0.337952 0.904822 0.082272
v 0.317681 0.900210 0.067319
v 0.332937 0.902160 0.068560
v 0.354219 0.939217 0.024071
v 0.352320 0.947898 -0.045772
v 0.344770 0.946169 -0.026574
v 0.355620 0.958554 -0.006810
v 0.337209 0.962359 0.014319
v 0.393807 0.946495 -0.045348
v 0.379407 0.867132 0.070046
v 0.385263 0.865870 0.061983
v 0.385950 0.857851 0.057131
v 0.387529 0.859800 0.064622
v 0.384514 0.867129 0.055266
v 0.373655 0.864904 0.050551
v 0.372631 0.854802 0.051508
v 0.367390 0.866986 0.060129
v 0.364936 0.857177 0.063239
v 0.369351 0.868528 0.066401
v 0.367288 0.858573 0.071021
v 0.380434 0.861397 0.074383
v 0.393045 0.855050 0.031979
v 0.390838 0.856753 0.042226
v 0.388542 0.857066 0.025072
v 0.375226 0.856368 0.027461
v 0.374493 0.844418 0.029379
v 0.389374 0.845072 0.026732
v 0.372922 0.858145 0.037997
v 0.371925 0.846482 0.041179
v 0.384153 0.860417 0.046028
v 0.384490 0.848992 0.050193
v 0.392845 0.848636 0.045320
v 0.395963 0.856828 0.001448
v 0.396235 0.859040 0.012096
v 0.393117 0.846217 -0.004501
v 0.398818 0.847491 0.001812
v 0.392063 0.859195 -0.004419
v 0.381901 0.859979 -0.000447
v 0.380687 0.847197 0.000365
v 0.380984 0.862018 0.011753
v 0.379560 0.849682 0.015334
v 0.392715 0.863313 0.015794
v 0.393877 0.851070 0.020328
v 0.399118 0.850028 0.014799
v 0.383776 0.863303 -0.033695
v 0.388989 0.860372 -0.028722
v 0.376094 0.853795 -0.026609
v 0.386680 0.851288 -0.033085
v 0.374025 0.866054 -0.029020
v 0.374756 0.868193 -0.019453
v 0.376799 0.856159 -0.015513
v 0.387855 0.867395 -0.015962
v 0.390944 0.855919 -0.011725
v 0.390776 0.862167 -0.020641
v 0.394429 0.854016 -0.018985
v 0.376548 0.960231 0.051327
v 0.346004 0.941888 0.033985
v 0.392543 0.851978 -0.028388
v 0.395300 0.846730 0.033909
v 0.283250 1.227995 -0.040441
v 0.292638 1.228992 -0.040865
v 0.284503 1.227105 0.001084
v 0.276228 1.226135 -0.004653
v 0.267419 1.209158 0.021666
v 0.274764 1.205335 0.035408
v 0.282770 1.192249 -0.082645
v 0.287859 1.190035 -0.090309
v 0.291409 1.211196 -0.071889
v 0.284861 1.212081 -0.067981
v 0.256333 1.184471 0.017786
v 0.256530 1.175375 0.019250
v 0.274249 1.177212 -0.096436
v 0.279580 1.169005 -0.101500
v 0.230464 1.157887 -0.049943
v 0.225596 1.147659 -0.051879
v 0.232826 1.151427 -0.076655
v 0.235678 1.160852 -0.071401
v 0.231642 1.159323 0.008075
v 0.228151 1.148309 0.010829
v 0.222815 1.149615 -0.011527
v 0.227476 1.158867 -0.014479
v 0.260789 1.156077 -0.103340
v 0.258879 1.163869 -0.096907
v 0.241044 1.167370 0.016529
v 0.236321 1.157344 0.021649
v 0.322875 1.205424 -0.037393
v 0.308033 1.203419 0.016976
v 0.300858 1.164815 0.035059
v 0.310898 1.151446 -0.084655
v 0.315404 1.190716 -0.076902
v 0.293697 1.139287 -0.108203
v 0.246864 1.111601 -0.053025
v 0.255046 1.119155 -0.068296
v 0.243253 1.114876 0.008759
v 0.245550 1.112251 -0.018310
v 0.274502 1.125004 -0.105108
v 0.274668 1.146770 0.021592
v 0.257354 1.129379 0.027090
v 0.353115 1.120414 -0.018346
v 0.345586 1.127573 0.011016
v 0.327469 1.124978 0.020450
v 0.314142 1.145140 0.028278
v 0.331251 1.143763 -0.062647
v 0.322860 1.130244 -0.074563
v 0.302198 1.128747 -0.099457
v 0.341481 1.111135 -0.052956
v 0.266706 1.105612 -0.062259
v 0.258216 1.101550 -0.046976
v 0.249540 1.108124 -0.017087
v 0.249128 1.110068 0.008722
v 0.286238 1.112173 -0.094368
v 0.262846 1.124418 0.026466
v 0.279492 1.141217 0.022623
v 0.334691 1.106585 0.019218
v 0.319123 1.080034 0.024801
v 0.302020 1.061103 -0.051522
v 0.290337 1.069570 -0.051029
v 0.285773 1.068340 -0.031628
v 0.294819 1.056848 -0.028788
v 0.297164 1.057143 0.010397
v 0.280338 1.077559 0.013045
v 0.292028 1.093984 0.029095
v 0.306510 1.070294 0.024867
v 0.324239 0.861146 0.083163
v 0.404502 0.947153 -0.036753
v 0.397846 0.952364 -0.024582
v 0.407193 0.954090 -0.008784
v 0.364450 0.820414 0.066627
v 0.365080 0.803633 0.045471
v 0.370448 0.810194 0.013431
v 0.368774 0.820056 -0.013298
v 0.404488 0.958751 0.019685
v 0.399105 0.957871 0.004945
v 0.393732 0.960577 0.045723
v 0.392802 0.960259 0.031529
v 0.300889 1.160219 0.040370
v 0.310391 1.144626 0.032572
v 0.290518 1.124910 0.029543
v 0.281187 1.140441 0.028666
v 0.292321 1.122458 0.024168
v 0.303448 1.106618 0.025822
v 0.292134 1.097193 0.023040
v 0.281021 1.107683 0.024359
v 0.281315 1.082968 0.008506
v 0.273674 1.089525 0.008559
v 0.281881 1.073589 -0.006940
v 0.271899 1.084462 -0.010120
v 0.287300 1.074951 -0.031095
v 0.273644 1.087599 -0.038623
v 0.278043 1.107385 0.029314
v 0.263491 1.121743 0.032727
v 0.268686 1.086849 0.010922
v 0.248461 1.103500 0.011943
v 0.266500 1.081032 -0.010296
v 0.248950 1.100858 -0.016132
v 0.269833 1.082961 -0.040286
v 0.257672 1.094396 -0.047701
v 0.276408 1.085453 -0.058077
v 0.265975 1.099008 -0.063949
v 0.290722 1.076738 -0.049499
v 0.280182 1.089581 -0.055157
v 0.307071 1.088666 -0.074832
v 0.297940 1.099090 -0.083472
v 0.296607 1.096328 -0.089000
v 0.287618 1.107168 -0.098853
v 0.314631 1.114220 -0.093188
v 0.305650 1.126567 -0.104463
v 0.324492 1.132774 -0.079840
v 0.315526 1.149820 -0.087238
v 0.321493 1.104080 -0.079129
v 0.313981 1.113811 -0.087124
v 0.328908 1.119228 -0.069357
v 0.305211 1.105116 0.032015
v 0.315354 1.081952 0.029263
v 0.310959 1.070534 0.020731
v 0.302262 1.058104 0.007393
v 0.296141 1.059108 -0.001664
v 0.299187 1.060799 -0.026828
v 0.306535 1.064093 -0.047589
v 0.329031 1.124870 0.026169
v 0.333127 1.109774 0.024019
v 0.290848 1.056026 -0.000969
v 0.279874 1.067273 -0.005828
v 0.315380 1.072063 -0.073188
v 0.308509 1.082912 -0.078977
v 0.332424 1.089138 -0.076043
v 0.325789 1.101268 -0.083786
v 0.318107 1.074031 -0.067311
v 0.330911 1.089281 -0.070200
v 0.341034 1.103314 -0.064764
v 0.334538 1.117887 -0.072992
v 0.338448 1.101659 -0.059892
v -0.369496 1.040359 -0.018107
v -0.365936 1.042740 0.006714
v -0.353561 1.034466 0.025880
v -0.352703 1.022876 -0.047683
v -0.365964 1.034187 -0.036994
v -0.341162 1.027479 0.029295
v -0.313066 1.014792 -0.012502
v -0.312507 1.017756 0.017444
v -0.323073 1.025311 0.026667
v -0.351102 1.018288 -0.051645
v -0.383915 1.004319 -0.005182
v -0.376222 1.007114 0.025396
v -0.356301 1.004476 0.040992
v -0.375162 0.987391 -0.048423
v -0.380122 0.998491 -0.030459
v -0.340642 0.998164 0.046362
v -0.322059 0.964672 -0.030200
v -0.308316 0.983211 0.025793
v -0.320291 0.976517 0.001481
v -0.321979 0.990767 0.046792
v -0.361441 0.976010 -0.059758
v -0.357399 0.941941 0.061582
v -0.338134 0.950433 0.081587
v -0.322589 0.948381 0.078933
v -0.312162 0.930891 0.065576
v -0.368199 0.937882 0.058184
v -0.389356 0.942517 0.039667
v -0.398987 0.941678 0.013614
v -0.396690 0.933042 0.010285
v -0.400257 0.936294 -0.015417
v -0.388426 0.889390 -0.041807
v -0.387602 0.918450 -0.046776
v -0.397904 0.931645 -0.026423
v -0.369691 0.927163 0.031850
v -0.377175 0.890253 0.031987
v -0.384548 0.892770 0.007092
v -0.377293 0.918582 -0.019684
v -0.376314 0.892658 -0.034692
v -0.393311 0.894399 -0.017862
v -0.376198 0.915029 -0.037781
v -0.369717 0.898800 0.061460
v -0.378588 0.941800 0.053386
v -0.389216 0.936945 0.034378
v -0.375211 0.894046 0.041947
v -0.367174 0.896552 0.053801
v -0.357718 0.928327 0.045257
v -0.395199 0.942845 0.027674
v -0.379839 0.888196 0.020218
v -0.399388 0.894152 0.012076
v -0.399498 0.940184 0.001132
v -0.397377 0.923121 -0.020389
v -0.385717 0.890295 -0.007821
v -0.375228 0.922755 0.009112
v -0.395608 0.924220 -0.040516
v -0.377132 0.891661 -0.021308
v -0.331629 0.924086 0.085564
v -0.320708 0.921779 0.082683
v -0.315898 0.916559 0.074924
v -0.325724 0.906680 0.092650
v -0.313905 0.907764 0.087605
v -0.307543 0.901329 0.077588
v -0.335181 0.969754 -0.054218
v -0.355100 0.961485 0.059582
v -0.330346 1.008460 -0.048193
v -0.382171 0.952299 -0.053422
v -0.350287 0.947898 -0.045772
v -0.342456 0.946169 -0.026574
v -0.353709 0.958554 -0.006810
v -0.331932 0.976076 -0.013858
v -0.395294 0.972202 0.001026
v -0.387353 0.974406 0.029657
v -0.372093 0.971878 0.048392
v -0.390931 0.958582 -0.046202
v -0.393309 0.966354 -0.027396
v -0.357954 0.931027 0.052373
v -0.349517 0.932375 0.054646
v -0.338844 0.921673 0.077129
v -0.336005 0.920459 0.064975
v -0.335386 0.904822 0.082272
v -0.330186 0.902160 0.068560
v -0.385164 0.857851 0.057131
v -0.371350 0.854803 0.051508
v -0.363370 0.857177 0.063239
v -0.365809 0.858574 0.071021
v -0.388713 0.845072 0.026732
v -0.373281 0.844418 0.029379
v -0.370618 0.846482 0.041179
v -0.383648 0.848992 0.050193
v -0.392596 0.846217 -0.004501
v -0.379705 0.847197 0.000365
v -0.378537 0.849682 0.015334
v -0.393384 0.851070 0.020329
v -0.385920 0.851289 -0.033085
v -0.374942 0.853795 -0.026609
v -0.375673 0.856160 -0.015513
v -0.390342 0.855920 -0.011725
v -0.362866 0.820414 0.066627
v -0.363520 0.803633 0.045471
v -0.369086 0.810194 0.013431
v -0.367350 0.820056 -0.013298
v -0.343736 0.941888 0.033985
v -0.352256 0.939218 0.024071
v -0.366220 0.936749 0.000194
v -0.364792 0.930213 -0.025243
v -0.368496 0.935189 -0.043408
v -0.384738 0.942041 -0.051814
v -0.393311 0.946495 -0.045348
v -0.397499 0.952364 -0.024582
v -0.398805 0.957871 0.004945
v -0.392269 0.960259 0.031529
v -0.375412 0.960231 0.051327
v -0.393233 0.960578 0.045723
v -0.407193 0.954090 -0.008784
v -0.404402 0.947153 -0.036753
v -0.404388 0.958751 0.019685
v -0.389042 0.898381 0.047037
v -0.395264 0.888847 0.017592
v -0.398601 0.889318 -0.012667
v -0.391476 0.899148 0.054922
v -0.383726 0.900878 0.065225
v -0.402417 0.891728 0.024503
v -0.399765 0.893669 0.036310
v -0.390204 0.892752 0.040995
v -0.404065 0.891757 -0.007241
v -0.404298 0.894354 0.006302
v -0.396466 0.892271 -0.036590
v -0.398586 0.894567 -0.025444
v -0.379443 0.861396 0.074383
v -0.386800 0.859800 0.064622
v -0.392313 0.848636 0.045320
v -0.394859 0.846730 0.033909
v -0.398819 0.850028 0.014799
v -0.398508 0.847491 0.001812
v -0.393956 0.854016 -0.018984
v -0.392000 0.851977 -0.028387
v -0.337180 0.941885 0.032271
v -0.313645 0.958279 0.044850
v -0.323874 0.984106 0.054118
v -0.340181 0.979294 0.061585
v -0.334616 0.962359 0.014319
v -0.323365 0.927442 0.058309
v -0.322946 0.916924 0.065210
v -0.314365 0.900211 0.067319
v -0.321165 0.861145 0.083163
v -0.323173 0.947515 0.034276
v -0.326022 1.010138 -0.030466
v -0.361500 0.957318 0.056174
v -0.382909 0.863303 -0.033695
v -0.372795 0.866054 -0.029020
v -0.373554 0.868193 -0.019454
v -0.387139 0.867395 -0.015962
v -0.390167 0.862166 -0.020641
v -0.388314 0.860372 -0.028722
v -0.395828 0.859040 0.012096
v -0.391502 0.859195 -0.004419
v -0.380964 0.859979 -0.000447
v -0.380013 0.862017 0.011753
v -0.392179 0.863313 0.015794
v -0.395547 0.856828 0.001448
v -0.390232 0.856753 0.042226
v -0.387851 0.857066 0.025072
v -0.374042 0.856368 0.027461
v -0.371652 0.858145 0.037997
v -0.383299 0.860417 0.046028
v -0.392521 0.855050 0.031979
v -0.378378 0.867132 0.070046
v -0.383673 0.867129 0.055266
v -0.372412 0.864904 0.050551
v -0.365914 0.866986 0.060129
v -0.367948 0.868528 0.066401
v -0.384451 0.865870 0.061983
v -0.291483 1.228992 -0.040865
v -0.283349 1.227105 0.001084
v -0.273609 1.205335 0.035408
v -0.286705 1.190035 -0.090309
v -0.290254 1.211196 -0.071889
v -0.255375 1.175375 0.019250
v -0.231672 1.151426 -0.076655
v -0.224441 1.147659 -0.051879
v -0.226997 1.148309 0.010829
v -0.221660 1.149614 -0.011527
v -0.235167 1.157345 0.021649
v -0.259634 1.156078 -0.103340
v -0.278426 1.169005 -0.101500
v -0.321720 1.205423 -0.037393
v -0.306879 1.203419 0.016976
v -0.309743 1.151446 -0.084655
v -0.314249 1.190715 -0.076902
v -0.273513 1.146771 0.021592
v -0.253891 1.119155 -0.068295
v -0.245709 1.111601 -0.053025
v -0.242098 1.114875 0.008759
v -0.244396 1.112251 -0.018310
v -0.256199 1.129379 0.027090
v -0.273348 1.125004 -0.105108
v -0.292542 1.139287 -0.108203
v -0.351961 1.120414 -0.018346
v -0.344432 1.127573 0.011016
v -0.326314 1.124979 0.020450
v -0.340327 1.111135 -0.052956
v -0.289567 1.076738 -0.049499
v -0.286145 1.074951 -0.031095
v -0.318976 1.035003 -0.019091
v -0.329078 1.058596 0.022284
v -0.351489 1.079435 0.012551
v -0.347043 1.055388 -0.056224
v -0.331518 1.042436 -0.044333
v -0.321128 1.049456 0.019292
v -0.337607 1.042578 -0.057952
v -0.354814 1.068760 -0.038372
v -0.357884 1.080345 -0.008570
v -0.345599 1.074512 0.017069
v -0.315319 1.038269 0.006277
v -0.275074 1.226135 -0.004653
v -0.282095 1.227995 -0.040441
v -0.266264 1.209158 0.021666
v -0.283706 1.212081 -0.067981
v -0.281615 1.192249 -0.082645
v -0.255179 1.184471 0.017786
v -0.273094 1.177212 -0.096436
v -0.234523 1.160852 -0.071401
v -0.229310 1.157887 -0.049943
v -0.226321 1.158867 -0.014479
v -0.230487 1.159323 0.008075
v -0.239889 1.167370 0.016529
v -0.257724 1.163869 -0.096907
v -0.291166 1.122458 0.024168
v -0.279866 1.107683 0.024359
v -0.272519 1.089526 0.008559
v -0.270745 1.084462 -0.010120
v -0.272489 1.087599 -0.038623
v -0.278337 1.141218 0.022623
v -0.261691 1.124418 0.026466
v -0.247973 1.110069 0.008722
v -0.248385 1.108124 -0.017087
v -0.257061 1.101550 -0.046975
v -0.265552 1.105613 -0.062260
v -0.279027 1.089580 -0.055157
v -0.296785 1.099090 -0.083472
v -0.285084 1.112173 -0.094369
v -0.301043 1.128747 -0.099456
v -0.312827 1.113812 -0.087124
v -0.321706 1.130244 -0.074563
v -0.312987 1.145141 0.028278
v -0.299703 1.164815 0.035059
v -0.289363 1.124909 0.029543
v -0.276889 1.107385 0.029314
v -0.267531 1.086849 0.010922
v -0.265345 1.081032 -0.010296
v -0.268679 1.082961 -0.040286
v -0.275253 1.085453 -0.058077
v -0.295452 1.096328 -0.089000
v -0.313476 1.114220 -0.093189
v -0.323337 1.132774 -0.079840
v -0.314371 1.149819 -0.087238
v -0.304495 1.126567 -0.104463
v -0.286463 1.107168 -0.098853
v -0.264820 1.099009 -0.063950
v -0.256517 1.094396 -0.047701
v -0.247795 1.100858 -0.016132
v -0.247306 1.103500 0.011943
v -0.262336 1.121744 0.032727
v -0.280033 1.140441 0.028666
v -0.299735 1.160219 0.040369
v -0.309237 1.144626 0.032572
v -0.302294 1.106617 0.025822
v -0.290980 1.097193 0.023040
v -0.280161 1.082968 0.008506
v -0.317968 1.080034 0.024801
v -0.309804 1.070534 0.020731
v -0.301107 1.058104 0.007393
v -0.294987 1.059108 -0.001664
v -0.298032 1.060799 -0.026828
v -0.305380 1.064093 -0.047589
v -0.333536 1.106585 0.019217
v -0.280726 1.073589 -0.006940
v -0.305917 1.088666 -0.074832
v -0.320339 1.104080 -0.079129
v -0.316953 1.074031 -0.067311
v -0.329756 1.089281 -0.070199
v -0.327754 1.119228 -0.069357
v -0.337293 1.101659 -0.059892
v -0.289182 1.069570 -0.051029
v -0.284618 1.068340 -0.031628
v -0.278719 1.067273 -0.005828
v -0.279183 1.077559 0.013045
v -0.290874 1.093984 0.029095
v -0.304056 1.105116 0.032015
v -0.327876 1.124871 0.026169
v -0.331973 1.109774 0.024019
v -0.314199 1.081952 0.029263
v -0.305355 1.070294 0.024867
v -0.296009 1.057143 0.010397
v -0.289694 1.056026 -0.000969
v -0.293664 1.056848 -0.028788
v -0.300866 1.061103 -0.051522
v -0.314225 1.072063 -0.073188
v -0.331269 1.089139 -0.076043
v -0.339880 1.103314 -0.064764
v -0.333383 1.117887 -0.072992
v -0.324635 1.101268 -0.083786
v -0.307354 1.082912 -0.078978
v -0.330097 1.143763 -0.062647
v -0.271133 1.249892 -0.039260
v -0.264671 1.247426 -0.006470
v -0.254445 1.229819 0.005739
v -0.261689 1.225758 -0.083676
v -0.267009 1.232593 -0.064400
v -0.237439 1.205057 0.011450
v -0.223067 1.180754 -0.068904
v -0.219316 1.179477 -0.048056
v -0.218523 1.184865 0.003034
v -0.231424 1.185613 -0.078301
v -0.215312 1.180257 -0.015668
v -0.226600 1.193984 0.009457
v -0.240907 1.197381 -0.089042
v -0.251792 1.207665 -0.088147
v -0.267488 1.271547 -0.039324
v -0.263001 1.271276 -0.006302
v -0.251706 1.254153 0.014963
v -0.252728 1.237113 -0.082563
v -0.262062 1.254438 -0.063774
v -0.220139 1.233091 0.039253
v -0.208801 1.195031 -0.072536
v -0.202551 1.189292 -0.049534
v -0.200233 1.194979 0.002642
v -0.221476 1.203654 -0.088831
v -0.199575 1.190162 -0.019237
v -0.204863 1.214138 0.035105
v -0.232035 1.213621 -0.090324
v -0.245402 1.225538 -0.091182
v -0.284124 1.246616 -0.036582
v -0.276875 1.244368 -0.000504
v -0.264207 1.220801 0.024440
v -0.275449 1.202939 -0.080522
v -0.278528 1.220833 -0.070105
v -0.252781 1.195110 0.030288
v -0.221657 1.165560 -0.072742
v -0.218057 1.157483 -0.048972
v -0.219691 1.163335 0.015730
v -0.236958 1.166874 -0.084854
v -0.214060 1.157970 -0.011954
v -0.234620 1.174144 0.021560
v -0.246483 1.170203 -0.102197
v -0.265322 1.188128 -0.101017
v -0.256458 1.261281 -0.037456
v -0.252059 1.262767 -0.013685
v -0.240776 1.253486 0.000351
v -0.243954 1.237311 -0.070670
v -0.251085 1.249646 -0.056382
v -0.221805 1.236993 0.019689
v -0.215239 1.206344 -0.062732
v -0.209239 1.203983 -0.046564
v -0.205750 1.210592 -0.008741
v -0.223513 1.212452 -0.074934
v -0.205871 1.206239 -0.024738
v -0.210941 1.223612 0.016399
v -0.230285 1.219898 -0.076225
v -0.238500 1.229121 -0.077286
v -0.283418 1.212215 -0.030884
v -0.278286 1.212076 -0.008281
v -0.266973 1.199875 0.006353
v -0.273060 1.186418 -0.060566
v -0.277754 1.196234 -0.052950
v -0.256813 1.185574 0.009026
v -0.248909 1.155490 -0.053014
v -0.244042 1.152765 -0.038868
v -0.241055 1.161088 0.001042
v -0.254045 1.159227 -0.062009
v -0.240332 1.154902 -0.015775
v -0.247285 1.170457 0.003897
v -0.258646 1.161935 -0.073348
v -0.268099 1.175290 -0.073187
v 0.272428 1.250167 -0.039260
v 0.265987 1.247647 -0.006470
v 0.264117 1.271481 -0.006302
v 0.268601 1.271791 -0.039325
v 0.255910 1.229955 0.005739
v 0.252965 1.254265 0.014963
v 0.263187 1.225954 -0.083676
v 0.268450 1.232834 -0.064400
v 0.263319 1.254637 -0.063774
v 0.254131 1.237234 -0.082563
v 0.239112 1.205050 0.011450
v 0.221577 1.232938 0.039253
v 0.253443 1.207779 -0.088147
v 0.246903 1.225598 -0.091182
v 0.221205 1.179319 -0.048056
v 0.224946 1.180627 -0.068905
v 0.210560 1.194784 -0.072536
v 0.204358 1.188992 -0.049534
v 0.220367 1.184700 0.003034
v 0.217195 1.180065 -0.015668
v 0.201375 1.189837 -0.019238
v 0.201993 1.194659 0.002642
v 0.233262 1.185557 -0.078301
v 0.223162 1.203514 -0.088831
v 0.228367 1.193887 0.009457
v 0.206461 1.213857 0.035105
v 0.242645 1.197404 -0.089042
v 0.233636 1.213568 -0.090324
v 0.285446 1.247001 -0.036582
v 0.278216 1.244691 -0.000503
v 0.265747 1.221019 0.024440
v 0.277138 1.203253 -0.080522
v 0.280067 1.221171 -0.070105
v 0.254537 1.195233 0.030288
v 0.267136 1.188357 -0.101017
v 0.220132 1.157315 -0.048972
v 0.223663 1.165423 -0.072742
v 0.221716 1.163181 0.015730
v 0.216130 1.157768 -0.011954
v 0.238952 1.166864 -0.084853
v 0.236554 1.174114 0.021560
v 0.248449 1.170273 -0.102197
v 0.253246 1.262881 -0.013685
v 0.257658 1.261433 -0.037456
v 0.252382 1.249752 -0.056382
v 0.245356 1.237358 -0.070670
v 0.223210 1.236854 0.019689
v 0.242041 1.253506 0.000351
v 0.239971 1.229123 -0.077286
v 0.216902 1.206152 -0.062732
v 0.210922 1.203739 -0.046564
v 0.207535 1.205967 -0.024738
v 0.207378 1.210318 -0.008741
v 0.212459 1.223382 0.016399
v 0.231833 1.219830 -0.076225
v 0.225124 1.212328 -0.074934
v 0.285030 1.212595 -0.030884
v 0.279899 1.212413 -0.008281
v 0.268688 1.200117 0.006353
v 0.274889 1.186712 -0.060566
v 0.279500 1.196567 -0.052950
v 0.258649 1.185731 0.009026
v 0.270022 1.175542 -0.073187
v 0.246155 1.152815 -0.038868
v 0.250998 1.155582 -0.053014
v 0.243098 1.161113 0.001042
v 0.242427 1.154922 -0.015775
v 0.256103 1.159362 -0.062009
v 0.249249 1.170534 0.003897
v 0.260682 1.162108 -0.073348
v -0.039540 1.531170 0.035963
v -0.028273 1.513567 0.042470
v -0.042784 1.533498 -0.017244
v -0.039775 1.512310 -0.014832
v -0.043182 1.551820 -0.073627
v -0.029135 1.553282 -0.090571
v -0.012635 1.552607 -0.097364
v -0.015817 1.500004 0.054407
v -0.027833 1.516255 0.054820
v -0.017785 1.507163 0.063162
v -0.006563 1.496754 0.058192
v -0.006638 1.503775 0.067320
v -0.024047 1.514071 0.027327
v -0.011793 1.506792 0.031713
v -0.005115 1.504624 0.033210
v -0.046056 1.545793 -0.058294
v -0.046858 1.528173 -0.032200
v -0.030967 1.568051 -0.087769
v -0.013225 1.564760 -0.096882
v -0.046528 1.558773 -0.052318
v -0.045337 1.542843 -0.031302
v -0.049560 0.998432 -0.133862
v -0.079076 1.158453 -0.058543
v -0.013137 1.142487 -0.077511
v -0.020591 1.380717 -0.119571
v -0.136949 1.430353 -0.102285
v -0.030842 1.465847 -0.113893
v -0.102235 1.153941 0.056164
v -0.036387 1.167967 0.096913
v -0.138964 1.377043 0.051223
v -0.050223 1.415486 0.064065
v -0.111995 1.413040 0.023803
v -0.027697 1.430839 0.044675
v -0.155226 1.458116 -0.059780
v -0.190375 1.440219 -0.051856
v -0.116599 1.174547 -0.020824
v -0.140783 1.032315 -0.055154
v -0.153387 1.453328 -0.020487
v -0.189836 1.439129 -0.014104
v -0.123950 1.171019 -0.002591
v -0.027353 1.531952 -0.094708
v -0.048981 1.504182 -0.028951
v -0.096690 1.206279 -0.083069
v -0.101112 1.275439 -0.109680
v -0.028284 1.287065 -0.128418
v -0.017100 1.211333 -0.102690
v -0.052139 1.253006 0.096863
v -0.062620 1.295227 0.117354
v -0.138166 1.277092 0.050704
v -0.142040 1.207142 -0.043242
v -0.156442 1.266584 -0.056117
v -0.144040 1.206098 -0.027239
v -0.150590 1.263177 -0.033247
v -0.101964 1.424743 0.029134
v -0.130477 1.447418 -0.005748
v -0.015303 1.431657 0.046292
v -0.129325 1.370641 0.049201
v -0.151164 1.327871 0.052280
v -0.109746 1.438050 -0.004590
v -0.090138 1.424208 0.023401
v -0.032256 1.415940 0.049397
v -0.012472 1.408675 0.058441
v -0.031200 1.453884 0.029943
v -0.078966 1.462822 -0.025391
v -0.080202 1.473143 -0.084379
v -0.075356 1.456118 -0.098908
v -0.074420 1.355218 -0.111331
v -0.061293 1.282248 -0.120682
v -0.030855 1.485800 0.019764
v -0.060691 1.485559 -0.040010
v -0.058907 1.486443 -0.092320
v -0.054397 1.456385 -0.100839
v -0.032012 1.377286 -0.120709
v -0.051642 1.281316 -0.120025
v -0.041880 1.453432 0.012947
v -0.017771 1.455099 0.031612
v -0.019163 1.484218 0.021389
v -0.032134 1.215785 -0.098621
v -0.043248 1.219695 -0.097217
v -0.106438 1.457534 -0.086268
v -0.100555 1.454583 -0.030689
v -0.075776 1.421718 0.041891
v -0.085399 1.415516 0.050356
v -0.123109 1.363766 0.062750
v -0.143073 1.266935 0.066430
v -0.088724 1.239631 0.083959
v -0.068281 1.151902 0.077041
v -0.100811 1.237520 -0.100459
v -0.020102 1.232785 -0.112395
v -0.058824 1.260991 0.107927
v -0.128984 1.250441 0.052711
v -0.153832 1.229386 -0.047253
v -0.146230 1.230978 -0.031106
v -0.039106 1.238586 -0.108033
v -0.049628 1.236473 -0.100664
v -0.099435 1.247491 0.087660
v -0.079131 1.109962 -0.059585
v -0.031668 1.090295 -0.089951
v -0.037445 1.070732 0.086567
v -0.101607 1.103364 0.050910
v -0.119072 1.123476 -0.030648
v -0.112576 1.122126 0.002739
v -0.074883 1.079626 0.067743
v -0.058535 1.366942 0.099689
v -0.095084 1.446193 -0.103566
v -0.107183 1.363792 -0.122853
v -0.126878 1.341061 -0.109520
v -0.020086 1.415809 -0.123377
v -0.055605 1.407127 -0.111215
v -0.066557 1.407183 -0.116076
v -0.090051 1.404000 -0.118992
v -0.131227 1.393314 -0.116861
v -0.084300 1.358901 -0.119226
v -0.027350 1.345501 -0.128124
v -0.050571 1.340036 -0.122643
v -0.064034 1.326917 -0.123314
v -0.106475 1.296749 -0.112381
v -0.215749 1.411424 -0.047492
v -0.215676 1.413458 -0.005930
v -0.159023 1.334244 0.049167
v -0.044087 1.497420 -0.012360
v -0.057135 1.481550 -0.019770
v -0.071001 1.463780 -0.009876
v -0.087571 1.448136 -0.000568
v -0.103416 1.437824 0.007961
v -0.113141 1.439234 0.008142
v -0.140222 1.434183 0.012507
v -0.166838 1.409907 0.033257
v -0.182941 1.380111 0.038207
v -0.155774 1.283221 0.034820
v -0.161177 1.413474 -0.094514
v -0.186616 1.373168 -0.088182
v -0.148111 1.382951 -0.108123
v -0.155998 1.332483 -0.089436
v -0.154989 1.278944 -0.062005
v -0.154895 1.276279 -0.030354
v -0.160182 1.284989 0.025391
v -0.149589 1.268527 0.030234
v -0.149384 1.241181 0.036435
v -0.135542 1.196089 0.036835
v -0.148162 1.304344 -0.076635
v -0.047110 1.526958 -0.065559
v -0.063690 1.501583 -0.060100
v -0.080821 1.488523 -0.048683
v -0.106782 1.471441 -0.051200
v -0.125158 1.455644 -0.077529
v -0.136107 1.454501 -0.050606
v -0.081888 1.306004 -0.118954
v -0.071932 1.281512 -0.111587
v -0.073935 1.237895 -0.101882
v -0.168088 1.349119 -0.097358
v -0.134851 1.303344 -0.097629
v -0.136903 1.292231 -0.091594
v -0.144410 1.259994 -0.079476
v -0.141702 1.224891 -0.071307
v -0.125555 1.197791 -0.057747
v -0.106464 1.176290 -0.048100
v -0.006280 1.151240 -0.077409
v -0.011656 1.381273 -0.115888
v -0.015172 1.466101 -0.112663
v -0.010983 1.530392 -0.098679
v -0.010591 1.287023 -0.128121
v -0.008428 1.198082 -0.099395
v -0.007019 1.240675 -0.109165
v -0.006809 1.092056 -0.088405
v -0.009941 1.420947 -0.118090
v -0.007511 1.350003 -0.128287
v -0.042877 1.531883 -0.081424
v -0.044150 1.503855 -0.099322
v -0.049356 1.463732 -0.110907
v -0.010657 1.477343 0.009629
v -0.007209 1.443734 0.026982
v -0.004058 1.424963 0.043075
v -0.045295 1.470634 0.007620
v -0.032429 1.469338 0.023338
v -0.017921 1.467948 0.025992
v -0.011834 1.460165 0.013368
v -0.013856 1.403969 0.071400
v -0.053879 1.509036 -0.084414
v -0.064801 1.499344 -0.077780
v -0.081131 1.485202 -0.071371
v -0.105019 1.470907 -0.068601
v -0.035258 1.427127 0.035119
v -0.030957 1.506965 -0.104767
v -0.013299 1.505987 -0.107330
v -0.123867 1.462416 -0.063166
v -0.119143 1.448901 -0.036086
v -0.119621 1.464618 -0.045057
v -0.142990 1.436753 -0.081184
v -0.178227 1.424654 -0.081944
v -0.205039 1.396747 -0.071359
v -0.012502 1.359974 0.096925
v -0.012996 1.289919 0.111713
v -0.015104 1.271295 0.106088
v -0.143526 1.329466 0.064816
v -0.061660 1.329601 0.112615
v -0.013083 1.330078 0.104441
v -0.023910 1.110910 -0.078693
v -0.101648 1.127511 0.055360
v -0.055433 1.114198 0.065023
v -0.073817 1.125881 -0.057233
v -0.028638 1.119854 0.088154
v -0.122931 1.145655 -0.026337
v -0.117965 1.146933 -0.005334
v -0.011609 1.106785 -0.078453
v -0.127247 1.094185 -0.034041
v -0.128977 1.092508 -0.009816
v -0.042181 1.049319 -0.120309
v -0.123414 1.067421 0.049109
v -0.106875 1.046431 0.068817
v -0.017615 1.049384 -0.116600
v -0.106485 1.144098 -0.050520
v -0.101945 1.101060 -0.042185
v -0.111940 1.065624 -0.055187
v -0.039400 1.153382 -0.070217
v -0.044472 1.120390 -0.070077
v -0.052500 1.094801 -0.080674
v -0.077712 1.059540 -0.082725
v -0.098651 1.006323 -0.103537
v -0.093294 1.446136 -0.013236
v -0.073793 1.444192 0.013602
v -0.058484 1.467048 0.000664
v -0.053093 1.476518 -0.004849
v -0.123911 1.162965 0.028328
v -0.119590 1.138561 0.020865
v -0.113601 1.117227 0.028711
v -0.127121 1.078225 0.024872
v -0.078875 1.181335 -0.064205
v -0.034162 1.208582 0.101575
v -0.124758 1.191038 -0.039095
v -0.128587 1.189457 -0.022204
v -0.100013 1.165524 0.066613
v -0.024263 1.175409 -0.089850
v -0.068451 1.180831 0.087378
v -0.115150 1.187596 -0.050213
v -0.042906 1.174200 -0.082777
v -0.130995 1.182609 0.032651
v -0.060448 1.430372 0.026560
v -0.046488 1.551620 -0.041991
v -0.045072 1.538718 -0.046838
v -0.045830 1.513525 -0.048289
v -0.019290 0.919887 0.059944
v -0.131363 1.066488 -0.006718
v -0.134170 1.056515 0.027554
v -0.119235 1.036775 0.055436
v -0.130552 1.066871 -0.034089
v -0.102109 1.179866 0.075289
v -0.076150 1.194423 0.089483
v -0.040376 1.217306 0.101433
v -0.114363 1.105281 -0.004859
v -0.109066 1.093672 0.018891
v -0.103693 1.077783 0.044841
v -0.087118 1.057678 0.070115
v -0.117702 1.108981 -0.026126
v -0.039116 1.038788 0.084561
v -0.094075 1.401665 0.049745
v -0.050636 1.401976 0.062760
v -0.012920 1.391119 0.073032
v -0.102276 1.404088 0.033758
v -0.041068 1.524905 -0.002455
v -0.038017 1.505378 0.001100
v -0.039141 1.493429 0.002517
v -0.109095 1.286327 0.101033
v -0.100363 1.363902 0.084632
v -0.109136 1.328731 0.099369
v -0.099035 1.430640 0.013818
v -0.107907 1.429543 0.018435
v -0.090837 1.187731 -0.066621
v -0.158004 1.276291 0.002928
v -0.155227 1.271169 0.002589
v -0.154488 1.261067 -0.001343
v -0.152681 1.235612 0.000594
v -0.143297 1.199296 0.005124
v -0.136480 1.187806 0.005835
v -0.148718 1.218156 0.002356
v -0.143170 1.215841 0.038143
v -0.118021 1.215021 0.065024
v -0.085250 1.221474 0.088992
v -0.046766 1.236562 0.098116
v -0.014391 1.267118 0.101468
v -0.042608 0.948943 0.066721
v -0.039025 0.960200 0.071416
v -0.033411 0.979272 0.084015
v -0.024092 0.908806 0.036035
v -0.016399 0.996561 -0.128108
v -0.124945 0.988549 0.062850
v -0.144077 1.032482 -0.009301
v -0.146666 1.014233 0.028316
v -0.116733 0.933095 0.060077
v -0.149810 0.990026 0.000677
v -0.056580 0.953789 0.063334
v -0.050237 1.015066 0.084593
v -0.064042 0.972618 0.069613
v -0.033610 1.025244 0.087834
v -0.060889 0.981313 0.076496
v -0.085547 0.921438 0.066175
v -0.081634 1.119202 0.063408
v -0.039264 1.415200 -0.121143
v -0.101177 1.320248 -0.112787
v -0.105530 1.336349 -0.113385
v -0.088153 0.965725 0.076970
v -0.098632 1.017638 0.072205
v -0.087338 1.018414 0.084529
v -0.066440 1.030269 0.081955
v -0.058635 0.956087 -0.115368
v -0.102838 0.968432 -0.104135
v -0.121345 1.040495 -0.076832
v -0.139199 0.996018 -0.062929
v -0.019121 0.946334 -0.105690
v -0.061099 0.906040 0.044883
v -0.226492 1.386127 -0.038666
v -0.226875 1.384624 -0.002208
v -0.195167 1.350722 0.036631
v -0.200279 1.345381 -0.080866
v -0.214910 1.370936 -0.060619
v -0.171368 1.324879 0.043962
v -0.165090 1.254674 -0.031421
v -0.168125 1.272395 0.024224
v -0.162068 1.301451 0.038686
v -0.156203 1.301739 0.043857
v -0.147434 1.303970 0.051206
v -0.143985 1.299027 0.066002
v -0.168308 1.313698 -0.081644
v -0.180616 1.322401 -0.088412
v -0.232349 1.357558 -0.026295
v -0.229268 1.352468 -0.011153
v -0.206393 1.336689 0.024142
v -0.205380 1.330881 -0.072097
v -0.221610 1.350121 -0.048881
v -0.175747 1.313550 0.036602
v -0.165471 1.261414 -0.061867
v -0.163735 1.297451 -0.074828
v -0.165555 1.260847 0.002921
v -0.168283 1.296788 0.035440
v -0.186418 1.311140 -0.080564
v -0.254551 1.317015 -0.034015
v -0.248025 1.298201 -0.002130
v -0.228114 1.303571 0.024898
v -0.226434 1.303870 -0.077782
v -0.238511 1.313688 -0.053908
v -0.200925 1.271008 0.038847
v -0.188793 1.221271 -0.057512
v -0.183428 1.214769 -0.031915
v -0.183966 1.226384 0.016361
v -0.189530 1.239859 -0.070651
v -0.181816 1.215337 -0.002954
v -0.187626 1.241840 0.034167
v -0.192166 1.255381 -0.079757
v -0.205653 1.275980 -0.086592
v -0.266133 1.259976 -0.038869
v -0.262551 1.256093 -0.009043
v -0.252800 1.247046 0.007545
v -0.257402 1.233038 -0.069356
v -0.262958 1.246656 -0.057045
v -0.229314 1.224910 0.025365
v -0.224843 1.195728 -0.063996
v -0.218180 1.187312 -0.047422
v -0.215719 1.192321 -0.000489
v -0.231566 1.197868 -0.075546
v -0.216174 1.188654 -0.020207
v -0.217281 1.208644 0.024025
v -0.238727 1.205021 -0.075506
v -0.249857 1.217408 -0.076253
v 0.000577 1.491493 0.008862
v 0.000577 1.563636 -0.098440
v 0.000577 1.550600 -0.096316
v 0.000577 1.528833 -0.098579
v 0.000577 1.474424 0.005588
v 0.000577 1.504547 -0.105787
v 0.000577 1.463223 -0.109803
v 0.000577 1.220428 0.102150
v 0.000577 1.231406 0.102919
v 0.000577 1.442861 0.025227
v 0.000577 1.458260 0.015416
v 0.000577 1.274856 0.102913
v 0.000577 1.278144 0.104378
v 0.000577 1.308775 0.104750
v 0.000577 1.293279 0.108376
v 0.000577 1.243158 0.101579
v 0.000577 0.901069 0.038029
v 0.000577 1.245074 0.101639
v -0.027841 0.855229 0.044406
v -0.011014 0.860776 0.011043
v -0.015311 0.885140 0.010674
v -0.010432 0.881138 -0.053471
v -0.004298 0.895834 -0.052524
v -0.059864 0.851915 0.048665
v -0.034760 0.877712 -0.101066
v -0.026737 0.905360 -0.088486
v -0.008269 0.861779 -0.057279
v -0.113232 0.942359 -0.092369
v -0.126974 0.890735 -0.107878
v -0.062524 0.917129 -0.091999
v -0.068589 0.881527 -0.105504
v -0.192909 0.802012 -0.070250
v -0.202584 0.818685 -0.027355
v -0.174485 0.934255 -0.006995
v -0.161672 0.954301 -0.053041
v -0.194722 0.811609 0.020271
v -0.162184 0.912544 0.013548
v -0.087956 0.775031 0.072986
v -0.070166 0.770934 0.046493
v -0.088448 0.855652 0.071782
v -0.041503 0.784686 0.034324
v -0.007777 0.779252 0.011181
v -0.008074 0.798079 -0.063000
v -0.044955 0.786269 -0.114710
v -0.149626 0.785848 -0.121882
v -0.093072 0.778450 -0.117590
v -0.208203 0.695976 -0.033800
v -0.197763 0.693034 -0.063855
v -0.203909 0.691590 0.006062
v -0.177582 0.792765 0.027818
v -0.086321 0.688609 0.033476
v -0.096501 0.670057 0.041771
v -0.161365 0.668117 0.044402
v -0.126594 0.661175 0.049358
v -0.128764 0.772129 0.071271
v -0.167416 0.782682 0.049740
v -0.030705 0.724255 0.016552
v -0.058013 0.729008 0.038214
v -0.037533 0.706110 -0.078568
v -0.065753 0.688555 -0.110626
v -0.165594 0.680611 -0.097862
v -0.115948 0.678291 -0.108983
v -0.124939 0.868141 0.061818
v -0.154755 0.890253 0.036654
v -0.202192 0.600842 -0.026146
v -0.206235 0.601317 -0.005103
v -0.174486 0.682024 0.029281
v -0.175257 0.600112 0.020956
v -0.155726 0.599077 0.031866
v -0.135182 0.594489 0.040884
v -0.091862 0.588259 0.011889
v -0.110548 0.589983 0.039100
v -0.074783 0.589978 -0.008893
v -0.147579 0.964103 0.040459
v -0.086803 0.591471 -0.059157
v -0.105836 0.591623 -0.082238
v -0.138940 0.593571 -0.087173
v -0.170138 0.596056 -0.078631
v -0.189042 0.599728 -0.059503
v -0.036876 1.525723 0.014294
v -0.043860 1.534726 0.002594
v -0.042966 1.531377 0.017781
v -0.009875 1.494655 0.013116
v -0.022280 1.506250 0.019012
v -0.008640 1.503698 0.023254
v -0.031053 1.498767 0.014746
v -0.021313 1.497740 0.020989
v -0.045700 1.542938 -0.012306
v -0.045961 1.569273 -0.054526
v -0.045262 1.554883 -0.032717
v -0.046209 1.563444 -0.042688
v -0.044767 1.565745 -0.066489
v 0.000577 1.496881 0.060314
v 0.000577 1.503551 0.069397
v 0.000577 1.501440 0.019900
v 0.000577 1.503998 0.034209
v 0.000577 1.190117 -0.098899
v 0.000577 1.149737 -0.078001
v 0.000577 1.398611 0.065025
v 0.000577 1.404433 0.058953
v 0.000577 1.425427 0.043941
v 0.000577 1.327953 0.098868
v 0.000577 1.348262 0.095899
v 0.000577 1.352358 -0.120619
v 0.000577 1.290670 -0.121500
v 0.000577 1.064920 -0.101702
v 0.000577 1.085635 -0.090736
v 0.000577 1.241748 -0.107109
v 0.000577 1.423159 -0.113816
v 0.000577 1.382219 -0.113612
v 0.000577 1.102793 -0.078917
v 0.000577 1.034669 0.082074
v 0.000577 1.028944 0.082926
v 0.000577 1.352316 0.093793
v 0.000577 1.382128 0.077302
v 0.000577 1.173325 0.101877
v 0.000577 0.917855 0.065929
v 0.000577 0.973378 0.086181
v 0.000577 0.998821 -0.114192
v 0.000577 0.944644 -0.092984
v 0.000577 1.071305 0.090813
v 0.000577 1.122663 0.091914
v 0.000577 0.888346 0.010594
v 0.000577 0.899039 -0.051180
v 0.025201 1.514072 0.027327
v 0.029428 1.513567 0.042470
v 0.044121 1.531377 0.017781
v 0.038031 1.525724 0.014294
v 0.012948 1.506792 0.031713
v 0.016972 1.500005 0.054407
v 0.032122 1.568051 -0.087769
v 0.030290 1.553282 -0.090571
v 0.044337 1.551820 -0.073627
v 0.045922 1.565744 -0.066489
v 0.014379 1.564760 -0.096882
v 0.013789 1.552607 -0.097364
v 0.040695 1.531171 0.035963
v 0.028988 1.516255 0.054820
v 0.007792 1.503775 0.067320
v 0.007718 1.496754 0.058192
v 0.018940 1.507162 0.063162
v 0.006270 1.504624 0.033210
v 0.009794 1.503698 0.023254
v 0.011030 1.494654 0.013116
v 0.023434 1.506250 0.019012
v 0.047682 1.558773 -0.052318
v 0.047211 1.545793 -0.058294
v 0.046492 1.542843 -0.031302
v 0.047642 1.551620 -0.041991
v 0.046227 1.538718 -0.046838
v 0.048013 1.528174 -0.032200
v 0.043939 1.533497 -0.017244
v 0.040930 1.512311 -0.014832
v 0.044031 1.531883 -0.081424
v 0.048265 1.526958 -0.065559
v 0.028508 1.531951 -0.094708
v 0.012138 1.530392 -0.098680
v 0.011812 1.477343 0.009629
v 0.046984 1.513524 -0.048289
v 0.050136 1.504181 -0.028951
v 0.045242 1.497421 -0.012360
v 0.039172 1.505378 0.001100
v 0.032207 1.498767 0.014746
v 0.042222 1.524906 -0.002455
v 0.040296 1.493429 0.002517
v 0.032010 1.485800 0.019764
v 0.099805 1.006324 -0.103537
v 0.122500 1.040495 -0.076832
v 0.113094 1.065624 -0.055187
v 0.078866 1.059540 -0.082725
v 0.017553 0.996561 -0.128108
v 0.050714 0.998432 -0.133862
v 0.043336 1.049320 -0.120309
v 0.018770 1.049383 -0.116600
v 0.008174 1.240676 -0.109165
v 0.009583 1.198082 -0.099395
v 0.018255 1.211333 -0.102690
v 0.021256 1.232785 -0.112395
v 0.091205 1.404001 -0.118992
v 0.132381 1.393314 -0.116861
v 0.138104 1.430353 -0.102285
v 0.096239 1.446192 -0.103566
v 0.011096 1.420947 -0.118090
v 0.021241 1.415809 -0.123377
v 0.031997 1.465847 -0.113892
v 0.016326 1.466100 -0.112663
v 0.065197 0.972618 0.069614
v 0.043762 0.948943 0.066721
v 0.040180 0.960200 0.071416
v 0.062043 0.981313 0.076496
v 0.089879 1.239631 0.083959
v 0.053294 1.253006 0.096863
v 0.059979 1.260990 0.107927
v 0.100590 1.247492 0.087660
v 0.156381 1.458116 -0.059780
v 0.144144 1.436753 -0.081184
v 0.179382 1.424654 -0.081944
v 0.191529 1.440219 -0.051856
v 0.107619 1.176289 -0.048100
v 0.107640 1.144098 -0.050520
v 0.124086 1.145655 -0.026337
v 0.117754 1.174547 -0.020824
v 0.190990 1.439129 -0.014104
v 0.154542 1.453328 -0.020487
v 0.151744 1.263177 -0.033247
v 0.157597 1.266584 -0.056116
v 0.154987 1.229386 -0.047253
v 0.147385 1.230978 -0.031106
v 0.125105 1.171019 -0.002591
v 0.119120 1.146933 -0.005334
v 0.113150 1.413040 0.023804
v 0.141377 1.434183 0.012507
v 0.167993 1.409907 0.033257
v 0.140118 1.377042 0.051223
v 0.130139 1.250442 0.052711
v 0.139321 1.277092 0.050704
v 0.150744 1.268527 0.030234
v 0.150538 1.241182 0.036435
v 0.103389 1.153941 0.056164
v 0.125066 1.162966 0.028328
v 0.120745 1.138561 0.020865
v 0.102803 1.127510 0.055360
v 0.107936 1.471442 -0.051200
v 0.101710 1.454583 -0.030689
v 0.080121 1.462822 -0.025391
v 0.081976 1.488523 -0.048683
v 0.014454 1.505988 -0.107330
v 0.016458 1.431658 0.046292
v 0.018925 1.455099 0.031612
v 0.032355 1.453884 0.029943
v 0.028852 1.430839 0.044675
v 0.108338 1.363792 -0.122853
v 0.128032 1.341061 -0.109520
v 0.149266 1.382951 -0.108123
v 0.080029 1.181335 -0.064205
v 0.044061 1.174199 -0.082777
v 0.040554 1.153382 -0.070216
v 0.080231 1.158453 -0.058543
v 0.008666 1.350003 -0.128287
v 0.028504 1.345501 -0.128124
v 0.021746 1.380717 -0.119571
v 0.012811 1.381273 -0.115888
v 0.007435 1.151240 -0.077409
v 0.095229 1.401665 0.049745
v 0.051790 1.401976 0.062760
v 0.051378 1.415486 0.064065
v 0.086554 1.415516 0.050356
v 0.069605 1.180831 0.087378
v 0.068999 1.151847 0.079112
v 0.037542 1.167966 0.096913
v 0.035317 1.208581 0.101574
v 0.041531 1.217306 0.101433
v 0.206194 1.396747 -0.071359
v 0.216904 1.411425 -0.047492
v 0.145195 1.206098 -0.027239
v 0.143194 1.207142 -0.043242
v 0.125912 1.191037 -0.039095
v 0.129741 1.189457 -0.022204
v 0.216830 1.413458 -0.005930
v 0.101167 1.165524 0.066612
v 0.132149 1.182610 0.032651
v 0.036412 1.427127 0.035119
v 0.043034 1.453432 0.012947
v 0.013627 1.408675 0.058441
v 0.033411 1.415940 0.049397
v 0.160178 1.334244 0.049167
v 0.152318 1.327871 0.052280
v 0.130479 1.370641 0.049201
v 0.100189 1.430639 0.013818
v 0.109062 1.429543 0.018435
v 0.103119 1.424743 0.029134
v 0.091292 1.424208 0.023400
v 0.015010 1.403968 0.071400
v 0.033584 1.469337 0.023338
v 0.019075 1.467948 0.025992
v 0.020318 1.484218 0.021389
v 0.046450 1.470633 0.007620
v 0.061846 1.485559 -0.040010
v 0.064845 1.501583 -0.060100
v 0.055551 1.456385 -0.100839
v 0.076511 1.456118 -0.098908
v 0.081356 1.473143 -0.084379
v 0.060061 1.486443 -0.092321
v 0.056760 1.407127 -0.111215
v 0.067712 1.407184 -0.116076
v 0.065189 1.326917 -0.123314
v 0.075574 1.355218 -0.111331
v 0.033167 1.377286 -0.120709
v 0.051725 1.340036 -0.122643
v 0.045305 1.503855 -0.099322
v 0.050510 1.463731 -0.110907
v 0.040419 1.415200 -0.121143
v 0.058290 1.481550 -0.019771
v 0.054247 1.476518 -0.004850
v 0.074947 1.444192 0.013602
v 0.059639 1.467049 0.000664
v 0.072156 1.463780 -0.009876
v 0.088725 1.448136 -0.000568
v 0.008364 1.443733 0.026982
v 0.005213 1.424963 0.043075
v 0.012988 1.460164 0.013368
v 0.040260 1.238586 -0.108033
v 0.052797 1.281316 -0.120025
v 0.029438 1.287066 -0.128418
v 0.050783 1.236474 -0.100664
v 0.062447 1.282248 -0.120682
v 0.025417 1.175409 -0.089850
v 0.033289 1.215785 -0.098621
v 0.014292 1.142487 -0.077511
v 0.131632 1.447418 -0.005748
v 0.137262 1.454501 -0.050606
v 0.076931 1.421718 0.041891
v 0.103431 1.404089 0.033758
v 0.144681 1.329466 0.064816
v 0.124263 1.363767 0.062750
v 0.144227 1.266935 0.066430
v 0.119175 1.215021 0.065024
v 0.086405 1.221474 0.088992
v 0.075089 1.237895 -0.101882
v 0.101966 1.237520 -0.100459
v 0.102267 1.275439 -0.109680
v 0.073086 1.281512 -0.111587
v 0.011745 1.287023 -0.128121
v 0.063775 1.295226 0.117354
v 0.110250 1.286327 0.101033
v 0.014238 1.330078 0.104441
v 0.013656 1.359974 0.096925
v 0.142857 1.224891 -0.071307
v 0.126710 1.197791 -0.057747
v 0.144324 1.215841 0.038143
v 0.044403 1.219695 -0.097217
v 0.007964 1.092056 -0.088405
v 0.032823 1.090295 -0.089951
v 0.025064 1.110910 -0.078693
v 0.012763 1.106785 -0.078453
v 0.103100 1.101060 -0.042185
v 0.128401 1.094185 -0.034041
v 0.118857 1.108981 -0.026126
v 0.130132 1.092508 -0.009816
v 0.115517 1.105281 -0.004860
v 0.110221 1.093672 0.018891
v 0.104848 1.077783 0.044841
v 0.102761 1.103364 0.050910
v 0.114756 1.117227 0.028711
v 0.110290 1.328731 0.099369
v 0.101518 1.363901 0.084632
v 0.107593 1.457533 -0.086269
v 0.106685 1.336349 -0.113386
v 0.085454 1.358901 -0.119226
v 0.107630 1.296750 -0.112381
v 0.083042 1.306004 -0.118954
v 0.094449 1.446136 -0.013237
v 0.110900 1.438051 -0.004590
v 0.120298 1.448901 -0.036086
v 0.114295 1.439234 0.008142
v 0.104571 1.437824 0.007961
v 0.184096 1.380111 0.038207
v 0.162332 1.413474 -0.094514
v 0.187771 1.373169 -0.088182
v 0.169243 1.349119 -0.097358
v 0.149316 1.304344 -0.076635
v 0.136006 1.303345 -0.097629
v 0.138058 1.292231 -0.091593
v 0.156144 1.278944 -0.062005
v 0.156050 1.276279 -0.030353
v 0.161336 1.284989 0.025391
v 0.159159 1.276291 0.002928
v 0.156382 1.271169 0.002589
v 0.156929 1.283221 0.034820
v 0.163223 1.301451 0.038686
v 0.157358 1.301738 0.043857
v 0.155642 1.261066 -0.001343
v 0.153835 1.235612 0.000594
v 0.149873 1.218155 0.002356
v 0.157153 1.332484 -0.089436
v 0.055034 1.509036 -0.084414
v 0.082286 1.485202 -0.071371
v 0.065956 1.499344 -0.077780
v 0.106173 1.470907 -0.068600
v 0.120776 1.464618 -0.045058
v 0.126313 1.455644 -0.077529
v 0.125021 1.462416 -0.063166
v 0.145565 1.259994 -0.079476
v 0.102331 1.320248 -0.112787
v 0.097845 1.206279 -0.083069
v 0.116305 1.187596 -0.050213
v 0.091992 1.187730 -0.066621
v 0.032112 1.506965 -0.104767
v 0.014075 1.391119 0.073032
v 0.062814 1.329602 0.112615
v 0.059690 1.366943 0.099689
v 0.016258 1.271295 0.106088
v 0.014151 1.289919 0.111713
v 0.015546 1.267118 0.101468
v 0.148589 1.303969 0.051206
v 0.145140 1.299028 0.066002
v 0.120227 1.123476 -0.030648
v 0.113731 1.122125 0.002739
v 0.082789 1.119202 0.063408
v 0.076038 1.079626 0.067743
v 0.045627 1.120390 -0.070077
v 0.074972 1.125881 -0.057233
v 0.056587 1.114198 0.065023
v 0.029792 1.119854 0.088154
v 0.053654 1.094801 -0.080674
v 0.080285 1.109962 -0.059585
v 0.088272 1.057679 0.070115
v 0.141937 1.032314 -0.055153
v 0.131706 1.066870 -0.034088
v 0.132518 1.066488 -0.006718
v 0.135325 1.056515 0.027554
v 0.120389 1.036775 0.055436
v 0.124569 1.067422 0.049109
v 0.128275 1.078225 0.024872
v 0.108030 1.046432 0.068817
v 0.099787 1.017638 0.072205
v 0.137635 1.187806 0.005835
v 0.136696 1.196089 0.036835
v 0.144452 1.199296 0.005124
v 0.047921 1.236562 0.098116
v 0.061602 1.430372 0.026560
v 0.145231 1.032482 -0.009300
v 0.147820 1.014233 0.028316
v 0.126099 0.988549 0.062850
v 0.089308 0.965725 0.076970
v 0.103263 1.179866 0.075289
v 0.077305 1.194423 0.089483
v 0.067594 1.030269 0.081955
v 0.088493 1.018414 0.084529
v 0.057735 0.953789 0.063334
v 0.040271 1.038788 0.084561
v 0.034765 1.025244 0.087834
v 0.020445 0.919887 0.059944
v 0.034566 0.979271 0.084015
v 0.025246 0.908806 0.036035
v 0.140354 0.996018 -0.062929
v 0.150965 0.990027 0.000677
v 0.148734 0.964102 0.040458
v 0.117888 0.933095 0.060077
v 0.051391 1.015067 0.084593
v 0.038600 1.070732 0.086567
v 0.059790 0.956087 -0.115368
v 0.103992 0.968432 -0.104135
v 0.020276 0.946335 -0.105690
v 0.086702 0.921438 0.066175
v 0.062253 0.906040 0.044884
v 0.227647 1.386127 -0.038666
v 0.228030 1.384624 -0.002208
v 0.196322 1.350722 0.036631
v 0.201434 1.345381 -0.080866
v 0.216065 1.370936 -0.060619
v 0.172523 1.324879 0.043962
v 0.181771 1.322401 -0.088412
v 0.166244 1.254674 -0.031421
v 0.166626 1.261414 -0.061867
v 0.169279 1.272396 0.024224
v 0.166710 1.260847 0.002921
v 0.164889 1.297451 -0.074828
v 0.169438 1.296788 0.035440
v 0.169463 1.313698 -0.081644
v 0.233503 1.357558 -0.026295
v 0.230423 1.352468 -0.011153
v 0.207548 1.336689 0.024142
v 0.206535 1.330882 -0.072097
v 0.222765 1.350120 -0.048881
v 0.176902 1.313549 0.036602
v 0.187573 1.311140 -0.080564
v 0.255706 1.317016 -0.034015
v 0.249180 1.298201 -0.002130
v 0.229268 1.303572 0.024898
v 0.227589 1.303870 -0.077782
v 0.239665 1.313687 -0.053908
v 0.202079 1.271008 0.038847
v 0.206807 1.275980 -0.086592
v 0.184582 1.214769 -0.031915
v 0.189948 1.221271 -0.057512
v 0.185121 1.226383 0.016361
v 0.182970 1.215338 -0.002954
v 0.190685 1.239859 -0.070651
v 0.188780 1.241841 0.034167
v 0.193321 1.255381 -0.079758
v 0.267288 1.259975 -0.038869
v 0.263706 1.256092 -0.009043
v 0.258557 1.233038 -0.069356
v 0.264113 1.246656 -0.057045
v 0.253954 1.247046 0.007545
v 0.230469 1.224910 0.025365
v 0.251011 1.217409 -0.076253
v 0.219335 1.187312 -0.047422
v 0.225998 1.195728 -0.063996
v 0.216873 1.192322 -0.000489
v 0.217329 1.188654 -0.020207
v 0.218435 1.208644 0.024025
v 0.239881 1.205021 -0.075506
v 0.232721 1.197867 -0.075546
v 0.028996 0.855229 0.044406
v 0.012168 0.860776 0.011043
v 0.016465 0.885141 0.010674
v 0.011587 0.881138 -0.053471
v 0.005453 0.895834 -0.052524
v 0.061019 0.851914 0.048665
v 0.035914 0.877712 -0.101066
v 0.027892 0.905360 -0.088486
v 0.009424 0.861779 -0.057279
v 0.114387 0.942359 -0.092369
v 0.063678 0.917128 -0.091999
v 0.069743 0.881527 -0.105504
v 0.128128 0.890735 -0.107878
v 0.162826 0.954301 -0.053041
v 0.194064 0.802012 -0.070250
v 0.203739 0.818685 -0.027356
v 0.175639 0.934255 -0.006995
v 0.195876 0.811609 0.020271
v 0.163338 0.912544 0.013548
v 0.089110 0.775031 0.072986
v 0.071320 0.770934 0.046493
v 0.089603 0.855652 0.071782
v 0.042658 0.784686 0.034324
v 0.008932 0.779252 0.011181
v 0.009228 0.798080 -0.063000
v 0.046110 0.786269 -0.114710
v 0.150780 0.785848 -0.121882
v 0.094227 0.778449 -0.117590
v 0.209357 0.695976 -0.033800
v 0.198918 0.693034 -0.063855
v 0.205063 0.691590 0.006062
v 0.175640 0.682024 0.029281
v 0.178737 0.792764 0.027818
v 0.082628 0.688609 0.033476
v 0.097656 0.670057 0.041771
v 0.162520 0.668117 0.044401
v 0.127749 0.661175 0.049358
v 0.129918 0.772129 0.071271
v 0.168571 0.782682 0.049740
v 0.035832 0.724255 0.016552
v 0.059168 0.729008 0.038214
v 0.037813 0.706110 -0.078568
v 0.066033 0.688555 -0.110626
v 0.166748 0.680611 -0.097862
v 0.117102 0.678291 -0.108983
v 0.139198 0.593571 -0.087173
v 0.170396 0.596056 -0.078631
v 0.126093 0.868141 0.061818
v 0.155910 0.890253 0.036653
v 0.202451 0.600841 -0.026146
v 0.206493 0.601317 -0.005103
v 0.175515 0.600112 0.020956
v 0.155984 0.599077 0.031866
v 0.110806 0.589983 0.039100
v 0.092120 0.588259 0.011889
v 0.135441 0.594489 0.040884
v 0.075041 0.589978 -0.008893
v 0.087061 0.591471 -0.059157
v 0.106093 0.591624 -0.082238
v 0.189300 0.599728 -0.059503
v 0.045015 1.534726 0.002594
v 0.046855 1.542939 -0.012306
v 0.022467 1.497740 0.020989
v 0.046416 1.554882 -0.032717
v 0.047364 1.563445 -0.042688
v 0.047116 1.569274 -0.054526
vt 0.060159 0.116421
vt 0.066881 0.146497
vt 0.041335 0.154838
vt 0.033707 0.128800
vt 0.219846 0.039691
vt 0.253877 0.026383
vt 0.254501 0.071040
vt 0.221395 0.081198
vt 0.087332 0.252006
vt 0.121316 0.259218
vt 0.116375 0.285478
vt 0.075584 0.270916
vt 0.090118 0.203895
vt 0.077743 0.233759
vt 0.056680 0.196863
vt 0.079675 0.174831
vt 0.096846 0.128400
vt 0.104906 0.156757
vt 0.179767 0.121945
vt 0.179872 0.152274
vt 0.141159 0.166875
vt 0.135496 0.137100
vt 0.186584 0.221577
vt 0.195510 0.247421
vt 0.160207 0.252935
vt 0.158536 0.226514
vt 0.134890 0.076370
vt 0.180779 0.060098
vt 0.176876 0.097327
vt 0.132588 0.110987
vt 0.112821 0.184140
vt 0.097645 0.235266
vt 0.316960 0.247657
vt 0.312820 0.254512
vt 0.303065 0.243973
vt 0.306165 0.234402
vt 0.216730 0.204693
vt 0.181336 0.186404
vt 0.220960 0.178847
vt 0.091636 0.098348
vt 0.220473 0.113112
vt 0.219697 0.098510
vt 0.132477 0.234673
vt 0.121552 0.212513
vt 0.149478 0.194289
vt 0.230802 0.123150
vt 0.208151 0.142700
vt 0.229357 0.208990
vt 0.012507 0.163149
vt 0.006954 0.137452
vt 0.277683 0.057995
vt 0.277741 0.022786
vt 0.286337 0.022136
vt 0.282828 0.038012
vt 0.054214 0.252864
vt 0.027367 0.210284
vt 0.231128 0.142817
vt 0.254935 0.136323
vt 0.239737 0.179623
vt 0.198550 0.281750
vt 0.161532 0.285053
vt 0.250639 0.099807
vt 0.252389 0.085012
vt 0.284657 0.214278
vt 0.300682 0.212735
vt 0.293662 0.231651
vt 0.285382 0.231637
vt 0.254001 0.116808
vt 0.282345 0.118052
vt 0.265014 0.121395
vt 0.266852 0.115911
vt 0.282604 0.109250
vt 0.230788 0.137075
vt 0.231476 0.127708
vt 0.255722 0.120948
vt 0.251667 0.129912
vt 0.260606 0.113757
vt 0.217429 0.138056
vt 0.262465 0.096382
vt 0.247582 0.170237
vt 0.264773 0.124829
vt 0.267542 0.083724
vt 0.269794 0.060295
vt 0.268750 0.021996
vt 0.271824 0.097087
vt 0.275265 0.085478
vt 0.283662 0.083717
vt 0.282975 0.098749
vt 0.285473 0.061052
vt 0.281860 0.147285
vt 0.282239 0.122567
vt 0.329025 0.263062
vt 0.323216 0.264122
vt 0.308449 0.262544
vt 0.302332 0.259304
vt 0.294690 0.257022
vt 0.286338 0.254436
vt 0.318385 0.267735
vt 0.308248 0.286825
vt 0.300058 0.283701
vt 0.293972 0.282905
vt 0.287518 0.282458
vt 0.299438 0.306724
vt 0.295956 0.305333
vt 0.291855 0.304720
vt 0.288447 0.304522
vt 0.313602 0.289672
vt 0.303438 0.308304
vt 0.504584 0.117789
vt 0.530785 0.130196
vt 0.523028 0.156283
vt 0.497688 0.147960
vt 0.348732 0.041186
vt 0.345779 0.083352
vt 0.313715 0.072947
vt 0.316900 0.027485
vt 0.476473 0.253516
vt 0.488145 0.272376
vt 0.447280 0.286881
vt 0.442419 0.260698
vt 0.474013 0.205479
vt 0.484693 0.176365
vt 0.507459 0.198333
vt 0.486161 0.235220
vt 0.459730 0.158373
vt 0.468074 0.129920
vt 0.385866 0.123493
vt 0.429537 0.138777
vt 0.423383 0.168533
vt 0.384725 0.153715
vt 0.377203 0.222805
vt 0.405326 0.227881
vt 0.403515 0.254252
vt 0.368194 0.248628
vt 0.430892 0.077775
vt 0.432826 0.112597
vt 0.389109 0.099155
vt 0.386031 0.061591
vt 0.451514 0.185781
vt 0.466247 0.236866
vt 0.255257 0.250243
vt 0.264902 0.236127
vt 0.268793 0.245406
vt 0.259958 0.256726
vt 0.346948 0.205925
vt 0.342795 0.180204
vt 0.382659 0.187680
vt 0.473515 0.099725
vt 0.345027 0.115200
vt 0.346396 0.100821
vt 0.414685 0.195796
vt 0.442509 0.214106
vt 0.431392 0.236180
vt 0.356131 0.144653
vt 0.333890 0.125032
vt 0.334265 0.210222
vt 0.551727 0.164644
vt 0.557402 0.138913
vt 0.293155 0.061460
vt 0.509587 0.254332
vt 0.536633 0.211804
vt 0.323848 0.180859
vt 0.309180 0.137473
vt 0.332991 0.144406
vt 0.402077 0.286333
vt 0.365037 0.282916
vt 0.315407 0.101793
vt 0.314752 0.087209
vt 0.277133 0.232341
vt 0.268559 0.214077
vt 0.310809 0.118393
vt 0.297958 0.116791
vt 0.299493 0.122263
vt 0.333428 0.138792
vt 0.312613 0.131219
vt 0.308879 0.122330
vt 0.332998 0.129567
vt 0.304340 0.115029
vt 0.346825 0.140105
vt 0.303833 0.097821
vt 0.315750 0.171404
vt 0.299587 0.125663
vt 0.299888 0.085378
vt 0.300145 0.062626
vt 0.303394 0.022397
vt 0.294295 0.097967
vt 0.291901 0.086507
vt 0.295125 0.021877
vt 0.250408 0.267176
vt 0.244530 0.266608
vt 0.270811 0.260621
vt 0.264990 0.264362
vt 0.278232 0.257710
vt 0.255526 0.270370
vt 0.275127 0.284739
vt 0.267228 0.288538
vt 0.281123 0.283440
vt 0.281037 0.305946
vt 0.277688 0.307617
vt 0.285069 0.304998
vt 0.262133 0.291825
vt 0.273835 0.309520
vt 0.289778 0.337070
vt 0.029885 0.811596
vt 0.008517 0.815321
vt 0.007978 0.774954
vt 0.029735 0.773729
vt 0.024570 0.845531
vt 0.042696 0.844458
vt 0.043285 0.742009
vt 0.024210 0.736002
vt 0.037526 0.718663
vt 0.058890 0.718924
vt 0.036875 0.871135
vt 0.056573 0.872713
vt 0.042041 0.690510
vt 0.065705 0.694581
vt 0.076261 0.629902
vt 0.062774 0.624245
vt 0.076144 0.602959
vt 0.088761 0.608875
vt 0.059311 0.945057
vt 0.048571 0.918654
vt 0.065550 0.916182
vt 0.071816 0.939456
vt 0.058615 0.643546
vt 0.075885 0.649385
vt 0.046565 0.898319
vt 0.062184 0.899234
vt 0.090091 0.972443
vt 0.078572 0.980209
vt 0.049788 0.663078
vt 0.070447 0.671099
vt 0.029885 0.811596
vt 0.008517 0.815321
vt 0.007978 0.774954
vt 0.029735 0.773729
vt 0.024570 0.845531
vt 0.008517 0.815321
vt 0.042696 0.844458
vt 0.043285 0.742009
vt 0.024210 0.736002
vt 0.037526 0.718663
vt 0.058890 0.718924
vt 0.036875 0.871135
vt 0.024570 0.845531
vt 0.042696 0.844458
vt 0.056573 0.872713
vt 0.058890 0.718924
vt 0.037526 0.718663
vt 0.042041 0.690510
vt 0.065705 0.694581
vt 0.029735 0.773729
vt 0.007978 0.774954
vt 0.024210 0.736002
vt 0.043285 0.742009
vt 0.076261 0.629902
vt 0.062774 0.624245
vt 0.076144 0.602959
vt 0.088761 0.608875
vt 0.059311 0.945057
vt 0.048571 0.918654
vt 0.065550 0.916182
vt 0.071816 0.939456
vt 0.058615 0.643546
vt 0.062774 0.624245
vt 0.075885 0.649385
vt 0.046565 0.898319
vt 0.036875 0.871135
vt 0.056573 0.872713
vt 0.062184 0.899234
vt 0.090091 0.972443
vt 0.078572 0.980209
vt 0.071816 0.939456
vt 0.048571 0.918654
vt 0.046565 0.898319
vt 0.062184 0.899234
vt 0.065550 0.916182
vt 0.065705 0.694581
vt 0.042041 0.690510
vt 0.049788 0.663078
vt 0.070447 0.671099
vt 0.058615 0.643546
vt 0.075885 0.649385
vt 0.070447 0.671099
vt 0.971772 0.829065
vt 0.980328 0.885426
vt 0.942037 0.924650
vt 0.942808 0.827714
vt 0.904363 0.952503
vt 0.923467 0.826423
vt 0.874880 0.819575
vt 0.843397 0.906250
vt 0.831216 0.858179
vt 0.862520 0.804627
vt 0.872481 0.947245
vt 0.901929 0.823386
vt 0.979226 0.897177
vt 0.981236 0.931126
vt 0.943988 0.967236
vt 0.950962 0.932285
vt 0.909392 0.985809
vt 0.915619 0.960058
vt 0.903789 0.972917
vt 0.866992 0.966957
vt 0.860828 0.950393
vt 0.856588 0.976564
vt 0.828432 0.949305
vt 0.833505 0.910492
vt 0.809109 0.913518
vt 0.825509 0.874142
vt 0.986580 0.936928
vt 0.947147 0.976027
vt 0.900883 0.996951
vt 0.860104 0.988942
vt 0.823130 0.957226
vt 0.799347 0.914744
vt 0.985760 0.684372
vt 0.985489 0.732929
vt 0.953159 0.761317
vt 0.959967 0.677024
vt 0.923549 0.783432
vt 0.942607 0.673620
vt 0.898459 0.669105
vt 0.876609 0.744926
vt 0.865378 0.705980
vt 0.886994 0.659249
vt 0.899298 0.778649
vt 0.923104 0.670707
vt 0.986601 0.741511
vt 0.988231 0.770597
vt 0.955514 0.798246
vt 0.961561 0.768809
vt 0.927089 0.811660
vt 0.932563 0.790112
vt 0.923423 0.801874
vt 0.893812 0.795943
vt 0.889881 0.780939
vt 0.886921 0.802834
vt 0.864270 0.781560
vt 0.867760 0.748660
vt 0.847505 0.752482
vt 0.860032 0.718392
vt 0.993910 0.775573
vt 0.960381 0.804871
vt 0.920660 0.819389
vt 0.890334 0.811599
vt 0.858191 0.786558
vt 0.838971 0.755234
vt 0.990678 0.568727
vt 0.991221 0.579462
vt 0.957815 0.609900
vt 0.963947 0.562546
vt 0.932365 0.633319
vt 0.946239 0.559450
vt 0.902186 0.553412
vt 0.890698 0.595698
vt 0.873104 0.549686
vt 0.881864 0.550700
vt 0.911251 0.629071
vt 0.925920 0.555222
vt 0.991151 0.588653
vt 0.990276 0.616980
vt 0.961617 0.646685
vt 0.965785 0.616950
vt 0.935962 0.660372
vt 0.940882 0.639324
vt 0.933756 0.650404
vt 0.907400 0.645378
vt 0.902606 0.630975
vt 0.899539 0.652113
vt 0.879249 0.630834
vt 0.882791 0.598618
vt 0.865255 0.596677
vt 0.872424 0.564440
vt 0.996105 0.622335
vt 0.968067 0.653052
vt 0.931651 0.667695
vt 0.902679 0.661409
vt 0.872599 0.635910
vt 0.856718 0.597729
vt 0.971772 0.829065
vt 0.942808 0.827714
vt 0.942037 0.924650
vt 0.980328 0.885426
vt 0.923467 0.826423
vt 0.904363 0.952503
vt 0.874880 0.819575
vt 0.862520 0.804627
vt 0.831216 0.858179
vt 0.843397 0.906250
vt 0.901929 0.823386
vt 0.872481 0.947245
vt 0.979226 0.897177
vt 0.950962 0.932285
vt 0.943988 0.967236
vt 0.981236 0.931126
vt 0.915619 0.960058
vt 0.909392 0.985809
vt 0.903789 0.972917
vt 0.866992 0.966957
vt 0.860828 0.950393
vt 0.833505 0.910492
vt 0.828432 0.949305
vt 0.856588 0.976564
vt 0.825509 0.874142
vt 0.809109 0.913518
vt 0.986580 0.936928
vt 0.947147 0.976027
vt 0.900883 0.996951
vt 0.860104 0.988942
vt 0.823130 0.957226
vt 0.799347 0.914744
vt 0.985760 0.684372
vt 0.959967 0.677024
vt 0.953159 0.761317
vt 0.985489 0.732929
vt 0.942607 0.673620
vt 0.923549 0.783432
vt 0.898459 0.669105
vt 0.886994 0.659249
vt 0.865378 0.705980
vt 0.876609 0.744926
vt 0.923104 0.670707
vt 0.899298 0.778649
vt 0.986601 0.741511
vt 0.961561 0.768809
vt 0.955514 0.798246
vt 0.988231 0.770597
vt 0.932563 0.790112
vt 0.927089 0.811660
vt 0.923423 0.801874
vt 0.893812 0.795943
vt 0.889881 0.780939
vt 0.867760 0.748660
vt 0.864270 0.781560
vt 0.886921 0.802834
vt 0.860032 0.718392
vt 0.847505 0.752482
vt 0.993910 0.775573
vt 0.960381 0.804871
vt 0.920660 0.819389
vt 0.890334 0.811599
vt 0.858191 0.786558
vt 0.838971 0.755234
vt 0.990678 0.568727
vt 0.963947 0.562546
vt 0.957815 0.609900
vt 0.991221 0.579462
vt 0.946239 0.559450
vt 0.932365 0.633319
vt 0.902186 0.553412
vt 0.881864 0.550700
vt 0.873104 0.549686
vt 0.890698 0.595698
vt 0.925920 0.555222
vt 0.911251 0.629071
vt 0.991151 0.588653
vt 0.965785 0.616950
vt 0.961617 0.646685
vt 0.990276 0.616980
vt 0.940882 0.639324
vt 0.935962 0.660372
vt 0.933756 0.650404
vt 0.907400 0.645378
vt 0.902606 0.630975
vt 0.882791 0.598618
vt 0.879249 0.630834
vt 0.899539 0.652113
vt 0.872424 0.564440
vt 0.865255 0.596677
vt 0.996105 0.622335
vt 0.968067 0.653052
vt 0.931651 0.667695
vt 0.902679 0.661409
vt 0.872599 0.635910
vt 0.856718 0.597729
vt 0.544307 0.123600
vt 0.541410 0.050421
vt 0.554338 0.056975
vt 0.567344 0.141245
vt 0.544950 0.268448
vt 0.560075 0.259589
vt 0.563406 0.311211
vt 0.546420 0.313363
vt 0.542990 0.356806
vt 0.530100 0.356944
vt 0.530102 0.314767
vt 0.542010 0.235204
vt 0.543809 0.198815
vt 0.564931 0.196249
vt 0.561858 0.222259
vt 0.600130 0.304922
vt 0.616218 0.305178
vt 0.624568 0.335079
vt 0.597257 0.341960
vt 0.610717 0.279843
vt 0.628587 0.254652
vt 0.610561 0.173904
vt 0.628203 0.214587
vt 0.593983 0.206637
vt 0.579620 0.190205
vt 0.577251 0.355621
vt 0.586404 0.309268
vt 0.570816 0.061960
vt 0.587388 0.142485
vt 0.592287 0.086416
vt 0.598779 0.140438
vt 0.636699 0.309533
vt 0.643852 0.326352
vt 0.631625 0.262494
vt 0.647104 0.196952
vt 0.676315 0.197549
vt 0.648858 0.219788
vt 0.530106 0.199665
vt 0.530106 0.129589
vt 0.648846 0.159872
vt 0.620377 0.165862
vt 0.621052 0.141367
vt 0.661044 0.121921
vt 0.618874 0.077643
vt 0.647919 0.088662
vt 0.685639 0.064469
vt 0.714550 0.125361
vt 0.646426 0.042668
vt 0.530107 0.051861
vt 0.530104 0.276256
vt 0.561639 0.357102
vt 0.530106 0.233214
vt 0.567516 0.230727
vt 0.586057 0.025433
vt 0.566292 0.033196
vt 0.607899 0.019412
vt 0.588630 0.281661
vt 0.642010 0.182606
vt 0.695725 0.153749
vt 0.541195 0.040398
vt 0.551924 0.038069
vt 0.530107 0.041568
vt 0.642016 0.304868
vt 0.651100 0.330791
vt 0.638109 0.261667
vt 0.654216 0.223574
vt 0.680312 0.200438
vt 0.698532 0.157782
vt 0.649181 0.306754
vt 0.656522 0.323452
vt 0.646049 0.263204
vt 0.662434 0.224326
vt 0.690084 0.200221
vt 0.710016 0.153831
vt 0.542706 0.364174
vt 0.530098 0.364865
vt 0.596427 0.350130
vt 0.624274 0.342650
vt 0.575937 0.362486
vt 0.560059 0.363754
vt 0.666986 0.334710
vt 0.658748 0.336124
vt 0.545647 0.380471
vt 0.530098 0.382133
vt 0.530098 0.374408
vt 0.544213 0.372994
vt 0.633475 0.354100
vt 0.606651 0.360976
vt 0.600276 0.356013
vt 0.627700 0.348174
vt 0.584534 0.372359
vt 0.579028 0.367711
vt 0.654394 0.346851
vt 0.649426 0.340070
vt 0.567017 0.377668
vt 0.563568 0.371278
vt 0.589207 0.220985
vt 0.615232 0.225324
vt 0.667164 0.481403
vt 0.666061 0.466041
vt 0.683909 0.460511
vt 0.686899 0.476076
vt 0.666383 0.491803
vt 0.684358 0.488925
vt 0.647947 0.413789
vt 0.643911 0.404960
vt 0.659882 0.393999
vt 0.661784 0.408811
vt 0.652227 0.424559
vt 0.663557 0.426133
vt 0.656865 0.439526
vt 0.666816 0.440538
vt 0.660817 0.450900
vt 0.671353 0.447885
vt 0.649084 0.481286
vt 0.646270 0.468574
vt 0.649503 0.490445
vt 0.634789 0.420710
vt 0.629261 0.414762
vt 0.638248 0.433126
vt 0.640896 0.446473
vt 0.643229 0.457416
vt 0.630300 0.477859
vt 0.629377 0.469109
vt 0.629648 0.484799
vt 0.620047 0.434513
vt 0.616295 0.427759
vt 0.623898 0.440630
vt 0.626676 0.451156
vt 0.628033 0.460275
vt 0.604790 0.473790
vt 0.605168 0.468394
vt 0.604199 0.477205
vt 0.600649 0.449853
vt 0.598044 0.444756
vt 0.601876 0.452984
vt 0.602450 0.457787
vt 0.604547 0.462325
vt 0.515904 0.123600
vt 0.492866 0.141243
vt 0.505877 0.056973
vt 0.518807 0.050421
vt 0.515257 0.268446
vt 0.513783 0.313361
vt 0.496797 0.311207
vt 0.500132 0.259587
vt 0.517207 0.356804
vt 0.518200 0.235202
vt 0.498351 0.222257
vt 0.495280 0.196247
vt 0.516403 0.198813
vt 0.460073 0.304916
vt 0.462944 0.341954
vt 0.435633 0.335071
vt 0.443985 0.305172
vt 0.449486 0.279837
vt 0.431620 0.254646
vt 0.449652 0.173899
vt 0.480591 0.190203
vt 0.466226 0.206633
vt 0.432006 0.214583
vt 0.473799 0.309262
vt 0.482948 0.355617
vt 0.489399 0.061958
vt 0.472825 0.142481
vt 0.467928 0.086412
vt 0.461432 0.140434
vt 0.416349 0.326344
vt 0.423504 0.309525
vt 0.428583 0.262488
vt 0.413107 0.196946
vt 0.411352 0.219780
vt 0.383895 0.197541
vt 0.411367 0.159866
vt 0.399169 0.121913
vt 0.439162 0.141361
vt 0.439834 0.165858
vt 0.441341 0.077639
vt 0.345664 0.125351
vt 0.374578 0.064459
vt 0.412296 0.088654
vt 0.413791 0.042660
vt 0.498558 0.357100
vt 0.492693 0.230725
vt 0.474160 0.025429
vt 0.493926 0.033194
vt 0.452320 0.019406
vt 0.471575 0.281656
vt 0.418199 0.182600
vt 0.364486 0.153741
vt 0.519020 0.040398
vt 0.508293 0.038067
vt 0.409099 0.330783
vt 0.418187 0.304861
vt 0.422098 0.261659
vt 0.405993 0.223566
vt 0.379897 0.200431
vt 0.361680 0.157772
vt 0.403680 0.323441
vt 0.411022 0.306746
vt 0.414158 0.263196
vt 0.397775 0.224316
vt 0.370125 0.200212
vt 0.350196 0.153822
vt 0.517491 0.364174
vt 0.463773 0.350125
vt 0.435925 0.342642
vt 0.484260 0.362482
vt 0.500138 0.363752
vt 0.393211 0.334696
vt 0.401449 0.336112
vt 0.514549 0.380471
vt 0.515983 0.372994
vt 0.426725 0.354093
vt 0.432499 0.348164
vt 0.459921 0.356008
vt 0.453547 0.360970
vt 0.481167 0.367705
vt 0.475663 0.372355
vt 0.405806 0.346843
vt 0.410774 0.340062
vt 0.493178 0.377666
vt 0.496627 0.371276
vt 0.471001 0.220983
vt 0.444975 0.225318
vt 0.667164 0.481403
vt 0.686899 0.476076
vt 0.683909 0.460511
vt 0.666061 0.466041
vt 0.666383 0.491803
vt 0.684358 0.488925
vt 0.647947 0.413789
vt 0.661784 0.408811
vt 0.659882 0.393999
vt 0.643911 0.404960
vt 0.652227 0.424559
vt 0.663557 0.426133
vt 0.656865 0.439526
vt 0.666816 0.440538
vt 0.660817 0.450900
vt 0.671353 0.447885
vt 0.649084 0.481286
vt 0.646270 0.468574
vt 0.649503 0.490445
vt 0.634789 0.420710
vt 0.629261 0.414762
vt 0.638248 0.433125
vt 0.640896 0.446473
vt 0.643229 0.457416
vt 0.630300 0.477859
vt 0.629377 0.469109
vt 0.629648 0.484799
vt 0.620047 0.434513
vt 0.616295 0.427759
vt 0.623898 0.440630
vt 0.626676 0.451156
vt 0.628033 0.460275
vt 0.604790 0.473790
vt 0.605168 0.468394
vt 0.604199 0.477205
vt 0.600649 0.449853
vt 0.598044 0.444756
vt 0.601876 0.452984
vt 0.602450 0.457787
vt 0.604547 0.462325
vt 0.565737 0.468032
vt 0.565737 0.468032
vt 0.173525 0.741641
vt 0.161162 0.747342
vt 0.149811 0.732673
vt 0.165332 0.716882
vt 0.156457 0.760989
vt 0.175223 0.761118
vt 0.146402 0.777084
vt 0.146495 0.769972
vt 0.158508 0.819022
vt 0.178818 0.795089
vt 0.180079 0.809342
vt 0.160309 0.825432
vt 0.194316 0.947954
vt 0.173268 0.948601
vt 0.174388 0.937423
vt 0.194029 0.938427
vt 0.108427 0.895615
vt 0.105176 0.908101
vt 0.098756 0.905182
vt 0.100974 0.893688
vt 0.079154 0.868405
vt 0.075463 0.877010
vt 0.070513 0.872078
vt 0.074272 0.864915
vt 0.052113 0.811250
vt 0.043208 0.817143
vt 0.041302 0.812721
vt 0.053415 0.805380
vt 0.113866 0.864641
vt 0.119656 0.865864
vt 0.066857 0.822736
vt 0.058784 0.832862
vt 0.056079 0.813889
vt 0.056574 0.809459
vt 0.142248 0.848617
vt 0.169814 0.840711
vt 0.157177 0.858645
vt 0.107362 0.773962
vt 0.123465 0.762248
vt 0.132892 0.771084
vt 0.110304 0.789568
vt 0.132732 0.727598
vt 0.133128 0.731379
vt 0.123995 0.748320
vt 0.105023 0.752969
vt 0.146231 0.788530
vt 0.117247 0.805225
vt 0.133834 0.840172
vt 0.125593 0.827434
vt 0.153164 0.802242
vt 0.142444 0.930152
vt 0.145159 0.919271
vt 0.151033 0.921570
vt 0.147769 0.933573
vt 0.154593 0.879908
vt 0.162438 0.881886
vt 0.175988 0.866111
vt 0.178925 0.840531
vt 0.177303 0.783628
vt 0.172448 0.774867
vt 0.196533 0.773033
vt 0.196582 0.761184
vt 0.196443 0.794264
vt 0.196491 0.783043
vt 0.096973 0.847533
vt 0.090526 0.847823
vt 0.097673 0.840786
vt 0.185633 0.743942
vt 0.185741 0.722051
vt 0.180766 0.700892
vt 0.197015 0.687323
vt 0.196951 0.705511
vt 0.105573 0.757902
vt 0.101759 0.744089
vt 0.086535 0.746879
vt 0.082592 0.738263
vt 0.094603 0.734670
vt 0.074792 0.756158
vt 0.071595 0.742764
vt 0.071949 0.768373
vt 0.063520 0.748852
vt 0.067337 0.779944
vt 0.054963 0.756975
vt 0.058897 0.790610
vt 0.047117 0.762582
vt 0.046379 0.793840
vt 0.036882 0.766649
vt 0.032330 0.788992
vt 0.027232 0.765548
vt 0.015315 0.778662
vt 0.013365 0.765569
vt 0.077502 0.723282
vt 0.086980 0.719185
vt 0.066132 0.728515
vt 0.057979 0.732917
vt 0.049658 0.738298
vt 0.042417 0.742078
vt 0.033018 0.744502
vt 0.025679 0.745197
vt 0.014642 0.743919
vt 0.071455 0.713748
vt 0.075057 0.710810
vt 0.062607 0.718763
vt 0.055229 0.721698
vt 0.048195 0.723444
vt 0.040409 0.724425
vt 0.031010 0.724752
vt 0.023012 0.724870
vt 0.013523 0.724039
vt 0.062400 0.699125
vt 0.066892 0.696463
vt 0.054882 0.701529
vt 0.049389 0.702455
vt 0.043672 0.702960
vt 0.037937 0.703280
vt 0.030653 0.704273
vt 0.024122 0.704959
vt 0.017285 0.703948
vt 0.050357 0.684678
vt 0.052764 0.683034
vt 0.046327 0.685590
vt 0.043883 0.685595
vt 0.040825 0.685768
vt 0.037915 0.685763
vt 0.033639 0.686262
vt 0.029475 0.686475
vt 0.024872 0.685049
vt 0.183853 0.855822
vt 0.196139 0.864069
vt 0.185969 0.823977
vt 0.382673 0.750933
vt 0.380681 0.767079
vt 0.357074 0.762622
vt 0.358952 0.749500
vt 0.383704 0.784922
vt 0.353658 0.774655
vt 0.378486 0.797347
vt 0.349167 0.784257
vt 0.332781 0.754846
vt 0.335090 0.745349
vt 0.328609 0.763605
vt 0.324883 0.769771
vt 0.309735 0.745641
vt 0.311918 0.741728
vt 0.306296 0.749311
vt 0.303190 0.753039
vt 0.196396 0.805464
vt 0.116314 0.857323
vt 0.108390 0.858889
vt 0.093724 0.898903
vt 0.096241 0.887259
vt 0.023944 0.820577
vt 0.020024 0.814572
vt 0.087048 0.925757
vt 0.092320 0.932240
vt 0.096588 0.935150
vt 0.170160 0.975170
vt 0.195086 0.978656
vt 0.132985 0.961236
vt 0.138693 0.961428
vt 0.057959 0.894691
vt 0.061386 0.898575
vt 0.196337 0.818711
vt 0.177709 0.878559
vt 0.200040 0.875668
vt 0.194169 0.885966
vt 0.178005 0.884965
vt 0.139119 0.869278
vt 0.156732 0.873710
vt 0.147655 0.877663
vt 0.186788 0.742582
vt 0.196593 0.758769
vt 0.186976 0.722747
vt 0.196936 0.707201
vt 0.189281 0.740999
vt 0.196612 0.755543
vt 0.189805 0.723746
vt 0.196927 0.710832
vt 0.381607 0.737056
vt 0.358043 0.736971
vt 0.335747 0.736890
vt 0.313073 0.736810
vt 0.219835 0.741916
vt 0.228281 0.717228
vt 0.243648 0.733157
vt 0.232147 0.747720
vt 0.236718 0.761391
vt 0.246610 0.770438
vt 0.246638 0.777551
vt 0.217950 0.761348
vt 0.234157 0.819362
vt 0.232299 0.825752
vt 0.212676 0.809486
vt 0.214061 0.795247
vt 0.200314 0.939896
vt 0.207359 0.938235
vt 0.206548 0.947775
vt 0.200314 0.947767
vt 0.264148 0.928128
vt 0.258987 0.931877
vt 0.255626 0.921427
vt 0.260690 0.916734
vt 0.332752 0.872695
vt 0.328014 0.876920
vt 0.324818 0.870448
vt 0.328424 0.865099
vt 0.355553 0.816884
vt 0.354350 0.820539
vt 0.343845 0.812682
vt 0.346216 0.810161
vt 0.246333 0.881847
vt 0.252287 0.878310
vt 0.343548 0.807904
vt 0.250154 0.849097
vt 0.235142 0.858990
vt 0.222662 0.840944
vt 0.285711 0.774799
vt 0.282619 0.790368
vt 0.260206 0.771676
vt 0.269721 0.762932
vt 0.260775 0.728220
vt 0.288253 0.753833
vt 0.269325 0.749010
vt 0.260345 0.731997
vt 0.246706 0.788992
vt 0.275536 0.805952
vt 0.258640 0.840732
vt 0.239649 0.802635
vt 0.266992 0.828076
vt 0.226113 0.937068
vt 0.249717 0.922307
vt 0.253671 0.933905
vt 0.227279 0.948362
vt 0.222812 0.884913
vt 0.239571 0.882033
vt 0.216270 0.866288
vt 0.213553 0.840683
vt 0.215674 0.783807
vt 0.220603 0.775101
vt 0.306206 0.849290
vt 0.309257 0.845865
vt 0.207683 0.744106
vt 0.208053 0.722043
vt 0.213233 0.700967
vt 0.287951 0.756323
vt 0.101759 0.744089
vt 0.094603 0.734670
vt 0.082592 0.738263
vt 0.086535 0.746879
vt 0.071595 0.742764
vt 0.074792 0.756158
vt 0.063520 0.748852
vt 0.071949 0.768373
vt 0.054963 0.756975
vt 0.067337 0.779944
vt 0.047117 0.762582
vt 0.058897 0.790610
vt 0.036882 0.766649
vt 0.046379 0.793840
vt 0.027232 0.765548
vt 0.032330 0.788992
vt 0.013365 0.765569
vt 0.015315 0.778662
vt 0.086980 0.719185
vt 0.077502 0.723282
vt 0.066132 0.728515
vt 0.057979 0.732917
vt 0.049658 0.738298
vt 0.042417 0.742078
vt 0.033018 0.744502
vt 0.025679 0.745197
vt 0.014642 0.743919
vt 0.075057 0.710810
vt 0.071455 0.713748
vt 0.062607 0.718763
vt 0.055229 0.721698
vt 0.048195 0.723444
vt 0.040409 0.724425
vt 0.031010 0.724752
vt 0.023012 0.724870
vt 0.013523 0.724039
vt 0.066892 0.696463
vt 0.062400 0.699125
vt 0.054882 0.701529
vt 0.049389 0.702455
vt 0.043672 0.702960
vt 0.037937 0.703280
vt 0.030653 0.704273
vt 0.024122 0.704959
vt 0.017285 0.703948
vt 0.052764 0.683034
vt 0.050357 0.684678
vt 0.046327 0.685590
vt 0.043883 0.685595
vt 0.040825 0.685768
vt 0.037915 0.685763
vt 0.033639 0.686262
vt 0.029475 0.686475
vt 0.024872 0.685049
vt 0.208497 0.855931
vt 0.206658 0.824067
vt 0.382772 0.723189
vt 0.359042 0.724450
vt 0.357257 0.711317
vt 0.380899 0.707029
vt 0.353930 0.699260
vt 0.384050 0.689209
vt 0.378921 0.676747
vt 0.349508 0.689625
vt 0.335150 0.728430
vt 0.332908 0.718916
vt 0.328798 0.710128
vt 0.325117 0.703935
vt 0.311953 0.731888
vt 0.309797 0.727962
vt 0.306384 0.724267
vt 0.303303 0.720519
vt 0.290578 0.861112
vt 0.285600 0.866365
vt 0.284009 0.858342
vt 0.298620 0.895289
vt 0.303553 0.888960
vt 0.306419 0.900296
vt 0.300745 0.906717
vt 0.377121 0.818758
vt 0.375476 0.823900
vt 0.312190 0.927937
vt 0.306728 0.934080
vt 0.271313 0.956316
vt 0.266250 0.962375
vt 0.205664 0.977544
vt 0.199248 0.979651
vt 0.261062 0.963037
vt 0.230768 0.974879
vt 0.343817 0.894787
vt 0.338907 0.901136
vt 0.243358 0.874168
vt 0.207140 0.885814
vt 0.222338 0.878789
vt 0.206553 0.742666
vt 0.206820 0.722804
vt 0.204087 0.741043
vt 0.203987 0.723769
vt 0.200208 0.887272
vt 0.008684 0.825663
vt 0.081814 0.942264
vt 0.199237 0.992552
vt 0.163512 0.988069
vt 0.127836 0.973678
vt 0.388869 0.825449
vt 0.377684 0.863586
vt 0.368685 0.849854
vt 0.317610 0.942711
vt 0.275375 0.972393
vt 0.235755 0.988212
vt 0.350793 0.909118
vt 0.037152 0.665957
vt 0.283832 0.736710
vt 0.302923 0.842328
vt 0.037152 0.665957
vt 0.138976 0.915899
vt 0.136462 0.927771
vt 0.128462 0.955524
vt 0.129394 0.865503
vt 0.280109 0.866795
vt 0.292023 0.895884
vt 0.294696 0.908394
vt 0.302221 0.936025
vt 0.044420 0.902482
vt 0.261005 0.869921
vt 0.302500 0.849953
vt 0.319403 0.872920
vt 0.324023 0.880949
vt 0.336275 0.903406
vt 0.270778 0.866283
vt 0.054057 0.888450
vt 0.066711 0.865859
vt 0.070799 0.859915
vt 0.088656 0.842180
vt 0.033968 0.858085
vt 0.056324 0.847384
vt 0.062390 0.842358
vt 0.079064 0.834522
vt 0.020686 0.863890
vt 0.032921 0.852280
vt 0.320254 0.835173
vt 0.336951 0.844550
vt 0.343268 0.849438
vt 0.364550 0.859067
vt 0.051366 0.836538
vt 0.045880 0.820999
vt 0.030080 0.848359
vt 0.024158 0.827343
vt 0.052521 0.843212
vt 0.058404 0.838784
vt 0.339728 0.841037
vt 0.345473 0.844706
vt 0.367368 0.853620
vt 0.347232 0.838782
vt 0.339615 0.835694
vt 0.345110 0.805852
vt 0.357039 0.813247
vt 0.378257 0.814789
vt 0.331954 0.823130
vt 0.043961 0.554030
vt 0.070380 0.562363
vt 0.071124 0.588345
vt 0.042313 0.583430
vt 0.075970 0.622685
vt 0.069558 0.654693
vt 0.042668 0.645822
vt 0.043835 0.615038
vt 0.097077 0.593146
vt 0.100756 0.564598
vt 0.023235 0.583174
vt 0.023579 0.554285
vt 0.032097 0.553162
vt 0.031516 0.582913
vt 0.033521 0.611159
vt 0.084694 0.489579
vt 0.080101 0.527011
vt 0.052134 0.523104
vt 0.057813 0.492175
vt 0.112933 0.493233
vt 0.108479 0.535853
vt 0.101107 0.627816
vt 0.100504 0.659773
vt 0.035412 0.643463
vt 0.028878 0.641418
vt 0.024570 0.610350
vt 0.132556 0.539934
vt 0.135888 0.500853
vt 0.126505 0.628511
vt 0.124438 0.659606
vt 0.154188 0.594241
vt 0.127772 0.591122
vt 0.126417 0.581765
vt 0.142364 0.579782
vt 0.151837 0.622268
vt 0.152952 0.507553
vt 0.155972 0.537607
vt 0.138924 0.658294
vt 0.156638 0.566528
vt 0.149132 0.566684
vt 0.143612 0.553830
vt 0.042055 0.521400
vt 0.051055 0.492889
vt 0.165690 0.566801
vt 0.164371 0.596055
vt 0.162334 0.626064
vt 0.163554 0.506406
vt 0.163856 0.536537
vt 0.148719 0.660586
vt 0.175334 0.568232
vt 0.182112 0.567728
vt 0.180923 0.597333
vt 0.173451 0.596637
vt 0.178791 0.628885
vt 0.172050 0.626817
vt 0.163808 0.660863
vt 0.166037 0.665496
vt 0.156967 0.666574
vt 0.158077 0.662421
vt 0.171485 0.503359
vt 0.177120 0.504570
vt 0.181092 0.537650
vt 0.173135 0.539567
vt 0.015034 0.580803
vt 0.016589 0.552969
vt 0.015172 0.604297
vt 0.022982 0.642533
vt 0.026994 0.523106
vt 0.034376 0.522803
vt 0.037028 0.494817
vt 0.044216 0.492588
vt 0.118721 0.622397
vt 0.121113 0.599344
vt 0.097540 0.598133
vt 0.078671 0.597071
vt 0.081988 0.617657
vt 0.267820 0.606203
vt 0.271591 0.620294
vt 0.267446 0.619582
vt 0.264162 0.608528
vt 0.255050 0.594582
vt 0.252715 0.598067
vt 0.223543 0.590548
vt 0.237906 0.589528
vt 0.237995 0.593890
vt 0.225945 0.594756
vt 0.206921 0.600270
vt 0.220763 0.584802
vt 0.212438 0.604222
vt 0.237694 0.583257
vt 0.258099 0.588858
vt 0.274341 0.604045
vt 0.278983 0.620937
vt 0.201412 0.620380
vt 0.208712 0.620845
vt 0.215751 0.606738
vt 0.212571 0.619026
vt 0.129989 0.549203
vt 0.116485 0.552544
vt 0.107582 0.566333
vt 0.110291 0.581117
vt 0.215072 0.635499
vt 0.227663 0.629706
vt 0.228882 0.636806
vt 0.218674 0.641620
vt 0.242781 0.630729
vt 0.241315 0.637724
vt 0.257323 0.635704
vt 0.253409 0.641986
vt 0.266888 0.643251
vt 0.261402 0.648232
vt 0.272920 0.654164
vt 0.266448 0.656933
vt 0.273303 0.666668
vt 0.266548 0.667030
vt 0.198469 0.657229
vt 0.205145 0.645010
vt 0.210514 0.649285
vt 0.204931 0.659245
vt 0.229761 0.641275
vt 0.221045 0.645070
vt 0.240609 0.641870
vt 0.250947 0.645580
vt 0.257644 0.650729
vt 0.262063 0.658182
vt 0.262885 0.666005
vt 0.213945 0.651581
vt 0.208783 0.659331
vt 0.088954 0.556618
vt 0.093063 0.539934
vt 0.062794 0.534033
vt 0.055871 0.551336
vt 0.202767 0.560660
vt 0.206275 0.545374
vt 0.212934 0.549763
vt 0.209235 0.561438
vt 0.221509 0.537149
vt 0.224735 0.542813
vt 0.237796 0.533786
vt 0.238200 0.540196
vt 0.255297 0.535503
vt 0.251979 0.541894
vt 0.267425 0.547462
vt 0.261960 0.550719
vt 0.275593 0.562437
vt 0.269131 0.563173
vt 0.216077 0.552018
vt 0.212544 0.561592
vt 0.226949 0.545845
vt 0.237855 0.543729
vt 0.250327 0.545294
vt 0.259442 0.552617
vt 0.265747 0.561916
vt 0.066206 0.660862
vt 0.039052 0.651272
vt 0.097087 0.666294
vt 0.033198 0.650188
vt 0.122960 0.667482
vt 0.136335 0.666641
vt 0.144143 0.666859
vt 0.024728 0.644273
vt 0.188776 0.568820
vt 0.187847 0.596535
vt 0.183678 0.630468
vt 0.185836 0.503643
vt 0.187706 0.537592
vt 0.168235 0.663254
vt 0.056923 0.486218
vt 0.083885 0.484558
vt 0.114159 0.487897
vt 0.138271 0.495346
vt 0.154041 0.500753
vt 0.044589 0.488833
vt 0.051559 0.487822
vt 0.162021 0.499749
vt 0.169095 0.498245
vt 0.033345 0.489477
vt 0.176495 0.495320
vt 0.008253 0.580112
vt 0.011485 0.551775
vt 0.010213 0.604588
vt 0.021507 0.522366
vt 0.030548 0.494577
vt 0.239994 0.622494
vt 0.234731 0.671752
vt 0.239069 0.570990
vt 0.048226 0.189192
vt 0.099056 0.169628
vt 0.113554 0.243903
vt 0.056446 0.253527
vt 0.173372 0.142274
vt 0.173368 0.232389
vt 0.129716 0.295986
vt 0.073080 0.312365
vt 0.173364 0.288179
vt 0.134427 0.357257
vt 0.100531 0.358954
vt 0.173358 0.352915
vt 0.136915 0.395386
vt 0.107453 0.394690
vt 0.173356 0.394353
vt 0.173375 0.089126
vt 0.100504 0.108295
vt 0.130241 0.073652
vt 0.173376 0.061876
vt 0.051085 0.255152
vt 0.041704 0.190361
vt 0.053659 0.127078
vt 0.048706 0.123362
vt 0.096506 0.103872
vt 0.067571 0.312771
vt 0.092637 0.359664
vt 0.101615 0.394944
vt 0.126599 0.067826
vt 0.173376 0.056418
vt 0.044960 0.256115
vt 0.035600 0.190368
vt 0.041357 0.121348
vt 0.090732 0.098773
vt 0.061338 0.313226
vt 0.084110 0.360593
vt 0.095056 0.395356
vt 0.122392 0.063713
vt 0.173375 0.052440
vt 0.035766 0.257085
vt 0.025192 0.189656
vt 0.035762 0.115578
vt 0.085676 0.089203
vt 0.052578 0.315422
vt 0.073565 0.364149
vt 0.086607 0.398437
vt 0.120521 0.056182
vt 0.173375 0.045490
vt 0.027097 0.258440
vt 0.016316 0.191239
vt 0.028239 0.111934
vt 0.081795 0.077228
vt 0.043105 0.321526
vt 0.064574 0.376174
vt 0.076356 0.409120
vt 0.118277 0.046660
vt 0.173375 0.033969
vt 0.298513 0.189205
vt 0.290286 0.253541
vt 0.233180 0.243910
vt 0.247685 0.169636
vt 0.273642 0.312375
vt 0.217011 0.295990
vt 0.246182 0.358960
vt 0.212287 0.357260
vt 0.239255 0.394694
vt 0.209796 0.395388
vt 0.216510 0.073655
vt 0.246241 0.108301
vt 0.295648 0.255165
vt 0.305032 0.190375
vt 0.293083 0.127092
vt 0.250238 0.103879
vt 0.298036 0.123375
vt 0.279151 0.312782
vt 0.254074 0.359669
vt 0.245089 0.394947
vt 0.220152 0.067828
vt 0.311135 0.190383
vt 0.301772 0.256129
vt 0.256012 0.098780
vt 0.305383 0.121361
vt 0.285386 0.313238
vt 0.262599 0.360599
vt 0.251648 0.395360
vt 0.224358 0.063716
vt 0.321544 0.189671
vt 0.310965 0.257100
vt 0.261068 0.089211
vt 0.310977 0.115591
vt 0.294144 0.315436
vt 0.273144 0.364157
vt 0.260095 0.398442
vt 0.226227 0.056186
vt 0.330422 0.191255
vt 0.319635 0.258456
vt 0.264951 0.077236
vt 0.318501 0.111949
vt 0.303616 0.321540
vt 0.282131 0.376184
vt 0.270342 0.409128
vt 0.228471 0.046663
vt 0.872203 0.176693
vt 0.909126 0.186638
vt 0.885920 0.235731
vt 0.846587 0.230770
vt 0.831855 0.156922
vt 0.793775 0.206305
vt 0.906983 0.121228
vt 0.937218 0.135045
vt 0.873922 0.102346
vt 0.929750 0.085423
vt 0.953007 0.101680
vt 0.901685 0.066308
vt 0.792388 0.271108
vt 0.756001 0.255208
vt 0.910510 0.185850
vt 0.889971 0.243577
vt 0.847481 0.239140
vt 0.942692 0.138859
vt 0.959265 0.105044
vt 0.794944 0.278936
vt 0.679296 0.295484
vt 0.686139 0.296533
vt 0.707724 0.319241
vt 0.705253 0.323006
vt 0.738096 0.340614
vt 0.735734 0.333705
vt 0.917806 0.189389
vt 0.894746 0.252906
vt 0.846986 0.249429
vt 0.948344 0.142290
vt 0.964508 0.109307
vt 0.793281 0.289195
vt 0.735418 0.350206
vt 0.701492 0.327783
vt 0.802442 0.122969
vt 0.756651 0.161527
vt 0.741855 0.124772
vt 0.783417 0.089815
vt 0.847224 0.075205
vt 0.826156 0.049504
vt 0.876038 0.044057
vt 0.854386 0.025726
vt 0.731346 0.224151
vt 0.733243 0.122865
vt 0.783828 0.088284
vt 0.748291 0.162856
vt 0.821071 0.045190
vt 0.849540 0.020539
vt 0.723087 0.223811
vt 0.723008 0.120626
vt 0.778546 0.082132
vt 0.738447 0.165976
vt 0.816312 0.040602
vt 0.844083 0.016561
vt 0.713634 0.228142
vt 0.671000 0.300744
vt 0.510707 0.901632
vt 0.524079 0.904671
vt 0.512994 0.927077
vt 0.490741 0.935509
vt 0.424034 0.766626
vt 0.467822 0.761953
vt 0.474801 0.804031
vt 0.443638 0.818978
vt 0.488108 0.911973
vt 0.500684 0.891489
vt 0.349870 0.958422
vt 0.379621 0.958083
vt 0.378063 0.972401
vt 0.351122 0.988692
vt 0.854711 0.614587
vt 0.863174 0.625338
vt 0.813714 0.628460
vt 0.799260 0.618011
vt 0.406143 0.946520
vt 0.406143 0.957834
vt 0.381954 0.935285
vt 0.499109 0.756730
vt 0.518024 0.783529
vt 0.527862 0.798541
vt 0.553904 0.815584
vt 0.533719 0.859714
vt 0.487078 0.824216
vt 0.588841 0.826821
vt 0.587454 0.883359
vt 0.355974 0.915892
vt 0.954266 0.631980
vt 0.932012 0.637232
vt 0.476553 0.720126
vt 0.445231 0.733145
vt 0.438181 0.693599
vt 0.441470 0.654366
vt 0.406143 0.968075
vt 0.410982 0.845992
vt 0.447927 0.830230
vt 0.454519 0.842540
vt 0.433917 0.855189
vt 0.479749 0.814109
vt 0.601819 0.926488
vt 0.601819 0.973547
vt 0.586921 0.957302
vt 0.586031 0.928270
vt 0.522869 0.792048
vt 0.601819 0.825888
vt 0.601819 0.880988
vt 0.424496 0.824624
vt 0.512001 0.942116
vt 0.485383 0.945809
vt 0.411302 0.826075
vt 0.412586 0.764257
vt 0.476323 0.920777
vt 0.424980 0.865412
vt 0.401190 0.851589
vt 0.601819 0.987587
vt 0.581933 0.972541
vt 0.434725 0.729981
vt 0.867889 0.693542
vt 0.824219 0.699660
vt 0.824681 0.688299
vt 0.870574 0.680986
vt 0.758777 0.628855
vt 0.755197 0.640646
vt 0.785847 0.695129
vt 0.784915 0.682025
vt 0.428388 0.685281
vt 0.692931 0.901630
vt 0.712897 0.935513
vt 0.690642 0.927077
vt 0.679559 0.904671
vt 0.779606 0.766628
vt 0.760002 0.818980
vt 0.728837 0.804035
vt 0.735816 0.761956
vt 0.702952 0.891491
vt 0.715530 0.911975
vt 0.462418 0.958422
vt 0.461165 0.988692
vt 0.434223 0.972401
vt 0.432665 0.958083
vt 0.854711 0.614587
vt 0.799260 0.618011
vt 0.813714 0.628460
vt 0.863174 0.625338
vt 0.430332 0.935285
vt 0.685615 0.783531
vt 0.704529 0.756732
vt 0.675776 0.798541
vt 0.716562 0.824218
vt 0.669917 0.859714
vt 0.649734 0.815584
vt 0.616184 0.883359
vt 0.614797 0.826821
vt 0.456314 0.915894
vt 0.932012 0.637232
vt 0.954266 0.631980
vt 0.727083 0.720130
vt 0.762170 0.654370
vt 0.765457 0.693600
vt 0.758409 0.733145
vt 0.792656 0.845994
vt 0.769721 0.855191
vt 0.749119 0.842542
vt 0.755712 0.830230
vt 0.723887 0.814111
vt 0.616717 0.957302
vt 0.617607 0.928270
vt 0.680768 0.792050
vt 0.779142 0.824624
vt 0.718253 0.945811
vt 0.691637 0.942118
vt 0.791054 0.764258
vt 0.792336 0.826077
vt 0.778657 0.865412
vt 0.727311 0.920779
vt 0.802448 0.851591
vt 0.621705 0.972541
vt 0.768915 0.729985
vt 0.867889 0.693542
vt 0.824681 0.688299
vt 0.824219 0.699660
vt 0.758777 0.628855
vt 0.755197 0.640646
vt 0.784915 0.682025
vt 0.785847 0.695129
vt 0.775250 0.685285
vt 0.601819 0.801773
vt 0.536051 0.783302
vt 0.667587 0.783302
vt 0.382167 0.568476
vt 0.386953 0.586408
vt 0.360701 0.591326
vt 0.357255 0.567845
vt 0.454900 0.546845
vt 0.428275 0.571041
vt 0.417142 0.530886
vt 0.450700 0.520900
vt 0.490285 0.545327
vt 0.493203 0.524408
vt 0.382018 0.542199
vt 0.374821 0.527213
vt 0.359680 0.453627
vt 0.406107 0.462054
vt 0.449493 0.442280
vt 0.345538 0.538230
vt 0.326405 0.452447
vt 0.384234 0.561905
vt 0.385441 0.552808
vt 0.427464 0.579866
vt 0.393423 0.585085
vt 0.394122 0.622525
vt 0.366371 0.629459
vt 0.324884 0.413547
vt 0.354800 0.414586
vt 0.397142 0.424161
vt 0.450551 0.416923
vt 0.497452 0.413947
vt 0.491175 0.433608
vt 0.317246 0.552186
vt 0.300499 0.467062
vt 0.353251 0.593437
vt 0.362014 0.627447
vt 0.338114 0.638190
vt 0.323655 0.611963
vt 0.285590 0.435615
vt 0.321018 0.574715
vt 0.297211 0.632255
vt 0.295979 0.624734
vt 0.285670 0.568391
vt 0.273961 0.493724
vt 0.319832 0.565660
vt 0.294382 0.617552
vt 0.300449 0.639625
vt 0.257278 0.470836
vt 0.506196 0.521987
vt 0.506451 0.544996
vt 0.521205 0.424610
vt 0.516926 0.437721
vt 0.460569 0.458068
vt 0.461090 0.505722
vt 0.346623 0.546393
vt 0.346077 0.542113
vt 0.383499 0.547283
vt 0.456032 0.550477
vt 0.430179 0.578448
vt 0.489629 0.550901
vt 0.321743 0.568227
vt 0.296694 0.620305
vt 0.500528 0.549740
vt 0.499600 0.554833
vt 0.489142 0.555990
vt 0.456737 0.557335
vt 0.435752 0.582720
vt 0.324288 0.410704
vt 0.354897 0.409979
vt 0.395835 0.420257
vt 0.451426 0.408534
vt 0.500397 0.407878
vt 0.283903 0.432331
vt 0.255890 0.465913
vt 0.521042 0.417560
vt 0.319807 0.401287
vt 0.354374 0.399357
vt 0.395313 0.409141
vt 0.452998 0.396023
vt 0.502187 0.396917
vt 0.276956 0.425220
vt 0.248853 0.460656
vt 0.524455 0.406276
vt 0.426194 0.612133
vt 0.397342 0.616695
vt 0.353371 0.562062
vt 0.357225 0.591794
vt 0.355222 0.564661
vt 0.395483 0.619564
vt 0.389936 0.585550
vt 0.364547 0.627788
vt 0.338682 0.639839
vt 0.301034 0.640559
vt 0.428252 0.614521
vt 0.383152 0.564482
vt 0.339040 0.641582
vt 0.300917 0.642165
vt 0.431505 0.618425
vt 0.467086 0.498298
vt 0.494331 0.513418
vt 0.505297 0.512381
vt 0.522183 0.458000
vt 0.520823 0.450554
vt 0.525379 0.443298
vt 0.531375 0.449115
vt 0.492209 0.442917
vt 0.467301 0.462445
vt 0.473924 0.495935
vt 0.495539 0.505563
vt 0.506926 0.504581
vt 0.510443 0.452521
vt 0.510107 0.444341
vt 0.495248 0.452068
vt 0.473538 0.470825
vt 0.527611 0.431073
vt 0.526226 0.425629
vt 0.532288 0.416596
vt 0.535005 0.428871
vt 0.512848 0.522696
vt 0.512983 0.548107
vt 0.509336 0.553607
vt 0.513664 0.561408
vt 0.511989 0.515024
vt 0.516841 0.509830
vt 0.520668 0.523398
vt 0.521964 0.553941
vt 0.382167 0.568476
vt 0.357255 0.567845
vt 0.360701 0.591326
vt 0.386953 0.586408
vt 0.454900 0.546845
vt 0.450700 0.520900
vt 0.417142 0.530886
vt 0.428275 0.571041
vt 0.490285 0.545327
vt 0.493203 0.524408
vt 0.374821 0.527213
vt 0.382018 0.542199
vt 0.406107 0.462054
vt 0.359680 0.453627
vt 0.449493 0.442280
vt 0.326405 0.452447
vt 0.345538 0.538230
vt 0.384234 0.561905
vt 0.393423 0.585085
vt 0.427464 0.579866
vt 0.385441 0.552808
vt 0.366371 0.629459
vt 0.394122 0.622525
vt 0.354800 0.414586
vt 0.324884 0.413547
vt 0.397142 0.424161
vt 0.450551 0.416923
vt 0.491175 0.433608
vt 0.497452 0.413947
vt 0.300499 0.467062
vt 0.317246 0.552186
vt 0.353251 0.593437
vt 0.323655 0.611963
vt 0.338114 0.638190
vt 0.362014 0.627446
vt 0.285590 0.435615
vt 0.321018 0.574715
vt 0.295979 0.624734
vt 0.297211 0.632255
vt 0.273961 0.493724
vt 0.285670 0.568391
vt 0.294382 0.617552
vt 0.319832 0.565660
vt 0.300449 0.639625
vt 0.257278 0.470836
vt 0.506451 0.544996
vt 0.506196 0.521987
vt 0.516926 0.437721
vt 0.521205 0.424610
vt 0.460569 0.458068
vt 0.461090 0.505722
vt 0.346623 0.546392
vt 0.383499 0.547283
vt 0.346077 0.542113
vt 0.456032 0.550477
vt 0.430179 0.578448
vt 0.489629 0.550901
vt 0.321743 0.568227
vt 0.296694 0.620305
vt 0.489142 0.555989
vt 0.499600 0.554833
vt 0.500528 0.549740
vt 0.456737 0.557335
vt 0.435752 0.582720
vt 0.354897 0.409979
vt 0.324288 0.410704
vt 0.395835 0.420257
vt 0.451426 0.408534
vt 0.500397 0.407878
vt 0.283903 0.432331
vt 0.255890 0.465913
vt 0.521042 0.417560
vt 0.354374 0.399357
vt 0.319807 0.401287
vt 0.395313 0.409140
vt 0.452998 0.396023
vt 0.502187 0.396916
vt 0.276956 0.425220
vt 0.248853 0.460656
vt 0.524455 0.406276
vt 0.397342 0.616695
vt 0.426194 0.612133
vt 0.353371 0.562062
vt 0.357225 0.591794
vt 0.355222 0.564661
vt 0.389936 0.585550
vt 0.395483 0.619564
vt 0.364547 0.627788
vt 0.338682 0.639839
vt 0.301034 0.640559
vt 0.428252 0.614521
vt 0.383152 0.564482
vt 0.339040 0.641582
vt 0.300917 0.642165
vt 0.431505 0.618425
vt 0.494331 0.513418
vt 0.467086 0.498298
vt 0.505297 0.512381
vt 0.522183 0.458000
vt 0.531375 0.449115
vt 0.525379 0.443298
vt 0.520823 0.450554
vt 0.492209 0.442917
vt 0.467301 0.462445
vt 0.473924 0.495935
vt 0.495539 0.505563
vt 0.506926 0.504581
vt 0.510107 0.444341
vt 0.510443 0.452521
vt 0.495248 0.452068
vt 0.473538 0.470825
vt 0.527611 0.431073
vt 0.526226 0.425629
vt 0.532288 0.416596
vt 0.535005 0.428871
vt 0.512983 0.548107
vt 0.512848 0.522696
vt 0.513664 0.561408
vt 0.509336 0.553606
vt 0.511989 0.515024
vt 0.516841 0.509830
vt 0.521964 0.553941
vt 0.520668 0.523398
vt 0.834548 0.776694
vt 0.862914 0.740748
vt 0.870303 0.780419
vt 0.839417 0.804443
vt 0.895857 0.703379
vt 0.906942 0.754833
vt 0.934780 0.672172
vt 0.943643 0.735250
vt 0.971938 0.653759
vt 0.974387 0.720437
vt 0.841428 0.818944
vt 0.851377 0.808154
vt 0.862469 0.852535
vt 0.850476 0.858784
vt 0.872366 0.790058
vt 0.909491 0.763002
vt 0.917978 0.819626
vt 0.881200 0.836783
vt 0.945300 0.742704
vt 0.952304 0.807627
vt 0.987603 0.724717
vt 0.988992 0.795444
vt 0.874842 0.903752
vt 0.862229 0.908057
vt 0.924756 0.885590
vt 0.893261 0.894995
vt 0.956359 0.875938
vt 0.990627 0.866972
vt 0.893999 0.976460
vt 0.882382 0.981049
vt 0.934544 0.952460
vt 0.909951 0.967229
vt 0.960857 0.935723
vt 0.992127 0.914694
vt 0.826994 0.812772
vt 0.821535 0.798271
vt 0.819911 0.825483
vt 0.800717 0.794218
vt 0.948090 0.649836
vt 0.983974 0.636254
vt 0.901265 0.680729
vt 0.916080 0.667937
vt 0.875991 0.703127
vt 0.863778 0.718289
vt 0.830748 0.757023
vt 0.843061 0.741493
vt 0.813602 0.780013
vt 0.811199 0.759683
vt 0.841296 0.719095
vt 0.880432 0.681036
vt 0.925809 0.643066
vt 0.834548 0.776694
vt 0.839417 0.804443
vt 0.870303 0.780419
vt 0.862914 0.740748
vt 0.906942 0.754833
vt 0.895857 0.703379
vt 0.943643 0.735250
vt 0.934779 0.672172
vt 0.974387 0.720437
vt 0.971938 0.653759
vt 0.841428 0.818944
vt 0.850476 0.858784
vt 0.862469 0.852535
vt 0.851377 0.808154
vt 0.872366 0.790058
vt 0.881200 0.836783
vt 0.917978 0.819626
vt 0.909491 0.763002
vt 0.952304 0.807627
vt 0.945300 0.742704
vt 0.988992 0.795444
vt 0.987603 0.724717
vt 0.862229 0.908057
vt 0.874842 0.903752
vt 0.893261 0.894995
vt 0.924756 0.885590
vt 0.956359 0.875938
vt 0.990627 0.866972
vt 0.882381 0.981049
vt 0.893999 0.976460
vt 0.909951 0.967229
vt 0.934544 0.952460
vt 0.960857 0.935723
vt 0.992127 0.914694
vt 0.821535 0.798271
vt 0.826994 0.812772
vt 0.819911 0.825483
vt 0.800717 0.794218
vt 0.948090 0.649836
vt 0.983974 0.636254
vt 0.901265 0.680729
vt 0.916080 0.667937
vt 0.875991 0.703127
vt 0.863778 0.718289
vt 0.830748 0.757023
vt 0.843061 0.741493
vt 0.813602 0.780013
vt 0.811199 0.759683
vt 0.841295 0.719095
vt 0.880432 0.681036
vt 0.925808 0.643066
vt 0.797932 0.342361
vt 0.811840 0.337012
vt 0.807921 0.360688
vt 0.771561 0.361625
vt 0.833911 0.339569
vt 0.856788 0.395839
vt 0.856632 0.412574
vt 0.856468 0.429976
vt 0.834117 0.423573
vt 0.791095 0.454848
vt 0.855621 0.506641
vt 0.747696 0.527654
vt 0.799949 0.512391
vt 0.798953 0.611253
vt 0.740797 0.624998
vt 0.854717 0.601717
vt 0.783905 0.492244
vt 0.780550 0.472649
vt 0.828240 0.313958
vt 0.767382 0.360006
vt 0.792075 0.339899
vt 0.819605 0.298828
vt 0.818334 0.303076
vt 0.830739 0.311881
vt 0.739229 0.455749
vt 0.735063 0.458103
vt 0.836986 0.337774
vt 0.856880 0.386111
vt 0.763008 0.359195
vt 0.787435 0.338592
vt 0.819353 0.293078
vt 0.832699 0.308544
vt 0.729073 0.460207
vt 0.839351 0.335271
vt 0.856955 0.378195
vt 0.781374 0.414006
vt 0.786543 0.447090
vt 0.770108 0.467663
vt 0.747961 0.451718
vt 0.736468 0.624922
vt 0.742543 0.527668
vt 0.779751 0.490350
vt 0.776116 0.469454
vt 0.789492 0.451459
vt 0.731238 0.625012
vt 0.736456 0.527776
vt 0.775017 0.489054
vt 0.916657 0.343507
vt 0.942658 0.363265
vt 0.906332 0.361647
vt 0.902858 0.337895
vt 0.880750 0.340027
vt 0.878953 0.424040
vt 0.921318 0.456258
vt 0.963819 0.530149
vt 0.968052 0.627650
vt 0.910282 0.612356
vt 0.910345 0.512830
vt 0.931747 0.474152
vt 0.928596 0.493738
vt 0.886910 0.314530
vt 0.922561 0.341160
vt 0.946872 0.361727
vt 0.897020 0.303838
vt 0.895830 0.299565
vt 0.884451 0.312405
vt 0.973256 0.457964
vt 0.977373 0.460400
vt 0.877707 0.338172
vt 0.927223 0.339942
vt 0.951259 0.360998
vt 0.896191 0.293821
vt 0.882557 0.309029
vt 0.983323 0.462619
vt 0.875392 0.335623
vt 0.931861 0.415462
vt 0.964599 0.453752
vt 0.942203 0.469251
vt 0.926065 0.448472
vt 0.972377 0.627673
vt 0.968940 0.530282
vt 0.932775 0.491927
vt 0.936190 0.470989
vt 0.923004 0.452843
vt 0.977603 0.627895
vt 0.975008 0.530545
vt 0.937527 0.490688
vt 0.725246 0.480552
vt 0.986753 0.483034
vt 0.501752 0.702472
vt 0.563978 0.685030
vt 0.559741 0.704090
vt 0.508317 0.716901
vt 0.588354 0.680366
vt 0.588030 0.701140
vt 0.519325 0.745722
vt 0.518325 0.731411
vt 0.555180 0.740946
vt 0.559105 0.767358
vt 0.586826 0.743443
vt 0.589599 0.772630
vt 0.603822 0.569282
vt 0.603762 0.655646
vt 0.582671 0.659042
vt 0.584505 0.583313
vt 0.603293 0.704359
vt 0.602557 0.743809
vt 0.503629 0.682894
vt 0.550616 0.666164
vt 0.603877 0.679702
vt 0.517156 0.645066
vt 0.493182 0.665987
vt 0.505642 0.629118
vt 0.530275 0.628502
vt 0.518486 0.612632
vt 0.564619 0.592855
vt 0.543784 0.603864
vt 0.533415 0.588718
vt 0.558164 0.575994
vt 0.580131 0.566290
vt 0.603920 0.552259
vt 0.480228 0.641458
vt 0.493437 0.604674
vt 0.526457 0.564091
vt 0.551765 0.549239
vt 0.578868 0.538497
vt 0.603779 0.524533
vt 0.508462 0.587763
vt 0.602041 0.774372
vt 0.702694 0.704308
vt 0.696064 0.718690
vt 0.646117 0.704702
vt 0.642702 0.685424
vt 0.618383 0.701391
vt 0.618950 0.680538
vt 0.685173 0.746922
vt 0.645264 0.767911
vt 0.649660 0.741628
vt 0.686176 0.732831
vt 0.614556 0.772772
vt 0.618173 0.743690
vt 0.624299 0.659124
vt 0.622445 0.583756
vt 0.700613 0.685165
vt 0.655609 0.666715
vt 0.688094 0.647068
vt 0.700091 0.631347
vt 0.711234 0.668665
vt 0.675030 0.630486
vt 0.687082 0.615025
vt 0.641692 0.594038
vt 0.648610 0.577363
vt 0.673649 0.590247
vt 0.662729 0.605274
vt 0.627145 0.566904
vt 0.710832 0.608730
vt 0.722352 0.645982
vt 0.654212 0.552065
vt 0.679691 0.567073
vt 0.628047 0.539578
vt 0.695809 0.591879
vt 0.540171 0.674787
vt 0.557600 0.648152
vt 0.559610 0.661948
vt 0.542293 0.680463
vt 0.502691 0.788956
vt 0.468391 0.788402
vt 0.475113 0.776151
vt 0.507822 0.777580
vt 0.445325 0.755288
vt 0.454733 0.709285
vt 0.463097 0.707839
vt 0.452501 0.748867
vt 0.469587 0.684483
vt 0.481381 0.677673
vt 0.497757 0.748776
vt 0.528513 0.770483
vt 0.482322 0.616490
vt 0.500637 0.611324
vt 0.488615 0.653456
vt 0.468995 0.648834
vt 0.526566 0.705149
vt 0.552914 0.694336
vt 0.540308 0.712997
vt 0.524818 0.647041
vt 0.498186 0.668979
vt 0.524105 0.635627
vt 0.518546 0.699450
vt 0.508726 0.689708
vt 0.532848 0.659304
vt 0.537918 0.797364
vt 0.535506 0.808572
vt 0.546292 0.776111
vt 0.558203 0.718793
vt 0.561370 0.693282
vt 0.555409 0.637595
vt 0.550161 0.630299
vt 0.552615 0.617353
vt 0.574136 0.626902
vt 0.573748 0.615649
vt 0.574764 0.646339
vt 0.574412 0.635950
vt 0.483249 0.713569
vt 0.495767 0.724970
vt 0.577319 0.715569
vt 0.565555 0.708177
vt 0.577318 0.715611
vt 0.566378 0.675926
vt 0.404736 0.560781
vt 0.417526 0.553195
vt 0.425555 0.572045
vt 0.416152 0.577219
vt 0.430576 0.542193
vt 0.435413 0.568760
vt 0.443631 0.540922
vt 0.443912 0.567921
vt 0.431392 0.593044
vt 0.424552 0.595942
vt 0.438768 0.591703
vt 0.444174 0.591289
vt 0.436402 0.613579
vt 0.432802 0.614376
vt 0.440558 0.613921
vt 0.444452 0.613970
vt 0.575164 0.657026
vt 0.430052 0.706416
vt 0.451653 0.674229
vt 0.451766 0.812812
vt 0.422222 0.769698
vt 0.488615 0.814771
vt 0.564151 0.812072
vt 0.563048 0.843069
vt 0.527383 0.835767
vt 0.575650 0.670086
vt 0.557122 0.725118
vt 0.536799 0.719302
vt 0.577744 0.727350
vt 0.504799 0.695344
vt 0.395628 0.569845
vt 0.408899 0.583906
vt 0.418986 0.599152
vt 0.428734 0.616370
vt 0.564586 0.801362
vt 0.554204 0.590575
vt 0.572983 0.594590
vt 0.565448 0.777828
vt 0.611198 0.672545
vt 0.609566 0.678416
vt 0.591039 0.660901
vt 0.591987 0.646936
vt 0.626912 0.795134
vt 0.622868 0.783265
vt 0.655213 0.785528
vt 0.660623 0.798576
vt 0.686100 0.767546
vt 0.679670 0.760207
vt 0.672579 0.717290
vt 0.680657 0.719444
vt 0.656470 0.685062
vt 0.667702 0.692791
vt 0.602724 0.774045
vt 0.634978 0.755299
vt 0.665190 0.610987
vt 0.681035 0.643079
vt 0.661827 0.648848
vt 0.646474 0.606755
vt 0.627312 0.702546
vt 0.614080 0.711064
vt 0.599947 0.692946
vt 0.624878 0.644030
vt 0.624724 0.632547
vt 0.653290 0.664956
vt 0.634954 0.696496
vt 0.617520 0.656628
vt 0.644155 0.686303
vt 0.592862 0.811279
vt 0.591408 0.799924
vt 0.584641 0.777922
vt 0.596654 0.717764
vt 0.591499 0.692436
vt 0.593472 0.636294
vt 0.598314 0.628734
vt 0.594926 0.615948
vt 0.652147 0.721106
vt 0.638926 0.731616
vt 0.588505 0.707562
vt 0.585324 0.675343
vt 0.483092 0.559873
vt 0.471961 0.576565
vt 0.462450 0.571629
vt 0.470171 0.552606
vt 0.452448 0.568568
vt 0.456760 0.541898
vt 0.463941 0.595474
vt 0.457038 0.592748
vt 0.449599 0.591577
vt 0.456111 0.614094
vt 0.452500 0.613390
vt 0.448347 0.613831
vt 0.686161 0.683752
vt 0.704934 0.718608
vt 0.705987 0.785011
vt 0.673499 0.824677
vt 0.638504 0.822225
vt 0.598919 0.838854
vt 0.618047 0.717223
vt 0.598182 0.724028
vt 0.648524 0.691839
vt 0.492240 0.568738
vt 0.479291 0.583091
vt 0.469553 0.598550
vt 0.460217 0.615985
vt 0.591432 0.589322
vt 0.444716 0.635422
vt 0.520337 0.609741
vt 0.508383 0.580264
vt 0.626690 0.606392
vt 0.636644 0.576089
vt 0.571966 0.564356
vt 0.540171 0.674787
vt 0.542293 0.680463
vt 0.559610 0.661948
vt 0.557600 0.648152
vt 0.502691 0.788956
vt 0.507822 0.777580
vt 0.475113 0.776151
vt 0.468391 0.788402
vt 0.445325 0.755288
vt 0.452501 0.748867
vt 0.463097 0.707839
vt 0.454733 0.709285
vt 0.481381 0.677673
vt 0.469587 0.684483
vt 0.528513 0.770483
vt 0.497757 0.748776
vt 0.482322 0.616490
vt 0.468995 0.648834
vt 0.488615 0.653456
vt 0.500637 0.611324
vt 0.526566 0.705149
vt 0.540308 0.712997
vt 0.552914 0.694336
vt 0.524818 0.647041
vt 0.524105 0.635627
vt 0.498186 0.668979
vt 0.518546 0.699450
vt 0.532848 0.659304
vt 0.508726 0.689708
vt 0.535506 0.808572
vt 0.537918 0.797364
vt 0.546291 0.776111
vt 0.558203 0.718793
vt 0.561370 0.693282
vt 0.555409 0.637595
vt 0.550161 0.630299
vt 0.552615 0.617353
vt 0.574136 0.626902
vt 0.573748 0.615649
vt 0.574765 0.646339
vt 0.574412 0.635950
vt 0.483249 0.713569
vt 0.495767 0.724970
vt 0.577319 0.715569
vt 0.577318 0.715611
vt 0.565555 0.708177
vt 0.566378 0.675926
vt 0.404736 0.560781
vt 0.416152 0.577219
vt 0.425555 0.572045
vt 0.417526 0.553195
vt 0.435414 0.568760
vt 0.430576 0.542193
vt 0.443632 0.540922
vt 0.443912 0.567921
vt 0.424552 0.595942
vt 0.431392 0.593044
vt 0.438768 0.591703
vt 0.444174 0.591289
vt 0.432802 0.614376
vt 0.436402 0.613579
vt 0.440559 0.613921
vt 0.444452 0.613970
vt 0.575164 0.657026
vt 0.451653 0.674229
vt 0.430052 0.706416
vt 0.422222 0.769698
vt 0.451766 0.812812
vt 0.488615 0.814771
vt 0.564151 0.812072
vt 0.527383 0.835767
vt 0.563048 0.843069
vt 0.575650 0.670086
vt 0.536799 0.719302
vt 0.557122 0.725118
vt 0.577744 0.727350
vt 0.504799 0.695344
vt 0.395628 0.569845
vt 0.408899 0.583906
vt 0.418987 0.599152
vt 0.428734 0.616370
vt 0.564586 0.801362
vt 0.554204 0.590575
vt 0.572983 0.594590
vt 0.565448 0.777828
vt 0.611198 0.672545
vt 0.591987 0.646936
vt 0.591039 0.660901
vt 0.609566 0.678416
vt 0.626912 0.795134
vt 0.660623 0.798576
vt 0.655213 0.785528
vt 0.622867 0.783265
vt 0.686100 0.767546
vt 0.680657 0.719444
vt 0.672579 0.717290
vt 0.679670 0.760207
vt 0.667702 0.692791
vt 0.656470 0.685062
vt 0.634978 0.755299
vt 0.602724 0.774045
vt 0.665190 0.610987
vt 0.646474 0.606755
vt 0.661827 0.648848
vt 0.681035 0.643079
vt 0.627312 0.702546
vt 0.599948 0.692946
vt 0.614080 0.711064
vt 0.624878 0.644030
vt 0.653290 0.664956
vt 0.624724 0.632547
vt 0.634954 0.696496
vt 0.644155 0.686303
vt 0.617520 0.656628
vt 0.591408 0.799924
vt 0.592862 0.811279
vt 0.584641 0.777922
vt 0.596654 0.717764
vt 0.591499 0.692436
vt 0.593472 0.636294
vt 0.598314 0.628734
vt 0.594926 0.615948
vt 0.652146 0.721106
vt 0.638926 0.731616
vt 0.588505 0.707562
vt 0.585324 0.675343
vt 0.483093 0.559873
vt 0.470171 0.552606
vt 0.462450 0.571629
vt 0.471961 0.576565
vt 0.456760 0.541898
vt 0.452448 0.568568
vt 0.457038 0.592748
vt 0.463941 0.595474
vt 0.449599 0.591577
vt 0.452500 0.613390
vt 0.456111 0.614094
vt 0.448347 0.613831
vt 0.704934 0.718608
vt 0.686160 0.683752
vt 0.673499 0.824677
vt 0.705987 0.785011
vt 0.638504 0.822225
vt 0.598919 0.838854
vt 0.598182 0.724028
vt 0.618047 0.717223
vt 0.648524 0.691839
vt 0.492241 0.568738
vt 0.479291 0.583091
vt 0.469553 0.598550
vt 0.460217 0.615985
vt 0.591432 0.589322
vt 0.444717 0.635422
vt 0.520337 0.609741
vt 0.508383 0.580264
vt 0.626690 0.606392
vt 0.636644 0.576089
vt 0.571966 0.564356
vt 0.671753 0.195817
vt 0.645996 0.200255
vt 0.643642 0.172962
vt 0.669425 0.167363
vt 0.645078 0.137367
vt 0.668496 0.135931
vt 0.643134 0.107726
vt 0.668274 0.106688
vt 0.646737 0.081467
vt 0.669821 0.078717
vt 0.652311 0.264377
vt 0.679140 0.259655
vt 0.680446 0.282328
vt 0.656426 0.283442
vt 0.686701 0.310131
vt 0.658525 0.311779
vt 0.646345 0.042454
vt 0.672429 0.050045
vt 0.695203 0.166409
vt 0.695829 0.194260
vt 0.696159 0.136624
vt 0.695106 0.105558
vt 0.695500 0.080132
vt 0.702223 0.258591
vt 0.701800 0.277629
vt 0.712771 0.304867
vt 0.698339 0.051615
vt 0.673682 0.217558
vt 0.646003 0.216853
vt 0.698617 0.210202
vt 0.629013 0.198524
vt 0.627646 0.171135
vt 0.629482 0.137985
vt 0.629338 0.108482
vt 0.630762 0.081304
vt 0.638790 0.286093
vt 0.631378 0.266944
vt 0.638799 0.309599
vt 0.629052 0.050607
vt 0.630957 0.221041
vt 0.714723 0.162796
vt 0.716748 0.189696
vt 0.715213 0.134796
vt 0.714118 0.106181
vt 0.714282 0.083525
vt 0.720396 0.253194
vt 0.724097 0.273993
vt 0.732557 0.292850
vt 0.716211 0.065116
vt 0.717814 0.211320
vt 0.674280 0.238028
vt 0.648695 0.240488
vt 0.696814 0.227441
vt 0.631471 0.242946
vt 0.715254 0.235564
vt 0.671753 0.195816
vt 0.669425 0.167361
vt 0.643642 0.172962
vt 0.645996 0.200255
vt 0.668496 0.135931
vt 0.645078 0.137367
vt 0.668274 0.106687
vt 0.643134 0.107726
vt 0.669821 0.078717
vt 0.646737 0.081467
vt 0.652311 0.264377
vt 0.656426 0.283442
vt 0.680446 0.282328
vt 0.679140 0.259655
vt 0.658525 0.311779
vt 0.686701 0.310131
vt 0.646345 0.042454
vt 0.672429 0.050045
vt 0.695829 0.194260
vt 0.695203 0.166409
vt 0.696159 0.136624
vt 0.695106 0.105559
vt 0.695500 0.080132
vt 0.701800 0.277630
vt 0.702223 0.258591
vt 0.712771 0.304867
vt 0.698339 0.051615
vt 0.646003 0.216853
vt 0.673682 0.217558
vt 0.698617 0.210202
vt 0.627646 0.171135
vt 0.629013 0.198524
vt 0.629482 0.137985
vt 0.629339 0.108482
vt 0.630762 0.081304
vt 0.631378 0.266944
vt 0.638790 0.286093
vt 0.638799 0.309599
vt 0.629052 0.050607
vt 0.630957 0.221041
vt 0.716748 0.189696
vt 0.714723 0.162796
vt 0.715213 0.134796
vt 0.714118 0.106181
vt 0.714282 0.083525
vt 0.724097 0.273993
vt 0.720396 0.253196
vt 0.732557 0.292850
vt 0.716212 0.065116
vt 0.717814 0.211320
vt 0.648695 0.240488
vt 0.674280 0.238028
vt 0.696814 0.227441
vt 0.631471 0.242946
vt 0.715254 0.235564
vt 0.089036 0.709800
vt 0.071662 0.761275
vt 0.102519 0.771716
vt 0.117855 0.767633
vt 0.055825 0.714839
vt 0.013541 0.771914
vt 0.178263 0.713005
vt 0.155823 0.711512
vt 0.165202 0.763235
vt 0.175946 0.813466
vt 0.121130 0.709959
vt 0.134876 0.773309
vt 0.053555 0.812209
vt 0.006765 0.773989
vt 0.049592 0.817546
vt 0.225884 0.778703
vt 0.180668 0.820002
vt 0.232619 0.782651
vt 0.145696 0.819694
vt 0.144167 0.827478
vt 0.084838 0.819853
vt 0.087252 0.827657
vt 0.118019 0.775202
vt 0.131005 0.779552
vt 0.107197 0.778315
vt 0.184528 0.713825
vt 0.048760 0.713698
vt 0.085153 0.581678
vt 0.069532 0.634504
vt 0.102311 0.643805
vt 0.117776 0.639322
vt 0.051251 0.588489
vt 0.009924 0.647819
vt 0.179527 0.585110
vt 0.151679 0.581259
vt 0.163128 0.634041
vt 0.173829 0.684516
vt 0.118349 0.580764
vt 0.134381 0.644682
vt 0.054084 0.686424
vt 0.003450 0.650378
vt 0.050405 0.691903
vt 0.222269 0.649098
vt 0.178475 0.690948
vt 0.230022 0.651631
vt 0.145284 0.691161
vt 0.143603 0.698969
vt 0.087355 0.692949
vt 0.089951 0.700459
vt 0.117654 0.646814
vt 0.130273 0.650921
vt 0.106887 0.650115
vt 0.189756 0.585803
vt 0.046372 0.585985
vt 0.146940 0.456502
vt 0.159156 0.506881
vt 0.128345 0.516659
vt 0.112911 0.511090
vt 0.179214 0.466477
vt 0.221591 0.523326
vt 0.045083 0.462416
vt 0.074503 0.454924
vt 0.071144 0.504122
vt 0.059092 0.556528
vt 0.112711 0.453071
vt 0.097184 0.515929
vt 0.180021 0.558658
vt 0.228492 0.525460
vt 0.183985 0.563709
vt 0.011571 0.525829
vt 0.054606 0.563004
vt 0.002818 0.529671
vt 0.085615 0.563300
vt 0.087535 0.571315
vt 0.144401 0.566480
vt 0.142272 0.573904
vt 0.113370 0.518486
vt 0.101363 0.522257
vt 0.123419 0.524226
vt 0.111493 0.423768
vt 0.125274 0.406431
vt 0.155367 0.426356
vt 0.176661 0.411284
vt 0.197310 0.418005
vt 0.041774 0.413723
vt 0.055897 0.408316
vt 0.069461 0.424476
vt 0.077911 0.405632
vt 0.040262 0.460380
vt 0.184667 0.466501
vt 0.203034 0.412660
vt 0.036933 0.410437
vt 0.053003 0.403992
vt 0.147969 0.408188
vt 0.130069 0.400571
vt 0.147662 0.401173
vt 0.101168 0.404542
vt 0.078786 0.398818
vt 0.098508 0.398538
vt 0.180597 0.407498
vt 0.112514 0.381327
vt 0.113025 0.375797
vt 0.062020 0.383239
vt 0.060786 0.378374
vt 0.167991 0.384499
vt 0.169766 0.378253
vt 0.110505 0.404552
vt 0.066812 0.406719
vt 0.163804 0.408394
vt 0.102612 0.770154
vt 0.071533 0.760236
vt 0.087883 0.708529
vt 0.117912 0.765809
vt 0.054301 0.811451
vt 0.013541 0.771914
vt 0.176352 0.709571
vt 0.226127 0.773559
vt 0.177570 0.810035
vt 0.165225 0.760195
vt 0.135131 0.771129
vt 0.119763 0.708107
vt 0.050424 0.816853
vt 0.006803 0.774101
vt 0.233036 0.777283
vt 0.182458 0.816443
vt 0.146187 0.824985
vt 0.147474 0.817164
vt 0.085701 0.818571
vt 0.088238 0.826333
vt 0.131397 0.777489
vt 0.118238 0.773386
vt 0.107418 0.776679
vt 0.182625 0.710151
vt 0.047655 0.713028
vt 0.054734 0.714041
vt 0.154203 0.708745
vt 0.102489 0.642968
vt 0.069543 0.633963
vt 0.084488 0.581105
vt 0.117967 0.638306
vt 0.054526 0.685941
vt 0.009924 0.647819
vt 0.177805 0.582416
vt 0.222808 0.644731
vt 0.175825 0.681889
vt 0.163278 0.631871
vt 0.134782 0.643371
vt 0.117264 0.579756
vt 0.050881 0.691445
vt 0.003485 0.650433
vt 0.230685 0.646989
vt 0.180644 0.688181
vt 0.146042 0.697299
vt 0.147447 0.689453
vt 0.087841 0.692213
vt 0.090483 0.699701
vt 0.130802 0.649746
vt 0.117980 0.645826
vt 0.107155 0.649247
vt 0.188026 0.582701
vt 0.045747 0.585604
vt 0.050639 0.588064
vt 0.150226 0.579400
vt 0.126771 0.515074
vt 0.157705 0.505813
vt 0.146543 0.455679
vt 0.111513 0.509522
vt 0.176887 0.558265
vt 0.218912 0.523914
vt 0.043799 0.459966
vt 0.010086 0.523251
vt 0.057308 0.554449
vt 0.070052 0.502310
vt 0.095860 0.514352
vt 0.112141 0.451612
vt 0.180722 0.563456
vt 0.225892 0.526196
vt 0.001301 0.527057
vt 0.052753 0.560882
vt 0.085574 0.569624
vt 0.083753 0.561591
vt 0.141211 0.565290
vt 0.138870 0.572697
vt 0.099980 0.520710
vt 0.111918 0.516876
vt 0.121777 0.522537
vt 0.155241 0.425694
vt 0.147865 0.407700
vt 0.125257 0.405577
vt 0.197248 0.417881
vt 0.176669 0.410784
vt 0.073497 0.452851
vt 0.069121 0.422197
vt 0.055962 0.405731
vt 0.042298 0.411446
vt 0.111210 0.422621
vt 0.101216 0.403305
vt 0.077964 0.403667
vt 0.038989 0.457924
vt 0.183652 0.466172
vt 0.178209 0.466122
vt 0.203034 0.412660
vt 0.037347 0.408049
vt 0.053168 0.401372
vt 0.147645 0.400680
vt 0.130117 0.399792
vt 0.098702 0.397246
vt 0.079014 0.396881
vt 0.180657 0.407020
vt 0.112906 0.380250
vt 0.113505 0.374728
vt 0.062682 0.380834
vt 0.061570 0.375942
vt 0.167943 0.383997
vt 0.169717 0.377763
vt 0.110532 0.403432
vt 0.066874 0.404421
vt 0.163755 0.407849
vt 0.941463 0.307272
vt 0.921073 0.305239
vt 0.928235 0.281002
vt 0.951027 0.283045
vt 0.959449 0.309103
vt 0.968705 0.280477
vt 0.782700 0.253193
vt 0.777961 0.289937
vt 0.765804 0.290369
vt 0.758473 0.248471
vt 0.816313 0.292461
vt 0.817965 0.257603
vt 0.845535 0.294425
vt 0.848965 0.257578
vt 0.904084 0.304784
vt 0.910884 0.275382
vt 0.866694 0.297803
vt 0.870675 0.261277
vt 0.895398 0.269989
vt 0.888812 0.301563
vt 0.939623 0.225245
vt 0.956410 0.228234
vt 0.979066 0.225629
vt 0.759660 0.204141
vt 0.782213 0.208125
vt 0.823891 0.212191
vt 0.852564 0.212323
vt 0.918012 0.220116
vt 0.878869 0.217589
vt 0.902505 0.220639
vt 0.949302 0.136701
vt 0.934322 0.204447
vt 0.932496 0.133733
vt 0.801447 0.119923
vt 0.834213 0.125071
vt 0.828644 0.196208
vt 0.854090 0.198937
vt 0.920093 0.201556
vt 0.877575 0.202949
vt 0.896443 0.202206
vt 0.853813 0.129066
vt 0.876569 0.131968
vt 0.897322 0.133202
vt 0.916414 0.131288
vt 0.962283 0.072179
vt 0.958901 0.079399
vt 0.934227 0.073734
vt 0.936310 0.061224
vt 0.975112 0.087910
vt 0.964045 0.140416
vt 0.827215 0.067275
vt 0.859405 0.066508
vt 0.880700 0.045706
vt 0.879586 0.067442
vt 0.862351 0.049028
vt 0.896043 0.048996
vt 0.897432 0.068931
vt 0.915492 0.069868
vt 0.787628 0.120719
vt 0.784610 0.070872
vt 0.798452 0.066506
vt 0.973444 0.279756
vt 0.963332 0.309303
vt 0.762055 0.289764
vt 0.755097 0.248523
vt 0.757684 0.201763
vt 0.969586 0.142680
vt 0.983396 0.225751
vt 0.783108 0.120833
vt 0.778308 0.068237
vt 0.977988 0.279290
vt 0.965239 0.311508
vt 0.759424 0.292347
vt 0.750834 0.250288
vt 0.751808 0.201488
vt 0.974338 0.139976
vt 0.987983 0.224154
vt 0.777516 0.120412
vt 0.772457 0.067729
vt 0.778544 0.067794
vt 0.826461 0.054798
vt 0.917029 0.049425
vt 0.981784 0.086601
vt 0.984651 0.085129
vt 0.981649 0.086716
vt 0.964374 0.069145
vt 0.964905 0.065614
vt 0.937072 0.058260
vt 0.825081 0.050964
vt 0.861971 0.046345
vt 0.880845 0.041538
vt 0.896118 0.046153
vt 0.917644 0.046051
vt 0.796488 0.062681
vt 0.797236 0.058095
vt 0.936580 0.054572
vt 0.825522 0.046885
vt 0.862658 0.043146
vt 0.881118 0.038520
vt 0.896109 0.043251
vt 0.917135 0.042637
vt 0.939313 0.312723
vt 0.920128 0.310710
vt 0.956719 0.314463
vt 0.816747 0.298206
vt 0.781049 0.296274
vt 0.844678 0.300512
vt 0.903942 0.310001
vt 0.888438 0.307239
vt 0.866214 0.303832
vt 0.767021 0.297119
vt 0.405445 0.375828
vt 0.393640 0.350640
vt 0.409333 0.346075
vt 0.416851 0.369849
vt 0.389189 0.304855
vt 0.383479 0.233101
vt 0.398590 0.228980
vt 0.404287 0.300951
vt 0.380240 0.185560
vt 0.395588 0.184080
vt 0.435264 0.339612
vt 0.439193 0.366771
vt 0.417941 0.225705
vt 0.427637 0.298391
vt 0.415361 0.181615
vt 0.455277 0.334250
vt 0.449484 0.368202
vt 0.445418 0.295838
vt 0.429753 0.225620
vt 0.421403 0.181136
vt 0.963547 0.139760
vt 0.969131 0.141898
vt 0.981052 0.086307
vt 0.974571 0.087375
vt 0.941925 0.306706
vt 0.951361 0.282430
vt 0.928557 0.280511
vt 0.921518 0.304784
vt 0.959921 0.308434
vt 0.969026 0.279760
vt 0.782889 0.253380
vt 0.758642 0.248767
vt 0.766160 0.290634
vt 0.778316 0.290146
vt 0.816679 0.292500
vt 0.818173 0.257633
vt 0.845913 0.294330
vt 0.849173 0.257467
vt 0.911177 0.274980
vt 0.904525 0.304415
vt 0.867090 0.297611
vt 0.889231 0.301267
vt 0.895665 0.269662
vt 0.870901 0.261065
vt 0.956461 0.227603
vt 0.939664 0.224701
vt 0.979087 0.224856
vt 0.759626 0.204430
vt 0.782197 0.208312
vt 0.823891 0.212191
vt 0.852561 0.212193
vt 0.918032 0.219680
vt 0.902533 0.220278
vt 0.878887 0.217339
vt 0.948831 0.136132
vt 0.932056 0.133236
vt 0.934259 0.203936
vt 0.828572 0.196186
vt 0.833825 0.125023
vt 0.801035 0.120021
vt 0.854025 0.198799
vt 0.920022 0.201112
vt 0.896382 0.201873
vt 0.877525 0.202703
vt 0.853437 0.128925
vt 0.876194 0.131724
vt 0.896936 0.132862
vt 0.915999 0.130862
vt 0.961727 0.071631
vt 0.935725 0.060714
vt 0.933662 0.073236
vt 0.958352 0.078841
vt 0.858781 0.066342
vt 0.826591 0.067258
vt 0.879998 0.045446
vt 0.861651 0.048840
vt 0.878971 0.067184
vt 0.895369 0.048650
vt 0.896832 0.068588
vt 0.914905 0.069447
vt 0.787219 0.120880
vt 0.797823 0.066615
vt 0.783999 0.071044
vt 0.963805 0.308608
vt 0.973763 0.279003
vt 0.762408 0.290045
vt 0.755265 0.248834
vt 0.757640 0.202062
vt 0.983406 0.224930
vt 0.782697 0.121014
vt 0.777685 0.068436
vt 0.965726 0.310800
vt 0.978305 0.278507
vt 0.759789 0.292639
vt 0.751009 0.250617
vt 0.751761 0.201812
vt 0.987980 0.223295
vt 0.973875 0.139162
vt 0.777104 0.120619
vt 0.777917 0.067995
vt 0.771829 0.067955
vt 0.825785 0.054785
vt 0.916369 0.049011
vt 0.767407 0.297378
vt 0.983870 0.084236
vt 0.981021 0.085679
vt 0.964356 0.065086
vt 0.963820 0.068608
vt 0.936492 0.057738
vt 0.824390 0.050961
vt 0.861261 0.046151
vt 0.880126 0.041285
vt 0.895438 0.045796
vt 0.916973 0.045648
vt 0.795843 0.062801
vt 0.796573 0.058212
vt 0.935992 0.054049
vt 0.824813 0.046880
vt 0.861934 0.042946
vt 0.880386 0.038267
vt 0.895416 0.042890
vt 0.916451 0.042238
vt 0.920603 0.310259
vt 0.939803 0.312168
vt 0.957222 0.313808
vt 0.781433 0.296471
vt 0.817139 0.298242
vt 0.845083 0.300421
vt 0.904408 0.309630
vt 0.866639 0.303642
vt 0.888884 0.306945
vt 0.405445 0.375828
vt 0.416851 0.369849
vt 0.409333 0.346075
vt 0.393640 0.350640
vt 0.389189 0.304855
vt 0.404287 0.300951
vt 0.398590 0.228980
vt 0.383479 0.233101
vt 0.395588 0.184080
vt 0.380240 0.185560
vt 0.439193 0.366771
vt 0.435264 0.339612
vt 0.427637 0.298391
vt 0.417941 0.225705
vt 0.415362 0.181615
vt 0.455277 0.334250
vt 0.449484 0.368202
vt 0.445418 0.295838
vt 0.429753 0.225620
vt 0.421403 0.181136
vt 0.224905 0.281729
vt 0.254499 0.274462
vt 0.263048 0.310351
vt 0.236656 0.321346
vt 0.279224 0.260035
vt 0.286104 0.297842
vt 0.335210 0.262348
vt 0.338550 0.300042
vt 0.315596 0.297484
vt 0.306355 0.264770
vt 0.265960 0.349298
vt 0.238783 0.357138
vt 0.292605 0.339303
vt 0.348866 0.339484
vt 0.325759 0.335259
vt 0.282476 0.392489
vt 0.262072 0.383664
vt 0.302493 0.399623
vt 0.337317 0.371140
vt 0.319889 0.387571
vt 0.279208 0.400814
vt 0.258247 0.389148
vt 0.303663 0.406395
vt 0.342127 0.373832
vt 0.324956 0.392424
vt 0.244991 0.427882
vt 0.262124 0.424701
vt 0.267552 0.449237
vt 0.245691 0.452256
vt 0.279687 0.423887
vt 0.284577 0.448754
vt 0.314215 0.416599
vt 0.321785 0.439518
vt 0.301222 0.445093
vt 0.294354 0.421168
vt 0.274180 0.492490
vt 0.250312 0.495183
vt 0.292386 0.488391
vt 0.330307 0.483095
vt 0.310650 0.486051
vt 0.289126 0.539609
vt 0.268618 0.527518
vt 0.305810 0.542306
vt 0.331497 0.513238
vt 0.319447 0.534036
vt 0.216115 0.449873
vt 0.219737 0.426309
vt 0.383222 0.668332
vt 0.364722 0.676439
vt 0.353340 0.648720
vt 0.374568 0.644791
vt 0.346267 0.621400
vt 0.366156 0.616908
vt 0.345191 0.594673
vt 0.366197 0.592679
vt 0.332475 0.413664
vt 0.339376 0.436595
vt 0.354635 0.544334
vt 0.373960 0.550555
vt 0.369455 0.568193
vt 0.349205 0.565707
vt 0.286389 0.546711
vt 0.264428 0.532100
vt 0.306901 0.549881
vt 0.335569 0.515434
vt 0.323583 0.539504
vt 0.306065 0.807563
vt 0.278694 0.800068
vt 0.268352 0.763164
vt 0.293849 0.756700
vt 0.315632 0.756515
vt 0.321423 0.810284
vt 0.357547 0.792168
vt 0.335226 0.806431
vt 0.336958 0.754729
vt 0.356853 0.755096
vt 0.291932 0.711380
vt 0.268016 0.721229
vt 0.309466 0.708991
vt 0.324723 0.709775
vt 0.347915 0.717805
vt 0.265910 0.631769
vt 0.285981 0.630967
vt 0.302666 0.629991
vt 0.334378 0.627881
vt 0.319279 0.629438
vt 0.384512 0.714114
vt 0.384551 0.752660
vt 0.300243 0.033141
vt 0.293482 0.064763
vt 0.259237 0.061700
vt 0.261944 0.029606
vt 0.290219 0.203658
vt 0.290680 0.249984
vt 0.253375 0.240464
vt 0.254445 0.199002
vt 0.288527 0.166724
vt 0.254566 0.164846
vt 0.287394 0.102356
vt 0.256020 0.102176
vt 0.287428 0.133112
vt 0.254551 0.134190
vt 0.242285 0.761154
vt 0.243216 0.723122
vt 0.383581 0.767541
vt 0.362154 0.769305
vt 0.313750 0.040590
vt 0.307917 0.066680
vt 0.304051 0.204476
vt 0.304328 0.243082
vt 0.303405 0.167743
vt 0.302828 0.102114
vt 0.303399 0.133373
vt 0.270962 0.775241
vt 0.246363 0.775641
vt 0.350699 0.697681
vt 0.380203 0.697024
vt 0.245074 0.061745
vt 0.247914 0.036405
vt 0.238102 0.230746
vt 0.241637 0.196138
vt 0.242835 0.163817
vt 0.242657 0.133592
vt 0.243706 0.102498
vt 0.246402 0.708438
vt 0.263135 0.707747
vt 0.275228 0.561161
vt 0.290024 0.558416
vt 0.303513 0.559298
vt 0.317481 0.559001
vt 0.329158 0.559732
vt 0.337339 0.813786
vt 0.320704 0.820867
vt 0.303675 0.815250
vt 0.224905 0.281729
vt 0.236656 0.321346
vt 0.263048 0.310351
vt 0.254499 0.274462
vt 0.286104 0.297842
vt 0.279224 0.260035
vt 0.335210 0.262348
vt 0.306355 0.264770
vt 0.315596 0.297484
vt 0.338550 0.300042
vt 0.238783 0.357138
vt 0.265960 0.349298
vt 0.292605 0.339303
vt 0.325759 0.335259
vt 0.348866 0.339484
vt 0.262072 0.383664
vt 0.282475 0.392489
vt 0.302493 0.399623
vt 0.319889 0.387571
vt 0.337316 0.371140
vt 0.258247 0.389148
vt 0.279208 0.400814
vt 0.303663 0.406395
vt 0.324956 0.392424
vt 0.342127 0.373832
vt 0.244991 0.427882
vt 0.245691 0.452256
vt 0.267552 0.449237
vt 0.262124 0.424701
vt 0.284577 0.448754
vt 0.279687 0.423887
vt 0.314215 0.416599
vt 0.294354 0.421168
vt 0.301222 0.445093
vt 0.321785 0.439518
vt 0.250313 0.495183
vt 0.274180 0.492490
vt 0.292386 0.488391
vt 0.310650 0.486051
vt 0.330307 0.483095
vt 0.268618 0.527518
vt 0.289126 0.539609
vt 0.305810 0.542306
vt 0.319448 0.534036
vt 0.331497 0.513238
vt 0.219737 0.426309
vt 0.216115 0.449873
vt 0.383222 0.668332
vt 0.374568 0.644791
vt 0.353340 0.648720
vt 0.364722 0.676439
vt 0.366156 0.616908
vt 0.346267 0.621400
vt 0.366197 0.592679
vt 0.345191 0.594673
vt 0.339376 0.436595
vt 0.332475 0.413664
vt 0.354635 0.544334
vt 0.349205 0.565707
vt 0.369455 0.568193
vt 0.373960 0.550555
vt 0.264428 0.532100
vt 0.286390 0.546711
vt 0.306901 0.549881
vt 0.323583 0.539504
vt 0.335569 0.515434
vt 0.306065 0.807563
vt 0.293849 0.756700
vt 0.268352 0.763164
vt 0.278694 0.800068
vt 0.321423 0.810284
vt 0.315632 0.756515
vt 0.357547 0.792168
vt 0.356853 0.755096
vt 0.336958 0.754729
vt 0.335226 0.806431
vt 0.291932 0.711380
vt 0.268016 0.721229
vt 0.309466 0.708991
vt 0.324723 0.709775
vt 0.347915 0.717805
vt 0.265910 0.631769
vt 0.285981 0.630967
vt 0.302666 0.629991
vt 0.334378 0.627881
vt 0.319279 0.629438
vt 0.384551 0.752660
vt 0.384512 0.714114
vt 0.300243 0.033141
vt 0.261944 0.029606
vt 0.259237 0.061700
vt 0.293482 0.064763
vt 0.290219 0.203658
vt 0.254445 0.199002
vt 0.253375 0.240464
vt 0.290680 0.249984
vt 0.288528 0.166724
vt 0.254566 0.164846
vt 0.256020 0.102176
vt 0.287394 0.102356
vt 0.287428 0.133112
vt 0.254551 0.134190
vt 0.243216 0.723122
vt 0.242285 0.761154
vt 0.362154 0.769305
vt 0.383581 0.767541
vt 0.307918 0.066680
vt 0.313750 0.040590
vt 0.304328 0.243082
vt 0.304051 0.204476
vt 0.303405 0.167743
vt 0.302828 0.102114
vt 0.303399 0.133373
vt 0.246363 0.775641
vt 0.270962 0.775241
vt 0.380203 0.697024
vt 0.350699 0.697681
vt 0.247914 0.036405
vt 0.245074 0.061745
vt 0.241637 0.196138
vt 0.238102 0.230746
vt 0.242835 0.163817
vt 0.243706 0.102498
vt 0.242657 0.133592
vt 0.263135 0.707747
vt 0.246402 0.708438
vt 0.290024 0.558416
vt 0.275228 0.561161
vt 0.303513 0.559298
vt 0.329158 0.559732
vt 0.317481 0.559001
vt 0.320704 0.820867
vt 0.337339 0.813786
vt 0.303676 0.815250
vt 0.089531 0.231829
vt 0.091808 0.208053
vt 0.105813 0.209152
vt 0.107851 0.222715
vt 0.109714 0.198949
vt 0.124149 0.188832
vt 0.123112 0.204275
vt 0.121271 0.214963
vt 0.118656 0.231010
vt 0.103483 0.234625
vt 0.117306 0.242514
vt 0.103815 0.246318
vt 0.098894 0.258341
vt 0.114387 0.256302
vt 0.112009 0.268355
vt 0.098118 0.268586
vt 0.748457 0.346628
vt 0.745901 0.376662
vt 0.766297 0.376554
vt 0.762688 0.347485
vt 0.681771 0.511403
vt 0.700154 0.508128
vt 0.688181 0.476881
vt 0.665563 0.482549
vt 0.720065 0.507951
vt 0.703912 0.474793
vt 0.734549 0.505869
vt 0.733408 0.476548
vt 0.712242 0.475084
vt 0.785358 0.485890
vt 0.780378 0.505562
vt 0.795790 0.515401
vt 0.810589 0.490613
vt 0.762570 0.481286
vt 0.755817 0.502322
vt 0.809122 0.520145
vt 0.823799 0.495386
vt 0.743111 0.502366
vt 0.745990 0.478005
vt 0.837970 0.496382
vt 0.823675 0.524455
vt 0.025665 0.218001
vt 0.059724 0.227558
vt 0.055736 0.252863
vt 0.023172 0.238424
vt 0.022468 0.259290
vt 0.049226 0.271774
vt 0.030228 0.186405
vt 0.066803 0.192139
vt 0.061322 0.207012
vt 0.027478 0.201653
vt 0.045784 0.284523
vt 0.018155 0.271656
vt 0.069101 0.178186
vt 0.031952 0.180434
vt 0.057120 0.113659
vt 0.061489 0.128185
vt 0.030693 0.143070
vt 0.024633 0.126052
vt 0.020338 0.102132
vt 0.046587 0.091944
vt 0.064927 0.142459
vt 0.063770 0.160907
vt 0.032396 0.161263
vt 0.038193 0.297770
vt 0.012369 0.276731
vt 0.019206 0.309634
vt 0.004294 0.285557
vt 0.084985 0.256764
vt 0.080381 0.277026
vt 0.095297 0.191961
vt 0.060331 0.298074
vt 0.086453 0.291410
vt 0.080559 0.295559
vt 0.096442 0.182627
vt 0.125700 0.147118
vt 0.109832 0.148538
vt 0.109796 0.126130
vt 0.125547 0.121833
vt 0.079269 0.318413
vt 0.071550 0.325657
vt 0.045471 0.301852
vt 0.042234 0.324153
vt 0.065160 0.342482
vt 0.105147 0.180607
vt 0.105342 0.164756
vt 0.125262 0.163952
vt 0.124747 0.177857
vt 0.096458 0.302194
vt 0.095745 0.063849
vt 0.110590 0.077451
vt 0.092586 0.090974
vt 0.081174 0.085927
vt 0.107000 0.283931
vt 0.145676 0.285707
vt 0.140779 0.295104
vt 0.157504 0.255761
vt 0.154519 0.265213
vt 0.158531 0.221047
vt 0.156795 0.232056
vt 0.148189 0.175513
vt 0.148725 0.183561
vt 0.116834 0.087567
vt 0.144717 0.078090
vt 0.150473 0.088823
vt 0.123012 0.101365
vt 0.153294 0.104359
vt 0.155881 0.114104
vt 0.150770 0.127769
vt 0.152769 0.140063
vt 0.156178 0.099317
vt 0.142835 0.100927
vt 0.159958 0.122733
vt 0.149435 0.124871
vt 0.151605 0.281974
vt 0.134496 0.272585
vt 0.117344 0.264590
vt 0.152709 0.273581
vt 0.158007 0.150240
vt 0.147381 0.151807
vt 0.157851 0.246176
vt 0.141248 0.242806
vt 0.124507 0.239352
vt 0.156572 0.238227
vt 0.144694 0.163686
vt 0.154101 0.199394
vt 0.131838 0.208027
vt 0.150876 0.192712
vt 0.146976 0.282342
vt 0.135776 0.304745
vt 0.104833 0.293849
vt 0.115730 0.081442
vt 0.142548 0.071643
vt 0.161785 0.251139
vt 0.160343 0.215055
vt 0.147415 0.153008
vt 0.148543 0.210289
vt 0.160816 0.210824
vt 0.091670 0.334312
vt 0.084818 0.341966
vt 0.099816 0.327687
vt 0.109020 0.062392
vt 0.102239 0.054618
vt 0.098684 0.346606
vt 0.091606 0.351858
vt 0.079918 0.349520
vt 0.088786 0.361260
vt 0.107126 0.340349
vt 0.117080 0.049658
vt 0.108391 0.041834
vt 0.103599 0.103333
vt 0.086685 0.159953
vt 0.086787 0.144575
vt 0.076847 0.106678
vt 0.087425 0.126490
vt 0.105436 0.189468
vt 0.105404 0.307705
vt 0.108649 0.321819
vt 0.117545 0.334958
vt 0.168957 0.299840
vt 0.164350 0.308185
vt 0.170026 0.293904
vt 0.177945 0.298606
vt 0.173883 0.302752
vt 0.184901 0.081665
vt 0.176954 0.084171
vt 0.171666 0.075591
vt 0.178734 0.071733
vt 0.173187 0.061630
vt 0.166649 0.066733
vt 0.170522 0.055536
vt 0.164115 0.061675
vt 0.158142 0.315837
vt 0.168839 0.310324
vt 0.166720 0.320503
vt 0.185526 0.266735
vt 0.181853 0.275786
vt 0.186102 0.259214
vt 0.193900 0.111006
vt 0.183911 0.113095
vt 0.179827 0.102522
vt 0.188955 0.099261
vt 0.176627 0.094126
vt 0.185358 0.089800
vt 0.186378 0.284176
vt 0.185241 0.296260
vt 0.174324 0.294292
vt 0.177159 0.282790
vt 0.188092 0.277549
vt 0.186880 0.227526
vt 0.184419 0.237003
vt 0.185708 0.221094
vt 0.197979 0.224092
vt 0.195017 0.229332
vt 0.190909 0.139138
vt 0.180107 0.139430
vt 0.176792 0.130736
vt 0.186913 0.128403
vt 0.173880 0.121134
vt 0.183041 0.116667
vt 0.190866 0.242426
vt 0.192311 0.254034
vt 0.180394 0.253733
vt 0.180916 0.242794
vt 0.191605 0.237760
vt 0.169143 0.171132
vt 0.173099 0.177251
vt 0.167028 0.161612
vt 0.178329 0.163092
vt 0.178560 0.172669
vt 0.180118 0.154350
vt 0.167479 0.153956
vt 0.189742 0.193678
vt 0.179572 0.203073
vt 0.175062 0.191901
vt 0.182937 0.185438
vt 0.175203 0.184765
vt 0.181111 0.181607
vt 0.107171 0.303506
vt 0.069220 0.077101
vt 0.087190 0.056716
vt 0.090836 0.280677
vt 0.098014 0.093058
vt 0.096241 0.046548
vt 0.101864 0.034592
vt 0.828028 0.524081
vt 0.841055 0.528154
vt 0.856103 0.501626
vt 0.179424 0.176597
vt 0.191928 0.270150
vt 0.196392 0.265115
vt 0.669224 0.339651
vt 0.667820 0.331150
vt 0.638147 0.337007
vt 0.640656 0.344382
vt 0.696203 0.347601
vt 0.696398 0.336631
vt 0.922639 0.372752
vt 0.923615 0.366166
vt 0.904923 0.369953
vt 0.902981 0.376873
vt 0.724974 0.348161
vt 0.720940 0.341935
vt 0.886117 0.366592
vt 0.882710 0.374832
vt 0.619634 0.354117
vt 0.621852 0.360823
vt 0.835237 0.349295
vt 0.836944 0.341908
vt 0.815183 0.337248
vt 0.814295 0.345751
vt 0.781635 0.342753
vt 0.783091 0.335142
vt 0.760543 0.339175
vt 0.863818 0.365716
vt 0.866179 0.358616
vt 0.743216 0.340162
vt 0.663062 0.372723
vt 0.669014 0.374110
vt 0.699360 0.386225
vt 0.890236 0.413254
vt 0.918241 0.403326
vt 0.870950 0.398706
vt 0.632194 0.385217
vt 0.812302 0.379685
vt 0.825970 0.380539
vt 0.786656 0.378635
vt 0.855147 0.391057
vt 0.726374 0.376577
vt 0.687740 0.441220
vt 0.685117 0.438923
vt 0.702793 0.429486
vt 0.701564 0.407756
vt 0.893564 0.441522
vt 0.879938 0.435359
vt 0.868593 0.410571
vt 0.648157 0.421663
vt 0.658621 0.446313
vt 0.821423 0.395969
vt 0.808331 0.392797
vt 0.765863 0.382582
vt 0.785821 0.383486
vt 0.849648 0.405987
vt 0.744574 0.382765
vt 0.725702 0.382906
vt 0.707617 0.446654
vt 0.732375 0.455275
vt 0.810178 0.440286
vt 0.795141 0.438438
vt 0.792984 0.451294
vt 0.811714 0.453467
vt 0.761716 0.453317
vt 0.760624 0.429559
vt 0.742238 0.427698
vt 0.745457 0.451719
vt 0.125962 0.370413
vt 0.135234 0.019129
vt 0.197925 0.326988
vt 0.201587 0.052399
vt 0.221047 0.298145
vt 0.218505 0.080406
vt 0.225488 0.249312
vt 0.214496 0.113085
vt 0.208600 0.166951
vt 0.855303 0.534268
vt 0.704462 0.404488
vt 0.726984 0.402988
vt 0.724500 0.387962
vt 0.701729 0.389026
vt 0.727559 0.408019
vt 0.729062 0.424275
vt 0.742432 0.422587
vt 0.742968 0.408993
vt 0.761885 0.424274
vt 0.762589 0.414966
vt 0.776090 0.430305
vt 0.778604 0.417187
vt 0.796113 0.433600
vt 0.801386 0.417093
vt 0.743376 0.404700
vt 0.743675 0.387192
vt 0.763847 0.410197
vt 0.765345 0.387288
vt 0.779580 0.412106
vt 0.784623 0.389022
vt 0.801962 0.412690
vt 0.807127 0.397939
vt 0.815792 0.415561
vt 0.819885 0.400706
vt 0.811623 0.435073
vt 0.815341 0.420303
vt 0.838840 0.439193
vt 0.843149 0.426106
vt 0.844477 0.422514
vt 0.849436 0.409944
vt 0.863266 0.427981
vt 0.867702 0.413916
vt 0.880341 0.431959
vt 0.888137 0.416814
vt 0.858052 0.442862
vt 0.861822 0.431354
vt 0.874375 0.446896
vt 0.729566 0.429320
vt 0.733771 0.450345
vt 0.744332 0.456908
vt 0.761400 0.458776
vt 0.771100 0.454570
vt 0.792104 0.456011
vt 0.810997 0.458706
vt 0.704866 0.431650
vt 0.708793 0.443173
vt 0.771212 0.449493
vt 0.775094 0.435168
vt 0.833059 0.456214
vt 0.837436 0.444491
vt 0.851497 0.459734
vt 0.856469 0.447682
vt 0.832106 0.461445
vt 0.850155 0.463570
vt 0.865079 0.463169
vt 0.871039 0.450376
vt 0.865615 0.465869
vt 0.875131 0.466462
vt 0.533043 0.156145
vt 0.506553 0.150678
vt 0.512074 0.123565
vt 0.540773 0.136689
vt 0.543483 0.157391
vt 0.557490 0.125958
vt 0.482453 0.289449
vt 0.470513 0.293919
vt 0.459627 0.268939
vt 0.471905 0.268067
vt 0.377620 0.129953
vt 0.396289 0.129728
vt 0.399894 0.149613
vt 0.379457 0.156018
vt 0.482316 0.151015
vt 0.474823 0.125273
vt 0.457914 0.148475
vt 0.455892 0.122728
vt 0.427401 0.151910
vt 0.422449 0.127886
vt 0.483710 0.268158
vt 0.492621 0.269693
vt 0.493345 0.287107
vt 0.518452 0.212574
vt 0.518874 0.232720
vt 0.499045 0.235158
vt 0.491517 0.211631
vt 0.490294 0.193557
vt 0.516092 0.187848
vt 0.530374 0.351405
vt 0.550806 0.365044
vt 0.529282 0.376114
vt 0.525733 0.352131
vt 0.452694 0.408141
vt 0.480937 0.405644
vt 0.477281 0.469885
vt 0.447705 0.473484
vt 0.482906 0.240448
vt 0.467735 0.248134
vt 0.455768 0.220628
vt 0.476590 0.217845
vt 0.454236 0.195074
vt 0.471212 0.184871
vt 0.554848 0.215402
vt 0.549607 0.239401
vt 0.536397 0.233444
vt 0.540638 0.208619
vt 0.541033 0.192012
vt 0.559760 0.186859
vt 0.521926 0.313872
vt 0.532437 0.311931
vt 0.546443 0.329786
vt 0.520779 0.332265
vt 0.550545 0.386249
vt 0.545959 0.392788
vt 0.541494 0.131583
vt 0.513791 0.118954
vt 0.513982 0.098921
vt 0.540192 0.103737
vt 0.475456 0.117774
vt 0.480648 0.083673
vt 0.577964 0.102634
vt 0.561616 0.101854
vt 0.580404 0.095769
vt 0.359356 0.475332
vt 0.358360 0.441276
vt 0.379043 0.455230
vt 0.379455 0.490494
vt 0.557444 0.101686
vt 0.553285 0.122637
vt 0.520852 0.061967
vt 0.543616 0.064317
vt 0.486921 0.044395
vt 0.421780 0.417994
vt 0.421617 0.472435
vt 0.389375 0.420421
vt 0.399806 0.431299
vt 0.584231 0.068928
vt 0.564825 0.064166
vt 0.570268 0.045318
vt 0.588062 0.051978
vt 0.606264 0.069467
vt 0.612413 0.058439
vt 0.544082 0.058540
vt 0.519643 0.055882
vt 0.521330 0.027615
vt 0.549565 0.033218
vt 0.485267 0.040317
vt 0.485830 0.028509
vt 0.389735 0.103098
vt 0.414739 0.094593
vt 0.420553 0.121688
vt 0.396564 0.127632
vt 0.382016 0.077847
vt 0.408749 0.064880
vt 0.449995 0.043700
vt 0.451512 0.083541
vt 0.358942 0.108184
vt 0.366355 0.109441
vt 0.455331 0.115841
vt 0.408157 0.060726
vt 0.380320 0.072074
vt 0.372938 0.040463
vt 0.401171 0.031253
vt 0.446924 0.027518
vt 0.450248 0.040171
vt 0.366098 0.077206
vt 0.351934 0.047893
vt 0.527361 0.422520
vt 0.526409 0.476440
vt 0.501250 0.473794
vt 0.501320 0.411833
vt 0.583903 0.453814
vt 0.563653 0.479806
vt 0.537183 0.407566
vt 0.543126 0.295188
vt 0.529010 0.282506
vt 0.528790 0.253841
vt 0.542173 0.259829
vt 0.323526 0.088822
vt 0.351327 0.084602
vt 0.483405 0.373742
vt 0.444950 0.389881
vt 0.414699 0.404287
vt 0.511760 0.391563
vt 0.561925 0.066821
vt 0.605538 0.087592
vt 0.370078 0.108778
vt 0.355672 0.085480
vt 0.367902 0.082506
vt 0.336348 0.059684
vt 0.130709 0.875956
vt 0.140449 0.869532
vt 0.151702 0.869060
vt 0.146379 0.958758
vt 0.427583 0.495089
vt 0.444674 0.491500
vt 0.437666 0.508076
vt 0.408111 0.510761
vt 0.473250 0.491717
vt 0.472778 0.515761
vt 0.504818 0.491544
vt 0.505251 0.514311
vt 0.522368 0.499749
vt 0.531359 0.508999
vt 0.395472 0.482386
vt 0.401719 0.498368
vt 0.380366 0.506753
vt 0.569705 0.491316
vt 0.593128 0.467554
vt 0.358728 0.497043
vt 0.344847 0.488010
vt 0.346387 0.468367
vt 0.394737 0.132211
vt 0.484309 0.251860
vt 0.464647 0.255954
vt 0.448334 0.222313
vt 0.443011 0.182817
vt 0.465690 0.173608
vt 0.489008 0.181088
vt 0.513886 0.166030
vt 0.540975 0.179979
vt 0.564661 0.168285
vt 0.588755 0.172210
vt 0.576448 0.191137
vt 0.583123 0.222927
vt 0.572179 0.214781
vt 0.565562 0.253736
vt 0.564569 0.240465
vt 0.535302 0.241495
vt 0.548737 0.246649
vt 0.501395 0.241844
vt 0.518232 0.245051
vt 0.501988 0.269195
vt 0.503657 0.288695
vt 0.521777 0.272966
vt 0.511265 0.292520
vt 0.510141 0.272038
vt 0.094839 0.936893
vt 0.077827 0.937410
vt 0.087170 0.870309
vt 0.103633 0.873426
vt 0.117995 0.938795
vt 0.119523 0.874830
vt 0.130203 0.945666
vt 0.320251 0.066228
vt 0.208799 0.892884
vt 0.222262 0.909684
vt 0.206322 0.931862
vt 0.187106 0.942366
vt 0.035838 0.932517
vt 0.013619 0.915982
vt 0.012017 0.885734
vt 0.044880 0.866274
vt 0.058355 0.934754
vt 0.069530 0.866265
vt 0.171205 0.954628
vt 0.196130 0.878348
vt 0.485517 0.311221
vt 0.473938 0.318009
vt 0.503002 0.309156
vt 0.494611 0.308997
vt 0.510871 0.313059
vt 0.552074 0.269769
vt 0.568382 0.397213
vt 0.533043 0.156145
vt 0.540773 0.136689
vt 0.512074 0.123565
vt 0.506553 0.150678
vt 0.543483 0.157391
vt 0.557490 0.125958
vt 0.482453 0.289449
vt 0.471905 0.268067
vt 0.459627 0.268939
vt 0.470513 0.293919
vt 0.377620 0.129953
vt 0.379457 0.156018
vt 0.399894 0.149613
vt 0.396288 0.129728
vt 0.474823 0.125273
vt 0.482316 0.151015
vt 0.455892 0.122728
vt 0.457915 0.148475
vt 0.422450 0.127886
vt 0.427401 0.151910
vt 0.483709 0.268158
vt 0.493345 0.287107
vt 0.492621 0.269693
vt 0.518452 0.212574
vt 0.491517 0.211631
vt 0.499046 0.235158
vt 0.518874 0.232720
vt 0.516092 0.187848
vt 0.490295 0.193557
vt 0.530374 0.351405
vt 0.525733 0.352131
vt 0.529282 0.376114
vt 0.550806 0.365044
vt 0.452621 0.408040
vt 0.447424 0.473358
vt 0.476961 0.469857
vt 0.480825 0.405636
vt 0.482907 0.240448
vt 0.476591 0.217845
vt 0.455768 0.220628
vt 0.467736 0.248134
vt 0.471212 0.184871
vt 0.454237 0.195074
vt 0.554848 0.215402
vt 0.540638 0.208619
vt 0.536397 0.233444
vt 0.549607 0.239401
vt 0.559760 0.186859
vt 0.541033 0.192012
vt 0.521926 0.313872
vt 0.520779 0.332265
vt 0.546443 0.329786
vt 0.532437 0.311931
vt 0.545959 0.392788
vt 0.550545 0.386249
vt 0.541493 0.131583
vt 0.540192 0.103737
vt 0.513982 0.098921
vt 0.513791 0.118954
vt 0.480648 0.083673
vt 0.475456 0.117774
vt 0.577964 0.102634
vt 0.580404 0.095769
vt 0.561616 0.101854
vt 0.359239 0.474974
vt 0.379265 0.490187
vt 0.378950 0.454927
vt 0.358310 0.440926
vt 0.553284 0.122637
vt 0.557444 0.101686
vt 0.543616 0.064317
vt 0.520852 0.061967
vt 0.486921 0.044395
vt 0.421722 0.417802
vt 0.421389 0.472234
vt 0.399751 0.431051
vt 0.389345 0.420156
vt 0.584231 0.068928
vt 0.588063 0.051978
vt 0.570267 0.045318
vt 0.564825 0.064166
vt 0.606264 0.069467
vt 0.612413 0.058439
vt 0.544082 0.058540
vt 0.549565 0.033218
vt 0.521330 0.027615
vt 0.519643 0.055882
vt 0.485830 0.028509
vt 0.485268 0.040317
vt 0.389735 0.103098
vt 0.396564 0.127632
vt 0.420553 0.121688
vt 0.414739 0.094593
vt 0.408750 0.064880
vt 0.382016 0.077847
vt 0.451512 0.083541
vt 0.449995 0.043700
vt 0.366355 0.109441
vt 0.358942 0.108184
vt 0.455331 0.115841
vt 0.408157 0.060726
vt 0.401172 0.031253
vt 0.372938 0.040463
vt 0.380320 0.072074
vt 0.450248 0.040171
vt 0.446923 0.027518
vt 0.351934 0.047893
vt 0.366097 0.077206
vt 0.527121 0.422679
vt 0.501144 0.411896
vt 0.500866 0.473848
vt 0.525976 0.476589
vt 0.583520 0.454184
vt 0.536998 0.407767
vt 0.563182 0.480100
vt 0.543126 0.295188
vt 0.542173 0.259829
vt 0.528790 0.253841
vt 0.529010 0.282506
vt 0.351328 0.084602
vt 0.323526 0.088822
vt 0.483405 0.373742
vt 0.444926 0.389759
vt 0.414669 0.404082
vt 0.511664 0.391670
vt 0.561925 0.066821
vt 0.605538 0.087592
vt 0.370078 0.108778
vt 0.367901 0.082506
vt 0.355672 0.085480
vt 0.336348 0.059684
vt 0.130552 0.875951
vt 0.130203 0.945666
vt 0.146377 0.958739
vt 0.151526 0.869028
vt 0.427298 0.494891
vt 0.407791 0.510500
vt 0.437280 0.507906
vt 0.444343 0.491356
vt 0.472302 0.515707
vt 0.472856 0.491667
vt 0.504725 0.514372
vt 0.504372 0.491605
vt 0.530812 0.509153
vt 0.521849 0.499875
vt 0.395262 0.482116
vt 0.401460 0.498101
vt 0.380118 0.506443
vt 0.569198 0.491625
vt 0.592689 0.467950
vt 0.358549 0.496679
vt 0.346298 0.467982
vt 0.344706 0.487614
vt 0.394736 0.132211
vt 0.484309 0.251860
vt 0.464648 0.255954
vt 0.448334 0.222313
vt 0.443011 0.182817
vt 0.465690 0.173608
vt 0.489008 0.181088
vt 0.513886 0.166030
vt 0.540975 0.179979
vt 0.564661 0.168285
vt 0.576448 0.191137
vt 0.588755 0.172210
vt 0.572179 0.214781
vt 0.583123 0.222927
vt 0.564570 0.240465
vt 0.565562 0.253736
vt 0.535303 0.241495
vt 0.548737 0.246649
vt 0.501396 0.241844
vt 0.518232 0.245051
vt 0.503657 0.288695
vt 0.501988 0.269195
vt 0.521777 0.272966
vt 0.510141 0.272038
vt 0.511265 0.292520
vt 0.094831 0.936985
vt 0.103457 0.873495
vt 0.086982 0.870422
vt 0.077827 0.937550
vt 0.117986 0.938823
vt 0.119356 0.874855
vt 0.320251 0.066228
vt 0.208674 0.892749
vt 0.187069 0.942269
vt 0.206266 0.931731
vt 0.222166 0.909526
vt 0.035842 0.932785
vt 0.044664 0.866513
vt 0.011864 0.886085
vt 0.013571 0.916327
vt 0.058356 0.934950
vt 0.069324 0.866428
vt 0.195976 0.878234
vt 0.171190 0.954560
vt 0.473938 0.318009
vt 0.485517 0.311221
vt 0.494611 0.308997
vt 0.503001 0.309156
vt 0.510871 0.313059
vt 0.552074 0.269769
vt 0.140094 0.868951
vt 0.568382 0.397213
vt 0.660691 0.878653
vt 0.684004 0.878544
vt 0.681895 0.849880
vt 0.655118 0.847763
vt 0.733506 0.842602
vt 0.739160 0.866498
vt 0.761144 0.860884
vt 0.755867 0.836761
vt 0.843125 0.644354
vt 0.847197 0.621955
vt 0.820058 0.620108
vt 0.818784 0.640241
vt 0.916929 0.543200
vt 0.915211 0.542178
vt 0.906343 0.550469
vt 0.909626 0.550531
vt 0.869234 0.709334
vt 0.867813 0.728258
vt 0.879385 0.731290
vt 0.879522 0.712764
vt 0.858180 0.722086
vt 0.862026 0.692008
vt 0.771178 0.749527
vt 0.760218 0.745308
vt 0.746891 0.784372
vt 0.754762 0.790348
vt 0.799931 0.698676
vt 0.811973 0.696004
vt 0.806626 0.678197
vt 0.795141 0.688210
vt 0.870106 0.634745
vt 0.871560 0.612542
vt 0.889728 0.576542
vt 0.895481 0.562564
vt 0.893393 0.557734
vt 0.884437 0.575050
vt 0.833832 0.685604
vt 0.857234 0.672261
vt 0.895631 0.733761
vt 0.896237 0.713629
vt 0.890577 0.713788
vt 0.891440 0.735141
vt 0.812042 0.720556
vt 0.821670 0.715106
vt 0.783778 0.702957
vt 0.791568 0.714663
vt 0.765165 0.790030
vt 0.778140 0.758868
vt 0.807868 0.875919
vt 0.771433 0.900065
vt 0.811610 0.892385
vt 0.741465 0.888729
vt 0.813596 0.586325
vt 0.844740 0.585344
vt 0.838030 0.565867
vt 0.817913 0.566722
vt 0.869200 0.667419
vt 0.704142 0.848659
vt 0.706357 0.870964
vt 0.708321 0.886263
vt 0.845446 0.600037
vt 0.881213 0.590126
vt 0.821665 0.604191
vt 0.639245 0.878413
vt 0.632722 0.848070
vt 0.583999 0.848996
vt 0.597214 0.879638
vt 0.898977 0.562686
vt 0.836530 0.743038
vt 0.856769 0.737526
vt 0.837292 0.724886
vt 0.821968 0.730339
vt 0.752990 0.811851
vt 0.766781 0.815559
vt 0.870249 0.680223
vt 0.816347 0.916729
vt 0.785782 0.924369
vt 0.782327 0.951486
vt 0.815161 0.954760
vt 0.847382 0.712149
vt 0.838891 0.705819
vt 0.802489 0.725672
vt 0.775186 0.980259
vt 0.794074 0.990481
vt 0.742339 0.812497
vt 0.735173 0.828258
vt 0.773773 0.840922
vt 0.874122 0.633183
vt 0.875374 0.611746
vt 0.872830 0.665008
vt 0.885206 0.591020
vt 0.873368 0.680702
vt 0.913931 0.537373
vt 0.896278 0.513713
vt 0.884693 0.525458
vt 0.904340 0.545438
vt 0.872249 0.536488
vt 0.894878 0.574818
vt 0.878388 0.634044
vt 0.880109 0.611791
vt 0.875481 0.665949
vt 0.890308 0.590098
vt 0.874563 0.682224
vt 0.660691 0.878653
vt 0.655118 0.847763
vt 0.681895 0.849880
vt 0.684004 0.878544
vt 0.733506 0.842602
vt 0.755867 0.836761
vt 0.761144 0.860884
vt 0.739161 0.866498
vt 0.843125 0.644354
vt 0.818784 0.640241
vt 0.820058 0.620108
vt 0.847197 0.621955
vt 0.909627 0.550531
vt 0.906343 0.550469
vt 0.869234 0.709334
vt 0.879522 0.712764
vt 0.879385 0.731290
vt 0.867813 0.728258
vt 0.858180 0.722086
vt 0.862026 0.692008
vt 0.771179 0.749527
vt 0.754762 0.790348
vt 0.746891 0.784372
vt 0.760218 0.745308
vt 0.799931 0.698676
vt 0.795141 0.688210
vt 0.806626 0.678197
vt 0.811973 0.696004
vt 0.870106 0.634745
vt 0.871560 0.612542
vt 0.889728 0.576542
vt 0.884437 0.575050
vt 0.893393 0.557734
vt 0.895481 0.562564
vt 0.833832 0.685604
vt 0.857234 0.672261
vt 0.891440 0.735141
vt 0.890577 0.713788
vt 0.821670 0.715106
vt 0.812043 0.720556
vt 0.791568 0.714663
vt 0.783778 0.702957
vt 0.778140 0.758868
vt 0.765165 0.790030
vt 0.807868 0.875919
vt 0.811610 0.892385
vt 0.771433 0.900065
vt 0.741465 0.888729
vt 0.813596 0.586325
vt 0.817913 0.566722
vt 0.838030 0.565867
vt 0.844740 0.585344
vt 0.869200 0.667419
vt 0.704142 0.848659
vt 0.706357 0.870964
vt 0.708321 0.886263
vt 0.845446 0.600037
vt 0.881213 0.590126
vt 0.821665 0.604191
vt 0.639246 0.878413
vt 0.632722 0.848070
vt 0.597214 0.879638
vt 0.583999 0.848996
vt 0.898977 0.562686
vt 0.836530 0.743038
vt 0.821968 0.730339
vt 0.837292 0.724886
vt 0.856769 0.737526
vt 0.752990 0.811851
vt 0.766781 0.815559
vt 0.870249 0.680223
vt 0.816347 0.916729
vt 0.815161 0.954760
vt 0.782327 0.951486
vt 0.785782 0.924369
vt 0.838891 0.705819
vt 0.847382 0.712149
vt 0.802489 0.725672
vt 0.794074 0.990481
vt 0.775186 0.980259
vt 0.742339 0.812497
vt 0.735173 0.828258
vt 0.773773 0.840922
vt 0.874122 0.633183
vt 0.875374 0.611746
vt 0.872830 0.665008
vt 0.885206 0.591020
vt 0.873368 0.680702
vt 0.904340 0.545438
vt 0.884693 0.525458
vt 0.872249 0.536488
vt 0.894878 0.574818
vt 0.878388 0.634044
vt 0.880109 0.611791
vt 0.875481 0.665949
vt 0.890308 0.590098
vt 0.874563 0.682224
vt 0.123112 0.204275
vt 0.124149 0.188832
vt 0.109714 0.198949
vt 0.105813 0.209152
vt 0.107851 0.222715
vt 0.118656 0.231010
vt 0.121271 0.214963
vt 0.681771 0.511403
vt 0.665563 0.482549
vt 0.688181 0.476881
vt 0.700154 0.508128
vt 0.703912 0.474793
vt 0.720065 0.507951
vt 0.734549 0.505869
vt 0.712242 0.475084
vt 0.733408 0.476548
vt 0.785358 0.485890
vt 0.810589 0.490613
vt 0.795790 0.515401
vt 0.780378 0.505562
vt 0.755817 0.502322
vt 0.762570 0.481286
vt 0.823799 0.495386
vt 0.809122 0.520145
vt 0.745990 0.478005
vt 0.743111 0.502366
vt 0.837970 0.496382
vt 0.823675 0.524455
vt 0.025665 0.218001
vt 0.023172 0.238424
vt 0.055736 0.252863
vt 0.059724 0.227558
vt 0.022468 0.259290
vt 0.049226 0.271774
vt 0.030228 0.186405
vt 0.027478 0.201653
vt 0.061322 0.207012
vt 0.066803 0.192139
vt 0.018155 0.271656
vt 0.045784 0.284523
vt 0.069101 0.178186
vt 0.031952 0.180434
vt 0.057120 0.113659
vt 0.024633 0.126052
vt 0.030693 0.143070
vt 0.061489 0.128185
vt 0.020338 0.102132
vt 0.046587 0.091944
vt 0.064927 0.142459
vt 0.032396 0.161263
vt 0.063770 0.160907
vt 0.012369 0.276731
vt 0.038193 0.297770
vt 0.004294 0.285557
vt 0.019206 0.309634
vt 0.084985 0.256764
vt 0.089531 0.231829
vt 0.080381 0.277026
vt 0.091808 0.208053
vt 0.095297 0.191961
vt 0.060331 0.298074
vt 0.080559 0.295559
vt 0.086453 0.291410
vt 0.096442 0.182627
vt 0.125700 0.147118
vt 0.125547 0.121833
vt 0.109796 0.126130
vt 0.109832 0.148538
vt 0.045471 0.301852
vt 0.071550 0.325657
vt 0.079269 0.318413
vt 0.042234 0.324153
vt 0.065160 0.342482
vt 0.105147 0.180607
vt 0.124747 0.177857
vt 0.125262 0.163952
vt 0.105342 0.164756
vt 0.096458 0.302194
vt 0.095745 0.063849
vt 0.081174 0.085927
vt 0.092586 0.090974
vt 0.110590 0.077451
vt 0.107000 0.283931
vt 0.140779 0.295104
vt 0.145676 0.285707
vt 0.112009 0.268355
vt 0.114387 0.256302
vt 0.154519 0.265213
vt 0.157504 0.255761
vt 0.117306 0.242514
vt 0.156795 0.232056
vt 0.158531 0.221047
vt 0.148189 0.175513
vt 0.148725 0.183561
vt 0.116834 0.087567
vt 0.123012 0.101365
vt 0.150473 0.088823
vt 0.144717 0.078090
vt 0.155881 0.114104
vt 0.153294 0.104359
vt 0.152769 0.140063
vt 0.150770 0.127769
vt 0.142835 0.100927
vt 0.156178 0.099317
vt 0.149435 0.124871
vt 0.159958 0.122733
vt 0.151605 0.281974
vt 0.152709 0.273581
vt 0.117344 0.264590
vt 0.134496 0.272585
vt 0.147381 0.151807
vt 0.158007 0.150240
vt 0.157851 0.246176
vt 0.156572 0.238227
vt 0.124507 0.239352
vt 0.141248 0.242806
vt 0.144694 0.163686
vt 0.154101 0.199394
vt 0.150876 0.192712
vt 0.131838 0.208027
vt 0.146976 0.282342
vt 0.104833 0.293849
vt 0.135776 0.304745
vt 0.142548 0.071643
vt 0.115730 0.081442
vt 0.161785 0.251139
vt 0.160343 0.215055
vt 0.147415 0.153008
vt 0.148543 0.210289
vt 0.160816 0.210824
vt 0.091670 0.334312
vt 0.084818 0.341966
vt 0.099816 0.327687
vt 0.109020 0.062392
vt 0.102239 0.054618
vt 0.091606 0.351858
vt 0.098684 0.346606
vt 0.079918 0.349520
vt 0.088786 0.361260
vt 0.107126 0.340349
vt 0.117080 0.049658
vt 0.108391 0.041834
vt 0.103599 0.103333
vt 0.086685 0.159953
vt 0.086787 0.144575
vt 0.087425 0.126490
vt 0.076847 0.106678
vt 0.105436 0.189468
vt 0.108649 0.321819
vt 0.105404 0.307705
vt 0.117545 0.334958
vt 0.164350 0.308185
vt 0.168957 0.299840
vt 0.173883 0.302752
vt 0.177945 0.298606
vt 0.170026 0.293904
vt 0.184901 0.081665
vt 0.178734 0.071733
vt 0.171666 0.075591
vt 0.176954 0.084171
vt 0.173187 0.061630
vt 0.166649 0.066733
vt 0.170522 0.055536
vt 0.164115 0.061675
vt 0.158142 0.315837
vt 0.166720 0.320503
vt 0.168839 0.310324
vt 0.181853 0.275786
vt 0.185526 0.266735
vt 0.186102 0.259214
vt 0.193900 0.111006
vt 0.188955 0.099261
vt 0.179827 0.102522
vt 0.183911 0.113095
vt 0.185358 0.089800
vt 0.176627 0.094126
vt 0.186378 0.284176
vt 0.177159 0.282790
vt 0.174324 0.294292
vt 0.185241 0.296260
vt 0.188092 0.277549
vt 0.184419 0.237003
vt 0.186880 0.227526
vt 0.195017 0.229332
vt 0.197979 0.224092
vt 0.185708 0.221094
vt 0.190909 0.139138
vt 0.186913 0.128403
vt 0.176792 0.130736
vt 0.180107 0.139430
vt 0.183041 0.116667
vt 0.173880 0.121134
vt 0.190866 0.242426
vt 0.180916 0.242794
vt 0.180394 0.253733
vt 0.192311 0.254034
vt 0.191605 0.237760
vt 0.173099 0.177251
vt 0.169143 0.171132
vt 0.178560 0.172669
vt 0.178329 0.163092
vt 0.167028 0.161612
vt 0.180118 0.154350
vt 0.167479 0.153956
vt 0.189742 0.193678
vt 0.182937 0.185438
vt 0.175062 0.191901
vt 0.179572 0.203073
vt 0.181111 0.181607
vt 0.175203 0.184765
vt 0.107171 0.303506
vt 0.087190 0.056716
vt 0.069220 0.077101
vt 0.090836 0.280677
vt 0.098014 0.093058
vt 0.096241 0.046548
vt 0.101864 0.034592
vt 0.856103 0.501626
vt 0.841055 0.528154
vt 0.828028 0.524081
vt 0.179424 0.176597
vt 0.191928 0.270150
vt 0.196392 0.265115
vt 0.669224 0.339651
vt 0.640656 0.344382
vt 0.638147 0.337007
vt 0.667820 0.331150
vt 0.696398 0.336631
vt 0.696203 0.347601
vt 0.922639 0.372752
vt 0.902981 0.376873
vt 0.904923 0.369953
vt 0.923615 0.366166
vt 0.720940 0.341935
vt 0.724974 0.348161
vt 0.882710 0.374832
vt 0.886117 0.366592
vt 0.621852 0.360823
vt 0.619634 0.354117
vt 0.835237 0.349295
vt 0.814295 0.345751
vt 0.815183 0.337248
vt 0.836944 0.341908
vt 0.781635 0.342753
vt 0.762688 0.347485
vt 0.760543 0.339175
vt 0.783091 0.335142
vt 0.866179 0.358616
vt 0.863818 0.365716
vt 0.743216 0.340162
vt 0.748457 0.346628
vt 0.669014 0.374110
vt 0.663062 0.372723
vt 0.699360 0.386225
vt 0.918241 0.403326
vt 0.890236 0.413254
vt 0.870950 0.398706
vt 0.632194 0.385217
vt 0.825970 0.380539
vt 0.812302 0.379685
vt 0.786656 0.378635
vt 0.766297 0.376554
vt 0.855147 0.391057
vt 0.745901 0.376662
vt 0.726374 0.376577
vt 0.687740 0.441220
vt 0.685117 0.438923
vt 0.701564 0.407756
vt 0.702793 0.429486
vt 0.893564 0.441522
vt 0.879938 0.435359
vt 0.868593 0.410571
vt 0.658621 0.446313
vt 0.648157 0.421663
vt 0.821423 0.395969
vt 0.808331 0.392797
vt 0.785821 0.383486
vt 0.765863 0.382582
vt 0.849648 0.405987
vt 0.744574 0.382765
vt 0.725702 0.382906
vt 0.707617 0.446654
vt 0.732375 0.455275
vt 0.810178 0.440286
vt 0.811714 0.453467
vt 0.792984 0.451294
vt 0.795141 0.438438
vt 0.761716 0.453317
vt 0.745457 0.451719
vt 0.742238 0.427698
vt 0.760624 0.429559
vt 0.125962 0.370413
vt 0.135234 0.019129
vt 0.098894 0.258341
vt 0.098118 0.268586
vt 0.197925 0.326988
vt 0.201587 0.052399
vt 0.221047 0.298145
vt 0.218505 0.080406
vt 0.225488 0.249312
vt 0.214496 0.113085
vt 0.208600 0.166951
vt 0.103815 0.246318
vt 0.103483 0.234625
vt 0.855303 0.534268
vt 0.704462 0.404488
vt 0.701729 0.389026
vt 0.724500 0.387962
vt 0.726984 0.402988
vt 0.727559 0.408019
vt 0.742968 0.408993
vt 0.742432 0.422587
vt 0.729062 0.424275
vt 0.762589 0.414966
vt 0.761885 0.424274
vt 0.778604 0.417187
vt 0.776090 0.430305
vt 0.801386 0.417093
vt 0.796113 0.433600
vt 0.743675 0.387192
vt 0.743376 0.404700
vt 0.765345 0.387288
vt 0.763847 0.410197
vt 0.784623 0.389022
vt 0.779580 0.412106
vt 0.807127 0.397939
vt 0.801962 0.412690
vt 0.819885 0.400706
vt 0.815792 0.415561
vt 0.815341 0.420303
vt 0.811623 0.435073
vt 0.843149 0.426106
vt 0.838840 0.439193
vt 0.849436 0.409944
vt 0.844477 0.422514
vt 0.867702 0.413916
vt 0.863266 0.427981
vt 0.888137 0.416814
vt 0.880341 0.431959
vt 0.861822 0.431354
vt 0.858052 0.442862
vt 0.874375 0.446896
vt 0.729566 0.429320
vt 0.733771 0.450345
vt 0.744332 0.456908
vt 0.761400 0.458776
vt 0.771100 0.454570
vt 0.792104 0.456011
vt 0.810997 0.458706
vt 0.708793 0.443173
vt 0.704866 0.431650
vt 0.775094 0.435168
vt 0.771212 0.449493
vt 0.837436 0.444491
vt 0.833059 0.456214
vt 0.856469 0.447682
vt 0.851497 0.459734
vt 0.832106 0.461445
vt 0.850155 0.463570
vt 0.871039 0.450376
vt 0.865079 0.463169
vt 0.865615 0.465869
vt 0.875131 0.466462
vt 0.365957 0.855179
vt 0.387009 0.857836
vt 0.387665 0.872665
vt 0.360965 0.870864
vt 0.346781 0.855060
vt 0.342037 0.873758
vt 0.406079 0.863263
vt 0.424356 0.867958
vt 0.423812 0.879513
vt 0.409273 0.879369
vt 0.317215 0.847754
vt 0.318369 0.878705
vt 0.435181 0.870258
vt 0.437493 0.883349
vt 0.473062 0.870080
vt 0.490144 0.868615
vt 0.490301 0.885704
vt 0.474205 0.886509
vt 0.270653 0.868188
vt 0.285589 0.863991
vt 0.291796 0.880771
vt 0.275222 0.882971
vt 0.457893 0.870900
vt 0.463342 0.886867
vt 0.305709 0.851401
vt 0.304317 0.879757
vt 0.248929 0.871862
vt 0.250883 0.887884
vt 0.448178 0.869841
vt 0.449531 0.883673
vt 0.385287 0.883210
vt 0.361279 0.882590
vt 0.339511 0.890647
vt 0.422242 0.900872
vt 0.411535 0.893421
vt 0.324301 0.897343
vt 0.437967 0.902009
vt 0.491466 0.902890
vt 0.474956 0.897547
vt 0.295698 0.896976
vt 0.278093 0.898498
vt 0.462337 0.902761
vt 0.306370 0.898839
vt 0.252625 0.904204
vt 0.452005 0.903042
vt 0.367811 0.844427
vt 0.389686 0.847981
vt 0.408967 0.852493
vt 0.425074 0.856517
vt 0.321056 0.836637
vt 0.349935 0.840687
vt 0.436015 0.858877
vt 0.473012 0.858838
vt 0.486683 0.856958
vt 0.264920 0.856714
vt 0.277021 0.851733
vt 0.300475 0.840150
vt 0.248810 0.860285
vt 0.448048 0.858468
vt 0.458466 0.859840
vt 0.383476 0.907000
vt 0.362439 0.905959
vt 0.342103 0.909639
vt 0.416624 0.919418
vt 0.405508 0.914189
vt 0.324994 0.913678
vt 0.433436 0.921920
vt 0.486704 0.927259
vt 0.474743 0.925869
vt 0.296369 0.916317
vt 0.280807 0.920606
vt 0.464318 0.926712
vt 0.308111 0.916747
vt 0.263341 0.926108
vt 0.451278 0.924653
vt 0.365957 0.855179
vt 0.360965 0.870864
vt 0.387665 0.872665
vt 0.387009 0.857836
vt 0.346781 0.855060
vt 0.342037 0.873758
vt 0.406079 0.863263
vt 0.409273 0.879369
vt 0.423812 0.879513
vt 0.424356 0.867958
vt 0.317215 0.847754
vt 0.318368 0.878705
vt 0.437493 0.883349
vt 0.435181 0.870258
vt 0.473061 0.870080
vt 0.474205 0.886509
vt 0.490301 0.885704
vt 0.490144 0.868615
vt 0.270653 0.868188
vt 0.275222 0.882971
vt 0.291796 0.880771
vt 0.285589 0.863991
vt 0.457893 0.870900
vt 0.463342 0.886867
vt 0.305709 0.851401
vt 0.304317 0.879757
vt 0.248929 0.871862
vt 0.250883 0.887884
vt 0.449531 0.883673
vt 0.448178 0.869841
vt 0.361279 0.882590
vt 0.385287 0.883210
vt 0.339511 0.890647
vt 0.411535 0.893421
vt 0.422242 0.900872
vt 0.324301 0.897343
vt 0.437967 0.902009
vt 0.474956 0.897547
vt 0.491466 0.902890
vt 0.278093 0.898498
vt 0.295698 0.896976
vt 0.462337 0.902761
vt 0.306370 0.898839
vt 0.252625 0.904204
vt 0.452005 0.903042
vt 0.389686 0.847981
vt 0.367811 0.844427
vt 0.425074 0.856517
vt 0.408967 0.852493
vt 0.349935 0.840687
vt 0.321056 0.836637
vt 0.436015 0.858877
vt 0.486683 0.856958
vt 0.473012 0.858838
vt 0.277021 0.851733
vt 0.264920 0.856714
vt 0.300475 0.840151
vt 0.248810 0.860285
vt 0.448048 0.858468
vt 0.458466 0.859840
vt 0.362438 0.905959
vt 0.383476 0.907000
vt 0.342103 0.909639
vt 0.405508 0.914189
vt 0.416624 0.919418
vt 0.324994 0.913678
vt 0.433436 0.921920
vt 0.474743 0.925869
vt 0.486704 0.927259
vt 0.280807 0.920606
vt 0.296369 0.916317
vt 0.464318 0.926712
vt 0.308111 0.916747
vt 0.263341 0.926108
vt 0.451278 0.924653
vt 0.618653 0.691803
vt 0.598402 0.683249
vt 0.630854 0.634146
vt 0.641565 0.651546
vt 0.682734 0.674866
vt 0.664895 0.665761
vt 0.648226 0.698729
vt 0.663031 0.723824
vt 0.291493 0.933313
vt 0.291351 0.959412
vt 0.276970 0.967043
vt 0.279860 0.937006
vt 0.682132 0.854230
vt 0.683511 0.862558
vt 0.675453 0.869620
vt 0.667524 0.860530
vt 0.670123 0.875703
vt 0.659986 0.864280
vt 0.700067 0.820384
vt 0.689981 0.821544
vt 0.692714 0.806855
vt 0.702465 0.806251
vt 0.696337 0.794071
vt 0.703968 0.794187
vt 0.660377 0.855189
vt 0.672709 0.848608
vt 0.657133 0.864046
vt 0.653898 0.857996
vt 0.654861 0.857944
vt 0.658082 0.864524
vt 0.656813 0.857452
vt 0.668353 0.887292
vt 0.664372 0.878903
vt 0.667141 0.877926
vt 0.672636 0.882550
vt 0.677746 0.889993
vt 0.672804 0.895863
vt 0.680640 0.878205
vt 0.699413 0.830489
vt 0.689568 0.830222
vt 0.699743 0.838446
vt 0.700389 0.849054
vt 0.691789 0.843507
vt 0.690417 0.836708
vt 0.699897 0.863471
vt 0.691809 0.851802
vt 0.714465 0.819987
vt 0.713490 0.831850
vt 0.716425 0.805350
vt 0.718050 0.793492
vt 0.705384 0.786233
vt 0.718963 0.786784
vt 0.682339 0.901700
vt 0.677569 0.905519
vt 0.714123 0.846067
vt 0.712301 0.859958
vt 0.707784 0.871112
vt 0.690210 0.859857
vt 0.695781 0.872481
vt 0.690102 0.880917
vt 0.701921 0.879714
vt 0.694918 0.890594
vt 0.844066 0.309060
vt 0.865479 0.333858
vt 0.866380 0.357195
vt 0.834386 0.351595
vt 0.799623 0.337661
vt 0.782140 0.339306
vt 0.782050 0.301659
vt 0.804350 0.303065
vt 0.782842 0.467822
vt 0.784423 0.484953
vt 0.773920 0.489142
vt 0.775904 0.458187
vt 0.488692 0.765202
vt 0.455213 0.782000
vt 0.445288 0.745152
vt 0.479872 0.734022
vt 0.791179 0.649844
vt 0.779718 0.649991
vt 0.776078 0.618325
vt 0.784018 0.614496
vt 0.256657 0.611239
vt 0.240563 0.630471
vt 0.235385 0.621136
vt 0.252786 0.601122
vt 0.245117 0.858917
vt 0.209438 0.847704
vt 0.215924 0.839244
vt 0.249230 0.848397
vt 0.526008 0.760859
vt 0.547714 0.778701
vt 0.522274 0.801017
vt 0.501286 0.779874
vt 0.882109 0.413715
vt 0.886570 0.432136
vt 0.864533 0.437243
vt 0.861490 0.414532
vt 0.572718 0.793233
vt 0.556525 0.822004
vt 0.896760 0.479268
vt 0.906595 0.474257
vt 0.914605 0.495409
vt 0.900442 0.504910
vt 0.897114 0.414066
vt 0.900351 0.427248
vt 0.616102 0.813551
vt 0.650121 0.830377
vt 0.616642 0.860194
vt 0.592179 0.837782
vt 0.143056 0.857912
vt 0.151709 0.837698
vt 0.172024 0.846405
vt 0.159973 0.866538
vt 0.169315 0.758099
vt 0.200875 0.749849
vt 0.199511 0.770175
vt 0.169900 0.777052
vt 0.744169 0.876123
vt 0.744252 0.854246
vt 0.764850 0.859445
vt 0.761173 0.876153
vt 0.767989 0.648200
vt 0.778169 0.677934
vt 0.768532 0.676991
vt 0.706769 0.912793
vt 0.711539 0.931062
vt 0.704175 0.934465
vt 0.698577 0.916636
vt 0.479717 0.692004
vt 0.496135 0.725835
vt 0.458427 0.710927
vt 0.838454 0.442673
vt 0.807059 0.439807
vt 0.807461 0.421498
vt 0.840082 0.425205
vt 0.784244 0.590307
vt 0.777067 0.590899
vt 0.775048 0.567499
vt 0.789004 0.564923
vt 0.767981 0.452867
vt 0.767978 0.419986
vt 0.776252 0.420939
vt 0.733756 0.945941
vt 0.754647 0.935145
vt 0.764036 0.940308
vt 0.737661 0.953559
vt 0.261964 0.782110
vt 0.264362 0.813345
vt 0.234135 0.793098
vt 0.232295 0.770044
vt 0.292042 0.831783
vt 0.259314 0.820819
vt 0.292094 0.822243
vt 0.565898 0.754338
vt 0.550305 0.739556
vt 0.880728 0.448883
vt 0.891605 0.443770
vt 0.899315 0.458327
vt 0.890054 0.463598
vt 0.590462 0.770956
vt 0.203329 0.781022
vt 0.164997 0.792660
vt 0.716948 0.904339
vt 0.718575 0.927272
vt 0.718912 0.939712
vt 0.709062 0.951450
vt 0.171526 0.944641
vt 0.162833 0.946886
vt 0.149601 0.913518
vt 0.156337 0.908808
vt 0.764211 0.920372
vt 0.755520 0.917064
vt 0.760997 0.910036
vt 0.768359 0.913339
vt 0.705663 0.963344
vt 0.702787 0.957418
vt 0.714508 0.960080
vt 0.688879 0.894951
vt 0.702334 0.901091
vt 0.694558 0.906621
vt 0.713092 0.892476
vt 0.729557 0.860226
vt 0.731507 0.843048
vt 0.833037 0.661859
vt 0.815537 0.667768
vt 0.812847 0.645834
vt 0.828269 0.646221
vt 0.812030 0.610362
vt 0.820742 0.610063
vt 0.792801 0.588120
vt 0.806073 0.561705
vt 0.815502 0.552904
vt 0.824950 0.573806
vt 0.802423 0.678023
vt 0.804872 0.648966
vt 0.798024 0.614531
vt 0.723654 0.873271
vt 0.719078 0.883518
vt 0.736384 0.885336
vt 0.750478 0.896419
vt 0.740888 0.906087
vt 0.725832 0.890834
vt 0.695071 0.941958
vt 0.687898 0.926849
vt 0.692111 0.924552
vt 0.697690 0.940203
vt 0.687299 0.911709
vt 0.682311 0.916187
vt 0.789242 0.524487
vt 0.799057 0.488578
vt 0.806728 0.520454
vt 0.808060 0.486131
vt 0.813099 0.521984
vt 0.784488 0.415516
vt 0.791577 0.441355
vt 0.795388 0.470444
vt 0.802069 0.861067
vt 0.799762 0.884792
vt 0.783437 0.894432
vt 0.787714 0.865930
vt 0.746696 0.929002
vt 0.773629 0.923357
vt 0.770211 0.932100
vt 0.167936 0.909498
vt 0.181878 0.937609
vt 0.171656 0.864182
vt 0.188116 0.820064
vt 0.221042 0.825394
vt 0.843358 0.518752
vt 0.821802 0.521047
vt 0.825220 0.490332
vt 0.844396 0.492473
vt 0.776954 0.524148
vt 0.243923 0.884466
vt 0.207098 0.878151
vt 0.291514 0.929268
vt 0.281147 0.913067
vt 0.291604 0.912576
vt 0.879409 0.481619
vt 0.873298 0.459105
vt 0.158490 0.819196
vt 0.804357 0.473252
vt 0.791382 0.391761
vt 0.779444 0.389424
vt 0.775478 0.376098
vt 0.796203 0.373775
vt 0.883496 0.376345
vt 0.882571 0.389546
vt 0.863875 0.384099
vt 0.900108 0.379779
vt 0.899476 0.391396
vt 0.199184 0.730948
vt 0.178962 0.743115
vt 0.172323 0.726406
vt 0.193586 0.712035
vt 0.206056 0.907677
vt 0.207205 0.935006
vt 0.852874 0.652007
vt 0.842838 0.638309
vt 0.838268 0.607415
vt 0.850680 0.579955
vt 0.833553 0.576861
vt 0.848124 0.560088
vt 0.864617 0.562075
vt 0.767985 0.525858
vt 0.767988 0.569748
vt 0.847259 0.533113
vt 0.828598 0.539190
vt 0.755924 0.888866
vt 0.775096 0.874747
vt 0.768061 0.896210
vt 0.763653 0.904196
vt 0.771522 0.904543
vt 0.790762 0.907681
vt 0.635222 0.793824
vt 0.509493 0.751720
vt 0.517096 0.699558
vt 0.532730 0.719663
vt 0.490924 0.652294
vt 0.516524 0.635661
vt 0.508338 0.658291
vt 0.488183 0.661833
vt 0.920076 0.503266
vt 0.898961 0.514112
vt 0.120638 0.855789
vt 0.141801 0.872168
vt 0.133615 0.872941
vt 0.119375 0.860185
vt 0.140987 0.888258
vt 0.147111 0.888128
vt 0.119500 0.847333
vt 0.124991 0.828087
vt 0.130303 0.814334
vt 0.510045 0.683393
vt 0.730698 0.824986
vt 0.738145 0.832567
vt 0.750603 0.840646
vt 0.767919 0.848202
vt 0.773778 0.865450
vt 0.780815 0.855637
vt 0.784719 0.846736
vt 0.677254 0.797570
vt 0.881231 0.505264
vt 0.874547 0.528240
vt 0.871134 0.535742
vt 0.844253 0.549161
vt 0.846177 0.467887
vt 0.846378 0.449815
vt 0.869093 0.447944
vt 0.767977 0.371195
vt 0.767977 0.352573
vt 0.767981 0.489529
vt 0.767991 0.620109
vt 0.791612 0.679160
vt 0.767991 0.591652
vt 0.767977 0.386862
vt 0.735119 0.813778
vt 0.745906 0.821597
vt 0.757994 0.831672
vt 0.776615 0.836653
vt 0.734684 0.793824
vt 0.734100 0.805336
vt 0.734844 0.785263
vt 0.469995 0.796398
vt 0.488909 0.797178
vt 0.716186 0.967833
vt 0.242833 0.937074
vt 0.243661 0.908960
vt 0.281803 0.881472
vt 0.279621 0.866034
vt 0.280044 0.860558
vt 0.291851 0.867073
vt 0.291831 0.870680
vt 0.156239 0.889240
vt 0.167911 0.886566
vt 0.291760 0.883831
vt 0.291690 0.896726
vt 0.878936 0.399351
vt 0.904002 0.399933
vt 0.225525 0.711570
vt 0.218247 0.742955
vt 0.810781 0.397962
vt 0.836572 0.401570
vt 0.267432 0.744324
vt 0.238662 0.739400
vt 0.840807 0.389403
vt 0.814910 0.377338
vt 0.217451 0.693030
vt 0.888474 0.358701
vt 0.884469 0.330543
vt 0.908080 0.364883
vt 0.184006 0.697215
vt 0.167828 0.709122
vt 0.165102 0.693967
vt 0.188305 0.674888
vt 0.209114 0.658026
vt 0.202923 0.681320
vt 0.163489 0.803901
vt 0.137671 0.800389
vt 0.142802 0.791313
vt 0.144141 0.775630
vt 0.147442 0.759249
vt 0.157967 0.744854
vt 0.153195 0.736168
vt 0.144345 0.727217
vt 0.141647 0.710509
vt 0.253608 0.835985
vt 0.911613 0.435451
vt 0.733971 0.918608
vt 0.131233 0.687515
vt 0.155226 0.664584
vt 0.183610 0.639624
vt 0.212805 0.618300
vt 0.915829 0.341576
vt 0.205165 0.794023
vt 0.228569 0.804645
vt 0.221870 0.660363
vt 0.237476 0.670639
vt 0.239812 0.604353
vt 0.264597 0.666878
vt 0.292874 0.670779
vt 0.292845 0.676936
vt 0.259511 0.679544
vt 0.176331 0.984394
vt 0.186368 0.977409
vt 0.241568 0.975347
vt 0.200335 0.972321
vt 0.292284 0.785964
vt 0.940390 0.489503
vt 0.942338 0.493171
vt 0.928664 0.466802
vt 0.935004 0.483996
vt 0.916665 0.442247
vt 0.923010 0.454696
vt 0.291986 0.842083
vt 0.293090 0.627299
vt 0.264090 0.629723
vt 0.275581 0.580471
vt 0.293309 0.582029
vt 0.266345 0.557900
vt 0.293434 0.556202
vt 0.886137 0.305301
vt 0.933086 0.316886
vt 0.130077 0.656409
vt 0.154683 0.628328
vt 0.180908 0.599163
vt 0.250896 0.657561
vt 0.260717 0.705770
vt 0.814712 0.273397
vt 0.848217 0.282501
vt 0.785561 0.263091
vt 0.767981 0.258596
vt 0.767978 0.302203
vt 0.207164 0.584473
vt 0.232021 0.565811
vt 0.581813 0.739695
vt 0.605066 0.754411
vt 0.650046 0.772863
vt 0.549729 0.699746
vt 0.566344 0.722953
vt 0.677835 0.781688
vt 0.533806 0.680000
vt 0.500053 0.615370
vt 0.514864 0.602650
vt 0.528503 0.624372
vt 0.733805 0.771856
vt 0.713352 0.770477
vt 0.717604 0.758946
vt 0.738268 0.758585
vt 0.522870 0.654510
vt 0.697969 0.769123
vt 0.697284 0.776486
vt 0.759938 0.781662
vt 0.766975 0.763319
vt 0.525306 0.669278
vt 0.601534 0.725581
vt 0.616194 0.732567
vt 0.650331 0.754104
vt 0.560490 0.689795
vt 0.581814 0.711399
vt 0.682585 0.770261
vt 0.542817 0.670948
vt 0.648225 0.698729
vt 0.663031 0.723824
vt 0.580590 0.668629
vt 0.697860 0.731907
vt 0.564658 0.645079
vt 0.541698 0.578036
vt 0.554410 0.595949
vt 0.738994 0.725240
vt 0.755792 0.723675
vt 0.554770 0.613758
vt 0.721630 0.728346
vt 0.778794 0.727811
vt 0.555708 0.627527
vt 0.664895 0.665761
vt 0.622175 0.619903
vt 0.682734 0.674866
vt 0.713613 0.687656
vt 0.615063 0.605868
vt 0.582073 0.567559
vt 0.591320 0.581087
vt 0.757068 0.686504
vt 0.774624 0.687504
vt 0.731933 0.690751
vt 0.797755 0.689584
vt 0.605994 0.594628
vt 0.600511 0.588337
vt 0.697292 0.785551
vt 0.292694 0.706641
vt 0.710887 0.975275
vt 0.292492 0.746433
vt 0.278199 0.528905
vt 0.240255 0.521616
vt 0.265377 0.511156
vt 0.285454 0.503551
vt 0.280324 0.491920
vt 0.216423 0.527350
vt 0.769429 0.206281
vt 0.769460 0.194887
vt 0.804556 0.210611
vt 0.792949 0.230420
vt 0.820836 0.242157
vt 0.828544 0.216708
vt 0.870526 0.226897
vt 0.860086 0.263913
vt 0.907695 0.278560
vt 0.945431 0.276457
vt 0.936371 0.175454
vt 0.963974 0.193903
vt 0.120622 0.599591
vt 0.106570 0.619646
vt 0.053184 0.546516
vt 0.086196 0.529175
vt 0.189074 0.538265
vt 0.169215 0.482831
vt 0.188020 0.471292
vt 0.211821 0.473561
vt 0.235390 0.457688
vt 0.277256 0.482453
vt 0.288404 0.435220
vt 0.774560 0.150099
vt 0.820478 0.148520
vt 0.892164 0.156879
vt 0.854346 0.147483
vt 0.951702 0.101689
vt 0.974705 0.106942
vt 0.020253 0.457684
vt 0.050782 0.447126
vt 0.077672 0.433036
vt 0.095991 0.513303
vt 0.140766 0.405976
vt 0.158571 0.414253
vt 0.140528 0.487388
vt 0.110922 0.501899
vt 0.090501 0.420021
vt 0.115215 0.407490
vt 0.182891 0.439248
vt 0.206259 0.425627
vt 0.258468 0.368643
vt 0.807276 0.087766
vt 0.840911 0.084719
vt 0.918507 0.088649
vt 0.881924 0.082105
vt 0.902749 0.025713
vt 0.928602 0.031227
vt 0.162265 0.554882
vt 0.135453 0.578510
vt 0.009245 0.386457
vt 0.027489 0.383364
vt 0.061008 0.373864
vt 0.079708 0.368244
vt 0.116684 0.351166
vt 0.140651 0.337932
vt 0.097762 0.360382
vt 0.161791 0.328708
vt 0.194761 0.299854
vt 0.853979 0.012540
vt 0.876087 0.020686
vt 0.950075 0.036802
vt 0.978330 0.040211
vt 0.767225 0.213266
vt 0.293547 0.532905
vt 0.293083 0.505972
vt 0.767979 0.213953
vt 0.684106 0.855133
vt 0.684819 0.849278
vt 0.683950 0.885324
vt 0.685925 0.837982
vt 0.684426 0.832030
vt 0.684552 0.825595
vt 0.633796 0.877520
vt 0.647939 0.870092
vt 0.650311 0.882024
vt 0.639778 0.883926
vt 0.655472 0.866482
vt 0.658178 0.881309
vt 0.596264 0.871055
vt 0.583670 0.864146
vt 0.590123 0.856889
vt 0.603442 0.863767
vt 0.573204 0.857912
vt 0.577872 0.851811
vt 0.635323 0.866717
vt 0.648140 0.861195
vt 0.656887 0.865092
vt 0.653415 0.858666
vt 0.652116 0.859733
vt 0.661730 0.887447
vt 0.661852 0.880422
vt 0.665542 0.896659
vt 0.654056 0.891534
vt 0.610504 0.868779
vt 0.604644 0.876723
vt 0.610687 0.881813
vt 0.615086 0.873473
vt 0.619577 0.878658
vt 0.618628 0.888860
vt 0.626088 0.883800
vt 0.630363 0.897438
vt 0.597069 0.888644
vt 0.587099 0.882074
vt 0.574354 0.874646
vt 0.564027 0.868648
vt 0.566148 0.854171
vt 0.558167 0.865207
vt 0.671350 0.907172
vt 0.619964 0.905053
vt 0.607934 0.897877
vt 0.631558 0.908279
vt 0.650161 0.900487
vt 0.640016 0.899685
vt 0.633288 0.887487
vt 0.654635 0.910140
vt 0.641754 0.908980
vt 0.691887 0.309060
vt 0.701567 0.351597
vt 0.669573 0.357197
vt 0.670475 0.333859
vt 0.736331 0.337662
vt 0.731603 0.303066
vt 0.753903 0.301659
vt 0.753813 0.339307
vt 0.753118 0.467823
vt 0.760056 0.458187
vt 0.762042 0.489142
vt 0.751537 0.484953
vt 0.488692 0.765202
vt 0.479873 0.734022
vt 0.445288 0.745152
vt 0.455213 0.782000
vt 0.744797 0.649844
vt 0.751962 0.614496
vt 0.759903 0.618325
vt 0.756259 0.649991
vt 0.329672 0.611603
vt 0.333641 0.601524
vt 0.350845 0.621710
vt 0.345578 0.630994
vt 0.338666 0.859416
vt 0.334668 0.848852
vt 0.368070 0.840052
vt 0.374461 0.848587
vt 0.526008 0.760859
vt 0.501286 0.779874
vt 0.522274 0.801017
vt 0.547714 0.778701
vt 0.653846 0.413717
vt 0.674462 0.414535
vt 0.671424 0.437246
vt 0.649384 0.432140
vt 0.556525 0.822004
vt 0.572718 0.793233
vt 0.639193 0.479274
vt 0.635510 0.504918
vt 0.621346 0.495414
vt 0.629360 0.474263
vt 0.635602 0.427252
vt 0.638839 0.414070
vt 0.616102 0.813551
vt 0.592179 0.837782
vt 0.616642 0.860194
vt 0.650121 0.830377
vt 0.440728 0.859506
vt 0.423719 0.867950
vt 0.411887 0.847684
vt 0.432297 0.839193
vt 0.415543 0.759360
vt 0.414757 0.778318
vt 0.385219 0.771135
vt 0.384068 0.750786
vt 0.613015 0.939939
vt 0.603078 0.953573
vt 0.587020 0.946191
vt 0.595722 0.926730
vt 0.767442 0.676991
vt 0.757803 0.677936
vt 0.665008 0.933198
vt 0.672989 0.929021
vt 0.683612 0.944572
vt 0.676459 0.948240
vt 0.479717 0.692004
vt 0.458427 0.710927
vt 0.496135 0.725835
vt 0.697505 0.442676
vt 0.695875 0.425208
vt 0.728496 0.421499
vt 0.728900 0.439808
vt 0.751735 0.590307
vt 0.746970 0.564923
vt 0.760926 0.567499
vt 0.758913 0.590899
vt 0.759703 0.420941
vt 0.674479 0.974653
vt 0.678029 0.982445
vt 0.651595 0.995178
vt 0.653056 0.984696
vt 0.322643 0.782423
vt 0.352435 0.770666
vt 0.350354 0.793704
vt 0.319916 0.813635
vt 0.324883 0.821163
vt 0.565898 0.754338
vt 0.550305 0.739556
vt 0.655229 0.448888
vt 0.645902 0.463603
vt 0.636641 0.458333
vt 0.644352 0.443776
vt 0.590462 0.770956
vt 0.419496 0.793984
vt 0.381286 0.781950
vt 0.669215 0.951502
vt 0.652205 0.936264
vt 0.693961 0.958891
vt 0.678641 0.959513
vt 0.411326 0.945928
vt 0.426902 0.910261
vt 0.433585 0.915042
vt 0.419994 0.948267
vt 0.635574 0.983339
vt 0.627406 0.982090
vt 0.629476 0.974268
vt 0.638623 0.974397
vt 0.697395 0.968175
vt 0.661909 0.908040
vt 0.667735 0.919777
vt 0.658440 0.922425
vt 0.645056 0.925491
vt 0.609458 0.918837
vt 0.594752 0.909702
vt 0.702936 0.661859
vt 0.707703 0.646221
vt 0.723127 0.645834
vt 0.720435 0.667768
vt 0.715236 0.610063
vt 0.723946 0.610362
vt 0.743175 0.588119
vt 0.711024 0.573809
vt 0.720467 0.552905
vt 0.729898 0.561708
vt 0.733548 0.678023
vt 0.731105 0.648966
vt 0.737955 0.614532
vt 0.623510 0.922135
vt 0.634358 0.924948
vt 0.625187 0.939623
vt 0.635809 0.934485
vt 0.638428 0.955558
vt 0.625053 0.957566
vt 0.692258 0.942848
vt 0.683352 0.929041
vt 0.676153 0.917243
vt 0.746725 0.524488
vt 0.729235 0.520457
vt 0.736903 0.488580
vt 0.722864 0.521986
vt 0.727899 0.486132
vt 0.740572 0.470446
vt 0.744380 0.441356
vt 0.751468 0.415518
vt 0.567201 0.974999
vt 0.577354 0.968062
vt 0.603368 0.982430
vt 0.586048 0.989723
vt 0.652883 0.974361
vt 0.640773 0.995381
vt 0.631656 0.992924
vt 0.401052 0.938784
vt 0.415295 0.910824
vt 0.412064 0.865468
vt 0.363101 0.826146
vt 0.396081 0.821165
vt 0.692598 0.518758
vt 0.691559 0.492479
vt 0.710736 0.490335
vt 0.714157 0.521049
vt 0.759015 0.524148
vt 0.339584 0.884978
vt 0.376474 0.879059
vt 0.302055 0.913179
vt 0.303083 0.937129
vt 0.662657 0.459111
vt 0.656544 0.481626
vt 0.425715 0.820610
vt 0.731604 0.473253
vt 0.744573 0.391761
vt 0.739750 0.373776
vt 0.760475 0.376100
vt 0.756511 0.389426
vt 0.652455 0.376347
vt 0.672077 0.384102
vt 0.653380 0.389549
vt 0.636474 0.391400
vt 0.635844 0.379780
vt 0.385956 0.731894
vt 0.391746 0.713031
vt 0.412866 0.727615
vt 0.406054 0.744266
vt 0.375754 0.935909
vt 0.377196 0.908593
vt 0.683097 0.652007
vt 0.693135 0.638309
vt 0.697708 0.607415
vt 0.685296 0.579959
vt 0.671352 0.562086
vt 0.687843 0.560094
vt 0.702421 0.576863
vt 0.707365 0.539192
vt 0.688699 0.533119
vt 0.615732 0.956906
vt 0.614164 0.970934
vt 0.593032 0.964166
vt 0.623189 0.972874
vt 0.618378 0.979043
vt 0.610497 0.993987
vt 0.635220 0.793823
vt 0.509493 0.751720
vt 0.532730 0.719663
vt 0.517096 0.699558
vt 0.490924 0.652294
vt 0.488183 0.661833
vt 0.508338 0.658291
vt 0.516524 0.635661
vt 0.636990 0.514119
vt 0.615875 0.503272
vt 0.463167 0.857627
vt 0.464382 0.862037
vt 0.450007 0.874642
vt 0.441830 0.873777
vt 0.436347 0.889680
vt 0.442469 0.889875
vt 0.464397 0.849181
vt 0.459116 0.829872
vt 0.453954 0.816053
vt 0.510045 0.683393
vt 0.581046 0.897977
vt 0.581117 0.923352
vt 0.582437 0.908533
vt 0.576236 0.941716
vt 0.585852 0.956389
vt 0.564097 0.954729
vt 0.574855 0.956578
vt 0.677254 0.797570
vt 0.654723 0.505272
vt 0.661409 0.528249
vt 0.664827 0.535753
vt 0.691711 0.549166
vt 0.689779 0.467891
vt 0.666863 0.447948
vt 0.689579 0.449819
vt 0.744360 0.679160
vt 0.569513 0.894576
vt 0.568971 0.907845
vt 0.569496 0.923629
vt 0.561949 0.941503
vt 0.563466 0.888559
vt 0.554039 0.881939
vt 0.547205 0.876816
vt 0.469995 0.796398
vt 0.488909 0.797178
vt 0.702798 0.974521
vt 0.339581 0.909474
vt 0.340106 0.937595
vt 0.301740 0.881579
vt 0.304089 0.866165
vt 0.303725 0.860686
vt 0.427208 0.890693
vt 0.415564 0.887894
vt 0.657015 0.399354
vt 0.631950 0.399939
vt 0.366768 0.743715
vt 0.359811 0.712251
vt 0.699383 0.401572
vt 0.725173 0.397965
vt 0.317571 0.744582
vt 0.346388 0.739952
vt 0.721043 0.377339
vt 0.695146 0.389405
vt 0.368071 0.693789
vt 0.647478 0.358702
vt 0.651485 0.330544
vt 0.627872 0.364883
vt 0.401475 0.698301
vt 0.397397 0.675928
vt 0.420413 0.695232
vt 0.417538 0.710369
vt 0.382716 0.682218
vt 0.376753 0.658860
vt 0.420882 0.805252
vt 0.441705 0.792876
vt 0.446736 0.802019
vt 0.437403 0.760740
vt 0.440531 0.777166
vt 0.427033 0.746222
vt 0.431895 0.737571
vt 0.443704 0.712004
vt 0.440840 0.728696
vt 0.330423 0.836391
vt 0.624343 0.435457
vt 0.653029 0.958464
vt 0.430576 0.665940
vt 0.454346 0.689101
vt 0.402435 0.640705
vt 0.373448 0.619095
vt 0.620124 0.341576
vt 0.379313 0.794938
vt 0.355796 0.805314
vt 0.348269 0.671196
vt 0.363975 0.661074
vt 0.346581 0.604883
vt 0.321189 0.667163
vt 0.326148 0.679882
vt 0.406089 0.985627
vt 0.396129 0.978532
vt 0.382220 0.973297
vt 0.340961 0.975878
vt 0.305650 0.967197
vt 0.593613 0.493175
vt 0.595562 0.489508
vt 0.600949 0.484000
vt 0.607290 0.466807
vt 0.619291 0.442253
vt 0.612946 0.454702
vt 0.311053 0.580648
vt 0.322063 0.630011
vt 0.320505 0.558170
vt 0.602868 0.316886
vt 0.649817 0.305302
vt 0.431471 0.629686
vt 0.455804 0.658003
vt 0.405529 0.600267
vt 0.334978 0.657982
vt 0.324681 0.706098
vt 0.687738 0.282501
vt 0.721244 0.273397
vt 0.750398 0.263093
vt 0.379419 0.585321
vt 0.354748 0.566416
vt 0.605066 0.754411
vt 0.581813 0.739696
vt 0.650046 0.772863
vt 0.566344 0.722953
vt 0.549729 0.699746
vt 0.677835 0.781688
vt 0.533806 0.680000
vt 0.528503 0.624372
vt 0.514864 0.602650
vt 0.500053 0.615370
vt 0.733805 0.771856
vt 0.738268 0.758585
vt 0.717604 0.758946
vt 0.713352 0.770477
vt 0.522870 0.654510
vt 0.697969 0.769123
vt 0.697285 0.776486
vt 0.759938 0.781662
vt 0.766975 0.763319
vt 0.525306 0.669278
vt 0.616194 0.732567
vt 0.601534 0.725581
vt 0.650331 0.754104
vt 0.581814 0.711399
vt 0.560490 0.689795
vt 0.682585 0.770261
vt 0.542817 0.670948
vt 0.618653 0.691803
vt 0.598402 0.683249
vt 0.580590 0.668629
vt 0.697860 0.731907
vt 0.564658 0.645080
vt 0.554410 0.595949
vt 0.541698 0.578036
vt 0.755792 0.723675
vt 0.738994 0.725240
vt 0.554770 0.613758
vt 0.721630 0.728346
vt 0.778793 0.727813
vt 0.555708 0.627527
vt 0.641565 0.651546
vt 0.630854 0.634146
vt 0.622175 0.619903
vt 0.713613 0.687656
vt 0.615064 0.605868
vt 0.591320 0.581087
vt 0.582073 0.567559
vt 0.774624 0.687504
vt 0.757068 0.686504
vt 0.731934 0.690751
vt 0.797755 0.689584
vt 0.605994 0.594628
vt 0.600511 0.588337
vt 0.570378 0.847399
vt 0.308932 0.529058
vt 0.322384 0.513280
vt 0.346942 0.522140
vt 0.301040 0.504515
vt 0.308358 0.495002
vt 0.370715 0.528107
vt 0.766528 0.206282
vt 0.743008 0.230422
vt 0.731401 0.210612
vt 0.766497 0.194888
vt 0.715120 0.242159
vt 0.675870 0.263915
vt 0.665430 0.226898
vt 0.707413 0.216709
vt 0.628261 0.278562
vt 0.590524 0.276457
vt 0.571982 0.193904
vt 0.599584 0.175456
vt 0.465807 0.601274
vt 0.500910 0.531192
vt 0.533753 0.548847
vt 0.479665 0.621465
vt 0.399655 0.472326
vt 0.418346 0.484046
vt 0.397956 0.539288
vt 0.352420 0.458260
vt 0.375834 0.474362
vt 0.311067 0.484188
vt 0.299624 0.435283
vt 0.715479 0.148520
vt 0.761397 0.150099
vt 0.643792 0.156879
vt 0.681610 0.147483
vt 0.561251 0.106944
vt 0.584255 0.101690
vt 0.537107 0.449483
vt 0.567534 0.460336
vt 0.491269 0.515225
vt 0.510354 0.435136
vt 0.429646 0.415568
vt 0.447528 0.407466
vt 0.446986 0.488882
vt 0.473059 0.409227
vt 0.497649 0.421998
vt 0.476449 0.503678
vt 0.381855 0.426481
vt 0.405091 0.440328
vt 0.330196 0.369000
vt 0.695044 0.084719
vt 0.728681 0.087766
vt 0.617449 0.088649
vt 0.607354 0.031227
vt 0.633207 0.025715
vt 0.654030 0.082107
vt 0.424600 0.556166
vt 0.451180 0.580052
vt 0.579226 0.389216
vt 0.561010 0.385949
vt 0.527586 0.376127
vt 0.508942 0.370328
vt 0.448301 0.339422
vt 0.472138 0.352889
vt 0.490969 0.362290
vt 0.427252 0.329995
vt 0.394562 0.300827
vt 0.659870 0.020686
vt 0.681978 0.012541
vt 0.557627 0.040213
vt 0.585882 0.036803
vt 0.768734 0.213266
vt 0.633759 0.880078
vt 0.628523 0.876594
vt 0.656950 0.897984
vt 0.618855 0.870825
vt 0.615125 0.865849
vt 0.609965 0.861983
vt 0.291974 0.844267
vn -0.7388 -0.2254 -0.6351
vn -0.7145 -0.2374 -0.6581
vn -0.3303 -0.2244 -0.9168
vn -0.3487 -0.2535 -0.9023
vn -0.8446 -0.1764 0.5055
vn -0.6700 -0.1767 0.7210
vn -0.6505 -0.1597 0.7426
vn -0.8409 -0.1702 0.5137
vn -0.3230 0.6253 -0.7104
vn -0.4769 0.8411 -0.2554
vn 0.0000 0.9641 -0.2654
vn 0.0000 0.6755 -0.7374
vn -0.7753 0.1946 -0.6008
vn -0.3445 0.2179 -0.9132
vn -0.3296 -0.0488 -0.9429
vn -0.7271 -0.1043 -0.6786
vn -0.9459 -0.2118 -0.2456
vn -0.9590 -0.1388 -0.2470
vn -0.9769 -0.1058 0.1856
vn -0.9596 -0.0039 0.2812
vn -0.9996 0.0063 0.0271
vn -0.9909 -0.1319 0.0250
vn -0.7330 0.6089 0.3034
vn -0.4878 0.8261 0.2823
vn -0.4058 0.9130 0.0419
vn -0.7684 0.6393 0.0288
vn -0.9860 -0.1650 0.0243
vn -0.9585 -0.1675 0.2307
vn -0.9627 -0.1607 0.2178
vn -0.9841 -0.1767 0.0171
vn -0.9638 0.1171 -0.2394
vn -0.7460 0.5116 -0.4263
vn -0.4650 0.1320 0.8754
vn -0.8836 -0.2542 0.3933
vn -0.8564 0.3936 0.3342
vn -0.6481 0.5681 0.5072
vn -0.6342 0.5890 0.5008
vn -0.9236 0.2760 0.2662
vn -0.8296 0.2333 0.5073
vn -0.9569 -0.1812 -0.2271
vn -0.8702 -0.0140 0.4925
vn -0.8562 -0.1116 0.5045
vn -0.7516 0.6425 -0.1493
vn -0.8791 0.4221 -0.2214
vn -0.9527 0.3031 0.0231
vn -0.7540 0.2045 0.6243
vn -0.8687 0.0452 0.4933
vn -0.0000 -0.2166 -0.9763
vn -0.0000 -0.2543 -0.9671
vn 0.4198 -0.0723 0.9047
vn 0.4448 -0.1208 0.8875
vn 0.0000 -0.1350 0.9908
vn -0.0178 -0.1093 0.9938
vn 0.0000 0.2383 -0.9712
vn -0.0000 -0.0302 -0.9995
vn -0.8332 -0.0410 0.5514
vn -0.6012 0.0045 0.7991
vn -0.4714 0.3417 0.8130
vn 0.0000 0.9815 0.1916
vn -0.0000 0.9985 0.0556
vn -0.6049 0.0285 0.7958
vn -0.6028 -0.0621 0.7955
vn -0.5796 0.7267 0.3687
vn 0.0000 0.9170 0.3988
vn -0.5447 0.2509 0.8002
vn 0.0000 -0.5187 0.8549
vn -0.4653 -0.4747 0.7471
vn 0.0351 0.0149 0.9993
vn -0.0000 -0.1374 0.9905
vn -0.7463 -0.3843 0.5435
vn -0.5941 0.3628 0.7180
vn -0.5535 0.3592 0.7514
vn -0.7265 -0.3921 0.5643
vn 0.1863 0.1372 0.9729
vn -0.5901 0.0378 0.8065
vn 0.1087 0.0844 0.9905
vn -0.2217 0.1252 0.9670
vn 0.0935 0.0460 0.9946
vn -0.0101 -0.1149 0.9933
vn -0.0825 -0.1601 0.9836
vn 0.1537 0.0705 0.9856
vn 0.3156 0.0570 0.9472
vn -0.0000 -0.0304 0.9995
vn 0.0000 -0.0247 0.9997
vn -0.0000 -0.0617 0.9981
vn -0.0000 -0.0279 0.9996
vn 0.0000 0.0989 0.9951
vn -0.0000 -0.7509 0.6605
vn -0.8237 -0.5646 -0.0516
vn -0.9278 0.2718 0.2554
vn -0.6014 0.6982 0.3883
vn 0.0000 0.8796 0.4758
vn -0.0000 -0.9823 -0.1873
vn -0.8099 -0.5835 -0.0600
vn -0.9801 0.1099 0.1652
vn -0.6526 0.6975 0.2959
vn 0.0000 0.9271 0.3749
vn -0.8242 -0.5175 0.2302
vn -0.9902 0.0853 0.1109
vn -0.7355 0.6772 0.0197
vn 0.0000 1.0000 0.0031
vn 0.0000 -0.9796 -0.2009
vn 0.0000 -0.9234 0.3839
vn 0.7388 -0.2254 -0.6351
vn 0.3487 -0.2535 -0.9023
vn 0.3303 -0.2244 -0.9168
vn 0.7145 -0.2374 -0.6581
vn 0.8446 -0.1764 0.5055
vn 0.8409 -0.1702 0.5137
vn 0.6505 -0.1597 0.7425
vn 0.6700 -0.1767 0.7210
vn 0.3230 0.6253 -0.7104
vn 0.4769 0.8411 -0.2554
vn 0.7753 0.1946 -0.6008
vn 0.7271 -0.1043 -0.6786
vn 0.3296 -0.0488 -0.9429
vn 0.3445 0.2179 -0.9132
vn 0.9590 -0.1388 -0.2470
vn 0.9459 -0.2118 -0.2456
vn 0.9769 -0.1058 0.1856
vn 0.9909 -0.1319 0.0250
vn 0.9996 0.0063 0.0271
vn 0.9596 -0.0039 0.2812
vn 0.7330 0.6089 0.3034
vn 0.7684 0.6393 0.0288
vn 0.4058 0.9130 0.0419
vn 0.4878 0.8261 0.2823
vn 0.9860 -0.1650 0.0243
vn 0.9841 -0.1767 0.0171
vn 0.9627 -0.1607 0.2178
vn 0.9585 -0.1675 0.2307
vn 0.9638 0.1171 -0.2394
vn 0.7460 0.5117 -0.4263
vn 0.4650 0.1320 0.8754
vn 0.6481 0.5681 0.5072
vn 0.8564 0.3936 0.3342
vn 0.8836 -0.2542 0.3933
vn 0.6342 0.5890 0.5008
vn 0.8296 0.2333 0.5074
vn 0.9236 0.2760 0.2662
vn 0.9569 -0.1812 -0.2271
vn 0.8702 -0.0140 0.4925
vn 0.8562 -0.1116 0.5045
vn 0.9527 0.3031 0.0231
vn 0.8791 0.4221 -0.2214
vn 0.7516 0.6425 -0.1493
vn 0.8687 0.0452 0.4933
vn 0.7540 0.2044 0.6243
vn -0.4198 -0.0723 0.9047
vn 0.4715 0.3417 0.8130
vn 0.6012 0.0045 0.7991
vn 0.8332 -0.0410 0.5515
vn 0.6049 0.0285 0.7958
vn 0.6028 -0.0621 0.7955
vn 0.5796 0.7267 0.3687
vn 0.5447 0.2509 0.8002
vn -0.0351 0.0149 0.9993
vn 0.4653 -0.4747 0.7471
vn 0.7463 -0.3843 0.5434
vn 0.7265 -0.3921 0.5644
vn 0.5534 0.3592 0.7515
vn 0.5941 0.3627 0.7180
vn -0.1864 0.1373 0.9728
vn 0.5901 0.0378 0.8064
vn -0.1087 0.0845 0.9905
vn 0.2217 0.1252 0.9670
vn -0.0936 0.0461 0.9945
vn 0.0101 -0.1148 0.9933
vn 0.0825 -0.1601 0.9836
vn -0.1537 0.0705 0.9856
vn -0.3156 0.0570 0.9472
vn -0.4573 -0.1244 0.8806
vn 0.9278 0.2718 0.2554
vn 0.8237 -0.5646 -0.0516
vn 0.6014 0.6982 0.3883
vn 0.9801 0.1099 0.1652
vn 0.8099 -0.5835 -0.0600
vn 0.6526 0.6975 0.2960
vn 0.9902 0.0854 0.1109
vn 0.8242 -0.5175 0.2302
vn 0.7355 0.6772 0.0197
vn 0.0000 0.3352 0.9421
vn -0.7321 0.5517 0.3997
vn -0.8142 0.5786 -0.0474
vn -0.4596 0.2853 0.8411
vn -0.6953 0.4458 -0.5638
vn -0.6338 0.2891 -0.7174
vn -0.1847 -0.1655 0.9687
vn -0.1847 -0.1656 0.9687
vn -0.6523 0.1802 -0.7362
vn 0.6544 -0.5796 -0.4856
vn 0.7761 -0.6132 -0.1471
vn 0.7858 -0.6176 0.0334
vn 0.6070 -0.6001 0.5209
vn 0.3757 -0.5075 -0.7754
vn -0.0056 -0.3557 0.9346
vn -0.0055 -0.3557 0.9346
vn -0.2768 -0.1962 -0.9407
vn 0.7513 0.5394 0.3802
vn 0.7979 0.5996 -0.0625
vn 0.7515 0.5391 0.3802
vn 0.4983 0.3009 0.8131
vn 0.6475 0.5402 -0.5375
vn 0.5874 0.3263 -0.7406
vn 0.5875 0.3263 -0.7406
vn 0.1847 -0.1656 0.9687
vn 0.4532 -0.0035 -0.8914
vn 0.4533 -0.0034 -0.8914
vn -0.7136 -0.5889 -0.3795
vn -0.7885 -0.6080 -0.0932
vn -0.7858 -0.6176 0.0334
vn -0.6070 -0.6002 0.5209
vn -0.5566 -0.5652 -0.6089
vn -0.5567 -0.5650 -0.6089
vn 0.0056 -0.3557 0.9346
vn -0.0957 -0.4534 -0.8862
vn 0.7212 -0.0586 0.6902
vn 0.7152 -0.1456 0.6836
vn 0.5595 -0.1184 0.8203
vn 0.6282 -0.0266 0.7776
vn 0.2893 -0.0723 0.9545
vn 0.3325 -0.0232 0.9428
vn -0.3630 -0.2254 0.9041
vn -0.2502 -0.2786 0.9273
vn -0.5318 -0.4128 0.7394
vn -0.5553 -0.3288 0.7639
vn -0.0109 -0.1358 0.9907
vn -0.0728 -0.1101 0.9912
vn 0.6507 -0.2210 0.7264
vn 0.8794 0.2163 0.4241
vn 0.7019 0.2791 0.6553
vn 0.4120 -0.2331 0.8809
vn 0.4876 0.2483 0.8370
vn 0.2242 -0.2250 0.9482
vn -0.0159 -0.0973 0.9951
vn 0.3182 -0.0357 0.9474
vn 0.1139 -0.2353 0.9652
vn -0.2728 0.0748 0.9592
vn -0.5663 0.0065 0.8242
vn -0.1060 -0.3079 0.9455
vn -0.8350 -0.1681 0.5240
vn -0.4937 -0.4105 0.7666
vn 0.8425 0.4690 -0.2652
vn 0.5862 0.8073 -0.0678
vn 0.2960 0.7503 0.5912
vn -0.3420 0.6010 0.7224
vn -0.8357 0.5065 0.2122
vn -0.9993 -0.0373 0.0011
vn 0.7687 -0.1244 0.6274
vn 0.7659 -0.2111 0.6074
vn 0.6098 -0.2343 0.7571
vn 0.6753 -0.1340 0.7253
vn 0.3241 -0.2497 0.9125
vn 0.3683 -0.1991 0.9082
vn -0.3886 -0.3864 0.8364
vn -0.2683 -0.4458 0.8540
vn -0.5870 -0.5203 0.6203
vn -0.6133 -0.4375 0.6576
vn -0.0001 -0.3284 0.9445
vn -0.0663 -0.3043 0.9503
vn 0.7017 -0.3369 0.6278
vn 0.9045 0.1265 0.4073
vn 0.7496 0.1424 0.6464
vn 0.4619 -0.3923 0.7955
vn 0.5431 0.0796 0.8359
vn 0.2599 -0.4059 0.8762
vn -0.0057 -0.2955 0.9553
vn 0.3644 -0.2181 0.9053
vn 0.1375 -0.4226 0.8958
vn -0.2894 -0.1218 0.9494
vn -0.5996 -0.1603 0.7841
vn -0.1099 -0.4922 0.8635
vn -0.8549 -0.2584 0.4498
vn -0.5295 -0.5438 0.6512
vn 0.8633 0.4784 -0.1605
vn 0.6317 0.7707 0.0837
vn 0.3435 0.6106 0.7136
vn -0.3623 0.4353 0.8242
vn -0.8616 0.4113 0.2974
vn -0.9990 -0.0450 0.0055
vn 0.6968 -0.3271 0.6383
vn 0.6950 -0.4362 0.5716
vn 0.4981 -0.4518 0.7401
vn 0.6339 -0.3012 0.7124
vn 0.3413 -0.3867 0.8567
vn 0.4116 -0.3364 0.8470
vn -0.1269 -0.5717 0.8106
vn 0.0562 -0.6145 0.7869
vn -0.1594 -0.7662 0.6225
vn -0.0461 -0.7431 0.6675
vn 0.1265 -0.4499 0.8841
vn 0.0427 -0.4377 0.8981
vn 0.7654 -0.3057 0.5663
vn 0.9323 0.1485 0.3298
vn 0.8170 0.1347 0.5608
vn 0.5239 -0.4055 0.7491
vn 0.6339 0.0615 0.7709
vn 0.3027 -0.4379 0.8465
vn -0.0106 -0.3243 0.9459
vn 0.4336 -0.2418 0.8680
vn 0.1567 -0.4576 0.8752
vn -0.3448 -0.1309 0.9295
vn -0.6440 -0.1393 0.7523
vn -0.0664 -0.5106 0.8572
vn -0.8715 -0.1831 0.4550
vn -0.4932 -0.5142 0.7017
vn 0.8787 0.4543 -0.1469
vn 0.7064 0.7040 0.0727
vn 0.4323 0.6026 0.6708
vn -0.4010 0.4492 0.7984
vn -0.8911 0.3762 0.2539
vn -0.9986 0.0260 0.0453
vn -0.7212 -0.0586 0.6902
vn -0.6282 -0.0266 0.7776
vn -0.5595 -0.1185 0.8203
vn -0.7152 -0.1456 0.6836
vn -0.3325 -0.0232 0.9428
vn -0.2893 -0.0723 0.9545
vn 0.3630 -0.2254 0.9041
vn 0.5553 -0.3288 0.7639
vn 0.5318 -0.4128 0.7394
vn 0.2502 -0.2786 0.9272
vn 0.0728 -0.1101 0.9912
vn 0.0109 -0.1358 0.9907
vn -0.6508 -0.2210 0.7264
vn -0.4120 -0.2331 0.8809
vn -0.7019 0.2791 0.6553
vn -0.8794 0.2163 0.4241
vn -0.2242 -0.2250 0.9482
vn -0.4875 0.2483 0.8370
vn 0.0159 -0.0973 0.9951
vn -0.3182 -0.0357 0.9474
vn -0.1139 -0.2353 0.9652
vn 0.1060 -0.3079 0.9455
vn 0.5663 0.0065 0.8242
vn 0.2729 0.0748 0.9591
vn 0.4937 -0.4105 0.7666
vn 0.8350 -0.1680 0.5240
vn -0.8425 0.4690 -0.2652
vn -0.5862 0.8073 -0.0678
vn -0.2960 0.7503 0.5912
vn 0.3420 0.6010 0.7224
vn 0.8357 0.5065 0.2122
vn 0.9993 -0.0373 0.0011
vn -0.7687 -0.1244 0.6274
vn -0.6752 -0.1340 0.7253
vn -0.6099 -0.2342 0.7571
vn -0.7659 -0.2111 0.6074
vn -0.3683 -0.1991 0.9081
vn -0.3241 -0.2497 0.9125
vn 0.3886 -0.3864 0.8364
vn 0.6133 -0.4375 0.6576
vn 0.5870 -0.5203 0.6203
vn 0.2683 -0.4458 0.8540
vn 0.0663 -0.3043 0.9503
vn 0.0001 -0.3284 0.9445
vn -0.7017 -0.3369 0.6278
vn -0.4619 -0.3923 0.7955
vn -0.7496 0.1424 0.6464
vn -0.9045 0.1265 0.4073
vn -0.2599 -0.4059 0.8762
vn -0.5431 0.0796 0.8359
vn 0.0057 -0.2955 0.9553
vn -0.3644 -0.2181 0.9053
vn -0.1375 -0.4226 0.8958
vn 0.1099 -0.4922 0.8635
vn 0.5996 -0.1603 0.7841
vn 0.2895 -0.1218 0.9494
vn 0.5278 -0.5436 0.6527
vn 0.8549 -0.2584 0.4498
vn -0.8633 0.4784 -0.1605
vn -0.6317 0.7707 0.0837
vn -0.3435 0.6106 0.7136
vn 0.3623 0.4353 0.8242
vn 0.8617 0.4112 0.2974
vn 0.9990 -0.0450 0.0055
vn -0.6968 -0.3271 0.6383
vn -0.6339 -0.3012 0.7124
vn -0.4981 -0.4519 0.7401
vn -0.6950 -0.4362 0.5716
vn -0.4116 -0.3364 0.8470
vn -0.3413 -0.3867 0.8567
vn 0.1269 -0.5717 0.8106
vn 0.0461 -0.7431 0.6675
vn 0.1594 -0.7662 0.6225
vn -0.0562 -0.6146 0.7869
vn -0.0427 -0.4377 0.8981
vn -0.1265 -0.4499 0.8841
vn -0.7654 -0.3057 0.5663
vn -0.5239 -0.4055 0.7491
vn -0.8170 0.1347 0.5607
vn -0.9323 0.1485 0.3298
vn -0.3027 -0.4379 0.8465
vn -0.6339 0.0615 0.7709
vn 0.0106 -0.3243 0.9459
vn -0.4336 -0.2418 0.8680
vn -0.1567 -0.4576 0.8752
vn 0.0664 -0.5106 0.8572
vn 0.6440 -0.1393 0.7523
vn 0.3447 -0.1310 0.9295
vn 0.4931 -0.5142 0.7017
vn 0.8715 -0.1831 0.4550
vn -0.8787 0.4543 -0.1469
vn -0.7065 0.7040 0.0726
vn -0.4323 0.6026 0.6708
vn 0.4010 0.4492 0.7984
vn 0.8911 0.3762 0.2539
vn 0.9986 0.0261 0.0453
vn -0.2274 -0.2804 -0.9326
vn -0.3409 -0.4125 -0.8448
vn -0.6424 -0.3420 -0.6858
vn -0.6383 -0.2583 -0.7252
vn -0.0190 0.1479 -0.9888
vn 0.0315 0.1887 -0.9815
vn -0.2914 0.3283 -0.8985
vn -0.0258 0.3829 -0.9234
vn -0.0042 0.4308 -0.9024
vn 0.0000 0.3847 -0.9230
vn 0.0000 0.3944 -0.9189
vn -0.0752 0.1434 -0.9868
vn -0.1341 0.0154 -0.9909
vn -0.5632 -0.0021 -0.8263
vn -0.3513 0.1102 -0.9298
vn -0.6921 0.4789 -0.5401
vn -0.6455 0.4402 -0.6241
vn -0.5481 0.4949 -0.6743
vn -0.6527 0.5165 -0.5543
vn -0.7072 0.4353 -0.5571
vn -0.9109 0.1595 -0.3805
vn -0.2048 -0.1356 -0.9694
vn -0.4740 0.0709 -0.8777
vn -0.2636 0.0590 -0.9628
vn -0.3215 -0.0579 -0.9451
vn -0.5264 0.5380 -0.6584
vn -0.5003 0.4423 -0.7444
vn -0.4184 -0.2806 -0.8639
vn -0.4530 -0.2936 -0.8418
vn -0.2933 -0.2609 -0.9197
vn -0.1388 -0.3799 -0.9145
vn -0.2847 0.5302 -0.7986
vn -0.2611 0.5483 -0.7945
vn -0.2773 0.2008 -0.9396
vn -0.7225 0.0084 -0.6913
vn -0.6154 -0.1326 -0.7770
vn -0.4335 -0.0848 -0.8972
vn -0.0001 0.0123 -0.9999
vn -0.0000 -0.2517 -0.9678
vn -0.6442 -0.1502 -0.7500
vn -0.5426 -0.2233 -0.8098
vn -0.3564 -0.3735 -0.8564
vn -0.5770 -0.2700 -0.7708
vn -0.3417 -0.2447 -0.9074
vn -0.5220 -0.2724 -0.8083
vn -0.6202 -0.2317 -0.7494
vn -0.7131 -0.2237 -0.6644
vn -0.3172 -0.1146 -0.9414
vn -0.0000 -0.3791 -0.9254
vn -0.0000 0.1698 -0.9855
vn -0.2874 0.5009 -0.8164
vn -0.0000 0.1283 -0.9917
vn 0.2666 -0.2774 -0.9231
vn -0.3386 -0.0832 -0.9373
vn -0.2126 -0.0248 -0.9768
vn -0.3116 -0.0992 -0.9450
vn -0.1623 0.4636 -0.8711
vn -0.6877 -0.0545 -0.7240
vn -0.6898 -0.1199 -0.7140
vn -0.3597 -0.0912 -0.9286
vn -0.5180 -0.0092 -0.8553
vn 0.0000 -0.2386 -0.9711
vn -0.2850 0.4562 -0.8430
vn -0.5302 0.6917 -0.4903
vn -0.2589 0.2134 -0.9420
vn -0.3566 -0.1780 -0.9171
vn -0.6169 -0.2022 -0.7607
vn -0.6920 -0.1249 -0.7110
vn -0.8650 0.1232 -0.4864
vn -0.9741 0.1769 -0.1410
vn -0.8470 0.2183 -0.4847
vn -0.8288 0.2788 -0.4851
vn -0.8933 0.1771 -0.4131
vn -0.9221 0.1106 -0.3708
vn -0.0799 0.8339 -0.5461
vn 0.0000 0.8364 -0.5481
vn -0.6571 0.6242 -0.4226
vn -0.5044 0.7115 -0.4892
vn -0.6543 0.6314 -0.4163
vn -0.3574 0.7816 -0.5113
vn -0.4907 0.6018 0.6301
vn -0.4581 0.7417 0.4899
vn 0.0792 0.6566 0.7501
vn 0.0000 0.6587 0.7524
vn 0.0000 0.8681 0.4964
vn 0.0450 0.8672 0.4959
vn -0.1189 0.7100 0.6941
vn -0.2465 0.6705 0.6998
vn -0.4311 0.7794 0.4546
vn -0.2589 0.8374 0.4815
vn -0.3032 0.6427 0.7036
vn -0.4623 0.7661 0.4465
vn 0.1235 0.6554 0.7451
vn 0.0005 0.8665 0.4991
vn -0.0609 -0.6674 -0.7422
vn -0.6739 -0.6457 -0.3591
vn 0.5534 -0.4136 -0.7229
vn 0.7119 0.2644 -0.6506
vn 0.0517 -0.8859 -0.4610
vn -0.6988 -0.7128 0.0597
vn -0.9280 0.0523 0.3688
vn -0.6430 0.6987 0.3136
vn 0.3288 0.9191 -0.2171
vn 0.5157 -0.3923 -0.7617
vn 0.8370 0.2174 -0.5022
vn -0.1771 -0.7476 -0.6401
vn -0.8567 -0.5080 -0.0888
vn -0.9097 0.1030 0.4022
vn -0.5087 0.6654 0.5463
vn 0.5039 0.8559 0.1167
vn 0.1562 -0.1729 -0.9725
vn 0.5977 0.3695 -0.7115
vn -0.4671 -0.5240 -0.7122
vn -0.8655 -0.4990 -0.0435
vn -0.6735 -0.0333 0.7384
vn -0.1591 0.4527 0.8774
vn 0.5659 0.8048 0.1792
vn -0.0170 -0.0180 -0.9997
vn 0.5242 0.4089 -0.7470
vn -0.5897 -0.3765 -0.7145
vn -0.8911 -0.4500 -0.0585
vn -0.5013 -0.0484 0.8639
vn 0.0051 0.3166 0.9485
vn 0.6650 0.6998 0.2608
vn 0.2274 -0.2806 -0.9325
vn 0.6384 -0.2586 -0.7250
vn 0.6424 -0.3424 -0.6856
vn 0.3410 -0.4127 -0.8446
vn 0.0190 0.1479 -0.9888
vn 0.0258 0.3829 -0.9234
vn 0.2915 0.3286 -0.8984
vn -0.0315 0.1887 -0.9815
vn 0.0042 0.4308 -0.9024
vn 0.0752 0.1434 -0.9868
vn 0.3514 0.1103 -0.9297
vn 0.5633 -0.0023 -0.8263
vn 0.1341 0.0154 -0.9908
vn 0.6922 0.4792 -0.5397
vn 0.6527 0.5168 -0.5540
vn 0.5483 0.4951 -0.6740
vn 0.6458 0.4404 -0.6237
vn 0.7074 0.4354 -0.5568
vn 0.9111 0.1597 -0.3801
vn 0.2049 -0.1356 -0.9693
vn 0.3217 -0.0580 -0.9451
vn 0.2637 0.0589 -0.9628
vn 0.4744 0.0709 -0.8774
vn 0.5004 0.4427 -0.7441
vn 0.5265 0.5383 -0.6580
vn 0.4185 -0.2809 -0.8637
vn 0.4531 -0.2938 -0.8417
vn 0.2935 -0.2611 -0.9196
vn 0.1389 -0.3800 -0.9145
vn 0.2613 0.5484 -0.7943
vn 0.2849 0.5303 -0.7985
vn 0.2776 0.2009 -0.9394
vn 0.7230 0.0083 -0.6908
vn 0.4340 -0.0847 -0.8969
vn 0.6160 -0.1326 -0.7765
vn 0.6447 -0.1504 -0.7495
vn 0.5775 -0.2702 -0.7704
vn 0.3567 -0.3737 -0.8562
vn 0.5430 -0.2234 -0.8095
vn 0.3420 -0.2449 -0.9072
vn 0.7136 -0.2239 -0.6638
vn 0.6207 -0.2320 -0.7489
vn 0.5224 -0.2726 -0.8079
vn 0.3175 -0.1149 -0.9413
vn 0.2874 0.5011 -0.8163
vn -0.2667 -0.2774 -0.9230
vn 0.3388 -0.0836 -0.9372
vn 0.2127 -0.0251 -0.9768
vn 0.3118 -0.0995 -0.9449
vn 0.1624 0.4636 -0.8710
vn 0.6882 -0.0546 -0.7235
vn 0.6904 -0.1201 -0.7134
vn 0.3597 -0.0916 -0.9286
vn 0.5181 -0.0097 -0.8552
vn 0.5305 0.6918 -0.4900
vn 0.2853 0.4563 -0.8428
vn 0.2591 0.2134 -0.9420
vn 0.3571 -0.1779 -0.9170
vn 0.6175 -0.2021 -0.7602
vn 0.6927 -0.1250 -0.7103
vn 0.9740 0.1775 -0.1409
vn 0.8652 0.1237 -0.4859
vn 0.8472 0.2185 -0.4842
vn 0.8291 0.2787 -0.4847
vn 0.8937 0.1767 -0.4125
vn 0.9223 0.1100 -0.3705
vn 0.0799 0.8340 -0.5460
vn 0.6571 0.6244 -0.4223
vn 0.5045 0.7116 -0.4889
vn 0.6544 0.6316 -0.4157
vn 0.3573 0.7817 -0.5111
vn 0.4910 0.6019 0.6298
vn 0.4583 0.7417 0.4897
vn -0.0792 0.6565 0.7501
vn -0.0450 0.8672 0.4959
vn 0.1190 0.7100 0.6941
vn 0.2591 0.8374 0.4813
vn 0.4312 0.7795 0.4544
vn 0.2466 0.6706 0.6996
vn 0.4622 0.7663 0.4463
vn 0.3033 0.6429 0.7034
vn -0.1236 0.6553 0.7452
vn -0.0005 0.8665 0.4992
vn 0.0610 -0.6674 -0.7422
vn 0.6743 -0.6453 -0.3589
vn -0.5537 -0.4137 -0.7227
vn -0.7122 0.2640 -0.6505
vn -0.0518 -0.8859 -0.4610
vn 0.6993 -0.7123 0.0597
vn 0.9282 0.0525 0.3685
vn 0.6432 0.6986 0.3134
vn -0.3290 0.9190 -0.2172
vn -0.5161 -0.3924 -0.7614
vn -0.8373 0.2169 -0.5018
vn 0.1773 -0.7475 -0.6402
vn 0.8572 -0.5073 -0.0887
vn 0.9099 0.1033 0.4017
vn 0.5091 0.6653 0.5461
vn -0.5044 0.8555 0.1167
vn -0.1563 -0.1730 -0.9724
vn -0.5983 0.3689 -0.7113
vn 0.4676 -0.5236 -0.7121
vn 0.8660 -0.4981 -0.0435
vn 0.6740 -0.0329 0.7380
vn 0.1593 0.4528 0.8773
vn -0.5666 0.8043 0.1792
vn 0.0170 -0.0180 -0.9997
vn -0.5249 0.4083 -0.7468
vn 0.5905 -0.3759 -0.7142
vn 0.8918 -0.4487 -0.0585
vn 0.5019 -0.0479 0.8636
vn -0.0051 0.3166 0.9485
vn -0.6659 0.6990 0.2607
vn -0.6237 0.6619 -0.4158
vn 0.6240 0.6618 -0.4155
vn 0.6101 0.2818 0.7405
vn 0.8388 0.2430 0.4872
vn 0.7695 -0.2360 0.5934
vn 0.5890 0.0737 0.8048
vn 0.7158 0.5913 0.3716
vn 0.5840 0.6588 0.4743
vn 0.4965 0.5174 0.6970
vn 0.4499 0.5967 0.6645
vn 0.6747 0.3900 0.6267
vn 0.8700 0.3908 0.3007
vn 0.7308 0.6802 0.0571
vn 0.5995 0.6625 0.4492
vn 0.7389 0.6047 0.2973
vn 0.7714 0.5713 0.2802
vn 0.8546 0.4827 0.1916
vn 0.8438 0.4893 0.2203
vn 0.7794 0.4466 0.4394
vn 0.7943 0.4599 0.3970
vn 0.7708 0.2066 0.6026
vn 0.8094 0.1407 0.5701
vn 0.8080 0.1727 0.5633
vn 0.6990 0.2516 0.6695
vn 0.7587 0.0323 0.6506
vn 0.8802 0.2294 0.4156
vn 0.8356 0.5245 0.1634
vn 0.7621 0.1551 0.6286
vn 0.9435 -0.3313 -0.0049
vn 0.3051 -0.4544 0.8369
vn 0.6981 0.1007 0.7089
vn 0.6610 0.4936 0.5651
vn 0.4001 -0.1911 0.8963
vn 0.8735 0.0413 0.4850
vn 0.7744 0.3718 0.5120
vn 0.3245 -0.3388 0.8831
vn 0.4195 0.5962 0.6846
vn 0.6539 0.6931 0.3034
vn 0.5195 0.7176 0.4639
vn -0.1443 -0.2340 0.9615
vn 0.0994 0.2264 0.9690
vn 0.5084 0.1895 0.8400
vn 0.2784 -0.2250 0.9337
vn -0.0140 -0.8267 0.5625
vn -0.3427 -0.6548 0.6736
vn 0.5144 -0.0584 0.8555
vn 0.4086 -0.1079 0.9063
vn 0.4295 0.3915 0.8138
vn 0.4150 -0.1421 0.8987
vn 0.5539 -0.2067 0.8065
vn 0.7826 0.4589 0.4207
vn 0.8094 0.4510 0.3761
vn 0.8253 0.5324 0.1881
vn 0.7522 0.5908 0.2918
vn 0.7357 0.5119 0.4434
vn 0.7580 0.6085 0.2347
vn 0.6101 0.7919 0.0279
vn 0.5612 0.6622 0.4965
vn 0.8637 -0.2191 0.4539
vn 0.8452 0.1066 0.5237
vn 0.9617 0.2730 -0.0255
vn 0.5285 0.8487 0.0182
vn 0.8860 0.4635 -0.0141
vn 0.9795 -0.1956 -0.0479
vn 0.7153 0.0684 0.6955
vn 0.8525 0.1926 0.4859
vn 0.6858 0.4245 0.5912
vn 0.8001 0.1826 0.5714
vn 0.8032 0.1744 0.5696
vn 0.9729 0.2302 -0.0239
vn 0.9582 0.2852 -0.0209
vn 0.3750 -0.3822 -0.8446
vn -0.2788 -0.9164 -0.2873
vn 0.7693 0.2650 -0.5814
vn 0.7159 0.6934 0.0821
vn 0.4219 0.7149 0.5576
vn -0.0588 0.3348 0.9404
vn -0.4065 -0.1979 0.8920
vn -0.5372 -0.7365 0.4111
vn 0.1156 -0.3499 -0.9296
vn -0.1158 -0.9578 -0.2631
vn 0.3860 0.2843 -0.8776
vn 0.5033 0.8394 -0.2049
vn 0.3925 0.8284 0.3996
vn 0.1636 0.3250 0.9315
vn -0.0103 -0.2393 0.9709
vn -0.1419 -0.8518 0.5043
vn -0.2731 -0.2952 -0.9156
vn 0.2350 -0.9443 -0.2305
vn -0.4285 0.2567 -0.8663
vn -0.3289 0.8671 -0.3741
vn 0.0272 0.9550 0.2955
vn 0.3879 0.4089 0.8260
vn 0.5110 -0.1986 0.8363
vn 0.4609 -0.7864 0.4112
vn -0.2715 -0.3016 -0.9140
vn 0.5522 -0.7428 -0.3786
vn -0.6288 0.2107 -0.7484
vn -0.6491 0.7211 -0.2424
vn -0.2939 0.9005 0.3206
vn 0.4214 0.4772 0.7712
vn 0.7696 -0.1184 0.6274
vn 0.7900 -0.5941 0.1513
vn -0.0144 -0.2704 -0.9627
vn 0.7069 -0.5610 -0.4307
vn -0.5533 0.2329 -0.7998
vn -0.7032 0.6898 -0.1725
vn -0.4422 0.8222 0.3583
vn 0.3570 0.4759 0.8038
vn 0.8378 -0.0931 0.5380
vn 0.8858 -0.4640 0.0123
vn -0.3212 0.6536 0.6853
vn 0.0819 0.9958 0.0418
vn 0.9009 0.2350 0.3649
vn 0.2243 0.1644 0.9605
vn -0.5765 0.3635 0.7318
vn 0.8114 -0.0439 0.5828
vn 0.9773 0.2097 -0.0308
vn 0.9932 -0.1070 -0.0463
vn 0.1644 0.1989 0.9661
vn -0.6755 0.2049 0.7083
vn 0.7954 0.1310 0.5918
vn 0.9927 0.1146 -0.0366
vn 0.1011 0.2265 0.9688
vn -0.7421 0.0631 0.6673
vn 0.7632 0.2833 0.5807
vn 0.9482 0.3167 -0.0260
vn 0.6313 0.7755 0.0099
vn 0.6468 -0.2685 0.7138
vn 0.6374 -0.1105 0.7626
vn 0.7450 -0.1827 0.6415
vn 0.3407 -0.4545 0.8230
vn 0.7342 -0.6769 -0.0533
vn -0.0674 -0.2581 0.9638
vn 0.2878 0.1873 0.9392
vn 0.2417 0.6315 0.7367
vn 0.1525 0.8479 0.5078
vn 0.1840 0.8611 0.4740
vn 0.3852 0.6068 0.6953
vn 0.1814 0.8388 0.5133
vn 0.2131 -0.2420 0.9466
vn -0.0086 0.1315 0.9913
vn 0.8115 0.5389 0.2262
vn 0.8045 0.5533 0.2160
vn 0.6339 0.3617 0.6837
vn 0.8049 0.3646 -0.4683
vn 0.9415 0.3366 -0.0199
vn 0.4495 0.6351 -0.6282
vn 0.2844 0.9581 0.0341
vn 0.7098 0.2209 -0.6689
vn 0.9949 0.0954 -0.0329
vn 0.2252 0.5780 -0.7844
vn 0.0503 0.9977 0.0444
vn -0.8920 0.4482 0.0584
vn -0.9764 0.2098 0.0513
vn -0.9987 0.0260 0.0441
vn 0.5055 0.3848 -0.7723
vn 0.5159 0.1462 -0.8441
vn 0.7168 -0.1864 -0.6719
vn 0.7996 0.2881 -0.5270
vn 0.6865 0.6268 -0.3686
vn 0.3836 0.6736 -0.6318
vn 0.4240 0.5570 -0.7141
vn 0.5466 0.7000 -0.4596
vn 0.6295 0.4208 -0.6532
vn 0.5725 0.6880 -0.4459
vn 0.7268 0.6847 -0.0543
vn 0.8491 0.4081 -0.3355
vn 0.8720 0.4888 -0.0252
vn 0.8371 0.4846 -0.2538
vn 0.7361 0.5994 -0.3144
vn 0.7908 0.6119 -0.0113
vn 0.7393 0.2796 -0.6126
vn 0.7769 0.4255 -0.4640
vn 0.8006 0.4343 -0.4128
vn 0.7254 0.3250 -0.6068
vn 0.6161 -0.1899 -0.7644
vn 0.7087 0.0743 -0.7016
vn 0.8588 0.1381 -0.4933
vn 0.7809 -0.0600 -0.6218
vn 0.6929 0.1447 -0.7064
vn 0.6015 0.2399 -0.7620
vn 0.7490 0.3788 -0.5436
vn 0.7990 0.5590 -0.2215
vn 0.7115 0.5061 -0.4875
vn 0.5973 0.3749 -0.7090
vn 0.2271 -0.2932 -0.9287
vn 0.3818 0.6178 -0.6874
vn 0.4882 0.7455 -0.4538
vn 0.6378 0.7104 -0.2977
vn 0.3099 -0.1342 -0.9412
vn 0.4556 0.2444 -0.8560
vn -0.0222 0.3350 -0.9420
vn -0.2696 -0.1589 -0.9498
vn 0.1818 -0.1453 -0.9725
vn 0.1537 -0.3956 -0.9055
vn -0.4336 -0.6067 -0.6662
vn -0.0835 -0.7855 -0.6132
vn 0.4246 -0.0295 -0.9049
vn 0.3140 -0.0801 -0.9460
vn 0.3651 0.4282 -0.8266
vn 0.4766 -0.1763 -0.8613
vn 0.3165 -0.1488 -0.9369
vn 0.8472 0.4798 -0.2283
vn 0.8212 0.5219 -0.2308
vn 0.7566 0.5851 -0.2918
vn 0.7685 0.5623 -0.3053
vn 0.7953 0.5552 -0.2434
vn 0.7512 0.6049 -0.2644
vn 0.6067 0.7949 -0.0079
vn 0.5335 0.6841 -0.4974
vn 0.8181 -0.1992 -0.5394
vn 0.8018 0.1375 -0.5816
vn 0.8366 0.1074 -0.5371
vn 0.7224 -0.0794 -0.6869
vn 0.6404 0.4250 -0.6398
vn 0.7589 0.2485 -0.6020
vn 0.7343 0.2162 -0.6434
vn -0.2540 -0.9431 0.2146
vn 0.4545 -0.4587 0.7636
vn 0.8184 0.2187 0.5314
vn 0.7072 0.7035 -0.0704
vn 0.3743 0.7712 -0.5150
vn -0.1493 0.4204 -0.8950
vn -0.4957 -0.1248 -0.8595
vn -0.5744 -0.7006 -0.4234
vn -0.0937 -0.9803 0.1739
vn 0.2066 -0.4418 0.8730
vn 0.4735 0.2097 0.8555
vn 0.5204 0.8203 0.2372
vn 0.3561 0.8698 -0.3414
vn 0.0756 0.4206 -0.9041
vn -0.1081 -0.1532 -0.9823
vn -0.1944 -0.8078 -0.5564
vn 0.2509 -0.9607 0.1189
vn -0.1841 -0.3908 0.9019
vn -0.3454 0.1817 0.9207
vn -0.2848 0.8366 0.4680
vn 0.0025 0.9797 -0.2006
vn 0.3117 0.4984 -0.8090
vn 0.4357 -0.1217 -0.8918
vn 0.4172 -0.7534 -0.5082
vn 0.5814 -0.7708 0.2606
vn -0.1798 -0.3924 0.9020
vn -0.5602 0.1467 0.8152
vn -0.6195 0.7024 0.3506
vn -0.3194 0.9244 -0.2085
vn 0.3485 0.5592 -0.7522
vn 0.7182 -0.0600 -0.6932
vn 0.7718 -0.5809 -0.2585
vn 0.7417 -0.5898 0.3195
vn 0.0903 -0.3537 0.9310
vn -0.4741 0.1717 0.8636
vn -0.6799 0.6766 0.2827
vn -0.4728 0.8466 -0.2442
vn 0.2762 0.5545 -0.7850
vn 0.7931 -0.0464 -0.6073
vn 0.8799 -0.4608 -0.1157
vn -0.3993 0.6740 -0.6215
vn 0.8747 0.2395 -0.4213
vn -0.6595 0.3553 -0.6624
vn 0.1309 0.1486 -0.9802
vn 0.7532 -0.0539 -0.6556
vn -0.7511 0.1730 -0.6372
vn 0.0684 0.1559 -0.9854
vn 0.7460 0.1028 -0.6580
vn -0.8031 0.0134 -0.5957
vn 0.0046 0.1569 -0.9876
vn 0.7272 0.2447 -0.6413
vn 0.5677 -0.2259 -0.7917
vn 0.6471 0.1652 -0.7443
vn 0.7797 0.1877 -0.5974
vn 0.6804 -0.1484 -0.7176
vn 0.5639 -0.1179 -0.8174
vn 0.7760 0.2352 -0.5853
vn 0.3314 -0.3211 -0.8872
vn -0.0257 -0.4571 -0.8891
vn -0.0916 -0.2280 -0.9693
vn 0.2357 0.2485 -0.9395
vn 0.1189 0.3276 -0.9373
vn 0.3228 0.6015 -0.7308
vn 0.1589 0.8828 -0.4420
vn 0.4256 0.9048 0.0163
vn 0.1680 0.8759 -0.4523
vn 0.1250 0.8683 -0.4801
vn -0.1309 -0.4785 -0.8683
vn 0.1413 -0.1021 -0.9847
vn 0.8057 0.5361 -0.2520
vn 0.8402 0.3297 0.4304
vn 0.5103 0.5777 0.6371
vn 0.7651 0.1742 0.6199
vn 0.3059 0.5105 0.8036
vn 0.8504 0.5256 -0.0234
vn -0.7282 -0.6574 -0.1937
vn -0.8773 -0.0153 0.4796
vn -0.9533 0.2970 0.0542
vn -0.9030 0.3214 0.2853
vn -0.8817 0.1996 0.4276
vn -0.7254 -0.6497 0.2275
vn -0.8553 -0.5133 -0.0700
vn 0.2608 -0.6972 -0.6677
vn -0.9215 -0.0100 -0.3882
vn -0.9427 0.1569 -0.2945
vn -0.9425 0.2869 -0.1716
vn -0.9000 -0.2835 -0.3309
vn 0.9171 0.1813 -0.3551
vn -0.3509 0.9346 0.0577
vn 0.9413 0.1567 0.2991
vn 0.7557 0.3119 0.5759
vn 0.7814 0.2929 0.5510
vn 0.1910 0.3533 0.9158
vn 0.6236 0.5224 -0.5816
vn 0.7545 0.4672 -0.4610
vn 0.7781 0.4935 -0.3887
vn 0.2114 0.6953 -0.6869
vn -0.8803 -0.3012 0.3665
vn 0.6580 0.1135 -0.7444
vn 0.7601 0.2190 -0.6117
vn 0.6671 0.3152 -0.6750
vn -0.0218 0.2235 -0.9745
vn -0.0631 -0.5866 0.8074
vn 0.6818 -0.2660 0.6815
vn 0.8411 -0.1058 0.5305
vn 0.7860 -0.1379 0.6027
vn -0.1856 -0.1723 0.9674
vn 0.5877 0.1790 0.7890
vn 0.7444 0.2644 0.6132
vn -0.8403 -0.5337 0.0958
vn 0.2869 -0.3024 0.9090
vn 0.7327 0.2780 -0.6212
vn 0.5786 0.1792 -0.7957
vn -0.2200 -0.1471 -0.9643
vn 0.8345 -0.1259 0.5364
vn 0.5622 0.2369 0.7924
vn 0.2908 -0.8074 0.5133
vn -0.0866 -0.5039 0.8594
vn 0.7312 0.1216 0.6713
vn 0.8592 0.2643 0.4381
vn 0.8426 0.2461 -0.4791
vn 0.6969 0.1084 -0.7089
vn 0.2728 -0.2160 -0.9375
vn 0.7659 -0.0059 -0.6429
vn 0.8163 0.0983 -0.5693
vn 0.9117 -0.2809 -0.2998
vn 0.7619 -0.6355 -0.1249
vn -0.3447 0.8833 -0.3178
vn -0.4511 0.8882 -0.0877
vn -0.3322 0.9312 0.1499
vn -0.3036 0.9264 0.2228
vn -0.0148 0.6504 0.7595
vn 0.1681 0.3514 0.9210
vn 0.2198 0.4500 0.8655
vn -0.0574 0.7350 0.6757
vn -0.7342 0.6752 -0.0712
vn -0.6930 0.6522 -0.3070
vn -0.7525 0.6444 0.1358
vn -0.7422 0.5492 -0.3841
vn -0.8419 0.4138 -0.3463
vn -0.8935 0.4353 0.1104
vn -0.7409 0.3115 0.5951
vn -0.0403 0.1794 -0.9829
vn -0.1350 0.2609 -0.9559
vn -0.0937 0.4896 -0.8669
vn 0.1222 0.2541 -0.9594
vn -0.2882 0.0133 -0.9575
vn -0.4755 0.2260 -0.8502
vn -0.1991 0.1681 0.9655
vn -0.0953 0.0665 0.9932
vn -0.4025 0.0925 0.9107
vn -0.1191 0.2589 0.9585
vn -0.4588 0.5162 0.7232
vn -0.5535 0.0331 -0.8322
vn -0.3975 -0.1229 -0.9093
vn -0.6817 0.0547 0.7296
vn -0.3322 -0.1899 0.9239
vn -0.9159 0.3233 0.2379
vn -0.9091 0.3113 0.2769
vn -0.8920 0.4070 0.1965
vn -0.9865 0.1297 0.1000
vn -0.7144 0.1558 0.6821
vn -0.3779 -0.1204 -0.9180
vn -0.6521 0.0491 -0.7565
vn -0.3535 -0.0903 0.9311
vn -0.8922 0.2861 -0.3495
vn -0.9675 -0.0708 -0.2426
vn -0.8004 -0.0874 -0.5930
vn -0.7045 0.2035 -0.6799
vn -0.5091 -0.1027 -0.8545
vn -0.6461 0.6536 -0.3942
vn -0.6748 0.7055 0.2167
vn -0.4022 0.5443 0.7362
vn -0.0650 0.3554 -0.9325
vn -0.3965 0.4592 -0.7950
vn -0.1098 0.3710 0.9221
vn -0.6101 0.6807 -0.4055
vn -0.9446 -0.0345 -0.3263
vn -0.9916 -0.0058 0.1291
vn -0.6829 0.6966 0.2200
vn -0.7605 -0.1991 0.6181
vn -0.4070 0.5391 0.7374
vn -0.3614 -0.3874 0.8482
vn -0.3254 -0.7820 0.5316
vn 0.5057 -0.3512 0.7880
vn -0.1078 0.3181 0.9419
vn -0.0845 0.3467 -0.9342
vn -0.4849 -0.5210 -0.7024
vn -0.7180 -0.2791 -0.6376
vn -0.3382 0.5065 -0.7932
vn 0.1728 0.9744 0.1439
vn 0.1535 0.9133 -0.3772
vn 0.3799 0.7415 0.5531
vn 0.4918 0.4488 0.7461
vn 0.3216 0.5999 -0.7326
vn -0.5806 0.2876 -0.7617
vn 0.5283 0.3606 -0.7687
vn -0.2939 0.0100 -0.9558
vn -0.8217 -0.0990 0.5612
vn -0.9798 0.1591 0.1208
vn -0.7689 0.6332 -0.0889
vn -0.2354 0.9367 0.2593
vn 0.0644 0.7235 0.6873
vn -0.7788 -0.1822 0.6003
vn -0.1007 0.1490 0.9837
vn -0.0536 0.1001 0.9935
vn -0.7829 -0.2087 0.5861
vn -0.9968 0.0783 -0.0175
vn -0.9957 0.0750 -0.0546
vn -0.1952 0.9550 0.2233
vn -0.7682 0.6049 -0.2096
vn -0.7518 0.5912 -0.2919
vn -0.1068 0.9748 0.1957
vn 0.1286 0.6582 0.7418
vn 0.2221 0.6522 0.7248
vn -0.6439 0.1319 -0.7536
vn -0.5089 0.4880 -0.7091
vn -0.5378 0.7417 -0.4007
vn -0.7297 0.6836 0.0159
vn -0.4845 0.8475 0.2168
vn -0.7737 0.3856 0.5026
vn -0.2076 0.9046 -0.3722
vn -0.2261 0.5369 -0.8128
vn -0.4361 0.0274 -0.8995
vn -0.7299 -0.2997 -0.6144
vn -0.9182 -0.3817 -0.1057
vn -0.9482 -0.0903 0.3045
vn -0.4080 0.8761 0.2569
vn -0.7402 0.3710 0.5608
vn -0.0818 0.9288 -0.3614
vn -0.1071 0.5380 -0.8361
vn -0.3612 -0.0275 -0.9321
vn -0.6919 -0.3562 -0.6281
vn -0.9009 -0.4272 -0.0764
vn -0.9263 -0.1298 0.3537
vn -0.8414 0.4390 -0.3152
vn -0.7101 0.2341 -0.6640
vn 0.2570 0.6658 -0.7005
vn 0.1846 0.9126 -0.3647
vn -0.0784 0.1105 -0.9908
vn 0.5000 0.5430 -0.6746
vn -0.7455 -0.0201 -0.6662
vn -0.9380 0.3301 -0.1058
vn -0.4497 0.8803 0.1510
vn 0.3722 0.9153 -0.1542
vn -0.0272 0.0037 -0.9996
vn 0.6739 0.4690 -0.5709
vn -0.7718 -0.1272 -0.6230
vn -0.9688 0.2468 -0.0218
vn -0.4480 0.8433 0.2970
vn 0.5223 0.8524 -0.0262
vn 0.5989 -0.2231 0.7691
vn 0.6316 -0.1515 0.7604
vn 0.4948 -0.4387 0.7502
vn 0.3891 -0.4258 0.8169
vn 0.4154 -0.6003 0.6834
vn 0.5011 -0.4455 0.7419
vn 0.6038 -0.0977 0.7911
vn -0.8454 -0.5093 -0.1608
vn -0.8767 -0.4806 0.0216
vn -0.6845 -0.6696 0.2884
vn -0.3681 -0.9106 -0.1880
vn -0.6397 -0.7449 -0.1896
vn 0.6971 -0.4391 -0.5667
vn 0.6110 -0.5541 -0.5653
vn 0.4502 -0.6982 -0.5566
vn 0.3660 -0.7403 -0.5640
vn 0.5631 -0.5511 -0.6158
vn 0.7317 -0.5261 -0.4335
vn 0.4794 -0.7111 -0.5143
vn 0.8482 0.0236 -0.5292
vn 0.8119 -0.3048 -0.4979
vn 0.7863 0.2922 -0.5443
vn 0.5028 0.8576 0.1080
vn 0.5321 0.8039 -0.2656
vn 0.5654 0.7184 0.4052
vn 0.6424 0.5584 -0.5248
vn -0.6527 0.5600 0.5103
vn -0.8731 0.3789 -0.3070
vn -0.3522 0.6976 -0.6239
vn 0.5032 0.1016 -0.8582
vn 0.2790 0.0950 -0.9556
vn 0.2611 0.2328 -0.9368
vn 0.4177 0.2702 -0.8675
vn -0.0000 0.0870 -0.9962
vn 0.0000 0.1836 -0.9830
vn 0.2510 0.4440 -0.8602
vn 0.3115 0.4463 -0.8389
vn -0.0000 0.4174 -0.9087
vn 0.2568 0.4179 -0.8714
vn 0.2774 0.4095 -0.8691
vn -0.0000 0.4066 -0.9136
vn 0.3003 0.1322 -0.9446
vn 0.2918 0.1689 -0.9414
vn 0.0000 0.1077 -0.9942
vn 0.0000 -0.0338 -0.9994
vn 0.2650 0.0272 -0.9639
vn 0.0873 -0.0527 -0.9948
vn -0.0000 -0.1043 -0.9945
vn 0.2461 0.2159 -0.9449
vn 0.3096 0.0802 -0.9475
vn 0.5145 0.1154 -0.8497
vn 0.3934 0.2582 -0.8824
vn 0.1604 0.2199 -0.9623
vn 0.2139 0.4071 -0.8880
vn 0.2445 0.3675 -0.8973
vn 0.2906 0.2391 -0.9265
vn 0.0499 -0.0571 -0.9971
vn 0.0000 0.0063 -1.0000
vn 0.9072 0.2422 -0.3439
vn 0.9347 0.0185 -0.3550
vn 0.8551 -0.2224 -0.4683
vn 0.5588 -0.5183 -0.6474
vn 0.8129 0.5092 -0.2827
vn 0.8294 0.4789 -0.2877
vn 0.9108 0.2241 -0.3468
vn 0.3993 -0.6620 -0.6343
vn 0.0000 -0.7740 -0.6331
vn 0.9241 0.1241 0.3615
vn 0.9368 -0.0376 0.3477
vn 0.7792 -0.5825 0.2312
vn 0.5018 -0.8597 0.0958
vn 0.8563 0.2999 0.4204
vn 0.8482 0.2734 0.4537
vn 0.8860 0.0451 0.4614
vn 0.4836 -0.8443 0.2308
vn -0.0000 -0.9795 0.2014
vn 0.6777 0.0134 0.7352
vn 0.6680 -0.0699 0.7409
vn 0.4015 -0.6309 0.6639
vn 0.2391 -0.7725 0.5883
vn 0.6670 0.0999 0.7384
vn 0.6572 0.0946 0.7478
vn 0.6531 -0.0579 0.7551
vn 0.3264 -0.5962 0.7335
vn -0.0000 -0.7635 0.6458
vn -0.5031 0.1017 -0.8582
vn -0.4177 0.2702 -0.8675
vn -0.2611 0.2328 -0.9368
vn -0.2790 0.0950 -0.9556
vn -0.3115 0.4463 -0.8389
vn -0.2510 0.4440 -0.8602
vn -0.2774 0.4095 -0.8691
vn -0.2568 0.4179 -0.8714
vn -0.2918 0.1689 -0.9414
vn -0.3003 0.1322 -0.9446
vn -0.0873 -0.0527 -0.9948
vn -0.2650 0.0272 -0.9639
vn -0.2461 0.2159 -0.9449
vn -0.3096 0.0802 -0.9475
vn -0.5179 0.1197 -0.8470
vn -0.1604 0.2199 -0.9623
vn -0.3934 0.2582 -0.8824
vn -0.2139 0.4072 -0.8880
vn -0.2445 0.3675 -0.8973
vn -0.2906 0.2391 -0.9265
vn -0.0499 -0.0571 -0.9971
vn -0.9347 0.0185 -0.3550
vn -0.9072 0.2422 -0.3439
vn -0.5588 -0.5183 -0.6474
vn -0.8551 -0.2224 -0.4683
vn -0.8129 0.5092 -0.2827
vn -0.8294 0.4789 -0.2877
vn -0.9108 0.2241 -0.3469
vn -0.3993 -0.6620 -0.6343
vn -0.9368 -0.0376 0.3477
vn -0.9241 0.1241 0.3615
vn -0.5018 -0.8597 0.0958
vn -0.7792 -0.5825 0.2312
vn -0.8563 0.2999 0.4204
vn -0.8482 0.2734 0.4537
vn -0.8860 0.0451 0.4614
vn -0.4836 -0.8443 0.2308
vn -0.6680 -0.0699 0.7409
vn -0.6777 0.0134 0.7352
vn -0.2391 -0.7725 0.5883
vn -0.4015 -0.6309 0.6639
vn -0.6670 0.0999 0.7384
vn -0.6572 0.0946 0.7478
vn -0.6531 -0.0579 0.7551
vn -0.3264 -0.5962 0.7335
vn 0.2566 0.4538 -0.8534
vn 0.3361 0.4952 -0.8011
vn 0.2666 0.4553 -0.8495
vn 0.1864 0.3009 -0.9353
vn -0.0000 0.4286 -0.9035
vn 0.0000 0.2289 -0.9735
vn 0.3363 0.4359 -0.8348
vn 0.4255 0.4590 -0.7800
vn -0.0000 0.4155 -0.9096
vn 0.4401 0.1947 -0.8766
vn 0.5151 0.1906 -0.8357
vn 0.0000 0.1976 -0.9803
vn 0.1284 0.0512 -0.9904
vn 0.0000 0.0264 -0.9997
vn 0.5480 0.5371 -0.6413
vn 0.4434 0.4636 -0.7671
vn 0.1223 0.2725 -0.9543
vn 0.4622 0.4351 -0.7727
vn 0.3249 0.2098 -0.9222
vn -0.0676 0.0647 -0.9956
vn -0.0583 0.0104 -0.9982
vn -0.1331 0.0163 -0.9910
vn -0.0000 0.0104 -0.9999
vn -0.0000 0.0635 -0.9980
vn 0.0583 0.0103 -0.9982
vn 0.1331 0.0163 -0.9910
vn 0.6988 0.5055 -0.5061
vn 0.6575 0.2561 -0.7086
vn 0.5458 -0.0760 -0.8344
vn 0.7564 0.4003 -0.5173
vn 0.8413 0.2129 -0.4968
vn 0.6397 -0.0826 -0.7642
vn 0.5573 -0.2263 -0.7989
vn 0.0000 -0.3852 -0.9228
vn -0.2566 0.4538 -0.8534
vn -0.1864 0.3009 -0.9353
vn -0.2666 0.4553 -0.8495
vn -0.3362 0.4952 -0.8011
vn -0.3363 0.4359 -0.8348
vn -0.4255 0.4589 -0.7800
vn -0.4401 0.1947 -0.8766
vn -0.5151 0.1906 -0.8357
vn -0.1284 0.0512 -0.9904
vn -0.4434 0.4636 -0.7671
vn -0.5480 0.5371 -0.6412
vn -0.1223 0.2725 -0.9544
vn -0.4623 0.4351 -0.7726
vn -0.3249 0.2098 -0.9222
vn 0.0676 0.0647 -0.9956
vn -0.6575 0.2561 -0.7086
vn -0.6988 0.5055 -0.5061
vn -0.5458 -0.0760 -0.8344
vn -0.7564 0.4003 -0.5173
vn -0.8413 0.2129 -0.4968
vn -0.6397 -0.0826 -0.7642
vn -0.5573 -0.2263 -0.7989
vn -0.2216 0.4842 0.8464
vn -0.0816 0.6624 0.7447
vn -0.0929 0.8476 0.5225
vn -0.3843 0.6578 0.6478
vn -0.7341 -0.3015 0.6085
vn -0.4897 -0.1619 0.8567
vn -0.4759 -0.1341 0.8692
vn -0.6373 -0.1986 0.7446
vn -0.7912 0.3980 0.4643
vn -0.5006 0.3619 0.7864
vn -0.1105 -0.4516 0.8853
vn -0.1520 -0.4458 0.8821
vn -0.1478 -0.1319 0.9802
vn 0.0761 -0.2011 0.9766
vn -0.3584 -0.4575 0.8138
vn -0.0782 -0.0666 0.9947
vn -0.0000 -0.6823 0.7310
vn 0.0000 -0.4430 0.8965
vn -0.1452 -0.6376 0.7566
vn -0.1995 -0.1398 0.9699
vn -0.1925 0.3055 0.9325
vn -0.1587 0.2516 0.9547
vn -0.2477 0.4358 0.8653
vn -0.2978 0.4003 0.8666
vn -0.2803 0.3055 0.9100
vn -0.2956 0.5211 0.8007
vn -0.1535 -0.6102 0.7772
vn -0.3516 -0.5592 0.7508
vn -0.6008 -0.5183 0.6086
vn -0.5435 -0.5294 0.6514
vn 0.0000 -0.0620 0.9981
vn -0.8041 0.2920 0.5179
vn -0.5217 0.2714 0.8088
vn -0.4205 0.4901 0.7635
vn -0.6488 0.6160 0.4468
vn -0.3082 0.1602 0.9377
vn 0.0000 0.6612 0.7502
vn 0.0000 0.7729 0.6346
vn -0.4103 0.7451 0.5258
vn -0.2807 0.6220 0.7310
vn -0.2431 0.0740 0.9672
vn 0.0000 0.3477 0.9376
vn 0.0000 0.5618 0.8273
vn -0.8609 -0.3697 0.3496
vn -0.2007 0.9746 0.0991
vn -0.5926 0.7923 0.1456
vn -0.9067 -0.4190 0.0480
vn -0.8922 -0.4316 0.1331
vn -0.9249 0.3702 0.0869
vn -0.7560 0.6466 0.1019
vn -0.9771 0.2004 0.0710
vn -0.0000 0.9902 0.1394
vn -0.5601 0.8232 0.0933
vn -0.8293 -0.5231 0.1966
vn 0.3428 -0.4666 0.8153
vn -0.0000 -0.5474 0.8369
vn 0.4375 -0.2942 0.8497
vn 0.4375 -0.2943 0.8497
vn -0.8315 -0.4790 0.2813
vn 0.2216 0.4842 0.8464
vn 0.3843 0.6578 0.6478
vn 0.0929 0.8476 0.5225
vn 0.0816 0.6624 0.7447
vn 0.7341 -0.3015 0.6084
vn 0.6373 -0.1986 0.7446
vn 0.4759 -0.1341 0.8692
vn 0.4897 -0.1619 0.8568
vn 0.5006 0.3619 0.7864
vn 0.7912 0.3981 0.4643
vn 0.1105 -0.4517 0.8853
vn -0.0760 -0.2011 0.9766
vn 0.1478 -0.1319 0.9802
vn 0.1520 -0.4458 0.8821
vn 0.3584 -0.4575 0.8138
vn 0.0782 -0.0666 0.9947
vn 0.1452 -0.6376 0.7566
vn 0.1996 -0.1398 0.9699
vn 0.1925 0.3055 0.9325
vn 0.2978 0.4003 0.8666
vn 0.2477 0.4358 0.8653
vn 0.1587 0.2516 0.9547
vn 0.2956 0.5211 0.8007
vn 0.2803 0.3055 0.9100
vn 0.1535 -0.6103 0.7772
vn 0.3516 -0.5592 0.7508
vn 0.5435 -0.5294 0.6514
vn 0.6008 -0.5183 0.6086
vn 0.8041 0.2920 0.5179
vn 0.6487 0.6161 0.4468
vn 0.4205 0.4901 0.7635
vn 0.5217 0.2714 0.8088
vn 0.3082 0.1602 0.9377
vn 0.4103 0.7451 0.5258
vn 0.2807 0.6220 0.7310
vn 0.2431 0.0740 0.9672
vn 0.8609 -0.3697 0.3495
vn 0.5925 0.7923 0.1456
vn 0.2007 0.9746 0.0991
vn 0.8922 -0.4316 0.1331
vn 0.9067 -0.4190 0.0479
vn 0.7559 0.6466 0.1020
vn 0.9249 0.3702 0.0869
vn 0.9771 0.2004 0.0710
vn 0.5600 0.8232 0.0934
vn 0.8293 -0.5231 0.1966
vn -0.3428 -0.4666 0.8153
vn -0.4375 -0.2942 0.8497
vn 0.8315 -0.4790 0.2814
vn -0.0000 0.0859 0.9963
vn 0.0547 -0.1266 0.9905
vn -0.0546 -0.1266 0.9904
vn -0.7104 0.6974 0.0950
vn -0.9483 0.3153 0.0351
vn -0.9454 0.3098 0.1009
vn -0.7089 0.6910 0.1410
vn -0.6900 0.1222 0.7134
vn -0.7924 0.2788 0.5426
vn -0.7717 0.3784 0.5111
vn -0.6179 0.2719 0.7378
vn -0.4963 -0.0537 0.8665
vn -0.4108 0.2253 0.8835
vn -0.8659 0.3068 0.3950
vn -0.8936 0.4155 0.1698
vn -0.8464 0.5292 0.0591
vn -0.7337 0.4832 0.4778
vn -0.5312 0.3838 0.7553
vn -0.8821 0.3879 -0.2674
vn -0.8252 0.4828 -0.2930
vn -0.8258 0.4995 0.2619
vn -0.7676 0.6114 0.1922
vn -0.8987 0.3169 0.3033
vn -0.8955 0.2727 0.3518
vn -0.9807 0.1896 0.0482
vn -0.9860 0.1572 0.0555
vn -0.6924 0.6404 -0.3323
vn -0.6945 0.7167 -0.0636
vn -0.6207 0.6512 0.4366
vn -0.3849 0.5192 0.7631
vn -0.2198 0.6136 0.7584
vn -0.3972 0.4071 0.8225
vn -0.5531 0.3381 -0.7614
vn -0.5863 0.4104 -0.6985
vn -0.7359 0.3686 -0.5680
vn -0.7556 0.0214 -0.6546
vn -0.6334 0.0457 -0.7725
vn -0.6211 0.3498 -0.7013
vn -0.5583 0.5718 -0.6011
vn -0.5878 0.6136 -0.5273
vn -0.3814 0.2811 -0.8807
vn -0.3891 0.4913 -0.7793
vn -0.3298 0.2720 -0.9040
vn -0.3664 0.3397 -0.8663
vn -0.4017 0.3533 -0.8449
vn -0.2953 0.3441 -0.8913
vn -0.3945 0.0840 -0.9150
vn -0.4166 0.5543 -0.7205
vn -0.3624 0.3019 0.8818
vn -0.4623 -0.0008 0.8867
vn -0.2196 0.7007 0.6788
vn -0.3334 0.4692 0.8177
vn -0.7011 0.2349 0.6733
vn -0.5589 0.4589 0.6907
vn -0.7724 0.6220 -0.1286
vn -0.8288 0.5247 -0.1942
vn -0.8556 0.4217 0.3003
vn -0.5834 0.2743 0.7645
vn -0.6862 0.2982 0.6635
vn -0.4130 0.0897 0.9063
vn -0.5489 0.4966 -0.6724
vn -0.3270 0.4405 -0.8361
vn -0.3288 0.0283 0.9440
vn -0.1468 0.4966 0.8554
vn -0.1845 0.4276 0.8849
vn -0.3107 0.4846 0.8177
vn -0.3010 0.3044 0.9038
vn -0.8947 -0.0850 -0.4385
vn -0.9969 0.0253 0.0743
vn -0.8634 0.0848 0.4974
vn -0.6956 0.0847 0.7134
vn -0.4857 0.0651 0.8717
vn -0.6104 -0.0233 -0.7917
vn -0.4064 0.0510 -0.9123
vn -0.1624 -0.0326 0.9862
vn -0.8660 -0.2899 -0.4075
vn -0.9583 -0.2565 0.1263
vn -0.8857 -0.2293 0.4036
vn -0.7815 -0.2310 0.5796
vn -0.5481 -0.2601 0.7949
vn -0.5762 -0.2154 -0.7884
vn -0.3485 -0.1444 -0.9261
vn -0.1144 -0.3116 0.9433
vn -0.9534 0.0804 0.2906
vn -0.9426 0.0728 0.3258
vn -0.7488 0.5905 -0.3011
vn -0.9022 0.3397 -0.2658
vn -0.8350 0.5499 -0.0175
vn -0.9193 0.2972 0.2581
vn -0.9452 0.2553 0.2036
vn -0.9103 0.2403 -0.3372
vn -0.5227 0.3751 -0.7655
vn -0.2583 0.2211 -0.9404
vn -0.6940 0.2642 0.6698
vn -0.8449 0.4685 0.2584
vn -0.2449 0.7875 -0.5656
vn 0.0218 0.6183 -0.7856
vn -0.4130 0.3700 0.8322
vn -0.4678 0.3533 0.8101
vn -0.3048 0.3793 0.8736
vn -0.3527 0.3505 0.8676
vn -0.0330 0.7087 0.7048
vn -0.2983 0.3857 0.8731
vn -0.1130 0.3735 0.9207
vn 0.5592 0.2429 0.7927
vn -0.3887 0.1415 0.9105
vn -0.5191 0.2203 0.8259
vn -0.0897 -0.2122 0.9731
vn -0.4085 -0.3106 0.8583
vn -0.5935 -0.1699 0.7867
vn -0.1858 0.6901 0.6994
vn -0.3725 0.1955 0.9072
vn 0.0397 0.4136 0.9096
vn 0.0809 0.1910 0.9783
vn -0.1031 0.4775 0.8726
vn -0.0702 -0.1625 0.9842
vn 0.0739 -0.3118 0.9473
vn 0.4910 0.0556 0.8694
vn -0.1826 0.2558 0.9493
vn -0.2088 -0.0104 0.9779
vn -0.2167 -0.0327 0.9757
vn -0.0468 0.1721 0.9840
vn -0.3038 0.3469 0.8873
vn -0.1389 -0.0013 0.9903
vn 0.2362 -0.0129 0.9716
vn 0.1886 -0.1072 0.9762
vn 0.7328 0.6738 0.0950
vn 0.7312 0.6675 0.1409
vn 0.9550 0.2788 0.1008
vn 0.9581 0.2842 0.0352
vn 0.6938 0.0996 0.7133
vn 0.6266 0.2516 0.7376
vn 0.7837 0.3529 0.5111
vn 0.8011 0.2528 0.5425
vn 0.4946 -0.0699 0.8663
vn 0.4182 0.2118 0.8833
vn 0.9067 0.3861 0.1698
vn 0.8755 0.2784 0.3949
vn 0.7491 0.4589 0.4777
vn 0.8633 0.5013 0.0592
vn 0.5437 0.3662 0.7552
vn 0.8405 0.4557 -0.2931
vn 0.8942 0.3589 -0.2674
vn 0.8417 0.4723 0.2619
vn 0.9039 0.2433 0.3517
vn 0.9086 0.2874 0.3032
vn 0.7872 0.5860 0.1922
vn 0.9906 0.1250 0.0554
vn 0.9863 0.1575 0.0482
vn 0.7175 0.6936 -0.0636
vn 0.7129 0.6175 -0.3324
vn 0.6417 0.6306 0.4366
vn 0.4019 0.5063 0.7630
vn 0.4106 0.3939 0.8224
vn 0.2399 0.6061 0.7584
vn 0.5992 0.3911 -0.6986
vn 0.5637 0.3199 -0.7616
vn 0.7475 0.3444 -0.5680
vn 0.6321 0.3293 -0.7014
vn 0.6344 0.0249 -0.7726
vn 0.7558 -0.0033 -0.6547
vn 0.5765 0.5533 -0.6012
vn 0.6074 0.5941 -0.5273
vn 0.4047 0.4783 -0.7794
vn 0.3901 0.2684 -0.8808
vn 0.3770 0.3276 -0.8664
vn 0.3382 0.2611 -0.9041
vn 0.3060 0.3343 -0.8914
vn 0.4128 0.3400 -0.8450
vn 0.3968 0.0710 -0.9151
vn 0.4343 0.5405 -0.7206
vn 0.4624 -0.0159 0.8866
vn 0.3724 0.2899 0.8816
vn 0.3488 0.4580 0.8177
vn 0.2426 0.6931 0.6788
vn 0.7085 0.2118 0.6731
vn 0.5738 0.4403 0.6906
vn 0.7923 0.5964 -0.1286
vn 0.8689 0.3935 0.3003
vn 0.8455 0.4974 -0.1942
vn 0.5923 0.2551 0.7643
vn 0.6957 0.2756 0.6633
vn 0.4160 0.0761 0.9062
vn 0.5646 0.4785 -0.6725
vn 0.3410 0.4297 -0.8361
vn 0.1987 0.4213 0.8849
vn 0.1636 0.4912 0.8556
vn 0.3300 0.0175 0.9438
vn 0.3267 0.4741 0.8176
vn 0.3111 0.2944 0.9036
vn 0.9972 -0.0072 0.0742
vn 0.8914 -0.1142 -0.4386
vn 0.8657 0.0566 0.4973
vn 0.6981 0.0619 0.7133
vn 0.4878 0.0492 0.8716
vn 0.6091 -0.0433 -0.7919
vn 0.4075 0.0377 -0.9124
vn 0.1615 -0.0379 0.9861
vn 0.9494 -0.2876 0.1263
vn 0.8560 -0.3181 -0.4076
vn 0.8778 -0.2580 0.4036
vn 0.7736 -0.2563 0.5795
vn 0.5395 -0.2778 0.7948
vn 0.5686 -0.2342 -0.7885
vn 0.3433 -0.1557 -0.9262
vn 0.1044 -0.3152 0.9433
vn 0.9445 0.0420 0.3258
vn 0.9556 0.0493 0.2906
vn 0.7676 0.5657 -0.3011
vn 0.9128 0.3101 -0.2658
vn 0.8526 0.5223 -0.0175
vn 0.9530 0.2242 0.2036
vn 0.9285 0.2670 0.2581
vn 0.9176 0.2104 -0.3372
vn 0.5346 0.3579 -0.7656
vn 0.2652 0.2125 -0.9405
vn 0.7024 0.2414 0.6696
vn 0.8597 0.4406 0.2583
vn 0.2703 0.7791 -0.5656
vn -0.0018 0.6187 -0.7856
vn 0.4252 0.3563 0.8320
vn 0.3173 0.3691 0.8735
vn 0.4794 0.3377 0.8100
vn 0.3643 0.3387 0.8675
vn 0.0563 0.7072 0.7048
vn -0.5508 0.2610 0.7928
vn 0.1254 0.3695 0.9207
vn 0.3111 0.3757 0.8730
vn 0.3933 0.1287 0.9103
vn 0.5262 0.2032 0.8257
vn 0.0831 -0.2150 0.9731
vn 0.3984 -0.3238 0.8582
vn 0.5878 -0.1892 0.7866
vn 0.3790 0.1832 0.9071
vn 0.2085 0.6837 0.6994
vn -0.0258 0.4146 0.9096
vn -0.0742 0.1935 0.9783
vn 0.1189 0.4738 0.8726
vn 0.0651 -0.1648 0.9842
vn -0.0838 -0.3093 0.9473
vn -0.4895 0.0711 0.8691
vn 0.2088 -0.0172 0.9778
vn 0.1912 0.2496 0.9493
vn 0.0528 0.1705 0.9839
vn 0.2159 -0.0398 0.9756
vn 0.3153 0.3367 0.8872
vn 0.1392 -0.0059 0.9902
vn -0.1916 -0.1011 0.9763
vn -0.2366 -0.0058 0.9716
vn -0.5821 0.0342 0.8124
vn -0.4408 0.0185 0.8974
vn -0.1436 0.2375 0.9607
vn -0.1300 0.3557 0.9255
vn -0.2924 -0.0118 0.9562
vn -0.0596 0.1829 0.9813
vn -0.1724 -0.0635 0.9830
vn 0.0244 0.1487 0.9886
vn 0.1626 -0.0908 0.9825
vn 0.2931 0.0667 0.9538
vn -0.4996 0.6316 0.5929
vn -0.4409 0.3742 0.8158
vn -0.5569 0.3015 0.7739
vn -0.8340 0.3518 0.4250
vn -0.1354 0.2595 0.9562
vn -0.0570 0.2143 0.9751
vn -0.1217 0.1611 0.9794
vn -0.2286 0.2007 0.9526
vn 0.0520 0.1659 0.9848
vn -0.0065 0.1220 0.9925
vn 0.3021 0.0724 0.9505
vn 0.0564 0.1004 0.9933
vn -0.6145 0.2952 0.7316
vn -0.8363 0.3064 0.4547
vn -0.1101 0.2038 0.9728
vn -0.2742 0.2359 0.9323
vn 0.0214 0.1857 0.9824
vn 0.0870 0.1777 0.9802
vn -0.6332 0.2872 0.7187
vn -0.8384 0.2847 0.4649
vn -0.1003 0.2223 0.9698
vn -0.2884 0.2482 0.9248
vn 0.0452 0.2120 0.9762
vn 0.1228 0.2096 0.9700
vn -0.3992 0.5694 0.7186
vn -0.7756 0.2196 0.5918
vn -0.4325 0.7771 0.4573
vn -0.9148 0.1877 0.3577
vn -0.3815 -0.5840 0.7166
vn 0.3924 -0.3448 0.8527
vn -0.5633 -0.5779 0.5905
vn -0.7751 -0.3839 0.5018
vn -0.8866 -0.2542 0.3865
vn -0.6868 -0.4801 0.5458
vn -0.7604 -0.3237 0.5630
vn -0.8792 -0.1127 0.4629
vn -0.8723 -0.0110 0.4889
vn -0.6565 -0.0966 0.7482
vn -0.5645 -0.1611 0.8095
vn -0.5557 -0.2188 0.8021
vn -0.4325 -0.3130 0.8455
vn 0.5821 0.0346 0.8124
vn 0.1298 0.3559 0.9255
vn 0.1435 0.2377 0.9607
vn 0.4408 0.0189 0.8974
vn 0.0595 0.1831 0.9813
vn 0.2924 -0.0114 0.9562
vn -0.0245 0.1489 0.9886
vn 0.1724 -0.0632 0.9830
vn -0.2931 0.0668 0.9537
vn -0.1607 -0.0903 0.9829
vn 0.4992 0.6319 0.5929
vn 0.8338 0.3523 0.4250
vn 0.5568 0.3018 0.7739
vn 0.4406 0.3746 0.8158
vn 0.1353 0.2597 0.9562
vn 0.2285 0.2010 0.9526
vn 0.1217 0.1613 0.9794
vn 0.0569 0.2145 0.9751
vn 0.0064 0.1221 0.9925
vn -0.0521 0.1661 0.9847
vn -0.0564 0.1006 0.9933
vn -0.3021 0.0724 0.9505
vn 0.8361 0.3069 0.4547
vn 0.6143 0.2956 0.7316
vn 0.2741 0.2361 0.9323
vn 0.1100 0.2039 0.9728
vn -0.0215 0.1858 0.9824
vn -0.0871 0.1777 0.9802
vn 0.8382 0.2851 0.4649
vn 0.6331 0.2875 0.7187
vn 0.2883 0.2484 0.9248
vn 0.1001 0.2224 0.9698
vn -0.0453 0.2121 0.9762
vn -0.1229 0.2097 0.9700
vn 0.7755 0.2200 0.5918
vn 0.3988 0.5697 0.7186
vn 0.4322 0.7773 0.4573
vn 0.9147 0.1883 0.3577
vn 0.3818 -0.5837 0.7166
vn -0.3922 -0.3448 0.8528
vn 0.5636 -0.5776 0.5906
vn 0.7753 -0.3834 0.5018
vn 0.8867 -0.2537 0.3865
vn 0.6871 -0.4796 0.5458
vn 0.7606 -0.3233 0.5630
vn 0.8793 -0.1121 0.4629
vn 0.8723 -0.0104 0.4889
vn 0.6565 -0.0961 0.7482
vn 0.5646 -0.1606 0.8096
vn 0.5558 -0.2184 0.8021
vn 0.4327 -0.3126 0.8456
vn -0.4717 -0.0732 0.8787
vn -0.1813 -0.0185 0.9833
vn -0.2295 0.0354 0.9727
vn -0.5067 -0.0161 0.8620
vn -0.0177 -0.0156 0.9997
vn 0.0000 -0.0413 0.9991
vn 0.0000 -0.0022 1.0000
vn -0.0000 0.1787 0.9839
vn -0.2308 0.1504 0.9613
vn -0.2164 0.2051 0.9545
vn -0.0106 0.3169 0.9484
vn -0.3043 0.3656 0.8796
vn -0.2439 0.3523 0.9035
vn -0.2344 0.3946 0.8885
vn -0.3007 0.3890 0.8708
vn -0.0118 0.4107 0.9117
vn -0.3459 0.2007 0.9166
vn -0.3441 0.2365 0.9087
vn 0.0454 0.0600 0.9972
vn -0.5283 -0.0396 0.8481
vn -0.5437 -0.1833 0.8190
vn -0.3929 -0.1613 0.9053
vn -0.2357 -0.0410 0.9710
vn 0.0766 0.0234 0.9968
vn -0.4861 0.0110 0.8739
vn -0.5234 -0.0014 0.8521
vn -0.1750 0.0142 0.9845
vn -0.0000 0.0129 0.9999
vn -0.7169 -0.1758 0.6746
vn -0.6274 -0.3168 0.7113
vn -0.4084 -0.2944 0.8640
vn 0.4146 -0.0920 0.9053
vn -0.7398 -0.1266 0.6608
vn 0.2057 -0.0689 0.9762
vn 0.0000 -0.0923 0.9957
vn -0.4312 0.0622 0.9001
vn -0.3595 0.1064 0.9271
vn -0.5024 0.1299 0.8548
vn -0.5135 0.0460 0.8569
vn -0.4507 0.3603 0.8167
vn -0.4402 0.2940 0.8484
vn -0.4325 0.1593 0.8874
vn -0.4956 0.1540 0.8548
vn -0.3904 0.0683 0.9181
vn -0.6874 0.2776 0.6711
vn -0.6766 0.1586 0.7191
vn -0.6832 -0.0225 0.7299
vn 0.4717 -0.0732 0.8787
vn 0.5067 -0.0161 0.8620
vn 0.2295 0.0354 0.9727
vn 0.1813 -0.0185 0.9833
vn 0.0177 -0.0156 0.9997
vn 0.2308 0.1504 0.9613
vn 0.2124 0.1872 0.9591
vn 0.3260 0.3653 0.8719
vn 0.3177 0.3958 0.8616
vn 0.2317 0.4054 0.8843
vn 0.2439 0.3523 0.9035
vn 0.4084 0.2201 0.8859
vn 0.4061 0.1595 0.8998
vn -0.0454 0.0600 0.9972
vn 0.5437 -0.1833 0.8190
vn 0.5283 -0.0396 0.8481
vn 0.2349 -0.0407 0.9712
vn 0.3929 -0.1613 0.9053
vn -0.0766 0.0234 0.9968
vn 0.4861 0.0110 0.8739
vn 0.5234 -0.0014 0.8521
vn 0.1750 0.0142 0.9845
vn 0.6274 -0.3168 0.7113
vn 0.7169 -0.1758 0.6746
vn 0.4084 -0.2944 0.8640
vn -0.4146 -0.0920 0.9053
vn 0.7398 -0.1266 0.6608
vn -0.2056 -0.0689 0.9762
vn 0.4312 0.0622 0.9001
vn 0.5135 0.0460 0.8569
vn 0.5024 0.1299 0.8548
vn 0.3595 0.1064 0.9271
vn 0.4507 0.3603 0.8167
vn 0.4402 0.2940 0.8484
vn 0.4325 0.1593 0.8874
vn 0.4956 0.1540 0.8548
vn 0.3904 0.0683 0.9181
vn 0.6875 0.2775 0.6711
vn 0.6767 0.1586 0.7190
vn 0.6832 -0.0225 0.7299
vn -0.5255 0.0800 0.8470
vn 0.5255 0.0800 0.8470
vn -0.6626 0.1401 0.7357
vn -0.5470 0.1161 0.8290
vn -0.4233 0.5358 0.7306
vn -0.5485 0.5158 0.6581
vn -0.4097 0.0560 0.9105
vn -0.3330 0.5358 0.7759
vn -0.2688 -0.2155 0.9388
vn -0.4899 0.1160 0.8640
vn -0.3659 0.1917 0.9107
vn -0.2172 -0.1176 0.9690
vn -0.2892 0.2664 0.9194
vn -0.2000 -0.0070 0.9798
vn -0.0099 0.2233 0.9747
vn -0.0259 0.0519 0.9983
vn -0.4608 0.0300 0.8870
vn -0.5271 0.2185 0.8212
vn -0.0004 0.5385 0.8426
vn -0.0002 0.3186 0.9479
vn -0.5340 0.1229 0.8365
vn -0.5205 -0.0061 0.8539
vn -0.0006 0.1991 0.9800
vn -0.2604 0.3845 0.8856
vn -0.5161 0.4393 0.7353
vn -0.3463 0.3611 0.8658
vn -0.3234 0.3147 0.8924
vn -0.3107 0.3356 0.8893
vn -0.1090 0.2103 0.9715
vn -0.2111 0.2772 0.9373
vn -0.2042 0.2879 0.9356
vn -0.1093 0.2171 0.9700
vn -0.3699 0.2472 0.8956
vn -0.0186 0.2382 0.9710
vn -0.7808 0.2812 0.5579
vn -0.5928 0.2186 0.7751
vn -0.3587 0.0916 0.9289
vn -0.2010 0.0402 0.9788
vn -0.4313 0.0727 0.8993
vn -0.0197 0.0678 0.9975
vn -0.5101 0.1594 0.8452
vn -0.0001 0.0555 0.9985
vn 0.6650 0.1533 0.7309
vn 0.5406 0.5324 0.6514
vn 0.4187 0.5472 0.7248
vn 0.5488 0.1247 0.8266
vn 0.3364 0.5433 0.7692
vn 0.3549 0.0806 0.9314
vn 0.2696 -0.2122 0.9393
vn 0.2176 -0.1142 0.9693
vn 0.3653 0.1987 0.9094
vn 0.4893 0.1257 0.8630
vn 0.2007 -0.0035 0.9796
vn 0.2913 0.2713 0.9174
vn 0.4582 0.0297 0.8883
vn 0.5212 0.2186 0.8249
vn 0.5204 0.1348 0.8432
vn 0.5155 -0.0011 0.8569
vn 0.2304 0.4034 0.8855
vn 0.2702 0.4007 0.8755
vn 0.4322 0.4789 0.7641
vn 0.2998 0.3294 0.8953
vn 0.2405 0.3710 0.8969
vn 0.0849 0.2156 0.9728
vn 0.0691 0.2427 0.9676
vn 0.1437 0.3157 0.9379
vn 0.1876 0.2861 0.9397
vn 0.3353 0.2580 0.9061
vn 0.5159 0.2739 0.8117
vn 0.7189 0.3345 0.6093
vn 0.1601 0.0728 0.9844
vn 0.2957 0.1310 0.9463
vn 0.4002 0.0832 0.9127
vn 0.4408 0.2091 0.8729
vn -0.8762 0.0794 0.4753
vn -0.6557 -0.0745 0.7514
vn -0.3424 0.1679 0.9244
vn -0.6844 0.2808 0.6728
vn -0.8291 0.0011 0.5591
vn -0.9240 -0.0153 0.3821
vn -0.8904 -0.1437 0.4319
vn -0.8148 -0.0307 0.5790
vn -0.9647 -0.1479 0.2178
vn -0.9545 -0.2499 0.1628
vn -0.9333 -0.2089 0.2921
vn -0.8720 -0.2479 0.4222
vn -0.9431 -0.1452 0.2990
vn -0.9769 -0.1785 -0.1178
vn -0.9269 -0.0486 0.3723
vn -0.8053 0.1951 0.5598
vn -0.9833 -0.1742 -0.0524
vn -0.9880 -0.0788 0.1328
vn -0.8393 0.3354 0.4279
vn -0.5666 0.2479 0.7858
vn -0.6661 0.3731 0.6459
vn -0.9926 -0.1197 0.0208
vn -0.9674 -0.1843 0.1737
vn -0.9687 0.0191 0.2476
vn -0.9340 0.2100 0.2892
vn -0.9759 -0.1349 -0.1718
vn -0.9627 -0.2657 -0.0510
vn -0.5638 -0.0602 0.8237
vn -0.6282 0.0501 0.7765
vn -0.5457 0.1451 0.8254
vn -0.2745 0.2765 0.9210
vn -0.7084 0.2980 0.6399
vn -0.8063 -0.5337 0.2553
vn -0.8568 -0.2269 0.4630
vn -0.7007 0.1395 0.6997
vn -0.3133 -0.2785 0.9079
vn -0.2640 0.0886 0.9604
vn -0.2905 -0.0871 0.9529
vn -0.3039 -0.7513 0.5858
vn -0.2622 0.0535 0.9635
vn -0.5970 0.8014 0.0372
vn 0.1032 0.9694 0.2228
vn -0.7270 -0.2385 0.6439
vn -0.9848 0.1597 -0.0686
vn -0.5681 0.7425 -0.3549
vn -0.8848 -0.3786 0.2716
vn -0.3159 -0.3960 0.8622
vn -0.3051 -0.7149 0.6292
vn -0.9741 0.2051 -0.0950
vn -0.5173 0.6755 -0.5254
vn -0.8951 -0.2527 0.3673
vn -0.3169 -0.5349 0.7832
vn -0.9607 0.2489 -0.1231
vn -0.4556 0.6011 -0.6566
vn -0.8810 -0.1349 0.4536
vn -0.3109 -0.3397 0.8877
vn -0.2189 0.2790 0.9350
vn -0.9630 -0.2688 0.0208
vn -0.9692 -0.2143 0.1210
vn -0.9430 0.1052 0.3158
vn -0.9898 -0.1084 0.0929
vn -0.8351 0.1586 0.5268
vn -0.2682 0.0424 0.9624
vn -0.2429 0.1773 0.9537
vn -0.6446 0.1961 0.7389
vn -0.2616 0.0600 0.9633
vn 0.2389 0.9305 -0.2777
vn 0.2863 0.8106 -0.5108
vn 0.3075 0.6849 -0.6605
vn -0.2846 -0.0896 0.9544
vn -0.7841 -0.1976 0.5883
vn -0.3085 -0.2052 0.9288
vn 0.4881 -0.1103 0.8658
vn 0.2927 0.1402 0.9459
vn -0.1472 0.1425 0.9788
vn 0.1152 -0.1798 0.9769
vn 0.3879 -0.1849 0.9029
vn 0.3631 -0.1978 0.9105
vn 0.4736 -0.3314 0.8160
vn 0.5568 -0.2330 0.7973
vn 0.6456 -0.3620 0.6724
vn 0.4344 -0.4203 0.7966
vn 0.5578 -0.4017 0.7263
vn 0.6383 -0.4458 0.6276
vn 0.8136 -0.4223 0.3996
vn 0.5724 -0.3358 0.7481
vn 0.4248 0.0166 0.9051
vn 0.5578 -0.2535 0.7903
vn 0.7188 -0.3059 0.6242
vn 0.7844 -0.4166 0.4595
vn 0.5556 0.1314 0.8210
vn 0.3206 0.2266 0.9197
vn 0.1321 0.1479 0.9801
vn 0.7657 -0.3656 0.5292
vn 0.6617 -0.2046 0.7213
vn 0.6571 -0.4038 0.6365
vn 0.6679 -0.0178 0.7440
vn 0.7389 -0.5080 0.4426
vn 0.8504 -0.3905 0.3525
vn 0.1232 -0.0663 0.9902
vn 0.0201 -0.1459 0.9891
vn 0.0648 0.0548 0.9964
vn -0.1627 0.2598 0.9518
vn 0.3298 0.1453 0.9328
vn 0.3570 -0.7109 0.6060
vn 0.3816 -0.4017 0.8324
vn 0.2409 0.0080 0.9705
vn 0.6911 0.5940 0.4118
vn 0.1792 -0.3682 0.9123
vn 0.8513 0.5202 0.0688
vn 0.8717 -0.1100 0.4775
vn 0.4585 -0.5789 0.6743
vn 0.8821 0.4596 -0.1033
vn 0.8873 -0.0681 0.4562
vn 0.4519 -0.4507 0.7698
vn 0.8820 0.3979 -0.2524
vn 0.9021 -0.0274 0.4307
vn 0.4302 -0.3270 0.8414
vn 0.6737 -0.4252 0.6045
vn 0.7194 -0.4780 0.5040
vn 0.7450 -0.3385 0.5748
vn 0.6403 -0.1270 0.7575
vn 0.4522 -0.0393 0.8910
vn 0.1975 0.0658 0.9781
vn 0.2584 -0.3457 0.9021
vn 0.0359 0.8975 0.4395
vn -0.9584 -0.2504 0.1370
vn -0.9494 -0.2814 -0.1392
vn 0.6330 -0.4747 0.6115
vn 0.7712 -0.5248 0.3604
vn -0.3242 -0.4166 0.8493
vn 0.8764 0.0795 0.4749
vn 0.6848 0.2810 0.6724
vn 0.3435 0.1684 0.9239
vn 0.6561 -0.0744 0.7510
vn 0.8293 0.0012 0.5588
vn 0.8151 -0.0306 0.5786
vn 0.8905 -0.1437 0.4316
vn 0.9241 -0.0152 0.3818
vn 0.9648 -0.1479 0.2176
vn 0.8721 -0.2480 0.4218
vn 0.9334 -0.2089 0.2918
vn 0.9545 -0.2499 0.1627
vn 0.9769 -0.1785 -0.1178
vn 0.9432 -0.1452 0.2988
vn 0.8056 0.1952 0.5594
vn 0.9270 -0.0485 0.3719
vn 0.9880 -0.0788 0.1327
vn 0.9833 -0.1742 -0.0524
vn 0.8394 0.3355 0.4275
vn 0.6664 0.3733 0.6455
vn 0.5670 0.2482 0.7854
vn 0.9926 -0.1197 0.0208
vn 0.9687 0.0192 0.2473
vn 0.9674 -0.1843 0.1735
vn 0.9340 0.2100 0.2889
vn 0.9627 -0.2657 -0.0510
vn 0.9759 -0.1349 -0.1717
vn 0.6286 0.0502 0.7761
vn 0.5642 -0.0602 0.8234
vn 0.5461 0.1453 0.8250
vn 0.2747 0.2769 0.9208
vn 0.7087 0.2982 0.6394
vn 0.8064 -0.5337 0.2549
vn 0.8571 -0.2269 0.4625
vn 0.7011 0.1397 0.6992
vn 0.3137 -0.2787 0.9077
vn 0.2643 0.0888 0.9603
vn 0.2909 -0.0870 0.9528
vn 0.3041 -0.7517 0.5852
vn 0.2625 0.0536 0.9634
vn -0.1031 0.9694 0.2227
vn 0.5970 0.8014 0.0374
vn 0.7274 -0.2386 0.6434
vn 0.5682 0.7426 -0.3544
vn 0.9848 0.1597 -0.0685
vn 0.8849 -0.3786 0.2712
vn 0.3163 -0.3963 0.8619
vn 0.3053 -0.7153 0.6286
vn 0.5176 0.6758 -0.5248
vn 0.9741 0.2051 -0.0948
vn 0.8953 -0.2527 0.3668
vn 0.3172 -0.5354 0.7828
vn 0.4560 0.6014 -0.6560
vn 0.9607 0.2488 -0.1229
vn 0.8813 -0.1349 0.4530
vn 0.3115 -0.3400 0.8873
vn 0.2191 0.2794 0.9348
vn 0.9693 -0.2143 0.1209
vn 0.9630 -0.2688 0.0207
vn 0.9898 -0.1083 0.0928
vn 0.9430 0.1052 0.3156
vn 0.8353 0.1587 0.5264
vn 0.2678 0.0425 0.9625
vn 0.6450 0.1963 0.7386
vn 0.2432 0.1776 0.9536
vn 0.2619 0.0602 0.9632
vn -0.2390 0.9306 -0.2771
vn -0.2864 0.8110 -0.5102
vn -0.3077 0.6854 -0.6599
vn 0.2849 -0.0896 0.9543
vn 0.7845 -0.1976 0.5879
vn 0.3089 -0.2053 0.9287
vn -0.4885 -0.1104 0.8655
vn -0.1153 -0.1799 0.9769
vn 0.1474 0.1428 0.9787
vn -0.2931 0.1404 0.9457
vn -0.3883 -0.1850 0.9028
vn -0.5573 -0.2331 0.7970
vn -0.4740 -0.3316 0.8157
vn -0.3635 -0.1979 0.9104
vn -0.6459 -0.3622 0.6720
vn -0.6386 -0.4459 0.6272
vn -0.5581 -0.4019 0.7259
vn -0.4348 -0.4206 0.7963
vn -0.5727 -0.3359 0.7478
vn -0.8138 -0.4224 0.3992
vn -0.5583 -0.2536 0.7899
vn -0.4252 0.0167 0.9049
vn -0.7847 -0.4166 0.4591
vn -0.7192 -0.3060 0.6238
vn -0.5560 0.1316 0.8207
vn -0.1323 0.1482 0.9801
vn -0.3210 0.2270 0.9195
vn -0.7660 -0.3657 0.5287
vn -0.6575 -0.4040 0.6360
vn -0.6622 -0.2046 0.7209
vn -0.6684 -0.0177 0.7436
vn -0.8506 -0.3905 0.3521
vn -0.7392 -0.5081 0.4421
vn -0.0201 -0.1459 0.9891
vn -0.1233 -0.0662 0.9902
vn -0.0649 0.0550 0.9964
vn 0.1629 0.2603 0.9517
vn -0.3301 0.1456 0.9326
vn -0.3573 -0.7112 0.6055
vn -0.3820 -0.4020 0.8321
vn -0.2412 0.0082 0.9704
vn -0.6912 0.5940 0.4115
vn -0.1795 -0.3686 0.9121
vn -0.8720 -0.1099 0.4770
vn -0.8513 0.5202 0.0689
vn -0.4589 -0.5792 0.6737
vn -0.8876 -0.0681 0.4556
vn -0.8821 0.4596 -0.1030
vn -0.4524 -0.4510 0.7694
vn -0.9024 -0.0274 0.4301
vn -0.8822 0.3979 -0.2520
vn -0.4308 -0.3272 0.8410
vn -0.7196 -0.4781 0.5036
vn -0.6740 -0.4253 0.6041
vn -0.6407 -0.1270 0.7572
vn -0.7453 -0.3385 0.5744
vn -0.4527 -0.0392 0.8908
vn -0.1977 0.0660 0.9780
vn -0.2586 -0.3460 0.9019
vn -0.0360 0.8977 0.4391
vn 0.9584 -0.2504 0.1368
vn 0.9495 -0.2814 -0.1391
vn -0.6334 -0.4749 0.6110
vn -0.7713 -0.5249 0.3599
vn 0.3245 -0.4169 0.8490
vn -0.9057 0.0984 0.4124
vn -0.8733 0.2379 0.4252
vn -0.9104 0.3447 -0.2288
vn -0.9504 0.1752 -0.2569
vn -0.5673 0.3595 -0.7409
vn -0.5699 0.1358 -0.8104
vn 0.0852 0.2454 -0.9657
vn 0.0902 0.0034 -0.9959
vn 0.7751 0.1980 -0.6000
vn 0.7352 -0.1201 -0.6672
vn 0.4058 0.0806 0.9104
vn 0.3441 -0.1676 0.9238
vn 0.8329 -0.1954 0.5177
vn 0.8469 0.0412 0.5302
vn 0.9789 -0.1599 -0.1269
vn 0.9884 0.1212 -0.0920
vn -0.9582 -0.0919 -0.2711
vn -0.9180 -0.1757 0.3556
vn -0.5585 -0.1578 -0.8143
vn 0.0888 -0.2675 -0.9595
vn 0.6835 -0.3635 -0.6330
vn 0.3031 -0.3757 0.8758
vn 0.7691 -0.4623 0.4413
vn 0.9071 -0.4048 -0.1151
vn -0.5702 0.0010 0.8215
vn -0.5230 0.1493 0.8392
vn -0.5811 -0.2601 0.7711
vn -0.1454 0.9577 0.2485
vn -0.1508 0.9886 0.0026
vn -0.0306 0.9922 -0.1210
vn 0.1444 0.9846 -0.0983
vn 0.3387 0.9398 -0.0463
vn 0.3504 0.9088 0.2263
vn 0.2831 0.8937 0.3481
vn 0.4300 0.9016 0.0466
vn -0.0929 0.9162 0.3898
vn -0.4175 -0.8987 -0.1342
vn -0.3862 -0.9221 -0.0256
vn -0.2760 -0.9265 -0.2559
vn -0.0764 -0.9353 -0.3455
vn 0.1024 -0.9740 -0.2019
vn -0.0152 -0.9853 0.1701
vn 0.1285 -0.9915 0.0222
vn 0.1879 -0.9806 -0.0559
vn -0.2364 -0.9565 0.1708
vn -0.1052 -0.0920 0.9902
vn -0.0420 0.1744 0.9838
vn -0.1190 -0.3617 0.9247
vn 0.1427 0.9127 0.3829
vn -0.1290 -0.9667 0.2211
vn 0.9057 0.0984 0.4124
vn 0.9504 0.1752 -0.2569
vn 0.9115 0.3440 -0.2256
vn 0.8733 0.2379 0.4252
vn 0.5699 0.1358 -0.8104
vn 0.5673 0.3595 -0.7409
vn -0.0902 0.0034 -0.9959
vn -0.0851 0.2455 -0.9657
vn -0.7352 -0.1201 -0.6672
vn -0.7751 0.1980 -0.6000
vn -0.4058 0.0805 0.9104
vn -0.8469 0.0412 0.5302
vn -0.8329 -0.1954 0.5177
vn -0.3441 -0.1676 0.9238
vn -0.9885 0.1208 -0.0907
vn -0.9789 -0.1599 -0.1269
vn 0.9180 -0.1757 0.3556
vn 0.9582 -0.0919 -0.2711
vn 0.5585 -0.1578 -0.8143
vn -0.0888 -0.2675 -0.9595
vn -0.6841 -0.3636 -0.6323
vn -0.7691 -0.4623 0.4413
vn -0.3031 -0.3757 0.8758
vn -0.9071 -0.4048 -0.1151
vn 0.5229 0.1493 0.8392
vn 0.5702 0.0010 0.8215
vn 0.5811 -0.2601 0.7711
vn 0.1509 0.9886 0.0027
vn 0.1454 0.9577 0.2485
vn 0.0307 0.9922 -0.1210
vn -0.1441 0.9847 -0.0984
vn -0.3387 0.9398 -0.0463
vn -0.2830 0.8937 0.3481
vn -0.3504 0.9088 0.2263
vn -0.4300 0.9016 0.0467
vn 0.0929 0.9162 0.3898
vn 0.3862 -0.9221 -0.0256
vn 0.4176 -0.8987 -0.1340
vn 0.2760 -0.9265 -0.2559
vn 0.0764 -0.9353 -0.3455
vn -0.1025 -0.9740 -0.2018
vn -0.1285 -0.9915 0.0222
vn 0.0153 -0.9853 0.1701
vn -0.1880 -0.9806 -0.0559
vn 0.2363 -0.9565 0.1708
vn 0.0421 0.1744 0.9838
vn 0.1052 -0.0920 0.9902
vn 0.1190 -0.3617 0.9247
vn -0.1427 0.9127 0.3829
vn 0.1290 -0.9667 0.2211
vn -0.8099 0.1033 0.5774
vn -0.7554 0.1275 0.6427
vn -0.9335 0.2330 0.2726
vn -0.9895 0.1436 0.0182
vn -0.4396 -0.0468 0.8970
vn -0.4386 0.0517 0.8972
vn -0.6762 -0.0971 -0.7303
vn -0.8962 0.0749 -0.4374
vn -0.9067 0.0578 -0.4178
vn -0.7431 0.0675 -0.6658
vn -0.9796 0.0827 -0.1834
vn -0.9357 0.1090 -0.3354
vn -0.6942 0.2865 0.6603
vn 0.1308 0.0632 0.9894
vn 0.0014 0.7710 0.6369
vn -0.5307 -0.0922 -0.8426
vn -0.2878 0.4553 -0.8425
vn 0.0954 -0.2861 -0.9534
vn -0.8963 0.2323 -0.3777
vn -0.6600 0.7465 0.0839
vn -0.8971 0.3479 0.2723
vn -0.6447 0.6886 -0.3320
vn -0.5298 0.8359 -0.1435
vn -0.6413 0.6088 0.4669
vn -0.7417 0.3940 -0.5428
vn 0.4049 -0.8018 -0.4396
vn 0.1135 -0.4034 0.9080
vn -0.7908 0.1097 0.6022
vn -0.7385 0.1199 0.6635
vn -0.9195 0.2166 0.3280
vn -0.9861 0.1448 0.0819
vn -0.4058 -0.0655 0.9116
vn -0.4174 0.0379 0.9079
vn -0.6650 -0.1303 -0.7354
vn -0.8818 0.0393 -0.4700
vn -0.9158 0.0408 -0.3995
vn -0.7554 0.0340 -0.6544
vn -0.9889 0.0914 -0.1172
vn -0.9561 0.1015 -0.2750
vn -0.6812 0.2585 0.6850
vn 0.4195 -0.0429 0.9067
vn 0.0016 0.7542 0.6566
vn -0.5469 -0.1151 -0.8293
vn -0.2880 0.4636 -0.8380
vn -0.1131 -0.2229 -0.9683
vn -0.9236 0.2182 -0.3152
vn -0.6739 0.7226 0.1539
vn -0.8883 0.3184 0.3310
vn -0.6729 0.6890 -0.2692
vn -0.5517 0.8301 -0.0814
vn -0.6388 0.5714 0.5152
vn -0.7782 0.3904 -0.4918
vn -0.0269 -0.6038 -0.7967
vn 0.5455 -0.6039 0.5811
vn -0.6517 0.0567 0.7563
vn -0.6562 0.0022 0.7546
vn -0.9115 0.1522 0.3821
vn -0.9848 0.0222 0.1723
vn -0.1920 -0.0546 0.9799
vn -0.2518 -0.1084 0.9617
vn -0.6054 -0.1036 -0.7892
vn -0.8861 0.0980 -0.4529
vn -0.9249 -0.0314 -0.3789
vn -0.7547 -0.0112 -0.6559
vn -0.9940 0.0630 0.0892
vn -0.9811 0.0625 -0.1831
vn -0.6146 0.2060 0.7615
vn 0.2979 -0.1023 0.9491
vn 0.0225 0.7036 0.7102
vn -0.5381 -0.1523 -0.8290
vn -0.3113 0.4687 -0.8267
vn -0.0120 -0.1811 -0.9834
vn -0.9471 0.2155 -0.2378
vn -0.6830 0.6933 0.2299
vn -0.8688 0.3076 0.3879
vn -0.7057 0.6698 -0.2309
vn -0.5504 0.8349 0.0037
vn -0.6336 0.5382 0.5558
vn -0.7984 0.3981 -0.4518
vn -0.9621 0.2599 0.0820
vn -0.8685 0.1653 0.4674
vn -0.7315 0.3249 0.5994
vn -0.1391 0.3623 0.9216
vn -0.1354 0.3895 0.9110
vn -0.5169 0.1748 -0.8380
vn -0.6349 0.1611 -0.7556
vn -0.9258 0.2948 -0.2367
vn -0.9870 0.1527 -0.0494
vn 0.3348 -0.4156 -0.8457
vn 0.5146 -0.1656 0.8413
vn 0.4327 0.3262 0.8405
vn 0.3144 -0.1992 -0.9282
vn -0.4070 -0.4056 -0.8184
vn -0.9155 0.0170 0.4021
vn -0.7575 -0.2459 0.6047
vn -0.9135 -0.3011 0.2735
vn -0.9881 -0.0420 -0.1478
vn -0.8914 -0.4027 0.2078
vn -0.9007 -0.3946 -0.1816
vn -0.0698 0.1139 0.9910
vn -0.9648 -0.0987 0.2439
vn -0.9398 -0.2202 0.2614
vn -0.8987 -0.1497 -0.4123
vn -0.8822 -0.4037 -0.2426
vn -0.6814 0.0253 0.7314
vn -0.7654 -0.1023 0.6353
vn -0.9642 0.1588 0.2122
vn -0.8564 0.1395 -0.4971
vn -0.5816 0.2769 0.7649
vn 0.9335 0.2330 0.2725
vn 0.7837 0.1498 0.6028
vn 0.7575 0.1008 0.6450
vn 0.9895 0.1436 0.0182
vn 0.6606 0.2263 0.7159
vn 0.4385 0.0517 0.8972
vn 0.6762 -0.0971 -0.7303
vn 0.5907 -0.0719 -0.8036
vn 0.7280 0.0720 -0.6818
vn 0.8462 0.0295 -0.5321
vn 0.9357 0.1090 -0.3354
vn 0.9796 0.0827 -0.1834
vn -0.0014 0.7710 0.6369
vn -0.1308 0.0632 0.9894
vn -0.0954 -0.2861 -0.9534
vn 0.2878 0.4553 -0.8425
vn 0.6601 0.7465 0.0839
vn 0.8963 0.2323 -0.3777
vn 0.8971 0.3479 0.2724
vn 0.6447 0.6886 -0.3319
vn 0.6413 0.6088 0.4669
vn 0.5298 0.8358 -0.1436
vn 0.7417 0.3940 -0.5428
vn -0.4049 -0.8018 -0.4396
vn -0.1136 -0.4034 0.9080
vn 0.2849 -0.1820 0.9411
vn 0.9192 0.0940 -0.3825
vn 0.9195 0.2166 0.3280
vn 0.7658 0.1391 0.6279
vn 0.7405 0.1016 0.6644
vn 0.9861 0.1448 0.0820
vn 0.6478 0.2088 0.7327
vn 0.4174 0.0379 0.9079
vn 0.6650 -0.1303 -0.7354
vn 0.5957 -0.1023 -0.7966
vn 0.7498 0.0447 -0.6601
vn 0.8625 0.0090 -0.5060
vn 0.9561 0.1015 -0.2750
vn 0.9889 0.0914 -0.1172
vn -0.0015 0.7542 0.6566
vn -0.4195 -0.0429 0.9068
vn 0.1131 -0.2229 -0.9683
vn 0.2879 0.4636 -0.8380
vn 0.6739 0.7226 0.1540
vn 0.9236 0.2182 -0.3151
vn 0.8883 0.3185 0.3310
vn 0.6729 0.6890 -0.2691
vn 0.6388 0.5714 0.5152
vn 0.5517 0.8301 -0.0814
vn 0.7782 0.3904 -0.4919
vn 0.0269 -0.6038 -0.7967
vn -0.5455 -0.6039 0.5811
vn 0.1690 -0.2668 0.9488
vn 0.9132 0.0732 -0.4009
vn 0.9115 0.1522 0.3820
vn 0.6940 0.0316 0.7193
vn 0.6053 0.0423 0.7949
vn 0.9848 0.0222 0.1722
vn 0.5547 0.1171 0.8238
vn 0.2518 -0.1085 0.9617
vn 0.5913 -0.1252 -0.7966
vn 0.5752 -0.1472 -0.8047
vn 0.7630 0.0054 -0.6464
vn 0.8783 -0.0585 -0.4744
vn 0.9811 0.0625 -0.1831
vn 0.9923 0.0711 0.1012
vn -0.0225 0.7036 0.7103
vn -0.2979 -0.1023 0.9491
vn 0.0120 -0.1811 -0.9834
vn 0.3113 0.4687 -0.8267
vn 0.6831 0.6932 0.2299
vn 0.9471 0.2155 -0.2378
vn 0.8689 0.3076 0.3879
vn 0.7057 0.6698 -0.2309
vn 0.6336 0.5382 0.5558
vn 0.5504 0.8349 0.0037
vn 0.7984 0.3981 -0.4518
vn 0.7069 0.3339 0.6236
vn 0.8955 0.1392 0.4228
vn 0.8684 0.1653 0.4674
vn 0.1354 0.3895 0.9110
vn 0.1391 0.3623 0.9216
vn 0.9174 0.1514 -0.3680
vn 0.8036 0.2783 -0.5261
vn 0.6565 0.1059 -0.7468
vn 0.5272 0.1938 -0.8274
vn 0.9701 0.2406 -0.0333
vn 0.9836 0.1318 -0.1235
vn 0.9877 0.1479 -0.0515
vn -0.3348 -0.4156 -0.8457
vn -0.5146 -0.1656 0.8413
vn 0.0557 -0.0047 0.9984
vn -0.4327 0.3262 0.8405
vn -0.3028 -0.1877 -0.9344
vn 0.4484 -0.3976 -0.8005
vn 0.9135 -0.3011 0.2735
vn 0.7575 -0.2460 0.6047
vn 0.9130 -0.3527 -0.2049
vn 0.9307 -0.3389 0.1375
vn 0.0698 0.1139 0.9910
vn 0.9648 -0.0987 0.2439
vn 0.9398 -0.2202 0.2614
vn 0.9409 -0.1367 -0.3098
vn 0.9321 -0.3104 -0.1865
vn 0.6814 0.0253 0.7314
vn 0.7654 -0.1023 0.6353
vn 0.9642 0.1588 0.2122
vn 0.9132 0.1227 -0.3885
vn 0.5817 0.2768 0.7649
vn -0.7690 0.6356 0.0679
vn -0.6256 0.7395 -0.2485
vn -0.8676 0.4045 -0.2891
vn -0.9514 0.2931 0.0948
vn -0.7932 0.5143 0.3262
vn -0.9143 0.1711 0.3671
vn 0.9680 0.0534 0.2453
vn 0.8718 0.4146 0.2607
vn 0.7485 0.2652 0.6078
vn 0.7627 -0.0318 0.6459
vn 0.8335 0.5476 -0.0739
vn 0.9735 0.1721 -0.1503
vn 0.6037 0.6881 -0.4025
vn 0.7179 0.3277 -0.6142
vn -0.4184 0.7913 -0.4459
vn -0.7093 0.4577 -0.5362
vn 0.1901 0.7787 -0.5978
vn 0.1499 0.4496 -0.8806
vn -0.3060 0.5035 -0.8080
vn -0.1248 0.8053 -0.5796
vn -0.9388 0.1410 -0.3144
vn -0.9999 0.0033 -0.0103
vn -0.9411 -0.0244 0.3372
vn 0.7210 -0.2032 0.6625
vn 0.9640 -0.2258 0.1402
vn 0.9663 -0.1587 -0.2026
vn 0.7016 -0.0584 -0.7102
vn -0.7999 0.1136 -0.5893
vn 0.0985 0.0739 -0.9924
vn -0.3901 0.1168 -0.9133
vn -0.9941 -0.0488 -0.0969
vn -0.8764 -0.1512 -0.4572
vn -0.8773 -0.0413 -0.4782
vn 0.9744 -0.1954 0.1115
vn 0.9610 -0.1903 -0.2009
vn 0.9252 -0.2988 -0.2340
vn 0.6103 -0.3490 -0.7112
vn -0.6909 -0.2220 -0.6881
vn 0.1255 -0.3061 -0.9437
vn -0.3286 -0.2709 -0.9048
vn 0.7271 -0.1870 -0.6605
vn 0.2245 -0.1492 -0.9630
vn -0.2889 -0.1013 -0.9520
vn -0.6632 -0.0573 -0.7462
vn -0.5596 0.8075 -0.1866
vn -0.9839 0.1136 -0.1381
vn -0.8657 0.1694 -0.4711
vn -0.5406 0.7662 -0.3474
vn -0.9710 0.0770 0.2265
vn -0.9589 -0.0429 0.2806
vn 0.9893 0.0001 -0.1459
vn 0.8381 0.0965 -0.5369
vn 0.2736 0.7001 -0.6595
vn 0.3232 0.1573 -0.9332
vn 0.7000 0.6409 -0.3150
vn -0.0970 0.6835 -0.7235
vn -0.2127 0.1828 -0.9599
vn -0.5926 0.2015 -0.7799
vn 0.7646 -0.1631 0.6236
vn 0.8275 -0.0591 0.5584
vn 0.9932 -0.0110 0.1156
vn -0.3141 -0.0480 0.9482
vn -0.3249 0.1725 0.9299
vn -0.0175 0.1493 0.9886
vn -0.1127 -0.0927 0.9893
vn -0.1171 -0.1153 0.9864
vn -0.3522 -0.0602 0.9340
vn -0.3191 -0.1130 0.9409
vn -0.0762 0.0053 0.9971
vn -0.1449 0.0810 0.9861
vn -0.4750 -0.0417 0.8790
vn -0.4236 0.0868 0.9017
vn -0.0385 0.0654 0.9971
vn 0.0407 -0.0985 0.9943
vn 0.1348 -0.1437 0.9804
vn -0.5406 -0.0094 0.8412
vn -0.5230 -0.0924 0.8473
vn 0.0952 -0.0550 0.9939
vn -0.0740 0.1112 0.9910
vn 0.7767 0.6240 -0.0854
vn -0.3335 0.7160 -0.6133
vn -0.5283 0.0516 0.8475
vn -0.5301 0.1326 0.8375
vn -0.9571 0.2790 0.0777
vn -0.9603 -0.1932 0.2010
vn -0.8206 0.4218 -0.3856
vn 0.8948 0.4449 -0.0382
vn 0.7944 0.5072 -0.3342
vn 0.2975 0.6214 -0.7248
vn -0.1002 0.5911 -0.8003
vn -0.4121 0.5725 -0.7088
vn 0.8912 0.3288 0.3126
vn 0.8359 -0.2875 0.4675
vn -0.9172 -0.2359 -0.3210
vn 0.9653 -0.2607 0.0126
vn 0.8999 -0.1689 -0.4022
vn 0.3643 -0.0619 -0.9292
vn -0.1524 -0.0309 -0.9878
vn -0.5833 -0.0565 -0.8103
vn -0.4345 0.9004 0.0230
vn -0.3725 0.9019 -0.2187
vn -0.3280 0.9168 0.2278
vn 0.5271 0.8497 0.0075
vn 0.5050 0.8518 0.1394
vn 0.4372 0.8748 -0.2088
vn -0.2542 0.8989 -0.3570
vn -0.0722 0.8943 -0.4416
vn 0.1860 0.8894 -0.4175
vn 0.3588 0.8930 0.2718
vn -0.4753 -0.0101 0.8797
vn -0.4069 0.1062 0.9073
vn -0.5428 -0.0088 0.8398
vn -0.5380 -0.0811 0.8391
vn -0.5120 0.1183 0.8508
vn -0.1485 -0.0448 0.9879
vn -0.1104 0.0776 0.9909
vn -0.1622 -0.0470 0.9856
vn -0.1658 -0.1169 0.9792
vn -0.1586 0.0940 0.9829
vn 0.9506 -0.0308 0.3088
vn 0.3582 -0.0442 0.9326
vn 0.5283 0.0517 0.8475
vn 0.9710 0.0770 0.2266
vn 0.7690 0.6356 0.0679
vn 0.9571 0.2689 0.1077
vn 0.8727 0.3920 -0.2910
vn 0.6256 0.7395 -0.2485
vn 0.7932 0.5143 0.3261
vn 0.9143 0.1382 0.3808
vn -0.9680 0.0534 0.2453
vn -0.7627 -0.0318 0.6459
vn -0.7485 0.2652 0.6078
vn -0.8718 0.4146 0.2607
vn -0.8335 0.5476 -0.0739
vn -0.9735 0.1721 -0.1503
vn -0.6037 0.6881 -0.4025
vn -0.7178 0.3277 -0.6142
vn 0.7141 0.4469 -0.5388
vn 0.4184 0.7913 -0.4459
vn -0.1901 0.7787 -0.5978
vn 0.1248 0.8053 -0.5795
vn 0.3106 0.4999 -0.8085
vn -0.1498 0.4498 -0.8805
vn 0.9997 -0.0004 0.0231
vn 0.9394 0.1369 -0.3142
vn 0.9293 -0.0289 0.3682
vn -0.7210 -0.2032 0.6625
vn -0.9640 -0.2258 0.1402
vn -0.9663 -0.1587 -0.2026
vn -0.7016 -0.0584 -0.7102
vn 0.8010 0.1128 -0.5880
vn 0.3924 0.1166 -0.9124
vn -0.1006 0.0734 -0.9922
vn 0.9967 -0.0421 -0.0691
vn 0.8792 -0.0398 -0.4749
vn 0.8793 -0.1457 -0.4534
vn -0.9252 -0.2988 -0.2339
vn -0.9610 -0.1903 -0.2009
vn -0.9744 -0.1954 0.1115
vn -0.6103 -0.3490 -0.7112
vn 0.6906 -0.2191 -0.6893
vn 0.3262 -0.2716 -0.9055
vn -0.1279 -0.3070 -0.9431
vn -0.7271 -0.1870 -0.6605
vn -0.2245 -0.1492 -0.9630
vn 0.2889 -0.1012 -0.9520
vn 0.6632 -0.0573 -0.7462
vn 0.5596 0.8075 -0.1866
vn 0.5406 0.7662 -0.3474
vn 0.8657 0.1694 -0.4711
vn 0.9839 0.1136 -0.1382
vn -0.8381 0.0965 -0.5369
vn -0.9893 0.0001 -0.1459
vn -0.2736 0.7001 -0.6596
vn -0.7000 0.6409 -0.3151
vn -0.3232 0.1573 -0.9332
vn 0.0971 0.6835 -0.7235
vn 0.2127 0.1828 -0.9599
vn 0.5925 0.2015 -0.7799
vn -0.7646 -0.1632 0.6236
vn -0.9932 -0.0110 0.1156
vn -0.8275 -0.0591 0.5584
vn 0.3249 0.1725 0.9299
vn 0.3186 -0.0461 0.9468
vn 0.0175 0.1494 0.9886
vn 0.1127 -0.0927 0.9893
vn 0.1171 -0.1153 0.9864
vn 0.3231 -0.1120 0.9397
vn 0.0761 0.0053 0.9971
vn 0.1449 0.0810 0.9861
vn 0.4236 0.0869 0.9017
vn 0.4837 -0.0335 0.8746
vn 0.0385 0.0654 0.9971
vn -0.0407 -0.0985 0.9943
vn -0.1348 -0.1437 0.9804
vn 0.5410 -0.0901 0.8362
vn 0.5527 -0.0059 0.8333
vn -0.0952 -0.0550 0.9939
vn 0.0740 0.1112 0.9910
vn -0.7767 0.6240 -0.0854
vn 0.3335 0.7160 -0.6133
vn -0.3588 0.8930 0.2718
vn 0.5302 0.1326 0.8375
vn 0.9603 -0.1932 0.2010
vn 0.9571 0.2790 0.0778
vn 0.8206 0.4218 -0.3856
vn -0.8948 0.4449 -0.0382
vn -0.7944 0.5072 -0.3343
vn -0.2975 0.6214 -0.7248
vn 0.1002 0.5911 -0.8003
vn 0.4121 0.5724 -0.7089
vn -0.8912 0.3288 0.3126
vn -0.8359 -0.2875 0.4675
vn 0.9172 -0.2359 -0.3210
vn -0.9653 -0.2607 0.0126
vn -0.8999 -0.1689 -0.4021
vn -0.3643 -0.0619 -0.9292
vn 0.1524 -0.0309 -0.9878
vn 0.5833 -0.0565 -0.8103
vn 0.3725 0.9019 -0.2187
vn 0.4345 0.9004 0.0230
vn 0.3280 0.9168 0.2278
vn -0.5050 0.8518 0.1394
vn -0.5271 0.8498 0.0075
vn -0.4371 0.8748 -0.2088
vn 0.2542 0.8990 -0.3565
vn -0.1860 0.8894 -0.4175
vn 0.0721 0.8943 -0.4416
vn 0.4069 0.1062 0.9073
vn 0.4753 -0.0101 0.8797
vn 0.5380 -0.0811 0.8391
vn 0.5428 -0.0088 0.8398
vn 0.5120 0.1183 0.8508
vn 0.1104 0.0776 0.9909
vn 0.1485 -0.0448 0.9879
vn 0.1658 -0.1169 0.9792
vn 0.1622 -0.0470 0.9856
vn 0.1586 0.0940 0.9829
vn -0.7033 0.3835 0.5986
vn -0.6477 0.3915 0.6537
vn -0.7357 0.2006 0.6469
vn -0.8110 0.1848 0.5551
vn -0.2304 0.3674 0.9011
vn -0.2280 0.2107 0.9506
vn 0.2062 0.2990 0.9317
vn 0.1903 0.1789 0.9653
vn 0.2053 0.1708 0.9637
vn 0.1901 0.2860 0.9392
vn -0.7922 -0.1502 0.5915
vn -0.9010 -0.0741 0.4274
vn -0.2400 -0.2595 0.9354
vn 0.2916 -0.1807 0.9393
vn 0.2492 -0.2350 0.9395
vn -0.8125 -0.1599 0.5606
vn -0.9314 -0.0076 0.3639
vn -0.2496 -0.3789 0.8911
vn 0.4590 -0.3318 0.8241
vn 0.3170 -0.3987 0.8606
vn -0.7620 0.5217 0.3836
vn -0.8804 0.4465 0.1597
vn -0.1929 0.5878 0.7857
vn 0.7282 0.1074 0.6769
vn 0.5788 0.2887 0.7627
vn -0.8941 -0.0610 0.4436
vn -0.6668 -0.0628 0.7426
vn -0.6675 -0.1570 0.7279
vn -0.7598 -0.1460 0.6336
vn -0.3688 -0.1102 0.9229
vn -0.3546 -0.2289 0.9066
vn 0.3655 -0.1727 0.9146
vn 0.1872 -0.2474 0.9506
vn 0.1090 -0.2584 0.9599
vn 0.0857 -0.1394 0.9865
vn -0.6663 -0.3269 0.6702
vn -0.6205 -0.3384 0.7075
vn -0.3335 -0.4353 0.8362
vn 0.0957 -0.4298 0.8978
vn 0.1392 -0.4538 0.8802
vn -0.7041 -0.3059 0.6408
vn -0.6979 -0.3316 0.6348
vn -0.3144 -0.3841 0.8681
vn 0.2771 -0.4464 0.8508
vn 0.2560 -0.4435 0.8589
vn -0.9778 -0.0490 -0.2036
vn -0.9778 -0.0490 -0.2035
vn -0.6142 -0.1694 -0.7708
vn 0.1167 -0.2738 -0.9547
vn 0.7698 -0.2604 -0.5827
vn 0.7699 -0.2604 -0.5827
vn 0.9224 -0.2218 0.3163
vn 0.9631 -0.2221 -0.1521
vn 0.9631 -0.2221 -0.1520
vn -0.6593 0.5205 0.5426
vn -0.8374 0.3457 0.4233
vn -0.0618 0.6953 0.7160
vn 0.7551 0.2768 0.5943
vn 0.5868 0.4983 0.6383
vn -0.6624 -0.0073 0.7491
vn -0.7693 0.0719 0.6348
vn -0.7800 0.1132 0.6154
vn -0.6149 -0.1140 0.7803
vn -0.3083 -0.2450 0.9192
vn -0.2751 -0.1394 0.9513
vn 0.7062 -0.0385 0.7070
vn 0.3648 -0.1099 0.9246
vn 0.2087 -0.2282 0.9510
vn 0.6366 -0.0344 0.7704
vn -0.6580 -0.1464 0.7386
vn -0.7532 -0.1877 0.6304
vn -0.3469 -0.1850 0.9195
vn 0.1410 -0.2550 0.9566
vn 0.4001 -0.4149 0.8172
vn -0.7666 -0.0502 0.6402
vn -0.7568 -0.0070 0.6536
vn -0.3516 0.0160 0.9360
vn 0.3123 -0.1131 0.9432
vn 0.2491 -0.0727 0.9658
vn 0.8396 -0.5023 0.2069
vn 0.9481 0.0663 0.3111
vn -0.9114 0.3872 0.1396
vn -0.8168 0.4500 -0.3609
vn -0.9011 -0.0654 -0.4286
vn -0.9890 -0.1282 0.0737
vn 0.9779 0.1152 -0.1746
vn 0.8997 -0.3740 -0.2249
vn 0.6903 0.3074 -0.6549
vn 0.6495 -0.2379 -0.7222
vn -0.4665 0.5069 -0.7249
vn -0.5617 -0.0911 -0.8223
vn 0.1250 0.4330 -0.8927
vn 0.0811 -0.1063 -0.9910
vn 0.4343 0.8664 0.2466
vn 0.3378 0.8727 0.3524
vn -0.3059 0.9425 0.1347
vn -0.2501 0.9600 -0.1263
vn 0.5166 0.8561 0.0143
vn 0.3484 0.9135 -0.2101
vn -0.0953 0.9676 -0.2337
vn 0.1024 0.9433 -0.3157
vn -0.2798 0.9346 0.2195
vn 0.0229 -0.9991 -0.0364
vn 0.1636 -0.9843 -0.0669
vn -0.4929 -0.8012 -0.3392
vn -0.4751 -0.8727 -0.1123
vn 0.2970 -0.9371 -0.1832
vn 0.1780 -0.8953 -0.4084
vn -0.0520 -0.8388 -0.5419
vn -0.3278 -0.8302 -0.4508
vn -0.4033 -0.9150 -0.0074
vn -0.8621 0.1822 0.4728
vn -0.7974 0.1759 0.5773
vn -0.3392 0.1726 0.9248
vn 0.3244 0.1506 0.9339
vn 0.5355 0.1482 0.8315
vn 0.5174 0.3540 0.7791
vn -0.1470 0.4611 0.8751
vn -0.6264 0.4325 0.6485
vn 0.6997 0.3860 0.6012
vn 0.8198 0.1526 0.5519
vn 0.7533 0.1615 0.6376
vn 0.6573 0.3710 0.6560
vn 0.2892 0.1878 0.9387
vn 0.3211 0.3468 0.8813
vn -0.1582 0.3258 0.9321
vn -0.0871 0.3147 0.9452
vn -0.1324 0.1925 0.9723
vn -0.1425 0.2144 0.9663
vn 0.8999 -0.0940 0.4258
vn 0.7980 -0.1677 0.5789
vn 0.2527 -0.2662 0.9302
vn -0.2272 -0.2239 0.9478
vn -0.2678 -0.1598 0.9501
vn 0.9314 -0.0076 0.3639
vn 0.8125 -0.1599 0.5606
vn 0.2496 -0.3789 0.8911
vn -0.3170 -0.3987 0.8606
vn -0.4590 -0.3318 0.8241
vn 0.8804 0.4465 0.1597
vn 0.7620 0.5217 0.3836
vn 0.1929 0.5878 0.7856
vn -0.5788 0.2887 0.7627
vn -0.7282 0.1073 0.6769
vn 0.8941 -0.0610 0.4436
vn 0.7437 -0.1646 0.6479
vn 0.6533 -0.1712 0.7375
vn 0.6667 -0.0628 0.7426
vn 0.3546 -0.2289 0.9066
vn 0.3688 -0.1102 0.9229
vn -0.3655 -0.1727 0.9147
vn -0.0857 -0.1394 0.9865
vn -0.1024 -0.2609 0.9599
vn -0.1777 -0.2512 0.9515
vn 0.5730 -0.3632 0.7347
vn 0.6360 -0.3451 0.6903
vn 0.3335 -0.4353 0.8362
vn -0.1255 -0.4573 0.8804
vn -0.0754 -0.4381 0.8958
vn 0.6390 -0.3427 0.6886
vn 0.6674 -0.3177 0.6735
vn 0.3144 -0.3841 0.8681
vn -0.2338 -0.4401 0.8670
vn -0.2368 -0.4426 0.8649
vn 0.9778 -0.0490 -0.2035
vn 0.9778 -0.0490 -0.2036
vn 0.6142 -0.1694 -0.7708
vn -0.1167 -0.2738 -0.9547
vn -0.7698 -0.2604 -0.5827
vn -0.9224 -0.2218 0.3163
vn -0.9631 -0.2221 -0.1520
vn -0.9631 -0.2221 -0.1521
vn 0.8131 0.3639 0.4544
vn 0.6327 0.5321 0.5627
vn 0.0618 0.6955 0.7159
vn -0.5588 0.5129 0.6517
vn -0.7236 0.3097 0.6169
vn 0.6874 -0.0157 0.7261
vn 0.6487 -0.1151 0.7523
vn 0.7947 0.0836 0.6013
vn 0.8145 0.0631 0.5767
vn 0.2751 -0.1394 0.9513
vn 0.3083 -0.2449 0.9192
vn -0.7062 -0.0384 0.7070
vn -0.6351 -0.0408 0.7714
vn -0.2088 -0.2281 0.9510
vn -0.3648 -0.1099 0.9246
vn 0.6910 -0.1321 0.7106
vn 0.7679 -0.1711 0.6172
vn 0.3469 -0.1850 0.9195
vn -0.1410 -0.2550 0.9566
vn -0.3933 -0.4175 0.8191
vn 0.7933 -0.0259 0.6083
vn 0.7716 0.0081 0.6360
vn 0.3516 0.0160 0.9360
vn -0.3123 -0.1131 0.9432
vn -0.2491 -0.0727 0.9658
vn -0.9474 0.0725 0.3118
vn -0.8410 -0.4997 0.2076
vn 0.9196 0.3309 0.2116
vn 0.9782 -0.1421 0.1517
vn 0.9041 -0.1173 -0.4108
vn 0.8367 0.4248 -0.3457
vn -0.9789 0.1247 -0.1617
vn -0.9035 -0.3688 -0.2183
vn -0.6903 0.3074 -0.6549
vn -0.6495 -0.2379 -0.7222
vn 0.5624 -0.1328 -0.8161
vn 0.4827 0.4850 -0.7292
vn -0.1230 0.4304 -0.8942
vn -0.0858 -0.1107 -0.9901
vn -0.3527 0.8723 0.3386
vn -0.4429 0.8612 0.2493
vn 0.3033 0.9458 -0.1162
vn 0.4008 0.8993 0.1752
vn -0.5154 0.8563 0.0325
vn -0.3484 0.9135 -0.2101
vn 0.1326 0.9565 -0.2599
vn -0.0963 0.9385 -0.3315
vn 0.4247 0.8532 0.3027
vn -0.1636 -0.9843 -0.0669
vn -0.0229 -0.9991 -0.0364
vn 0.3856 -0.9173 -0.0999
vn 0.3968 -0.8769 -0.2713
vn -0.2970 -0.9371 -0.1832
vn -0.1780 -0.8953 -0.4084
vn 0.2906 -0.8679 -0.4028
vn 0.0444 -0.8497 -0.5254
vn 0.3549 -0.9325 -0.0674
vn 0.7974 0.1759 0.5773
vn 0.8621 0.1822 0.4728
vn 0.3392 0.1727 0.9248
vn -0.5355 0.1482 0.8315
vn -0.3244 0.1506 0.9338
vn 0.1470 0.4611 0.8751
vn -0.5174 0.3540 0.7791
vn 0.6264 0.4324 0.6485
vn -0.9157 0.4010 0.0249
vn -0.8847 0.3972 -0.2438
vn -0.9800 0.1590 -0.1196
vn -0.9828 0.1716 -0.0685
vn -0.9702 0.1150 -0.2131
vn -0.8933 -0.0981 -0.4387
vn -0.9970 -0.0626 0.0459
vn -0.9903 -0.0345 -0.1344
vn -0.9889 0.0013 0.1487
vn -0.9945 -0.0505 0.0916
vn -0.9980 -0.0288 -0.0568
vn -0.9569 0.2072 0.2034
vn -0.8938 0.3109 0.3231
vn -0.8846 0.0437 0.4643
vn -0.9274 0.0484 0.3710
vn -0.7642 0.2308 0.6023
vn 0.3534 0.0214 0.9352
vn 0.2655 -0.0948 0.9595
vn 0.7812 -0.4849 0.3931
vn 0.8825 -0.2800 0.3778
vn -0.9425 0.3283 -0.0623
vn -0.8848 0.3665 0.2878
vn -0.9741 0.2211 0.0482
vn -0.9168 0.1853 -0.3537
vn -0.5022 0.3785 0.7776
vn -0.8264 0.2017 0.5257
vn 0.0712 0.3668 0.9276
vn -0.0412 0.1010 0.9940
vn -0.2466 0.1514 0.9572
vn 0.8624 -0.4012 -0.3087
vn 0.9343 -0.1037 -0.3412
vn 0.9361 -0.0680 -0.3451
vn 0.7854 -0.3950 -0.4765
vn 0.9301 -0.3042 0.2059
vn 0.9876 0.1080 0.1140
vn 0.6101 0.0304 -0.7917
vn 0.3821 -0.3357 -0.8610
vn 0.5759 0.3386 0.7441
vn 0.5517 -0.0566 0.8321
vn -0.5812 -0.0254 -0.8134
vn -0.0782 0.0938 -0.9925
vn -0.9366 0.3504 0.0034
vn -0.8107 0.4080 0.4199
vn -0.4238 0.4186 0.8032
vn -0.6831 0.2235 -0.6953
vn -0.6735 0.3115 -0.6703
vn -0.8745 0.3320 -0.3536
vn -0.8389 0.2544 -0.4812
vn -0.0962 0.4818 0.8710
vn -0.0727 0.0299 -0.9969
vn 0.7957 -0.4495 -0.4059
vn 0.8481 -0.5298 0.0048
vn 0.9968 -0.0515 0.0609
vn 0.9438 -0.3304 0.0015
vn 0.5518 -0.2115 -0.8067
vn 0.6024 0.4036 0.6886
vn -0.7890 0.4533 0.4147
vn -0.4360 0.4089 0.8017
vn -0.7295 0.3214 -0.6038
vn -0.2678 0.5369 0.8000
vn -0.3638 0.3286 0.8716
vn -0.6345 0.3494 0.6894
vn -0.1014 -0.1979 -0.9750
vn 0.9063 -0.4225 0.0039
vn 0.7451 -0.6615 0.0850
vn 0.7465 -0.6647 -0.0294
vn 0.8619 -0.4967 -0.1020
vn -0.3166 0.3096 0.8966
vn 0.6695 0.3553 0.6524
vn 0.6895 0.4196 0.5904
vn 0.9955 -0.0933 0.0169
vn 0.9980 -0.0144 0.0619
vn -0.0101 -0.2653 -0.9641
vn 0.5551 -0.5839 -0.5924
vn 0.8188 -0.2828 -0.4996
vn 0.0039 -0.2043 -0.9789
vn -0.7230 -0.0897 0.6850
vn 0.3802 -0.6916 -0.6141
vn -0.1472 -0.9163 -0.3724
vn 0.1281 -0.8038 -0.5810
vn 0.5659 -0.6440 -0.5148
vn -0.4776 0.1727 0.8614
vn -0.9340 0.0571 0.3527
vn -0.4151 0.1878 0.8902
vn -0.9906 -0.0920 -0.1016
vn -0.8437 0.0448 0.5350
vn -0.9757 -0.0873 -0.2009
vn -0.9780 -0.0082 0.2085
vn 0.0382 -0.2049 -0.9780
vn -0.8777 -0.1637 -0.4504
vn 0.8091 -0.5149 -0.2833
vn 0.9341 -0.1988 -0.2967
vn 0.2231 -0.3202 -0.9207
vn 0.7852 -0.5570 -0.2706
vn 0.8756 0.0400 0.4814
vn 0.5878 -0.1907 -0.7862
vn 0.7962 -0.0496 0.6030
vn 0.7855 -0.2348 -0.5726
vn -0.6318 -0.2515 -0.7332
vn -0.7985 -0.1477 0.5835
vn -0.2761 -0.2322 -0.9327
vn -0.9221 -0.3318 -0.1990
vn 0.0841 0.1346 0.9873
vn -0.1870 -0.2677 -0.9452
vn -0.8776 -0.4045 -0.2572
vn -0.1545 0.0612 0.9861
vn 0.8809 -0.0468 -0.4711
vn -0.2453 0.0165 0.9693
vn -0.9906 -0.1054 0.0868
vn 0.5053 0.0952 0.8577
vn -0.0316 0.0831 0.9960
vn 0.6897 -0.5217 0.5021
vn 0.6619 0.0825 0.7450
vn -0.3636 0.1015 0.9260
vn 0.6062 0.2926 0.7395
vn -0.8686 -0.2912 0.4010
vn -0.5756 -0.5870 -0.5693
vn 0.3397 -0.3025 -0.8906
vn -0.2529 -0.0153 0.9674
vn 0.6444 0.1006 0.7580
vn 0.9885 0.1487 -0.0285
vn 0.9987 0.0231 -0.0461
vn -0.9444 -0.2409 0.2240
vn -0.6030 -0.3492 -0.7173
vn 0.3596 -0.2141 -0.9082
vn 0.6370 -0.7015 -0.3196
vn 0.3990 -0.5972 -0.6958
vn 0.7012 -0.6994 0.1388
vn 0.5124 -0.7141 -0.4769
vn 0.7142 -0.6951 0.0827
vn -0.6234 -0.0458 -0.7805
vn -0.9508 -0.0340 0.3080
vn -0.2762 0.1874 0.9427
vn -0.6650 -0.2422 -0.7065
vn -0.6611 -0.3936 -0.6387
vn -0.8875 -0.2941 0.3548
vn 0.2571 -0.2056 -0.9442
vn 0.2569 -0.2474 -0.9342
vn 0.9593 0.0438 -0.2790
vn 0.9614 0.0268 -0.2739
vn 0.5949 0.1192 0.7949
vn 0.5990 0.2383 0.7645
vn -0.2826 -0.0695 0.9567
vn -0.9695 -0.1922 -0.1518
vn -0.8222 -0.0192 0.5688
vn -0.2207 -0.2341 -0.9468
vn -0.2178 -0.3919 -0.8939
vn 0.6249 -0.0690 -0.7776
vn 0.6240 -0.1294 -0.7707
vn 0.8917 0.2171 0.3971
vn 0.8949 0.1892 0.4041
vn 0.2076 0.1025 0.9728
vn 0.2030 0.2269 0.9525
vn -0.7783 -0.2596 0.5717
vn -0.9546 -0.1689 -0.2454
vn -0.9653 -0.0750 0.2500
vn -0.0741 -0.1932 -0.9784
vn -0.0689 -0.3118 -0.9476
vn -0.8818 -0.4295 -0.1949
vn 0.8149 0.0036 -0.5796
vn 0.8125 0.0337 -0.5820
vn 0.8239 0.2153 0.5243
vn 0.8251 0.2013 0.5279
vn -0.0158 0.0082 0.9998
vn -0.0247 0.1876 0.9819
vn -0.8813 -0.3577 0.3088
vn 0.0737 -0.2229 -0.9721
vn -0.8625 -0.1987 -0.4654
vn 0.8585 -0.0721 -0.5076
vn 0.8693 -0.0840 -0.4871
vn 0.1388 -0.3421 -0.9294
vn 0.6945 0.1678 0.6997
vn 0.6901 0.1462 0.7088
vn -0.1812 0.1297 0.9749
vn -0.1632 0.0449 0.9856
vn -0.9860 -0.0926 0.1384
vn -0.9293 -0.3303 0.1653
vn -0.2964 0.2159 0.9303
vn 0.4395 -0.8245 -0.3564
vn -0.8207 -0.4233 -0.3838
vn -0.8981 -0.4300 -0.0927
vn -0.4334 0.7931 0.4280
vn 0.2561 0.9375 0.2357
vn 0.1324 0.9700 -0.2037
vn -0.5173 0.8503 -0.0970
vn 0.1230 0.2874 0.9499
vn 0.6118 0.5868 0.5304
vn -0.4103 0.6424 -0.6473
vn 0.2909 0.7666 -0.5724
vn 0.3785 0.6131 -0.6934
vn -0.3818 0.3949 -0.8356
vn 0.3105 -0.0092 0.9505
vn 0.6773 0.2728 0.6833
vn 0.2847 0.5424 -0.7904
vn -0.1985 0.3151 -0.9281
vn 0.7798 -0.3057 -0.5464
vn 0.7865 0.4421 -0.4311
vn 0.8957 0.4274 -0.1224
vn 0.9213 -0.3448 -0.1797
vn 0.9424 -0.3343 0.0114
vn 0.9025 0.4301 0.0224
vn 0.8658 0.4294 0.2569
vn 0.5601 -0.1271 -0.8186
vn 0.5454 0.4598 -0.7008
vn 0.6337 0.4441 0.6334
vn -0.8756 0.4802 -0.0517
vn -0.7587 0.4965 0.4217
vn -0.2230 0.2185 0.9500
vn -0.5889 0.2857 -0.7560
vn -0.7198 0.4002 -0.5671
vn -0.3625 0.0982 -0.9268
vn 0.7912 -0.5788 -0.1977
vn 0.6501 -0.5630 -0.5103
vn 0.8392 -0.5438 0.0056
vn 0.4548 -0.4519 -0.7674
vn 0.2052 -0.0580 0.9770
vn -0.9563 0.2921 -0.0144
vn -0.8465 0.3026 0.4379
vn -0.2859 0.1145 0.9514
vn -0.5065 0.0727 0.8592
vn -0.8917 0.1941 -0.4089
vn -0.8247 0.0671 -0.5616
vn -0.1626 -0.0276 -0.9863
vn -0.9198 0.1918 -0.3424
vn 0.6657 -0.5456 -0.5091
vn 0.8001 -0.5039 -0.3256
vn 0.9034 -0.2483 0.3497
vn 0.9015 -0.4242 -0.0854
vn 0.4822 -0.5110 -0.7116
vn 0.5882 0.1761 0.7893
vn 0.5128 0.4069 0.7559
vn -0.4751 0.0454 0.8788
vn -0.2725 -0.1257 0.9539
vn 0.7509 -0.4381 -0.4942
vn 0.8502 -0.4754 -0.2263
vn 0.3901 -0.9060 -0.1643
vn 0.2623 -0.8745 -0.4081
vn 0.4492 -0.6341 0.6293
vn 0.7402 -0.3561 0.5703
vn 0.4943 -0.1965 0.8468
vn 0.2105 -0.4564 0.8645
vn -0.0389 -0.9649 0.2597
vn -0.1081 -0.9681 0.2260
vn -0.0652 -0.9815 0.1799
vn -0.0117 -0.9828 0.1843
vn 0.0759 -0.9719 0.2227
vn -0.2275 -0.3024 0.9256
vn -0.1669 -0.2722 0.9477
vn 0.2312 0.0753 0.9700
vn 0.1546 0.0149 0.9879
vn -0.2105 -0.2190 0.9527
vn 0.1168 0.1414 0.9830
vn 0.5141 -0.0297 0.8572
vn -0.0598 -0.4540 0.8890
vn 0.8227 -0.3039 0.4805
vn 0.1789 -0.7809 0.5985
vn 0.8743 -0.4819 -0.0576
vn 0.3504 -0.9362 0.0272
vn 0.8226 -0.5238 -0.2213
vn 0.3572 -0.9205 -0.1583
vn 0.0245 -0.4351 0.9000
vn 0.3983 -0.1545 0.9042
vn 0.4060 -0.7543 0.5160
vn 0.7290 -0.5050 0.4621
vn 0.5379 -0.8421 0.0389
vn 0.8275 -0.5610 -0.0218
vn 0.4461 -0.8804 -0.1609
vn 0.7986 -0.5492 -0.2464
vn 0.2665 -0.8829 -0.3866
vn 0.6745 -0.5202 -0.5239
vn 0.7080 -0.5164 -0.4817
vn 0.2312 -0.9089 -0.3469
vn 0.4353 -0.4371 -0.7871
vn -0.0975 -0.8306 -0.5482
vn -0.0488 -0.8229 -0.5661
vn 0.4123 -0.4852 -0.7711
vn -0.7078 -0.3255 -0.6269
vn -0.3961 -0.0216 -0.9180
vn -0.9166 0.0687 -0.3939
vn -0.7069 0.3475 -0.6161
vn -0.2377 0.0049 -0.9713
vn -0.6929 -0.4054 -0.5963
vn -0.7539 0.2591 -0.6038
vn 0.0566 0.1217 0.9909
vn -0.2524 -0.1780 0.9511
vn 0.2650 -0.4750 0.8391
vn 0.4288 -0.6485 0.6289
vn 0.5760 -0.8173 -0.0145
vn 0.5400 -0.8075 -0.2375
vn 0.4464 -0.7840 -0.4314
vn -0.2173 0.2624 0.9402
vn -0.4999 -0.0571 0.8642
vn 0.5301 -0.8446 0.0752
vn 0.8910 -0.4537 0.0191
vn -0.0792 -0.7366 -0.6717
vn 0.4428 -0.3292 -0.8340
vn -0.6663 -0.3737 -0.6453
vn -0.2685 0.0031 -0.9633
vn 0.0516 -0.6359 -0.7700
vn -0.6808 -0.1241 -0.7219
vn -0.9554 0.0189 -0.2949
vn -0.7082 0.3825 -0.5934
vn -0.8724 0.1151 -0.4751
vn -0.9078 0.4189 0.0188
vn -0.7531 0.4255 -0.5017
vn -0.6431 0.6399 -0.4206
vn -0.7923 0.6055 0.0750
vn -0.8129 0.3149 0.4900
vn -0.8291 0.4212 0.3677
vn -0.6678 0.3018 0.6804
vn -0.6590 0.5877 0.4694
vn 0.8489 0.2078 0.4860
vn 0.8714 0.2760 0.4055
vn 0.9539 0.0729 0.2912
vn 0.6514 0.2231 0.7252
vn -0.3207 0.3410 -0.8837
vn -0.2959 0.6030 -0.7409
vn 0.5656 0.1700 -0.8069
vn 0.4906 0.5056 -0.7097
vn 0.9563 0.0213 -0.2915
vn 0.9050 0.3331 -0.2646
vn -0.4576 0.7030 0.5444
vn -0.2003 0.7093 0.6758
vn -0.2832 0.2870 0.9151
vn -0.2399 0.7102 0.6619
vn -0.1987 0.8275 0.5252
vn -0.5360 0.6984 0.4743
vn -0.5852 0.6131 0.5307
vn -0.6066 0.6288 0.4864
vn -0.2114 0.7024 0.6797
vn -0.0637 0.8943 0.4430
vn -0.5161 0.8307 0.2087
vn 0.0262 0.7767 -0.6293
vn 0.1943 0.7352 -0.6494
vn -0.7058 0.5224 0.4784
vn -0.1912 0.6348 0.7487
vn -0.1843 0.6982 0.6918
vn -0.6928 0.5622 0.4516
vn -0.6465 0.6432 0.4103
vn -0.9168 0.3789 0.1265
vn -0.9356 0.3421 0.0870
vn -0.6947 0.5701 0.4386
vn -0.9197 0.3867 0.0682
vn -0.6687 0.6155 0.4170
vn 0.4772 0.5854 0.6554
vn 0.4518 0.6247 0.6369
vn 0.2977 0.7153 0.6323
vn 0.3130 0.6159 0.7230
vn 0.2951 0.5923 0.7497
vn 0.5158 0.5325 0.6711
vn 0.2791 0.8064 -0.5213
vn 0.6633 0.6472 0.3757
vn 0.3149 0.7772 0.5448
vn 0.2662 0.7921 -0.5492
vn -0.6515 0.7375 0.1776
vn 0.2565 0.7942 -0.5509
vn -0.9860 0.1501 -0.0726
vn -0.7813 0.1386 -0.6086
vn -0.7891 0.0255 -0.6137
vn -0.9874 0.0345 -0.1545
vn -0.2805 0.0931 -0.9553
vn -0.2891 0.0614 -0.9553
vn -0.9609 0.2659 -0.0768
vn -0.9980 0.0381 0.0510
vn -0.9636 0.0331 -0.2651
vn -0.7636 -0.0807 -0.6406
vn -0.1631 -0.9865 0.0151
vn -0.9544 0.1564 -0.2544
vn -0.9068 0.1496 -0.3942
vn -0.9878 0.0609 0.1433
vn -0.9531 0.1314 0.2726
vn -0.7981 -0.0122 -0.6024
vn -0.9796 -0.0434 -0.1961
vn -0.3143 0.0601 -0.9474
vn -0.8562 0.4298 0.2868
vn -0.8471 0.4430 0.2936
vn -0.1553 -0.9563 0.2478
vn -0.9130 0.3722 0.1669
vn -0.9544 -0.1418 -0.2628
vn -0.9655 -0.2345 -0.1136
vn -0.2626 -0.9636 0.0510
vn -0.2117 -0.9772 0.0146
vn -0.9000 -0.1909 -0.3920
vn -0.0854 -0.9300 -0.3574
vn -0.8492 -0.4549 -0.2682
vn -0.7680 -0.4553 -0.4504
vn -0.2320 -0.9426 -0.2403
vn -0.2632 -0.9641 -0.0362
vn -0.3734 -0.5367 -0.7567
vn -0.1405 -0.8306 -0.5389
vn 0.9694 0.1659 0.1810
vn 0.9716 0.1398 -0.1910
vn 0.9683 0.1607 -0.1912
vn 0.9392 0.2090 0.2725
vn 0.9837 0.1091 0.1432
vn 0.9742 0.1450 -0.1730
vn 0.6417 0.1451 -0.7531
vn 0.6449 0.1383 -0.7517
vn 0.9758 0.0776 0.2045
vn 0.7284 0.3257 0.6028
vn 0.6533 0.1405 -0.7440
vn 0.9721 -0.2042 -0.1155
vn 0.9575 -0.1271 0.2590
vn 0.3587 -0.9240 0.1326
vn 0.4398 -0.8902 -0.1187
vn 0.4084 -0.7812 -0.4722
vn 0.6562 -0.4184 -0.6280
vn 0.9342 -0.1358 0.3299
vn 0.2868 -0.9338 0.2141
vn 0.8011 0.3348 0.4961
vn 0.7585 0.4088 0.5076
vn 0.4434 0.5928 0.6723
vn 0.4356 0.5435 0.7175
vn 0.2683 -0.9342 0.2350
vn 0.9018 0.2062 0.3799
vn 0.2371 -0.9014 0.3622
vn 0.9843 0.1452 0.0999
vn 0.9718 0.2198 -0.0854
vn 0.4918 -0.8194 -0.2946
vn 0.2474 -0.8574 -0.4512
vn 0.8946 0.1329 0.4267
vn -0.1784 -0.4408 0.8797
vn -0.6227 -0.5217 0.5832
vn -0.2805 -0.9316 0.2314
vn 0.1886 -0.8619 0.4706
vn -0.9893 -0.0356 0.1412
vn -0.9563 0.1768 -0.2328
vn 0.7484 0.3119 0.5854
vn 0.8048 0.2050 0.5570
vn 0.9367 0.0860 0.3395
vn 0.3184 -0.9331 0.1673
vn -0.8110 0.5626 0.1607
vn -0.5072 0.8428 -0.1801
vn 0.0660 0.9778 -0.1987
vn 0.5709 0.8144 -0.1038
vn 0.8186 0.5388 0.1990
vn -0.8967 0.4179 0.1455
vn -0.9309 0.3643 -0.0250
vn 0.0168 -0.7862 -0.6178
vn 0.9633 0.1201 0.2399
vn 0.9616 0.1608 0.2225
vn 0.9035 0.2851 0.3201
vn 0.0346 0.7083 0.7051
vn 0.4339 0.5388 0.7221
vn 0.1838 0.2763 0.9433
vn 0.3539 -0.9125 -0.2053
vn -0.7071 0.1430 0.6925
vn -0.8081 0.1468 0.5705
vn 0.1416 0.1083 0.9840
vn -0.3197 0.1241 0.9394
vn 0.3479 0.1062 0.9315
vn 0.9078 0.4189 0.0188
vn 0.7923 0.6055 0.0750
vn 0.6652 0.6213 -0.4141
vn 0.7753 0.3974 -0.4909
vn 0.8067 0.3185 0.4978
vn 0.8291 0.4212 0.3677
vn 0.6557 0.3134 0.6869
vn 0.6590 0.5877 0.4694
vn -0.8489 0.2078 0.4860
vn -0.6425 0.2334 0.7298
vn -0.9539 0.0729 0.2912
vn -0.8714 0.2760 0.4056
vn 0.3013 0.5785 -0.7580
vn 0.3237 0.3028 -0.8964
vn -0.5057 0.4870 -0.7121
vn -0.5758 0.1562 -0.8025
vn -0.9050 0.3332 -0.2646
vn -0.9563 0.0213 -0.2915
vn 0.4575 0.7031 0.5444
vn 0.2770 0.3144 0.9080
vn 0.2003 0.7093 0.6758
vn 0.2399 0.7102 0.6619
vn 0.5852 0.6131 0.5307
vn 0.5360 0.6984 0.4742
vn 0.1987 0.8275 0.5252
vn 0.2114 0.7024 0.6797
vn 0.6066 0.6288 0.4864
vn 0.0637 0.8943 0.4430
vn -0.1943 0.7352 -0.6494
vn -0.0262 0.7767 -0.6293
vn 0.5161 0.8307 0.2087
vn 0.7058 0.5224 0.4784
vn 0.6928 0.5622 0.4516
vn 0.1843 0.6982 0.6918
vn 0.1912 0.6348 0.7487
vn 0.6465 0.6432 0.4103
vn 0.6947 0.5702 0.4386
vn 0.9356 0.3422 0.0871
vn 0.9168 0.3789 0.1265
vn 0.6687 0.6155 0.4170
vn 0.9197 0.3867 0.0682
vn -0.4772 0.5854 0.6554
vn -0.3130 0.6159 0.7230
vn -0.2977 0.7153 0.6323
vn -0.4518 0.6247 0.6369
vn -0.5158 0.5325 0.6711
vn -0.2951 0.5923 0.7497
vn -0.2792 0.8064 -0.5213
vn -0.2662 0.7921 -0.5492
vn -0.3149 0.7772 0.5448
vn -0.6633 0.6472 0.3758
vn -0.2565 0.7942 -0.5509
vn 0.6515 0.7375 0.1776
vn 0.9860 0.1501 -0.0727
vn 0.9874 0.0345 -0.1545
vn 0.7891 0.0255 -0.6137
vn 0.7813 0.1386 -0.6086
vn 0.2891 0.0614 -0.9553
vn 0.2806 0.0931 -0.9553
vn 0.9609 0.2659 -0.0768
vn 0.9636 0.0331 -0.2652
vn 0.9980 0.0381 0.0510
vn 0.7636 -0.0807 -0.6406
vn 0.9068 0.1496 -0.3942
vn 0.9544 0.1564 -0.2544
vn 0.1596 -0.9870 0.0158
vn 0.9531 0.1315 0.2725
vn 0.9878 0.0609 0.1433
vn 0.9796 -0.0434 -0.1961
vn 0.7981 -0.0122 -0.6025
vn 0.3143 0.0601 -0.9474
vn 0.8562 0.4298 0.2868
vn 0.8471 0.4430 0.2936
vn 0.9130 0.3722 0.1669
vn 0.1553 -0.9563 0.2478
vn 0.9544 -0.1418 -0.2628
vn 0.2117 -0.9772 0.0145
vn 0.2626 -0.9636 0.0510
vn 0.9655 -0.2345 -0.1135
vn 0.9000 -0.1909 -0.3920
vn 0.0854 -0.9301 -0.3574
vn 0.8492 -0.4549 -0.2682
vn 0.2632 -0.9641 -0.0363
vn 0.2320 -0.9426 -0.2403
vn 0.7680 -0.4553 -0.4504
vn 0.1405 -0.8306 -0.5389
vn 0.3734 -0.5367 -0.7567
vn -0.9741 0.1331 0.1826
vn -0.9392 0.2090 0.2725
vn -0.9683 0.1607 -0.1912
vn -0.9757 0.1213 -0.1826
vn -0.9804 0.1164 -0.1591
vn -0.9876 0.0598 0.1454
vn -0.6498 0.1308 -0.7488
vn -0.6486 0.1357 -0.7489
vn -0.7604 0.2903 0.5809
vn -0.9822 0.0517 0.1808
vn -0.6533 0.1405 -0.7439
vn -0.9822 -0.1511 -0.1116
vn -0.4384 -0.8910 -0.1180
vn -0.3580 -0.9243 0.1322
vn -0.9648 -0.0532 0.2574
vn -0.6586 -0.4044 -0.6346
vn -0.4049 -0.7836 -0.4713
vn -0.2841 -0.9341 0.2162
vn -0.9412 -0.0597 0.3326
vn -0.8011 0.3348 0.4961
vn -0.4356 0.5435 0.7175
vn -0.4434 0.5928 0.6723
vn -0.7585 0.4088 0.5076
vn -0.2497 -0.9529 0.1722
vn -0.2371 -0.9014 0.3622
vn -0.9018 0.2062 0.3799
vn -0.9875 0.1383 0.0753
vn -0.2475 -0.8574 -0.4512
vn -0.9481 -0.0983 -0.3023
vn -0.9718 0.2198 -0.0854
vn -0.9090 0.1429 0.3915
vn 0.1784 -0.4408 0.8797
vn 0.6227 -0.5217 0.5832
vn 0.2804 -0.9316 0.2314
vn -0.1887 -0.8619 0.4706
vn 0.9893 -0.0356 0.1413
vn 0.9563 0.1768 -0.2328
vn -0.7595 0.2769 0.5887
vn -0.9404 0.0334 0.3386
vn -0.8155 0.1528 0.5583
vn -0.3208 -0.9336 0.1595
vn -0.0451 -0.8785 -0.4756
vn 0.8109 0.5626 0.1608
vn 0.5072 0.8428 -0.1801
vn -0.0660 0.9778 -0.1987
vn -0.5709 0.8144 -0.1038
vn -0.8185 0.5389 0.1991
vn 0.8967 0.4179 0.1455
vn 0.9309 0.3643 -0.0249
vn -0.9633 0.1201 0.2399
vn -0.9616 0.1608 0.2224
vn -0.9035 0.2851 0.3201
vn -0.0346 0.7083 0.7051
vn -0.4339 0.5388 0.7221
vn -0.1687 0.2983 0.9395
vn -0.3564 -0.9086 -0.2179
vn 0.7909 0.1563 0.5916
vn 0.6831 0.1725 0.7096
vn 0.3086 0.1869 0.9327
vn -0.1105 0.1648 0.9801
vn -0.3069 0.1469 0.9403
vn -0.9298 -0.2345 -0.2837
vn -0.9697 -0.2412 -0.0379
vn -0.9695 -0.2429 -0.0334
vn -0.9012 -0.2202 0.3732
vn -0.9076 -0.1430 0.3948
vn -0.7431 -0.0222 0.6688
vn -0.8755 -0.2552 0.4103
vn -0.6592 0.5876 0.4692
vn -0.7310 0.6592 0.1766
vn -0.5407 0.7955 0.2735
vn -0.4659 0.7362 0.4909
vn 0.0000 0.9237 0.3830
vn 0.0000 0.4946 -0.8691
vn 0.0264 0.4976 -0.8670
vn 0.0738 0.9824 0.1717
vn -0.5187 0.4184 0.7456
vn -0.5644 0.4185 0.7116
vn 0.2369 0.6312 0.7386
vn -0.3653 0.5847 0.7243
vn -0.4334 0.4509 0.7803
vn -0.4250 0.5099 0.7479
vn -0.2483 0.4468 0.8595
vn -0.4149 0.0530 0.9083
vn -0.6582 0.1417 0.7394
vn -0.4446 0.6727 0.5915
vn -0.2247 0.8350 0.5023
vn -0.2783 0.8167 0.5055
vn -0.3351 0.6616 0.6708
vn -0.8617 0.3180 0.3953
vn -0.9018 0.4291 0.0519
vn -0.4714 0.5236 -0.7097
vn -0.2278 0.4272 -0.8750
vn -0.2314 0.0906 -0.9686
vn -0.5735 0.2810 -0.7695
vn -0.3897 0.7289 0.5628
vn -0.5959 0.5617 0.5739
vn 0.0000 0.6975 0.7166
vn 0.3969 0.6438 0.6542
vn -0.4136 0.7713 0.4838
vn -0.1472 0.8793 0.4530
vn -0.3061 0.5661 0.7654
vn -0.4719 0.5532 0.6865
vn -0.8353 0.2151 0.5060
vn -0.5851 0.5493 0.5967
vn -0.5977 0.0944 0.7962
vn -0.6346 -0.0524 0.7711
vn -0.5763 -0.0517 0.8156
vn -0.8961 -0.1341 0.4230
vn -0.5049 0.6887 -0.5204
vn -0.5552 0.4743 -0.6832
vn -0.4628 0.3978 -0.7922
vn -0.4277 0.6683 -0.6086
vn -0.8467 0.2166 0.4859
vn -0.9654 -0.2456 0.0874
vn -0.9731 -0.2185 0.0723
vn -0.9711 -0.2232 0.0845
vn -0.7234 0.6258 -0.2918
vn -0.8447 0.4146 -0.3384
vn -0.5800 0.7730 -0.2569
vn -0.6488 -0.2327 -0.7245
vn -0.5603 -0.2350 -0.7943
vn 0.2017 0.9773 0.0647
vn 0.0994 0.9609 0.2585
vn -0.0222 0.8892 0.4570
vn -0.0070 0.9122 0.4096
vn 0.0078 0.9618 0.2736
vn -0.8693 -0.2083 0.4482
vn -0.9790 -0.1540 0.1334
vn -0.7475 0.0740 0.6601
vn -0.5379 -0.2166 0.8147
vn -0.5379 -0.2167 0.8147
vn -0.5183 0.0499 0.8537
vn -0.0920 0.7543 0.6500
vn -0.2398 0.7015 0.6711
vn -0.5990 0.5281 0.6019
vn -0.4499 0.3250 0.8318
vn -0.6122 -0.2415 0.7529
vn -0.7409 -0.3793 0.5542
vn -0.9574 -0.2728 -0.0943
vn -0.6020 0.6862 0.4083
vn -0.5389 0.8350 0.1113
vn -0.6309 0.5313 0.5653
vn -0.5387 0.7934 -0.2833
vn -0.5113 0.3088 0.8020
vn -0.0000 0.0615 -0.9981
vn -0.0000 0.0620 -0.9981
vn 0.0685 0.0958 -0.9930
vn 0.0571 0.0878 -0.9945
vn -0.3732 0.2297 -0.8989
vn 0.3930 0.9150 0.0912
vn 0.5125 0.8284 0.2260
vn 0.4549 0.8520 0.2592
vn 0.5228 0.8107 0.2635
vn 0.4411 0.8711 0.2160
vn 0.4368 0.6894 0.5778
vn 0.9298 -0.2345 -0.2837
vn 0.9695 -0.2428 -0.0333
vn 0.9697 -0.2412 -0.0378
vn 0.9012 -0.2202 0.3733
vn 0.8755 -0.2552 0.4103
vn 0.7431 -0.0222 0.6688
vn 0.9076 -0.1430 0.3948
vn 0.6592 0.5876 0.4692
vn 0.4659 0.7362 0.4909
vn 0.5407 0.7955 0.2735
vn 0.7310 0.6592 0.1766
vn -0.0737 0.9824 0.1717
vn -0.0263 0.4976 -0.8670
vn 0.5187 0.4184 0.7456
vn -0.2369 0.6312 0.7386
vn 0.5643 0.4185 0.7116
vn 0.3653 0.5847 0.7244
vn 0.4334 0.4509 0.7803
vn 0.4250 0.5099 0.7479
vn 0.6582 0.1416 0.7394
vn 0.4149 0.0530 0.9083
vn 0.2483 0.4468 0.8595
vn 0.4446 0.6727 0.5915
vn 0.3352 0.6616 0.6708
vn 0.2783 0.8167 0.5055
vn 0.2252 0.8355 0.5013
vn 0.8617 0.3180 0.3953
vn 0.9018 0.4291 0.0519
vn 0.4720 0.5238 -0.7091
vn 0.5734 0.2810 -0.7696
vn 0.2314 0.0906 -0.9686
vn 0.2278 0.4273 -0.8749
vn 0.3897 0.7289 0.5628
vn 0.5959 0.5617 0.5739
vn -0.3969 0.6438 0.6542
vn 0.1472 0.8793 0.4530
vn 0.4136 0.7713 0.4838
vn 0.4719 0.5532 0.6865
vn 0.3061 0.5661 0.7654
vn 0.5851 0.5493 0.5967
vn 0.8353 0.2152 0.5060
vn 0.5977 0.0944 0.7962
vn 0.5763 -0.0517 0.8156
vn 0.6346 -0.0524 0.7711
vn 0.8961 -0.1341 0.4230
vn 0.5049 0.6887 -0.5204
vn 0.4277 0.6683 -0.6086
vn 0.4628 0.3978 -0.7922
vn 0.5552 0.4743 -0.6832
vn 0.8467 0.2166 0.4860
vn 0.9654 -0.2456 0.0874
vn 0.9731 -0.2185 0.0723
vn 0.9711 -0.2232 0.0845
vn 0.7234 0.6258 -0.2918
vn 0.8447 0.4146 -0.3384
vn 0.5800 0.7730 -0.2570
vn 0.6488 -0.2327 -0.7245
vn 0.5603 -0.2350 -0.7943
vn -0.2018 0.9773 0.0648
vn -0.0994 0.9609 0.2585
vn -0.0079 0.9618 0.2736
vn 0.0070 0.9122 0.4096
vn 0.0222 0.8892 0.4571
vn 0.8693 -0.2083 0.4482
vn 0.9790 -0.1540 0.1334
vn 0.7475 0.0740 0.6601
vn 0.5379 -0.2166 0.8147
vn 0.5183 0.0499 0.8537
vn 0.5381 -0.2162 0.8147
vn 0.2398 0.7015 0.6711
vn 0.0920 0.7543 0.6501
vn 0.5988 0.5280 0.6023
vn 0.4499 0.3250 0.8318
vn 0.6122 -0.2416 0.7529
vn 0.7409 -0.3793 0.5542
vn 0.9574 -0.2728 -0.0943
vn 0.6019 0.6863 0.4083
vn 0.5388 0.8351 0.1113
vn 0.6309 0.5313 0.5654
vn 0.5386 0.7935 -0.2833
vn 0.5113 0.3088 0.8020
vn -0.0571 0.0878 -0.9945
vn -0.0685 0.0958 -0.9930
vn 0.3732 0.2297 -0.8989
vn -0.3930 0.9150 0.0913
vn -0.5128 0.8281 0.2262
vn -0.4549 0.8520 0.2592
vn -0.5227 0.8108 0.2635
vn -0.4412 0.8710 0.2160
vn -0.4369 0.6894 0.5778
vn 0.9972 -0.0604 0.0443
vn 0.8996 -0.0953 -0.4261
vn 0.9722 0.1112 -0.2059
vn 0.9930 0.0830 -0.0844
vn 0.9840 0.1656 -0.0661
vn 0.9962 -0.0118 0.0866
vn 0.9818 -0.0281 -0.1879
vn 0.9436 0.3251 -0.0625
vn 0.9166 0.1837 -0.3552
vn 0.9741 0.2211 0.0482
vn 0.8865 0.3651 0.2845
vn 0.8264 0.2017 0.5257
vn 0.4581 0.3834 0.8020
vn -0.0694 0.3662 0.9280
vn 0.2303 0.1514 0.9613
vn 0.0416 0.1053 0.9936
vn -0.8502 -0.4172 -0.3211
vn -0.7784 -0.4168 -0.4694
vn -0.9377 -0.0860 -0.3368
vn -0.9112 -0.1338 -0.3897
vn -0.9938 0.0884 0.0667
vn -0.9371 -0.3017 0.1754
vn -0.3881 -0.3499 -0.8526
vn -0.6326 0.0189 -0.7742
vn -0.6079 -0.0500 0.7925
vn -0.6204 0.3240 0.7143
vn 0.5868 -0.0258 -0.8093
vn 0.0823 0.0982 -0.9918
vn 0.8176 0.4026 0.4116
vn 0.9396 0.3423 0.0027
vn 0.4052 0.4269 0.8084
vn 0.6785 0.2225 -0.7001
vn 0.8370 0.2505 -0.4864
vn 0.8770 0.3261 -0.3528
vn 0.6761 0.3113 -0.6679
vn 0.0952 0.4730 0.8759
vn 0.0757 0.0311 -0.9966
vn -0.7741 -0.4613 -0.4335
vn -0.8566 -0.5160 0.0047
vn -0.9936 -0.1016 0.0489
vn -0.9475 -0.3199 0.0014
vn -0.5695 -0.2138 -0.7937
vn -0.6075 0.3549 0.7106
vn 0.7997 0.4430 0.4053
vn 0.9210 0.3888 0.0241
vn 0.4490 0.4060 0.7960
vn 0.8916 0.3860 -0.2369
vn 0.7418 0.3151 -0.5920
vn 0.2769 0.5355 0.7979
vn 0.6482 0.3442 0.6792
vn 0.3754 0.3270 0.8673
vn 0.1051 -0.1978 -0.9746
vn -0.9121 -0.4100 0.0038
vn -0.8698 -0.4833 -0.0993
vn -0.7584 -0.6512 -0.0288
vn -0.7570 -0.6480 0.0833
vn -0.6908 0.4036 0.5999
vn -0.6828 0.3494 0.6416
vn 0.3271 0.3084 0.8933
vn -0.9915 -0.1270 0.0279
vn -0.9981 -0.0139 0.0597
vn 0.0105 -0.2654 -0.9641
vn -0.0041 -0.2043 -0.9789
vn -0.8284 -0.2759 -0.4874
vn -0.5691 -0.5772 -0.5856
vn 0.7355 -0.0879 0.6718
vn -0.3922 -0.6879 -0.6108
vn -0.5605 -0.6540 -0.5080
vn -0.1328 -0.8033 -0.5806
vn 0.1525 -0.9156 -0.3721
vn 0.4911 0.1713 0.8541
vn 0.4277 0.1866 0.8844
vn 0.9382 0.0553 0.3416
vn 0.9320 0.0469 0.3595
vn 0.8914 0.0425 0.4512
vn 0.8524 0.0436 0.5211
vn 0.9912 -0.0888 -0.0980
vn 0.9994 -0.0298 0.0177
vn 0.9795 -0.0079 0.2014
vn 0.9774 -0.0843 -0.1941
vn -0.0396 -0.2049 -0.9780
vn 0.8848 -0.1592 -0.4379
vn -0.8190 -0.5027 -0.2765
vn -0.7960 -0.5445 -0.2645
vn -0.2309 -0.3196 -0.9190
vn -0.9383 -0.1926 -0.2874
vn -0.6017 -0.1883 -0.7762
vn -0.8829 0.0389 0.4680
vn -0.7963 -0.2295 -0.5597
vn -0.8066 -0.0484 0.5891
vn 0.8089 -0.1443 0.5700
vn 0.6455 -0.2478 -0.7224
vn 0.9270 -0.3217 -0.1929
vn 0.2855 -0.2315 -0.9300
vn -0.0872 0.1346 0.9871
vn 0.8848 -0.3932 -0.2500
vn 0.1937 -0.2673 -0.9439
vn 0.1600 0.0612 0.9852
vn -0.8879 -0.0455 -0.4579
vn 0.2539 0.0165 0.9671
vn 0.9913 -0.1017 0.0837
vn 0.0328 0.0831 0.9960
vn -0.5190 0.0943 0.8496
vn -0.7028 -0.5126 0.4933
vn -0.6754 0.0812 0.7330
vn 0.3752 0.1010 0.9214
vn -0.6201 0.2886 0.7295
vn 0.8761 -0.2833 0.3900
vn 0.5896 -0.5797 -0.5623
vn -0.3508 -0.3012 -0.8867
vn -0.6580 0.0990 0.7464
vn 0.2616 -0.0153 0.9650
vn -0.9893 0.1436 -0.0275
vn -0.9988 0.0223 -0.0444
vn 0.9480 -0.2332 0.2168
vn 0.6169 -0.3445 -0.7076
vn -0.3711 -0.2131 -0.9038
vn -0.6507 -0.6910 -0.3148
vn -0.4114 -0.5936 -0.6916
vn -0.7140 -0.6867 0.1363
vn -0.7268 -0.6820 0.0811
vn -0.5262 -0.7072 -0.4722
vn 0.6373 -0.0451 -0.7693
vn 0.2856 0.1869 0.9400
vn 0.9540 -0.0329 0.2980
vn 0.8942 -0.2857 0.3447
vn 0.6746 -0.3873 -0.6284
vn 0.6784 -0.2382 -0.6950
vn -0.2657 -0.2468 -0.9319
vn -0.2660 -0.2051 -0.9419
vn -0.9620 0.0423 -0.2698
vn -0.9640 0.0259 -0.2648
vn -0.6089 0.1177 0.7845
vn -0.6129 0.2352 0.7543
vn 0.2922 -0.0693 0.9539
vn 0.8317 -0.0188 0.5549
vn 0.9716 -0.1857 -0.1467
vn 0.2285 -0.2337 -0.9451
vn 0.2254 -0.3912 -0.8923
vn -0.6378 -0.1275 -0.7596
vn -0.6388 -0.0680 -0.7664
vn -0.9013 0.1837 0.3924
vn -0.8982 0.2108 0.3857
vn -0.2149 0.1024 0.9713
vn -0.2102 0.2265 0.9511
vn 0.7893 -0.2538 0.5591
vn 0.9677 -0.0725 0.2417
vn 0.9576 -0.1634 -0.2373
vn 0.8887 -0.4174 -0.1894
vn 0.0714 -0.3117 -0.9475
vn 0.0769 -0.1932 -0.9781
vn -0.8223 0.0329 -0.5680
vn -0.8247 0.0036 -0.5656
vn -0.8345 0.1963 0.5149
vn -0.8333 0.2100 0.5113
vn 0.0165 0.0082 0.9998
vn 0.0256 0.1875 0.9819
vn 0.8883 -0.3476 0.3001
vn 0.8703 -0.1933 -0.4529
vn -0.0764 -0.2228 -0.9719
vn -0.1438 -0.3419 -0.9287
vn -0.8769 -0.0816 -0.4738
vn -0.8666 -0.0702 -0.4941
vn -0.7074 0.1649 0.6873
vn -0.7031 0.1436 0.6964
vn 0.1691 0.0448 0.9846
vn 0.1877 0.1295 0.9737
vn 0.9337 -0.3201 0.1602
vn 0.9870 -0.0894 0.1336
vn 0.3063 0.2152 0.9273
vn -0.4524 -0.8186 -0.3539
vn 0.8303 -0.4129 -0.3744
vn 0.9042 -0.4175 -0.0900
vn 0.4334 0.7931 0.4280
vn 0.5173 0.8503 -0.0970
vn -0.1323 0.9700 -0.2037
vn -0.2561 0.9375 0.2357
vn -0.6118 0.5868 0.5304
vn -0.1230 0.2874 0.9499
vn 0.4103 0.6424 -0.6473
vn 0.3818 0.3950 -0.8356
vn -0.3784 0.6132 -0.6934
vn -0.2909 0.7666 -0.5724
vn -0.6773 0.2728 0.6833
vn -0.3105 -0.0092 0.9505
vn 0.1985 0.3151 -0.9281
vn -0.2847 0.5424 -0.7904
vn -0.7798 -0.3057 -0.5464
vn -0.9213 -0.3448 -0.1797
vn -0.8957 0.4275 -0.1224
vn -0.7865 0.4421 -0.4311
vn -0.9424 -0.3343 0.0115
vn -0.8825 -0.2800 0.3778
vn -0.8658 0.4295 0.2569
vn -0.9025 0.4302 0.0224
vn -0.5454 0.4598 -0.7008
vn -0.5601 -0.1271 -0.8186
vn -0.6337 0.4441 0.6334
vn -0.3534 0.0214 0.9352
vn 0.7587 0.4965 0.4216
vn 0.8756 0.4802 -0.0517
vn 0.2230 0.2185 0.9500
vn 0.7198 0.4002 -0.5671
vn 0.5889 0.2857 -0.7560
vn 0.3625 0.0981 -0.9268
vn -0.6501 -0.5630 -0.5103
vn -0.7912 -0.5788 -0.1977
vn -0.8392 -0.5438 0.0056
vn -0.7812 -0.4849 0.3931
vn -0.4548 -0.4519 -0.7674
vn -0.2655 -0.0948 0.9595
vn -0.2052 -0.0580 0.9770
vn 0.9563 0.2921 -0.0144
vn 0.8465 0.3026 0.4379
vn 0.5065 0.0727 0.8592
vn 0.2859 0.1145 0.9514
vn 0.8917 0.1941 -0.4089
vn 0.8246 0.0671 -0.5617
vn 0.1626 -0.0276 -0.9863
vn 0.9198 0.1918 -0.3424
vn -0.6657 -0.5456 -0.5091
vn -0.8001 -0.5039 -0.3255
vn -0.9015 -0.4242 -0.0854
vn -0.9034 -0.2483 0.3496
vn -0.4821 -0.5110 -0.7116
vn -0.5882 0.1761 0.7893
vn -0.5128 0.4069 0.7560
vn 0.4750 0.0454 0.8788
vn 0.2725 -0.1257 0.9539
vn -0.7509 -0.4381 -0.4942
vn -0.2623 -0.8745 -0.4081
vn -0.3902 -0.9060 -0.1643
vn -0.8502 -0.4754 -0.2263
vn -0.4492 -0.6341 0.6293
vn -0.2105 -0.4564 0.8645
vn -0.4943 -0.1965 0.8468
vn -0.7402 -0.3561 0.5703
vn 0.0404 -0.9649 0.2597
vn 0.9243 0.2154 0.3152
vn 0.7756 0.2259 0.5894
vn 0.1121 -0.9677 0.2259
vn 0.0676 -0.9814 0.1799
vn 0.0122 -0.9828 0.1842
vn -0.0787 -0.9717 0.2226
vn 0.9598 0.2003 0.1968
vn 0.9963 0.0426 0.0749
vn 0.2275 -0.3024 0.9256
vn -0.1546 0.0149 0.9879
vn -0.2312 0.0753 0.9700
vn 0.1669 -0.2722 0.9477
vn 0.2105 -0.2190 0.9527
vn 0.0599 -0.4540 0.8890
vn -0.5141 -0.0297 0.8572
vn -0.1169 0.1414 0.9830
vn -0.1789 -0.7809 0.5985
vn -0.8227 -0.3039 0.4805
vn -0.3504 -0.9362 0.0271
vn -0.8743 -0.4819 -0.0576
vn -0.3572 -0.9205 -0.1583
vn -0.8226 -0.5238 -0.2214
vn -0.3983 -0.1544 0.9042
vn -0.0245 -0.4351 0.9001
vn -0.7290 -0.5050 0.4621
vn -0.4059 -0.7543 0.5160
vn -0.8278 -0.5607 -0.0201
vn -0.5379 -0.8421 0.0389
vn -0.7986 -0.5492 -0.2464
vn -0.4462 -0.8804 -0.1609
vn -0.6745 -0.5202 -0.5239
vn -0.2665 -0.8829 -0.3866
vn -0.2312 -0.9089 -0.3470
vn -0.7081 -0.5163 -0.4817
vn 0.0975 -0.8306 -0.5482
vn -0.4353 -0.4371 -0.7871
vn -0.4123 -0.4852 -0.7711
vn 0.0488 -0.8229 -0.5661
vn 0.3961 -0.0216 -0.9180
vn 0.7079 -0.3254 -0.6269
vn 0.7069 0.3475 -0.6161
vn 0.9166 0.0686 -0.3939
vn 0.6929 -0.4054 -0.5963
vn 0.2377 0.0049 -0.9713
vn 0.7539 0.2591 -0.6038
vn -0.0566 0.1217 0.9909
vn 0.2524 -0.1780 0.9511
vn -0.2650 -0.4750 0.8391
vn -0.4288 -0.6485 0.6289
vn -0.5760 -0.8173 -0.0145
vn -0.5400 -0.8075 -0.2374
vn -0.4465 -0.7840 -0.4314
vn 0.4999 -0.0571 0.8642
vn 0.2174 0.2623 0.9402
vn -0.8910 -0.4537 0.0191
vn -0.5301 -0.8446 0.0753
vn -0.4428 -0.3292 -0.8340
vn 0.0792 -0.7366 -0.6716
vn 0.2685 0.0031 -0.9633
vn 0.6663 -0.3737 -0.6454
vn -0.0516 -0.6359 -0.7700
vn 0.6808 -0.1241 -0.7219
vn 0.7082 0.3825 -0.5934
vn 0.9553 0.0189 -0.2949
vn 0.8724 0.1151 -0.4751
vn -0.6555 0.6311 0.4148
vn -0.6966 0.6917 -0.1904
vn -0.8269 0.5400 -0.1573
vn -0.7125 0.5279 0.4622
vn -0.4699 0.3194 0.8229
vn -0.3561 0.1785 0.9173
vn -0.4008 0.7033 -0.5871
vn -0.1380 0.6431 -0.7533
vn -0.5553 0.3915 -0.7337
vn -0.7214 0.4585 -0.5190
vn -0.3065 0.0521 0.9504
vn -0.1678 -0.0874 0.9819
vn 0.1659 0.3847 -0.9080
vn -0.1046 0.2878 -0.9520
vn 0.8620 -0.2148 -0.4592
vn 0.9036 -0.3892 -0.1791
vn 0.9016 -0.4067 -0.1470
vn 0.7881 -0.3830 -0.4818
vn 0.9090 -0.4169 -0.0023
vn 0.8979 -0.3222 0.2998
vn 0.7213 -0.4216 0.5496
vn 0.9192 -0.3915 0.0429
vn 0.6464 -0.0467 -0.7615
vn 0.6096 -0.2235 -0.7605
vn 0.5693 -0.2924 0.7684
vn 0.2018 -0.3316 0.9216
vn 0.3776 0.1573 -0.9125
vn 0.4005 0.0533 -0.9148
vn -0.9488 0.3058 -0.0787
vn -0.8281 0.3415 0.4446
vn -0.4275 0.2432 0.8707
vn -0.8582 0.0897 -0.5054
vn -0.9179 0.1848 -0.3511
vn -0.0130 -0.0181 0.9998
vn -0.6185 -0.0906 -0.7805
vn 0.7204 -0.6747 -0.1608
vn 0.5457 -0.7098 -0.4454
vn 0.5560 -0.5542 0.6194
vn 0.7452 -0.6609 0.0890
vn 0.5335 -0.6271 -0.5676
vn 0.1040 -0.2517 0.9622
vn 0.1131 -0.4539 -0.8838
vn 0.6070 0.7928 0.0546
vn 0.6294 0.7479 -0.2110
vn 0.5898 0.7269 -0.3518
vn 0.5540 0.7251 -0.4091
vn 0.6068 0.7806 0.1495
vn 0.5035 0.8363 0.2169
vn 0.6101 0.6636 -0.4328
vn 0.8067 0.5558 -0.2008
vn 0.8895 0.4332 -0.1458
vn 0.9310 0.3504 -0.1025
vn 0.9344 0.3521 -0.0541
vn 0.8803 0.4744 -0.0065
vn 0.6722 0.6329 -0.3843
vn 0.7341 0.6189 -0.2795
vn -0.9988 -0.0397 0.0275
vn -0.9496 -0.0600 0.3078
vn -0.8770 -0.2247 0.4246
vn -0.9536 -0.2523 -0.1641
vn -0.9842 -0.1123 -0.1368
vn -0.7334 -0.5044 0.4557
vn -0.8251 -0.4711 -0.3120
vn 0.1304 -0.9851 -0.1124
vn 0.0926 -0.9496 -0.2996
vn -0.1627 -0.9051 0.3928
vn 0.0924 -0.9884 0.1204
vn 0.0859 -0.9562 -0.2798
vn -0.5321 -0.6683 0.5199
vn -0.4302 -0.8186 -0.3806
vn 0.6501 0.6366 0.4149
vn 0.7081 0.5339 0.4622
vn 0.8223 0.5469 -0.1573
vn 0.6908 0.6975 -0.1904
vn 0.4672 0.3234 0.8229
vn 0.3545 0.1815 0.9173
vn 0.3949 0.7067 -0.5871
vn 0.7175 0.4646 -0.5190
vn 0.5520 0.3962 -0.7337
vn 0.1326 0.6442 -0.7533
vn 0.3061 0.0547 0.9504
vn 0.1686 -0.0860 0.9819
vn 0.1022 0.2886 -0.9520
vn -0.1692 0.3833 -0.9080
vn -0.8601 -0.2220 -0.4592
vn -0.7849 -0.3897 -0.4818
vn -0.8982 -0.4144 -0.1470
vn -0.9003 -0.3968 -0.1791
vn -0.9054 -0.4245 -0.0023
vn -0.9159 -0.3992 0.0428
vn -0.7177 -0.4277 0.5496
vn -0.8952 -0.3297 0.2998
vn -0.6460 -0.0522 -0.7615
vn -0.6077 -0.2287 -0.7605
vn -0.5668 -0.2972 0.7684
vn -0.1990 -0.3333 0.9216
vn -0.4009 0.0499 -0.9147
vn -0.3789 0.1542 -0.9125
vn 0.8252 0.3484 0.4446
vn 0.9462 0.3137 -0.0787
vn 0.4255 0.2467 0.8707
vn 0.9163 0.1925 -0.3511
vn 0.8574 0.0970 -0.5054
vn 0.0131 -0.0180 0.9998
vn 0.6193 -0.0854 -0.7805
vn -0.5397 -0.7144 -0.4454
vn -0.7146 -0.6807 -0.1609
vn -0.7396 -0.6671 0.0890
vn -0.5513 -0.5589 0.6194
vn -0.5282 -0.6316 -0.5676
vn -0.1018 -0.2526 0.9622
vn -0.1093 -0.4548 -0.8838
vn -0.6357 0.7426 -0.2110
vn -0.6136 0.7877 0.0547
vn -0.5601 0.7204 -0.4091
vn -0.5959 0.7219 -0.3518
vn -0.5105 0.8321 0.2169
vn -0.6134 0.7755 0.1495
vn -0.6157 0.6585 -0.4328
vn -0.8930 0.4257 -0.1458
vn -0.8114 0.5490 -0.2007
vn -0.9373 0.3442 -0.0541
vn -0.9338 0.3428 -0.1027
vn -0.8842 0.4670 -0.0065
vn -0.6775 0.6272 -0.3843
vn -0.7392 0.6127 -0.2795
vn 0.9500 -0.0520 0.3078
vn 0.9991 -0.0313 0.0275
vn 0.8789 -0.2173 0.4246
vn 0.9851 -0.1040 -0.1368
vn 0.9557 -0.2443 -0.1641
vn 0.7376 -0.4982 0.4557
vn 0.8290 -0.4641 -0.3120
vn -0.0846 -0.9503 -0.2996
vn -0.1221 -0.9861 -0.1124
vn -0.0841 -0.9892 0.1204
vn 0.1703 -0.9037 0.3928
vn -0.0779 -0.9569 -0.2798
vn 0.5377 -0.6638 0.5199
vn 0.4371 -0.8149 -0.3806
vn -0.9316 0.3497 -0.0996
vn -0.7365 0.3575 -0.5742
vn -0.7895 0.2797 -0.5463
vn -0.9568 0.2642 -0.1210
vn 0.6394 0.0763 0.7651
vn 0.8979 0.2068 0.3886
vn 0.8451 0.3028 0.4407
vn 0.5835 0.1932 0.7888
vn -0.0000 0.5486 0.8361
vn 0.0000 0.5176 0.8556
vn 0.0824 0.5492 0.8316
vn 0.1480 0.4821 0.8635
vn -0.7848 -0.6191 0.0285
vn -0.8464 -0.4322 0.3112
vn -0.6069 -0.7940 -0.0354
vn -0.7160 -0.6975 -0.0303
vn -0.4220 -0.8974 -0.1290
vn -0.5390 -0.8410 -0.0467
vn -0.8830 0.1056 -0.4573
vn -0.9205 0.0601 -0.3862
vn -0.6654 0.0945 -0.7405
vn -0.5950 0.1186 -0.7949
vn -0.2627 0.0177 -0.9647
vn -0.1973 0.0626 -0.9783
vn -0.8289 -0.5310 0.1760
vn -0.8569 -0.4935 0.1486
vn 0.0000 -1.0000 0.0038
vn -0.0000 -0.7997 0.6005
vn -0.3423 -0.7572 0.5563
vn -0.2104 -0.9776 0.0075
vn -0.6725 -0.6562 0.3423
vn 0.0000 -0.8741 0.4858
vn 0.0000 -0.9920 -0.1261
vn -0.1341 -0.9738 -0.1838
vn -0.1601 -0.8026 0.5746
vn 0.3494 -0.3305 0.8768
vn 0.0000 -0.4558 0.8901
vn -0.4714 -0.4614 0.7516
vn -0.9977 0.0245 -0.0626
vn -0.9973 -0.0106 -0.0724
vn -0.9998 0.0164 -0.0140
vn -0.9860 0.0731 0.1499
vn -0.9938 -0.0375 0.1046
vn -0.9998 -0.0066 0.0191
vn -0.9596 0.0643 0.2741
vn -0.9879 -0.1320 0.0813
vn -0.8241 0.3424 -0.4513
vn -0.9265 0.3625 0.1010
vn -0.4788 0.3065 -0.8227
vn -0.0961 0.2323 -0.9679
vn -0.0000 0.0260 -0.9997
vn -0.0000 0.2059 -0.9786
vn 0.5810 0.0781 0.8101
vn 0.0000 0.1064 0.9943
vn -0.9228 0.3258 0.2055
vn -0.9235 0.3175 0.2152
vn -0.8362 0.3459 0.4256
vn -0.9626 -0.2335 0.1375
vn -0.9613 -0.0168 0.2750
vn -0.7713 -0.0047 0.6364
vn -0.8212 0.2921 0.4902
vn -0.6117 0.2437 0.7526
vn -0.5345 0.2375 -0.8111
vn -0.6157 0.3184 -0.7208
vn -0.5340 0.4312 -0.7273
vn -0.4710 0.4437 -0.7624
vn -0.2874 0.4391 -0.8512
vn 0.2733 0.3369 -0.9010
vn 0.3468 -0.1141 -0.9310
vn -0.2626 0.0626 -0.9629
vn -0.0589 -0.3546 -0.9331
vn -0.0804 -0.3379 -0.9378
vn 0.2393 -0.2746 -0.9313
vn 0.0304 -0.3268 -0.9446
vn -0.3131 0.4560 -0.8331
vn -0.1824 0.4921 -0.8512
vn -0.0250 0.2391 -0.9707
vn -0.2765 0.1632 -0.9471
vn -0.0777 0.1950 -0.9777
vn 0.1438 0.1510 -0.9780
vn 0.2854 0.0684 -0.9560
vn 0.0611 0.0848 -0.9945
vn -0.3805 -0.4219 0.8230
vn -0.2655 -0.3061 0.9142
vn -0.1308 -0.2602 0.9566
vn -0.1691 -0.5150 0.8404
vn -0.0914 -0.4279 0.8992
vn -0.3796 -0.5171 0.7671
vn -0.4852 -0.3146 0.8159
vn -0.1072 -0.2779 0.9546
vn -0.5163 0.4984 -0.6964
vn -0.5880 0.7590 -0.2795
vn -0.2860 0.9304 -0.2292
vn -0.3841 0.6722 -0.6329
vn -0.9540 -0.0302 -0.2984
vn -0.9322 -0.1404 -0.3335
vn -0.6357 -0.1950 -0.7469
vn -0.6084 -0.0175 -0.7935
vn -0.4871 0.7730 0.4064
vn -0.2085 0.9097 0.3592
vn -0.9532 -0.2651 -0.1453
vn -0.9890 -0.1472 0.0166
vn -0.9921 -0.1213 0.0317
vn -0.9771 -0.0979 -0.1888
vn -0.9863 -0.1648 -0.0108
vn -0.9480 -0.2980 -0.1120
vn -0.2439 0.5551 0.7952
vn -0.0547 0.3686 0.9280
vn 0.0118 0.5323 0.8465
vn -0.0703 0.6950 0.7155
vn -0.9246 -0.1183 0.3621
vn -0.8962 -0.0736 0.4375
vn -0.7231 -0.1947 0.6628
vn -0.8932 -0.2165 0.3941
vn -0.9567 -0.1817 0.2275
vn -0.7456 -0.1034 0.6583
vn -0.6086 -0.2703 0.7460
vn -0.9182 -0.2948 0.2645
vn -0.4538 0.6946 0.5583
vn -0.4848 0.7838 0.3882
vn -0.4687 0.7902 0.3948
vn -0.3906 0.7110 0.5848
vn 0.0000 0.1183 -0.9930
vn 0.0185 0.2212 -0.9750
vn -0.0000 0.1797 -0.9837
vn -0.5767 0.3250 0.7495
vn -0.4940 0.4018 0.7710
vn 0.1551 0.5187 0.8408
vn 0.3442 0.5287 0.7758
vn -0.3753 -0.2477 -0.8932
vn -0.4293 -0.0401 -0.9023
vn -0.1220 -0.0785 -0.9894
vn -0.3936 -0.3734 -0.8400
vn -0.3937 -0.3468 -0.8513
vn -0.3550 -0.1787 -0.9176
vn -0.3564 -0.1386 -0.9240
vn 0.0458 0.1005 -0.9939
vn 0.2842 0.1231 -0.9508
vn 0.2365 0.0963 -0.9669
vn -0.1302 0.0692 -0.9891
vn 0.0000 -0.3172 -0.9484
vn 0.0000 -0.1994 -0.9799
vn -0.0472 -0.2042 -0.9778
vn -0.1083 0.6245 0.7735
vn -0.3225 0.6697 0.6690
vn -0.4221 0.5973 0.6820
vn -0.1441 0.5884 0.7956
vn -0.2515 -0.1940 0.9482
vn -0.1744 -0.1215 0.9771
vn -0.3376 -0.2901 0.8955
vn -0.4153 -0.2765 0.8666
vn 0.0000 0.0705 0.9975
vn -0.1711 -0.0205 0.9850
vn 0.0000 -0.0508 0.9987
vn -0.8339 0.4870 -0.2598
vn -0.6892 0.2428 -0.6827
vn -0.6556 -0.7191 -0.2302
vn -0.7340 -0.6329 -0.2462
vn -0.8942 -0.4405 -0.0796
vn -0.7867 -0.5863 -0.1934
vn -0.7256 0.5153 0.4560
vn -0.6081 -0.4122 0.6785
vn -0.8447 -0.4264 0.3236
vn -0.4717 0.4453 0.7611
vn -0.3665 0.6500 0.6657
vn -0.0285 0.8625 0.5053
vn 0.1481 0.7400 0.6561
vn -0.4123 0.4951 0.7648
vn -0.2699 0.0567 0.9612
vn -0.6483 0.1273 0.7507
vn -0.4711 0.6585 0.5870
vn -0.1870 0.8222 0.5376
vn -0.1417 0.7578 0.6369
vn -0.1655 0.5932 0.7878
vn 0.0000 0.6326 0.7745
vn -0.0000 0.7307 0.6827
vn 0.1037 0.5984 0.7945
vn 0.4278 0.1430 0.8925
vn -0.5832 0.2598 0.7696
vn 0.4968 0.3397 0.7986
vn -0.7458 0.2862 0.6015
vn -0.6294 0.6351 0.4478
vn -0.6664 0.6924 0.2765
vn -0.3995 0.5692 -0.7186
vn -0.6009 0.3597 -0.7138
vn -0.4371 0.2404 -0.8667
vn -0.0708 0.4008 -0.9134
vn -0.1897 0.0759 -0.9789
vn 0.1731 0.1508 -0.9733
vn -0.2443 0.1042 -0.9641
vn -0.2070 0.0810 -0.9750
vn -0.2270 0.0835 -0.9703
vn -0.1391 0.0567 -0.9887
vn -0.5759 0.3208 -0.7519
vn -0.4659 0.1754 -0.8672
vn -0.3304 0.0689 -0.9413
vn -0.7597 0.5769 0.3001
vn -0.7037 0.4866 0.5177
vn -0.5767 0.7184 0.3890
vn -0.4343 0.7620 0.4804
vn -0.2887 0.6849 0.6690
vn -0.3777 0.6211 0.6867
vn 0.0000 0.6536 0.7569
vn 0.0000 0.6436 0.7654
vn 0.5200 0.5653 0.6403
vn 0.3836 0.5841 0.7153
vn 0.6013 0.3959 0.6940
vn 0.0000 0.4852 0.8744
vn -0.1246 -0.1456 -0.9815
vn -0.2957 -0.3665 -0.8822
vn -0.2226 -0.1714 -0.9597
vn -0.1587 -0.4579 -0.8747
vn -0.1782 -0.2481 -0.9522
vn -0.1876 -0.2136 -0.9587
vn -0.2688 -0.3568 -0.8947
vn -0.2636 -0.3372 -0.9038
vn 0.1536 0.9582 0.2414
vn 0.0533 0.9852 0.1629
vn -0.0708 0.8882 0.4539
vn -0.4756 0.5288 0.7030
vn -0.7319 0.2938 0.6148
vn -0.6325 0.5189 0.5750
vn -0.7594 -0.3157 0.5689
vn -0.6456 -0.0537 0.7618
vn -0.4515 0.0228 0.8920
vn -0.3484 -0.2275 -0.9093
vn -0.1384 -0.2504 -0.9582
vn -0.0409 -0.4079 -0.9121
vn -0.3387 -0.3547 -0.8715
vn 0.2724 -0.1324 -0.9530
vn -0.1113 -0.0786 0.9907
vn -0.4685 -0.1326 0.8735
vn -0.0000 0.2220 0.9750
vn 0.1733 0.2106 0.9621
vn -0.0000 0.2095 0.9778
vn -0.6232 -0.3672 -0.6905
vn -0.5133 -0.6181 -0.5954
vn -0.8577 -0.1936 0.4763
vn -0.3567 -0.3382 -0.8709
vn -0.1623 0.2679 -0.9497
vn 0.0347 0.2449 -0.9689
vn 0.1137 0.5383 -0.8350
vn -0.2085 0.5427 -0.8136
vn -0.7836 0.4153 -0.4621
vn -0.8286 0.3991 -0.3925
vn -0.5920 0.1170 -0.7974
vn -0.9061 0.4023 0.1313
vn -0.9071 0.3613 0.2160
vn -0.7734 -0.0311 0.6332
vn -0.9722 -0.1465 0.1826
vn -0.8610 0.3653 0.3539
vn -0.6489 0.3693 0.6652
vn -0.5212 0.2074 0.8278
vn -0.4006 0.5518 0.7315
vn -0.3794 0.6709 -0.6371
vn 0.1920 -0.1480 -0.9702
vn -0.0902 -0.2615 -0.9610
vn -0.0000 -0.1476 -0.9890
vn 0.0000 0.1107 -0.9939
vn -0.3814 -0.1641 -0.9097
vn -0.2422 -0.0359 -0.9696
vn -0.4405 0.8303 0.3416
vn -0.1144 0.8935 0.4342
vn 0.0051 0.9713 0.2378
vn -0.0511 0.9485 0.3126
vn -0.0086 0.7799 0.6259
vn -0.4675 0.3104 0.8277
vn -0.4883 0.2454 -0.8375
vn -0.3642 -0.1181 -0.9238
vn -0.5362 0.0836 -0.8399
vn -0.6596 -0.1252 -0.7411
vn -0.4424 -0.4784 -0.7586
vn -0.4320 -0.3241 -0.8417
vn -0.5589 -0.1844 -0.8085
vn 0.6026 -0.7978 0.0204
vn -0.9411 -0.3345 0.0503
vn -0.8035 -0.3871 0.4523
vn 0.1440 -0.7359 0.6616
vn 0.5532 -0.8052 0.2136
vn -0.3407 -0.3445 0.8748
vn -0.6548 -0.2549 0.7115
vn -0.9944 -0.1054 0.0041
vn -0.9919 -0.1268 0.0087
vn -0.9701 -0.2384 0.0446
vn -0.3192 -0.3282 -0.8891
vn -0.7616 0.4828 -0.4323
vn -0.6887 0.6019 -0.4043
vn -0.5716 0.7415 -0.3513
vn -0.4710 0.8236 -0.3159
vn -0.4365 0.7894 0.4317
vn -0.3992 0.9155 -0.0488
vn -0.3756 0.7457 -0.5503
vn -0.6678 -0.1847 -0.7211
vn -0.2563 -0.0394 -0.9658
vn -0.2163 -0.5954 -0.7738
vn -0.1796 -0.5868 -0.7895
vn -0.4824 -0.7108 -0.5120
vn -0.0000 0.5206 -0.8538
vn -0.0000 0.2914 -0.9566
vn 0.0000 -0.2565 -0.9665
vn 0.0000 0.0539 -0.9985
vn -0.1869 0.2696 -0.9447
vn 0.0000 0.1190 -0.9929
vn 0.0000 0.1908 -0.9816
vn -0.1005 0.5505 0.8288
vn -0.0899 0.2302 0.9690
vn 0.1571 -0.0038 0.9876
vn 0.1463 -0.3930 0.9078
vn 0.0113 -0.2209 0.9752
vn 0.0000 -0.1947 0.9809
vn 0.0000 -0.3690 0.9294
vn -0.9090 -0.1827 0.3747
vn -0.8106 -0.0159 0.5853
vn 0.0000 -0.1384 0.9904
vn -0.0000 0.2645 0.9644
vn -0.9668 -0.1453 -0.2101
vn -0.9859 -0.1476 0.0789
vn -0.3831 0.1297 0.9145
vn -0.3639 -0.0082 0.9314
vn -0.3165 0.1889 -0.9296
vn -0.3521 0.0488 -0.9347
vn -0.3084 -0.1410 0.9407
vn -0.4436 -0.0878 0.8919
vn -0.4930 0.2762 -0.8250
vn -0.4379 0.4312 -0.7889
vn -0.3155 0.3254 0.8914
vn -0.9206 0.3048 -0.2440
vn -0.9275 0.2418 -0.2851
vn -0.9641 0.2654 0.0049
vn -0.6284 0.4209 0.6542
vn -0.8079 0.4768 0.3464
vn -0.9181 0.2360 0.3183
vn -0.6907 0.1264 0.7120
vn -0.3799 -0.0555 0.9233
vn -0.4226 0.3056 0.8533
vn -0.8419 -0.3290 0.4277
vn -0.9256 -0.3785 0.0067
vn -0.8435 -0.5277 -0.1004
vn -0.1921 0.0407 0.9805
vn -0.1383 0.7114 0.6890
vn -0.9840 0.1758 -0.0305
vn -0.9028 0.1571 0.4004
vn -0.5899 0.0359 0.8067
vn -0.0757 -0.1002 0.9921
vn -0.6364 -0.2515 0.7292
vn -0.3621 -0.1364 0.9221
vn -0.2903 -0.0712 0.9543
vn -0.1351 0.1536 0.9788
vn 0.2469 -0.2807 0.9275
vn -0.0067 0.0270 0.9996
vn 0.0000 0.1082 0.9941
vn 0.0000 -0.0718 0.9974
vn -0.1564 0.0439 0.9867
vn 0.0000 -0.1272 0.9919
vn -0.0000 0.0486 0.9988
vn -0.0000 -0.1806 0.9836
vn -0.2022 -0.2778 0.9391
vn -0.3083 -0.5337 0.7875
vn 0.0000 -0.5437 0.8393
vn 0.2035 -0.3635 0.9091
vn 0.0000 -0.8517 0.5241
vn -0.8353 0.2396 -0.4949
vn -0.9723 0.2294 0.0453
vn -0.8300 0.0934 0.5499
vn -0.4700 0.0058 0.8827
vn -0.1272 -0.1187 0.9847
vn -0.2547 0.0191 0.9668
vn -0.1533 -0.3561 -0.9218
vn -0.5375 -0.1291 -0.8333
vn 0.3418 -0.4449 -0.8278
vn -0.0000 -0.5216 -0.8532
vn 0.0000 -0.0983 -0.9952
vn 0.1282 -0.0637 0.9897
vn 0.3773 -0.1137 0.9191
vn -0.9562 0.1964 -0.2169
vn -0.8642 0.2127 0.4560
vn -0.6369 0.0686 0.7679
vn -0.6566 -0.0400 -0.7531
vn -0.8186 0.0510 -0.5721
vn -0.3954 -0.1410 0.9076
vn -0.3367 -0.2249 -0.9143
vn 0.9014 -0.4298 -0.0518
vn 0.7791 -0.4599 -0.4260
vn 0.8139 -0.3801 0.4394
vn 0.9071 -0.3956 0.1441
vn 0.4499 -0.3579 -0.8182
vn 0.3391 -0.2439 0.9086
vn 0.2479 -0.2535 -0.9350
vn -0.9430 0.3091 -0.1237
vn -0.8497 0.2521 0.4630
vn -0.6151 0.1602 0.7720
vn -0.5344 0.2104 -0.8186
vn -0.7643 0.2773 -0.5822
vn -0.2105 0.0203 0.9774
vn -0.1009 0.0305 -0.9944
vn -0.8451 0.3028 0.4407
vn -0.5835 0.1932 0.7888
vn -0.5088 0.2652 -0.8190
vn -0.2731 0.0141 0.9619
vn -0.1153 0.0309 -0.9928
vn 0.8043 -0.5780 -0.1381
vn 0.7050 -0.5259 -0.4757
vn 0.6995 -0.5552 0.4499
vn 0.7999 -0.5846 0.1353
vn 0.5049 -0.3692 -0.7803
vn 0.3157 -0.3441 0.8842
vn 0.2249 -0.1816 -0.9573
vn -0.8979 0.2068 0.3886
vn -0.5874 0.1889 -0.7870
vn -0.6394 0.0763 0.7651
vn -0.3980 -0.0592 0.9155
vn -0.1947 -0.0309 -0.9804
vn 0.6363 -0.7446 -0.2018
vn 0.6004 -0.6135 -0.5129
vn 0.5192 -0.7237 0.4546
vn 0.5990 -0.7910 0.1250
vn 0.1743 -0.4616 0.8698
vn 0.1349 -0.2080 -0.9688
vn 0.4360 -0.4178 -0.7970
vn 0.0000 -0.0657 -0.9978
vn 0.0000 -0.0779 0.9970
vn 0.0000 -0.1057 0.9944
vn 0.8680 -0.4020 0.2914
vn 0.5568 -0.0374 0.8298
vn 0.9693 -0.0076 0.2459
vn 0.7944 -0.4824 -0.3691
vn 0.9576 -0.0881 -0.2742
vn 0.5028 -0.0126 0.8643
vn 0.9647 0.0285 -0.2617
vn 0.5480 0.1038 -0.8300
vn 0.4923 -0.1605 -0.8555
vn 0.0109 -0.0564 -0.9983
vn 0.0939 0.1660 -0.9816
vn -0.3773 0.2255 -0.8982
vn -0.3439 0.1060 -0.9330
vn -0.8172 0.2795 -0.5041
vn -0.9587 0.2811 0.0441
vn -0.8448 0.1446 -0.5151
vn -0.9884 0.1504 -0.0186
vn -0.8601 0.1943 0.4717
vn -0.8727 0.1004 0.4778
vn 0.2532 0.0376 0.9667
vn 0.3401 -0.1255 0.9320
vn 0.5733 -0.1339 0.8084
vn 0.5114 -0.1201 0.8509
vn 0.9582 -0.1714 0.2290
vn 0.9526 -0.1440 -0.2678
vn 0.5039 -0.0412 -0.8628
vn -0.4462 0.0724 -0.8920
vn 0.0233 0.0004 -0.9997
vn -0.8552 -0.0353 -0.5170
vn -0.9951 0.0059 -0.0984
vn -0.8941 -0.0112 0.4477
vn -0.6770 -0.0626 0.7333
vn -0.7196 0.0443 0.6930
vn 0.3688 -0.2173 0.9037
vn 0.5989 -0.1995 0.7756
vn -0.2474 -0.0461 0.9678
vn -0.6285 0.0268 0.7774
vn -0.5287 -0.1138 0.8411
vn -0.1096 -0.1657 0.9801
vn 0.5583 -0.2265 0.7981
vn 0.9207 -0.3450 0.1826
vn 0.9104 -0.3365 -0.2407
vn 0.4727 -0.2615 -0.8415
vn -0.4823 -0.1113 -0.8689
vn -0.0534 -0.1659 -0.9847
vn -0.0853 -0.2435 -0.9661
vn -0.4986 -0.1569 -0.8525
vn -0.3763 0.0875 0.9224
vn -0.6774 0.1183 0.7260
vn -0.9812 -0.0607 -0.1833
vn -0.8847 -0.0546 0.4629
vn -0.6432 -0.0911 0.7602
vn -0.4532 -0.1370 0.8808
vn 0.4415 -0.1652 0.8819
vn 0.6123 -0.2728 0.7421
vn -0.0458 -0.1245 0.9912
vn 0.9134 -0.3658 0.1786
vn 0.8990 -0.3820 -0.2143
vn 0.4641 -0.3975 -0.7916
vn -0.8477 -0.1027 -0.5204
vn 0.0000 -0.9761 0.2175
vn 0.0000 -0.8641 -0.5033
vn -0.9205 -0.3901 0.0211
vn -0.9802 -0.1960 -0.0268
vn 0.0253 -0.0677 0.9974
vn -0.9968 -0.0734 0.0322
vn -0.9971 0.0326 0.0683
vn -0.9988 0.0364 -0.0314
vn 0.7848 -0.6191 0.0285
vn 0.7160 -0.6975 -0.0303
vn 0.6069 -0.7940 -0.0354
vn 0.8464 -0.4322 0.3112
vn 0.5391 -0.8410 -0.0467
vn 0.4220 -0.8974 -0.1290
vn 0.8830 0.1056 -0.4573
vn 0.5950 0.1186 -0.7949
vn 0.6653 0.0945 -0.7406
vn 0.9204 0.0601 -0.3862
vn 0.1973 0.0626 -0.9783
vn 0.2627 0.0177 -0.9647
vn 0.8569 -0.4935 0.1486
vn 0.8289 -0.5310 0.1760
vn 0.2104 -0.9776 0.0075
vn 0.3423 -0.7572 0.5563
vn 0.6725 -0.6562 0.3423
vn 0.1601 -0.8026 0.5746
vn 0.1341 -0.9738 -0.1839
vn -0.3494 -0.3305 0.8768
vn 0.4714 -0.4613 0.7517
vn 0.9973 -0.0107 -0.0724
vn 0.9977 0.0245 -0.0626
vn 0.9998 0.0164 -0.0140
vn 0.9998 -0.0066 0.0191
vn 0.9938 -0.0374 0.1046
vn 0.9860 0.0731 0.1499
vn 0.9879 -0.1320 0.0813
vn 0.9596 0.0643 0.2741
vn 0.9265 0.3625 0.1010
vn 0.8241 0.3424 -0.4513
vn 0.4788 0.3065 -0.8227
vn 0.0961 0.2323 -0.9679
vn -0.5811 0.0781 0.8101
vn 0.9235 0.3175 0.2152
vn 0.9228 0.3258 0.2055
vn 0.8362 0.3459 0.4256
vn 0.7714 -0.0047 0.6364
vn 0.9613 -0.0168 0.2750
vn 0.9626 -0.2335 0.1375
vn 0.6117 0.2437 0.7526
vn 0.8212 0.2921 0.4902
vn 0.5345 0.2375 -0.8111
vn 0.4711 0.4436 -0.7624
vn 0.5340 0.4312 -0.7273
vn 0.6157 0.3184 -0.7208
vn 0.2874 0.4391 -0.8513
vn 0.2626 0.0626 -0.9629
vn -0.3468 -0.1141 -0.9310
vn -0.2733 0.3369 -0.9010
vn 0.0589 -0.3546 -0.9331
vn -0.0304 -0.3268 -0.9446
vn -0.2393 -0.2746 -0.9313
vn 0.0804 -0.3379 -0.9377
vn 0.3130 0.4560 -0.8331
vn 0.2765 0.1632 -0.9471
vn 0.0250 0.2391 -0.9707
vn 0.1824 0.4921 -0.8512
vn 0.0777 0.1950 -0.9777
vn -0.0611 0.0848 -0.9945
vn -0.2854 0.0684 -0.9560
vn -0.1437 0.1509 -0.9780
vn 0.3805 -0.4219 0.8230
vn 0.1691 -0.5150 0.8404
vn 0.1308 -0.2602 0.9566
vn 0.2655 -0.3061 0.9142
vn 0.0915 -0.4279 0.8992
vn 0.1072 -0.2779 0.9546
vn 0.4852 -0.3146 0.8159
vn 0.3796 -0.5171 0.7671
vn 0.5163 0.4984 -0.6964
vn 0.3841 0.6722 -0.6329
vn 0.2860 0.9304 -0.2292
vn 0.5880 0.7590 -0.2795
vn 0.9540 -0.0302 -0.2984
vn 0.6084 -0.0175 -0.7935
vn 0.6357 -0.1950 -0.7469
vn 0.9322 -0.1404 -0.3335
vn 0.2085 0.9097 0.3592
vn 0.4871 0.7730 0.4064
vn 0.9532 -0.2651 -0.1453
vn 0.9771 -0.0979 -0.1888
vn 0.9921 -0.1213 0.0317
vn 0.9890 -0.1472 0.0166
vn 0.9480 -0.2980 -0.1120
vn 0.9863 -0.1648 -0.0108
vn 0.2439 0.5551 0.7952
vn 0.0703 0.6950 0.7155
vn -0.0118 0.5323 0.8465
vn 0.0547 0.3686 0.9280
vn 0.9246 -0.1183 0.3621
vn 0.8932 -0.2165 0.3941
vn 0.7231 -0.1947 0.6628
vn 0.8962 -0.0736 0.4375
vn 0.9567 -0.1817 0.2275
vn 0.9182 -0.2948 0.2645
vn 0.6176 -0.2710 0.7383
vn 0.7456 -0.1034 0.6583
vn 0.4538 0.6946 0.5582
vn 0.3906 0.7110 0.5848
vn 0.4687 0.7902 0.3948
vn 0.4848 0.7838 0.3881
vn -0.0185 0.2212 -0.9750
vn 0.5767 0.3250 0.7495
vn -0.3442 0.5288 0.7758
vn -0.1551 0.5187 0.8408
vn 0.4940 0.4019 0.7710
vn 0.3753 -0.2477 -0.8932
vn 0.1220 -0.0785 -0.9894
vn 0.4293 -0.0401 -0.9023
vn 0.3936 -0.3735 -0.8400
vn 0.3564 -0.1386 -0.9240
vn 0.3550 -0.1787 -0.9176
vn 0.3937 -0.3468 -0.8513
vn -0.0458 0.1005 -0.9939
vn 0.1302 0.0692 -0.9891
vn -0.2365 0.0963 -0.9669
vn -0.2842 0.1232 -0.9508
vn 0.0472 -0.2041 -0.9778
vn 0.1083 0.6245 0.7735
vn 0.1441 0.5885 0.7956
vn 0.4221 0.5973 0.6820
vn 0.3225 0.6697 0.6690
vn 0.2414 -0.1921 0.9512
vn 0.4153 -0.2765 0.8666
vn 0.3433 -0.2719 0.8990
vn 0.1713 -0.1134 0.9787
vn 0.1711 -0.0205 0.9850
vn 0.8339 0.4870 -0.2598
vn 0.6892 0.2428 -0.6827
vn 0.6557 -0.7191 -0.2302
vn 0.7867 -0.5863 -0.1934
vn 0.8942 -0.4405 -0.0795
vn 0.7340 -0.6329 -0.2462
vn 0.7256 0.5153 0.4560
vn 0.8447 -0.4264 0.3236
vn 0.6159 -0.4007 0.6783
vn 0.3665 0.6500 0.6657
vn 0.4716 0.4453 0.7611
vn -0.1481 0.7400 0.6561
vn 0.0285 0.8625 0.5053
vn 0.4123 0.4951 0.7648
vn 0.6483 0.1273 0.7507
vn 0.2699 0.0567 0.9612
vn 0.4710 0.6585 0.5870
vn 0.1655 0.5932 0.7878
vn 0.1417 0.7578 0.6369
vn 0.1870 0.8222 0.5376
vn -0.1037 0.5983 0.7945
vn -0.4278 0.1430 0.8925
vn -0.4968 0.3397 0.7986
vn 0.5832 0.2598 0.7696
vn 0.7458 0.2862 0.6015
vn 0.6294 0.6351 0.4478
vn 0.6665 0.6924 0.2765
vn 0.3995 0.5692 -0.7186
vn 0.0708 0.4008 -0.9134
vn 0.4371 0.2404 -0.8667
vn 0.6009 0.3597 -0.7138
vn -0.1731 0.1508 -0.9733
vn 0.1897 0.0759 -0.9789
vn 0.2443 0.1042 -0.9641
vn 0.1391 0.0567 -0.9887
vn 0.2270 0.0835 -0.9703
vn 0.2070 0.0810 -0.9750
vn 0.5759 0.3208 -0.7519
vn 0.4659 0.1754 -0.8673
vn 0.3304 0.0689 -0.9413
vn 0.7597 0.5769 0.3001
vn 0.7037 0.4866 0.5177
vn 0.5767 0.7184 0.3890
vn 0.3777 0.6211 0.6867
vn 0.2887 0.6849 0.6690
vn 0.4343 0.7620 0.4804
vn -0.3836 0.5841 0.7153
vn -0.5200 0.5653 0.6403
vn -0.6013 0.3959 0.6940
vn 0.1246 -0.1456 -0.9815
vn 0.2226 -0.1714 -0.9597
vn 0.2957 -0.3665 -0.8822
vn 0.1782 -0.2481 -0.9522
vn 0.1587 -0.4579 -0.8747
vn 0.2636 -0.3372 -0.9038
vn 0.2688 -0.3568 -0.8947
vn 0.1876 -0.2136 -0.9587
vn -0.0533 0.9852 0.1628
vn -0.1536 0.9582 0.2414
vn 0.0708 0.8882 0.4539
vn 0.4756 0.5288 0.7030
vn 0.6325 0.5189 0.5750
vn 0.7319 0.2938 0.6148
vn 0.7594 -0.3157 0.5689
vn 0.4515 0.0228 0.8920
vn 0.6456 -0.0537 0.7618
vn 0.3484 -0.2275 -0.9093
vn 0.3387 -0.3547 -0.8715
vn 0.0409 -0.4079 -0.9121
vn 0.1384 -0.2503 -0.9582
vn -0.2724 -0.1324 -0.9530
vn 0.1113 -0.0786 0.9907
vn 0.4685 -0.1326 0.8735
vn -0.1733 0.2106 0.9621
vn -0.1480 0.4821 0.8635
vn 0.5133 -0.6181 -0.5954
vn 0.6232 -0.3672 -0.6905
vn 0.8577 -0.1936 0.4763
vn 0.3566 -0.3382 -0.8709
vn 0.1623 0.2679 -0.9497
vn 0.2085 0.5427 -0.8136
vn -0.1137 0.5383 -0.8350
vn -0.0347 0.2449 -0.9689
vn 0.7836 0.4153 -0.4621
vn 0.5932 0.1170 -0.7965
vn 0.8286 0.3991 -0.3925
vn 0.9071 0.3613 0.2159
vn 0.9061 0.4022 0.1313
vn 0.7734 -0.0311 0.6332
vn 0.6489 0.3693 0.6652
vn 0.8610 0.3653 0.3539
vn 0.9722 -0.1465 0.1826
vn 0.4006 0.5518 0.7315
vn 0.5212 0.2074 0.8278
vn 0.3794 0.6709 -0.6371
vn 0.0902 -0.2615 -0.9610
vn -0.1920 -0.1480 -0.9702
vn 0.2422 -0.0359 -0.9696
vn 0.3814 -0.1641 -0.9097
vn 0.4405 0.8303 0.3416
vn -0.0051 0.9713 0.2379
vn 0.1144 0.8935 0.4343
vn 0.0511 0.9485 0.3126
vn 0.0086 0.7799 0.6259
vn 0.4675 0.3104 0.8277
vn 0.4883 0.2454 -0.8375
vn 0.5362 0.0836 -0.8399
vn 0.3642 -0.1181 -0.9238
vn 0.6596 -0.1252 -0.7411
vn 0.5589 -0.1844 -0.8085
vn 0.4320 -0.3241 -0.8417
vn 0.4423 -0.4785 -0.7586
vn -0.6026 -0.7977 0.0204
vn 0.9411 -0.3345 0.0503
vn -0.5532 -0.8052 0.2136
vn -0.1440 -0.7360 0.6615
vn 0.8035 -0.3871 0.4523
vn 0.6548 -0.2549 0.7115
vn 0.3407 -0.3445 0.8748
vn 0.9944 -0.1054 0.0041
vn 0.9919 -0.1268 0.0087
vn 0.9701 -0.2384 0.0446
vn 0.3192 -0.3282 -0.8891
vn 0.7616 0.4828 -0.4323
vn 0.5716 0.7415 -0.3513
vn 0.6887 0.6019 -0.4043
vn 0.4710 0.8236 -0.3159
vn 0.4365 0.7894 0.4317
vn 0.3756 0.7457 -0.5503
vn 0.3992 0.9155 -0.0488
vn 0.6678 -0.1847 -0.7211
vn 0.2564 -0.0394 -0.9658
vn 0.2163 -0.5954 -0.7738
vn 0.4824 -0.7108 -0.5120
vn 0.1797 -0.5868 -0.7895
vn 0.1869 0.2696 -0.9447
vn -0.0824 0.5492 0.8316
vn 0.0899 0.2303 0.9690
vn 0.1005 0.5505 0.8288
vn -0.1572 -0.0039 0.9876
vn -0.1463 -0.3931 0.9078
vn -0.0113 -0.2209 0.9752
vn 0.9090 -0.1827 0.3747
vn 0.8106 -0.0158 0.5853
vn 0.9668 -0.1453 -0.2101
vn 0.9859 -0.1476 0.0789
vn 0.3733 -0.0216 0.9275
vn 0.3831 0.1297 0.9145
vn 0.3521 0.0488 -0.9347
vn 0.3165 0.1889 -0.9296
vn 0.2999 -0.1440 0.9430
vn 0.4408 -0.1003 0.8920
vn 0.4379 0.4312 -0.7889
vn 0.4930 0.2762 -0.8250
vn 0.3155 0.3254 0.8914
vn 0.9206 0.3048 -0.2440
vn 0.9275 0.2418 -0.2851
vn 0.9641 0.2654 0.0049
vn 0.6284 0.4209 0.6542
vn 0.6907 0.1264 0.7120
vn 0.9181 0.2360 0.3183
vn 0.8079 0.4768 0.3464
vn 0.4226 0.3056 0.8533
vn 0.3799 -0.0555 0.9233
vn 0.8419 -0.3290 0.4277
vn 0.8435 -0.5277 -0.1004
vn 0.9256 -0.3785 0.0067
vn 0.1921 0.0407 0.9805
vn 0.1383 0.7114 0.6890
vn 0.9028 0.1571 0.4004
vn 0.9840 0.1758 -0.0305
vn 0.5900 0.0358 0.8066
vn 0.0757 -0.1002 0.9921
vn 0.6364 -0.2515 0.7292
vn 0.3621 -0.1364 0.9221
vn 0.1351 0.1536 0.9788
vn 0.2903 -0.0712 0.9543
vn -0.2469 -0.2807 0.9275
vn 0.0067 0.0270 0.9996
vn 0.1564 0.0439 0.9867
vn 0.3083 -0.5337 0.7875
vn 0.2022 -0.2778 0.9391
vn -0.2035 -0.3635 0.9091
vn 0.9723 0.2294 0.0453
vn 0.8353 0.2396 -0.4949
vn 0.8300 0.0933 0.5499
vn 0.4700 0.0058 0.8827
vn 0.1272 -0.1187 0.9847
vn 0.2547 0.0191 0.9668
vn 0.5375 -0.1290 -0.8333
vn 0.1533 -0.3561 -0.9218
vn -0.3418 -0.4449 -0.8278
vn -0.1282 -0.0638 0.9897
vn -0.3773 -0.1137 0.9191
vn 0.8642 0.2127 0.4560
vn 0.9562 0.1964 -0.2169
vn 0.6369 0.0686 0.7679
vn 0.8186 0.0510 -0.5722
vn 0.6566 -0.0400 -0.7531
vn 0.3954 -0.1410 0.9076
vn 0.3368 -0.2249 -0.9143
vn -0.7791 -0.4599 -0.4260
vn -0.9014 -0.4298 -0.0518
vn -0.9071 -0.3956 0.1441
vn -0.8139 -0.3801 0.4394
vn -0.4500 -0.3579 -0.8182
vn -0.3391 -0.2439 0.9086
vn -0.2479 -0.2536 -0.9350
vn 0.8497 0.2521 0.4630
vn 0.9430 0.3091 -0.1237
vn 0.6151 0.1602 0.7720
vn 0.7643 0.2773 -0.5822
vn 0.5344 0.2104 -0.8186
vn 0.2105 0.0203 0.9774
vn 0.1009 0.0305 -0.9944
vn 0.9316 0.3497 -0.0996
vn 0.7365 0.3575 -0.5742
vn 0.5088 0.2652 -0.8190
vn 0.2731 0.0141 0.9619
vn 0.1153 0.0309 -0.9928
vn -0.7050 -0.5259 -0.4757
vn -0.8043 -0.5780 -0.1381
vn -0.7999 -0.5846 0.1353
vn -0.6995 -0.5552 0.4499
vn -0.5049 -0.3692 -0.7803
vn -0.3157 -0.3441 0.8842
vn -0.2249 -0.1816 -0.9573
vn 0.9571 0.2631 -0.1212
vn 0.7895 0.2797 -0.5463
vn 0.5874 0.1889 -0.7870
vn 0.3980 -0.0592 0.9155
vn 0.1947 -0.0309 -0.9804
vn -0.6004 -0.6135 -0.5129
vn -0.6363 -0.7446 -0.2018
vn -0.5990 -0.7910 0.1250
vn -0.5192 -0.7237 0.4546
vn -0.1743 -0.4616 0.8698
vn -0.1350 -0.2080 -0.9688
vn -0.4360 -0.4178 -0.7970
vn -0.8680 -0.4020 0.2914
vn -0.9693 -0.0076 0.2459
vn -0.5568 -0.0374 0.8298
vn -0.7944 -0.4824 -0.3691
vn -0.9576 -0.0881 -0.2742
vn -0.5028 -0.0126 0.8643
vn -0.4923 -0.1605 -0.8555
vn -0.5480 0.1038 -0.8300
vn -0.9647 0.0285 -0.2617
vn -0.0109 -0.0564 -0.9983
vn 0.3439 0.1060 -0.9330
vn 0.3773 0.2255 -0.8982
vn -0.0939 0.1660 -0.9816
vn 0.8175 0.2790 -0.5038
vn 0.9587 0.2811 0.0441
vn 0.9884 0.1504 -0.0186
vn 0.8448 0.1446 -0.5151
vn 0.8601 0.1943 0.4717
vn 0.8727 0.1004 0.4778
vn -0.5656 -0.1311 0.8142
vn -0.3332 -0.1239 0.9347
vn -0.2532 0.0376 0.9667
vn -0.9549 -0.1835 0.2333
vn -0.5214 -0.1263 0.8439
vn -0.9540 -0.1496 -0.2599
vn -0.5023 -0.0389 -0.8638
vn 0.4462 0.0724 -0.8920
vn -0.0232 0.0003 -0.9997
vn 0.9951 0.0023 -0.0984
vn 0.8554 -0.0384 -0.5166
vn 0.8943 -0.0148 0.4473
vn 0.7196 0.0442 0.6929
vn 0.6774 -0.0658 0.7326
vn -0.5974 -0.1970 0.7774
vn -0.3510 -0.2079 0.9130
vn 0.2474 -0.0461 0.9678
vn 0.1096 -0.1659 0.9800
vn 0.5291 -0.1156 0.8406
vn 0.6285 0.0268 0.7773
vn -0.9213 -0.3412 0.1866
vn -0.5936 -0.2324 0.7705
vn -0.9151 -0.3356 -0.2236
vn -0.4703 -0.2586 -0.8438
vn 0.4824 -0.1132 -0.8686
vn 0.4988 -0.1619 -0.8515
vn 0.0848 -0.2447 -0.9659
vn 0.0531 -0.1662 -0.9847
vn 0.3763 0.0875 0.9224
vn 0.6774 0.1183 0.7260
vn 0.9806 -0.0701 -0.1832
vn 0.8847 -0.0640 0.4618
vn 0.6439 -0.0979 0.7588
vn 0.4543 -0.1424 0.8794
vn -0.6544 -0.2737 0.7048
vn -0.4505 -0.1671 0.8770
vn 0.0458 -0.1251 0.9911
vn -0.9205 -0.3467 0.1802
vn -0.9072 -0.3727 -0.1952
vn -0.4617 -0.3968 -0.7933
vn 0.8476 -0.1108 -0.5190
vn 0.9205 -0.3901 0.0211
vn 0.9803 -0.1955 -0.0268
vn -0.0253 -0.0677 0.9974
vn 0.9968 -0.0734 0.0322
vn 0.9971 0.0326 0.0683
vn 0.9988 0.0364 -0.0314
vn -0.0000 -0.0421 0.9991
usemtl A23DMAT_001
s 1
f 1/1/1 15/2/2 38/3/3 31/4/4
f 3/5/5 30/6/6 39/7/7 16/8/8
f 29/9/9 40/10/10 21/11/11 104/12/12
f 13/13/13 36/14/14 33/15/15 6/16/16
f 6/16/16 15/2/2 23/17/17 19/18/18
f 26/19/19 27/20/20 14/21/21 11/22/22
f 25/23/23 41/24/24 35/25/25 10/26/26
f 9/27/27 24/28/28 28/29/29 17/30/30
f 6/16/16 19/18/18 22/31/31 13/13/13
f 2/32/32 29/9/9 36/14/14 13/13/13
f 57/33/33 85/34/34 82/35/35 32/36/36
f 4/37/37 25/23/23 44/38/38 12/39/39
f 15/2/2 6/16/16 33/15/15 38/3/3
f 15/2/2 1/1/1 20/40/40 23/17/17
f 7/41/41 26/19/19 28/29/29 67/42/42
f 10/26/26 18/43/43 42/44/44 43/45/45
f 18/43/43 10/26/26 35/25/25 40/10/10
f 17/30/30 11/22/22 19/18/18 23/17/17
f 19/18/18 11/22/22 14/21/21 22/31/31
f 9/27/27 17/30/30 23/17/17 20/40/40
f 7/41/41 45/46/46 48/47/47 27/20/20
f 4/37/37 32/48/36 41/24/24 25/23/23
f 24/28/28 3/5/5 16/8/8 28/29/29
f 25/23/23 10/26/26 43/45/45 44/38/38
f 26/19/19 11/22/22 17/30/30 28/29/29
f 72/49/48 73/50/49 31/4/4 38/3/3
f 65/51/50 66/52/51 63/53/52 144/54/53
f 74/55/54 8/56/55 33/15/15 36/14/14
f 12/39/39 47/57/56 49/58/57 37/59/58
f 41/24/24 71/60/59 75/61/60 35/25/25
f 29/9/9 104/12/12 74/55/54 36/14/14
f 4/37/37 12/39/39 37/59/58 32/48/36
f 8/56/55 72/49/48 38/3/3 33/15/15
f 34/62/61 7/41/41 67/42/42 68/63/62
f 75/61/60 21/11/11 40/10/10 35/25/25
f 71/64/59 41/65/24 83/66/63 84/67/64
f 13/13/13 22/31/31 42/44/44 2/32/32
f 22/31/31 14/21/21 43/45/45 42/44/44
f 14/21/21 27/20/20 44/38/38 43/45/45
f 45/46/46 7/41/41 34/62/61 46/68/65
f 12/39/39 27/20/20 48/47/47 47/57/56
f 2/32/32 42/44/44 18/43/43 40/10/10
f 51/69/66 60/70/67 64/71/68 79/72/69
f 54/73/70 53/74/71 50/75/72 52/76/73
f 46/68/65 58/77/74 64/71/68 50/75/72
f 49/58/57 47/57/56 54/73/70 52/76/73
f 45/46/46 46/68/65 50/75/72 53/74/71
f 47/57/56 48/47/47 55/78/75 54/73/70
f 48/47/47 45/46/46 53/74/71 55/78/75
f 58/77/74 46/68/65 34/62/61 56/79/76
f 57/80/33 37/59/58 49/58/57 59/81/77
f 60/70/67 52/76/73 50/75/72 64/71/68
f 59/81/77 49/58/57 52/76/73 60/70/67
f 56/79/76 34/62/61 68/63/62 69/82/78
f 61/83/79 39/7/7 30/6/6 62/84/80
f 58/77/74 56/79/76 76/85/81 64/71/68
f 56/79/76 69/82/78 70/86/82 76/85/81
f 61/83/79 62/84/80 66/52/51 65/51/50
f 80/87/83 167/88/84 76/85/81 70/86/82
f 16/8/8 39/7/7 68/63/62 67/42/42
f 39/7/7 61/83/79 69/82/78 68/63/62
f 69/82/78 61/83/79 65/51/50 70/86/82
f 79/72/69 64/71/68 76/85/81 167/88/84
f 80/87/83 70/86/82 65/51/50 78/89/85
f 77/90/86 57/80/33 59/81/77 168/91/87
f 59/81/77 60/70/67 51/69/66 168/91/87
f 41/65/24 32/36/36 82/35/35 83/66/63
f 57/33/33 77/92/86 81/93/88 85/34/34
f 85/34/34 88/94/89 86/95/90 82/35/35
f 83/66/63 87/96/91 172/97/92 84/67/64
f 83/66/63 82/35/35 86/95/90 87/96/91
f 81/93/88 173/98/93 88/94/89 85/34/34
f 88/94/89 92/99/94 89/100/95 86/95/90
f 87/96/91 91/101/96 177/102/97 172/97/92
f 87/96/91 86/95/90 89/100/95 91/101/96
f 92/99/94 95/103/98 93/104/99 89/100/95
f 91/101/96 94/105/100 181/106/101 177/102/97
f 91/101/96 89/100/95 93/104/99 94/105/100
f 90/107/102 182/108/103 95/103/98 92/99/94
f 88/94/89 173/98/93 90/107/102 92/99/94
f 98/109/104 97/110/105 96/111/106 99/112/107
f 102/113/108 101/114/109 100/115/110 103/116/111
f 105/117/112 104/118/12 21/119/11 106/120/113
f 109/121/114 108/122/115 107/123/116 110/124/117
f 108/122/115 112/125/118 111/126/119 99/112/107
f 115/127/120 114/128/121 113/129/122 116/130/123
f 119/131/124 118/132/125 117/133/126 120/134/127
f 123/135/128 122/136/129 121/137/130 124/138/131
f 108/122/115 109/121/114 125/139/132 112/125/118
f 126/140/133 109/121/114 110/124/117 105/117/112
f 128/141/134 127/142/135 130/143/136 129/144/137
f 133/145/138 132/146/139 131/147/140 119/131/124
f 99/112/107 96/111/106 107/123/116 108/122/115
f 99/112/107 111/126/119 134/148/141 98/109/104
f 136/149/142 135/150/143 121/137/130 115/127/120
f 118/132/125 138/151/144 137/152/145 139/153/146
f 139/153/146 106/120/113 117/133/126 118/132/125
f 122/136/129 111/126/119 112/125/118 114/128/121
f 112/125/118 125/139/132 113/129/122 114/128/121
f 123/135/128 134/148/141 111/126/119 122/136/129
f 136/149/142 116/130/123 140/154/147 141/155/148
f 133/145/138 119/131/124 120/134/127 127/156/135
f 124/138/131 121/137/130 101/114/109 102/113/108
f 119/131/124 131/147/140 138/151/144 118/132/125
f 115/127/120 121/137/130 122/136/129 114/128/121
f 72/157/48 96/111/106 97/110/105 73/158/49
f 142/159/149 78/89/85 144/54/53
f 74/160/54 110/124/117 107/123/116 8/161/55
f 132/146/139 146/162/150 145/163/151 147/164/152
f 120/134/127 117/133/126 75/165/60 71/166/59
f 105/117/112 110/124/117 74/160/54 104/118/12
f 133/145/138 127/156/135 146/162/150 132/146/139
f 8/161/55 107/123/116 96/111/106 72/157/48
f 149/167/153 148/168/154 135/150/143 136/149/142
f 75/165/60 117/133/126 106/120/113 21/119/11
f 71/64/59 84/67/64 150/169/155 120/170/127
f 109/121/114 126/140/133 137/152/145 125/139/132
f 125/139/132 137/152/145 138/151/144 113/129/122
f 113/129/122 138/151/144 131/147/140 116/130/123
f 141/155/148 151/171/156 149/167/153 136/149/142
f 132/146/139 147/164/152 140/154/147 116/130/123
f 126/140/133 106/120/113 139/153/146 137/152/145
f 51/69/66 79/72/69 152/172/157 153/173/158
f 156/174/159 155/175/160 154/176/161 157/177/162
f 151/171/156 154/176/161 152/172/157 158/178/163
f 145/163/151 155/175/160 156/174/159 147/164/152
f 141/155/148 157/177/162 154/176/161 151/171/156
f 147/164/152 156/174/159 159/179/164 140/154/147
f 140/154/147 159/179/164 157/177/162 141/155/148
f 158/178/163 160/180/165 149/167/153 151/171/156
f 128/181/134 161/182/166 145/163/151 146/162/150
f 153/173/158 152/172/157 154/176/161 155/175/160
f 161/182/166 153/173/158 155/175/160 145/163/151
f 160/180/165 162/183/167 148/168/154 149/167/153
f 164/184/168 163/185/169 103/116/111 100/115/110
f 158/178/163 152/172/157 165/186/170 160/180/165
f 160/180/165 165/186/170 166/187/171 162/183/167
f 164/184/168 142/159/149 143/188/172 163/185/169
f 80/87/83 166/187/171 165/186/170 167/88/84
f 101/114/109 135/150/143 148/168/154 100/115/110
f 100/115/110 148/168/154 162/183/167 164/184/168
f 162/183/167 166/187/171 142/159/149 164/184/168
f 79/72/69 167/88/84 165/186/170 152/172/157
f 80/87/83 78/89/85 142/159/149 166/187/171
f 77/90/86 168/91/87 161/182/166 128/181/134
f 161/182/166 168/91/87 51/69/66 153/173/158
f 120/170/127 150/169/155 130/143/136 127/142/135
f 128/141/134 129/144/137 81/189/88 77/190/86
f 129/144/137 130/143/136 170/191/173 169/192/174
f 150/169/155 84/67/64 172/97/92 171/193/175
f 150/169/155 171/193/175 170/191/173 130/143/136
f 81/189/88 129/144/137 169/192/174 173/194/93
f 169/192/174 170/191/173 175/195/176 174/196/177
f 171/193/175 172/97/92 177/102/97 176/197/178
f 171/193/175 176/197/178 175/195/176 170/191/173
f 174/196/177 175/195/176 179/198/179 178/199/180
f 176/197/178 177/102/97 181/106/101 180/200/181
f 176/197/178 180/200/181 179/198/179 175/195/176
f 90/201/102 174/196/177 178/199/180 182/202/103
f 169/192/174 174/196/177 90/201/102 173/194/93
f 65/51/50 144/54/53 78/89/85
f 32/48/36 37/59/58 57/80/33
f 16/8/8 67/42/42 28/29/29
f 26/19/19 7/41/41 27/20/20
f 29/9/9 2/32/32 40/10/10
f 44/38/38 27/20/20 12/39/39
f 53/74/71 54/73/70 55/78/75
f 95/103/98 5/203/182 93/104/99
f 94/105/100 5/203/182 181/106/101
f 93/104/99 5/203/182 94/105/100
f 5/203/182 95/103/98 182/108/103
f 142/159/149 63/53/52 143/188/172
f 127/156/135 128/181/134 146/162/150
f 101/114/109 121/137/130 135/150/143
f 115/127/120 116/130/123 136/149/142
f 105/117/112 106/120/113 126/140/133
f 131/147/140 132/146/139 116/130/123
f 157/177/162 159/179/164 156/174/159
f 178/199/180 179/198/179 5/203/182
f 180/200/181 181/106/101 5/203/182
f 179/198/179 180/200/181 5/203/182
f 5/203/182 182/202/103 178/199/180
f 144/54/53 63/53/52 142/159/149
s 2
f 197/204/183 184/205/183 183/206/184 198/207/184
f 185/208/185 184/205/183 197/204/183 199/209/185
f 200/210/186 187/211/186 186/212/187 201/213/187
f 188/214/188 185/208/185 199/209/185 202/215/189
f 201/213/187 186/212/187 196/216/190 427/217/190
f 198/207/184 183/206/184 187/211/186 200/210/186
f 203/218/191 189/219/191 190/220/192 204/221/192
f 193/222/193 191/223/194 206/224/194 205/225/193
f 192/226/195 189/219/191 203/218/191 207/227/195
f 194/228/196 188/214/188 202/215/189 208/229/197
f 204/230/192 190/231/192 193/222/193 205/225/193
f 191/223/194 194/228/196 208/229/197 206/224/194
f 427/217/190 196/216/190 195/232/198 428/233/198
f 195/232/198 192/226/195 207/227/195 428/233/198
s 3
f 209/234/199 212/235/200 211/236/200 210/237/201
f 214/238/202 213/239/202 209/234/199 210/240/201
f 215/241/203 218/242/204 217/243/205 216/244/203
f 220/245/206 219/246/206 213/247/202 214/248/202
f 218/249/204 429/250/207 221/251/208 217/252/205
f 212/253/200 215/254/203 216/255/203 211/256/200
f 222/257/209 225/258/210 224/259/210 223/260/209
f 227/261/211 226/262/211 229/263/212 228/264/212
f 231/265/213 230/266/214 222/257/209 223/267/209
f 233/268/215 232/269/215 219/270/206 220/271/206
f 225/272/210 226/273/211 227/261/211 224/274/210
f 228/275/212 229/276/212 232/277/215 233/278/215
f 429/279/207 430/280/216 234/281/216 221/282/208
f 234/281/216 430/283/216 230/284/214 231/285/213
s 4
f 237/286/217 248/287/218 235/288/219 236/289/220
f 236/289/220 235/288/219 239/290/221 240/291/222
f 242/292/223 246/293/224 243/294/225 241/295/226
f 240/291/222 239/290/221 244/296/227 245/297/228
f 242/292/223 245/297/228 244/296/227 246/293/224
f 254/298/229 255/299/230 256/300/231 253/301/232
f 253/301/232 256/300/231 257/302/233 258/303/234
f 265/304/235 266/305/236 244/296/227 239/290/221
f 260/306/237 261/307/238 262/308/239 259/309/240
f 259/309/240 262/308/239 263/310/241 264/311/242
f 235/288/219 248/287/218 254/298/229 253/301/232
f 248/287/218 238/312/243 255/299/230 254/298/229
f 238/312/243 247/313/244 256/300/231 255/299/230
f 247/313/244 249/314/245 257/302/233 256/300/231
f 249/314/245 265/304/235 258/303/234 257/302/233
f 239/290/221 235/288/219 253/301/232 258/303/234
f 246/293/224 244/296/227 260/306/237 259/309/240
f 244/296/227 266/305/236 260/306/237
f 251/315/246 252/316/247 262/308/239 261/307/238
f 252/316/247 250/317/248 263/310/241 262/308/239
f 250/317/248 243/294/225 264/311/242 263/310/241
f 243/294/225 246/293/224 259/309/240 264/311/242
f 266/305/236 251/315/246 261/307/238 260/306/237
f 265/304/235 239/290/221 258/303/234
s 5
f 269/318/249 280/319/250 267/320/251 268/321/252
f 268/321/252 267/320/251 271/322/253 272/323/254
f 274/324/255 278/325/256 275/326/257 273/327/258
f 272/323/254 271/322/253 276/328/259 277/329/260
f 274/324/255 277/329/260 276/328/259 278/325/256
f 286/330/261 287/331/262 288/332/263 285/333/264
f 285/333/264 288/332/263 289/334/265 290/335/266
f 297/336/267 298/337/268 276/328/259 271/322/253
f 292/338/269 293/339/270 294/340/271 291/341/272
f 291/341/272 294/340/271 295/342/273 296/343/274
f 267/320/251 280/319/250 286/330/261 285/333/264
f 280/319/250 270/344/275 287/331/262 286/330/261
f 270/344/275 279/345/276 288/332/263 287/331/262
f 279/345/276 281/346/277 289/334/265 288/332/263
f 281/346/277 297/336/267 290/335/266 289/334/265
f 271/322/253 267/320/251 285/333/264 290/335/266
f 278/325/256 276/328/259 292/338/269 291/341/272
f 276/328/259 298/337/268 292/338/269
f 283/347/278 284/348/279 294/340/271 293/339/270
f 284/348/279 282/349/280 295/342/273 294/340/271
f 282/349/280 275/326/257 296/343/274 295/342/273
f 275/326/257 278/325/256 291/341/272 296/343/274
f 298/337/268 283/347/278 293/339/270 292/338/269
f 297/336/267 271/322/253 290/335/266
s 6
f 301/350/281 312/351/282 299/352/283 300/353/284
f 300/353/284 299/352/283 303/354/285 304/355/286
f 306/356/287 310/357/288 307/358/289 305/359/290
f 304/355/286 303/354/285 308/360/291 309/361/292
f 306/356/287 309/361/292 308/360/291 310/357/288
f 318/362/293 319/363/294 320/364/295 317/365/296
f 317/365/296 320/364/295 321/366/297 322/367/298
f 329/368/299 330/369/300 308/360/291 303/354/285
f 324/370/301 325/371/302 326/372/303 323/373/304
f 323/373/304 326/372/303 327/374/305 328/375/306
f 299/352/283 312/351/282 318/362/293 317/365/296
f 312/351/282 302/376/307 319/363/294 318/362/293
f 302/376/307 311/377/308 320/364/295 319/363/294
f 311/377/308 313/378/309 321/366/297 320/364/295
f 313/378/309 329/368/299 322/367/298 321/366/297
f 303/354/285 299/352/283 317/365/296 322/367/298
f 310/357/288 308/360/291 324/370/301 323/373/304
f 308/360/291 330/369/300 324/370/301
f 315/379/310 316/380/311 326/372/303 325/371/302
f 316/380/311 314/381/312 327/374/305 326/372/303
f 314/381/312 307/358/289 328/375/306 327/374/305
f 307/358/289 310/357/288 323/373/304 328/375/306
f 330/369/300 315/379/310 325/371/302 324/370/301
f 329/368/299 303/354/285 322/367/298
s 7
f 333/382/313 332/383/314 331/384/315 344/385/316
f 332/383/314 336/386/317 335/387/318 331/384/315
f 338/388/319 337/389/320 339/390/321 342/391/322
f 336/386/317 341/392/323 340/393/324 335/387/318
f 338/388/319 342/391/322 340/393/324 341/392/323
f 350/394/325 349/395/326 352/396/327 351/397/328
f 349/395/326 354/398/329 353/399/330 352/396/327
f 361/400/331 335/387/318 340/393/324 362/401/332
f 356/402/333 355/403/334 358/404/335 357/405/336
f 355/403/334 360/406/337 359/407/338 358/404/335
f 331/384/315 349/395/326 350/394/325 344/385/316
f 344/385/316 350/394/325 351/397/328 334/408/339
f 334/408/339 351/397/328 352/396/327 343/409/340
f 343/409/340 352/396/327 353/399/330 345/410/341
f 345/410/341 353/399/330 354/398/329 361/400/331
f 335/387/318 354/398/329 349/395/326 331/384/315
f 342/391/322 355/403/334 356/402/333 340/393/324
f 340/393/324 356/402/333 362/401/332
f 347/411/342 357/405/336 358/404/335 348/412/343
f 348/412/343 358/404/335 359/407/338 346/413/344
f 346/413/344 359/407/338 360/406/337 339/390/321
f 339/390/321 360/406/337 355/403/334 342/391/322
f 362/401/332 356/402/333 357/405/336 347/411/342
f 361/400/331 354/398/329 335/387/318
s 8
f 365/414/345 364/415/346 363/416/347 376/417/348
f 364/415/346 368/418/349 367/419/350 363/416/347
f 370/420/351 369/421/352 371/422/353 374/423/354
f 368/418/349 373/424/355 372/425/356 367/419/350
f 370/420/351 374/423/354 372/425/356 373/424/355
f 382/426/357 381/427/358 384/428/359 383/429/360
f 381/427/358 386/430/361 385/431/362 384/428/359
f 393/432/363 367/419/350 372/425/356 394/433/364
f 388/434/365 387/435/366 390/436/367 389/437/368
f 387/435/366 392/438/369 391/439/370 390/436/367
f 363/416/347 381/427/358 382/426/357 376/417/348
f 376/417/348 382/426/357 383/429/360 366/440/371
f 366/440/371 383/429/360 384/428/359 375/441/372
f 375/441/372 384/428/359 385/431/362 377/442/373
f 377/442/373 385/431/362 386/430/361 393/432/363
f 367/419/350 386/430/361 381/427/358 363/416/347
f 374/423/354 387/435/366 388/434/365 372/425/356
f 372/425/356 388/434/365 394/433/364
f 379/443/374 389/437/368 390/436/367 380/444/375
f 380/444/375 390/436/367 391/439/370 378/445/376
f 378/445/376 391/439/370 392/438/369 371/422/353
f 371/422/353 392/438/369 387/435/366 374/423/354
f 394/433/364 388/434/365 389/437/368 379/443/374
f 393/432/363 386/430/361 367/419/350
s 9
f 397/446/377 396/447/378 395/448/379 408/449/380
f 396/447/378 400/450/381 399/451/382 395/448/379
f 402/452/383 401/453/384 403/454/385 406/455/386
f 400/450/381 405/456/387 404/457/388 399/451/382
f 402/452/383 406/455/386 404/457/388 405/456/387
f 414/458/389 413/459/390 416/460/391 415/461/392
f 413/459/390 418/462/393 417/463/394 416/460/391
f 425/464/395 399/451/382 404/457/388 426/465/396
f 420/466/397 419/467/398 422/468/399 421/469/400
f 419/467/398 424/470/401 423/471/402 422/468/399
f 395/448/379 413/459/390 414/458/389 408/449/380
f 408/449/380 414/458/389 415/461/392 398/472/403
f 398/472/403 415/461/392 416/460/391 407/473/404
f 407/473/404 416/460/391 417/463/394 409/474/405
f 409/474/405 417/463/394 418/462/393 425/464/395
f 399/451/382 418/462/393 413/459/390 395/448/379
f 406/455/386 419/467/398 420/466/397 404/457/388
f 404/457/388 420/466/397 426/465/396
f 411/475/406 421/469/400 422/468/399 412/476/407
f 412/476/407 422/468/399 423/471/402 410/477/408
f 410/477/408 423/471/402 424/470/401 403/454/385
f 403/454/385 424/470/401 419/467/398 406/455/386
f 426/465/396 420/466/397 421/469/400 411/475/406
f 425/464/395 418/462/393 399/451/382
usemtl A23DMAT_002
s 10
f 457/478/409 431/479/410 432/480/411 453/481/412
f 433/482/413 434/483/414 435/484/415 436/485/416
f 437/486/417 542/487/418 562/488/419 436/485/416
f 441/489/420 438/490/421 439/491/422 440/492/423
f 442/493/424 443/494/425 444/495/426 445/496/427
f 509/497/428 508/498/429 443/494/425 442/493/424
f 446/499/430 447/500/431 448/501/432 449/502/433
f 442/493/424 445/496/427 450/503/434 451/504/435
f 439/491/422 449/502/433 448/501/432 440/492/423
f 458/505/436 452/506/437 453/481/412 432/480/411
f 459/507/438 454/508/439 452/506/437 458/505/436
f 443/494/425 460/509/440 461/510/441 444/495/426
f 462/511/442 460/509/440 443/494/425 508/498/429
f 463/512/443 464/513/444 465/514/445 447/500/431
f 465/514/445 462/511/442 508/498/429 447/500/431
f 438/490/421 589/515/446 543/516/447 457/478/409
f 449/502/433 439/491/422 453/481/412 452/506/437
f 446/499/430 449/502/433 452/506/437 454/508/439
f 466/517/448 467/518/449 456/519/450 455/520/451
f 454/508/439 456/519/450 467/518/449 446/499/430
f 456/519/450 454/508/439 459/507/438 476/521/452
f 455/520/451 472/522/453 471/523/454 470/524/455
f 473/525/456 471/523/454 472/522/453 476/521/452
f 544/526/457 431/479/410 457/478/409 543/516/447
f 433/482/413 436/485/416 562/488/419 545/527/458
f 474/528/459 437/486/417 436/485/416 435/484/415
f 441/489/420 546/529/460 589/515/446 438/490/421
f 434/483/414 441/489/420 440/492/423 511/530/461
f 439/491/422 438/490/421 457/478/409 453/481/412
f 435/484/415 451/504/435 450/503/434 474/528/459
f 475/531/462 459/507/438 458/505/436 480/532/463
f 475/531/462 477/533/464 476/521/452 459/507/438
f 435/484/415 510/534/465 509/497/428 451/504/435
f 469/535/466 447/500/431 446/499/430 467/518/449
f 463/512/443 469/535/466 468/536/467 464/513/444
f 546/529/460 441/489/420 433/482/413 545/527/458
f 478/537/468 479/538/469 432/480/411 431/479/410
f 479/538/469 480/532/463 458/505/436 432/480/411
f 506/539/470 478/537/468 431/479/410 544/526/457
f 461/510/441 460/509/440 487/540/471 488/541/472
f 487/540/471 460/509/440 462/511/442 489/542/473
f 491/543/474 465/514/445 464/513/444 490/544/475
f 489/542/473 462/511/442 465/514/445 491/543/474
f 490/544/475 464/513/444 468/536/467 492/545/476
f 488/541/472 487/540/471 481/546/477 482/547/478
f 481/546/477 487/540/471 489/542/473 483/548/479
f 485/549/480 491/543/474 490/544/475 484/550/481
f 483/548/479 489/542/473 491/543/474 485/549/480
f 484/550/481 490/544/475 492/545/476 486/551/482
f 455/520/451 470/524/455 468/536/467 466/517/448
f 548/552/483 623/553/484 542/487/418 437/486/417
f 550/554/485 445/496/427 444/495/426 549/555/486
f 550/554/485 551/556/487 450/503/434 445/496/427
f 488/541/472 549/555/486 444/495/426 461/510/441
f 548/552/483 437/486/417 474/528/459 552/557/488
f 552/557/488 474/528/459 450/503/434 551/556/487
f 504/558/489 497/559/490 488/541/472 482/547/478
f 499/560/491 500/561/492 547/562/493 493/563/494
f 501/564/495 502/565/496 495/566/497 494/567/498
f 502/565/496 503/568/499 496/569/500 495/566/497
f 504/570/489 501/564/495 494/567/498 497/571/490
f 505/572/501 499/560/491 493/563/494 498/573/502
f 503/568/499 505/572/501 498/573/502 496/569/500
f 456/519/450 476/521/452 472/522/453 455/520/451
f 507/574/503 511/530/461 440/492/423 448/501/432
f 448/501/432 447/500/431 512/575/504 507/574/503
f 514/576/505 513/577/506 434/578/414 511/579/461
f 515/580/507 514/576/505 511/579/461 507/581/503
f 516/582/508 515/583/507 507/584/503 512/585/504
f 517/586/509 516/582/508 512/585/504 508/587/429
f 518/588/510 517/586/509 508/587/429 509/589/428
f 519/590/511 518/588/510 509/589/428 510/591/465
f 513/577/506 519/590/511 510/591/465 434/578/414
f 521/592/512 520/593/513 513/577/506 514/576/505
f 522/594/514 521/592/512 514/576/505 515/580/507
f 523/595/515 522/596/514 515/583/507 516/582/508
f 524/597/516 523/595/515 516/582/508 517/586/509
f 525/598/517 524/597/516 517/586/509 518/588/510
f 526/599/518 525/598/517 518/588/510 519/590/511
f 520/593/513 526/599/518 519/590/511 513/577/506
f 528/600/519 527/601/520 520/593/513 521/592/512
f 529/602/521 528/600/519 521/592/512 522/594/514
f 530/603/522 529/604/521 522/596/514 523/595/515
f 531/605/523 530/603/522 523/595/515 524/597/516
f 532/606/524 531/605/523 524/597/516 525/598/517
f 533/607/525 532/606/524 525/598/517 526/599/518
f 527/601/520 533/607/525 526/599/518 520/593/513
f 535/608/526 534/609/527 527/601/520 528/600/519
f 536/610/528 535/608/526 528/600/519 529/602/521
f 537/611/529 536/612/528 529/604/521 530/603/522
f 538/613/530 537/611/529 530/603/522 531/605/523
f 539/614/531 538/613/530 531/605/523 532/606/524
f 540/615/532 539/614/531 532/606/524 533/607/525
f 534/609/527 540/615/532 533/607/525 527/601/520
f 623/553/484 548/552/483 493/563/494 547/562/493
f 495/566/497 550/554/485 549/555/486 494/567/498
f 551/556/487 550/554/485 495/566/497 496/569/500
f 549/555/486 488/541/472 497/571/490 494/567/498
f 493/563/494 548/552/483 552/557/488 498/573/502
f 498/573/502 552/557/488 551/556/487 496/569/500
f 556/616/533 555/617/534 554/618/535 553/619/536
f 557/620/537 560/621/538 559/622/539 558/623/540
f 561/624/541 560/621/538 562/488/419 542/487/418
f 566/625/542 565/626/543 564/627/544 563/628/545
f 567/629/546 570/630/547 569/631/548 568/632/549
f 572/633/550 567/629/546 568/632/549 571/634/551
f 573/635/552 576/636/553 575/637/554 574/638/555
f 567/629/546 578/639/556 577/640/557 570/630/547
f 564/627/544 565/626/543 575/637/554 576/636/553
f 580/641/558 554/618/535 555/617/534 579/642/559
f 582/643/560 580/641/558 579/642/559 581/644/561
f 568/632/549 569/631/548 584/645/562 583/646/563
f 585/647/564 571/634/551 568/632/549 583/646/563
f 586/648/565 574/638/555 588/649/566 587/650/567
f 588/649/566 574/638/555 571/634/551 585/647/564
f 563/628/545 556/616/533 543/516/447 589/515/446
f 576/636/553 579/642/559 555/617/534 564/627/544
f 573/635/552 581/644/561 579/642/559 576/636/553
f 590/651/568 593/652/569 592/653/570 591/654/571
f 581/644/561 573/635/552 591/654/571 592/653/570
f 592/653/570 594/655/572 582/643/560 581/644/561
f 593/652/569 597/656/573 599/657/574 598/658/575
f 600/659/576 594/655/572 598/658/575 599/657/574
f 544/526/457 543/516/447 556/616/533 553/619/536
f 557/620/537 545/527/458 562/488/419 560/621/538
f 601/660/577 559/622/539 560/621/538 561/624/541
f 566/625/542 563/628/545 589/515/446 546/529/460
f 558/623/540 602/661/578 565/626/543 566/625/542
f 564/627/544 555/617/534 556/616/533 563/628/545
f 559/622/539 601/660/577 577/640/557 578/639/556
f 603/662/579 604/663/580 580/641/558 582/643/560
f 603/662/579 582/643/560 594/655/572 605/664/581
f 559/622/539 578/639/556 572/633/550 607/665/582
f 608/666/583 591/654/571 573/635/552 574/638/555
f 586/648/565 587/650/567 609/667/584 608/666/583
f 546/529/460 545/527/458 557/620/537 566/625/542
f 610/668/585 553/619/536 554/618/535 611/669/586
f 611/669/586 554/618/535 580/641/558 604/663/580
f 506/539/470 544/526/457 553/619/536 610/668/585
f 584/645/562 613/670/587 612/671/588 583/646/563
f 612/671/588 614/672/589 585/647/564 583/646/563
f 616/673/590 615/674/591 587/650/567 588/649/566
f 614/672/589 616/673/590 588/649/566 585/647/564
f 615/674/591 596/675/592 609/667/584 587/650/567
f 613/670/587 618/676/593 617/677/594 612/671/588
f 617/677/594 619/678/595 614/672/589 612/671/588
f 621/679/596 620/680/597 615/674/591 616/673/590
f 619/678/595 621/679/596 616/673/590 614/672/589
f 620/680/597 595/681/598 596/675/592 615/674/591
f 593/652/569 590/651/568 609/667/584 597/656/573
f 622/682/599 561/624/541 542/487/418 623/553/484
f 625/683/600 624/684/601 569/631/548 570/630/547
f 625/683/600 570/630/547 577/640/557 626/685/602
f 613/670/587 584/645/562 569/631/548 624/684/601
f 622/682/599 627/686/603 601/660/577 561/624/541
f 627/686/603 626/685/602 577/640/557 601/660/577
f 628/687/604 618/676/593 613/670/587 629/688/605
f 631/689/606 630/690/607 547/562/493 500/561/492
f 634/691/608 633/692/609 632/693/610 635/694/611
f 635/694/611 632/693/610 636/695/612 637/696/613
f 628/697/604 629/698/605 633/692/609 634/691/608
f 639/699/614 638/700/615 630/690/607 631/689/606
f 637/696/613 636/695/612 638/700/615 639/699/614
f 592/653/570 593/652/569 598/658/575 594/655/572
f 640/701/616 575/637/554 565/626/543 602/661/578
f 575/637/554 640/701/616 606/702/617 574/638/555
f 641/703/618 602/704/578 558/705/540 642/706/619
f 643/707/620 640/708/616 602/704/578 641/703/618
f 644/709/621 606/710/617 640/711/616 643/712/620
f 645/713/622 571/714/551 606/710/617 644/709/621
f 646/715/623 572/716/550 571/714/551 645/713/622
f 647/717/624 607/718/582 572/716/550 646/715/623
f 642/706/619 558/705/540 607/718/582 647/717/624
f 648/719/625 641/703/618 642/706/619 649/720/626
f 650/721/627 643/707/620 641/703/618 648/719/625
f 651/722/628 644/709/621 643/712/620 650/723/627
f 652/724/629 645/713/622 644/709/621 651/722/628
f 653/725/630 646/715/623 645/713/622 652/724/629
f 654/726/631 647/717/624 646/715/623 653/725/630
f 649/720/626 642/706/619 647/717/624 654/726/631
f 655/727/632 648/719/625 649/720/626 656/728/633
f 657/729/634 650/721/627 648/719/625 655/727/632
f 658/730/635 651/722/628 650/723/627 657/731/634
f 659/732/636 652/724/629 651/722/628 658/730/635
f 660/733/637 653/725/630 652/724/629 659/732/636
f 661/734/638 654/726/631 653/725/630 660/733/637
f 656/728/633 649/720/626 654/726/631 661/734/638
f 662/735/639 655/727/632 656/728/633 663/736/640
f 664/737/641 657/729/634 655/727/632 662/735/639
f 665/738/642 658/730/635 657/731/634 664/739/641
f 666/740/643 659/732/636 658/730/635 665/738/642
f 667/741/644 660/733/637 659/732/636 666/740/643
f 668/742/645 661/734/638 660/733/637 667/741/644
f 663/736/640 656/728/633 661/734/638 668/742/645
f 623/553/484 547/562/493 630/690/607 622/682/599
f 632/693/610 633/692/609 624/684/601 625/683/600
f 626/685/602 636/695/612 632/693/610 625/683/600
f 624/684/601 633/692/609 629/698/605 613/670/587
f 630/690/607 638/700/615 627/686/603 622/682/599
f 638/700/615 636/695/612 626/685/602 627/686/603
f 451/504/435 509/497/428 442/493/424
f 492/545/476 470/524/455 486/551/482
f 476/521/452 477/533/464 473/525/456
f 508/498/429 512/575/504 447/500/431
f 463/512/443 447/500/431 469/535/466
f 467/518/449 466/517/448 469/535/466
f 469/535/466 466/517/448 468/536/467
f 468/536/467 470/524/455 492/545/476
f 434/483/414 510/534/465 435/484/415
f 433/482/413 441/489/420 434/483/414
f 535/608/526 541/743/646 534/609/527
f 536/610/528 541/743/646 535/608/526
f 537/611/529 541/743/646 536/612/528
f 538/613/530 541/743/646 537/611/529
f 539/614/531 541/743/646 538/613/530
f 540/615/532 541/743/646 539/614/531
f 534/609/527 541/743/646 540/615/532
f 572/633/550 578/639/556 567/629/546
f 597/656/573 596/675/592 595/681/598
f 605/664/581 594/655/572 600/659/576
f 606/702/617 571/634/551 574/638/555
f 574/638/555 586/648/565 608/666/583
f 590/651/568 591/654/571 608/666/583
f 590/651/568 608/666/583 609/667/584
f 597/656/573 609/667/584 596/675/592
f 607/665/582 558/623/540 559/622/539
f 566/625/542 557/620/537 558/623/540
f 669/744/647 662/735/639 663/736/640
f 669/744/647 664/737/641 662/735/639
f 669/744/647 665/738/642 664/739/641
f 669/744/647 666/740/643 665/738/642
f 669/744/647 667/741/644 666/740/643
f 669/744/647 668/742/645 667/741/644
f 669/744/647 663/736/640 668/742/645
s 11
f 690/745/648 710/746/649 714/747/650 689/748/651
f 713/749/652 695/750/653 684/751/654 711/752/655
f 676/753/656 691/754/657 702/755/658 700/756/659
f 1857/757/660 688/758/661 693/759/662 1856/760/663
f 1882/761/664 1883/762/665 672/763/666 680/764/667
f 769/765/668 770/766/669 1898/767/670 1899/768/671
f 1914/769/672 1915/770/673 670/771/674 678/772/675
f 680/764/667 784/773/676 1881/774/677 1882/761/664
f 706/775/678 1924/776/679 1919/777/680 1920/778/681
f 701/779/682 700/756/659 677/780/683 682/781/684
f 706/782/678 712/783/685 716/784/686 686/785/687
f 674/786/688 675/787/689 715/788/690 678/789/675
f 697/790/691 698/791/692 686/785/687 684/751/654
f 687/792/693 683/793/694 685/794/695 676/753/656
f 673/795/696 679/796/697 1864/797/698 1865/798/699
f 679/796/697 786/799/700 1863/800/701 1864/797/698
f 694/801/702 682/781/684 677/780/683 692/802/703
f 696/803/704 685/794/695 697/790/691 699/804/705
f 691/754/657 676/753/656 685/794/695 696/803/704
f 685/794/695 683/793/694 698/791/692 697/790/691
f 684/751/654 695/750/653 699/804/705 697/790/691
f 687/792/693 676/753/656 700/756/659 701/779/682
f 705/805/706 699/804/705 695/750/653 704/806/707
f 703/807/708 691/754/657 696/803/704 780/808/709
f 785/809/710 1900/810/711 698/811/692
f 690/745/648 707/812/712 704/806/707 695/750/653
f 707/812/712 690/745/648 689/748/651 709/813/713
f 708/814/714 781/815/715 777/816/716 709/813/713
f 710/746/649 690/745/648 695/750/653 713/749/652
f 714/747/650 675/787/689 674/786/688 689/748/651
f 712/783/685 706/782/678 1920/817/681
f 716/784/686 711/752/655 684/751/654 686/785/687
f 675/818/689 714/819/650 718/820/717 717/821/718
f 714/819/650 710/822/649 719/823/719 718/820/717
f 710/822/649 713/824/652 720/825/720 719/823/719
f 713/824/652 711/826/655 721/827/721 720/825/720
f 711/826/655 716/828/686 722/829/722 721/827/721
f 716/828/686 712/830/685 723/831/723 722/829/722
f 712/830/685 715/832/690 724/833/724 723/831/723
f 715/832/690 675/834/689 717/835/718 724/833/724
f 717/821/718 718/820/717 726/836/725 725/837/726
f 718/820/717 719/823/719 727/838/727 726/836/725
f 719/823/719 720/825/720 728/839/728 727/838/727
f 720/825/720 721/827/721 729/840/729 728/839/728
f 721/827/721 722/829/722 730/841/730 729/840/729
f 722/829/722 723/831/723 731/842/731 730/841/730
f 723/831/723 724/833/724 732/843/732 731/842/731
f 724/833/724 717/835/718 725/844/726 732/843/732
f 725/837/726 726/836/725 734/845/733 733/846/734
f 726/836/725 727/838/727 735/847/735 734/845/733
f 727/838/727 728/839/728 736/848/736 735/847/735
f 728/839/728 729/840/729 737/849/737 736/848/736
f 729/840/729 730/841/730 738/850/738 737/849/737
f 730/841/730 731/842/731 739/851/739 738/850/738
f 731/842/731 732/843/732 740/852/740 739/851/739
f 732/843/732 725/844/726 733/853/734 740/852/740
f 733/846/734 734/845/733 742/854/741 741/855/742
f 734/845/733 735/847/735 743/856/743 742/854/741
f 735/847/735 736/848/736 744/857/744 743/856/743
f 736/848/736 737/849/737 745/858/745 744/857/744
f 737/849/737 738/850/738 746/859/746 745/858/745
f 738/850/738 739/851/739 747/860/747 746/859/746
f 739/851/739 740/852/740 748/861/748 747/860/747
f 740/852/740 733/853/734 741/862/742 748/861/748
f 741/855/742 742/854/741 750/863/749 749/864/750
f 742/854/741 743/856/743 751/865/751 750/863/749
f 743/856/743 744/857/744 752/866/752 751/865/751
f 744/857/744 745/858/745 753/867/753 752/866/752
f 745/858/745 746/859/746 754/868/754 753/867/753
f 746/859/746 747/860/747 755/869/755 754/868/754
f 747/860/747 748/861/748 756/870/756 755/869/755
f 748/861/748 741/862/742 749/871/750 756/870/756
f 758/872/757 892/873/758 694/801/702
f 759/874/759 692/802/703 677/780/683 702/755/658
f 758/875/757 692/876/703 761/877/760 760/878/761
f 692/876/703 759/879/759 762/880/762 761/877/760
f 782/881/763 778/882/764 762/880/762 759/879/759
f 760/878/761 761/877/760 764/883/765 763/884/766
f 761/877/760 762/880/762 765/885/767 764/883/765
f 778/882/764 779/886/768 765/885/767 762/880/762
f 763/884/766 764/883/765 767/887/769 766/888/770
f 764/883/765 765/885/767 768/889/771 767/887/769
f 779/886/768 903/890/772 768/889/771 765/885/767
f 691/754/657 703/807/708 783/891/773 702/755/658
f 785/809/710 698/811/692 683/892/694 1888/893/774
f 1886/894/775 1887/895/776 680/764/667 672/763/666
f 1916/896/777 771/897/778 670/771/674 1915/770/673
f 1885/898/779 1886/894/775 672/763/666 773/899/780
f 773/899/780 672/763/666 1883/762/665 1884/900/781
f 775/901/782 688/758/661 1857/757/660 1858/902/783
f 774/903/784 673/795/696 1865/798/699 1866/904/785
f 1897/905/786 1898/767/670 770/766/669 776/906/787
f 782/907/763 759/874/759 702/755/658 783/891/773
f 696/803/704 699/804/705 705/805/706 780/808/709
f 784/773/676 680/764/667 1887/895/776 1888/893/774
f 694/908/702 892/909/758 1855/910/788 787/911/789
f 701/912/682 682/913/684 1867/914/790
f 704/806/707 707/812/712 789/915/791 788/916/792
f 707/812/712 709/813/713 790/917/793 789/915/791
f 709/813/713 777/816/716 791/918/794 790/917/793
f 788/916/792 789/915/791 793/919/795 792/920/796
f 789/915/791 790/917/793 794/921/797 793/919/795
f 790/917/793 791/918/794 795/922/798 794/921/797
f 693/759/662 787/911/789 1855/910/788 1856/760/663
f 892/923/758 758/875/757 760/878/761 915/924/799
f 915/924/799 760/878/761 763/884/766 917/925/800
f 763/884/766 766/888/770 916/926/801 917/925/800
f 799/927/802 798/928/803 801/929/804 800/930/805
f 803/931/806 802/932/807 805/933/808 804/934/809
f 806/935/810 809/936/811 808/937/812 807/938/813
f 813/939/814 1860/940/815 1861/941/816 810/942/817
f 1879/943/818 814/944/819 817/945/820 1878/946/821
f 1912/947/822 818/948/823 821/949/824 1911/950/825
f 1935/951/826 1938/952/827 1939/953/828 1934/954/829
f 825/955/830 1877/956/831 1878/946/821 817/945/820
f 1933/957/832 1934/954/829 1939/953/828
f 829/958/833 828/959/834 830/960/835 809/936/811
f 826/961/836 827/962/837 832/963/838 831/964/839
f 833/965/840 823/966/841 835/967/842 834/968/843
f 836/969/844 805/933/808 827/962/837 837/970/845
f 838/971/846 806/935/810 840/972/847 839/973/848
f 812/974/849 1874/975/850 1875/976/851 811/977/852
f 841/978/853 1873/979/854 1874/975/850 812/974/849
f 842/980/855 843/981/856 830/960/835 828/959/834
f 844/982/857 845/983/858 836/969/844 840/972/847
f 807/938/813 844/982/857 840/972/847 806/935/810
f 840/972/847 836/969/844 837/970/845 839/973/848
f 805/933/808 836/969/844 845/983/858 804/934/809
f 838/971/846 829/958/833 809/936/811 806/935/810
f 705/805/706 704/806/707 804/934/809 845/983/858
f 703/807/708 780/808/709 844/982/857 807/938/813
f 846/984/859 1910/985/860 1911/950/825 821/949/824
f 799/927/802 804/934/809 704/806/707 847/986/861
f 849/987/862 848/988/863 798/928/803 847/986/861
f 848/988/863 849/987/862 777/816/716 781/815/715
f 800/930/805 803/931/806 804/934/809 799/927/802
f 801/929/804 798/928/803 833/965/840 834/968/843
f 823/966/841 1933/989/832 831/964/839 835/967/842
f 832/963/838 827/962/837 805/933/808 802/932/807
f 834/990/843 851/991/864 850/992/865 801/993/804
f 801/993/804 850/992/865 852/994/866 800/995/805
f 800/995/805 852/994/866 853/996/867 803/997/806
f 803/997/806 853/996/867 854/998/868 802/999/807
f 802/999/807 854/998/868 855/1000/869 832/1001/838
f 832/1001/838 855/1000/869 856/1002/870 831/1003/839
f 831/1003/839 856/1002/870 857/1004/871 835/1005/842
f 835/1005/842 857/1004/871 851/1006/864 834/1007/843
f 851/991/864 859/1008/872 858/1009/873 850/992/865
f 850/992/865 858/1009/873 860/1010/874 852/994/866
f 852/994/866 860/1010/874 861/1011/875 853/996/867
f 853/996/867 861/1011/875 862/1012/876 854/998/868
f 854/998/868 862/1012/876 863/1013/877 855/1000/869
f 855/1000/869 863/1013/877 864/1014/878 856/1002/870
f 856/1002/870 864/1014/878 865/1015/879 857/1004/871
f 857/1004/871 865/1015/879 859/1016/872 851/1006/864
f 859/1008/872 867/1017/880 866/1018/881 858/1009/873
f 858/1009/873 866/1018/881 868/1019/882 860/1010/874
f 860/1010/874 868/1019/882 869/1020/883 861/1011/875
f 861/1011/875 869/1020/883 870/1021/884 862/1012/876
f 862/1012/876 870/1021/884 871/1022/885 863/1013/877
f 863/1013/877 871/1022/885 872/1023/886 864/1014/878
f 864/1014/878 872/1023/886 873/1024/887 865/1015/879
f 865/1015/879 873/1024/887 867/1025/880 859/1016/872
f 867/1017/880 875/1026/888 874/1027/889 866/1018/881
f 866/1018/881 874/1027/889 876/1028/890 868/1019/882
f 868/1019/882 876/1028/890 877/1029/891 869/1020/883
f 869/1020/883 877/1029/891 878/1030/892 870/1021/884
f 870/1021/884 878/1030/892 879/1031/893 871/1022/885
f 871/1022/885 879/1031/893 880/1032/894 872/1023/886
f 872/1023/886 880/1032/894 881/1033/895 873/1024/887
f 873/1024/887 881/1033/895 875/1034/888 867/1025/880
f 875/1026/888 883/1035/896 882/1036/897 874/1027/889
f 874/1027/889 882/1036/897 884/1037/898 876/1028/890
f 876/1028/890 884/1037/898 885/1038/899 877/1029/891
f 877/1029/891 885/1038/899 886/1039/900 878/1030/892
f 878/1030/892 886/1039/900 887/1040/901 879/1031/893
f 879/1031/893 887/1040/901 888/1041/902 880/1032/894
f 880/1032/894 888/1041/902 889/1042/903 881/1033/895
f 881/1033/895 889/1042/903 883/1043/896 875/1034/888
f 891/1044/904 842/980/855 892/873/758
f 893/1045/905 808/937/812 830/960/835 843/981/856
f 891/1046/904 895/1047/906 894/1048/907 843/1049/856
f 843/1049/856 894/1048/907 896/1050/908 893/1051/905
f 782/1052/763 893/1051/905 896/1050/908 778/1053/764
f 895/1047/906 898/1054/909 897/1055/910 894/1048/907
f 894/1048/907 897/1055/910 899/1056/911 896/1050/908
f 778/1053/764 896/1050/908 899/1056/911 779/1057/768
f 898/1054/909 901/1058/912 900/1059/913 897/1055/910
f 897/1055/910 900/1059/913 902/1060/914 899/1056/911
f 902/1060/914 903/1061/772 779/1057/768 899/1056/911
f 807/938/813 808/937/812 783/891/773 703/807/708
f 1893/1062/915 824/1063/916 839/1064/848
f 816/1065/917 1894/1066/918 1895/1067/919 815/1068/920
f 1935/951/826 1936/1069/921 1937/1070/922 1938/952/827
f 815/1068/920 1895/1067/919 1896/1071/923 906/1072/924
f 814/944/819 1879/943/818 1880/1073/925 908/1074/926
f 810/942/817 1861/941/816 1862/1075/927 909/1076/928
f 811/977/852 1875/976/851 1876/1077/929 910/1078/930
f 818/948/823 1912/947/822 1913/1079/931 907/1080/932
f 782/907/763 783/891/773 808/937/812 893/1045/905
f 844/982/857 780/808/709 705/805/706 845/983/858
f 1894/1066/918 816/1065/917 824/1063/916 1893/1062/915
f 828/1081/834 825/955/830 1873/979/854
f 1859/1082/933 892/909/758 842/1083/855 841/978/853
f 1877/956/831 825/955/830 828/1081/834
f 704/806/707 788/916/792 911/1084/934 847/986/861
f 847/986/861 911/1084/934 912/1085/935 849/987/862
f 849/987/862 912/1085/935 791/918/794 777/816/716
f 788/916/792 792/920/796 913/1086/936 911/1084/934
f 911/1084/934 913/1086/936 914/1087/937 912/1085/935
f 912/1085/935 914/1087/937 795/922/798 791/918/794
f 797/1088/938 1859/1082/933 1860/940/815 813/939/814
f 892/923/758 915/924/799 895/1047/906 891/1046/904
f 915/924/799 917/925/800 898/1054/909 895/1047/906
f 898/1054/909 917/925/800 916/926/801 901/1058/912
f 918/1089/939 771/897/778 1916/896/777
f 920/1090/940 1885/898/779 773/899/780
f 920/1090/940 773/899/780 1884/900/781
f 1871/1091/941 921/1092/942 775/901/782 1858/902/783
f 1872/1093/943 774/903/784 1866/904/785
f 923/1094/944 922/1095/945 1930/1096/946 1937/1070/922
f 924/1097/947 906/1072/924 1896/1071/923
f 926/1098/948 908/1074/926 1880/1073/925
f 1871/1091/941 909/1076/928 1862/1075/927
f 926/1098/948 927/1099/949 910/1078/930 1876/1077/929
f 925/1100/950 907/1080/932 1913/1079/931
f 677/780/683 700/756/659 702/755/658
f 689/748/651 708/814/714 709/813/713
f 749/864/750 750/863/749 757/1101/951
f 750/863/749 751/865/751 757/1101/951
f 751/865/751 752/866/752 757/1101/951
f 752/866/752 753/867/753 757/1101/951
f 753/867/753 754/868/754 757/1101/951
f 754/868/754 755/869/755 757/1101/951
f 755/869/755 756/870/756 757/1101/951
f 756/870/756 749/871/750 757/1101/951
f 694/801/702 692/802/703 758/872/757
f 766/888/770 767/887/769 796/1102/952
f 767/887/769 768/889/771 796/1102/952
f 768/889/771 903/890/772 796/1102/952
f 916/926/801 766/888/770 796/1102/952
f 830/960/835 808/937/812 809/936/811
f 1910/985/860 846/984/859 837/1103/845
f 847/986/861 798/928/803 799/927/802
f 883/1035/896 890/1104/953 882/1036/897
f 882/1036/897 890/1104/953 884/1037/898
f 884/1037/898 890/1104/953 885/1038/899
f 885/1038/899 890/1104/953 886/1039/900
f 886/1039/900 890/1104/953 887/1040/901
f 887/1040/901 890/1104/953 888/1041/902
f 888/1041/902 890/1104/953 889/1042/903
f 889/1042/903 890/1104/953 883/1043/896
f 842/980/855 891/1044/904 843/981/856
f 901/1058/912 796/1102/952 900/1059/913
f 900/1059/913 796/1102/952 902/1060/914
f 902/1060/914 796/1102/952 903/1061/772
f 916/926/801 796/1102/952 901/1058/912
f 797/1088/938 813/939/814 1856/760/663 1855/910/788
f 813/939/814 810/942/817 1857/757/660 1856/760/663
f 810/942/817 909/1076/928 1858/902/783 1857/757/660
f 1859/1082/933 841/978/853 812/974/849 1860/940/815
f 812/974/849 811/977/852 1861/941/816 1860/940/815
f 1861/941/816 811/977/852 910/1078/930 1862/1075/927
f 787/911/789 693/759/662 1864/797/698 1863/800/701
f 693/759/662 688/758/661 1865/798/699 1864/797/698
f 688/758/661 775/901/782 1866/904/785 1865/798/699
f 786/799/700 679/796/697 1868/1105/954 1867/914/790
f 679/796/697 673/795/696 1869/1106/955 1868/1105/954
f 673/795/696 774/903/784 1870/1107/956 1869/1106/955
f 1867/914/790 683/892/694 687/1108/693
f 910/1078/930 927/1099/949 1871/1091/941 1862/1075/927
f 1858/902/783 909/1076/928 1871/1091/941
f 1866/904/785 775/901/782 921/1092/942 1872/1093/943
f 1870/1107/956 774/903/784 1872/1093/943
f 1873/979/854 825/955/830 817/945/820 1874/975/850
f 1874/975/850 817/945/820 814/944/819 1875/976/851
f 1875/976/851 814/944/819 908/1074/926 1876/1077/929
f 1877/956/831 1889/1109/957 1890/1110/958 1878/946/821
f 1878/946/821 1890/1110/958 1891/1111/959 1879/943/818
f 1879/943/818 1891/1111/959 1892/1112/960 1880/1073/925
f 1867/914/790 1868/1105/954 1882/761/664 1881/774/677
f 1868/1105/954 1869/1106/955 1883/762/665 1882/761/664
f 1883/762/665 1869/1106/955 1870/1107/956 1884/900/781
f 776/906/787 770/766/669 1886/894/775 1885/898/779
f 770/766/669 769/765/668 1887/895/776 1886/894/775
f 769/765/668 785/809/710 1888/893/774 1887/895/776
f 920/1090/940 1884/900/781 1870/1107/956 1872/1093/943
f 920/1090/940 1905/1113/961 776/906/787 1885/898/779
f 1876/1077/929 908/1074/926 926/1098/948
f 1892/1112/960 906/1072/924 924/1097/947
f 841/978/853 842/1083/855 828/1081/834 1873/979/854
f 828/1081/834 829/1114/833 1877/956/831
f 839/1064/848 824/1063/916 1889/1109/957
f 1859/1082/933 797/1088/938 892/909/758
f 892/909/758 797/1088/938 1855/910/788
f 1863/800/701 786/799/700 682/913/684
f 682/913/684 786/799/700 1867/914/790
f 1889/1109/957 824/1063/916 816/1065/917 1890/1110/958
f 1890/1110/958 816/1065/917 815/1068/920 1891/1111/959
f 1891/1111/959 815/1068/920 906/1072/924 1892/1112/960
f 1893/1062/915 1906/1115/962 1907/1116/963 1894/1066/918
f 1894/1066/918 1907/1116/963 1908/1117/964 1895/1067/919
f 1895/1067/919 1908/1117/964 1909/1118/965 1896/1071/923
f 1909/1118/965 907/1080/932 925/1100/950
f 924/1097/947 926/1098/948 1880/1073/925 1892/1112/960
f 1889/1109/957 829/1114/833 838/1119/846
f 839/1064/848 837/1103/845 1906/1115/962 1893/1062/915
f 1881/774/677 784/773/676 683/892/694
f 683/892/694 784/773/676 1888/893/774
f 1901/1120/966 1902/1121/967 1898/767/670 1897/905/786
f 1902/1121/967 1903/1122/968 1899/768/671 1898/767/670
f 698/811/692 1900/810/711 1904/1123/969
f 785/809/710 769/765/668 1899/768/671 1900/810/711
f 1900/810/711 1899/768/671 1903/1122/968 1904/1123/969
f 1921/1124/970 1922/1125/971 1902/1121/967 1901/1120/966
f 1922/1125/971 1923/1126/972 1903/1122/968 1902/1121/967
f 1903/1122/968 1923/1126/972 686/1127/687 1904/1123/969
f 1904/1123/969 686/1127/687 698/811/692
f 919/1128/973 772/1129/974 1921/1124/970
f 1901/1120/966 1897/905/786 1905/1113/961
f 1905/1113/961 1897/905/786 776/906/787
f 837/1103/845 846/984/859 1906/1115/962
f 1906/1115/962 846/984/859 821/949/824 1907/1116/963
f 1907/1116/963 821/949/824 818/948/823 1908/1117/964
f 1908/1117/964 818/948/823 907/1080/932 1909/1118/965
f 837/1103/845 827/1130/837 1910/985/860
f 1910/985/860 827/1130/837 1927/1131/975 1911/950/825
f 1911/950/825 1927/1131/975 1928/1132/976 1912/947/822
f 1912/947/822 1928/1132/976 1929/1133/977 1913/1079/931
f 1913/1079/931 1929/1133/977 922/1095/945 925/1100/950
f 1896/1071/923 1909/1118/965 925/1100/950 924/1097/947
f 1924/776/679 1925/1134/978 1918/1135/979 1919/777/680
f 1925/1134/978 1926/1136/980 1917/1137/981 1918/1135/979
f 1917/1137/981 1916/896/777 1915/770/673 1918/1135/979
f 1915/770/673 1914/769/672 1919/777/680 1918/1135/979
f 1914/769/672 678/772/675 1920/778/681
f 1920/778/681 1919/777/680 1914/769/672
f 1916/896/777 1917/1137/981 918/1089/939
f 1926/1136/980 772/1129/974 919/1128/973
f 678/789/675 715/788/690 712/783/685 1920/817/681
f 1921/1124/970 772/1129/974 671/1138/982 1922/1125/971
f 671/1138/982 681/1139/983 1923/1126/972 1922/1125/971
f 1923/1126/972 681/1139/983 686/1127/687
f 686/1127/687 681/1139/983 1924/776/679
f 681/1139/983 671/1138/982 1925/1134/978 1924/776/679
f 671/1138/982 772/1129/974 1926/1136/980 1925/1134/978
f 1901/1120/966 1905/1113/961 919/1128/973 1921/1124/970
f 918/1089/939 1917/1137/981 1926/1136/980 919/1128/973
f 827/1130/837 820/1140/984 1927/1131/975
f 1927/1131/975 820/1140/984 819/1141/985 1928/1132/976
f 819/1141/985 904/1142/986 1929/1133/977 1928/1132/976
f 1930/1096/946 904/1142/986 819/1141/985 1931/1143/987
f 1931/1143/987 819/1141/985 820/1140/984 1932/1144/988
f 1932/1144/988 820/1140/984 827/1130/837
f 1929/1133/977 904/1142/986 922/1095/945
f 922/1095/945 904/1142/986 1930/1096/946
f 1933/957/832 823/1145/841 1934/954/829
f 1934/954/829 823/1145/841 822/1146/989 1935/951/826
f 822/1146/989 905/1147/990 1936/1069/921 1935/951/826
f 1937/1070/922 1930/1096/946 1931/1143/987 1938/952/827
f 1938/952/827 1931/1143/987 1932/1144/988 1939/953/828
f 1932/1144/988 826/1148/836 1933/957/832 1939/953/828
f 1933/989/832 826/961/836 831/964/839
f 1936/1069/921 905/1147/990 923/1094/944
f 923/1094/944 1937/1070/922 1936/1069/921
f 1863/800/701 682/913/684 694/908/702 787/911/789
f 706/775/678 686/1127/687 1924/776/679
f 1867/914/790 1881/774/677 683/892/694
f 1889/1109/957 1877/956/831 829/1114/833
f 1932/1144/988 827/1130/837 826/1148/836
f 687/1108/693 701/912/682 1867/914/790
f 838/1119/846 839/1064/848 1889/1109/957
s 12
f 928/1149/991 1033/1150/992 931/1151/993 932/1152/994
f 935/1153/995 936/1154/996 933/1155/997 934/1156/998
f 939/1157/999 931/1151/993 1033/1150/992 938/1158/1000
f 940/1159/1001 957/1160/1002 986/1161/1003 983/1162/1004
f 932/1152/994 934/1156/998 984/1163/1005 983/1162/1004
f 932/1152/994 931/1151/993 935/1153/995 934/1156/998
f 943/1164/1006 930/1165/1007 929/1166/1008 942/1167/1009
f 930/1165/1007 943/1164/1006 944/1168/1010 937/1169/1011
f 936/1154/996 935/1153/995 990/1170/1012 945/1171/1013
f 984/1163/1005 985/1172/1014 979/1173/1015 941/1174/1016
f 948/1175/1017 937/1169/1011 944/1168/1010 950/1176/1018
f 945/1171/1013 990/1170/1012 947/1177/1019 949/1178/1020
f 952/1179/1021 946/1180/1022 1008/1181/1023 1013/1182/1024
f 947/1177/1019 946/1180/1022 952/1179/1021 953/1183/1025
f 948/1175/1017 950/1176/1018 956/1184/1026 954/1185/1027
f 949/1178/1020 947/1177/1019 953/1183/1025 955/1186/1028
f 951/1187/1029 1011/1188/1030 1015/1189/1031 954/1185/1027
f 928/1149/991 986/1161/1003 987/1190/1032 929/1166/1008
f 929/1166/1008 987/1190/1032 988/1191/1033 942/1167/1009
f 952/1179/1021 951/1187/1029 971/1192/1034 972/1193/1035
f 953/1183/1025 952/1179/1021 972/1193/1035 973/1194/1036
f 954/1185/1027 956/1184/1026 976/1195/1037 974/1196/1038
f 953/1183/1025 973/1194/1036 975/1197/1039 955/1186/1028
f 951/1187/1029 954/1185/1027 974/1196/1038 971/1192/1034
f 960/1198/1040 966/1199/1041 967/1200/1042 961/1201/1043
f 961/1201/1043 967/1200/1042 968/1202/1044 962/1203/1045
f 1065/1204/1046 1064/1205/1047 1056/1206/1048 964/1207/1049
f 970/1208/1050 965/1209/1051 969/1210/1052 963/1211/1053
f 963/1211/1053 969/1210/1052 966/1199/1041 960/1198/1040
f 960/1198/1040 961/1201/1043 972/1193/1035 971/1192/1034
f 961/1201/1043 962/1203/1045 973/1194/1036 972/1193/1035
f 970/1208/1050 963/1211/1053 974/1196/1038 976/1195/1037
f 973/1194/1036 962/1203/1045 964/1207/1049 975/1197/1039
f 963/1211/1053 960/1198/1040 971/1192/1034 974/1196/1038
f 940/1159/1001 977/1212/1054 980/1213/1055 957/1160/1002
f 941/1174/1016 978/1214/1056 977/1212/1054 940/1159/1001
f 979/1173/1015 1058/1215/1057 978/1214/1056 941/1174/1016
f 957/1160/1002 980/1213/1055 981/1216/1058 958/1217/1059
f 958/1217/1059 981/1216/1058 982/1218/1060 959/1219/1061
f 986/1161/1003 928/1149/991 932/1152/994 983/1162/1004
f 941/1174/1016 940/1159/1001 983/1162/1004 984/1163/1005
f 934/1156/998 933/1155/997 985/1172/1014 984/1163/1005
f 986/1161/1003 957/1160/1002 958/1217/1059 987/1190/1032
f 987/1190/1032 958/1217/1059 959/1219/1061 988/1191/1033
f 946/1180/1022 947/1177/1019 992/1220/1062 993/1221/1063
f 931/1151/993 939/1157/999 989/1222/1064 994/1223/1065
f 931/1151/993 994/1223/1065 991/1224/1066 935/1153/995
f 999/1225/1067 1000/1226/1068 1001/1227/1069 1003/1228/1070
f 939/1157/999 946/1180/1022 993/1221/1063 989/1222/1064
f 998/1229/1071 999/1225/1067 1003/1228/1070 1005/1230/1072
f 996/1231/1073 997/1232/1074 1004/1233/1075 1006/1234/1076
f 991/1235/1066 994/1236/1065 996/1231/1073 995/1237/1077
f 994/1236/1065 989/1238/1064 997/1232/1074 996/1231/1073
f 989/1238/1064 993/1239/1063 998/1229/1071 997/1232/1074
f 993/1239/1063 992/1240/1062 999/1225/1067 998/1229/1071
f 992/1240/1062 990/1241/1012 1000/1226/1068 999/1225/1067
f 990/1242/1012 991/1235/1066 995/1237/1077 1000/1243/1068
f 996/1231/1073 1006/1234/1076 1002/1244/1078 995/1237/1077
f 995/1237/1077 1002/1244/1078 1001/1245/1069 1000/1243/1068
f 998/1229/1071 1005/1230/1072 1004/1233/1075 997/1232/1074
f 937/1169/1011 948/1175/1017 1010/1246/1079 1012/1247/1080
f 939/1157/999 938/1158/1000 1009/1248/1081 1014/1249/1082
f 939/1157/999 1014/1249/1082 1008/1181/1023 946/1180/1022
f 937/1169/1011 1012/1247/1080 1009/1248/1081 938/1158/1000
f 952/1179/1021 1013/1182/1024 1011/1188/1030 951/1187/1029
f 954/1185/1027 1015/1189/1031 1010/1246/1079 948/1175/1017
f 1008/1250/1023 1014/1251/1082 1017/1252/1083 1016/1253/1084
f 1014/1251/1082 1009/1254/1081 1018/1255/1085 1017/1252/1083
f 1009/1254/1081 1012/1256/1080 1019/1257/1086 1018/1255/1085
f 1012/1256/1080 1010/1258/1079 1020/1259/1087 1019/1257/1086
f 1010/1258/1079 1015/1260/1031 1021/1261/1088 1020/1259/1087
f 1015/1260/1031 1011/1262/1030 1022/1263/1089 1021/1261/1088
f 1011/1264/1030 1013/1265/1024 1023/1266/1090 1022/1267/1089
f 1013/1265/1024 1008/1250/1023 1016/1253/1084 1023/1266/1090
f 1016/1253/1084 1017/1252/1083 1025/1268/1091 1024/1269/1092
f 1017/1252/1083 1018/1255/1085 1026/1270/1093 1025/1268/1091
f 1018/1255/1085 1019/1257/1086 1027/1271/1094 1026/1270/1093
f 1019/1257/1086 1020/1259/1087 1028/1272/1095 1027/1271/1094
f 1020/1259/1087 1021/1261/1088 1029/1273/1096 1028/1272/1095
f 1021/1261/1088 1022/1263/1089 1030/1274/1097 1029/1273/1096
f 1022/1267/1089 1023/1266/1090 1031/1275/1098 1030/1276/1097
f 1023/1266/1090 1016/1253/1084 1024/1269/1092 1031/1275/1098
f 938/1158/1000 1035/1277/1099 1034/1278/1100 937/1169/1011
f 928/1149/991 929/1166/1008 1036/1279/1101 1037/1280/1102
f 1036/1281/1101 930/1282/1007 1039/1283/1103 1038/1284/1104
f 930/1282/1007 1034/1285/1100 1040/1286/1105 1039/1283/1103
f 1034/1285/1100 1035/1287/1099 1041/1288/1106 1040/1286/1105
f 1035/1287/1099 1033/1289/992 1042/1290/1107 1041/1288/1106
f 1033/1289/992 1037/1291/1102 1043/1292/1108 1042/1290/1107
f 1037/1291/1102 1036/1293/1101 1038/1294/1104 1043/1292/1108
f 1038/1284/1104 1039/1283/1103 1045/1295/1109 1044/1296/1110
f 1039/1283/1103 1040/1286/1105 1046/1297/1111 1045/1295/1109
f 1040/1286/1105 1041/1288/1106 1047/1298/1112 1046/1297/1111
f 1041/1288/1106 1042/1290/1107 1048/1299/1113 1047/1298/1112
f 1042/1290/1107 1043/1292/1108 1049/1300/1114 1048/1299/1113
f 1043/1292/1108 1038/1294/1104 1044/1301/1110 1049/1300/1114
f 933/1155/997 936/1154/996 1052/1302/1115 1051/1303/1116
f 936/1154/996 945/1171/1013 1053/1304/1117 1052/1302/1115
f 985/1172/1014 933/1155/997 1051/1303/1116 1059/1305/1118
f 945/1171/1013 949/1178/1020 1054/1306/1119 1053/1304/1117
f 949/1178/1020 955/1186/1028 1055/1307/1120 1054/1306/1119
f 975/1197/1039 964/1207/1049 1056/1206/1048 1057/1308/1121
f 955/1186/1028 975/1197/1039 1057/1308/1121 1055/1307/1120
f 979/1173/1015 985/1172/1014 1059/1305/1118 1058/1309/1057
f 967/1200/1042 966/1199/1041 1060/1310/1122 1061/1311/1123
f 968/1202/1044 967/1200/1042 1061/1311/1123 1062/1312/1124
f 965/1209/1051 1075/1313/1125 1063/1314/1126 969/1210/1052
f 966/1199/1041 969/1210/1052 1063/1314/1126 1060/1310/1122
f 962/1203/1045 968/1202/1044 1065/1204/1046 964/1207/1049
f 1065/1204/1046 968/1202/1044 1062/1312/1124 1064/1315/1047
f 943/1164/1006 942/1167/1009 1066/1316/1127 1067/1317/1128
f 944/1168/1010 943/1164/1006 1067/1317/1128 1068/1318/1129
f 950/1176/1018 944/1168/1010 1068/1318/1129 1069/1319/1130
f 956/1184/1026 950/1176/1018 1069/1319/1130 1070/1320/1131
f 988/1191/1033 959/1219/1061 1071/1321/1132 1074/1322/1133
f 976/1195/1037 956/1184/1026 1070/1320/1131 1073/1323/1134
f 970/1208/1050 976/1195/1037 1073/1323/1134 1072/1324/1135
f 959/1219/1061 982/1218/1060 1080/1325/1136 1071/1321/1132
f 942/1167/1009 988/1191/1033 1074/1322/1133 1066/1316/1127
f 965/1209/1051 970/1208/1050 1072/1324/1135 1075/1326/1125
f 980/1213/1055 977/1212/1054 1076/1327/1137 1078/1328/1138
f 977/1212/1054 978/1214/1056 1077/1329/1139 1076/1327/1137
f 981/1216/1058 980/1213/1055 1078/1328/1138 1079/1330/1140
f 982/1218/1060 981/1216/1058 1079/1330/1140 1080/1331/1136
f 929/1166/1008 930/1165/1007 1036/1279/1101
f 938/1158/1000 1033/1150/992 1035/1277/1099
f 947/1177/1019 990/1170/1012 992/1220/1062
f 990/1170/1012 935/1153/995 991/1224/1066
f 1002/1244/1078 1006/1234/1076 1007/1332/1141
f 1006/1234/1076 1004/1233/1075 1007/1332/1141
f 1004/1233/1075 1005/1230/1072 1007/1332/1141
f 1005/1230/1072 1003/1228/1070 1007/1332/1141
f 1003/1228/1070 1001/1227/1069 1007/1332/1141
f 1001/1245/1069 1002/1244/1078 1007/1332/1141
f 1024/1269/1092 1025/1268/1091 1032/1333/1142
f 1025/1268/1091 1026/1270/1093 1032/1333/1142
f 1026/1270/1093 1027/1271/1094 1032/1333/1142
f 1027/1271/1094 1028/1272/1095 1032/1333/1142
f 1028/1272/1095 1029/1273/1096 1032/1333/1142
f 1029/1273/1096 1030/1274/1097 1032/1333/1142
f 1030/1276/1097 1031/1275/1098 1032/1333/1142
f 1031/1275/1098 1024/1269/1092 1032/1333/1142
f 930/1165/1007 937/1169/1011 1034/1278/1100
f 1033/1150/992 928/1149/991 1037/1280/1102
f 1044/1296/1110 1045/1295/1109 1050/1334/1143
f 1045/1295/1109 1046/1297/1111 1050/1334/1143
f 1046/1297/1111 1047/1298/1112 1050/1334/1143
f 1047/1298/1112 1048/1299/1113 1050/1334/1143
f 1048/1299/1113 1049/1300/1114 1050/1334/1143
f 1049/1300/1114 1044/1301/1110 1050/1334/1143
f 978/1214/1056 1058/1215/1057 1077/1329/1139
s 13
f 1128/1335/1144 1129/1336/1145 1084/1337/1146 1083/1338/1147
f 1129/1336/1145 1155/1339/1148 1156/1340/1149 1084/1337/1146
f 1083/1338/1147 1084/1337/1146 1086/1341/1150 1085/1342/1151
f 1084/1337/1146 1156/1340/1149 1159/1343/1152 1086/1341/1150
f 1085/1342/1151 1086/1341/1150 1088/1344/1153 1087/1345/1154
f 1086/1341/1150 1159/1343/1152 1162/1346/1155 1088/1344/1153
f 1087/1345/1154 1088/1344/1153 1090/1347/1156 1106/1348/1157
f 1088/1344/1153 1162/1346/1155 1165/1349/1158 1090/1347/1156
f 1166/1350/1159 1082/1351/1160 1091/1352/1161 1169/1353/1162
f 1110/1354/1163 1131/1355/1164 1128/1335/1144 1083/1338/1147
f 1081/1356/1165 1108/1357/1166 1109/1358/1167 1082/1351/1160
f 1085/1342/1151 1111/1359/1168 1110/1354/1163 1083/1338/1147
f 1112/1360/1169 1111/1359/1168 1085/1342/1151 1087/1345/1154
f 1113/1361/1170 1112/1360/1169 1087/1345/1154 1106/1348/1157
f 1109/1358/1167 1114/1362/1171 1091/1352/1161 1082/1351/1160
f 1114/1362/1171 1193/1363/1172 1169/1353/1162 1091/1352/1161
f 1110/1354/1163 1103/1364/1173 1130/1365/1174 1131/1355/1164
f 1108/1357/1166 1101/1366/1175 1102/1367/1176 1109/1358/1167
f 1111/1359/1168 1104/1368/1177 1103/1364/1173 1110/1354/1163
f 1105/1369/1178 1104/1368/1177 1111/1359/1168 1112/1360/1169
f 1089/1370/1179 1105/1369/1178 1112/1360/1169 1113/1361/1170
f 1102/1367/1176 1107/1371/1180 1114/1362/1171 1109/1358/1167
f 1107/1371/1180 1202/1372/1181 1193/1363/1172 1114/1362/1171
f 1081/1356/1165 1082/1351/1160 1129/1336/1145 1128/1335/1144
f 1082/1351/1160 1166/1350/1159 1155/1339/1148 1129/1336/1145
f 1131/1355/1164 1108/1357/1166 1081/1356/1165 1128/1335/1144
f 1130/1365/1174 1101/1366/1175 1108/1357/1166 1131/1355/1164
f 1130/1365/1174 1103/1364/1173 1135/1373/1182 1139/1374/1183
f 1102/1367/1176 1101/1366/1175 1133/1375/1184 1134/1376/1185
f 1103/1364/1173 1104/1368/1177 1136/1377/1186 1135/1373/1182
f 1104/1368/1177 1105/1369/1178 1137/1378/1187 1136/1377/1186
f 1105/1369/1178 1089/1370/1179 1132/1379/1188 1137/1378/1187
f 1107/1371/1180 1102/1367/1176 1134/1376/1185 1138/1380/1189
f 1202/1372/1181 1107/1371/1180 1138/1380/1189 1226/1381/1190
f 1101/1366/1175 1130/1365/1174 1139/1374/1183 1133/1375/1184
f 1139/1374/1183 1135/1373/1182 1143/1382/1191 1147/1383/1192
f 1134/1376/1185 1133/1375/1184 1141/1384/1193 1142/1385/1194
f 1135/1373/1182 1136/1377/1186 1144/1386/1195 1143/1382/1191
f 1136/1377/1186 1137/1378/1187 1145/1387/1196 1144/1386/1195
f 1137/1378/1187 1132/1379/1188 1140/1388/1197 1145/1387/1196
f 1138/1380/1189 1134/1376/1185 1142/1385/1194 1146/1389/1198
f 1226/1381/1190 1138/1380/1189 1146/1389/1198 1235/1390/1199
f 1133/1375/1184 1139/1374/1183 1147/1383/1192 1141/1384/1193
f 1152/1391/1200 1151/1392/1201 1154/1393/1202 1153/1394/1203
f 1153/1394/1203 1154/1393/1202 1156/1340/1149 1155/1339/1148
f 1151/1392/1201 1157/1395/1204 1158/1396/1205 1154/1393/1202
f 1154/1393/1202 1158/1396/1205 1159/1343/1152 1156/1340/1149
f 1157/1395/1204 1160/1397/1206 1161/1398/1207 1158/1396/1205
f 1158/1396/1205 1161/1398/1207 1162/1346/1155 1159/1343/1152
f 1160/1397/1206 1163/1399/1208 1164/1400/1209 1161/1398/1207
f 1161/1398/1207 1164/1400/1209 1165/1349/1158 1162/1346/1155
f 1166/1350/1159 1169/1353/1162 1168/1401/1210 1167/1402/1211
f 1184/1403/1212 1151/1392/1201 1152/1391/1200 1185/1404/1213
f 1186/1405/1214 1167/1402/1211 1188/1406/1215 1187/1407/1216
f 1157/1395/1204 1151/1392/1201 1184/1403/1212 1189/1408/1217
f 1190/1409/1218 1160/1397/1206 1157/1395/1204 1189/1408/1217
f 1191/1410/1219 1163/1399/1208 1160/1397/1206 1190/1409/1218
f 1188/1406/1215 1167/1402/1211 1168/1401/1210 1192/1411/1220
f 1192/1411/1220 1168/1401/1210 1169/1353/1162 1193/1363/1172
f 1184/1403/1212 1185/1404/1213 1195/1412/1221 1194/1413/1222
f 1187/1407/1216 1188/1406/1215 1197/1414/1223 1196/1415/1224
f 1189/1408/1217 1184/1403/1212 1194/1413/1222 1198/1416/1225
f 1199/1417/1226 1190/1409/1218 1189/1408/1217 1198/1416/1225
f 1200/1418/1227 1191/1410/1219 1190/1409/1218 1199/1417/1226
f 1197/1414/1223 1188/1406/1215 1192/1411/1220 1201/1419/1228
f 1201/1419/1228 1192/1411/1220 1193/1363/1172 1202/1372/1181
f 1186/1405/1214 1152/1391/1200 1153/1394/1203 1167/1402/1211
f 1167/1402/1211 1153/1394/1203 1155/1339/1148 1166/1350/1159
f 1185/1404/1213 1152/1391/1200 1186/1405/1214 1187/1407/1216
f 1195/1412/1221 1185/1404/1213 1187/1407/1216 1196/1415/1224
f 1195/1412/1221 1219/1420/1229 1218/1421/1230 1194/1413/1222
f 1197/1414/1223 1221/1422/1231 1220/1423/1232 1196/1415/1224
f 1194/1413/1222 1218/1421/1230 1222/1424/1233 1198/1416/1225
f 1198/1416/1225 1222/1424/1233 1223/1425/1234 1199/1417/1226
f 1199/1417/1226 1223/1425/1234 1224/1426/1235 1200/1418/1227
f 1201/1419/1228 1225/1427/1236 1221/1422/1231 1197/1414/1223
f 1202/1372/1181 1226/1381/1190 1225/1427/1236 1201/1419/1228
f 1196/1415/1224 1220/1423/1232 1219/1420/1229 1195/1412/1221
f 1219/1420/1229 1228/1428/1237 1227/1429/1238 1218/1421/1230
f 1221/1422/1231 1230/1430/1239 1229/1431/1240 1220/1423/1232
f 1218/1421/1230 1227/1429/1238 1231/1432/1241 1222/1424/1233
f 1222/1424/1233 1231/1432/1241 1232/1433/1242 1223/1425/1234
f 1223/1425/1234 1232/1433/1242 1233/1434/1243 1224/1426/1235
f 1225/1427/1236 1234/1435/1244 1230/1430/1239 1221/1422/1231
f 1226/1381/1190 1235/1390/1199 1234/1435/1244 1225/1427/1236
f 1220/1423/1232 1229/1431/1240 1228/1428/1237 1219/1420/1229
s 14
f 1095/1436/1245 1092/1437/1246 1093/1438/1247 1094/1439/1248
f 1175/1440/1249 1095/1436/1245 1094/1439/1248 1174/1441/1250
f 1097/1442/1251 1096/1443/1252 1092/1437/1246 1095/1436/1245
f 1178/1444/1253 1097/1442/1251 1095/1436/1245 1175/1440/1249
f 1099/1445/1254 1119/1446/1255 1096/1443/1252 1097/1442/1251
f 1181/1447/1256 1099/1445/1254 1097/1442/1251 1178/1444/1253
f 1148/1448/1257 1183/1449/1258 1174/1441/1250 1094/1439/1248
f 1093/1438/1247 1092/1437/1246 1122/1450/1259 1123/1451/1260
f 1124/1452/1261 1094/1439/1248 1093/1438/1247 1123/1451/1260
f 1122/1450/1259 1092/1437/1246 1096/1443/1252 1125/1453/1262
f 1096/1443/1252 1119/1446/1255 1126/1454/1263 1125/1453/1262
f 1148/1448/1257 1094/1439/1248 1124/1452/1261 1150/1455/1264
f 1210/1456/1265 1209/1457/1266 1853/1458/1267 1127/1459/1268
f 1854/1460/1269 1127/1459/1268 1853/1458/1267 1100/1461/1270
f 1123/1451/1260 1122/1450/1259 1115/1462/1271 1116/1463/1272
f 1117/1464/1273 1124/1452/1261 1123/1451/1260 1116/1463/1272
f 1115/1462/1271 1122/1450/1259 1125/1453/1262 1118/1465/1274
f 1125/1453/1262 1126/1454/1263 1098/1466/1275 1118/1465/1274
f 1150/1455/1264 1124/1452/1261 1117/1464/1273 1149/1467/1276
f 1127/1459/1268 1854/1460/1269 1120/1468/1277 1121/1469/1278
f 1183/1449/1258 1148/1448/1257 1100/1461/1270 1853/1458/1267
f 1100/1461/1270 1148/1448/1257 1150/1455/1264 1854/1460/1269
f 1854/1460/1269 1150/1455/1264 1149/1467/1276 1120/1468/1277
f 1173/1470/1279 1172/1471/1280 1171/1472/1281 1170/1473/1282
f 1175/1440/1249 1174/1441/1250 1172/1471/1280 1173/1470/1279
f 1177/1474/1283 1173/1470/1279 1170/1473/1282 1176/1475/1284
f 1178/1444/1253 1175/1440/1249 1173/1470/1279 1177/1474/1283
f 1180/1476/1285 1177/1474/1283 1176/1475/1284 1179/1477/1286
f 1181/1447/1256 1178/1444/1253 1177/1474/1283 1180/1476/1285
f 1182/1478/1287 1172/1471/1280 1174/1441/1250 1183/1449/1258
f 1171/1472/1281 1204/1479/1288 1203/1480/1289 1170/1473/1282
f 1205/1481/1290 1204/1479/1288 1171/1472/1281 1172/1471/1280
f 1203/1480/1289 1206/1482/1291 1176/1475/1284 1170/1473/1282
f 1176/1475/1284 1206/1482/1291 1207/1483/1292 1179/1477/1286
f 1182/1478/1287 1208/1484/1293 1205/1481/1290 1172/1471/1280
f 1204/1479/1288 1212/1485/1294 1211/1486/1295 1203/1480/1289
f 1213/1487/1296 1212/1485/1294 1204/1479/1288 1205/1481/1290
f 1211/1486/1295 1214/1488/1297 1206/1482/1291 1203/1480/1289
f 1206/1482/1291 1214/1488/1297 1215/1489/1298 1207/1483/1292
f 1208/1484/1293 1216/1490/1299 1213/1487/1296 1205/1481/1290
f 1127/1459/1268 1121/1469/1278 1217/1491/1300 1210/1456/1265
f 1183/1449/1258 1853/1458/1267 1209/1457/1266 1182/1478/1287
f 1209/1457/1266 1210/1456/1265 1208/1484/1293 1182/1478/1287
f 1210/1456/1265 1217/1491/1300 1216/1490/1299 1208/1484/1293
s 15
f 1248/1492/1301 1291/1493/1302 1288/1494/1303 1237/1495/1304
f 1241/1496/1305 1249/1497/1306 1262/1498/1307 1247/1499/1308
f 1248/1492/1301 1237/1495/1304 1286/1500/1309 1290/1501/1310
f 1253/1502/1311 1254/1503/1312 1246/1504/1313 1282/1505/1314
f 1252/1506/1315 1253/1507/1311 1282/1508/1314 1238/1509/1316
f 1258/1510/1317 1268/1511/1318 1254/1503/1312 1245/1512/1319
f 1249/1497/1306 1238/1513/1316 1260/1514/1320 1262/1498/1307
f 1242/1515/1321 1243/1516/1322 1251/1517/1323 1250/1518/1324
f 1251/1517/1323 1243/1516/1322 1263/1519/1325 1255/1520/1326
f 1253/1502/1311 1244/1521/1327 1245/1512/1319 1254/1503/1312
f 1252/1506/1315 1239/1522/1328 1244/1523/1327 1253/1507/1311
f 1252/1524/1315 1257/1525/1329 1285/1526/1330 1239/1527/1328
f 1269/1528/1331 1246/1504/1313 1254/1503/1312 1268/1511/1318
f 1249/1497/1306 1241/1496/1305 1257/1525/1329 1252/1524/1315
f 1264/1529/1332 1266/1530/1333 1261/1531/1334 1259/1532/1335
f 1266/1530/1333 1267/1533/1336 1250/1518/1324 1261/1531/1334
f 1271/1534/1337 1327/1535/1338 1236/1536/1339 1256/1537/1340
f 1250/1518/1324 1267/1533/1336 1265/1538/1341 1242/1515/1321
f 1270/1539/1342 1330/1540/1343 1255/1520/1326 1263/1519/1325
f 1330/1540/1343 1271/1534/1337 1256/1537/1340 1255/1520/1326
f 1240/1541/1344 1247/1499/1308 1266/1530/1333 1264/1529/1332
f 1247/1499/1308 1262/1498/1307 1267/1533/1336 1266/1530/1333
f 1267/1533/1336 1262/1498/1307 1260/1514/1320 1265/1538/1341
f 1288/1494/1303 1289/1542/1345 1274/1543/1346 1237/1495/1304
f 1241/1496/1305 1240/1541/1344 1275/1544/1347 1279/1545/1348
f 1286/1500/1309 1287/1546/1349 1276/1547/1350 1259/1532/1335
f 1264/1529/1332 1259/1532/1335 1276/1547/1350 1277/1548/1351
f 1236/1536/1339 1327/1535/1338 1278/1549/1352 1273/1550/1353
f 1240/1541/1344 1264/1529/1332 1277/1548/1351 1275/1544/1347
f 1257/1525/1329 1241/1496/1305 1279/1545/1348 1280/1551/1354
f 1263/1552/1325 1243/1553/1322 1283/1554/1355 1284/1555/1356
f 1260/1556/1320 1238/1509/1316 1282/1508/1314 1940/1557/1357
f 1243/1553/1322 1242/1558/1321 1940/1559/1358 1283/1554/1355
f 1257/1525/1329 1280/1551/1354 1281/1560/1359 1285/1526/1330
f 1237/1495/1304 1274/1543/1346 1287/1546/1349 1286/1500/1309
f 1236/1536/1339 1273/1550/1353 1289/1542/1345 1288/1494/1303
f 1286/1500/1309 1259/1532/1335 1261/1531/1334 1290/1501/1310
f 1261/1531/1334 1250/1518/1324 1251/1517/1323 1290/1501/1310
f 1255/1520/1326 1256/1537/1340 1291/1493/1302 1251/1517/1323
f 1256/1537/1340 1236/1536/1339 1288/1494/1303 1291/1493/1302
f 1294/1561/1360 1293/1562/1361 1292/1563/1362 1295/1564/1363
f 1299/1565/1364 1301/1566/1365 1300/1567/1366 1298/1568/1367
f 1294/1561/1360 1303/1569/1368 1302/1570/1369 1293/1562/1361
f 1305/1571/1370 1304/1572/1371 1307/1573/1372 1306/1574/1373
f 1296/1575/1374 1297/1576/1375 1304/1577/1371 1305/1578/1370
f 1258/1510/1317 1308/1579/1376 1306/1574/1373 1268/1511/1318
f 1298/1568/1367 1300/1567/1366 1311/1580/1377 1297/1581/1375
f 1313/1582/1378 1312/1583/1379 1309/1584/1380 1314/1585/1381
f 1309/1584/1380 1316/1586/1382 1315/1587/1383 1314/1585/1381
f 1305/1571/1370 1306/1574/1373 1308/1579/1376 1317/1588/1384
f 1296/1575/1374 1305/1578/1370 1317/1589/1384 1318/1590/1385
f 1296/1591/1374 1318/1592/1385 1320/1593/1386 1319/1594/1387
f 1269/1528/1331 1268/1511/1318 1306/1574/1373 1307/1573/1372
f 1298/1568/1367 1296/1591/1374 1319/1594/1387 1299/1565/1364
f 1322/1595/1388 1321/1596/1389 1324/1597/1390 1323/1598/1391
f 1323/1598/1391 1324/1597/1390 1312/1583/1379 1325/1599/1392
f 1328/1600/1393 1327/1535/1338 1271/1534/1337 1326/1601/1394
f 1312/1583/1379 1313/1582/1378 1329/1602/1395 1325/1599/1392
f 1270/1539/1342 1315/1587/1383 1316/1586/1382 1330/1540/1343
f 1330/1540/1343 1316/1586/1382 1326/1601/1394 1271/1534/1337
f 1310/1603/1396 1322/1595/1388 1323/1598/1391 1301/1566/1365
f 1301/1566/1365 1323/1598/1391 1325/1599/1392 1300/1567/1366
f 1325/1599/1392 1329/1602/1395 1311/1580/1377 1300/1567/1366
f 1292/1563/1362 1293/1562/1361 1334/1604/1397 1333/1605/1398
f 1299/1565/1364 1336/1606/1399 1335/1607/1400 1310/1603/1396
f 1302/1570/1369 1321/1596/1389 1338/1608/1401 1337/1609/1402
f 1322/1595/1388 1339/1610/1403 1338/1608/1401 1321/1596/1389
f 1328/1600/1393 1340/1611/1404 1278/1549/1352 1327/1535/1338
f 1310/1603/1396 1335/1607/1400 1339/1610/1403 1322/1595/1388
f 1319/1594/1387 1341/1612/1405 1336/1606/1399 1299/1565/1364
f 1315/1613/1383 1284/1555/1356 1342/1614/1406 1314/1615/1381
f 1311/1616/1377 1941/1617/1407 1304/1577/1371 1297/1576/1375
f 1314/1615/1381 1342/1614/1406 1941/1618/1407 1313/1619/1378
f 1319/1594/1387 1320/1593/1386 1343/1620/1408 1341/1612/1405
f 1293/1562/1361 1302/1570/1369 1337/1609/1402 1334/1604/1397
f 1328/1600/1393 1292/1563/1362 1333/1605/1398 1340/1611/1404
f 1302/1570/1369 1303/1569/1368 1324/1597/1390 1321/1596/1389
f 1324/1597/1390 1303/1569/1368 1309/1584/1380 1312/1583/1379
f 1316/1586/1382 1309/1584/1380 1295/1564/1363 1326/1601/1394
f 1326/1601/1394 1295/1564/1363 1292/1563/1362 1328/1600/1393
f 1252/1524/1315 1238/1513/1316 1249/1497/1306
f 1251/1517/1323 1248/1492/1301 1290/1501/1310
f 1248/1492/1301 1251/1517/1323 1291/1493/1302
f 1247/1499/1308 1240/1541/1344 1241/1496/1305
f 1270/1539/1342 1263/1519/1325 1331/1621/1409
f 1265/1538/1341 1260/1514/1320 1272/1622/1410
f 1242/1515/1321 1265/1538/1341 1272/1622/1410
f 1281/1560/1359 1239/1527/1328 1285/1526/1330
f 1296/1591/1374 1298/1568/1367 1297/1581/1375
f 1309/1584/1380 1303/1569/1368 1294/1561/1360
f 1294/1561/1360 1295/1564/1363 1309/1584/1380
f 1301/1566/1365 1299/1565/1364 1310/1603/1396
f 1270/1539/1342 1331/1621/1409 1315/1587/1383
f 1329/1602/1395 1332/1623/1411 1311/1580/1377
f 1313/1582/1378 1332/1623/1411 1329/1602/1395
f 1343/1620/1408 1320/1593/1386 1318/1592/1385
s 16
f 1414/1624/1412 1347/1625/1413 1345/1626/1414 1423/1627/1415
f 1351/1628/1416 1352/1629/1417 1349/1630/1418 1350/1631/1419
f 1353/1632/1420 1351/1628/1416 1350/1631/1419 1354/1633/1421
f 1352/1629/1417 1346/1634/1422 1348/1635/1423 1349/1630/1418
f 1348/1635/1423 1358/1636/1424 1359/1637/1425 1349/1630/1418
f 1350/1631/1419 1349/1630/1418 1359/1637/1425 1360/1638/1426
f 1348/1635/1423 1383/1639/1427 1357/1640/1428 1358/1636/1424
f 1425/1641/1429 1384/1642/1430 1386/1643/1431 1416/1644/1432
f 1347/1625/1413 1355/1645/1433 1418/1646/1434 1345/1626/1414
f 1358/1636/1424 1357/1640/1428 1361/1647/1435 1362/1648/1436
f 1359/1637/1425 1358/1636/1424 1362/1648/1436 1363/1649/1437
f 1360/1638/1426 1359/1637/1425 1363/1649/1437 1364/1650/1438
f 1360/1638/1426 1364/1650/1438 1366/1651/1439 1365/1652/1440
f 1357/1640/1428 1383/1639/1427 1369/1653/1441 1371/1654/1442
f 1415/1655/1443 1356/1656/1444 1370/1657/1445 1368/1658/1446
f 1361/1647/1435 1357/1640/1428 1371/1654/1442 1372/1659/1447
f 1367/1660/1448 1368/1658/1446 1374/1661/1449 1389/1662/1450
f 1371/1654/1442 1369/1653/1441 1375/1663/1451 1377/1664/1452
f 1369/1653/1441 1388/1665/1453 1373/1666/1454 1375/1663/1451
f 1368/1658/1446 1370/1657/1445 1376/1667/1455 1374/1661/1449
f 1372/1659/1447 1371/1654/1442 1377/1664/1452 1404/1668/1456
f 1354/1633/1421 1457/1669/1457 1459/1670/1458 1353/1632/1420
f 1366/1651/1439 1448/1671/1459 1447/1672/1460 1365/1652/1440
f 1381/1673/1461 1382/1674/1462 1350/1631/1419 1360/1638/1426
f 1344/1675/1463 1397/1676/1464 1391/1677/1465 1384/1642/1430
f 1392/1678/1466 1432/1679/1467 1352/1629/1417 1351/1628/1416
f 1393/1680/1468 1392/1678/1466 1351/1628/1416 1353/1632/1420
f 1352/1629/1417 1432/1679/1467 1391/1677/1465 1346/1634/1422
f 1394/1681/1469 1395/1682/1470 1373/1666/1454 1388/1665/1453
f 1393/1680/1468 1460/1683/1471 1458/1684/1472 1387/1685/1473
f 1344/1675/1463 1367/1660/1448 1394/1681/1469 1397/1676/1464
f 1397/1676/1464 1383/1639/1427 1346/1634/1422 1391/1677/1465
f 1385/1686/1474 1421/1687/1475 1432/1679/1467 1392/1678/1466
f 1387/1685/1473 1385/1686/1474 1392/1678/1466 1393/1680/1468
f 1432/1679/1467 1386/1643/1431 1384/1642/1430 1391/1677/1465
f 1367/1660/1448 1389/1662/1450 1395/1682/1470 1394/1681/1469
f 1353/1632/1420 1459/1670/1458 1460/1683/1471 1393/1680/1468
f 1388/1665/1453 1383/1639/1427 1397/1676/1464 1394/1681/1469
f 1361/1647/1435 1405/1688/1476 1406/1689/1477 1362/1648/1436
f 1362/1648/1436 1406/1689/1477 1407/1690/1478 1363/1649/1437
f 1407/1690/1478 1408/1691/1479 1364/1650/1438 1363/1649/1437
f 1408/1691/1479 1409/1692/1480 1366/1651/1439 1364/1650/1438
f 1410/1693/1481 1405/1688/1476 1361/1647/1435 1372/1659/1447
f 1411/1694/1482 1410/1693/1481 1372/1659/1447 1404/1668/1456
f 1409/1692/1480 1450/1695/1483 1448/1671/1459 1366/1651/1439
f 1405/1688/1476 1398/1696/1484 1399/1697/1485 1406/1689/1477
f 1406/1689/1477 1399/1697/1485 1400/1698/1486 1407/1690/1478
f 1400/1698/1486 1401/1699/1487 1408/1691/1479 1407/1690/1478
f 1401/1699/1487 1402/1700/1488 1409/1692/1480 1408/1691/1479
f 1403/1701/1489 1398/1696/1484 1405/1688/1476 1410/1693/1481
f 1378/1702/1490 1403/1701/1489 1410/1693/1481 1411/1694/1482
f 1402/1700/1488 1449/1703/1491 1450/1695/1483 1409/1692/1480
f 1416/1644/1432 1386/1643/1431 1413/1704/1492 1417/1705/1493
f 1424/1706/1494 1344/1675/1463 1384/1642/1430 1425/1641/1429
f 1415/1655/1443 1368/1658/1446 1367/1660/1448 1424/1706/1494
f 1426/1707/1495 1434/1708/1496 1423/1627/1415 1345/1626/1414
f 1417/1705/1493 1428/1709/1497 1427/1710/1498 1416/1644/1432
f 1429/1711/1499 1426/1707/1495 1345/1626/1414 1418/1646/1434
f 1356/1656/1444 1429/1711/1499 1430/1712/1500 1370/1657/1445
f 1370/1657/1445 1430/1712/1500 1431/1713/1501 1376/1667/1455
f 1386/1643/1431 1432/1679/1467 1433/1714/1502 1413/1704/1492
f 1433/1714/1502 1428/1709/1497 1417/1705/1493 1413/1704/1492
f 1414/1624/1412 1435/1715/1503 1427/1710/1498 1347/1625/1413
f 1434/1708/1496 1435/1715/1503 1414/1624/1412 1423/1627/1415
f 1415/1655/1443 1424/1706/1494 1434/1708/1496 1426/1707/1495
f 1428/1709/1497 1355/1645/1433 1347/1625/1413 1427/1710/1498
f 1356/1656/1444 1415/1655/1443 1426/1707/1495 1429/1711/1499
f 1429/1711/1499 1418/1646/1434 1419/1716/1504 1430/1712/1500
f 1430/1712/1500 1419/1716/1504 1420/1717/1505 1431/1713/1501
f 1432/1679/1467 1421/1687/1475 1422/1718/1506 1433/1714/1502
f 1422/1718/1506 1355/1645/1433 1428/1709/1497 1433/1714/1502
f 1435/1715/1503 1425/1641/1429 1416/1644/1432 1427/1710/1498
f 1424/1706/1494 1425/1641/1429 1435/1715/1503 1434/1708/1496
f 1354/1633/1421 1382/1674/1462 1446/1719/1507 1441/1720/1508
f 1441/1720/1508 1462/1721/1509 1457/1669/1457 1354/1633/1421
f 1444/1722/1510 1454/1723/1511 1453/1724/1512 1438/1725/1513
f 1442/1726/1514 1445/1727/1515 1381/1673/1461 1365/1652/1440
f 1381/1673/1461 1445/1727/1515 1446/1719/1507 1382/1674/1462
f 1440/1728/1516 1436/1729/1517 1441/1720/1508 1446/1719/1507
f 1436/1729/1517 1461/1730/1518 1462/1721/1509 1441/1720/1508
f 1444/1722/1510 1451/1731/1519 1452/1732/1520 1454/1723/1511
f 1437/1733/1521 1439/1734/1522 1445/1727/1515 1442/1726/1514
f 1445/1727/1515 1439/1734/1522 1440/1728/1516 1446/1719/1507
f 1448/1671/1459 1455/1735/1523 1453/1724/1512 1447/1672/1460
f 1450/1695/1483 1456/1736/1524 1455/1735/1523 1448/1671/1459
f 1449/1703/1491 1412/1737/1525 1456/1736/1524 1450/1695/1483
f 1452/1732/1520 1442/1726/1514 1365/1652/1440 1447/1672/1460
f 1437/1733/1521 1442/1726/1514 1452/1732/1520 1451/1731/1519
f 1454/1723/1511 1452/1732/1520 1447/1672/1460 1453/1724/1512
f 1455/1735/1523 1380/1738/1526 1438/1725/1513 1453/1724/1512
f 1456/1736/1524 1412/1737/1525 1380/1738/1526 1455/1735/1523
f 1457/1669/1457 1463/1739/1527 1464/1740/1528 1459/1670/1458
f 1460/1683/1471 1465/1741/1529 1396/1742/1530 1458/1684/1472
f 1459/1670/1458 1464/1740/1528 1465/1741/1529 1460/1683/1471
f 1462/1721/1509 1466/1743/1531 1463/1739/1527 1457/1669/1457
f 1461/1730/1518 1443/1744/1532 1466/1743/1531 1462/1721/1509
f 1463/1739/1527 1379/1745/1533 1390/1746/1534 1464/1740/1528
f 1464/1740/1528 1390/1746/1534 1396/1742/1530 1465/1741/1529
f 1466/1743/1531 1443/1744/1532 1379/1745/1533 1463/1739/1527
f 1348/1635/1423 1346/1634/1422 1383/1639/1427
f 1344/1675/1463 1424/1706/1494 1367/1660/1448
f 1383/1639/1427 1388/1665/1453 1369/1653/1441
f 1360/1638/1426 1365/1652/1440 1381/1673/1461
f 1382/1674/1462 1354/1633/1421 1350/1631/1419
s 17
f 1467/1747/1535 1470/1748/1536 1469/1749/1537 1468/1750/1538
f 1476/1751/1539 1475/1752/1540 1474/1753/1541 1477/1754/1542
f 1478/1755/1543 1479/1756/1544 1475/1752/1540 1476/1751/1539
f 1477/1754/1542 1474/1753/1541 1471/1757/1545 1472/1758/1546
f 1471/1757/1545 1474/1753/1541 1481/1759/1547 1480/1760/1548
f 1475/1752/1540 1482/1761/1549 1481/1759/1547 1474/1753/1541
f 1471/1757/1545 1480/1760/1548 1483/1762/1550 1473/1763/1551
f 1485/1764/1552 1484/1765/1553 1487/1766/1554 1486/1767/1555
f 1468/1750/1538 1469/1749/1537 1488/1768/1556 1489/1769/1557
f 1480/1760/1548 1491/1770/1558 1490/1771/1559 1483/1762/1550
f 1481/1759/1547 1492/1772/1560 1491/1770/1558 1480/1760/1548
f 1482/1761/1549 1493/1773/1561 1492/1772/1560 1481/1759/1547
f 1482/1761/1549 1495/1774/1562 1494/1775/1563 1493/1773/1561
f 1483/1762/1550 1500/1776/1564 1499/1777/1565 1473/1763/1551
f 1502/1778/1566 1505/1779/1567 1504/1780/1568 1503/1781/1569
f 1490/1771/1559 1506/1782/1570 1500/1776/1564 1483/1762/1550
f 1498/1783/1571 1508/1784/1572 1507/1785/1573 1505/1779/1567
f 1500/1776/1564 1510/1786/1574 1509/1787/1575 1499/1777/1565
f 1499/1777/1565 1509/1787/1575 1511/1788/1576 1501/1789/1577
f 1505/1779/1567 1507/1785/1573 1512/1790/1578 1504/1780/1568
f 1506/1782/1570 1513/1791/1579 1510/1786/1574 1500/1776/1564
f 1479/1756/1544 1478/1755/1543 1515/1792/1580 1514/1793/1581
f 1494/1775/1563 1495/1774/1562 1517/1794/1582 1516/1795/1583
f 1518/1796/1584 1482/1761/1549 1475/1752/1540 1519/1797/1585
f 1496/1798/1586 1486/1767/1555 1521/1799/1587 1520/1800/1588
f 1522/1801/1589 1476/1751/1539 1477/1754/1542 1523/1802/1590
f 1524/1803/1591 1478/1755/1543 1476/1751/1539 1522/1801/1589
f 1477/1754/1542 1472/1758/1546 1521/1799/1587 1523/1802/1590
f 1525/1804/1592 1501/1789/1577 1511/1788/1576 1526/1805/1593
f 1524/1803/1591 1527/1806/1594 1529/1807/1595 1528/1808/1596
f 1496/1798/1586 1520/1800/1588 1525/1804/1592 1498/1783/1571
f 1520/1800/1588 1521/1799/1587 1472/1758/1546 1473/1763/1551
f 1530/1809/1597 1522/1801/1589 1523/1802/1590 1531/1810/1598
f 1527/1806/1594 1524/1803/1591 1522/1801/1589 1530/1809/1597
f 1523/1802/1590 1521/1799/1587 1486/1767/1555 1487/1766/1554
f 1498/1783/1571 1525/1804/1592 1526/1805/1593 1508/1784/1572
f 1478/1755/1543 1524/1803/1591 1528/1808/1596 1515/1792/1580
f 1501/1789/1577 1525/1804/1592 1520/1800/1588 1473/1763/1551
f 1490/1771/1559 1491/1770/1558 1533/1811/1599 1532/1812/1600
f 1491/1770/1558 1492/1772/1560 1534/1813/1601 1533/1811/1599
f 1534/1813/1601 1492/1772/1560 1493/1773/1561 1535/1814/1602
f 1535/1814/1602 1493/1773/1561 1494/1775/1563 1536/1815/1603
f 1537/1816/1604 1506/1782/1570 1490/1771/1559 1532/1812/1600
f 1538/1817/1605 1513/1791/1579 1506/1782/1570 1537/1816/1604
f 1536/1815/1603 1494/1775/1563 1516/1795/1583 1539/1818/1606
f 1532/1812/1600 1533/1811/1599 1541/1819/1607 1540/1820/1608
f 1533/1811/1599 1534/1813/1601 1542/1821/1609 1541/1819/1607
f 1542/1821/1609 1534/1813/1601 1535/1814/1602 1543/1822/1610
f 1543/1822/1610 1535/1814/1602 1536/1815/1603 1544/1823/1611
f 1545/1824/1612 1537/1816/1604 1532/1812/1600 1540/1820/1608
f 1546/1825/1613 1538/1817/1605 1537/1816/1604 1545/1824/1612
f 1544/1823/1611 1536/1815/1603 1539/1818/1606 1547/1826/1614
f 1484/1765/1553 1548/1827/1615 1549/1828/1616 1487/1766/1554
f 1497/1829/1617 1485/1764/1552 1486/1767/1555 1496/1798/1586
f 1502/1778/1566 1497/1829/1617 1498/1783/1571 1505/1779/1567
f 1550/1830/1618 1469/1749/1537 1470/1748/1536 1551/1831/1619
f 1548/1827/1615 1484/1765/1553 1553/1832/1620 1552/1833/1621
f 1554/1834/1622 1488/1768/1556 1469/1749/1537 1550/1830/1618
f 1503/1781/1569 1504/1780/1568 1555/1835/1623 1554/1834/1622
f 1504/1780/1568 1512/1790/1578 1556/1836/1624 1555/1835/1623
f 1487/1766/1554 1549/1828/1616 1557/1837/1625 1523/1802/1590
f 1557/1837/1625 1549/1828/1616 1548/1827/1615 1552/1833/1621
f 1467/1747/1535 1468/1750/1538 1553/1832/1620 1558/1838/1626
f 1551/1831/1619 1470/1748/1536 1467/1747/1535 1558/1838/1626
f 1502/1778/1566 1550/1830/1618 1551/1831/1619 1497/1829/1617
f 1552/1833/1621 1553/1832/1620 1468/1750/1538 1489/1769/1557
f 1503/1781/1569 1554/1834/1622 1550/1830/1618 1502/1778/1566
f 1554/1834/1622 1555/1835/1623 1559/1839/1627 1488/1768/1556
f 1555/1835/1623 1556/1836/1624 1560/1840/1628 1559/1839/1627
f 1523/1802/1590 1557/1837/1625 1561/1841/1629 1531/1810/1598
f 1561/1841/1629 1557/1837/1625 1552/1833/1621 1489/1769/1557
f 1558/1838/1626 1553/1832/1620 1484/1765/1553 1485/1764/1552
f 1497/1829/1617 1551/1831/1619 1558/1838/1626 1485/1764/1552
f 1479/1756/1544 1563/1842/1630 1562/1843/1631 1519/1797/1585
f 1563/1842/1630 1479/1756/1544 1514/1793/1581 1564/1844/1632
f 1566/1845/1633 1565/1846/1634 1568/1847/1635 1567/1848/1636
f 1569/1849/1637 1495/1774/1562 1518/1796/1584 1570/1850/1638
f 1518/1796/1584 1519/1797/1585 1562/1843/1631 1570/1850/1638
f 1571/1851/1639 1562/1843/1631 1563/1842/1630 1572/1852/1640
f 1572/1852/1640 1563/1842/1630 1564/1844/1632 1573/1853/1641
f 1566/1845/1633 1567/1848/1636 1575/1854/1642 1574/1855/1643
f 1576/1856/1644 1569/1849/1637 1570/1850/1638 1577/1857/1645
f 1570/1850/1638 1562/1843/1631 1571/1851/1639 1577/1857/1645
f 1516/1795/1583 1517/1794/1582 1568/1847/1635 1578/1858/1646
f 1539/1818/1606 1516/1795/1583 1578/1858/1646 1579/1859/1647
f 1547/1826/1614 1539/1818/1606 1579/1859/1647 1580/1860/1648
f 1575/1854/1642 1517/1794/1582 1495/1774/1562 1569/1849/1637
f 1576/1856/1644 1574/1855/1643 1575/1854/1642 1569/1849/1637
f 1567/1848/1636 1568/1847/1635 1517/1794/1582 1575/1854/1642
f 1578/1858/1646 1568/1847/1635 1565/1846/1634 1581/1861/1649
f 1579/1859/1647 1578/1858/1646 1581/1861/1649 1580/1860/1648
f 1514/1793/1581 1515/1792/1580 1583/1862/1650 1582/1863/1651
f 1528/1808/1596 1529/1807/1595 1585/1864/1652 1584/1865/1653
f 1515/1792/1580 1528/1808/1596 1584/1865/1653 1583/1862/1650
f 1564/1844/1632 1514/1793/1581 1582/1863/1651 1586/1866/1654
f 1573/1853/1641 1564/1844/1632 1586/1866/1654 1587/1867/1655
f 1582/1863/1651 1583/1862/1650 1589/1868/1656 1588/1869/1657
f 1583/1862/1650 1584/1865/1653 1585/1864/1652 1589/1868/1656
f 1586/1866/1654 1582/1863/1651 1588/1869/1657 1587/1867/1655
f 1471/1757/1545 1473/1763/1551 1472/1758/1546
f 1496/1798/1586 1498/1783/1571 1497/1829/1617
f 1473/1763/1551 1499/1777/1565 1501/1789/1577
f 1482/1761/1549 1518/1796/1584 1495/1774/1562
f 1519/1797/1585 1475/1752/1540 1479/1756/1544
s 18
f 1621/1870/1658 1622/1871/1659 1617/1872/1660 1618/1873/1661
f 1622/1871/1659 1623/1874/1662 1628/1875/1663 1617/1872/1660
f 1623/1874/1662 1624/1876/1664 1627/1877/1665 1628/1875/1663
f 1624/1876/1664 1625/1878/1666 1626/1879/1667 1627/1877/1665
f 1595/1880/1668 1637/1881/1669 1638/1882/1670 1600/1883/1671
f 1596/1884/1672 1597/1885/1673 1602/1886/1674 1601/1887/1675
f 1597/1885/1673 1598/1888/1676 1603/1889/1677 1602/1886/1674
f 1598/1888/1676 1599/1890/1678 1604/1891/1679 1603/1889/1677
f 1600/1883/1671 1638/1882/1670 1639/1892/1680 1605/1893/1681
f 1601/1887/1675 1602/1886/1674 1607/1894/1682 1606/1895/1683
f 1602/1886/1674 1603/1889/1677 1608/1896/1684 1607/1894/1682
f 1603/1889/1677 1604/1891/1679 1609/1897/1685 1608/1896/1684
f 1605/1893/1681 1639/1892/1680 1640/1898/1686 1610/1899/1687
f 1606/1895/1683 1607/1894/1682 1612/1900/1688 1611/1901/1689
f 1607/1894/1682 1608/1896/1684 1613/1902/1690 1612/1900/1688
f 1608/1896/1684 1609/1897/1685 1614/1903/1691 1613/1902/1690
f 1621/1870/1658 1618/1873/1661 1619/1904/1692 1620/1905/1693
f 1596/1884/1672 1637/1881/1669 1618/1873/1661 1617/1872/1660
f 1595/1880/1668 1616/1906/1694 1619/1904/1692 1618/1873/1661
f 1616/1906/1694 1615/1907/1695 1620/1905/1693 1619/1904/1692
f 1630/1908/1696 1594/1909/1697 1625/1878/1666 1624/1876/1664
f 1594/1909/1697 1599/1890/1678 1626/1879/1667 1625/1878/1666
f 1599/1890/1678 1598/1888/1676 1627/1877/1665 1626/1879/1667
f 1598/1888/1676 1597/1885/1673 1628/1875/1663 1627/1877/1665
f 1597/1885/1673 1596/1884/1672 1617/1872/1660 1628/1875/1663
f 1631/1910/1698 1629/1911/1699 1624/1876/1664 1623/1874/1662
f 1632/1912/1700 1623/1874/1662 1622/1871/1659 1633/1913/1701
f 1635/1914/1702 1634/1915/1703 1622/1871/1659 1621/1870/1658
f 1615/1907/1695 1636/1916/1704 1621/1870/1658 1620/1905/1693
f 1637/1881/1669 1596/1884/1672 1601/1887/1675 1638/1882/1670
f 1638/1882/1670 1601/1887/1675 1606/1895/1683 1639/1892/1680
f 1639/1892/1680 1606/1895/1683 1611/1901/1689 1640/1898/1686
f 1636/1916/1704 1590/1917/1705 1621/1870/1658
f 1634/1915/1703 1591/1918/1706 1622/1871/1659
f 1632/1912/1700 1592/1919/1707 1623/1874/1662
f 1592/1919/1707 1631/1910/1698 1623/1874/1662
f 1629/1911/1699 1593/1920/1708 1624/1876/1664
f 1624/1876/1664 1593/1920/1708 1630/1908/1696
f 1622/1871/1659 1591/1918/1706 1633/1913/1701
f 1621/1870/1658 1590/1917/1705 1635/1914/1702
f 1637/1881/1669 1595/1880/1668 1618/1873/1661
s 19
f 1642/1921/1709 1641/1922/1710 1644/1923/1711 1643/1924/1712
f 1643/1924/1712 1644/1923/1711 1646/1925/1713 1645/1926/1714
f 1645/1926/1714 1646/1925/1713 1648/1927/1715 1647/1928/1716
f 1647/1928/1716 1648/1927/1715 1650/1929/1717 1649/1930/1718
f 1652/1931/1719 1651/1932/1720 1654/1933/1721 1653/1934/1722
f 1656/1935/1723 1655/1936/1724 1658/1937/1725 1657/1938/1726
f 1657/1938/1726 1658/1937/1725 1660/1939/1727 1659/1940/1728
f 1659/1940/1728 1660/1939/1727 1662/1941/1729 1661/1942/1730
f 1651/1932/1720 1663/1943/1731 1664/1944/1732 1654/1933/1721
f 1655/1936/1724 1665/1945/1733 1666/1946/1734 1658/1937/1725
f 1658/1937/1725 1666/1946/1734 1667/1947/1735 1660/1939/1727
f 1660/1939/1727 1667/1947/1735 1668/1948/1736 1662/1941/1729
f 1663/1943/1731 1669/1949/1737 1670/1950/1738 1664/1944/1732
f 1665/1945/1733 1671/1951/1739 1672/1952/1740 1666/1946/1734
f 1666/1946/1734 1672/1952/1740 1673/1953/1741 1667/1947/1735
f 1667/1947/1735 1673/1953/1741 1674/1954/1742 1668/1948/1736
f 1642/1921/1709 1676/1955/1743 1675/1956/1744 1641/1922/1710
f 1656/1935/1723 1644/1923/1711 1641/1922/1710 1653/1934/1722
f 1652/1931/1719 1641/1922/1710 1675/1956/1744 1677/1957/1745
f 1677/1957/1745 1675/1956/1744 1676/1955/1743 1678/1958/1746
f 1686/1959/1747 1647/1928/1716 1649/1930/1718 1687/1960/1748
f 1687/1960/1748 1649/1930/1718 1650/1929/1717 1661/1942/1730
f 1661/1942/1730 1650/1929/1717 1648/1927/1715 1659/1940/1728
f 1659/1940/1728 1648/1927/1715 1646/1925/1713 1657/1938/1726
f 1657/1938/1726 1646/1925/1713 1644/1923/1711 1656/1935/1723
f 1685/1961/1749 1645/1926/1714 1647/1928/1716 1688/1962/1750
f 1683/1963/1751 1690/1964/1752 1643/1924/1712 1645/1926/1714
f 1691/1965/1753 1642/1921/1709 1643/1924/1712 1681/1966/1754
f 1678/1958/1746 1676/1955/1743 1642/1921/1709 1679/1967/1755
f 1653/1934/1722 1654/1933/1721 1655/1936/1724 1656/1935/1723
f 1654/1933/1721 1664/1944/1732 1665/1945/1733 1655/1936/1724
f 1664/1944/1732 1670/1950/1738 1671/1951/1739 1665/1945/1733
f 1679/1967/1755 1642/1921/1709 1680/1968/1756
f 1681/1966/1754 1643/1924/1712 1682/1969/1757
f 1683/1963/1751 1645/1926/1714 1684/1970/1758
f 1684/1970/1758 1645/1926/1714 1685/1961/1749
f 1688/1962/1750 1647/1928/1716 1689/1971/1759
f 1647/1928/1716 1686/1959/1747 1689/1971/1759
f 1643/1924/1712 1690/1964/1752 1682/1969/1757
f 1642/1921/1709 1691/1965/1753 1680/1968/1756
f 1653/1934/1722 1641/1922/1710 1652/1931/1719
s 20
f 1692/1972/1760 1709/1973/1761 1695/1974/1762 1694/1975/1763
f 1708/1976/1764 1744/1977/1765 1696/1978/1766 1695/1974/1762
f 1695/1974/1762 1696/1978/1766 1699/1979/1767 1727/1980/1768
f 1732/1981/1769 1727/1980/1768 1699/1979/1767 1702/1982/1770
f 1700/1983/1771 1701/1984/1772 1704/1985/1773 1729/1986/1774
f 1701/1984/1772 1702/1982/1770 1738/1987/1775 1704/1985/1773
f 1701/1984/1772 1705/1988/1776 1731/1989/1777 1732/1981/1769
f 1709/1973/1761 1710/1990/1778 1708/1976/1764 1695/1974/1762
f 1694/1975/1763 1721/1991/1779 1718/1992/1780 1692/1972/1760
f 1718/1992/1780 1719/1993/1781 1693/1994/1782 1692/1972/1760
f 1693/1994/1782 1719/1993/1781 1724/1995/1783 1710/1990/1778
f 1715/1996/1784 1722/1997/1785 1721/1991/1779 1694/1975/1763
f 1708/1976/1764 1723/1998/1786 1720/1999/1787 1744/1977/1765
f 1710/1990/1778 1724/1995/1783 1723/1998/1786 1708/1976/1764
f 1721/1991/1779 1714/2000/1788 1711/2001/1789 1718/1992/1780
f 1711/2001/1789 1712/2002/1790 1719/1993/1781 1718/1992/1780
f 1719/1993/1781 1712/2002/1790 1717/2003/1791 1724/1995/1783
f 1722/1997/1785 1697/2004/1792 1714/2000/1788 1721/1991/1779
f 1723/1998/1786 1716/2005/1793 1713/2006/1794 1720/1999/1787
f 1724/1995/1783 1717/2003/1791 1716/2005/1793 1723/1998/1786
f 1698/2007/1795 1726/2008/1796 1706/2009/1797 1707/2010/1798
f 1727/1980/1768 1726/2008/1796 1698/2007/1795 1695/1974/1762
f 1694/1975/1763 1698/2007/1795 1707/2010/1798 1715/1996/1784
f 1734/2011/1799 1733/2012/1800 1700/1983/1771 1729/1986/1774
f 1700/1983/1771 1733/2012/1800 1735/2013/1801 1705/1988/1776
f 1735/2013/1801 1736/2014/1802 1731/1989/1777 1705/1988/1776
f 1736/2014/1802 1737/2015/1803 1732/1981/1769 1731/1989/1777
f 1703/2016/1804 1728/2017/1805 1733/2012/1800 1734/2011/1799
f 1733/2012/1800 1728/2017/1805 1730/2018/1806 1735/2013/1801
f 1730/2018/1806 1706/2009/1797 1736/2014/1802 1735/2013/1801
f 1736/2014/1802 1706/2009/1797 1726/2008/1796 1737/2015/1803
f 1740/2019/1807 1739/2020/1808 1742/2021/1809 1741/2022/1810
f 1743/2023/1811 1742/2021/1809 1696/1978/1766 1744/1977/1765
f 1742/2021/1809 1746/2024/1812 1699/1979/1767 1696/1978/1766
f 1699/1979/1767 1746/2024/1812 1750/2025/1813 1702/1982/1770
f 1747/2026/1814 1751/2027/1815 1752/2028/1816 1749/2029/1817
f 1738/1987/1775 1702/1982/1770 1749/2029/1817 1752/2028/1816
f 1749/2029/1817 1750/2025/1813 1753/2030/1818 1748/2031/1819
f 1741/2022/1810 1742/2021/1809 1743/2023/1811 1754/2032/1820
f 1739/2020/1808 1740/2019/1807 1757/2033/1821 1756/2034/1822
f 1757/2033/1821 1740/2019/1807 1755/2035/1823 1758/2036/1824
f 1755/2035/1823 1754/2032/1820 1759/2037/1825 1758/2036/1824
f 1760/2038/1826 1739/2020/1808 1756/2034/1822 1761/2039/1827
f 1743/2023/1811 1744/1977/1765 1720/1999/1787 1762/2040/1828
f 1754/2032/1820 1743/2023/1811 1762/2040/1828 1759/2037/1825
f 1756/2034/1822 1757/2033/1821 1764/2041/1829 1763/2042/1830
f 1764/2041/1829 1757/2033/1821 1758/2036/1824 1765/2043/1831
f 1758/2036/1824 1759/2037/1825 1766/2044/1832 1765/2043/1831
f 1761/2039/1827 1756/2034/1822 1763/2042/1830 1767/2045/1833
f 1762/2040/1828 1720/1999/1787 1713/2006/1794 1768/2046/1834
f 1759/2037/1825 1762/2040/1828 1768/2046/1834 1766/2044/1832
f 1745/2047/1835 1771/2048/1836 1770/2049/1837 1772/2050/1838
f 1746/2024/1812 1742/2021/1809 1745/2047/1835 1772/2050/1838
f 1739/2020/1808 1760/2038/1826 1771/2048/1836 1745/2047/1835
f 1773/2051/1839 1751/2027/1815 1747/2026/1814 1774/2052/1840
f 1747/2026/1814 1748/2031/1819 1775/2053/1841 1774/2052/1840
f 1775/2053/1841 1748/2031/1819 1753/2030/1818 1776/2054/1842
f 1776/2054/1842 1753/2030/1818 1750/2025/1813 1777/2055/1843
f 1778/2056/1844 1773/2051/1839 1774/2052/1840 1779/2057/1845
f 1774/2052/1840 1775/2053/1841 1780/2058/1846 1779/2057/1845
f 1780/2058/1846 1775/2053/1841 1776/2054/1842 1770/2049/1837
f 1776/2054/1842 1777/2055/1843 1772/2050/1838 1770/2049/1837
f 1694/1975/1763 1695/1974/1762 1698/2007/1795
f 1700/1983/1771 1705/1988/1776 1701/1984/1772
f 1701/1984/1772 1732/1981/1769 1702/1982/1770
f 1709/1973/1761 1693/1994/1782 1710/1990/1778
f 1692/1972/1760 1693/1994/1782 1709/1973/1761
f 1722/1997/1785 1715/1996/1784 1725/2059/1847
f 1697/2004/1792 1722/1997/1785 1725/2059/1847
f 1732/1981/1769 1737/2015/1803 1727/1980/1768
f 1737/2015/1803 1726/2008/1796 1727/1980/1768
f 1739/2020/1808 1745/2047/1835 1742/2021/1809
f 1747/2026/1814 1749/2029/1817 1748/2031/1819
f 1749/2029/1817 1702/1982/1770 1750/2025/1813
f 1741/2022/1810 1754/2032/1820 1755/2035/1823
f 1740/2019/1807 1741/2022/1810 1755/2035/1823
f 1761/2039/1827 1769/2060/1848 1760/2038/1826
f 1767/2045/1833 1769/2060/1848 1761/2039/1827
f 1750/2025/1813 1746/2024/1812 1777/2055/1843
f 1777/2055/1843 1746/2024/1812 1772/2050/1838
s 21
f 1794/2061/1849 1795/2062/1850 1786/2063/1851 1785/2064/1852
f 1795/2062/1850 1796/2065/1853 1792/2066/1854 1786/2063/1851
f 1787/2067/1855 1797/2068/1856 1798/2069/1857 1788/2070/1858
f 1788/2070/1858 1798/2069/1857 1799/2071/1859 1789/2072/1860
f 1793/2073/1861 1833/2074/1862 1791/2075/1863 1790/2076/1864
f 1834/2077/1865 1816/2078/1866 1799/2071/1859 1792/2066/1854
f 1783/2079/1867 1784/2080/1868 1795/2062/1850 1794/2061/1849
f 1784/2080/1868 1791/2075/1863 1796/2065/1853 1795/2062/1850
f 1792/2066/1854 1796/2065/1853 1851/2081/1869
f 1797/2068/1856 1785/2064/1852 1786/2063/1851 1798/2069/1857
f 1786/2063/1851 1792/2066/1854 1799/2071/1859 1798/2069/1857
f 1781/2082/1870 1783/2079/1867 1804/2083/1871 1802/2084/1872
f 1801/2085/1873 1781/2082/1870 1802/2084/1872 1808/2086/1874
f 1800/2087/1875 1782/2088/1876 1803/2089/1877 1807/2090/1878
f 1793/2073/1861 1790/2076/1864 1805/2091/1879 1806/2092/1880
f 1790/2076/1864 1800/2087/1875 1807/2090/1878 1805/2091/1879
f 1782/2088/1876 1801/2085/1873 1808/2086/1874 1803/2089/1877
f 1802/2084/1872 1804/2083/1871 1809/2093/1881 1813/2094/1882
f 1807/2090/1878 1803/2089/1877 1814/2095/1883 1812/2096/1884
f 1806/2092/1880 1805/2091/1879 1810/2097/1885 1811/2098/1886
f 1805/2091/1879 1807/2090/1878 1812/2096/1884 1810/2097/1885
f 1808/2086/1874 1802/2084/1872 1813/2094/1882 1815/2099/1887
f 1803/2089/1877 1808/2086/1874 1815/2099/1887 1814/2095/1883
f 1789/2072/1860 1799/2071/1859 1816/2078/1866 1852/2100/1888
f 1821/2101/1889 1820/2102/1890 1823/2103/1891 1822/2104/1892
f 1822/2104/1892 1823/2103/1891 1825/2105/1893 1824/2106/1894
f 1826/2107/1895 1829/2108/1896 1828/2109/1897 1827/2110/1898
f 1829/2108/1896 1831/2111/1899 1830/2112/1900 1828/2109/1897
f 1818/2113/1901 1833/2074/1862 1793/2073/1861 1832/2114/1902
f 1834/2077/1865 1825/2105/1893 1830/2112/1900 1816/2078/1866
f 1835/2115/1903 1821/2101/1889 1822/2104/1892 1819/2116/1904
f 1819/2116/1904 1822/2104/1892 1824/2106/1894 1818/2113/1901
f 1825/2105/1893 1851/2081/1869 1824/2106/1894
f 1827/2110/1898 1828/2109/1897 1823/2103/1891 1820/2102/1890
f 1823/2103/1891 1828/2109/1897 1830/2112/1900 1825/2105/1893
f 1836/2117/1905 1840/2118/1906 1839/2119/1907 1835/2115/1903
f 1817/2120/1908 1841/2121/1909 1840/2118/1906 1836/2117/1905
f 1837/2122/1910 1843/2123/1911 1842/2124/1912 1838/2125/1913
f 1793/2073/1861 1806/2092/1880 1844/2126/1914 1832/2114/1902
f 1832/2114/1902 1844/2126/1914 1843/2123/1911 1837/2122/1910
f 1838/2125/1913 1842/2124/1912 1841/2121/1909 1817/2120/1908
f 1840/2118/1906 1846/2127/1915 1845/2128/1916 1839/2119/1907
f 1843/2123/1911 1848/2129/1917 1847/2130/1918 1842/2124/1912
f 1806/2092/1880 1811/2098/1886 1849/2131/1919 1844/2126/1914
f 1844/2126/1914 1849/2131/1919 1848/2129/1917 1843/2123/1911
f 1841/2121/1909 1850/2132/1920 1846/2127/1915 1840/2118/1906
f 1842/2124/1912 1847/2130/1918 1850/2132/1920 1841/2121/1909
f 1851/2081/1869 1818/2113/1901 1824/2106/1894
f 1831/2111/1899 1852/2100/1888 1816/2078/1866 1830/2112/1900
f 1818/2113/1901 1838/2125/1913 1817/2120/1908 1819/2116/1904
f 1784/2080/1868 1783/2079/1867 1781/2082/1870
f 1800/2087/1875 1790/2076/1864 1791/2075/1863
f 1784/2080/1868 1781/2082/1870 1801/2085/1873
f 1791/2075/1863 1782/2088/1876 1800/2087/1875
f 1834/2077/1865 1792/2066/1854 1851/2081/1869
f 1819/2116/1904 1836/2117/1905 1835/2115/1903
f 1837/2122/1910 1818/2113/1901 1832/2114/1902
f 1819/2116/1904 1817/2120/1908 1836/2117/1905
f 1818/2113/1901 1837/2122/1910 1838/2125/1913
f 1834/2077/1865 1851/2081/1869 1825/2105/1893
f 1851/2081/1869 1833/2074/1862 1818/2113/1901
f 1801/2085/1873 1782/2088/1876 1791/2075/1863 1784/2080/1868
f 1791/2075/1863 1833/2074/1862 1851/2081/1869 1796/2065/1853
usemtl A23DMAT_003
s 22
f 1946/2133/1921 1960/2134/1922 1971/2135/1923 1969/2136/1924
f 1945/2137/1925 1944/2138/1926 1950/2139/1927 1949/2140/1928
f 1986/2141/1929 1943/2142/1930 1951/2143/1931 1985/2144/1932
f 1943/2142/1930 1942/2145/1933 1948/2146/1934 1951/2143/1931
f 1950/2139/1927 1993/2147/1935 1994/2148/1936 1949/2140/1928
f 1948/2149/1934 1973/2150/1937 1956/2151/1938 1951/2152/1931
f 1970/2153/1939 1969/2136/1924 1947/2154/1940 1952/2155/1941
f 1966/2156/1942 1967/2157/1943 1956/2151/1938 1954/2158/1944
f 1957/2159/1945 1953/2160/1946 1955/2161/1947 1946/2133/1921
f 1945/2137/1925 1949/2140/1928 1962/2162/1948 1958/2163/1949
f 1949/2140/1928 1994/2148/1936 1995/2164/1950 1962/2162/1948
f 1963/2165/1951 1952/2155/1941 1947/2154/1940 1961/2166/1952
f 1965/2167/1953 1955/2161/1947 1966/2156/1942 1968/2168/1954
f 1960/2134/1922 1946/2133/1921 1955/2161/1947 1965/2167/1953
f 1955/2161/1947 1953/2160/1946 1967/2157/1943 1966/2156/1942
f 1954/2158/1944 1964/2169/1955 1968/2168/1954 1966/2156/1942
f 1957/2159/1945 1946/2133/1921 1969/2136/1924 1970/2153/1939
f 2036/2170/1956 1968/2168/1954 1964/2169/1955 2037/2171/1957
f 2038/2172/1958 1960/2134/1922 1965/2167/1953 2039/2173/1959
f 1956/2174/1938 1967/2175/1943 1985/2144/1932 1951/2143/1931
f 2042/2176/1960 1963/2165/1951 1974/2177/1961 2041/2178/1962
f 1975/2179/1963 1961/2166/1952 1947/2154/1940 1971/2135/1923
f 1974/2180/1961 1961/2181/1952 1977/2182/1964 1976/2183/1965
f 1961/2181/1952 1975/2184/1963 1978/2185/1966 1977/2182/1964
f 2047/2186/1967 2048/2187/1968 1978/2185/1966 1975/2184/1963
f 1976/2183/1965 1977/2182/1964 1980/2188/1969 1979/2189/1970
f 1977/2182/1964 1978/2185/1966 1981/2190/1971 1980/2188/1969
f 2048/2187/1968 2052/2191/1972 1981/2190/1971 1978/2185/1966
f 1979/2189/1970 1980/2188/1969 1983/2192/1973 1982/2193/1974
f 1980/2188/1969 1981/2190/1971 1984/2194/1975 1983/2192/1973
f 2052/2191/1972 2056/2195/1976 1984/2194/1975 1981/2190/1971
f 1960/2134/1922 2038/2172/1958 2058/2196/1977 1971/2135/1923
f 1985/2144/1932 1950/2139/1927 1944/2138/1926 1986/2141/1929
f 1942/2145/1933 1943/2142/1930 1988/2197/1978 1987/2198/1979
f 1986/2141/1929 1944/2138/1926 1989/2199/1980 1992/2200/1981
f 1944/2138/1926 1945/2137/1925 1990/2201/1982 1989/2199/1980
f 1997/2202/1983 2064/2203/1984 1991/2204/1985 1958/2163/1949
f 1945/2137/1925 1958/2163/1949 1991/2204/1985 1990/2201/1982
f 1943/2142/1930 1986/2141/1929 1992/2200/1981 1988/2197/1978
f 2047/2205/1967 1975/2179/1963 1971/2135/1923 2058/2196/1977
f 1965/2167/1953 1968/2168/1954 2036/2170/1956 2039/2173/1959
f 1993/2147/1935 1950/2139/1927 1985/2144/1932 1967/2175/1943
f 1952/2155/1941 1963/2165/1951 1995/2206/1950 1994/2207/1936
f 1963/2165/1951 2042/2176/1960 2066/2208/1986 1995/2206/1950
f 1970/2153/1939 1994/2207/1936 1993/2209/1935 1957/2159/1945
f 2041/2210/1962 1974/2180/1961 1976/2183/1965 2067/2211/1987
f 2067/2211/1987 1976/2183/1965 1979/2189/1970 2069/2212/1988
f 1979/2189/1970 1982/2193/1974 2068/2213/1989 2069/2212/1988
f 1997/2202/1983 1958/2163/1949 1962/2162/1948 2072/2214/1990
f 1959/2215/1991 1998/2216/1992 2037/2171/1957 1964/2169/1955
f 1962/2162/1948 1995/2164/1950 2066/2217/1986 2072/2214/1990
f 2003/2218/1993 2006/2219/1994 2005/2220/1995 2004/2221/1996
f 2007/2222/1997 2010/2223/1998 2009/2224/1999 2008/2225/2000
f 2011/2226/2001 2014/2227/2002 2013/2228/2003 2012/2229/2004
f 2012/2229/2004 2013/2228/2003 2016/2230/2005 2015/2231/2006
f 2009/2224/1999 2010/2223/1998 2018/2232/2007 2017/2233/2008
f 2016/2234/2005 2013/2235/2003 2020/2236/2009 2019/2237/2010
f 2022/2238/2011 2021/2239/2012 2023/2240/2013 2006/2219/1994
f 2024/2241/2014 2002/2242/2015 2020/2236/2009 2025/2243/2016
f 2026/2244/2017 2003/2218/1993 2028/2245/2018 2027/2246/2019
f 2007/2222/1997 2029/2247/2020 2030/2248/2021 2010/2223/1998
f 2010/2223/1998 2030/2248/2021 2031/2249/2022 2018/2232/2007
f 2032/2250/2023 2033/2251/2024 2023/2240/2013 2021/2239/2012
f 2034/2252/2025 2035/2253/2026 2024/2241/2014 2028/2245/2018
f 2004/2221/1996 2034/2252/2025 2028/2245/2018 2003/2218/1993
f 2028/2245/2018 2024/2241/2014 2025/2243/2016 2027/2246/2019
f 2002/2242/2015 2024/2241/2014 2035/2253/2026 2001/2254/2027
f 2026/2244/2017 2022/2238/2011 2006/2219/1994 2003/2218/1993
f 2036/2170/1956 2037/2171/1957 2001/2254/2027 2035/2253/2026
f 2038/2172/1958 2039/2173/1959 2034/2252/2025 2004/2221/1996
f 2020/2255/2009 2013/2228/2003 2014/2227/2002 2025/2256/2016
f 2042/2176/1960 2041/2178/1962 2040/2257/2028 2032/2250/2023
f 2043/2258/2029 2005/2220/1995 2023/2240/2013 2033/2251/2024
f 2040/2259/2028 2045/2260/2030 2044/2261/2031 2033/2262/2024
f 2033/2262/2024 2044/2261/2031 2046/2263/2032 2043/2264/2029
f 2047/2186/1967 2043/2264/2029 2046/2263/2032 2048/2187/1968
f 2045/2260/2030 2050/2265/2033 2049/2266/2034 2044/2261/2031
f 2044/2261/2031 2049/2266/2034 2051/2267/2035 2046/2263/2032
f 2048/2187/1968 2046/2263/2032 2051/2267/2035 2052/2191/1972
f 2050/2265/2033 2054/2268/2036 2053/2269/2037 2049/2266/2034
f 2049/2266/2034 2053/2269/2037 2055/2270/2038 2051/2267/2035
f 2052/2191/1972 2051/2267/2035 2055/2270/2038 2056/2195/1976
f 2004/2221/1996 2005/2220/1995 2058/2196/1977 2038/2172/1958
f 2014/2227/2002 2011/2226/2001 2008/2225/2000 2009/2224/1999
f 2015/2231/2006 2060/2271/2039 2059/2272/2040 2012/2229/2004
f 2011/2226/2001 2062/2273/2041 2061/2274/2042 2008/2225/2000
f 2008/2225/2000 2061/2274/2042 2063/2275/2043 2007/2222/1997
f 1997/2202/1983 2029/2247/2020 2065/2276/2044 2064/2203/1984
f 2007/2222/1997 2063/2275/2043 2065/2276/2044 2029/2247/2020
f 2012/2229/2004 2059/2272/2040 2062/2273/2041 2011/2226/2001
f 2047/2205/1967 2058/2196/1977 2005/2220/1995 2043/2258/2029
f 2034/2252/2025 2039/2173/1959 2036/2170/1956 2035/2253/2026
f 2017/2233/2008 2025/2256/2016 2014/2227/2002 2009/2224/1999
f 2021/2239/2012 2018/2277/2007 2031/2278/2022 2032/2250/2023
f 2032/2250/2023 2031/2278/2022 2066/2208/1986 2042/2176/1960
f 2022/2238/2011 2026/2244/2017 2017/2279/2008 2018/2277/2007
f 2041/2280/1962 2067/2281/1987 2045/2260/2030 2040/2259/2028
f 2067/2281/1987 2069/2282/1988 2050/2265/2033 2045/2260/2030
f 2050/2265/2033 2069/2282/1988 2068/2283/1989 2054/2268/2036
f 1997/2202/1983 2072/2214/1990 2030/2248/2021 2029/2247/2020
f 2000/2284/2045 2001/2254/2027 2037/2171/1957 1998/2216/1992
f 2030/2248/2021 2072/2214/1990 2066/2217/1986 2031/2249/2022
f 1959/2215/1991 1964/2169/1955 1954/2158/1944
f 1956/2151/1938 1973/2150/1937 1954/2158/1944
f 1947/2154/1940 1969/2136/1924 1971/2135/1923
f 1963/2165/1951 1961/2166/1952 1974/2177/1961
f 1982/2193/1974 1983/2192/1973 2057/2285/2046
f 1983/2192/1973 1984/2194/1975 2057/2285/2046
f 1984/2194/1975 2056/2195/1976 2057/2285/2046
f 1967/2157/1943 1953/2160/1946 1993/2209/1935
f 1970/2153/1939 1952/2155/1941 1994/2207/1936
f 1993/2209/1935 1953/2160/1946 1957/2159/1945
f 2068/2213/1989 1982/2193/1974 2057/2285/2046
f 1954/2158/1944 1972/2286/2047 1959/2215/1991
f 1973/2150/1937 1948/2149/1934 1996/2287/2048
f 1973/2150/1937 1996/2287/2048 1972/2286/2047
f 1973/2150/1937 1972/2286/2047 1954/2158/1944
f 2000/2284/2045 2002/2242/2015 2001/2254/2027
f 2020/2236/2009 2002/2242/2015 2019/2237/2010
f 2023/2240/2013 2005/2220/1995 2006/2219/1994
f 2032/2250/2023 2040/2257/2028 2033/2251/2024
f 2054/2268/2036 2057/2285/2046 2053/2269/2037
f 2053/2269/2037 2057/2285/2046 2055/2270/2038
f 2055/2270/2038 2057/2285/2046 2056/2195/1976
f 2025/2243/2016 2017/2279/2008 2027/2246/2019
f 2022/2238/2011 2018/2277/2007 2021/2239/2012
f 2017/2279/2008 2026/2244/2017 2027/2246/2019
f 2068/2283/1989 2057/2285/2046 2054/2268/2036
f 2002/2242/2015 2000/2284/2045 2070/2288/2049
f 2019/2237/2010 2071/2289/2050 2016/2234/2005
f 2019/2237/2010 2070/2288/2049 2071/2289/2050
f 2019/2237/2010 2002/2242/2015 2070/2288/2049
f 1999/2290/2051 2000/2284/2045 1998/2216/1992 1959/2215/1991
s 23
f 2075/2291/2052 2074/2292/2053 2073/2293/2054 2076/2294/2055
f 2079/2295/2056 2078/2296/2057 2077/2297/2058 2080/2298/2059
f 2083/2299/2060 2082/2300/2061 2081/2301/2062 2084/2302/2063
f 2084/2302/2063 2081/2301/2062 2085/2303/2064 2086/2304/2065
f 2077/2297/2058 2078/2296/2057 2087/2305/2066 2088/2306/2067
f 2085/2307/2064 2081/2308/2062 2089/2309/2068 2090/2310/2069
f 2093/2311/2070 2092/2312/2071 2091/2313/2072 2074/2292/2053
f 2095/2314/2073 2094/2315/2074 2089/2309/2068 2096/2316/2075
f 2098/2317/2076 2075/2291/2052 2097/2318/2077 2099/2319/2078
f 2079/2295/2056 2101/2320/2079 2100/2321/2080 2078/2296/2057
f 2078/2296/2057 2100/2321/2080 2102/2322/2081 2087/2305/2066
f 2104/2323/2082 2103/2324/2083 2091/2313/2072 2092/2312/2071
f 2106/2325/2084 2105/2326/2085 2095/2314/2073 2097/2318/2077
f 2076/2294/2055 2106/2325/2084 2097/2318/2077 2075/2291/2052
f 2097/2318/2077 2095/2314/2073 2096/2316/2075 2099/2319/2078
f 2094/2315/2074 2095/2314/2073 2105/2326/2085 2107/2327/2086
f 2098/2317/2076 2093/2311/2070 2074/2292/2053 2075/2291/2052
f 2109/2328/2087 2108/2329/2088 2107/2327/2086 2105/2326/2085
f 2111/2330/2089 2110/2331/2090 2106/2325/2084 2076/2294/2055
f 2089/2332/2068 2081/2301/2062 2082/2300/2061 2096/2333/2075
f 2114/2334/2091 2113/2335/2092 2112/2336/2093 2104/2323/2082
f 2115/2337/2094 2073/2293/2054 2091/2313/2072 2103/2324/2083
f 2112/2338/2093 2117/2339/2095 2116/2340/2096 2103/2341/2083
f 2103/2341/2083 2116/2340/2096 2118/2342/2097 2115/2343/2094
f 2119/2344/2098 2115/2343/2094 2118/2342/2097 2120/2345/2099
f 2117/2339/2095 2122/2346/2100 2121/2347/2101 2116/2340/2096
f 2116/2340/2096 2121/2347/2101 2123/2348/2102 2118/2342/2097
f 2120/2345/2099 2118/2342/2097 2123/2348/2102 2124/2349/2103
f 2122/2346/2100 2126/2350/2104 2125/2351/2105 2121/2347/2101
f 2121/2347/2101 2125/2351/2105 2127/2352/2106 2123/2348/2102
f 2124/2349/2103 2123/2348/2102 2127/2352/2106 2128/2353/2107
f 2076/2294/2055 2073/2293/2054 2129/2354/2108 2111/2330/2089
f 2082/2300/2061 2083/2299/2060 2080/2298/2059 2077/2297/2058
f 2086/2304/2065 2131/2355/2109 2130/2356/2110 2084/2302/2063
f 2083/2299/2060 2133/2357/2111 2132/2358/2112 2080/2298/2059
f 2080/2298/2059 2132/2358/2112 2134/2359/2113 2079/2295/2056
f 2136/2360/2114 2101/2320/2079 2135/2361/2115 2137/2362/2116
f 2079/2295/2056 2134/2359/2113 2135/2361/2115 2101/2320/2079
f 2084/2302/2063 2130/2356/2110 2133/2357/2111 2083/2299/2060
f 2119/2363/2098 2129/2354/2108 2073/2293/2054 2115/2337/2094
f 2106/2325/2084 2110/2331/2090 2109/2328/2087 2105/2326/2085
f 2088/2306/2067 2096/2333/2075 2082/2300/2061 2077/2297/2058
f 2092/2312/2071 2087/2364/2066 2102/2365/2081 2104/2323/2082
f 2104/2323/2082 2102/2365/2081 2138/2366/2117 2114/2334/2091
f 2093/2311/2070 2098/2317/2076 2088/2367/2067 2087/2364/2066
f 2113/2368/2092 2139/2369/2118 2117/2339/2095 2112/2338/2093
f 2139/2369/2118 2140/2370/2119 2122/2346/2100 2117/2339/2095
f 2122/2346/2100 2140/2370/2119 2141/2371/2120 2126/2350/2104
f 2136/2360/2114 2142/2372/2121 2100/2321/2080 2101/2320/2079
f 2143/2373/2122 2107/2327/2086 2108/2329/2088 2144/2374/2123
f 2100/2321/2080 2142/2372/2121 2138/2375/2117 2102/2322/2081
f 2147/2376/2124 2146/2377/2125 2145/2378/2126 2148/2379/2127
f 2151/2380/2128 2150/2381/2129 2149/2382/2130 2152/2383/2131
f 2155/2384/2132 2154/2385/2133 2153/2386/2134 2156/2387/2135
f 2154/2385/2133 2158/2388/2136 2157/2389/2137 2153/2386/2134
f 2149/2382/2130 2160/2390/2138 2159/2391/2139 2152/2383/2131
f 2157/2392/2137 2162/2393/2140 2161/2394/2141 2153/2395/2134
f 2164/2396/2142 2148/2379/2127 2163/2397/2143 2165/2398/2144
f 2167/2399/2145 2166/2400/2146 2161/2394/2141 2168/2401/2147
f 2171/2402/2148 2170/2403/2149 2169/2404/2150 2147/2376/2124
f 2151/2380/2128 2152/2383/2131 2172/2405/2151 2173/2406/2152
f 2152/2383/2131 2159/2391/2139 2174/2407/2153 2172/2405/2151
f 2175/2408/2154 2165/2398/2144 2163/2397/2143 2176/2409/2155
f 2177/2410/2156 2169/2404/2150 2167/2399/2145 2178/2411/2157
f 2146/2377/2125 2147/2376/2124 2169/2404/2150 2177/2410/2156
f 2169/2404/2150 2170/2403/2149 2166/2400/2146 2167/2399/2145
f 2168/2401/2147 2179/2412/2158 2178/2411/2157 2167/2399/2145
f 2171/2402/2148 2147/2376/2124 2148/2379/2127 2164/2396/2142
f 2109/2328/2087 2178/2411/2157 2179/2412/2158 2108/2329/2088
f 2111/2330/2089 2146/2377/2125 2177/2410/2156 2110/2331/2090
f 2161/2413/2141 2166/2414/2146 2156/2387/2135 2153/2386/2134
f 2114/2334/2091 2175/2408/2154 2180/2415/2159 2113/2335/2092
f 2181/2416/2160 2176/2409/2155 2163/2397/2143 2145/2378/2126
f 2180/2417/2159 2176/2418/2155 2182/2419/2161 2183/2420/2162
f 2176/2418/2155 2181/2421/2160 2184/2422/2163 2182/2419/2161
f 2119/2344/2098 2120/2345/2099 2184/2422/2163 2181/2421/2160
f 2183/2420/2162 2182/2419/2161 2185/2423/2164 2186/2424/2165
f 2182/2419/2161 2184/2422/2163 2187/2425/2166 2185/2423/2164
f 2120/2345/2099 2124/2349/2103 2187/2425/2166 2184/2422/2163
f 2186/2424/2165 2185/2423/2164 2188/2426/2167 2189/2427/2168
f 2185/2423/2164 2187/2425/2166 2190/2428/2169 2188/2426/2167
f 2124/2349/2103 2128/2353/2107 2190/2428/2169 2187/2425/2166
f 2146/2377/2125 2111/2330/2089 2129/2354/2108 2145/2378/2126
f 2156/2387/2135 2149/2382/2130 2150/2381/2129 2155/2384/2132
f 2158/2388/2136 2154/2385/2133 2191/2429/2170 2192/2430/2171
f 2155/2384/2132 2150/2381/2129 2193/2431/2172 2194/2432/2173
f 2150/2381/2129 2151/2380/2128 2195/2433/2174 2193/2431/2172
f 2136/2360/2114 2137/2362/2116 2196/2434/2175 2173/2406/2152
f 2151/2380/2128 2173/2406/2152 2196/2434/2175 2195/2433/2174
f 2154/2385/2133 2155/2384/2132 2194/2432/2173 2191/2429/2170
f 2119/2363/2098 2181/2416/2160 2145/2378/2126 2129/2354/2108
f 2177/2410/2156 2178/2411/2157 2109/2328/2087 2110/2331/2090
f 2160/2390/2138 2149/2382/2130 2156/2387/2135 2166/2414/2146
f 2165/2398/2144 2175/2408/2154 2174/2435/2153 2159/2436/2139
f 2175/2408/2154 2114/2334/2091 2138/2366/2117 2174/2435/2153
f 2164/2396/2142 2159/2436/2139 2160/2437/2138 2171/2402/2148
f 2113/2438/2092 2180/2417/2159 2183/2420/2162 2139/2439/2118
f 2139/2439/2118 2183/2420/2162 2186/2424/2165 2140/2440/2119
f 2186/2424/2165 2189/2427/2168 2141/2441/2120 2140/2440/2119
f 2136/2360/2114 2173/2406/2152 2172/2405/2151 2142/2372/2121
f 2197/2442/2176 2144/2374/2123 2108/2329/2088 2179/2412/2158
f 2172/2405/2151 2174/2407/2153 2138/2375/2117 2142/2372/2121
f 2143/2373/2122 2094/2315/2074 2107/2327/2086
f 2089/2309/2068 2094/2315/2074 2090/2310/2069
f 2091/2313/2072 2073/2293/2054 2074/2292/2053
f 2104/2323/2082 2112/2336/2093 2103/2324/2083
f 2126/2350/2104 2198/2443/2177 2125/2351/2105
f 2125/2351/2105 2198/2443/2177 2127/2352/2106
f 2127/2352/2106 2198/2443/2177 2128/2353/2107
f 2096/2316/2075 2088/2367/2067 2099/2319/2078
f 2093/2311/2070 2087/2364/2066 2092/2312/2071
f 2088/2367/2067 2098/2317/2076 2099/2319/2078
f 2141/2371/2120 2198/2443/2177 2126/2350/2104
f 2094/2315/2074 2143/2373/2122 2199/2444/2178
f 2090/2310/2069 2200/2445/2179 2085/2307/2064
f 2090/2310/2069 2199/2444/2178 2200/2445/2179
f 2090/2310/2069 2094/2315/2074 2199/2444/2178
f 2197/2442/2176 2179/2412/2158 2168/2401/2147
f 2161/2394/2141 2162/2393/2140 2168/2401/2147
f 2163/2397/2143 2148/2379/2127 2145/2378/2126
f 2175/2408/2154 2176/2409/2155 2180/2415/2159
f 2189/2427/2168 2188/2426/2167 2198/2443/2177
f 2188/2426/2167 2190/2428/2169 2198/2443/2177
f 2190/2428/2169 2128/2353/2107 2198/2443/2177
f 2166/2400/2146 2170/2403/2149 2160/2437/2138
f 2164/2396/2142 2165/2398/2144 2159/2436/2139
f 2160/2437/2138 2170/2403/2149 2171/2402/2148
f 2141/2441/2120 2189/2427/2168 2198/2443/2177
f 2168/2401/2147 2202/2446/2180 2197/2442/2176
f 2162/2393/2140 2157/2392/2137 2203/2447/2181
f 2162/2393/2140 2203/2447/2181 2202/2446/2180
f 2162/2393/2140 2202/2446/2180 2168/2401/2147
f 2144/2374/2123 2197/2442/2176 2201/2448/2182 2143/2373/2122
s 24
f 2204/2449/2183 2205/2450/2184 2206/2451/2185 2207/2452/2186
f 2207/2452/2186 2206/2451/2185 2208/2453/2187 2209/2454/2188
f 2209/2454/2188 2208/2453/2187 2210/2455/2189 2211/2456/2190
f 2211/2456/2190 2210/2455/2189 2212/2457/2191 2213/2458/2192
f 2248/2459/2193 2247/2460/2194 2214/2461/2195 2215/2462/2196
f 2215/2462/2196 2214/2461/2195 2216/2463/2197 2217/2464/2198
f 2217/2465/2198 2216/2466/2197 2213/2458/2192 2212/2457/2191
f 2204/2449/2183 2207/2452/2186 2219/2467/2199 2218/2468/2200
f 2207/2452/2186 2209/2454/2188 2220/2469/2201 2219/2467/2199
f 2209/2454/2188 2211/2456/2190 2221/2470/2202 2220/2469/2201
f 2211/2456/2190 2213/2458/2192 2222/2471/2203 2221/2470/2202
f 2214/2461/2195 2247/2460/2194 2252/2472/2204 2223/2473/2205
f 2216/2463/2197 2214/2461/2195 2223/2473/2205 2224/2474/2206
f 2213/2458/2192 2216/2466/2197 2224/2475/2206 2222/2471/2203
f 2205/2450/2184 2204/2449/2183 2225/2476/2207 2226/2477/2208
f 2204/2449/2183 2218/2468/2200 2227/2478/2209 2225/2476/2207
f 2206/2451/2185 2205/2450/2184 2228/2479/2210 2229/2480/2211
f 2208/2453/2187 2206/2451/2185 2229/2480/2211 2230/2481/2212
f 2210/2455/2189 2208/2453/2187 2230/2481/2212 2231/2482/2213
f 2212/2457/2191 2210/2455/2189 2231/2482/2213 2232/2483/2214
f 2248/2459/2193 2215/2462/2196 2233/2484/2215 2249/2485/2216
f 2215/2462/2196 2217/2464/2198 2234/2486/2217 2233/2484/2215
f 2217/2465/2198 2212/2457/2191 2232/2483/2214 2234/2487/2217
f 2205/2450/2184 2226/2477/2208 2235/2488/2218 2228/2479/2210
f 2218/2468/2200 2219/2467/2199 2237/2489/2219 2236/2490/2220
f 2219/2467/2199 2220/2469/2201 2238/2491/2221 2237/2489/2219
f 2220/2469/2201 2221/2470/2202 2239/2492/2222 2238/2491/2221
f 2221/2470/2202 2222/2471/2203 2240/2493/2223 2239/2492/2222
f 2223/2473/2205 2252/2472/2204 2253/2494/2224 2241/2495/2225
f 2224/2474/2206 2223/2473/2205 2241/2495/2225 2242/2496/2226
f 2222/2471/2203 2224/2475/2206 2242/2497/2226 2240/2493/2223
f 2227/2478/2209 2218/2468/2200 2236/2490/2220 2243/2498/2227
f 2226/2477/2208 2225/2476/2207 2244/2499/2228 2245/2500/2229
f 2225/2476/2207 2227/2478/2209 2250/2501/2230 2244/2499/2228
f 2235/2488/2218 2226/2477/2208 2245/2500/2229 2246/2502/2231
f 2245/2500/2229 2244/2499/2228 2247/2460/2194 2248/2459/2193
f 2244/2499/2228 2250/2501/2230 2252/2472/2204 2247/2460/2194
f 2246/2502/2231 2245/2500/2229 2248/2459/2193 2249/2485/2216
f 2227/2478/2209 2243/2498/2227 2251/2503/2232 2250/2501/2230
f 2250/2501/2230 2251/2503/2232 2253/2494/2224 2252/2472/2204
s 25
f 2254/2504/2233 2257/2505/2234 2256/2506/2235 2255/2507/2236
f 2257/2505/2234 2259/2508/2237 2258/2509/2238 2256/2506/2235
f 2259/2508/2237 2261/2510/2239 2260/2511/2240 2258/2509/2238
f 2261/2510/2239 2263/2512/2241 2262/2513/2242 2260/2511/2240
f 2264/2514/2243 2267/2515/2244 2266/2516/2245 2265/2517/2246
f 2267/2515/2244 2269/2518/2247 2268/2519/2248 2266/2516/2245
f 2269/2520/2247 2262/2513/2242 2263/2512/2241 2268/2521/2248
f 2254/2504/2233 2271/2522/2249 2270/2523/2250 2257/2505/2234
f 2257/2505/2234 2270/2523/2250 2272/2524/2251 2259/2508/2237
f 2259/2508/2237 2272/2524/2251 2273/2525/2252 2261/2510/2239
f 2261/2510/2239 2273/2525/2252 2274/2526/2253 2263/2512/2241
f 2266/2516/2245 2276/2527/2254 2275/2528/2255 2265/2517/2246
f 2268/2519/2248 2277/2529/2256 2276/2527/2254 2266/2516/2245
f 2263/2512/2241 2274/2526/2253 2277/2530/2256 2268/2521/2248
f 2255/2507/2236 2279/2531/2257 2278/2532/2258 2254/2504/2233
f 2254/2504/2233 2278/2532/2258 2280/2533/2259 2271/2522/2249
f 2256/2506/2235 2282/2534/2260 2281/2535/2261 2255/2507/2236
f 2258/2509/2238 2283/2536/2262 2282/2534/2260 2256/2506/2235
f 2260/2511/2240 2284/2537/2263 2283/2536/2262 2258/2509/2238
f 2262/2513/2242 2285/2538/2264 2284/2537/2263 2260/2511/2240
f 2264/2514/2243 2287/2539/2265 2286/2540/2266 2267/2515/2244
f 2267/2515/2244 2286/2540/2266 2288/2541/2267 2269/2518/2247
f 2269/2520/2247 2288/2542/2267 2285/2538/2264 2262/2513/2242
f 2255/2507/2236 2281/2535/2261 2289/2543/2268 2279/2531/2257
f 2271/2522/2249 2291/2544/2269 2290/2545/2270 2270/2523/2250
f 2270/2523/2250 2290/2545/2270 2292/2546/2271 2272/2524/2251
f 2272/2524/2251 2292/2546/2271 2293/2547/2272 2273/2525/2252
f 2273/2525/2252 2293/2547/2272 2294/2548/2273 2274/2526/2253
f 2276/2527/2254 2296/2549/2274 2295/2550/2275 2275/2528/2255
f 2277/2529/2256 2297/2551/2276 2296/2549/2274 2276/2527/2254
f 2274/2526/2253 2294/2548/2273 2297/2552/2276 2277/2530/2256
f 2280/2533/2259 2298/2553/2277 2291/2544/2269 2271/2522/2249
f 2279/2531/2257 2300/2554/2278 2299/2555/2279 2278/2532/2258
f 2278/2532/2258 2299/2555/2279 2301/2556/2280 2280/2533/2259
f 2289/2543/2268 2302/2557/2281 2300/2554/2278 2279/2531/2257
f 2300/2554/2278 2264/2514/2243 2265/2517/2246 2299/2555/2279
f 2299/2555/2279 2265/2517/2246 2275/2528/2255 2301/2556/2280
f 2302/2557/2281 2287/2539/2265 2264/2514/2243 2300/2554/2278
f 2280/2533/2259 2301/2556/2280 2303/2558/2282 2298/2553/2277
f 2301/2556/2280 2275/2528/2255 2295/2550/2275 2303/2558/2282
s 26
f 2305/2559/2283 2315/2560/2284 2320/2561/2285 2316/2562/2286
f 2305/2559/2283 2307/2563/2287 2308/2564/2288 2315/2560/2284
f 2309/2565/2289 2310/2566/2290 2317/2567/2291 2311/2568/2292
f 2304/2569/2293 2316/2562/2286 2321/2570/2294 2317/2567/2291
f 2306/2571/2295 2308/2564/2288 2389/2572/2296 2313/2573/2297
f 2312/2574/2298 2311/2568/2292 2314/2575/2299 2381/2576/2300
f 2311/2568/2292 2319/2577/2301 2324/2578/2302 2314/2575/2299
f 2315/2560/2284 2306/2571/2295 2318/2579/2303 2320/2561/2285
f 2306/2571/2295 2313/2573/2297 2323/2580/2304 2318/2579/2303
f 2311/2568/2292 2317/2567/2291 2321/2570/2294 2319/2577/2301
f 2321/2570/2294 2316/2562/2286 2322/2581/2305 2326/2582/2306
f 2316/2562/2286 2320/2561/2285 2325/2583/2307 2322/2581/2305
f 2320/2561/2285 2318/2579/2303 2323/2580/2304 2325/2583/2307
f 2319/2577/2301 2321/2570/2294 2326/2582/2306 2324/2578/2302
f 2309/2565/2289 2312/2574/2298 2381/2576/2300 2380/2584/2308
f 2308/2564/2288 2307/2563/2287 2388/2585/2309 2389/2572/2296
f 2304/2569/2293 2305/2559/2283 2316/2562/2286
f 2308/2564/2288 2306/2571/2295 2315/2560/2284
f 2309/2565/2289 2311/2568/2292 2312/2574/2298
f 2310/2566/2290 2304/2569/2293 2317/2567/2291
s 27
f 2328/2586/2310 2338/2587/2311 2343/2588/2312 2339/2589/2313
f 2328/2586/2310 2330/2590/2314 2331/2591/2315 2338/2587/2311
f 2332/2592/2316 2333/2593/2317 2340/2594/2318 2334/2595/2319
f 2327/2596/2320 2339/2589/2313 2344/2597/2321 2340/2594/2318
f 2329/2598/2322 2331/2591/2315 2384/2599/2323 2336/2600/2324
f 2335/2601/2325 2334/2595/2319 2337/2602/2326 2379/2603/2327
f 2334/2595/2319 2342/2604/2328 2347/2605/2329 2337/2602/2326
f 2338/2587/2311 2329/2598/2322 2341/2606/2330 2343/2588/2312
f 2329/2598/2322 2336/2600/2324 2346/2607/2331 2341/2606/2330
f 2334/2595/2319 2340/2594/2318 2344/2597/2321 2342/2604/2328
f 2344/2597/2321 2339/2589/2313 2345/2608/2332 2349/2609/2333
f 2339/2589/2313 2343/2588/2312 2348/2610/2334 2345/2608/2332
f 2343/2588/2312 2341/2606/2330 2346/2607/2331 2348/2610/2334
f 2342/2604/2328 2344/2597/2321 2349/2609/2333 2347/2605/2329
f 2332/2592/2316 2335/2601/2325 2379/2603/2327 2378/2611/2335
f 2331/2591/2315 2330/2590/2314 2383/2612/2336 2384/2599/2323
f 2327/2596/2320 2328/2586/2310 2339/2589/2313
f 2331/2591/2315 2329/2598/2322 2338/2587/2311
f 2332/2592/2316 2334/2595/2319 2335/2601/2325
f 2333/2593/2317 2327/2596/2320 2340/2594/2318
s 28
f 2351/2613/2337 2361/2614/2338 2366/2615/2339 2362/2616/2340
f 2351/2613/2337 2353/2617/2341 2354/2618/2342 2361/2614/2338
f 2355/2619/2343 2356/2620/2344 2363/2621/2345 2357/2622/2346
f 2350/2623/2347 2362/2616/2340 2367/2624/2348 2363/2621/2345
f 2352/2625/2349 2354/2618/2342 2386/2626/2350 2359/2627/2351
f 2358/2628/2352 2357/2622/2346 2360/2629/2353 2382/2630/2354
f 2357/2622/2346 2365/2631/2355 2370/2632/2356 2360/2629/2353
f 2361/2614/2338 2352/2625/2349 2364/2633/2357 2366/2615/2339
f 2352/2625/2349 2359/2627/2351 2369/2634/2358 2364/2633/2357
f 2357/2622/2346 2363/2621/2345 2367/2624/2348 2365/2631/2355
f 2367/2624/2348 2362/2616/2340 2368/2635/2359 2372/2636/2360
f 2362/2616/2340 2366/2615/2339 2371/2637/2361 2368/2635/2359
f 2366/2615/2339 2364/2633/2357 2369/2634/2358 2371/2637/2361
f 2365/2631/2355 2367/2624/2348 2372/2636/2360 2370/2632/2356
f 2350/2623/2347 2392/2638/2362 2393/2639/2363 2398/2640/2364
f 2398/2640/2364 2399/2641/2365 2375/2642/2366 2351/2613/2337
f 2356/2620/2344 2355/2619/2343 2376/2643/2367 2394/2644/2368
f 2356/2620/2344 2395/2645/2369 2396/2646/2370 2392/2638/2362
f 2355/2619/2343 2358/2628/2352 2382/2630/2354 2390/2647/2371
f 2354/2618/2342 2353/2617/2341 2385/2648/2372 2386/2626/2350
f 2353/2617/2341 2375/2642/2366 2387/2649/2373 2385/2648/2372
f 2376/2643/2367 2355/2619/2343 2390/2647/2371 2403/2650/2374
f 2394/2644/2368 2376/2643/2367 2403/2650/2374 2406/2651/2375
f 2397/2652/2376 2393/2639/2363 2405/2653/2377 2408/2654/2378
f 2391/2655/2379 2396/2646/2370 2407/2656/2380 2404/2657/2381
f 2375/2642/2366 2399/2641/2365 2409/2658/2382 2387/2649/2373
f 2400/2659/2383 2391/2655/2379 2404/2657/2381 2410/2660/2384
f 2393/2639/2363 2400/2659/2383 2410/2660/2384 2405/2653/2377
f 2401/2661/2385 2394/2644/2368 2406/2651/2375 2411/2662/2386
f 2396/2646/2370 2401/2661/2385 2411/2662/2386 2407/2656/2380
f 2402/2663/2387 2397/2652/2376 2408/2654/2378 2412/2664/2388
f 2399/2641/2365 2402/2663/2387 2412/2664/2388 2409/2658/2382
f 2350/2623/2347 2351/2613/2337 2362/2616/2340
f 2354/2618/2342 2352/2625/2349 2361/2614/2338
f 2355/2619/2343 2357/2622/2346 2358/2628/2352
f 2356/2620/2344 2350/2623/2347 2363/2621/2345
f 2393/2639/2363 2397/2652/2376 2398/2640/2364
f 2351/2613/2337 2350/2623/2347 2398/2640/2364
f 2353/2617/2341 2351/2613/2337 2375/2642/2366
f 2356/2620/2344 2394/2644/2368 2395/2645/2369
f 2396/2646/2370 2391/2655/2379 2392/2638/2362
f 2350/2623/2347 2356/2620/2344 2392/2638/2362
f 2391/2655/2379 2373/2665/2389 2392/2638/2362
f 2392/2638/2362 2373/2665/2389 2393/2639/2363
f 2394/2644/2368 2377/2666/2390 2395/2645/2369
f 2395/2645/2369 2377/2666/2390 2396/2646/2370
f 2397/2652/2376 2374/2667/2391 2398/2640/2364
f 2398/2640/2364 2374/2667/2391 2399/2641/2365
f 2393/2639/2363 2373/2665/2389 2400/2659/2383
f 2373/2665/2389 2391/2655/2379 2400/2659/2383
f 2396/2646/2370 2377/2666/2390 2401/2661/2385
f 2377/2666/2390 2394/2644/2368 2401/2661/2385
f 2399/2641/2365 2374/2667/2391 2402/2663/2387
f 2374/2667/2391 2397/2652/2376 2402/2663/2387
s 29
f 2416/2668/2392 2415/2669/2393 2414/2670/2394 2417/2671/2395
f 2415/2669/2393 2420/2672/2396 2419/2673/2397 2414/2670/2394
f 2421/2674/2398 2425/2675/2399 2424/2676/2400 2423/2677/2401
f 2426/2678/2402 2417/2671/2395 2413/2679/2403 2423/2677/2401
f 2420/2672/2396 2428/2680/2404 2427/2681/2405 2419/2673/2397
f 2425/2675/2399 2430/2682/2406 2429/2683/2407 2424/2676/2400
f 2424/2676/2400 2429/2683/2407 2432/2684/2408 2431/2685/2409
f 2415/2669/2393 2416/2668/2392 2433/2686/2410 2420/2672/2396
f 2420/2672/2396 2433/2686/2410 2434/2687/2411 2428/2680/2404
f 2424/2676/2400 2431/2685/2409 2426/2678/2402 2423/2677/2401
f 2426/2678/2402 2436/2688/2412 2435/2689/2413 2417/2671/2395
f 2417/2671/2395 2435/2689/2413 2437/2690/2414 2416/2668/2392
f 2416/2668/2392 2437/2690/2414 2434/2687/2411 2433/2686/2410
f 2431/2685/2409 2432/2684/2408 2436/2688/2412 2426/2678/2402
f 2421/2674/2398 2500/2691/2415 2430/2682/2406 2425/2675/2399
f 2419/2673/2397 2427/2681/2405 2505/2692/2416 2418/2693/2417
f 2413/2679/2403 2417/2671/2395 2414/2670/2394
f 2414/2670/2394 2419/2673/2397 2418/2693/2417
f 2421/2674/2398 2423/2677/2401 2422/2694/2418
f 2422/2694/2418 2423/2677/2401 2413/2679/2403
s 30
f 2441/2695/2419 2440/2696/2420 2439/2697/2421 2442/2698/2422
f 2440/2696/2420 2445/2699/2423 2444/2700/2424 2439/2697/2421
f 2446/2701/2425 2450/2702/2426 2449/2703/2427 2448/2704/2428
f 2451/2705/2429 2442/2698/2422 2438/2706/2430 2448/2704/2428
f 2445/2699/2423 2453/2707/2431 2452/2708/2432 2444/2700/2424
f 2450/2702/2426 2455/2709/2433 2454/2710/2434 2449/2703/2427
f 2449/2703/2427 2454/2710/2434 2457/2711/2435 2456/2712/2436
f 2440/2696/2420 2441/2695/2419 2458/2713/2437 2445/2699/2423
f 2445/2699/2423 2458/2713/2437 2459/2714/2438 2453/2707/2431
f 2449/2703/2427 2456/2712/2436 2451/2705/2429 2448/2704/2428
f 2451/2705/2429 2461/2715/2439 2460/2716/2440 2442/2698/2422
f 2442/2698/2422 2460/2716/2440 2462/2717/2441 2441/2695/2419
f 2441/2695/2419 2462/2717/2441 2459/2714/2438 2458/2713/2437
f 2456/2712/2436 2457/2711/2435 2461/2715/2439 2451/2705/2429
f 2446/2701/2425 2499/2718/2442 2455/2709/2433 2450/2702/2426
f 2444/2700/2424 2452/2708/2432 2502/2719/2443 2443/2720/2444
f 2438/2706/2430 2442/2698/2422 2439/2697/2421
f 2439/2697/2421 2444/2700/2424 2443/2720/2444
f 2446/2701/2425 2448/2704/2428 2447/2721/2445
f 2447/2721/2445 2448/2704/2428 2438/2706/2430
s 31
f 2466/2722/2446 2465/2723/2447 2464/2724/2448 2467/2725/2449
f 2465/2723/2447 2470/2726/2450 2469/2727/2451 2464/2724/2448
f 2471/2728/2452 2475/2729/2453 2474/2730/2454 2473/2731/2455
f 2476/2732/2456 2467/2725/2449 2463/2733/2457 2473/2731/2455
f 2470/2726/2450 2478/2734/2458 2477/2735/2459 2469/2727/2451
f 2475/2729/2453 2480/2736/2460 2479/2737/2461 2474/2730/2454
f 2474/2730/2454 2479/2737/2461 2482/2738/2462 2481/2739/2463
f 2465/2723/2447 2466/2722/2446 2483/2740/2464 2470/2726/2450
f 2470/2726/2450 2483/2740/2464 2484/2741/2465 2478/2734/2458
f 2474/2730/2454 2481/2739/2463 2476/2732/2456 2473/2731/2455
f 2476/2732/2456 2486/2742/2466 2485/2743/2467 2467/2725/2449
f 2467/2725/2449 2485/2743/2467 2487/2744/2468 2466/2722/2446
f 2466/2722/2446 2487/2744/2468 2484/2741/2465 2483/2740/2464
f 2481/2739/2463 2482/2738/2462 2486/2742/2466 2476/2732/2456
f 2491/2745/2469 2490/2746/2470 2489/2747/2471 2463/2733/2457
f 2493/2748/2472 2492/2749/2473 2491/2745/2469 2464/2724/2448
f 2472/2750/2474 2496/2751/2475 2495/2752/2476 2494/2753/2477
f 2488/2754/2478 2498/2755/2479 2497/2756/2480 2472/2750/2474
f 2471/2728/2452 2501/2757/2481 2480/2736/2460 2475/2729/2453
f 2469/2727/2451 2477/2735/2459 2503/2758/2482 2468/2759/2483
f 2468/2759/2483 2503/2758/2482 2504/2760/2484 2493/2748/2472
f 2494/2753/2477 2506/2761/2485 2501/2757/2481 2471/2728/2452
f 2495/2752/2476 2513/2762/2486 2506/2761/2485 2494/2753/2477
f 2490/2746/2470 2515/2763/2487 2514/2764/2488 2489/2747/2471
f 2498/2755/2479 2517/2765/2489 2516/2766/2490 2497/2756/2480
f 2493/2748/2472 2504/2760/2484 2518/2767/2491 2492/2749/2473
f 2510/2768/2492 2519/2769/2493 2517/2765/2489 2498/2755/2479
f 2489/2747/2471 2514/2764/2488 2519/2769/2493 2510/2768/2492
f 2511/2770/2494 2520/2771/2495 2513/2762/2486 2495/2752/2476
f 2497/2756/2480 2516/2766/2490 2520/2771/2495 2511/2770/2494
f 2512/2772/2496 2521/2773/2497 2515/2763/2487 2490/2746/2470
f 2492/2749/2473 2518/2767/2491 2521/2773/2497 2512/2772/2496
f 2463/2733/2457 2467/2725/2449 2464/2724/2448
f 2464/2724/2448 2469/2727/2451 2468/2759/2483
f 2471/2728/2452 2473/2731/2455 2472/2750/2474
f 2472/2750/2474 2473/2731/2455 2463/2733/2457
f 2489/2747/2471 2488/2754/2478 2463/2733/2457
f 2464/2724/2448 2491/2745/2469 2463/2733/2457
f 2468/2759/2483 2493/2748/2472 2464/2724/2448
f 2472/2750/2474 2494/2753/2477 2471/2728/2452
f 2497/2756/2480 2496/2751/2475 2472/2750/2474
f 2463/2733/2457 2488/2754/2478 2472/2750/2474
f 2498/2755/2479 2488/2754/2478 2507/2774/2498
f 2488/2754/2478 2489/2747/2471 2507/2774/2498
f 2495/2752/2476 2496/2751/2475 2508/2775/2499
f 2496/2751/2475 2497/2756/2480 2508/2775/2499
f 2490/2746/2470 2491/2745/2469 2509/2776/2500
f 2491/2745/2469 2492/2749/2473 2509/2776/2500
f 2489/2747/2471 2510/2768/2492 2507/2774/2498
f 2507/2774/2498 2510/2768/2492 2498/2755/2479
f 2497/2756/2480 2511/2770/2494 2508/2775/2499
f 2508/2775/2499 2511/2770/2494 2495/2752/2476
f 2492/2749/2473 2512/2772/2496 2509/2776/2500
f 2509/2776/2500 2512/2772/2496 2490/2746/2470
s 32
f 2524/2777/2501 2525/2778/2502 2522/2779/2503 2523/2780/2504
f 2527/2781/2505 2524/2777/2501 2523/2780/2504 2526/2782/2506
f 2572/2783/2507 2529/2784/2508 2578/2785/2509 2577/2786/2510
f 2532/2787/2511 2529/2784/2508 2572/2783/2507 2531/2788/2512
f 2534/2789/2513 2532/2787/2511 2531/2788/2512 2533/2790/2514
f 2525/2778/2502 2536/2791/2515 2535/2792/2516 2522/2779/2503
f 2539/2793/2517 2540/2794/2518 2537/2795/2519 2538/2796/2520
f 2539/2793/2517 2534/2789/2513 2533/2790/2514 2540/2794/2518
f 2536/2791/2515 2538/2796/2520 2537/2795/2519 2535/2792/2516
f 2523/2780/2504 2522/2779/2503 2541/2797/2521 2542/2798/2522
f 2526/2782/2506 2523/2780/2504 2542/2798/2522 2543/2799/2523
f 2580/2800/2524 2573/2801/2525 2572/2783/2507 2577/2786/2510
f 2531/2788/2512 2572/2783/2507 2573/2801/2525 2545/2802/2526
f 2533/2790/2514 2531/2788/2512 2545/2802/2526 2546/2803/2527
f 2522/2779/2503 2535/2792/2516 2547/2804/2528 2541/2797/2521
f 2540/2794/2518 2549/2805/2529 2548/2806/2530 2537/2795/2519
f 2540/2794/2518 2533/2790/2514 2546/2803/2527 2549/2805/2529
f 2535/2792/2516 2537/2795/2519 2548/2806/2530 2547/2804/2528
f 2550/2807/2531 2542/2798/2522 2551/2808/2532 2552/2809/2533
f 2573/2801/2525 2574/2810/2534 2560/2811/2535 2554/2812/2536
f 2545/2802/2526 2554/2812/2536 2555/2813/2537 2546/2803/2527
f 2547/2804/2528 2556/2814/2538 2551/2808/2532 2541/2797/2521
f 2549/2805/2529 2558/2815/2539 2557/2816/2540 2548/2806/2530
f 2546/2803/2527 2555/2813/2537 2558/2815/2539 2549/2805/2529
f 2547/2804/2528 2548/2806/2530 2557/2816/2540 2556/2814/2538
f 2554/2812/2536 2560/2811/2535 2561/2817/2541 2555/2813/2537
f 2555/2813/2537 2561/2817/2541 2562/2818/2542 2558/2815/2539
f 2562/2818/2542 2563/2819/2543 2557/2816/2540 2558/2815/2539
f 2563/2819/2543 2564/2820/2544 2556/2814/2538 2557/2816/2540
f 2564/2820/2544 2552/2809/2533 2551/2808/2532 2556/2814/2538
f 2565/2821/2545 2591/2822/2546 2592/2823/2547 2566/2824/2548
f 2550/2807/2531 2591/2822/2546 2620/2825/2549 2553/2826/2550
f 2560/2811/2535 2593/2827/2551 2594/2828/2552 2561/2817/2541
f 2569/2829/2553 2595/2830/2554 2594/2828/2552 2568/2831/2555
f 2570/2832/2556 2596/2833/2557 2595/2830/2554 2569/2829/2553
f 2564/2820/2544 2563/2819/2543 2596/2833/2557 2597/2834/2558
f 2552/2809/2533 2564/2820/2544 2597/2834/2558 2592/2823/2547
f 2580/2800/2524 2582/2835/2559 2574/2810/2534 2573/2801/2525
f 2582/2835/2559 2611/2836/2560 2598/2837/2561 2574/2810/2534
f 2543/2799/2523 2542/2798/2522 2550/2807/2531 2553/2826/2550
f 2526/2782/2506 2583/2838/2562 2584/2839/2563 2527/2781/2505
f 2586/2840/2564 2585/2841/2565 2577/2786/2510 2578/2785/2509
f 2585/2841/2565 2588/2842/2566 2580/2800/2524 2577/2786/2510
f 2553/2826/2550 2589/2843/2567 2587/2844/2568 2543/2799/2523
f 2588/2842/2566 2590/2845/2569 2582/2835/2559 2580/2800/2524
f 2543/2799/2523 2587/2844/2568 2583/2838/2562 2526/2782/2506
f 2602/2846/2570 2611/2836/2560 2590/2845/2569
f 2583/2838/2562 2575/2847/2571 2576/2848/2572 2584/2839/2563
f 2530/2849/2573 2528/2850/2574 2585/2841/2565 2586/2840/2564
f 2528/2850/2574 2544/2851/2575 2588/2842/2566 2585/2841/2565
f 2589/2843/2567 2581/2852/2576 2579/2853/2577 2587/2844/2568
f 2544/2851/2575 2559/2854/2578 2590/2845/2569 2588/2842/2566
f 2587/2844/2568 2579/2853/2577 2575/2847/2571 2583/2838/2562
f 2559/2854/2578 2600/2855/2579 2602/2856/2570 2590/2845/2569
f 2591/2822/2546 2550/2807/2531 2552/2809/2533 2592/2823/2547
f 2593/2827/2551 2560/2811/2535 2574/2810/2534 2598/2837/2561
f 2593/2827/2551 2567/2857/2580 2568/2831/2555 2594/2828/2552
f 2595/2830/2554 2562/2818/2542 2561/2817/2541 2594/2828/2552
f 2596/2833/2557 2563/2819/2543 2562/2818/2542 2595/2830/2554
f 2596/2833/2557 2570/2832/2556 2571/2858/2581 2597/2834/2558
f 2597/2834/2558 2571/2858/2581 2566/2824/2548 2592/2823/2547
f 2581/2852/2576 2589/2843/2567 2601/2859/2582 2599/2860/2583
f 2601/2861/2582 2620/2825/2549 2612/2862/2584 2603/2863/2585
f 2566/2824/2548 2613/2864/2586 2612/2862/2584 2565/2821/2545
f 2614/2865/2587 2615/2866/2588 2568/2831/2555 2567/2857/2580
f 2615/2866/2588 2616/2867/2589 2569/2829/2553 2568/2831/2555
f 2569/2829/2553 2616/2867/2589 2617/2868/2590 2570/2832/2556
f 2570/2832/2556 2617/2868/2590 2618/2869/2591 2571/2858/2581
f 2571/2858/2581 2618/2869/2591 2613/2864/2586 2566/2824/2548
f 2619/2870/2592 2614/2865/2587 2567/2857/2580 2598/2837/2561
f 2602/2846/2570 2610/2871/2593 2619/2870/2592 2611/2836/2560
f 2613/2864/2586 2604/2872/2594 2603/2863/2585 2612/2862/2584
f 2605/2873/2595 2606/2874/2596 2615/2866/2588 2614/2865/2587
f 2606/2874/2596 2607/2875/2597 2616/2867/2589 2615/2866/2588
f 2616/2867/2589 2607/2875/2597 2608/2876/2598 2617/2868/2590
f 2617/2868/2590 2608/2876/2598 2609/2877/2599 2618/2869/2591
f 2618/2869/2591 2609/2877/2599 2604/2872/2594 2613/2864/2586
f 2610/2871/2593 2605/2873/2595 2614/2865/2587 2619/2870/2592
f 2525/2778/2502 2524/2777/2501 2621/2878/2600 2622/2879/2601
f 2524/2777/2501 2527/2781/2505 2630/2880/2602 2621/2878/2600
f 2529/2784/2508 2532/2787/2511 2624/2881/2603 2623/2882/2604
f 2532/2787/2511 2534/2789/2513 2625/2883/2605 2624/2881/2603
f 2536/2791/2515 2525/2778/2502 2622/2879/2601 2626/2884/2606
f 2539/2793/2517 2538/2796/2520 2627/2885/2607 2628/2886/2608
f 2534/2789/2513 2539/2793/2517 2628/2886/2608 2625/2883/2605
f 2538/2796/2520 2536/2791/2515 2626/2884/2606 2627/2885/2607
f 2578/2785/2509 2529/2784/2508 2623/2882/2604 2629/2887/2609
f 2576/2888/2572 2575/2889/2571 2631/2890/2610 2632/2891/2611
f 2579/2892/2577 2581/2893/2576 2634/2894/2612 2633/2895/2613
f 2575/2889/2571 2579/2892/2577 2633/2895/2613 2631/2890/2610
f 2581/2893/2576 2599/2896/2583 2635/2897/2614 2634/2894/2612
f 2632/2891/2611 2631/2890/2610 2636/2898/2615 2637/2899/2616
f 2633/2895/2613 2634/2894/2612 2639/2900/2617 2638/2901/2618
f 2631/2890/2610 2633/2895/2613 2638/2901/2618 2636/2898/2615
f 2634/2894/2612 2635/2897/2614 2640/2902/2619 2639/2900/2617
f 2528/2903/2574 2530/2904/2573 2637/2899/2616 2636/2898/2615
f 2544/2905/2575 2528/2903/2574 2636/2898/2615 2638/2901/2618
f 2559/2906/2578 2544/2905/2575 2638/2901/2618 2639/2900/2617
f 2600/2907/2579 2559/2906/2578 2639/2900/2617 2640/2902/2619
f 2553/2826/2550 2620/2825/2549 2601/2859/2582 2589/2843/2567
f 2554/2812/2536 2545/2802/2526 2573/2801/2525
f 2567/2857/2580 2593/2827/2551 2598/2837/2561
f 2542/2798/2522 2541/2797/2521 2551/2808/2532
f 2582/2835/2559 2590/2845/2569 2611/2836/2560
f 2620/2825/2549 2591/2822/2546 2565/2821/2545
f 2611/2836/2560 2619/2870/2592 2598/2837/2561
f 2620/2825/2549 2565/2821/2545 2612/2862/2584
f 2584/2839/2563 2576/2848/2572 2630/2880/2602
f 2527/2781/2505 2584/2839/2563 2630/2880/2602
f 2530/2849/2573 2586/2840/2564 2578/2785/2509 2629/2887/2609
s 33
f 2689/2908/2620 2708/2909/2621 2722/2910/2622 2690/2911/2623
f 2643/2912/2624 2642/2913/2625 2641/2914/2626 2644/2915/2627
f 2646/2916/2628 2645/2917/2629 2642/2913/2625 2643/2912/2624
f 2648/2918/2630 2647/2919/2631 2650/2920/2632 2649/2921/2633
f 2652/2922/2634 2651/2923/2635 2648/2918/2630 2649/2921/2633
f 2654/2924/2636 2653/2925/2637 2651/2923/2635 2652/2922/2634
f 2644/2915/2627 2641/2914/2626 2655/2926/2638 2656/2927/2639
f 2659/2928/2640 2658/2929/2641 2657/2930/2642 2660/2931/2643
f 2659/2928/2640 2660/2931/2643 2653/2925/2637 2654/2924/2636
f 2656/2927/2639 2655/2926/2638 2657/2930/2642 2658/2929/2641
f 2642/2913/2625 2662/2932/2644 2661/2933/2645 2641/2914/2626
f 2645/2917/2629 2663/2934/2646 2662/2932/2644 2642/2913/2625
f 2664/2935/2647 2647/2919/2631 2648/2918/2630 2665/2936/2648
f 2651/2923/2635 2666/2937/2649 2665/2936/2648 2648/2918/2630
f 2653/2925/2637 2667/2938/2650 2666/2937/2649 2651/2923/2635
f 2641/2914/2626 2661/2933/2645 2668/2939/2651 2655/2926/2638
f 2660/2931/2643 2657/2930/2642 2669/2940/2652 2670/2941/2653
f 2660/2931/2643 2670/2941/2653 2667/2938/2650 2653/2925/2637
f 2655/2926/2638 2668/2939/2651 2669/2940/2652 2657/2930/2642
f 2671/2942/2654 2673/2943/2655 2672/2944/2656 2662/2932/2644
f 2665/2936/2648 2676/2945/2657 2675/2946/2658 2674/2947/2659
f 2666/2937/2649 2667/2938/2650 2677/2948/2660 2676/2945/2657
f 2668/2939/2651 2661/2933/2645 2672/2944/2656 2678/2949/2661
f 2670/2941/2653 2669/2940/2652 2679/2950/2662 2680/2951/2663
f 2667/2938/2650 2670/2941/2653 2680/2951/2663 2677/2948/2660
f 2668/2939/2651 2678/2949/2661 2679/2950/2662 2669/2940/2652
f 2676/2945/2657 2677/2948/2660 2681/2952/2664 2675/2946/2658
f 2677/2948/2660 2680/2951/2663 2682/2953/2665 2681/2952/2664
f 2682/2953/2665 2680/2951/2663 2679/2950/2662 2683/2954/2666
f 2683/2954/2666 2679/2950/2662 2678/2949/2661 2684/2955/2667
f 2684/2955/2667 2678/2949/2661 2672/2944/2656 2673/2943/2655
f 2685/2956/2668 2688/2957/2669 2687/2958/2670 2686/2959/2671
f 2671/2942/2654 2689/2908/2620 2690/2911/2623 2686/2959/2671
f 2675/2946/2658 2681/2952/2664 2694/2960/2672 2692/2961/2673
f 2695/2962/2674 2697/2963/2675 2694/2960/2672 2696/2964/2676
f 2698/2965/2677 2695/2962/2674 2696/2964/2676 2699/2966/2678
f 2684/2955/2667 2700/2967/2679 2699/2966/2678 2683/2954/2666
f 2673/2943/2655 2687/2958/2670 2700/2967/2679 2684/2955/2667
f 2664/2935/2647 2665/2936/2648 2674/2947/2659 2701/2968/2680
f 2701/2968/2680 2674/2947/2659 2693/2969/2681 2702/2970/2682
f 2663/2934/2646 2689/2908/2620 2671/2942/2654 2662/2932/2644
f 2645/2917/2629 2646/2916/2628 2704/2971/2683 2703/2972/2684
f 2705/2973/2685 2650/2920/2632 2647/2919/2631 2706/2974/2686
f 2706/2974/2686 2647/2919/2631 2664/2935/2647 2707/2975/2687
f 2689/2908/2620 2663/2934/2646 2709/2976/2688 2708/2909/2621
f 2707/2975/2687 2664/2935/2647 2701/2968/2680 2710/2977/2689
f 2663/2934/2646 2645/2917/2629 2703/2972/2684 2709/2976/2688
f 2710/2977/2689 2702/2970/2682 2711/2978/2690
f 2703/2972/2684 2704/2971/2683 2713/2979/2691 2712/2980/2692
f 2714/2981/2693 2705/2973/2685 2706/2974/2686 2715/2982/2694
f 2715/2982/2694 2706/2974/2686 2707/2975/2687 2716/2983/2695
f 2708/2909/2621 2709/2976/2688 2718/2984/2696 2717/2985/2697
f 2716/2983/2695 2707/2975/2687 2710/2977/2689 2719/2986/2698
f 2709/2976/2688 2703/2972/2684 2712/2980/2692 2718/2984/2696
f 2719/2986/2698 2710/2977/2689 2711/2987/2690 2720/2988/2699
f 2686/2959/2671 2687/2958/2670 2673/2943/2655 2671/2942/2654
f 2692/2961/2673 2693/2969/2681 2674/2947/2659 2675/2946/2658
f 2692/2961/2673 2694/2960/2672 2697/2963/2675 2691/2989/2700
f 2696/2964/2676 2694/2960/2672 2681/2952/2664 2682/2953/2665
f 2699/2966/2678 2696/2964/2676 2682/2953/2665 2683/2954/2666
f 2699/2966/2678 2700/2967/2679 2721/2990/2701 2698/2965/2677
f 2700/2967/2679 2687/2958/2670 2688/2957/2669 2721/2990/2701
f 2714/2981/2693 2749/2991/2702 2650/2920/2632 2705/2973/2685
f 2717/2985/2697 2723/2992/2703 2722/2993/2622 2708/2909/2621
f 2722/2910/2622 2725/2994/2704 2724/2995/2705 2690/2911/2623
f 2688/2957/2669 2685/2956/2668 2724/2995/2705 2727/2996/2706
f 2728/2997/2707 2691/2989/2700 2697/2963/2675 2729/2998/2708
f 2729/2998/2708 2697/2963/2675 2695/2962/2674 2730/2999/2709
f 2695/2962/2674 2698/2965/2677 2731/3000/2710 2730/2999/2709
f 2698/2965/2677 2721/2990/2701 2732/3001/2711 2731/3000/2710
f 2721/2990/2701 2688/2957/2669 2727/2996/2706 2732/3001/2711
f 2726/3002/2712 2693/2969/2681 2691/2989/2700 2728/2997/2707
f 2711/2978/2690 2702/2970/2682 2726/3002/2712 2733/3003/2713
f 2727/2996/2706 2724/2995/2705 2725/2994/2704 2734/3004/2714
f 2735/3005/2715 2728/2997/2707 2729/2998/2708 2736/3006/2716
f 2736/3006/2716 2729/2998/2708 2730/2999/2709 2737/3007/2717
f 2730/2999/2709 2731/3000/2710 2738/3008/2718 2737/3007/2717
f 2731/3000/2710 2732/3001/2711 2739/3009/2719 2738/3008/2718
f 2732/3001/2711 2727/2996/2706 2734/3004/2714 2739/3009/2719
f 2733/3003/2713 2726/3002/2712 2728/2997/2707 2735/3005/2715
f 2644/2915/2627 2741/3010/2720 2740/3011/2721 2643/2912/2624
f 2643/2912/2624 2740/3011/2721 2742/3012/2722 2646/2916/2628
f 2649/2921/2633 2744/3013/2723 2743/3014/2724 2652/2922/2634
f 2652/2922/2634 2743/3014/2724 2745/3015/2725 2654/2924/2636
f 2656/2927/2639 2746/3016/2726 2741/3010/2720 2644/2915/2627
f 2659/2928/2640 2748/3017/2727 2747/3018/2728 2658/2929/2641
f 2654/2924/2636 2745/3015/2725 2748/3017/2727 2659/2928/2640
f 2658/2929/2641 2747/3018/2728 2746/3016/2726 2656/2927/2639
f 2650/2920/2632 2749/2991/2702 2744/3013/2723 2649/2921/2633
f 2713/3019/2691 2751/3020/2729 2750/3021/2730 2712/3022/2692
f 2718/3023/2696 2753/3024/2731 2752/3025/2732 2717/3026/2697
f 2712/3022/2692 2750/3021/2730 2753/3024/2731 2718/3023/2696
f 2717/3026/2697 2752/3025/2732 2754/3027/2733 2723/3028/2703
f 2751/3020/2729 2756/3029/2734 2755/3030/2735 2750/3021/2730
f 2753/3024/2731 2758/3031/2736 2757/3032/2737 2752/3025/2732
f 2750/3021/2730 2755/3030/2735 2758/3031/2736 2753/3024/2731
f 2752/3025/2732 2757/3032/2737 2759/3033/2738 2754/3027/2733
f 2715/3034/2694 2755/3030/2735 2756/3029/2734 2714/3035/2693
f 2716/3036/2695 2758/3031/2736 2755/3030/2735 2715/3034/2694
f 2719/3037/2698 2757/3032/2737 2758/3031/2736 2716/3036/2695
f 2720/3038/2699 2759/3033/2738 2757/3032/2737 2719/3037/2698
f 2676/2945/2657 2665/2936/2648 2666/2937/2649
f 2691/2989/2700 2693/2969/2681 2692/2961/2673
f 2662/2932/2644 2672/2944/2656 2661/2933/2645
f 2701/2968/2680 2702/2970/2682 2710/2977/2689
f 2690/2911/2623 2685/2956/2668 2686/2959/2671
f 2702/2970/2682 2693/2969/2681 2726/3002/2712
f 2690/2911/2623 2724/2995/2705 2685/2956/2668
f 2704/2971/2683 2742/3012/2722 2713/2979/2691
f 2646/2916/2628 2742/3012/2722 2704/2971/2683
s 34
f 2766/3039/2739 2760/3040/2740 2763/3041/2741 2767/3042/2742
f 2760/3040/2740 2762/3043/2743 2769/3044/2744 2763/3041/2741
f 2768/3045/2745 2765/3046/2746 2764/3047/2747 2761/3048/2748
f 2761/3048/2748 2764/3047/2747 2769/3044/2744 2762/3043/2743
f 2767/3042/2742 2763/3041/2741 2770/3049/2749 2773/3050/2750
f 2763/3041/2741 2769/3044/2744 2774/3051/2751 2770/3049/2749
f 2764/3047/2747 2765/3046/2746 2772/3052/2752 2771/3053/2753
f 2769/3044/2744 2764/3047/2747 2771/3053/2753 2774/3051/2751
f 2773/3050/2750 2770/3049/2749 2775/3054/2754 2778/3055/2755
f 2770/3049/2749 2774/3051/2751 2779/3056/2756 2775/3054/2754
f 2771/3053/2753 2772/3052/2752 2777/3057/2757 2776/3058/2758
f 2774/3051/2751 2771/3053/2753 2776/3058/2758 2779/3056/2756
f 2778/3055/2755 2775/3054/2754 2868/3059/2759 2871/3060/2760
f 2775/3054/2754 2779/3056/2756 2872/3061/2761 2868/3059/2759
f 2776/3058/2758 2777/3057/2757 2870/3062/2762 2869/3063/2763
f 2779/3056/2756 2776/3058/2758 2869/3063/2763 2872/3061/2761
f 2777/3057/2757 2772/3052/2752 2870/3062/2762
f 2773/3050/2750 2778/3055/2755 2871/3060/2760
s 35
f 2786/3064/2764 2780/3065/2765 2783/3066/2766 2787/3067/2767
f 2780/3065/2765 2782/3068/2768 2789/3069/2769 2783/3066/2766
f 2788/3070/2770 2785/3071/2771 2784/3072/2772 2781/3073/2773
f 2781/3073/2773 2784/3072/2772 2789/3069/2769 2782/3068/2768
f 2787/3067/2767 2783/3066/2766 2790/3074/2774 2793/3075/2775
f 2783/3066/2766 2789/3069/2769 2794/3076/2776 2790/3074/2774
f 2784/3072/2772 2785/3071/2771 2792/3077/2777 2791/3078/2778
f 2789/3069/2769 2784/3072/2772 2791/3078/2778 2794/3076/2776
f 2793/3075/2775 2790/3074/2774 2795/3079/2779 2798/3080/2780
f 2790/3074/2774 2794/3076/2776 2799/3081/2781 2795/3079/2779
f 2791/3078/2778 2792/3077/2777 2797/3082/2782 2796/3083/2783
f 2794/3076/2776 2791/3078/2778 2796/3083/2783 2799/3081/2781
f 2786/3064/2764 2787/3067/2767 2801/3084/2784 2800/3085/2785
f 2800/3086/2785 2801/3087/2784 2803/3088/2786 2802/3089/2786
f 2802/3089/2786 2803/3088/2786 2805/3090/2787 2804/3091/2787
f 2804/3091/2787 2805/3090/2787 2810/3092/2788 2811/3093/2789
f 2785/3071/2771 2788/3070/2770 2807/3094/2790 2806/3095/2790
f 2806/3096/2790 2807/3097/2790 2809/3098/2791 2808/3099/2792
f 2808/3099/2792 2809/3098/2791 2811/3093/2789 2810/3092/2788
f 2798/3080/2780 2795/3079/2779 2873/3100/2793 2876/3101/2794
f 2795/3079/2779 2799/3081/2781 2877/3102/2795 2873/3100/2793
f 2796/3083/2783 2797/3082/2782 2875/3103/2796 2874/3104/2797
f 2799/3081/2781 2796/3083/2783 2874/3104/2797 2877/3102/2795
f 2797/3082/2782 2792/3077/2777 2875/3103/2796
f 2793/3075/2775 2798/3080/2780 2876/3101/2794
s 36
f 2814/3105/2798 2878/3106/2799 2812/3107/2800 2813/3108/2801
f 2813/3108/2801 2823/3109/2802 2824/3110/2803 2814/3105/2798
f 2816/3111/2804 2818/3112/2805 2817/3113/2806 2815/3114/2807
f 2819/3115/2808 2813/3108/2801 2812/3107/2800 2829/3116/2809
f 2819/3115/2808 2825/3117/2810 2823/3109/2802 2813/3108/2801
f 2820/3118/2811 2827/3119/2812 2815/3114/2807 2817/3113/2806
f 2830/3120/2813 2821/3121/2814 2819/3115/2808 2829/3116/2809
f 2821/3121/2814 2826/3122/2815 2825/3117/2810 2819/3115/2808
f 2828/3123/2816 2827/3119/2812 2820/3118/2811 2822/3124/2817
f 2823/3109/2802 2817/3113/2806 2818/3112/2805 2824/3110/2803
f 2825/3117/2810 2820/3118/2811 2817/3113/2806 2823/3109/2802
f 2826/3122/2815 2822/3124/2817 2820/3118/2811 2825/3117/2810
f 2815/3114/2807 2827/3119/2812 2832/3125/2818 2831/3126/2819
f 2843/3127/2820 2834/3128/2821 2833/3129/2822 2844/3130/2823
f 2836/3131/2824 2831/3132/2819 2832/3133/2818 2835/3134/2825
f 2838/3135/2826 2836/3131/2824 2835/3134/2825 2837/3136/2827
f 2833/3129/2822 2834/3128/2821 2840/3137/2828 2839/3138/2829
f 2841/3139/2830 2842/3140/2831 2839/3138/2829 2840/3137/2828
f 2841/3139/2830 2838/3135/2826 2837/3136/2827 2842/3140/2831
f 2829/3116/2809 2812/3107/2800 2843/3141/2820 2844/3142/2823
f 2815/3114/2807 2831/3126/2819 2847/3143/2832 2846/3144/2833
f 2834/3128/2821 2843/3127/2820 2853/3145/2834 2848/3146/2835
f 2831/3132/2819 2836/3131/2824 2849/3147/2836 2847/3148/2832
f 2836/3131/2824 2838/3135/2826 2850/3149/2837 2849/3147/2836
f 2840/3137/2828 2834/3128/2821 2848/3146/2835 2851/3150/2838
f 2841/3139/2830 2840/3137/2828 2851/3150/2838 2852/3151/2839
f 2838/3135/2826 2841/3139/2830 2852/3151/2839 2850/3149/2837
f 2843/3141/2820 2812/3107/2800 2845/3152/2840 2853/3153/2834
f 2832/3125/2818 2827/3119/2812 2854/3154/2841 2856/3155/2842
f 2844/3130/2823 2833/3129/2822 2857/3156/2843 2862/3157/2844
f 2835/3134/2825 2832/3133/2818 2856/3158/2842 2858/3159/2845
f 2837/3136/2827 2835/3134/2825 2858/3159/2845 2859/3160/2846
f 2839/3138/2829 2842/3140/2831 2861/3161/2847 2860/3162/2848
f 2842/3140/2831 2837/3136/2827 2859/3160/2846 2861/3161/2847
f 2833/3129/2822 2839/3138/2829 2860/3162/2848 2857/3156/2843
f 2829/3116/2809 2844/3142/2823 2862/3163/2844 2855/3164/2849
f 2821/3121/2814 2830/3120/2813 2867/3165/2850 2863/3166/2851
f 2826/3122/2815 2821/3121/2814 2863/3166/2851 2865/3167/2852
f 2828/3123/2816 2822/3124/2817 2864/3168/2853 2866/3169/2854
f 2822/3124/2817 2826/3122/2815 2865/3167/2852 2864/3168/2853
f 2824/3110/2803 2818/3112/2805 2880/3170/2855 2881/3171/2856
f 2814/3105/2798 2824/3110/2803 2881/3171/2856 2879/3172/2857
f 2814/3105/2798 2879/3172/2857 2878/3106/2799
f 2818/3112/2805 2816/3111/2804 2880/3170/2855
s 37
f 2883/3173/2858 2882/3174/2859 2885/3175/2860 2884/3176/2861
f 2884/3176/2861 2885/3175/2860 2887/3177/2862 2886/3178/2863
f 2888/3179/2864 2891/3180/2865 2890/3181/2866 2889/3182/2867
f 2891/3180/2865 2886/3178/2863 2887/3177/2862 2890/3181/2866
f 2882/3174/2859 2893/3183/2868 2892/3184/2869 2885/3175/2860
f 2885/3175/2860 2892/3184/2869 2894/3185/2870 2887/3177/2862
f 2890/3181/2866 2896/3186/2871 2895/3187/2872 2889/3182/2867
f 2887/3177/2862 2894/3185/2870 2896/3186/2871 2890/3181/2866
f 2893/3183/2868 2898/3188/2873 2897/3189/2874 2892/3184/2869
f 2892/3184/2869 2897/3189/2874 2899/3190/2875 2894/3185/2870
f 2896/3186/2871 2901/3191/2876 2900/3192/2877 2895/3187/2872
f 2894/3185/2870 2899/3190/2875 2901/3191/2876 2896/3186/2871
f 2898/3188/2873 2992/3193/2878 2993/3194/2879 2897/3189/2874
f 2897/3189/2874 2993/3194/2879 2994/3195/2880 2899/3190/2875
f 2901/3191/2876 2995/3196/2881 2991/3197/2882 2900/3192/2877
f 2899/3190/2875 2994/3195/2880 2995/3196/2881 2901/3191/2876
f 2900/3192/2877 2991/3197/2882 2895/3187/2872
f 2893/3183/2868 2992/3193/2878 2898/3188/2873
s 38
f 2903/3198/2883 2902/3199/2884 2905/3200/2885 2904/3201/2886
f 2904/3201/2886 2905/3200/2885 2907/3202/2887 2906/3203/2888
f 2908/3204/2889 2911/3205/2890 2910/3206/2891 2909/3207/2892
f 2911/3205/2890 2906/3203/2888 2907/3202/2887 2910/3206/2891
f 2902/3199/2884 2913/3208/2893 2912/3209/2894 2905/3200/2885
f 2905/3200/2885 2912/3209/2894 2914/3210/2895 2907/3202/2887
f 2910/3206/2891 2916/3211/2896 2915/3212/2897 2909/3207/2892
f 2907/3202/2887 2914/3210/2895 2916/3211/2896 2910/3206/2891
f 2913/3208/2893 2918/3213/2898 2917/3214/2899 2912/3209/2894
f 2912/3209/2894 2917/3214/2899 2919/3215/2900 2914/3210/2895
f 2916/3211/2896 2921/3216/2901 2920/3217/2902 2915/3212/2897
f 2914/3210/2895 2919/3215/2900 2921/3216/2901 2916/3211/2896
f 2903/3198/2883 2923/3218/2903 2922/3219/2904 2902/3199/2884
f 2923/3220/2903 2925/3221/2905 2924/3222/2905 2922/3223/2904
f 2925/3221/2905 2927/3224/2906 2926/3225/2906 2924/3222/2905
f 2927/3224/2906 2929/3226/2907 2928/3227/2907 2926/3225/2906
f 2909/3207/2892 2931/3228/2908 2930/3229/2908 2908/3204/2889
f 2931/3230/2908 2933/3231/2909 2932/3232/2910 2930/3233/2908
f 2933/3231/2909 2928/3227/2907 2929/3226/2907 2932/3232/2910
f 2918/3213/2898 2997/3234/2911 2998/3235/2912 2917/3214/2899
f 2917/3214/2899 2998/3235/2912 2999/3236/2913 2919/3215/2900
f 2921/3216/2901 3000/3237/2914 2996/3238/2915 2920/3217/2902
f 2919/3215/2900 2999/3236/2913 3000/3237/2914 2921/3216/2901
f 2920/3217/2902 2996/3238/2915 2915/3212/2897
f 2913/3208/2893 2997/3234/2911 2918/3213/2898
s 39
f 2936/3239/2916 2935/3240/2917 2934/3241/2918 2937/3242/2919
f 2935/3240/2917 2936/3239/2916 2939/3243/2920 2938/3244/2921
f 2942/3245/2922 2941/3246/2923 2940/3247/2924 2943/3248/2925
f 2944/3249/2926 2945/3250/2927 2934/3241/2918 2935/3240/2917
f 2944/3249/2926 2935/3240/2917 2938/3244/2921 2946/3251/2928
f 2947/3252/2929 2940/3247/2924 2941/3246/2923 2948/3253/2930
f 2949/3254/2931 2945/3250/2927 2944/3249/2926 2950/3255/2932
f 2950/3255/2932 2944/3249/2926 2946/3251/2928 2951/3256/2933
f 2952/3257/2934 2953/3258/2935 2947/3252/2929 2948/3253/2930
f 2938/3244/2921 2939/3243/2920 2943/3248/2925 2940/3247/2924
f 2946/3251/2928 2938/3244/2921 2940/3247/2924 2947/3252/2929
f 2951/3256/2933 2946/3251/2928 2947/3252/2929 2953/3258/2935
f 2941/3246/2923 2955/3259/2936 2954/3260/2937 2948/3253/2930
f 2958/3261/2938 2957/3262/2939 2956/3263/2940 2959/3264/2941
f 2961/3265/2942 2960/3266/2943 2954/3267/2937 2955/3268/2936
f 2963/3269/2944 2962/3270/2945 2960/3266/2943 2961/3265/2942
f 2956/3263/2940 2965/3271/2946 2964/3272/2947 2959/3264/2941
f 2966/3273/2948 2964/3272/2947 2965/3271/2946 2967/3274/2949
f 2966/3273/2948 2967/3274/2949 2962/3270/2945 2963/3269/2944
f 2945/3250/2927 2957/3275/2939 2958/3276/2938 2934/3241/2918
f 2941/3246/2923 2969/3277/2950 2968/3278/2951 2955/3259/2936
f 2959/3264/2941 2971/3279/2952 2970/3280/2953 2958/3261/2938
f 2955/3268/2936 2968/3281/2951 2972/3282/2954 2961/3265/2942
f 2961/3265/2942 2972/3282/2954 2973/3283/2955 2963/3269/2944
f 2964/3272/2947 2974/3284/2956 2971/3279/2952 2959/3264/2941
f 2966/3273/2948 2975/3285/2957 2974/3284/2956 2964/3272/2947
f 2963/3269/2944 2973/3283/2955 2975/3285/2957 2966/3273/2948
f 2958/3276/2938 2970/3286/2953 2976/3287/2958 2934/3241/2918
f 2954/3260/2937 2978/3288/2959 2977/3289/2960 2948/3253/2930
f 2957/3262/2939 2980/3290/2961 2979/3291/2962 2956/3263/2940
f 2960/3266/2943 2981/3292/2963 2978/3293/2959 2954/3267/2937
f 2962/3270/2945 2982/3294/2964 2981/3292/2963 2960/3266/2943
f 2965/3271/2946 2984/3295/2965 2983/3296/2966 2967/3274/2949
f 2967/3274/2949 2983/3296/2966 2982/3294/2964 2962/3270/2945
f 2956/3263/2940 2979/3291/2962 2984/3295/2965 2965/3271/2946
f 2945/3250/2927 2985/3297/2967 2980/3298/2961 2957/3275/2939
f 2950/3255/2932 2987/3299/2968 2986/3300/2969 2949/3254/2931
f 2951/3256/2933 2988/3301/2970 2987/3299/2968 2950/3255/2932
f 2952/3257/2934 2990/3302/2971 2989/3303/2972 2953/3258/2935
f 2953/3258/2935 2989/3303/2972 2988/3301/2970 2951/3256/2933
f 2939/3243/2920 3003/3304/2973 3002/3305/2974 2943/3248/2925
f 2936/3239/2916 3001/3306/2975 3003/3304/2973 2939/3243/2920
f 2936/3239/2916 2937/3242/2919 3001/3306/2975
f 2943/3248/2925 3002/3305/2974 2942/3245/2922
s 40
f 3872/3307/2976 3876/3308/2977 3910/3309/2978 3915/3310/2979
f 3916/3311/2980 3856/3312/2981 3835/3313/2982 3910/3309/2978
f 3915/3310/2979 3832/3314/2983 3852/3315/2984 3911/3316/2985
f 3911/3316/2985 3852/3315/2984 3830/3317/2986 3917/3318/2987
f 3912/3319/2988 3849/3320/2989 3829/3321/2990 3914/3322/2991
f 3984/3323/2992 3996/3324/2993 3994/3325/2994 3982/3326/2995
f 3803/3327/2996 3804/3328/2997 4013/3329/2998 4012/3330/2999
f 3804/3328/2997 3805/3331/3000 4007/3332/3001 4013/3329/2998
f 3808/3333/3002 4006/3334/3003 4014/3335/3004 3805/3331/3000
f 4005/3336/3005 3809/3337/3006 3948/3338/3007 4009/3339/3008
f 3809/3337/3006 4005/3336/3005 4015/3340/3009 3810/3341/3010
f 4009/3339/3008 3948/3338/3007 3866/3342/3011 4011/3343/3012
f 3808/3333/3002 3811/3344/3013 4010/3345/3014 4006/3334/3003
f 4015/3340/3009 4010/3345/3014 3811/3344/3013 3810/3341/3010
f 4008/3346/3015 4011/3343/3012 3866/3342/3011 3812/3347/3016
f 3803/3348/2996 3813/3349/3017 3814/3350/3018 3804/3351/2997
f 3805/3352/3000 3804/3351/2997 3814/3350/3018 3815/3353/3019
f 3806/3354/3020 3816/3355/3021 3817/3356/3022 3807/3357/3023
f 3815/3353/3019 3818/3358/3024 3808/3359/3002 3805/3352/3000
f 3823/3360/3025 3816/3355/3021 3806/3354/3020 3812/3361/3016
f 3807/3357/3023 3817/3356/3022 3813/3349/3017 3803/3348/2996
f 3821/3362/3026 3871/3363/3027 3948/3364/3007 3809/3365/3006
f 3810/3366/3010 3820/3367/3028 3821/3362/3026 3809/3365/3006
f 3819/3368/3029 3864/3369/3030 3866/3370/3011 3948/3364/3007
f 3808/3359/3002 3818/3358/3024 3822/3371/3031 3811/3372/3013
f 3811/3372/3013 3822/3371/3031 3820/3373/3028 3810/3374/3010
f 3812/3361/3016 3866/3370/3011 3864/3369/3030 3823/3360/3025
f 3814/3350/3018 3813/3349/3017 3872/3307/2976 3873/3375/3032
f 3874/3376/3033 3815/3353/3019 3814/3350/3018 3873/3375/3032
f 3876/3308/2977 3817/3356/3022 3816/3355/3021 3875/3377/3034
f 3941/3378/3035 3818/3358/3024 3949/3379/3036 3865/3380/3037
f 3823/3360/3025 3867/3381/3038 3875/3377/3034 3816/3355/3021
f 3872/3307/2976 3813/3349/3017 3817/3356/3022 3876/3308/2977
f 3839/3382/3039 3906/3383/3040 3905/3384/3041 3855/3385/3042
f 3941/3378/3035 3825/3386/3043 3826/3387/3044 3940/3388/3045
f 3939/3389/3046 3940/3388/3045 3826/3387/3044 3827/3390/3047
f 3908/3391/3048 3907/3392/3049 3842/3393/3050 3834/3394/3051
f 3865/3380/3037 3824/3395/3052 3825/3386/3043 3941/3378/3035
f 3943/3396/3053 3878/3397/3054 3938/3398/3055 3947/3399/3056
f 3844/3400/3057 3829/3321/2990 3921/3401/3058 3922/3402/3059
f 3849/3320/2989 3830/3317/2986 3923/3403/3060 3924/3404/3061
f 3852/3315/2984 3832/3314/2983 3926/3405/3062 3927/3406/3063
f 3833/3407/3064 3928/3408/3065 3856/3312/2981 3834/3394/3051
f 3848/3409/3066 3847/3410/3067 3846/3411/3068 3836/3412/3069
f 3836/3412/3069 3837/3413/3070 3850/3414/3071 3855/3385/3042
f 3855/3385/3042 3838/3415/3072 3854/3416/3073 3839/3382/3039
f 3836/3412/3069 3846/3411/3068 3918/3417/3074 3845/3418/3075
f 3855/3385/3042 3850/3414/3071 3919/3419/3076 3831/3420/3077
f 3837/3421/3070 3836/3422/3069 3845/3423/3075 3925/3424/3078
f 3839/3382/3039 3854/3416/3073 3920/3425/3079 3853/3426/3080
f 3838/3427/3072 3855/3428/3042 3831/3429/3077 3851/3430/3081
f 3834/3394/3051 3842/3393/3050 3840/3431/3082 3833/3407/3064
f 3841/3432/3083 3853/3433/3080 3835/3313/2982 3929/3434/3084
f 3918/3435/3074 3921/3401/3058 3829/3321/2990 3845/3423/3075
f 3844/3400/3057 3922/3402/3059 3843/3436/3085 3828/3437/3086
f 3848/3409/3066 3877/3438/3087 3843/3439/3085 3847/3410/3067
f 3919/3440/3076 3923/3403/3060 3830/3317/2986 3831/3429/3077
f 3849/3320/2989 3924/3404/3061 3925/3424/3078 3845/3423/3075
f 3920/3441/3079 3926/3405/3062 3832/3314/2983 3853/3433/3080
f 3852/3315/2984 3927/3406/3063 3851/3430/3081 3831/3429/3077
f 3856/3312/2981 3928/3408/3065 3929/3434/3084 3835/3313/2982
f 3857/3442/3088 3840/3431/3082 3842/3393/3050 3839/3382/3039
f 3839/3443/3039 3853/3433/3080 3841/3432/3083 3857/3444/3088
f 3858/3445/3089 3859/3446/3090 3826/3387/3044 3825/3386/3043
f 3879/3447/3091 3858/3445/3089 3825/3386/3043 3824/3395/3052
f 3880/3448/3092 3878/3397/3054 3943/3396/3053 3944/3449/3093
f 3859/3446/3090 3858/3445/3089 3861/3450/3094 3862/3451/3095
f 3860/3452/3096 3859/3446/3090 3862/3451/3095 3863/3453/3097
f 3858/3445/3089 3879/3447/3091 3881/3454/3098 3861/3450/3094
f 3882/3455/3099 3880/3448/3092 3944/3449/3093 3945/3456/3100
f 3842/3393/3050 3907/3392/3049 3906/3383/3040 3839/3382/3039
f 3855/3385/3042 3905/3384/3041 3904/3457/3101 3836/3412/3069
f 3867/3381/3038 3823/3360/3025 3864/3369/3030 3868/3458/3102
f 3864/3369/3030 3819/3368/3029 3869/3459/3103 3868/3458/3102
f 3867/3381/3038 3868/3458/3102 3907/3392/3049 3908/3391/3048
f 3868/3458/3102 3869/3459/3103 3906/3383/3040 3907/3392/3049
f 3821/3362/3026 3942/3460/3104 3870/3461/3105 3871/3363/3027
f 3869/3459/3103 3819/3368/3029 3871/3363/3027 3870/3461/3105
f 3867/3381/3038 3908/3391/3048 3909/3462/3106 3875/3377/3034
f 3824/3395/3052 3878/3463/3054 3880/3464/3092 3879/3447/3091
f 3879/3447/3091 3880/3464/3092 3882/3465/3099 3881/3454/3098
f 3921/3401/3058 3973/3466/3107 3968/3467/3108 3922/3402/3059
f 3973/3466/3107 3969/3468/3109 3883/3469/3110 3931/3470/3111
f 3883/3471/3110 3969/3472/3109 3970/3473/3112 3884/3474/3113
f 3885/3475/3114 3884/3474/3113 3970/3473/3112 3971/3476/3115
f 3886/3477/3116 3885/3475/3114 3971/3476/3115 3972/3478/3117
f 3972/3479/3117 3968/3467/3108 3930/3480/3118 3886/3481/3116
f 3924/3404/3061 3923/3403/3060 3967/3482/3119 3962/3483/3120
f 3923/3403/3060 3919/3440/3076 3963/3484/3121 3967/3482/3119
f 3887/3485/3122 3963/3486/3121 3964/3487/3123 3888/3488/3124
f 3888/3488/3124 3964/3487/3123 3965/3489/3125 3889/3490/3126
f 3890/3491/3127 3889/3492/3126 3965/3493/3125 3966/3494/3128
f 3890/3491/3127 3966/3494/3128 3962/3483/3120 3932/3495/3129
f 3927/3406/3063 3926/3405/3062 3961/3496/3130 3956/3497/3131
f 3961/3496/3130 3957/3498/3132 3891/3499/3133 3935/3500/3134
f 3891/3501/3133 3957/3502/3132 3958/3503/3135 3892/3504/3136
f 3892/3504/3136 3958/3503/3135 3959/3505/3137 3893/3506/3138
f 3894/3507/3139 3893/3508/3138 3959/3509/3137 3960/3510/3140
f 3894/3507/3139 3960/3510/3140 3956/3497/3131 3934/3511/3141
f 3928/3408/3065 3833/3407/3064 3950/3512/3142 3955/3513/3143
f 3950/3512/3142 3951/3514/3144 3896/3515/3145 3895/3516/3146
f 3897/3517/3147 3896/3515/3145 3951/3514/3144 3952/3518/3148
f 3897/3519/3147 3952/3520/3148 3953/3521/3149 3898/3522/3150
f 3898/3522/3150 3953/3521/3149 3954/3523/3151 3936/3524/3152
f 3928/3408/3065 3955/3513/3143 3954/3523/3151 3929/3434/3084
f 3815/3353/3019 3874/3376/3033 3949/3379/3036 3818/3358/3024
f 3824/3395/3052 3828/3437/3086 3877/3525/3087 3878/3463/3054
f 3943/3396/3053 3947/3399/3056 3939/3526/3046 3827/3527/3047
f 3909/3462/3106 3908/3391/3048 3834/3394/3051 3856/3312/2981
f 3828/3437/3086 3949/3379/3036 3913/3528/3153 3844/3400/3057
f 3949/3379/3036 3828/3437/3086 3824/3395/3052 3865/3380/3037
f 3859/3446/3090 3860/3452/3096 3827/3390/3047 3826/3387/3044
f 3947/3399/3056 3821/3362/3026 3820/3367/3028 3939/3526/3046
f 3820/3373/3028 3822/3371/3031 3940/3388/3045 3939/3389/3046
f 3940/3388/3045 3822/3371/3031 3818/3358/3024 3941/3378/3035
f 3877/3438/3087 3903/3529/3154 3938/3398/3055 3878/3397/3054
f 3943/3396/3053 3827/3527/3047 3860/3530/3096 3944/3449/3093
f 3860/3530/3096 3863/3531/3097 3945/3456/3100 3944/3449/3093
f 3938/3398/3055 3942/3460/3104 3821/3362/3026 3947/3399/3056
f 3942/3460/3104 3904/3457/3101 3905/3384/3041 3870/3461/3105
f 3870/3461/3105 3905/3384/3041 3906/3383/3040 3869/3459/3103
f 4008/3346/3015 3806/3532/3020 3807/3533/3023 4012/3534/2999
f 3895/3516/3146 3937/3535/3155 3955/3513/3143 3950/3512/3142
f 3833/3407/3064 3840/3431/3082 3951/3514/3144 3950/3512/3142
f 3840/3431/3082 3857/3442/3088 3952/3518/3148 3951/3514/3144
f 3952/3520/3148 3857/3444/3088 3841/3432/3083 3953/3521/3149
f 3841/3432/3083 3929/3434/3084 3954/3523/3151 3953/3521/3149
f 3955/3513/3143 3937/3535/3155 3936/3524/3152 3954/3523/3151
f 3961/3496/3130 3935/3500/3134 3934/3511/3141 3956/3497/3131
f 3961/3496/3130 3926/3405/3062 3920/3441/3079 3957/3498/3132
f 3957/3502/3132 3920/3425/3079 3854/3416/3073 3958/3503/3135
f 3854/3416/3073 3838/3415/3072 3959/3505/3137 3958/3503/3135
f 3838/3427/3072 3851/3430/3081 3960/3510/3140 3959/3509/3137
f 3851/3430/3081 3927/3406/3063 3956/3497/3131 3960/3510/3140
f 3933/3536/3156 3932/3495/3129 3962/3483/3120 3967/3482/3119
f 3887/3537/3122 3933/3536/3156 3967/3482/3119 3963/3484/3121
f 3963/3486/3121 3919/3419/3076 3850/3414/3071 3964/3487/3123
f 3850/3414/3071 3837/3413/3070 3965/3489/3125 3964/3487/3123
f 3837/3421/3070 3925/3424/3078 3966/3494/3128 3965/3493/3125
f 3966/3494/3128 3925/3424/3078 3924/3404/3061 3962/3483/3120
f 3973/3466/3107 3931/3470/3111 3930/3480/3118 3968/3467/3108
f 3921/3401/3058 3918/3435/3074 3969/3468/3109 3973/3466/3107
f 3969/3472/3109 3918/3417/3074 3846/3411/3068 3970/3473/3112
f 3846/3411/3068 3847/3410/3067 3971/3476/3115 3970/3473/3112
f 3847/3410/3067 3843/3439/3085 3972/3478/3117 3971/3476/3115
f 3843/3436/3085 3922/3402/3059 3968/3467/3108 3972/3479/3117
f 3848/3409/3066 3836/3412/3069 3904/3457/3101 3903/3529/3154
f 3975/3538/3157 4016/3539/3158 4017/3540/3159 3974/3541/3160
f 3975/3538/3157 3976/3542/3161 4018/3543/3162 4016/3539/3158
f 3978/3544/3163 4019/3545/3164 4020/3546/3165 3977/3547/3166
f 3976/3542/3161 3979/3548/3167 4021/3549/3168 4018/3543/3162
f 3977/3547/3166 4020/3546/3165 4022/3550/3169 3986/3551/3170
f 3974/3541/3160 4017/3540/3159 4019/3552/3164 3978/3553/3163
f 3980/3554/3171 4023/3555/3172 4024/3556/3173 3981/3557/3174
f 3983/3558/3175 4025/3559/3176 4026/3560/3177 3982/3326/2995
f 4023/3555/3172 3980/3554/3171 3985/3561/3178 4028/3562/3179
f 3979/3548/3167 3984/3323/2992 4027/3563/3180 4021/3549/3168
f 3981/3557/3174 4024/3556/3173 4025/3559/3176 3983/3558/3175
f 3984/3323/2992 3982/3326/2995 4026/3560/3177 4027/3563/3180
f 3986/3551/3170 4022/3550/3169 4028/3562/3179 3985/3561/3178
f 3975/3538/3157 3974/3541/3160 3987/3564/3181 3988/3565/3182
f 3976/3542/3161 3975/3538/3157 3988/3565/3182 4047/3566/3183
f 3978/3544/3163 3977/3547/3166 3989/3567/3184 3990/3568/3185
f 3977/3547/3166 3986/3551/3170 3998/3569/3186 3989/3567/3184
f 3974/3541/3160 3978/3553/3163 3990/3570/3185 3987/3564/3181
f 3980/3554/3171 3981/3557/3174 3993/3571/3187 3992/3572/3188
f 3983/3558/3175 3982/3326/2995 3994/3325/2994 3995/3573/3189
f 3992/3572/3188 3997/3574/3190 3985/3561/3178 3980/3554/3171
f 3984/3323/2992 3979/3548/3167 3991/3575/3191 3996/3324/2993
f 3981/3557/3174 3983/3558/3175 3995/3573/3189 3993/3571/3187
f 3986/3551/3170 3985/3561/3178 3997/3574/3190 3998/3569/3186
f 3999/3576/3192 4000/3577/3193 3988/3565/3182 3987/3564/3181
f 4000/3577/3193 4001/3578/3194 4046/3579/3195
f 4105/3580/3196 3990/3568/3185 3989/3567/3184 4045/3581/3197
f 3989/3567/3184 3998/3569/3186 4043/3582/3198
f 3987/3564/3181 4105/3583/3196 4002/3584/3199 3999/3576/3192
f 4039/3585/3200 3992/3572/3188 3993/3571/3187 4038/3586/3201
f 3995/3573/3189 3994/3325/2994 4036/3587/3202 4037/3588/3203
f 3997/3574/3190 3992/3572/3188 4039/3585/3200 4042/3589/3204
f 4035/3590/3205 3996/3324/2993 3991/3575/3191 4034/3591/3206
f 4038/3586/3201 3993/3571/3187 3995/3573/3189 4037/3588/3203
f 3998/3569/3186 3997/3574/3190 4042/3589/3204 4043/3582/3198
f 4007/3332/3001 4000/3577/3193 3999/3576/3192 4013/3329/2998
f 4014/3335/3004 4077/3592/3207 4007/3332/3001
f 4014/3335/3004 4006/3334/3003 4071/3593/3208 4077/3592/3207
f 3999/3576/3192 4002/3584/3199 4012/3330/2999 4013/3329/2998
f 4085/3594/3209 4086/3595/3210 4097/3596/3211 4098/3597/3212
f 4095/3598/3213 4088/3599/3214 4089/3600/3215 4094/3601/3216
f 3805/3331/3000 4014/3335/3004 4007/3332/3001
f 3812/3347/3016 3806/3532/3020 4008/3346/3015
f 3828/3437/3086 3843/3436/3085 3877/3525/3087
f 3946/3602/3217 3862/3451/3095 3861/3450/3094
f 3946/3602/3217 3863/3453/3097 3862/3451/3095
f 3946/3602/3217 3861/3450/3094 3881/3454/3098
f 3882/3455/3099 3945/3456/3100 3946/3603/3217
f 3903/3529/3154 3877/3438/3087 3848/3409/3066
f 3875/3377/3034 3909/3462/3106 3916/3311/2980
f 3946/3602/3217 3881/3454/3098 3882/3465/3099
f 3899/3604/3218 3930/3480/3118 3931/3470/3111
f 3899/3604/3218 3931/3470/3111 3883/3469/3110
f 3899/3605/3218 3883/3471/3110 3884/3474/3113
f 3899/3605/3218 3884/3474/3113 3885/3475/3114
f 3899/3605/3218 3885/3475/3114 3886/3477/3116
f 3899/3604/3218 3886/3481/3116 3930/3480/3118
f 3900/3606/3219 3932/3495/3129 3933/3536/3156
f 3900/3606/3219 3933/3536/3156 3887/3537/3122
f 3900/3607/3219 3887/3485/3122 3888/3488/3124
f 3900/3607/3219 3888/3488/3124 3889/3490/3126
f 3900/3606/3219 3889/3492/3126 3890/3491/3127
f 3900/3606/3219 3890/3491/3127 3932/3495/3129
f 3901/3608/3220 3934/3511/3141 3935/3500/3134
f 3901/3608/3220 3935/3500/3134 3891/3499/3133
f 3901/3609/3220 3891/3501/3133 3892/3504/3136
f 3901/3609/3220 3892/3504/3136 3893/3506/3138
f 3901/3608/3220 3893/3508/3138 3894/3507/3139
f 3901/3608/3220 3894/3507/3139 3934/3511/3141
f 3902/3610/3221 3937/3535/3155 3895/3516/3146
f 3895/3516/3146 3896/3515/3145 3902/3610/3221
f 3902/3610/3221 3896/3515/3145 3897/3517/3147
f 3902/3610/3221 3897/3519/3147 3898/3522/3150
f 3902/3610/3221 3898/3522/3150 3936/3524/3152
f 3902/3610/3221 3936/3524/3152 3937/3535/3155
f 3915/3310/2979 3910/3309/2978 3832/3314/2983
f 3909/3462/3106 3856/3312/2981 3916/3311/2980
f 3910/3309/2978 3876/3308/2977 3916/3311/2980
f 3874/3376/3033 3873/3375/3032 3914/3322/2991
f 3912/3319/2988 3917/3318/2987 3849/3320/2989
f 3917/3318/2987 3912/3319/2988 3873/3375/3032 3872/3307/2976
f 3946/3603/3217 3945/3456/3100 3863/3531/3097
f 3942/3460/3104 3938/3398/3055 3903/3529/3154
f 3948/3364/3007 3871/3363/3027 3819/3368/3029
f 3807/3533/3023 3803/3611/2996 4012/3534/2999
f 3832/3314/2983 3910/3309/2978 3835/3313/2982
f 3835/3313/2982 3853/3433/3080 3832/3314/2983
f 3852/3315/2984 3831/3429/3077 3830/3317/2986
f 3849/3320/2989 3845/3423/3075 3829/3321/2990
f 3904/3457/3101 3942/3460/3104 3903/3529/3154
f 3915/3310/2979 3911/3316/2985 3872/3307/2976
f 3872/3307/2976 3911/3316/2985 3917/3318/2987
f 3873/3375/3032 3912/3319/2988 3914/3322/2991
f 3914/3322/2991 3913/3528/3153 3874/3376/3033
f 3874/3376/3033 3913/3528/3153 3949/3379/3036
f 3876/3308/2977 3875/3377/3034 3916/3311/2980
f 3917/3318/2987 3830/3317/2986 3849/3320/2989
f 3844/3400/3057 3913/3528/3153 3914/3322/2991
f 3914/3322/2991 3829/3321/2990 3844/3400/3057
f 3979/3548/3167 3976/3542/3161 4047/3566/3183 3991/3575/3191
f 4067/3612/3222 4048/3613/3223 4065/3614/3224 4066/3615/3225
f 3996/3324/2993 4035/3590/3205 4036/3587/3202 3994/3325/2994
f 4029/3616/3226 4068/3617/3227 4069/3618/3228 4030/3619/3229
f 4069/3618/3228 4070/3620/3230 4031/3621/3231 4030/3619/3229
f 4070/3620/3230 4078/3622/3232 4032/3623/3233 4031/3621/3231
f 4032/3623/3233 4078/3622/3232 4004/3624/3234 4033/3625/3235
f 4065/3614/3224 4048/3613/3223 4049/3626/3236 4064/3627/3237
f 4064/3627/3237 4049/3626/3236 4050/3628/3238 4063/3629/3239
f 4063/3629/3239 4050/3628/3238 4051/3630/3240 4062/3631/3241
f 4062/3631/3241 4051/3630/3240 4052/3632/3242 4061/3633/3243
f 4061/3633/3243 4052/3632/3242 4053/3634/3244 4060/3635/3245
f 4033/3625/3235 4004/3624/3234 4003/3636/3246 4040/3637/3247
f 4003/3636/3246 4079/3638/3248 4041/3639/3249 4040/3637/3247
f 4053/3634/3244 4054/3640/3250 4059/3641/3251 4060/3635/3245
f 4054/3640/3250 4055/3642/3252 4058/3643/3253 4059/3641/3251
f 4055/3642/3252 4056/3644/3254 4057/3645/3255 4058/3643/3253
f 4079/3638/3248 4080/3646/3256 4044/3647/3257 4041/3639/3249
f 4044/3647/3257 4080/3646/3256 4083/3648/3258 4045/3581/3197
f 4046/3579/3195 4001/3578/3194 4068/3617/3227 4029/3616/3226
f 4034/3591/3206 3991/3575/3191 4047/3566/3183
f 4029/3616/3226 4030/3619/3229 4049/3626/3236 4048/3613/3223
f 4030/3619/3229 4031/3621/3231 4050/3628/3238 4049/3626/3236
f 4031/3621/3231 4032/3623/3233 4051/3630/3240 4050/3628/3238
f 4032/3623/3233 4033/3625/3235 4052/3632/3242 4051/3630/3240
f 4033/3625/3235 4040/3637/3247 4053/3634/3244 4052/3632/3242
f 4041/3639/3249 4054/3640/3250 4053/3634/3244 4040/3637/3247
f 4041/3639/3249 4044/3647/3257 4055/3642/3252 4054/3640/3250
f 4044/3647/3257 4045/3581/3197 4056/3644/3254 4055/3642/3252
f 4045/3581/3197 3989/3567/3184 4057/3645/3255 4056/3644/3254
f 3989/3567/3184 4043/3582/3198 4058/3643/3253 4057/3645/3255
f 4043/3582/3198 4042/3589/3204 4059/3641/3251 4058/3643/3253
f 4042/3589/3204 4039/3585/3200 4060/3635/3245 4059/3641/3251
f 4039/3585/3200 4038/3586/3201 4061/3633/3243 4060/3635/3245
f 4038/3586/3201 4037/3588/3203 4062/3631/3241 4061/3633/3243
f 4037/3588/3203 4036/3587/3202 4063/3629/3239 4062/3631/3241
f 4036/3587/3202 4035/3590/3205 4064/3627/3237 4063/3629/3239
f 4035/3590/3205 4034/3591/3206 4065/3614/3224 4064/3627/3237
f 4034/3591/3206 4047/3566/3183 4066/3615/3225 4065/3614/3224
f 4047/3566/3183 4046/3579/3195 4067/3612/3222 4066/3615/3225
f 4046/3579/3195 4029/3616/3226 4048/3613/3223 4067/3612/3222
f 4046/3579/3195 4047/3566/3183 3988/3565/3182 4000/3577/3193
f 4090/3649/3259 4093/3650/3260 4094/3601/3216 4089/3600/3215
f 4006/3334/3003 4010/3345/3014 4072/3651/3261 4071/3593/3208
f 4010/3345/3014 4015/3340/3009 4073/3652/3262 4072/3651/3261
f 4073/3652/3262 4015/3340/3009 4074/3653/3263
f 4074/3653/3263 4015/3340/3009 4005/3336/3005 4075/3654/3264
f 4005/3336/3005 4009/3339/3008 4076/3655/3265 4075/3654/3264
f 4093/3650/3260 4090/3649/3259 4091/3656/3266 4092/3657/3267
f 4077/3592/3207 4001/3578/3194 4000/3577/3193 4007/3332/3001
f 4095/3598/3213 4096/3658/3268 4087/3659/3269 4088/3599/3214
f 4096/3658/3268 4097/3596/3211 4086/3595/3210 4087/3659/3269
f 4098/3597/3212 4099/3660/3270 4104/3661/3271 4085/3594/3209
f 4104/3661/3271 4099/3660/3270 4100/3662/3272 4103/3663/3273
f 4009/3339/3008 4011/3343/3012 4081/3664/3274 4076/3655/3265
f 4081/3664/3274 4011/3343/3012 4008/3346/3015 4082/3665/3275
f 4103/3663/3273 4100/3662/3272 4101/3666/3276 4102/3667/3277
f 4008/3346/3015 4012/3534/2999 4084/3668/3278 4082/3665/3275
f 4084/3668/3278 4012/3534/2999 4002/3669/3199
f 4003/3636/3246 4004/3624/3234 4086/3595/3210 4085/3594/3209
f 4004/3624/3234 4078/3622/3232 4087/3659/3269 4086/3595/3210
f 4078/3622/3232 4070/3620/3230 4088/3599/3214 4087/3659/3269
f 4070/3620/3230 4069/3618/3228 4089/3600/3215 4088/3599/3214
f 4069/3618/3228 4068/3617/3227 4090/3649/3259 4089/3600/3215
f 4068/3617/3227 4001/3578/3194 4091/3656/3266 4090/3649/3259
f 4001/3578/3194 4077/3592/3207 4092/3657/3267 4091/3656/3266
f 4077/3592/3207 4071/3593/3208 4093/3650/3260 4092/3657/3267
f 4071/3593/3208 4072/3651/3261 4094/3601/3216 4093/3650/3260
f 4072/3651/3261 4073/3652/3262 4095/3598/3213 4094/3601/3216
f 4073/3652/3262 4074/3653/3263 4096/3658/3268 4095/3598/3213
f 4074/3653/3263 4075/3654/3264 4097/3596/3211 4096/3658/3268
f 4075/3654/3264 4076/3655/3265 4098/3597/3212 4097/3596/3211
f 4076/3655/3265 4081/3664/3274 4099/3660/3270 4098/3597/3212
f 4081/3664/3274 4082/3665/3275 4100/3662/3272 4099/3660/3270
f 4082/3665/3275 4084/3668/3278 4101/3666/3276 4100/3662/3272
f 4084/3668/3278 4083/3648/3258 4102/3667/3277 4101/3666/3276
f 4083/3648/3258 4080/3646/3256 4103/3663/3273 4102/3667/3277
f 4080/3646/3256 4079/3638/3248 4104/3661/3271 4103/3663/3273
f 4079/3638/3248 4003/3636/3246 4085/3594/3209 4104/3661/3271
f 4083/3648/3258 4084/3668/3278 4002/3669/3199 4105/3580/3196
f 4105/3580/3196 4045/3581/3197 4083/3648/3258
f 3987/3564/3181 3990/3570/3185 4105/3583/3196
s 41
f 3074/3670/3279 3073/3671/3280 3004/3672/3281 3005/3673/3282
f 3075/3674/3283 3074/3670/3279 3005/3673/3282 3006/3675/3284
f 3080/3676/3285 3075/3677/3283 3006/3678/3284 3007/3679/3286
f 3008/3680/3287 3041/3681/3288 3081/3682/3289 3076/3683/3290
f 3073/3671/3280 3078/3684/3291 3010/3685/3292 3004/3672/3281
f 3078/3684/3291 3077/3686/3293 3009/3687/3294 3010/3685/3292
f 3077/3686/3293 3079/3688/3295 3082/3689/3296 3009/3687/3294
f 3011/3690/3297 3141/3691/3298 3142/3692/3299 3080/3676/3285
f 3138/3693/3300 3140/3694/3301 3137/3695/3302 3015/3696/3303
f 3015/3696/3303 3129/3697/3304 3130/3698/3305 3138/3693/3300
f 3083/3699/3306 3018/3700/3307 3090/3701/3308 3091/3702/3309
f 3064/3703/3310 3085/3704/3311 3100/3705/3312 3096/3706/3313
f 3124/3707/3314 3125/3708/3315 3126/3709/3316 3014/3710/3317
f 3137/3695/3302 3124/3707/3314 3014/3710/3317 3015/3696/3303
f 3126/3709/3316 3127/3711/3318 3128/3712/3319 3014/3710/3317
f 3128/3712/3319 3129/3697/3304 3015/3696/3303 3014/3710/3317
f 3139/3713/3320 3143/3714/3321 3136/3715/3322 3019/3716/3323
f 3019/3716/3323 3131/3717/3324 3132/3718/3325 3139/3713/3320
f 3093/3719/3326 3088/3720/3327 3020/3721/3328 3092/3722/3329
f 3018/3700/3307 3017/3723/3330 3089/3724/3331 3090/3701/3308
f 3106/3725/3332 3107/3726/3333 3026/3727/3334 3027/3728/3335
f 3107/3726/3333 3108/3729/3336 3049/3730/3337 3026/3727/3334
f 3013/3731/3338 3006/3675/3284 3068/3732/3339 3069/3733/3340
f 3104/3734/3341 3031/3735/3342 3023/3736/3343 3097/3737/3344
f 3027/3728/3335 3122/3738/3345 3123/3739/3346 3106/3725/3332
f 3027/3728/3335 3026/3727/3334 3119/3740/3347 3120/3741/3348
f 3119/3740/3347 3026/3727/3334 3049/3730/3337 3118/3742/3349
f 3070/3743/3350 3064/3703/3310 3096/3706/3313 3098/3744/3351
f 3023/3736/3343 3031/3735/3342 3035/3745/3352 3034/3746/3353
f 3029/3747/3354 3028/3748/3355 3036/3749/3356 3037/3750/3357
f 3030/3751/3358 3029/3747/3354 3037/3750/3357 3038/3752/3359
f 3033/3753/3360 3032/3754/3361 3039/3755/3362 3040/3756/3363
f 3039/3755/3362 3032/3754/3361 3051/3757/3364 3055/3758/3365
f 3028/3748/3355 3033/3753/3360 3040/3756/3363 3036/3749/3356
f 3079/3688/3295 3081/3682/3289 3041/3681/3288 3082/3689/3296
f 3045/3759/3366 3042/3760/3367 3110/3761/3368 3111/3762/3369
f 3042/3760/3367 3045/3759/3366 3115/3763/3370 3116/3764/3371
f 3116/3764/3371 3117/3765/3372 3048/3766/3373 3042/3760/3367
f 3008/3680/3287 3044/3767/3374 3061/3768/3375 3041/3681/3288
f 3108/3729/3336 3109/3769/3376 3048/3766/3373 3049/3730/3337
f 3110/3761/3368 3042/3760/3367 3048/3766/3373 3109/3769/3376
f 3049/3730/3337 3048/3766/3373 3117/3765/3372 3118/3742/3349
f 3043/3770/3377 3047/3771/3378 3053/3772/3379 3052/3773/3380
f 3052/3773/3380 3054/3774/3381 3050/3775/3382 3043/3770/3377
f 3047/3771/3378 3071/3776/3383 3072/3777/3384 3053/3772/3379
f 3051/3757/3364 3050/3775/3382 3054/3774/3381 3055/3758/3365
f 3056/3778/3385 3101/3779/3386 3095/3780/3387 3057/3781/3388
f 3103/3782/3389 3099/3783/3390 3056/3778/3385 3060/3784/3391
f 3046/3785/3392 3021/3786/3393 3059/3787/3394 3058/3788/3395
f 3044/3767/3374 3046/3789/3392 3062/3790/3396 3061/3768/3375
f 3086/3791/3397 3085/3704/3311 3064/3703/3310 3065/3792/3398
f 3064/3703/3310 3070/3743/3350 3067/3793/3399 3065/3792/3398
f 3066/3794/3400 3060/3784/3391 3056/3778/3385 3057/3781/3388
f 3067/3793/3399 3070/3743/3350 3034/3746/3353 3035/3745/3352
f 3027/3728/3335 3120/3741/3348 3121/3795/3401 3122/3738/3345
f 3068/3732/3339 3028/3748/3355 3029/3747/3354 3069/3733/3340
f 3016/3796/3402 3069/3733/3340 3029/3747/3354 3030/3751/3358
f 3112/3797/3403 3113/3798/3404 3114/3799/3405 3045/3759/3366
f 3071/3776/3383 3062/3790/3396 3063/3800/3406 3072/3777/3384
f 3058/3801/3395 3059/3802/3394 3103/3803/3389 3031/3804/3342
f 3020/3721/3328 3083/3699/3306 3091/3702/3309 3092/3722/3329
f 3057/3781/3388 3095/3780/3387 3100/3705/3312 3085/3704/3311
f 3066/3794/3400 3057/3781/3388 3085/3704/3311 3086/3791/3397
f 3046/3785/3392 3088/3720/3327 3093/3719/3326 3021/3786/3393
f 3024/3805/3407 3025/3806/3408 3090/3807/3308 3089/3808/3331
f 3025/3806/3408 3084/3809/3409 3091/3810/3309 3090/3807/3308
f 3091/3810/3309 3084/3809/3409 3022/3811/3410 3092/3812/3329
f 3092/3812/3329 3022/3811/3410 3087/3813/3411 3093/3814/3326
f 3034/3746/3353 3070/3743/3350 3098/3744/3351 3102/3815/3412
f 3094/3816/3413 3016/3817/3402 3097/3737/3344 3102/3815/3412
f 3100/3705/3312 3084/3809/3409 3025/3806/3408 3096/3706/3313
f 3025/3806/3408 3024/3805/3407 3098/3744/3351 3096/3706/3313
f 3101/3779/3386 3087/3813/3411 3022/3811/3410 3095/3780/3387
f 3022/3811/3410 3084/3809/3409 3100/3705/3312 3095/3780/3387
f 3087/3813/3411 3101/3779/3386 3099/3783/3390 3021/3818/3393
f 3024/3805/3407 3094/3816/3413 3102/3815/3412 3098/3744/3351
f 3102/3815/3412 3097/3737/3344 3023/3736/3343 3034/3746/3353
f 3103/3782/3389 3059/3819/3394 3021/3818/3393 3099/3783/3390
f 3097/3737/3344 3016/3817/3402 3030/3820/3358 3104/3734/3341
f 3104/3734/3341 3030/3820/3358 3038/3821/3359 3105/3822/3414
f 3005/3673/3282 3004/3672/3281 3107/3726/3333 3106/3725/3332
f 3010/3685/3292 3108/3729/3336 3107/3726/3333 3004/3672/3281
f 3010/3685/3292 3009/3687/3294 3109/3769/3376 3108/3729/3336
f 3009/3687/3294 3082/3689/3296 3110/3761/3368 3109/3769/3376
f 3082/3689/3296 3041/3823/3288 3111/3762/3369 3110/3761/3368
f 3041/3823/3288 3061/3768/3375 3112/3797/3403 3111/3762/3369
f 3061/3768/3375 3062/3790/3396 3113/3798/3404 3112/3797/3403
f 3062/3790/3396 3071/3776/3383 3114/3799/3405 3113/3798/3404
f 3071/3776/3383 3047/3771/3378 3115/3763/3370 3114/3799/3405
f 3047/3771/3378 3043/3770/3377 3116/3764/3371 3115/3763/3370
f 3043/3770/3377 3050/3775/3382 3117/3765/3372 3116/3764/3371
f 3050/3775/3382 3051/3757/3364 3118/3742/3349 3117/3765/3372
f 3051/3757/3364 3032/3754/3361 3119/3740/3347 3118/3742/3349
f 3032/3754/3361 3033/3753/3360 3120/3741/3348 3119/3740/3347
f 3033/3753/3360 3028/3748/3355 3121/3795/3401 3120/3741/3348
f 3028/3748/3355 3068/3732/3339 3122/3738/3345 3121/3795/3401
f 3068/3732/3339 3006/3675/3284 3123/3739/3346 3122/3738/3345
f 3006/3675/3284 3005/3673/3282 3106/3725/3332 3123/3739/3346
f 3007/3824/3286 3006/3825/3284 3125/3708/3315 3124/3707/3314
f 3006/3825/3284 3013/3826/3338 3126/3709/3316 3125/3708/3315
f 3013/3826/3338 3016/3827/3402 3127/3711/3318 3126/3709/3316
f 3016/3827/3402 3017/3828/3330 3128/3712/3319 3127/3711/3318
f 3017/3828/3330 3018/3829/3307 3129/3697/3304 3128/3712/3319
f 3129/3697/3304 3018/3829/3307 3083/3830/3306 3130/3698/3305
f 3131/3717/3324 3130/3698/3305 3083/3830/3306 3020/3831/3328
f 3020/3831/3328 3088/3832/3327 3132/3718/3325 3131/3717/3324
f 3088/3832/3327 3046/3833/3392 3133/3834/3415 3132/3718/3325
f 3046/3833/3392 3044/3835/3374 3134/3836/3416 3133/3834/3415
f 3044/3835/3374 3008/3837/3287 3135/3838/3417 3134/3836/3416
f 3012/3839/3418 3136/3715/3322 3143/3714/3321 3144/3840/3419
f 3011/3841/3297 3137/3695/3302 3140/3694/3301 3141/3842/3298
f 3011/3841/3297 3007/3824/3286 3124/3707/3314 3137/3695/3302
f 3130/3698/3305 3131/3717/3324 3019/3716/3323 3138/3693/3300
f 3132/3718/3325 3133/3834/3415 3134/3836/3416 3139/3713/3320
f 3138/3693/3300 3019/3716/3323 3136/3715/3322 3140/3694/3301
f 3140/3694/3301 3136/3715/3322 3012/3839/3418 3141/3842/3298
f 3141/3691/3298 3012/3843/3418 3145/3844/3420 3142/3692/3299
f 3134/3836/3416 3135/3838/3417 3143/3714/3321 3139/3713/3320
f 3135/3838/3417 3008/3837/3287 3144/3840/3419 3143/3714/3321
f 3008/3845/3287 3076/3846/3290 3145/3844/3420 3144/3847/3419
f 3037/3848/3357 3036/3849/3356 3072/3850/3384 3063/3851/3406
f 3038/3852/3359 3146/3853/3421 3058/3801/3395 3105/3854/3414
f 3037/3848/3357 3063/3851/3406 3146/3853/3421 3038/3852/3359
f 3063/3800/3406 3062/3790/3396 3046/3789/3392 3146/3855/3421
f 3066/3856/3400 3086/3857/3397 3065/3858/3398 3067/3859/3399
f 3039/3860/3362 3055/3861/3365 3054/3862/3381 3052/3863/3380
f 3040/3864/3363 3039/3860/3362 3052/3863/3380 3053/3865/3379
f 3040/3864/3363 3053/3865/3379 3072/3850/3384 3036/3849/3356
f 3067/3859/3399 3035/3866/3352 3060/3867/3391 3066/3856/3400
f 3035/3866/3352 3031/3804/3342 3103/3803/3389 3060/3867/3391
f 3075/3677/3283 3080/3676/3285 3149/3868/3422 3147/3869/3423
f 3142/3692/3299 3145/3844/3420 3151/3870/3424 3150/3871/3425
f 3145/3844/3420 3076/3846/3290 3148/3872/3426 3151/3870/3424
f 3080/3676/3285 3142/3692/3299 3150/3871/3425 3149/3868/3422
f 3007/3679/3286 3011/3690/3297 3080/3676/3285
f 3012/3843/3418 3144/3847/3419 3145/3844/3420
f 3094/3816/3413 3089/3808/3331 3016/3817/3402
f 3046/3785/3392 3058/3788/3395 3146/3873/3421
f 3016/3796/3402 3013/3731/3338 3069/3733/3340
f 3045/3759/3366 3114/3799/3405 3115/3763/3370
f 3105/3822/3414 3031/3735/3342 3104/3734/3341
f 3112/3797/3403 3045/3759/3366 3111/3762/3369
f 3056/3778/3385 3099/3783/3390 3101/3779/3386
f 3024/3805/3407 3089/3808/3331 3094/3816/3413
f 3093/3814/3326 3087/3813/3411 3021/3818/3393
f 3089/3724/3331 3017/3723/3330 3016/3874/3402
f 3031/3804/3342 3105/3854/3414 3058/3801/3395
s 42
f 3154/3875/3427 3153/3876/3428 3152/3877/3429 3155/3878/3430
f 3157/3879/3431 3156/3880/3432 3153/3876/3428 3154/3875/3427
f 3159/3881/3433 3158/3882/3434 3156/3883/3432 3157/3884/3431
f 3161/3885/3435 3163/3886/3436 3162/3887/3437 3291/3888/3438
f 3155/3878/3430 3152/3877/3429 3165/3889/3439 3164/3890/3440
f 3164/3890/3440 3165/3889/3439 3166/3891/3441 3167/3892/3442
f 3167/3892/3442 3166/3891/3441 3168/3893/3443 3169/3894/3444
f 3160/3895/3445 3159/3881/3433 3171/3896/3446 3170/3897/3447
f 3176/3898/3448 3175/3899/3449 3178/3900/3450 3177/3901/3451
f 3175/3899/3449 3176/3898/3448 3179/3902/3452 3180/3903/3453
f 3182/3904/3454 3181/3905/3455 3184/3906/3456 3183/3907/3457
f 3185/3908/3458 3188/3909/3459 3187/3910/3460 3186/3911/3461
f 3191/3912/3462 3190/3913/3463 3189/3914/3464 3192/3915/3465
f 3178/3900/3450 3175/3899/3449 3190/3913/3463 3191/3912/3462
f 3189/3914/3464 3190/3913/3463 3193/3916/3466 3194/3917/3467
f 3193/3916/3466 3190/3913/3463 3175/3899/3449 3180/3903/3453
f 3196/3918/3468 3195/3919/3469 3198/3920/3470 3197/3921/3471
f 3195/3919/3469 3196/3918/3468 3199/3922/3472 3200/3923/3473
f 3201/3924/3474 3204/3925/3475 3203/3926/3476 3202/3927/3477
f 3183/3907/3457 3184/3906/3456 3206/3928/3478 3208/3929/3479
f 3211/3930/3480 3210/3931/3481 3209/3932/3482 3212/3933/3483
f 3212/3933/3483 3209/3932/3482 3214/3934/3484 3213/3935/3485
f 3217/3936/3486 3216/3937/3487 3215/3938/3488 3156/3880/3432
f 3218/3939/3489 3221/3940/3490 3220/3941/3491 3219/3942/3492
f 3210/3931/3481 3211/3930/3480 3222/3943/3493 3223/3944/3494
f 3210/3931/3481 3225/3945/3495 3224/3946/3496 3209/3932/3482
f 3224/3946/3496 3226/3947/3497 3214/3934/3484 3209/3932/3482
f 3227/3948/3498 3228/3949/3499 3188/3909/3459 3185/3908/3458
f 3220/3941/3491 3230/3950/3500 3229/3951/3501 3219/3942/3492
f 3233/3952/3502 3232/3953/3503 3231/3954/3504 3234/3955/3505
f 3236/3956/3506 3235/3957/3507 3232/3953/3503 3233/3952/3502
f 3239/3958/3508 3238/3959/3509 3237/3960/3510 3240/3961/3511
f 3237/3960/3510 3242/3962/3512 3241/3963/3513 3240/3961/3511
f 3234/3955/3505 3231/3954/3504 3238/3959/3509 3239/3958/3508
f 3169/3894/3444 3168/3893/3443 3291/3888/3438 3162/3887/3437
f 3244/3964/3514 3243/3965/3515 3246/3966/3516 3245/3967/3517
f 3245/3967/3517 3248/3968/3518 3247/3969/3519 3244/3964/3514
f 3248/3968/3518 3245/3967/3517 3250/3970/3520 3249/3971/3521
f 3161/3885/3435 3291/3888/3438 3251/3972/3522 3252/3973/3523
f 3213/3935/3485 3214/3934/3484 3250/3970/3520 3253/3974/3524
f 3246/3966/3516 3253/3974/3524 3250/3970/3520 3245/3967/3517
f 3214/3934/3484 3226/3947/3497 3249/3971/3521 3250/3970/3520
f 3256/3975/3525 3255/3976/3526 3254/3977/3527 3257/3978/3528
f 3255/3976/3526 3256/3975/3525 3259/3979/3529 3258/3980/3530
f 3257/3978/3528 3254/3977/3527 3260/3981/3531 3261/3982/3532
f 3241/3963/3513 3242/3962/3512 3258/3980/3530 3259/3979/3529
f 3263/3983/3533 3262/3984/3534 3265/3985/3535 3264/3986/3536
f 3267/3987/3537 3266/3988/3538 3263/3983/3533 3268/3989/3539
f 3271/3990/3540 3270/3991/3541 3269/3992/3542 3272/3993/3543
f 3252/3973/3523 3251/3972/3522 3273/3994/3544 3271/3995/3540
f 3276/3996/3545 3275/3997/3546 3185/3908/3458 3186/3911/3461
f 3185/3908/3458 3275/3997/3546 3277/3998/3547 3227/3948/3498
f 3278/3999/3548 3262/3984/3534 3263/3983/3533 3266/3988/3538
f 3277/3998/3547 3229/3951/3501 3230/3950/3500 3227/3948/3498
f 3210/3931/3481 3223/3944/3494 3279/4000/3549 3225/3945/3495
f 3215/3938/3488 3216/3937/3487 3233/3952/3502 3234/3955/3505
f 3207/4001/3550 3236/3956/3506 3233/3952/3502 3216/3937/3487
f 3281/4002/3551 3244/3964/3514 3280/4003/3552 3282/4004/3553
f 3261/3982/3532 3260/3981/3531 3283/4005/3554 3273/3994/3544
f 3270/4006/3541 3284/4007/3555 3219/4008/3492 3267/4009/3537
f 3203/3926/3476 3204/3925/3475 3181/3905/3455 3182/3904/3454
f 3262/3984/3534 3186/3911/3461 3187/3910/3460 3265/3985/3535
f 3278/3999/3548 3276/3996/3545 3186/3911/3461 3262/3984/3534
f 3271/3990/3540 3272/3993/3543 3201/3924/3474 3202/3927/3477
f 3285/4010/3556 3206/4011/3478 3184/4012/3456 3286/4013/3557
f 3286/4013/3557 3184/4012/3456 3181/4014/3455 3287/4015/3558
f 3181/4014/3455 3204/4016/3475 3288/4017/3559 3287/4015/3558
f 3204/4016/3475 3201/4018/3474 3289/4019/3560 3288/4017/3559
f 3230/3950/3500 3290/4020/3561 3228/3949/3499 3227/3948/3498
f 3205/4021/3562 3290/4020/3561 3221/3940/3490 3207/4022/3550
f 3187/3910/3460 3188/3909/3459 3286/4013/3557 3287/4015/3558
f 3286/4013/3557 3188/3909/3459 3228/3949/3499 3285/4010/3556
f 3264/3986/3536 3265/3985/3535 3288/4017/3559 3289/4019/3560
f 3288/4017/3559 3265/3985/3535 3187/3910/3460 3287/4015/3558
f 3289/4019/3560 3272/4023/3543 3268/3989/3539 3264/3986/3536
f 3285/4010/3556 3228/3949/3499 3290/4020/3561 3205/4021/3562
f 3290/4020/3561 3230/3950/3500 3220/3941/3491 3221/3940/3490
f 3267/3987/3537 3268/3989/3539 3272/4023/3543 3269/4024/3542
f 3221/3940/3490 3218/3939/3489 3236/4025/3506 3207/4022/3550
f 3218/3939/3489 3284/4026/3555 3235/4027/3507 3236/4025/3506
f 3153/3876/3428 3211/3930/3480 3212/3933/3483 3152/3877/3429
f 3165/3889/3439 3152/3877/3429 3212/3933/3483 3213/3935/3485
f 3165/3889/3439 3213/3935/3485 3253/3974/3524 3166/3891/3441
f 3166/3891/3441 3253/3974/3524 3246/3966/3516 3168/3893/3443
f 3168/3893/3443 3246/3966/3516 3243/3965/3515 3291/4028/3438
f 3291/4028/3438 3243/3965/3515 3281/4002/3551 3251/3972/3522
f 3251/3972/3522 3281/4002/3551 3282/4004/3553 3273/3994/3544
f 3273/3994/3544 3282/4004/3553 3280/4003/3552 3261/3982/3532
f 3261/3982/3532 3280/4003/3552 3247/3969/3519 3257/3978/3528
f 3257/3978/3528 3247/3969/3519 3248/3968/3518 3256/3975/3525
f 3256/3975/3525 3248/3968/3518 3249/3971/3521 3259/3979/3529
f 3259/3979/3529 3249/3971/3521 3226/3947/3497 3241/3963/3513
f 3241/3963/3513 3226/3947/3497 3224/3946/3496 3240/3961/3511
f 3240/3961/3511 3224/3946/3496 3225/3945/3495 3239/3958/3508
f 3239/3958/3508 3225/3945/3495 3279/4000/3549 3234/3955/3505
f 3234/3955/3505 3279/4000/3549 3223/3944/3494 3215/3938/3488
f 3215/3938/3488 3223/3944/3494 3222/3943/3493 3156/3880/3432
f 3156/3880/3432 3222/3943/3493 3211/3930/3480 3153/3876/3428
f 3158/4029/3434 3191/3912/3462 3192/3915/3465 3156/4030/3432
f 3156/4030/3432 3192/3915/3465 3189/3914/3464 3217/4031/3486
f 3217/4031/3486 3189/3914/3464 3194/3917/3467 3207/4032/3550
f 3207/4032/3550 3194/3917/3467 3193/3916/3466 3208/4033/3479
f 3208/4033/3479 3193/3916/3466 3180/3903/3453 3183/4034/3457
f 3180/3903/3453 3179/3902/3452 3182/4035/3454 3183/4034/3457
f 3200/3923/3473 3203/4036/3476 3182/4035/3454 3179/3902/3452
f 3203/4036/3476 3200/3923/3473 3199/3922/3472 3202/4037/3477
f 3202/4037/3477 3199/3922/3472 3292/4038/3563 3271/4039/3540
f 3271/4039/3540 3292/4038/3563 3293/4040/3564 3252/4041/3523
f 3252/4041/3523 3293/4040/3564 3294/4042/3565 3161/4043/3435
f 3172/4044/3566 3173/4045/3567 3197/3921/3471 3198/3920/3470
f 3160/4046/3445 3170/4047/3447 3177/3901/3451 3178/3900/3450
f 3160/4046/3445 3178/3900/3450 3191/3912/3462 3158/4029/3434
f 3179/3902/3452 3176/3898/3448 3195/3919/3469 3200/3923/3473
f 3199/3922/3472 3196/3918/3468 3293/4040/3564 3292/4038/3563
f 3176/3898/3448 3177/3901/3451 3198/3920/3470 3195/3919/3469
f 3177/3901/3451 3170/4047/3447 3172/4044/3566 3198/3920/3470
f 3170/3897/3447 3171/3896/3446 3174/4048/3568 3172/4049/3566
f 3293/4040/3564 3196/3918/3468 3197/3921/3471 3294/4042/3565
f 3294/4042/3565 3197/3921/3471 3173/4045/3567 3161/4043/3435
f 3161/4050/3435 3173/4051/3567 3174/4048/3568 3163/4052/3436
f 3232/4053/3503 3283/4054/3554 3260/4055/3531 3231/4056/3504
f 3235/4057/3507 3284/4007/3555 3270/4006/3541 3274/4058/3569
f 3232/4053/3503 3235/4057/3507 3274/4058/3569 3283/4054/3554
f 3283/4005/3554 3274/4059/3569 3271/3995/3540 3273/3994/3544
f 3278/4060/3548 3277/4061/3547 3275/4062/3546 3276/4063/3545
f 3237/4064/3510 3255/4065/3526 3258/4066/3530 3242/4067/3512
f 3238/4068/3509 3254/4069/3527 3255/4065/3526 3237/4064/3510
f 3238/4068/3509 3231/4056/3504 3260/4055/3531 3254/4069/3527
f 3277/4061/3547 3278/4060/3548 3266/4070/3538 3229/4071/3501
f 3229/4071/3501 3266/4070/3538 3267/4009/3537 3219/4008/3492
f 3157/3884/3431 3296/4072/3570 3295/4073/3571 3159/3881/3433
f 3171/3896/3446 3298/4074/3572 3297/4075/3573 3174/4048/3568
f 3174/4048/3568 3297/4075/3573 3299/4076/3574 3163/4052/3436
f 3159/3881/3433 3295/4073/3571 3298/4074/3572 3171/3896/3446
f 3158/3882/3434 3159/3881/3433 3160/3895/3445
f 3172/4049/3566 3174/4048/3568 3173/4051/3567
f 3205/4021/3562 3207/4022/3550 3206/4011/3478
f 3271/3990/3540 3274/4077/3569 3270/3991/3541
f 3207/4001/3550 3216/3937/3487 3217/3936/3486
f 3244/3964/3514 3247/3969/3519 3280/4003/3552
f 3284/4026/3555 3218/3939/3489 3219/3942/3492
f 3270/4006/3541 3267/4009/3537 3269/4078/3542
f 3281/4002/3551 3243/3965/3515 3244/3964/3514
f 3263/3983/3533 3264/3986/3536 3268/3989/3539
f 3285/4010/3556 3205/4021/3562 3206/4011/3478
f 3201/4018/3474 3272/4023/3543 3289/4019/3560
f 3206/3928/3478 3207/4079/3550 3208/3929/3479
s 43
f 3302/4080/3575 3303/4081/3576 3300/4082/3577 3301/4083/3575
f 3306/4084/3578 3307/4085/3579 3304/4086/3580 3305/4087/3581
f 3310/4088/3582 3311/4089/3583 3308/4090/3584 3309/4091/3585
f 3313/4092/3586 3390/4093/3587 3400/4094/3588 3312/4095/3589
f 3317/4096/3590 3318/4097/3591 3315/4098/3592 3316/4099/3592
f 3319/4100/3593 3318/4097/3591 3317/4096/3590 3380/4101/3594
f 3322/4102/3595 3323/4103/3596 3320/4104/3597 3321/4105/3598
f 3326/4106/3599 3327/4107/3600 3324/4108/3601 3325/4109/3602
f 3328/4110/3603 3329/4111/3604 3311/4089/3583 3310/4088/3582
f 3396/4112/3605 3401/4113/3606 3389/4114/3607 3383/4115/3608
f 3333/4116/3609 3334/4117/3610 3310/4088/3582 3309/4091/3585
f 3337/4118/3611 3338/4119/3611 3335/4120/3612 3336/4121/3612
f 3309/4091/3585 3324/4108/3601 3327/4107/3600 3333/4116/3609
f 3327/4107/3600 3326/4106/3599 3339/4122/3613 3340/4123/3614
f 3326/4106/3599 3325/4109/3602 3341/4124/3615 3342/4125/3616
f 3322/4102/3595 3321/4105/3598 3343/4126/3617 3344/4127/3618
f 3347/4128/3619 3304/4086/3580 3345/4129/3620 3346/4130/3621
f 3304/4086/3580 3307/4085/3579 3348/4131/3622 3345/4129/3620
f 3350/4132/3623 3331/4133/3624 3330/4134/3625 3349/4135/3626
f 3310/4088/3582 3334/4117/3610 3363/4136/3627 3328/4110/3603
f 3352/4137/3628 3353/4138/3629 3307/4085/3579 3306/4084/3578
f 3307/4085/3579 3353/4138/3629 3354/4139/3630 3348/4131/3622
f 3355/4140/3631 3311/4089/3583 3329/4111/3604 3365/4141/3632
f 3311/4089/3583 3355/4140/3631 3356/4142/3633 3308/4090/3584
f 3358/4143/3634 3302/4080/3575 3301/4083/3575 3357/4144/3634
f 3357/4144/3634 3360/4145/3635 3359/4146/3635 3358/4143/3634
f 3312/4095/3589 3400/4094/3588 3401/4113/3606 3361/4147/3636
f 3316/4099/3592 3315/4098/3592 3336/4121/3612 3335/4120/3612
f 3331/4133/3624 3355/4140/3631 3365/4141/3632 3383/4115/3608
f 3355/4140/3631 3331/4133/3624 3350/4132/3623 3356/4142/3633
f 3366/4148/3637 3367/4149/3638 3391/4150/3639 3392/4151/3640
f 3368/4152/3641 3369/4153/3642 3343/4126/3617 3321/4105/3598
f 3334/4117/3610 3380/4101/3594 3364/4154/3643 3363/4136/3627
f 3373/4155/3644 3374/4156/3645 3371/4157/3646 3370/4158/3646
f 3391/4150/3639 3393/4159/3647 3372/4160/3648 3340/4123/3614
f 3372/4160/3648 3333/4116/3609 3327/4107/3600 3340/4123/3614
f 3372/4160/3648 3380/4101/3594 3334/4117/3610 3333/4116/3609
f 3341/4124/3615 3323/4103/3596 3322/4102/3595 3342/4125/3616
f 3344/4127/3618 3375/4161/3649 3342/4125/3616 3322/4102/3595
f 3326/4106/3599 3342/4125/3616 3375/4161/3649 3339/4122/3613
f 3300/4082/3577 3303/4081/3576 3353/4138/3629 3352/4137/3628
f 3374/4156/3645 3373/4155/3644 3346/4130/3621 3345/4129/3620
f 3371/4157/3646 3379/4162/3650 3376/4163/3650 3370/4158/3646
f 3351/4164/3651 3377/4165/3652 3305/4087/3581 3368/4152/3641
f 3305/4087/3581 3378/4166/3653 3369/4153/3642 3368/4152/3641
f 3393/4159/3647 3380/4101/3594 3372/4160/3648
f 3394/4167/3654 3395/4168/3655 3329/4111/3604 3328/4110/3603
f 3397/4169/3656 3394/4167/3654 3328/4110/3603 3363/4136/3627
f 3399/4170/3657 3396/4112/3605 3383/4115/3608 3365/4141/3632
f 3364/4154/3643 3398/4171/3658 3397/4169/3656 3363/4136/3627
f 3395/4168/3655 3399/4170/3657 3365/4141/3632 3329/4111/3604
f 3387/4172/3659 3499/4173/3660 3314/4174/3661 3388/4175/3662
f 3388/4175/3662 3314/4174/3661 3362/4176/3663 3389/4114/3607
f 3330/4134/3625 3331/4133/3624 3383/4115/3608 3362/4176/3663
f 3390/4093/3587 3387/4172/3659 3388/4175/3662 3400/4094/3588
f 3332/4177/3664 3361/4147/3636 3401/4113/3606 3396/4112/3605
f 3400/4094/3588 3388/4175/3662 3389/4114/3607 3401/4113/3606
f 3340/4123/3614 3339/4122/3613 3392/4151/3640 3391/4150/3639
f 3391/4150/3639 3367/4149/3638 3319/4100/3593 3393/4159/3647
f 3381/4178/3665 3382/4179/3666 3395/4168/3655 3394/4167/3654
f 3384/4180/3667 3381/4178/3665 3394/4167/3654 3397/4169/3656
f 3386/4181/3668 3332/4177/3664 3396/4112/3605 3399/4170/3657
f 3398/4171/3658 3385/4182/3669 3384/4180/3667 3397/4169/3656
f 3382/4179/3666 3386/4181/3668 3399/4170/3657 3395/4168/3655
f 3404/4183/3670 3403/4184/3670 3402/4185/3671 3405/4186/3672
f 3408/4187/3673 3407/4188/3674 3406/4189/3675 3409/4190/3676
f 3412/4191/3677 3411/4192/3678 3410/4193/3679 3413/4194/3680
f 3313/4092/3586 3414/4195/3681 3415/4196/3682 3390/4093/3587
f 3418/4197/3683 3417/4198/3684 3416/4199/3684 3419/4200/3685
f 3420/4201/3686 3421/4202/3687 3418/4197/3683 3419/4200/3685
f 3424/4203/3688 3423/4204/3689 3422/4205/3690 3425/4206/3691
f 3428/4207/3692 3427/4208/3693 3426/4209/3694 3429/4210/3695
f 3430/4211/3696 3412/4191/3677 3413/4194/3680 3431/4212/3697
f 3433/4213/3698 3432/4214/3699 3435/4215/3700 3434/4216/3701
f 3436/4217/3702 3411/4192/3678 3412/4191/3677 3437/4218/3703
f 3337/4118/3611 3439/4219/3704 3438/4220/3704 3338/4119/3611
f 3411/4192/3678 3436/4217/3702 3429/4210/3695 3426/4209/3694
f 3429/4210/3695 3441/4221/3705 3440/4222/3706 3428/4207/3692
f 3428/4207/3692 3443/4223/3707 3442/4224/3708 3427/4208/3693
f 3424/4203/3688 3445/4225/3709 3444/4226/3710 3423/4204/3689
f 3448/4227/3711 3447/4228/3712 3446/4229/3713 3406/4189/3675
f 3406/4189/3675 3446/4229/3713 3449/4230/3714 3409/4190/3676
f 3452/4231/3715 3451/4232/3716 3450/4233/3717 3453/4234/3718
f 3412/4191/3677 3430/4211/3696 3454/4235/3719 3437/4218/3703
f 3456/4236/3720 3408/4187/3673 3409/4190/3676 3457/4237/3721
f 3409/4190/3676 3449/4230/3714 3458/4238/3722 3457/4237/3721
f 3459/4239/3723 3460/4240/3724 3431/4212/3697 3413/4194/3680
f 3413/4194/3680 3410/4193/3679 3461/4241/3725 3459/4239/3723
f 3463/4242/3726 3462/4243/3726 3403/4184/3670 3404/4183/3670
f 3462/4243/3726 3463/4242/3726 3464/4244/3727 3465/4245/3727
f 3414/4195/3681 3466/4246/3728 3434/4216/3701 3415/4196/3682
f 3417/4198/3684 3438/4220/3704 3439/4219/3704 3416/4199/3684
f 3453/4234/3718 3432/4214/3699 3460/4240/3724 3459/4239/3723
f 3459/4239/3723 3461/4241/3725 3452/4231/3715 3453/4234/3718
f 3467/4247/3729 3470/4248/3730 3469/4249/3731 3468/4250/3732
f 3471/4251/3733 3423/4204/3689 3444/4226/3710 3472/4252/3734
f 3437/4218/3703 3454/4235/3719 3473/4253/3735 3421/4202/3687
f 3475/4254/3736 3474/4255/3737 3477/4256/3737 3476/4257/3738
f 3469/4249/3731 3441/4221/3705 3479/4258/3739 3478/4259/3740
f 3479/4258/3739 3441/4221/3705 3429/4210/3695 3436/4217/3702
f 3479/4258/3739 3436/4217/3702 3437/4218/3703 3421/4202/3687
f 3442/4224/3708 3443/4223/3707 3424/4203/3688 3425/4206/3691
f 3445/4225/3709 3424/4203/3688 3443/4223/3707 3480/4260/3741
f 3428/4207/3692 3440/4222/3706 3480/4260/3741 3443/4223/3707
f 3402/4185/3671 3456/4236/3720 3457/4237/3721 3405/4186/3672
f 3476/4257/3738 3446/4229/3713 3447/4228/3712 3475/4254/3736
f 3477/4256/3737 3474/4255/3737 3482/4261/3742 3481/4262/3742
f 3455/4263/3743 3471/4251/3733 3407/4188/3674 3483/4264/3744
f 3407/4188/3674 3471/4251/3733 3472/4252/3734 3484/4265/3745
f 3478/4259/3740 3421/4202/3687 3420/4201/3686
f 3485/4266/3746 3430/4211/3696 3431/4212/3697 3486/4267/3747
f 3487/4268/3748 3454/4235/3719 3430/4211/3696 3485/4266/3746
f 3489/4269/3749 3460/4240/3724 3432/4214/3699 3433/4213/3698
f 3473/4253/3735 3454/4235/3719 3487/4268/3748 3488/4270/3750
f 3486/4267/3747 3431/4212/3697 3460/4240/3724 3489/4269/3749
f 3387/4172/3659 3491/4271/3751 3490/4272/3752 3499/4173/3660
f 3491/4271/3751 3435/4215/3700 3492/4273/3753 3490/4272/3752
f 3432/4214/3699 3453/4234/3718 3450/4233/3717 3492/4273/3753
f 3390/4093/3587 3415/4196/3682 3491/4271/3751 3387/4172/3659
f 3493/4274/3754 3433/4213/3698 3434/4216/3701 3466/4246/3728
f 3415/4196/3682 3434/4216/3701 3435/4215/3700 3491/4271/3751
f 3441/4221/3705 3469/4249/3731 3470/4248/3730 3440/4222/3706
f 3469/4249/3731 3478/4259/3740 3420/4201/3686 3468/4250/3732
f 3494/4275/3755 3485/4266/3746 3486/4267/3747 3495/4276/3756
f 3496/4277/3757 3487/4268/3748 3485/4266/3746 3494/4275/3755
f 3498/4278/3758 3489/4269/3749 3433/4213/3698 3493/4274/3754
f 3488/4270/3750 3487/4268/3748 3496/4277/3757 3497/4279/3759
f 3495/4276/3756 3486/4267/3747 3489/4269/3749 3498/4278/3758
f 3471/4251/3733 3455/4263/3743 3422/4205/3690 3423/4204/3689
f 3318/4097/3591 3319/4100/3593 3367/4149/3638
f 3378/4166/3653 3305/4087/3581 3304/4086/3580
f 3353/4138/3629 3303/4081/3576 3354/4139/3630
f 3377/4165/3652 3306/4084/3578 3305/4087/3581
f 3306/4084/3578 3377/4165/3652 3352/4137/3628
f 3380/4101/3594 3398/4171/3658 3364/4154/3643
f 3389/4114/3607 3362/4176/3663 3383/4115/3608
f 3380/4101/3594 3385/4182/3669 3398/4171/3658
f 3368/4152/3641 3321/4105/3598 3320/4104/3597 3351/4164/3651
f 3419/4200/3685 3468/4250/3732 3420/4201/3686
f 3484/4265/3745 3406/4189/3675 3407/4188/3674
f 3457/4237/3721 3458/4238/3722 3405/4186/3672
f 3483/4264/3744 3407/4188/3674 3408/4187/3673
f 3408/4187/3673 3456/4236/3720 3483/4264/3744
f 3421/4202/3687 3473/4253/3735 3488/4270/3750
f 3435/4215/3700 3432/4214/3699 3492/4273/3753
f 3421/4202/3687 3488/4270/3750 3497/4279/3759
f 3393/4159/3647 3319/4100/3593 3380/4101/3594
f 3478/4259/3740 3479/4258/3739 3421/4202/3687
s 44
f 3595/4280/3760 3575/4281/3761 3735/4282/3762 3736/4283/3763
f 3737/4284/3764 3573/4285/3765 3574/4286/3766 3736/4283/3763
f 3502/4287/3767 3501/4288/3768 3500/4289/3769 3503/4290/3770
f 3503/4290/3770 3500/4289/3769 3504/4291/3771 3505/4292/3772
f 3507/4293/3773 3505/4292/3772 3506/4294/3774 3508/4295/3775
f 3511/4296/3776 3510/4297/3777 3509/4298/3778 3512/4299/3779
f 3512/4299/3779 3514/4300/3780 3513/4301/3781 3511/4296/3776
f 3510/4297/3777 3516/4302/3782 3515/4303/3783 3509/4298/3778
f 3507/4293/3773 3508/4295/3775 3517/4304/3784 3518/4305/3785
f 3513/4301/3781 3514/4300/3780 3518/4305/3785 3517/4304/3784
f 3520/4306/3786 3519/4307/3787 3515/4303/3783 3516/4302/3782
f 3502/4308/3767 3503/4309/3770 3521/4310/3788 3522/4311/3789
f 3505/4312/3772 3523/4313/3790 3521/4310/3788 3503/4309/3770
f 3526/4314/3791 3525/4315/3792 3524/4316/3793 3527/4317/3794
f 3523/4313/3790 3505/4312/3772 3507/4318/3773 3528/4319/3795
f 3529/4320/3796 3519/4321/3787 3526/4314/3791 3527/4317/3794
f 3525/4315/3792 3502/4308/3767 3522/4311/3789 3524/4316/3793
f 3530/4322/3797 3512/4323/3779 3509/4324/3778 3531/4325/3798
f 3514/4326/3780 3512/4323/3779 3530/4322/3797 3532/4327/3799
f 3533/4328/3800 3509/4324/3778 3515/4329/3783 3534/4330/3801
f 3507/4318/3773 3518/4331/3785 3535/4332/3802 3528/4319/3795
f 3518/4331/3785 3514/4333/3780 3532/4334/3799 3535/4332/3802
f 3519/4321/3787 3529/4320/3796 3534/4330/3801 3515/4329/3783
f 3521/4310/3788 3537/4335/3803 3536/4336/3804 3522/4311/3789
f 3538/4337/3805 3537/4335/3803 3521/4310/3788 3523/4313/3790
f 3540/4338/3806 3539/4339/3807 3527/4317/3794 3524/4316/3793
f 3543/4340/3808 3542/4341/3809 3541/4342/3810 3528/4319/3795
f 3529/4320/3796 3527/4317/3794 3539/4339/3807 3544/4343/3811
f 3536/4336/3804 3540/4338/3806 3524/4316/3793 3522/4311/3789
f 3547/4344/3812 3546/4345/3813 3545/4346/3814 3548/4347/3815
f 3543/4340/3808 3550/4348/3816 3549/4349/3817 3551/4350/3818
f 3553/4351/3819 3552/4352/3820 3549/4349/3817 3550/4348/3816
f 3556/4353/3821 3555/4354/3822 3554/4355/3823 3557/4356/3824
f 3542/4341/3809 3543/4340/3808 3551/4350/3818 3558/4357/3825
f 3561/4358/3826 3560/4359/3827 3559/4360/3828 3562/4361/3829
f 3565/4362/3830 3564/4363/3831 3563/4364/3832 3566/4365/3833
f 3569/4366/3834 3568/4367/3835 3567/4368/3836 3570/4369/3837
f 3573/4285/3765 3572/4370/3838 3571/4371/3839 3574/4286/3766
f 3576/4372/3840 3555/4354/3822 3575/4281/3761 3577/4373/3841
f 3580/4374/3842 3579/4375/3843 3578/4376/3844 3581/4377/3845
f 3579/4375/3843 3546/4345/3813 3582/4378/3846 3583/4379/3847
f 3546/4345/3813 3547/4344/3812 3584/4380/3848 3585/4381/3849
f 3579/4375/3843 3587/4382/3850 3586/4383/3851 3578/4376/3844
f 3546/4345/3813 3589/4384/3852 3588/4385/3853 3582/4378/3846
f 3583/4386/3847 3590/4387/3854 3587/4388/3850 3579/4389/3843
f 3547/4344/3812 3592/4390/3855 3591/4391/3856 3584/4380/3848
f 3585/4392/3849 3593/4393/3857 3589/4394/3852 3546/4395/3813
f 3555/4354/3822 3576/4372/3840 3594/4396/3858 3554/4355/3823
f 3597/4397/3859 3596/4398/3860 3595/4280/3760 3592/4399/3855
f 3586/4400/3851 3587/4388/3850 3566/4365/3833 3563/4364/3832
f 3565/4362/3830 3599/4401/3861 3598/4402/3862 3564/4363/3831
f 3580/4374/3842 3581/4377/3845 3598/4403/3862 3600/4404/3863
f 3588/4405/3853 3589/4394/3852 3570/4369/3837 3567/4368/3836
f 3569/4366/3834 3587/4388/3850 3590/4387/3854 3568/4367/3835
f 3591/4406/3856 3592/4399/3855 3574/4286/3766 3571/4371/3839
f 3573/4285/3765 3589/4394/3852 3593/4393/3857 3572/4370/3838
f 3575/4281/3761 3595/4280/3760 3596/4398/3860 3577/4373/3841
f 3601/4407/3864 3547/4344/3812 3554/4355/3823 3594/4396/3858
f 3547/4408/3812 3601/4409/3864 3597/4397/3859 3592/4399/3855
f 3602/4410/3865 3551/4350/3818 3549/4349/3817 3603/4411/3866
f 3604/4412/3867 3558/4357/3825 3551/4350/3818 3602/4410/3865
f 3606/4413/3868 3605/4414/3869 3561/4358/3826 3562/4361/3829
f 3603/4411/3866 3608/4415/3870 3607/4416/3871 3602/4410/3865
f 3610/4417/3872 3609/4418/3873 3608/4415/3870 3603/4411/3866
f 3602/4410/3865 3607/4416/3871 3611/4419/3874 3604/4412/3867
f 3613/4420/3875 3612/4421/3876 3605/4414/3869 3606/4413/3868
f 3554/4355/3823 3547/4344/3812 3548/4347/3815 3557/4356/3824
f 3546/4345/3813 3579/4375/3843 3614/4422/3877 3545/4346/3814
f 3544/4343/3811 3615/4423/3878 3534/4330/3801 3529/4320/3796
f 3534/4330/3801 3615/4423/3878 3616/4424/3879 3533/4328/3800
f 3544/4343/3811 3556/4353/3821 3557/4356/3824 3615/4423/3878
f 3615/4423/3878 3557/4356/3824 3548/4347/3815 3616/4424/3879
f 3530/4322/3797 3531/4325/3798 3617/4425/3880 3618/4426/3881
f 3616/4424/3879 3617/4425/3880 3531/4325/3798 3533/4328/3800
f 3544/4343/3811 3539/4339/3807 3619/4427/3882 3556/4353/3821
f 3558/4357/3825 3604/4412/3867 3606/4428/3868 3562/4429/3829
f 3604/4412/3867 3611/4419/3874 3613/4430/3875 3606/4428/3868
f 3563/4364/3832 3564/4363/3831 3620/4431/3883 3621/4432/3884
f 3621/4432/3884 3623/4433/3885 3622/4434/3886 3624/4435/3887
f 3622/4436/3886 3626/4437/3888 3625/4438/3889 3624/4439/3887
f 3628/4440/3890 3627/4441/3891 3625/4438/3889 3626/4437/3888
f 3630/4442/3892 3629/4443/3893 3627/4441/3891 3628/4440/3890
f 3629/4444/3893 3630/4445/3892 3631/4446/3894 3620/4431/3883
f 3568/4367/3835 3633/4447/3895 3632/4448/3896 3567/4368/3836
f 3567/4368/3836 3632/4448/3896 3634/4449/3897 3588/4405/3853
f 3637/4450/3898 3636/4451/3899 3635/4452/3900 3634/4453/3897
f 3636/4451/3899 3639/4454/3901 3638/4455/3902 3635/4452/3900
f 3641/4456/3903 3640/4457/3904 3638/4458/3902 3639/4459/3901
f 3641/4456/3903 3642/4460/3905 3633/4447/3895 3640/4457/3904
f 3572/4370/3838 3644/4461/3906 3643/4462/3907 3571/4371/3839
f 3643/4462/3907 3646/4463/3908 3645/4464/3909 3647/4465/3910
f 3645/4466/3909 3649/4467/3911 3648/4468/3912 3647/4469/3910
f 3649/4467/3911 3651/4470/3913 3650/4471/3914 3648/4468/3912
f 3653/4472/3915 3652/4473/3916 3650/4474/3914 3651/4475/3913
f 3653/4472/3915 3654/4476/3917 3644/4461/3906 3652/4473/3916
f 3577/4373/3841 3656/4477/3918 3655/4478/3919 3576/4372/3840
f 3655/4478/3919 3658/4479/3920 3657/4480/3921 3659/4481/3922
f 3661/4482/3923 3660/4483/3924 3659/4481/3922 3657/4480/3921
f 3661/4484/3923 3663/4485/3925 3662/4486/3926 3660/4487/3924
f 3663/4485/3925 3665/4488/3927 3664/4489/3928 3662/4486/3926
f 3577/4373/3841 3596/4398/3860 3664/4489/3928 3656/4477/3918
f 3523/4313/3790 3528/4319/3795 3541/4342/3810 3538/4337/3805
f 3558/4357/3825 3562/4429/3829 3600/4490/3863 3599/4401/3861
f 3561/4358/3826 3552/4491/3820 3553/4492/3819 3560/4359/3827
f 3619/4427/3882 3575/4281/3761 3555/4354/3822 3556/4353/3821
f 3599/4401/3861 3565/4362/3830 3666/4493/3929 3541/4342/3810
f 3541/4342/3810 3542/4341/3809 3558/4357/3825 3599/4401/3861
f 3603/4411/3866 3549/4349/3817 3552/4352/3820 3610/4417/3872
f 3560/4359/3827 3553/4492/3819 3532/4327/3799 3530/4322/3797
f 3532/4334/3799 3553/4351/3819 3550/4348/3816 3535/4332/3802
f 3550/4348/3816 3543/4340/3808 3528/4319/3795 3535/4332/3802
f 3600/4404/3863 3562/4361/3829 3559/4360/3828 3667/4494/3930
f 3561/4358/3826 3605/4414/3869 3610/4495/3872 3552/4491/3820
f 3610/4495/3872 3605/4414/3869 3612/4421/3876 3609/4496/3873
f 3559/4360/3828 3560/4359/3827 3530/4322/3797 3618/4426/3881
f 3618/4426/3881 3617/4425/3880 3545/4346/3814 3614/4422/3877
f 3617/4425/3880 3616/4424/3879 3548/4347/3815 3545/4346/3814
f 3520/4306/3786 3501/4497/3768 3525/4498/3792 3526/4499/3791
f 3658/4479/3920 3655/4478/3919 3656/4477/3918 3668/4500/3931
f 3576/4372/3840 3655/4478/3919 3659/4481/3922 3594/4396/3858
f 3594/4396/3858 3659/4481/3922 3660/4483/3924 3601/4407/3864
f 3660/4487/3924 3662/4486/3926 3597/4397/3859 3601/4409/3864
f 3597/4397/3859 3662/4486/3926 3664/4489/3928 3596/4398/3860
f 3656/4477/3918 3664/4489/3928 3665/4488/3927 3668/4500/3931
f 3643/4462/3907 3644/4461/3906 3654/4476/3917 3646/4463/3908
f 3643/4462/3907 3647/4465/3910 3591/4406/3856 3571/4371/3839
f 3647/4469/3910 3648/4468/3912 3584/4380/3848 3591/4391/3856
f 3584/4380/3848 3648/4468/3912 3650/4471/3914 3585/4381/3849
f 3585/4392/3849 3650/4474/3914 3652/4473/3916 3593/4393/3857
f 3593/4393/3857 3652/4473/3916 3644/4461/3906 3572/4370/3838
f 3669/4501/3932 3632/4448/3896 3633/4447/3895 3642/4460/3905
f 3637/4502/3898 3634/4449/3897 3632/4448/3896 3669/4501/3932
f 3634/4453/3897 3635/4452/3900 3582/4378/3846 3588/4385/3853
f 3582/4378/3846 3635/4452/3900 3638/4455/3902 3583/4379/3847
f 3583/4386/3847 3638/4458/3902 3640/4457/3904 3590/4387/3854
f 3640/4457/3904 3633/4447/3895 3568/4367/3835 3590/4387/3854
f 3621/4432/3884 3620/4431/3883 3631/4446/3894 3623/4433/3885
f 3563/4364/3832 3621/4432/3884 3624/4435/3887 3586/4400/3851
f 3624/4439/3887 3625/4438/3889 3578/4376/3844 3586/4383/3851
f 3578/4376/3844 3625/4438/3889 3627/4441/3891 3581/4377/3845
f 3581/4377/3845 3627/4441/3891 3629/4443/3893 3598/4403/3862
f 3598/4402/3862 3629/4444/3893 3620/4431/3883 3564/4363/3831
f 3580/4374/3842 3667/4494/3930 3614/4422/3877 3579/4375/3843
f 3672/4503/3933 3671/4504/3934 3670/4505/3935 3673/4506/3936
f 3672/4503/3933 3673/4506/3936 3674/4507/3937 3675/4508/3938
f 3678/4509/3939 3677/4510/3940 3676/4511/3941 3679/4512/3942
f 3675/4508/3938 3674/4507/3937 3680/4513/3943 3681/4514/3944
f 3677/4510/3940 3683/4515/3945 3682/4516/3946 3676/4511/3941
f 3671/4504/3934 3678/4517/3939 3679/4518/3942 3670/4505/3935
f 3686/4519/3947 3685/4520/3948 3684/4521/3949 3687/4522/3950
f 3690/4523/3951 3689/4524/3952 3688/4525/3953 3691/4526/3954
f 3687/4522/3950 3693/4527/3955 3692/4528/3956 3686/4519/3947
f 3681/4514/3944 3680/4513/3943 3694/4529/3957 3695/4530/3958
f 3685/4520/3948 3690/4523/3951 3691/4526/3954 3684/4521/3949
f 3695/4530/3958 3694/4529/3957 3688/4525/3953 3689/4524/3952
f 3683/4515/3945 3692/4528/3956 3693/4527/3955 3682/4516/3946
f 3672/4503/3933 3697/4531/3959 3696/4532/3960 3671/4504/3934
f 3675/4508/3938 3698/4533/3961 3697/4531/3959 3672/4503/3933
f 3678/4509/3939 3700/4534/3962 3699/4535/3963 3677/4510/3940
f 3677/4510/3940 3699/4535/3963 3701/4536/3964 3683/4515/3945
f 3671/4504/3934 3696/4532/3960 3700/4537/3962 3678/4517/3939
f 3686/4519/3947 3703/4538/3965 3702/4539/3966 3685/4520/3948
f 3690/4523/3951 3705/4540/3967 3704/4541/3968 3689/4524/3952
f 3703/4538/3965 3686/4519/3947 3692/4528/3956 3706/4542/3969
f 3695/4530/3958 3708/4543/3970 3707/4544/3971 3681/4514/3944
f 3685/4520/3948 3702/4539/3966 3705/4540/3967 3690/4523/3951
f 3683/4515/3945 3701/4536/3964 3706/4542/3969 3692/4528/3956
f 3709/4545/3972 3696/4532/3960 3697/4531/3959 3710/4546/3973
f 3710/4546/3973 3712/4547/3974 3711/4548/3975
f 3713/4549/3976 3714/4550/3977 3699/4535/3963 3700/4534/3962
f 3699/4535/3963 3715/4551/3978 3701/4536/3964
f 3696/4532/3960 3709/4545/3972 3716/4552/3979 3713/4553/3976
f 3717/4554/3980 3718/4555/3981 3702/4539/3966 3703/4538/3965
f 3705/4540/3967 3719/4556/3982 3720/4557/3983 3704/4541/3968
f 3706/4542/3969 3721/4558/3984 3717/4554/3980 3703/4538/3965
f 3722/4559/3985 3723/4560/3986 3707/4544/3971 3708/4543/3970
f 3718/4555/3981 3719/4556/3982 3705/4540/3967 3702/4539/3966
f 3701/4536/3964 3715/4551/3978 3721/4558/3984 3706/4542/3969
f 3504/4291/3771 3500/4289/3769 3709/4545/3972 3710/4546/3973
f 3506/4294/3774 3504/4291/3771 3724/4561/3987
f 3506/4294/3774 3724/4561/3987 3725/4562/3988 3508/4295/3775
f 3709/4545/3972 3500/4289/3769 3501/4288/3768 3716/4552/3979
f 3727/4563/3989 3726/4564/3990 3729/4565/3991 3728/4566/3992
f 3730/4567/3993 3733/4568/3994 3732/4569/3995 3731/4570/3996
f 3505/4292/3772 3504/4291/3771 3506/4294/3774
f 3519/4307/3787 3520/4306/3786 3526/4499/3791
f 3599/4401/3861 3600/4490/3863 3598/4402/3862
f 3734/4571/3997 3607/4416/3871 3608/4415/3870
f 3734/4571/3997 3608/4415/3870 3609/4418/3873
f 3734/4571/3997 3611/4419/3874 3607/4416/3871
f 3613/4420/3875 3734/4572/3997 3612/4421/3876
f 3667/4494/3930 3580/4374/3842 3600/4404/3863
f 3539/4339/3807 3735/4282/3762 3619/4427/3882
f 3566/4365/3833 3569/4366/3834 3745/4573/3998 3744/4574/3999
f 3734/4571/3997 3613/4430/3875 3611/4419/3874
f 3738/4575/4000 3623/4433/3885 3631/4446/3894
f 3738/4575/4000 3622/4434/3886 3623/4433/3885
f 3738/4576/4000 3626/4437/3888 3622/4436/3886
f 3738/4576/4000 3628/4440/3890 3626/4437/3888
f 3738/4576/4000 3630/4442/3892 3628/4440/3890
f 3738/4575/4000 3631/4446/3894 3630/4445/3892
f 3739/4577/4001 3669/4501/3932 3642/4460/3905
f 3739/4577/4001 3637/4502/3898 3669/4501/3932
f 3739/4578/4001 3636/4451/3899 3637/4450/3898
f 3739/4578/4001 3639/4454/3901 3636/4451/3899
f 3739/4577/4001 3641/4456/3903 3639/4459/3901
f 3739/4577/4001 3642/4460/3905 3641/4456/3903
f 3740/4579/4002 3646/4463/3908 3654/4476/3917
f 3740/4579/4002 3645/4464/3909 3646/4463/3908
f 3740/4580/4002 3649/4467/3911 3645/4466/3909
f 3740/4580/4002 3651/4470/3913 3649/4467/3911
f 3740/4579/4002 3653/4472/3915 3651/4475/3913
f 3740/4579/4002 3654/4476/3917 3653/4472/3915
f 3741/4581/4003 3658/4479/3920 3668/4500/3931
f 3658/4479/3920 3741/4581/4003 3657/4480/3921
f 3741/4581/4003 3661/4482/3923 3657/4480/3921
f 3741/4581/4003 3663/4485/3925 3661/4484/3923
f 3741/4581/4003 3665/4488/3927 3663/4485/3925
f 3741/4581/4003 3668/4500/3931 3665/4488/3927
f 3569/4366/3834 3570/4369/3837 3742/4582/4004 3745/4573/3998
f 3619/4427/3882 3735/4282/3762 3575/4281/3761
f 3736/4283/3763 3735/4282/3762 3540/4338/3806
f 3570/4369/3837 3573/4285/3765 3743/4583/4005 3742/4582/4004
f 3538/4337/3805 3744/4574/3999 3537/4335/3803
f 3743/4583/4005 3573/4285/3765 3737/4284/3764
f 3734/4572/3997 3609/4496/3873 3612/4421/3876
f 3618/4426/3881 3667/4494/3930 3559/4360/3828
f 3509/4324/3778 3533/4328/3800 3531/4325/3798
f 3525/4498/3792 3501/4497/3768 3502/4584/3767
f 3574/4286/3766 3595/4280/3760 3736/4283/3763
f 3595/4280/3760 3574/4286/3766 3592/4399/3855
f 3573/4285/3765 3570/4369/3837 3589/4394/3852
f 3569/4366/3834 3566/4365/3833 3587/4388/3850
f 3614/4422/3877 3667/4494/3930 3618/4426/3881
f 3737/4284/3764 3536/4336/3804 3743/4583/4005
f 3536/4336/3804 3742/4582/4004 3743/4583/4005
f 3537/4335/3803 3744/4574/3999 3745/4573/3998
f 3744/4574/3999 3538/4337/3805 3666/4493/3929
f 3538/4337/3805 3541/4342/3810 3666/4493/3929
f 3540/4338/3806 3735/4282/3762 3539/4339/3807
f 3565/4362/3830 3744/4574/3999 3666/4493/3929
f 3744/4574/3999 3565/4362/3830 3566/4365/3833
f 3747/4585/4006 3746/4586/4007 3749/4587/4008 3748/4588/4009
f 3708/4543/3970 3704/4541/3968 3720/4557/3983 3722/4559/3985
f 3750/4589/4010 3753/4590/4011 3752/4591/4012 3751/4592/4013
f 3752/4591/4012 3753/4590/4011 3755/4593/4014 3754/4594/4015
f 3754/4594/4015 3755/4593/4014 3757/4595/4016 3756/4596/4017
f 3757/4595/4016 3759/4597/4018 3758/4598/4019 3756/4596/4017
f 3749/4587/4008 3761/4599/4020 3760/4600/4021 3748/4588/4009
f 3761/4599/4020 3763/4601/4022 3762/4602/4023 3760/4600/4021
f 3763/4601/4022 3765/4603/4024 3764/4604/4025 3762/4602/4023
f 3765/4603/4024 3767/4605/4026 3766/4606/4027 3764/4604/4025
f 3767/4605/4026 3769/4607/4028 3768/4608/4029 3766/4606/4027
f 3759/4597/4018 3771/4609/4030 3770/4610/4031 3758/4598/4019
f 3770/4610/4031 3771/4609/4030 3773/4611/4032 3772/4612/4033
f 3768/4608/4029 3769/4607/4028 3775/4613/4034 3774/4614/4035
f 3774/4614/4035 3775/4613/4034 3777/4615/4036 3776/4616/4037
f 3776/4616/4037 3777/4615/4036 3779/4617/4038 3778/4618/4039
f 3772/4612/4033 3773/4611/4032 3781/4619/4040 3780/4620/4041
f 3781/4619/4040 3714/4550/3977 3782/4621/4042 3780/4620/4041
f 3712/4547/3974 3750/4589/4010 3751/4592/4013 3711/4548/3975
f 3723/4560/3986 3698/4533/3961 3707/4544/3971
f 3750/4589/4010 3748/4588/4009 3760/4600/4021 3753/4590/4011
f 3753/4590/4011 3760/4600/4021 3762/4602/4023 3755/4593/4014
f 3755/4593/4014 3762/4602/4023 3764/4604/4025 3757/4595/4016
f 3757/4595/4016 3764/4604/4025 3766/4606/4027 3759/4597/4018
f 3759/4597/4018 3766/4606/4027 3768/4608/4029 3771/4609/4030
f 3773/4611/4032 3771/4609/4030 3768/4608/4029 3774/4614/4035
f 3773/4611/4032 3774/4614/4035 3776/4616/4037 3781/4619/4040
f 3781/4619/4040 3776/4616/4037 3778/4618/4039 3714/4550/3977
f 3714/4550/3977 3778/4618/4039 3779/4617/4038 3699/4535/3963
f 3699/4535/3963 3779/4617/4038 3777/4615/4036 3715/4551/3978
f 3715/4551/3978 3777/4615/4036 3775/4613/4034 3721/4558/3984
f 3721/4558/3984 3775/4613/4034 3769/4607/4028 3717/4554/3980
f 3717/4554/3980 3769/4607/4028 3767/4605/4026 3718/4555/3981
f 3718/4555/3981 3767/4605/4026 3765/4603/4024 3719/4556/3982
f 3719/4556/3982 3765/4603/4024 3763/4601/4022 3720/4557/3983
f 3720/4557/3983 3763/4601/4022 3761/4599/4020 3722/4559/3985
f 3722/4559/3985 3761/4599/4020 3749/4587/4008 3723/4560/3986
f 3723/4560/3986 3749/4587/4008 3746/4586/4007 3698/4533/3961
f 3698/4533/3961 3746/4586/4007 3747/4585/4006 3712/4547/3974
f 3712/4547/3974 3747/4585/4006 3748/4588/4009 3750/4589/4010
f 3712/4547/3974 3710/4546/3973 3697/4531/3959 3698/4533/3961
f 3783/4622/4043 3732/4569/3995 3733/4568/3994 3784/4623/4044
f 3508/4295/3775 3725/4562/3988 3785/4624/4045 3517/4304/3784
f 3517/4304/3784 3785/4624/4045 3786/4625/4046 3513/4301/3781
f 3786/4625/4046 3787/4626/4047 3513/4301/3781
f 3787/4626/4047 3788/4627/4048 3511/4296/3776 3513/4301/3781
f 3511/4296/3776 3788/4627/4048 3789/4628/4049 3510/4297/3777
f 3784/4623/4044 3791/4629/4050 3790/4630/4051 3783/4622/4043
f 3724/4561/3987 3504/4291/3771 3710/4546/3973 3711/4548/3975
f 3730/4567/3993 3731/4570/3996 3793/4631/4052 3792/4632/4053
f 3792/4632/4053 3793/4631/4052 3728/4566/3992 3729/4565/3991
f 3726/4564/3990 3727/4563/3989 3795/4633/4054 3794/4634/4055
f 3795/4633/4054 3797/4635/4056 3796/4636/4057 3794/4634/4055
f 3510/4297/3777 3789/4628/4049 3798/4637/4058 3516/4302/3782
f 3798/4637/4058 3799/4638/4059 3520/4306/3786 3516/4302/3782
f 3797/4635/4056 3801/4639/4060 3800/4640/4061 3796/4636/4057
f 3520/4306/3786 3799/4638/4059 3802/4641/4062 3501/4497/3768
f 3802/4641/4062 3716/4642/3979 3501/4497/3768
f 3770/4610/4031 3727/4563/3989 3728/4566/3992 3758/4598/4019
f 3758/4598/4019 3728/4566/3992 3793/4631/4052 3756/4596/4017
f 3756/4596/4017 3793/4631/4052 3731/4570/3996 3754/4594/4015
f 3754/4594/4015 3731/4570/3996 3732/4569/3995 3752/4591/4012
f 3752/4591/4012 3732/4569/3995 3783/4622/4043 3751/4592/4013
f 3751/4592/4013 3783/4622/4043 3790/4630/4051 3711/4548/3975
f 3711/4548/3975 3790/4630/4051 3791/4629/4050 3724/4561/3987
f 3724/4561/3987 3791/4629/4050 3784/4623/4044 3725/4562/3988
f 3725/4562/3988 3784/4623/4044 3733/4568/3994 3785/4624/4045
f 3785/4624/4045 3733/4568/3994 3730/4567/3993 3786/4625/4046
f 3786/4625/4046 3730/4567/3993 3792/4632/4053 3787/4626/4047
f 3787/4626/4047 3792/4632/4053 3729/4565/3991 3788/4627/4048
f 3788/4627/4048 3729/4565/3991 3726/4564/3990 3789/4628/4049
f 3789/4628/4049 3726/4564/3990 3794/4634/4055 3798/4637/4058
f 3798/4637/4058 3794/4634/4055 3796/4636/4057 3799/4638/4059
f 3799/4638/4059 3796/4636/4057 3800/4640/4061 3802/4641/4062
f 3802/4641/4062 3800/4640/4061 3801/4639/4060 3782/4621/4042
f 3782/4621/4042 3801/4639/4060 3797/4635/4056 3780/4620/4041
f 3780/4620/4041 3797/4635/4056 3795/4633/4054 3772/4612/4033
f 3772/4612/4033 3795/4633/4054 3727/4563/3989 3770/4610/4031
f 3782/4621/4042 3713/4549/3976 3716/4642/3979 3802/4641/4062
f 3713/4549/3976 3782/4621/4042 3714/4550/3977
f 3536/4336/3804 3737/4284/3764 3736/4283/3763 3540/4338/3806
f 3537/4335/3803 3745/4573/3998 3742/4582/4004 3536/4336/3804
f 3698/4533/3961 3675/4508/3938 3681/4514/3944 3707/4544/3971
f 3713/4553/3976 3700/4537/3962 3696/4532/3960
f 3704/4541/3968 3708/4543/3970 3695/4530/3958 3689/4524/3952
s 45
f 4121/4643/4063 4120/4644/4064 4106/4645/4065 4107/4646/4066
f 4122/4647/4067 4121/4643/4063 4107/4646/4066 4108/4648/4068
f 4124/4649/4069 4123/4650/4070 4109/4651/4071 4110/4652/4072
f 4125/4653/4073 4122/4647/4067 4108/4648/4068 4111/4654/4074
f 4123/4650/4070 4133/4655/4075 4119/4656/4076 4109/4651/4071
f 4120/4644/4064 4124/4649/4069 4110/4652/4072 4106/4645/4065
f 4126/4657/4077 4127/4658/4078 4113/4659/4079 4112/4660/4080
f 4130/4661/4081 4128/4662/4082 4114/4663/4083 4116/4664/4084
f 4129/4665/4085 4126/4657/4077 4112/4660/4080 4115/4666/4086
f 4131/4667/4087 4125/4653/4073 4111/4654/4074 4117/4668/4088
f 4127/4669/4078 4130/4661/4081 4116/4664/4084 4113/4670/4079
f 4128/4662/4082 4131/4667/4087 4117/4668/4088 4114/4663/4083
f 4133/4655/4075 4132/4671/4089 4118/4672/4090 4119/4656/4076
f 4132/4671/4089 4129/4665/4085 4115/4666/4086 4118/4672/4090
f 4107/4646/4066 4106/4645/4065 4134/4673/4091 4135/4674/4092
f 4108/4648/4068 4107/4646/4066 4135/4674/4092 4136/4675/4093
f 4110/4652/4072 4109/4651/4071 4137/4676/4094 4138/4677/4095
f 4111/4654/4074 4108/4648/4068 4136/4675/4093 4139/4678/4096
f 4109/4651/4071 4119/4656/4076 4147/4679/4097 4137/4676/4094
f 4106/4645/4065 4110/4652/4072 4138/4677/4095 4134/4673/4091
f 4112/4660/4080 4113/4659/4079 4141/4680/4098 4140/4681/4099
f 4116/4664/4084 4114/4663/4083 4142/4682/4100 4144/4683/4101
f 4115/4666/4086 4112/4660/4080 4140/4681/4099 4143/4684/4102
f 4117/4668/4088 4111/4654/4074 4139/4678/4096 4145/4685/4103
f 4113/4670/4079 4116/4664/4084 4144/4683/4101 4141/4686/4098
f 4114/4663/4083 4117/4668/4088 4145/4685/4103 4142/4682/4100
f 4119/4656/4076 4118/4672/4090 4146/4687/4104 4147/4679/4097
f 4118/4672/4090 4115/4666/4086 4143/4684/4102 4146/4687/4104
f 4120/4644/4064 4121/4643/4063 4149/4688/4105 4148/4689/4106
f 4123/4650/4070 4124/4649/4069 4152/4690/4107 4151/4691/4108
f 4122/4647/4067 4125/4653/4073 4153/4692/4109 4150/4693/4110
f 4133/4655/4075 4123/4650/4070 4151/4691/4108 4161/4694/4111
f 4127/4658/4078 4126/4657/4077 4154/4695/4112 4155/4696/4113
f 4128/4662/4082 4130/4661/4081 4158/4697/4114 4156/4698/4115
f 4125/4653/4073 4131/4667/4087 4159/4699/4116 4153/4692/4109
f 4130/4661/4081 4127/4669/4078 4155/4700/4113 4158/4697/4114
f 4131/4667/4087 4128/4662/4082 4156/4698/4115 4159/4699/4116
f 4132/4671/4089 4133/4655/4075 4161/4694/4111 4160/4701/4117
f 4129/4665/4085 4132/4671/4089 4160/4701/4117 4157/4702/4118
f 4121/4643/4063 4122/4647/4067 4150/4693/4110 4149/4688/4105
f 4124/4649/4069 4120/4644/4064 4148/4689/4106 4152/4690/4107
f 4126/4657/4077 4129/4665/4085 4157/4702/4118 4154/4695/4112
f 4135/4674/4092 4134/4673/4091 4162/4703/4119 4163/4704/4120
f 4136/4675/4093 4135/4674/4092 4163/4704/4120 4164/4705/4121
f 4138/4677/4095 4137/4676/4094 4165/4706/4122 4166/4707/4123
f 4139/4678/4096 4136/4675/4093 4164/4705/4121 4167/4708/4124
f 4137/4676/4094 4147/4679/4097 4175/4709/4125 4165/4706/4122
f 4134/4673/4091 4138/4677/4095 4166/4707/4123 4162/4703/4119
f 4140/4681/4099 4141/4680/4098 4169/4710/4126 4168/4711/4127
f 4144/4683/4101 4142/4682/4100 4170/4712/4128 4172/4713/4129
f 4143/4684/4102 4140/4681/4099 4168/4711/4127 4171/4714/4130
f 4145/4685/4103 4139/4678/4096 4167/4708/4124 4173/4715/4131
f 4141/4686/4098 4144/4683/4101 4172/4713/4129 4169/4716/4126
f 4142/4682/4100 4145/4685/4103 4173/4715/4131 4170/4712/4128
f 4147/4679/4097 4146/4687/4104 4174/4717/4132 4175/4709/4125
f 4146/4687/4104 4143/4684/4102 4171/4714/4130 4174/4717/4132
s 46
f 4178/4718/4133 4177/4719/4134 4176/4720/4135 4179/4721/4136
f 4181/4722/4137 4180/4723/4138 4177/4719/4134 4178/4718/4133
f 4184/4724/4139 4183/4725/4140 4182/4726/4141 4185/4727/4142
f 4187/4728/4143 4186/4729/4144 4180/4723/4138 4181/4722/4137
f 4185/4727/4142 4182/4726/4141 4188/4730/4145 4189/4731/4146
f 4179/4721/4136 4176/4720/4135 4183/4725/4140 4184/4724/4139
f 4192/4732/4147 4191/4733/4148 4190/4734/4149 4193/4735/4150
f 4196/4736/4151 4195/4737/4152 4194/4738/4153 4197/4739/4154
f 4199/4740/4155 4198/4741/4156 4191/4733/4148 4192/4732/4147
f 4201/4742/4157 4200/4743/4158 4186/4729/4144 4187/4728/4143
f 4193/4744/4150 4190/4745/4149 4195/4737/4152 4196/4736/4151
f 4197/4739/4154 4194/4738/4153 4200/4743/4158 4201/4742/4157
f 4189/4731/4146 4188/4730/4145 4202/4746/4159 4203/4747/4160
f 4203/4747/4160 4202/4746/4159 4198/4741/4156 4199/4740/4155
f 4177/4719/4134 4205/4748/4161 4204/4749/4162 4176/4720/4135
f 4180/4723/4138 4206/4750/4163 4205/4748/4161 4177/4719/4134
f 4183/4725/4140 4208/4751/4164 4207/4752/4165 4182/4726/4141
f 4186/4729/4144 4209/4753/4166 4206/4750/4163 4180/4723/4138
f 4182/4726/4141 4207/4752/4165 4210/4754/4167 4188/4730/4145
f 4176/4720/4135 4204/4749/4162 4208/4751/4164 4183/4725/4140
f 4191/4733/4148 4212/4755/4168 4211/4756/4169 4190/4734/4149
f 4195/4737/4152 4214/4757/4170 4213/4758/4171 4194/4738/4153
f 4198/4741/4156 4215/4759/4172 4212/4755/4168 4191/4733/4148
f 4200/4743/4158 4216/4760/4173 4209/4753/4166 4186/4729/4144
f 4190/4745/4149 4211/4761/4169 4214/4757/4170 4195/4737/4152
f 4194/4738/4153 4213/4758/4171 4216/4760/4173 4200/4743/4158
f 4188/4730/4145 4210/4754/4167 4217/4762/4174 4202/4746/4159
f 4202/4746/4159 4217/4762/4174 4215/4759/4172 4198/4741/4156
f 4179/4721/4136 4219/4763/4175 4218/4764/4176 4178/4718/4133
f 4185/4727/4142 4221/4765/4177 4220/4766/4178 4184/4724/4139
f 4181/4722/4137 4223/4767/4179 4222/4768/4180 4187/4728/4143
f 4189/4731/4146 4224/4769/4181 4221/4765/4177 4185/4727/4142
f 4193/4735/4150 4226/4770/4182 4225/4771/4183 4192/4732/4147
f 4197/4739/4154 4228/4772/4184 4227/4773/4185 4196/4736/4151
f 4187/4728/4143 4222/4768/4180 4229/4774/4186 4201/4742/4157
f 4196/4736/4151 4227/4773/4185 4226/4775/4182 4193/4744/4150
f 4201/4742/4157 4229/4774/4186 4228/4772/4184 4197/4739/4154
f 4203/4747/4160 4230/4776/4187 4224/4769/4181 4189/4731/4146
f 4199/4740/4155 4231/4777/4188 4230/4776/4187 4203/4747/4160
f 4178/4718/4133 4218/4764/4176 4223/4767/4179 4181/4722/4137
f 4184/4724/4139 4220/4766/4178 4219/4763/4175 4179/4721/4136
f 4192/4732/4147 4225/4771/4183 4231/4777/4188 4199/4740/4155
f 4205/4748/4161 4233/4778/4189 4232/4779/4190 4204/4749/4162
f 4206/4750/4163 4234/4780/4191 4233/4778/4189 4205/4748/4161
f 4208/4751/4164 4236/4781/4192 4235/4782/4193 4207/4752/4165
f 4209/4753/4166 4237/4783/4194 4234/4780/4191 4206/4750/4163
f 4207/4752/4165 4235/4782/4193 4238/4784/4195 4210/4754/4167
f 4204/4749/4162 4232/4779/4190 4236/4781/4192 4208/4751/4164
f 4212/4755/4168 4240/4785/4196 4239/4786/4197 4211/4756/4169
f 4214/4757/4170 4242/4787/4198 4241/4788/4199 4213/4758/4171
f 4215/4759/4172 4243/4789/4200 4240/4785/4196 4212/4755/4168
f 4216/4760/4173 4244/4790/4201 4237/4783/4194 4209/4753/4166
f 4211/4761/4169 4239/4791/4197 4242/4787/4198 4214/4757/4170
f 4213/4758/4171 4241/4788/4199 4244/4790/4201 4216/4760/4173
f 4210/4754/4167 4238/4784/4195 4245/4792/4202 4217/4762/4174
f 4217/4762/4174 4245/4792/4202 4243/4789/4200 4215/4759/4172
usemtl A23DMAT_004
s 47
f 4581/4793/4203 4585/4794/4204 4599/4795/4205 4595/4796/4206
f 5094/4797/4207 5091/4798/4208 5077/4799/4209 5078/4800/4210
f 4722/4801/4211 4723/4802/4212 4503/4803/4213 4437/4804/4214
f 4690/4805/4215 4688/4806/4216 4258/4807/4217 4247/4808/4218
f 4247/4808/4218 4258/4807/4217 4259/4809/4219 4253/4810/4220
f 4250/4811/4221 4700/4812/4222 4263/4813/4223 4251/4814/4224
f 4251/4814/4224 4263/4813/4223 4264/4815/4225 4252/4816/4226
f 4247/4808/4218 4254/4817/4227 4246/4818/4228 4690/4805/4215
f 4701/4819/4229 4702/4820/4230 4257/4821/4231 4256/4822/4232
f 4253/4810/4220 4255/4823/4233 4254/4817/4227 4247/4808/4218
f 4703/4824/4234 4704/4825/4235 4260/4826/4236 4693/4827/4237
f 4691/4828/4238 4609/4829/4239 4703/4824/4234 4693/4827/4237
f 4255/4823/4233 4253/4810/4220 4256/4822/4232 4257/4821/4231
f 4692/4830/4240 4693/4827/4237 4259/4809/4219 4258/4807/4217
f 4260/4826/4236 4256/4822/4232 4253/4810/4220 4259/4809/4219
f 4704/4825/4235 4701/4819/4229 4256/4822/4232 4260/4826/4236
f 4250/4811/4221 4261/4831/4241 4265/4832/4242 4700/4812/4222
f 4485/4833/4243 4262/4834/4244 4266/4835/4245 4484/4836/4246
f 4262/4834/4244 4249/4837/4247 4248/4838/4248 4266/4835/4245
f 4261/4831/4241 4250/4811/4221 4413/4839/4249 4387/4840/4250
f 4250/4811/4221 4251/4814/4224 4286/4841/4251 4413/4839/4249
f 4251/4814/4224 4252/4816/4226 4406/4842/4252 4286/4841/4251
f 4611/4843/4253 4612/4844/4254 4406/4842/4252 4252/4816/4226
f 4609/4829/4239 4691/4828/4238 4416/4845/4255 4613/4846/4256
f 4262/4834/4244 4485/4833/4243 4486/4847/4257 4287/4848/4258
f 4249/4837/4247 4262/4834/4244 4287/4848/4258 4366/4849/4259
f 4688/4806/4216 4505/4850/4260 4506/4851/4261 4694/4852/4262
f 4694/4852/4262 4506/4851/4261 4507/4853/4263 4314/4854/4264
f 4464/4855/4265 4552/4856/4266 4459/4857/4267 4463/4858/4268
f 4453/4859/4269 4456/4860/4270 4530/4861/4271 4267/4862/4272
f 4291/4863/4273 4334/4864/4274 4409/4865/4275 4408/4866/4276
f 4271/4867/4277 4350/4868/4278 4356/4869/4279 4357/4870/4280
f 4272/4871/4281 4405/4872/4282 4411/4873/4283 4353/4874/4284
f 4527/4875/4285 4540/4876/4286 4538/4877/4287 4526/4878/4288
f 4335/4879/4289 4341/4880/4290 4331/4881/4291 4292/4882/4292
f 4435/4883/4293 4280/4884/4294 4279/4885/4295 4434/4886/4296
f 4448/4887/4297 4281/4888/4298 4402/4889/4299 4457/4890/4300
f 4279/4885/4295 4280/4884/4294 4284/4891/4301 4283/4892/4302
f 4337/4893/4303 4338/4894/4304 4298/4895/4305 4296/4896/4306
f 4448/4887/4297 4449/4897/4307 4285/4898/4308 4281/4888/4298
f 4373/4899/4309 4275/4900/4310 4277/4901/4311 4372/4902/4312
f 4383/4903/4313 4384/4904/4314 4336/4905/4315 4294/4906/4316
f 4470/4907/4317 4444/4908/4318 4273/4909/4319 4469/4910/4320
f 4309/4911/4321 4389/4912/4322 4390/4913/4323 4326/4914/4324
f 4615/4915/4325 4405/4872/4282 4430/4916/4326 4614/4917/4327
f 4308/4918/4328 4278/4919/4329 4301/4920/4330 4321/4921/4331
f 4352/4922/4332 4378/4923/4333 4357/4870/4280 4351/4924/4334
f 4473/4925/4335 4481/4926/4336 4460/4927/4337 4268/4928/4338
f 4270/4929/4339 4404/4930/4340 4412/4931/4341 4359/4932/4342
f 4705/4933/4343 4706/4934/4344 4403/4935/4345 4408/4866/4276
f 4276/4936/4346 4328/4937/4347 4501/4938/4348 4502/4939/4349
f 4274/4940/4350 4474/4941/4351 4479/4942/4352 4332/4943/4353
f 4617/4944/4354 4494/4945/4355 4474/4941/4351 4616/4946/4356
f 4363/4947/4357 4280/4884/4294 4435/4883/4293 4436/4948/4358
f 4475/4949/4359 4476/4950/4360 4297/4951/4361 4295/4952/4362
f 4364/4953/4363 4284/4891/4301 4280/4884/4294 4363/4947/4357
f 4469/4910/4320 4273/4909/4319 4477/4954/4364 4482/4955/4365
f 4308/4918/4328 4320/4956/4366 4428/4957/4367 4278/4919/4329
f 4278/4919/4329 4306/4958/4368 4307/4959/4369 4301/4920/4330
f 4302/4960/4370 4275/4961/4310 4365/4962/4371 4303/4963/4372
f 4299/4964/4373 4305/4965/4374 4511/4966/4375 4512/4967/4376
f 4707/4968/4377 4708/4969/4378 4307/4959/4369 4423/4970/4379
f 4322/4971/4380 4314/4854/4264 4420/4972/4381 4421/4973/4382
f 4314/4854/4264 4507/4853/4263 4419/4974/4383 4420/4972/4381
f 4315/4975/4384 4388/4976/4385 4389/4912/4322 4309/4911/4321
f 4310/4977/4386 4316/4978/4387 4317/4979/4388 4311/4980/4389
f 4311/4980/4389 4317/4979/4388 4354/4981/4390 4355/4982/4391
f 4318/4983/4392 4360/4984/4393 4361/4985/4394 4312/4986/4395
f 4414/4987/4396 4415/4988/4397 4317/4979/4388 4316/4978/4387
f 4415/4988/4397 4543/4989/4398 4354/4981/4390 4317/4979/4388
f 4318/4983/4392 4270/4929/4339 4359/4932/4342 4360/4984/4393
f 4367/4990/4399 4468/4991/4400 4366/4849/4259 4287/4848/4258
f 4368/4992/4401 4369/4993/4402 4466/4994/4403 4467/4995/4404
f 4709/4996/4405 4618/4997/4406 4417/4998/4407 4418/4999/4408
f 4613/4846/4256 4416/4845/4255 4422/5000/4409 4619/5001/4410
f 4290/5002/4411 4334/4864/4274 4339/5003/4412 4319/5004/4413
f 4319/5004/4413 4339/5003/4412 4340/5005/4414 4313/5006/4415
f 4291/4863/4273 4269/5007/4416 4478/5008/4417 4323/5009/4418
f 4279/5010/4295 4283/5011/4302 4300/5012/4419 4392/5013/4420
f 4305/4965/4374 4466/4994/4403 4369/4993/4402 4511/4966/4375
f 4305/4965/4374 4299/4964/4373 4328/4937/4347 4327/5014/4421
f 4299/4964/4373 4512/4967/4376 4277/5015/4311 4504/5016/4422
f 4302/4960/4370 4303/4963/4372 4440/5017/4423 4329/5018/4424
f 4336/4905/4315 4331/4881/4291 4341/4880/4290 4330/5019/4425
f 4331/4881/4291 4336/4905/4315 4522/5020/4426 4523/5021/4427
f 4289/5022/4428 4394/5023/4429 4395/5024/4430 4333/5025/4431
f 4334/4864/4274 4290/5002/4411 4407/5026/4432 4409/4865/4275
f 4293/5027/4433 4508/5028/4434 4341/4880/4290 4335/4879/4289
f 4711/5029/4435 4437/4804/4214 4442/5030/4436 4710/5031/4437
f 4295/4952/4362 4337/4893/4303 4400/5032/4438 4401/5033/4439
f 4295/4952/4362 4297/4951/4361 4338/4894/4304 4337/4893/4303
f 4336/4905/4315 4384/4904/4314 4521/5034/4440 4522/5020/4426
f 4334/4864/4274 4291/4863/4273 4323/5009/4418 4339/5003/4412
f 4339/5003/4412 4323/5009/4418 4324/5035/4441 4340/5005/4414
f 4443/5036/4442 4450/5037/4443 4410/5038/4444 4343/5039/4445
f 4451/5040/4446 4499/5041/4447 4458/5042/4448 4459/4857/4267
f 4499/5041/4447 4451/5040/4446 4452/5043/4449 4495/5044/4450
f 4345/5045/4451 4471/5046/4452 4496/5047/4453 4497/5048/4454
f 4329/5018/4424 4440/5017/4423 4510/5049/4455 4509/5050/4456
f 4325/5051/4457 4310/4977/4386 4311/4980/4389 4350/5052/4278
f 4350/5052/4278 4311/4980/4389 4355/4982/4391 4356/5053/4279
f 4351/5054/4334 4358/5055/4458 4545/5056/4459 4352/5057/4332
f 4355/4982/4391 4358/5055/4458 4351/5054/4334 4356/5053/4279
f 4355/4982/4391 4354/4981/4390 4312/4986/4395 4358/5055/4458
f 4713/5058/4460 4407/5026/4432 4412/4931/4341 4712/5059/4461
f 4290/5002/4411 4319/5004/4413 4360/4984/4393 4359/4932/4342
f 4319/5004/4413 4313/5006/4415 4361/4985/4394 4360/4984/4393
f 4394/5023/4429 4289/5022/4428 4362/5060/4462 4393/5061/4463
f 4367/4990/4399 4315/4975/4384 4309/4911/4321 4368/4992/4401
f 4368/4992/4401 4309/4911/4321 4326/4914/4324 4465/5062/4464
f 4326/4914/4324 4432/5063/4465 4304/5064/4466 4465/5062/4464
f 4370/5065/4467 4304/5064/4466 4300/5012/4419 4371/5066/4468
f 4371/5066/4468 4300/5012/4419 4283/5011/4302 4372/5067/4312
f 4283/4892/4302 4284/4891/4301 4373/4899/4309 4372/4902/4312
f 4373/4899/4309 4284/4891/4301 4364/4953/4363 4374/5068/4469
f 4376/5069/4470 4271/4867/4277 4357/4870/4280 4378/4923/4333
f 4378/4923/4333 4396/5070/4471 4377/5071/4472 4376/5069/4470
f 4398/5072/4473 4380/5073/4474 4386/5074/4475 4397/5075/4476
f 4296/4896/4306 4298/4895/4305 4381/5076/4477 4380/5077/4474
f 4515/5078/4478 4375/5079/4479 4382/5080/4480 4514/5081/4481
f 4303/4963/4372 4365/4962/4371 4564/5082/4482 4565/5083/4483
f 4383/4903/4313 4375/5079/4479 4515/5078/4478 4516/5084/4484
f 4516/5084/4484 4517/5085/4485 4384/4904/4314 4383/4903/4313
f 4384/4904/4314 4517/5085/4485 4520/5086/4486 4521/5034/4440
f 4379/5087/4487 4352/4922/4332 4397/5075/4476 4386/5074/4475
f 4387/4840/4250 4413/4839/4249 4424/5088/4488 4388/4976/4385
f 4388/4976/4385 4425/5089/4489 4426/5090/4490 4389/4912/4322
f 4389/4912/4322 4426/5090/4490 4427/5091/4491 4390/4913/4323
f 4432/5063/4465 4326/4914/4324 4390/4913/4323 4433/5092/4492
f 4392/5013/4420 4431/5093/4493 4391/5094/4494 4279/5010/4295
f 4275/4900/4310 4373/4899/4309 4374/5068/4469 4365/5095/4371
f 4393/5061/4463 4361/4985/4394 4313/5006/4415 4394/5023/4429
f 4394/5023/4429 4313/5006/4415 4340/5005/4414 4395/5024/4430
f 4378/4923/4333 4352/4922/4332 4379/5087/4487 4396/5070/4471
f 4399/5096/4495 4296/4896/4306 4380/5077/4474 4398/5097/4473
f 4400/5032/4438 4337/4893/4303 4296/4896/4306 4399/5096/4495
f 4397/5098/4476 4544/5099/4496 4362/5060/4462 4398/5097/4473
f 4398/5097/4473 4362/5060/4462 4289/5022/4428 4399/5096/4495
f 4399/5096/4495 4289/5022/4428 4333/5025/4431 4400/5032/4438
f 4333/5025/4431 4288/5100/4497 4401/5033/4439 4400/5032/4438
f 4288/5100/4497 4513/5101/4498 4480/5102/4499 4401/5033/4439
f 4410/5038/4444 4715/5103/4500 4714/5104/4501 4456/4860/4270
f 4716/5105/4502 4705/4933/4343 4408/4866/4276 4409/4865/4275
f 4615/4915/4325 4717/5106/4503 4411/4873/4283 4405/4872/4282
f 4405/4872/4282 4272/4871/4281 4429/5107/4504 4430/4916/4326
f 4404/4930/4340 4718/5108/4505 4712/5059/4461 4412/4931/4341
f 4269/5007/4416 4291/4863/4273 4408/4866/4276 4403/4935/4345
f 4713/5058/4460 4716/5105/4502 4409/4865/4275 4407/5026/4432
f 4706/4934/4344 4719/5109/4506 4450/5037/4443 4403/4935/4345
f 4404/4930/4340 4270/4929/4339 4353/4874/4284 4411/4873/4283
f 4407/5026/4432 4290/5002/4411 4359/4932/4342 4412/4931/4341
f 4414/4987/4396 4429/5107/4504 4272/4871/4281 4415/4988/4397
f 4416/4845/4255 4322/4971/4380 4421/4973/4382 4422/5000/4409
f 4321/4921/4331 4301/4920/4330 4418/4999/4408 4417/4998/4407
f 4368/4992/4401 4467/4995/4404 4468/4991/4400 4367/4990/4399
f 4320/4956/4366 4308/4918/4328 4420/4972/4381 4419/4974/4383
f 4420/4972/4381 4308/4918/4328 4321/4921/4331 4421/4973/4382
f 4321/4921/4331 4417/4998/4407 4422/5000/4409 4421/4973/4382
f 4417/4998/4407 4618/4997/4406 4619/5001/4410 4422/5000/4409
f 4413/4839/4249 4286/4841/4251 4414/5110/4396 4424/5088/4488
f 4424/5088/4488 4414/5110/4396 4316/5111/4387 4425/5089/4489
f 4425/5089/4489 4316/5111/4387 4310/5112/4386 4426/5090/4490
f 4426/5090/4490 4310/5112/4386 4325/5113/4457 4427/5091/4491
f 4286/4841/4251 4406/4842/4252 4430/5114/4326 4429/5115/4504
f 4406/4842/4252 4612/4844/4254 4614/5116/4327 4430/5114/4326
f 4392/5013/4420 4432/5063/4465 4433/5092/4492 4431/5093/4493
f 4390/4913/4323 4427/5091/4491 4431/5093/4493 4433/5092/4492
f 4325/5113/4457 4391/5094/4494 4431/5093/4493 4427/5091/4491
f 4392/5013/4420 4300/5012/4419 4304/5064/4466 4432/5063/4465
f 4325/5117/4457 4350/4868/4278 4434/4886/4296 4391/5118/4494
f 4434/4886/4296 4271/4867/4277 4376/5069/4470 4435/4883/4293
f 4435/4883/4293 4376/5069/4470 4377/5071/4472 4436/4948/4358
f 4327/5014/4421 4328/4937/4347 4276/4936/4346 4306/4958/4368
f 4307/4959/4369 4306/4958/4368 4276/4936/4346 4423/4970/4379
f 4276/4936/4346 4502/4939/4349 4503/5119/4213 4423/4970/4379
f 4437/4804/4214 4349/5120/4507 4441/5121/4508 4442/5030/4436
f 4438/5122/4509 4293/5027/4433 4335/4879/4289 4439/5123/4510
f 4439/5123/4510 4525/5124/4511 4620/5125/4512 4621/5126/4513
f 4566/5127/4514 4567/5128/4515 4440/5017/4423 4303/4963/4372
f 4293/5027/4433 4438/5122/4509 4442/5030/4436 4441/5121/4508
f 4438/5122/4509 4623/5129/4516 4622/5130/4517
f 4346/5131/4518 4448/4887/4297 4457/4890/4300 4458/5042/4448
f 4346/5131/4518 4347/5132/4519 4449/4897/4307 4448/4887/4297
f 4471/5046/4452 4345/5045/4451 4444/4908/4318 4470/4907/4317
f 4345/5045/4451 4348/5133/4520 4542/5134/4521 4444/4908/4318
f 4460/4927/4337 4461/5135/4522 4446/5136/4523 4268/4928/4338
f 4443/5036/4442 4269/5007/4416 4403/4935/4345 4450/5037/4443
f 4447/5137/4524 4274/4940/4350 4332/4943/4353 4445/5138/4525
f 4459/4857/4267 4342/5139/4526 4462/5140/4527 4463/4858/4268
f 4343/5039/4445 4410/5038/4444 4456/4860/4270 4453/4859/4269
f 4348/5133/4520 4345/5045/4451 4497/5048/4454 4498/5141/4528
f 4491/5142/4529 4451/5040/4446 4459/4857/4267 4282/5143/4530
f 4451/5040/4446 4491/5142/4529 4488/5144/4531 4452/5043/4449
f 4454/5145/4532 4472/5146/4533 4489/5147/4534 4490/5148/4535
f 4490/5148/4535 4547/5149/4536 4455/5150/4537 4454/5145/4532
f 4268/4928/4338 4446/5136/4523 4457/4890/4300 4402/4889/4299
f 4446/5136/4523 4342/5139/4526 4458/5042/4448 4457/4890/4300
f 4323/5009/4418 4478/5008/4417 4481/4926/4336 4324/5035/4441
f 4460/4927/4337 4269/5007/4416 4443/5036/4442 4461/5135/4522
f 4443/5036/4442 4343/5039/4445 4462/5140/4527 4461/5135/4522
f 4343/5039/4445 4453/4859/4269 4463/4858/4268 4462/5140/4527
f 4342/5139/4526 4446/5136/4523 4461/5135/4522 4462/5140/4527
f 4370/5065/4467 4369/4993/4402 4465/5062/4464 4304/5064/4466
f 4467/4995/4404 4320/4956/4366 4419/4974/4383 4468/4991/4400
f 4385/5151/4538 4518/5152/4539 4519/5153/4540 4482/4955/4365
f 4469/4910/4320 4285/5154/4308 4449/5155/4307 4470/4907/4317
f 4470/4907/4317 4449/5155/4307 4347/5156/4519 4471/5046/4452
f 4471/5046/4452 4347/5156/4519 4495/5157/4450 4496/5047/4453
f 4472/5146/4533 4452/5158/4449 4488/5159/4531 4489/5147/4534
f 4523/5021/4427 4524/5160/4541 4292/4882/4292 4331/4881/4291
f 4295/4952/4362 4401/5033/4439 4480/5102/4499 4475/4949/4359
f 4285/4898/4308 4519/5161/4540 4476/4950/4360 4281/4888/4298
f 4477/4954/4364 4273/4909/4319 4332/4943/4353 4479/4942/4352
f 4269/5007/4416 4460/4927/4337 4481/4926/4336 4478/5008/4417
f 4285/5154/4308 4469/4910/4320 4482/4955/4365 4519/5153/4540
f 4428/4957/4367 4483/5162/4542 4327/5014/4421 4306/4958/4368
f 4483/5162/4542 4466/4994/4403 4305/4965/4374 4327/5014/4421
f 4484/4836/4246 4265/4832/4242 4261/4831/4241 4485/4833/4243
f 4485/4833/4243 4261/4831/4241 4387/4840/4250 4486/4847/4257
f 4486/4847/4257 4387/4840/4250 4388/4976/4385 4315/4975/4384
f 4486/4847/4257 4315/4975/4384 4367/4990/4399 4287/4848/4258
f 4467/4995/4404 4466/4994/4403 4483/5162/4542 4320/4956/4366
f 4488/5159/4531 4532/5163/4543 4533/5164/4544 4489/5147/4534
f 4490/5148/4535 4489/5147/4534 4533/5164/4544 4531/5165/4545
f 4547/5149/4536 4490/5148/4535 4531/5165/4545 4546/5166/4546
f 4488/5144/4531 4491/5142/4529 4282/5143/4530 4532/5167/4543
f 4385/5151/4538 4482/4955/4365 4477/4954/4364 4492/5168/4547
f 4477/4954/4364 4479/4942/4352 4493/5169/4548 4492/5168/4547
f 4493/5169/4548 4479/4942/4352 4474/4941/4351 4494/4945/4355
f 4452/5158/4449 4472/5146/4533 4496/5047/4453 4495/5157/4450
f 4472/5146/4533 4454/5145/4532 4497/5048/4454 4496/5047/4453
f 4454/5145/4532 4455/5150/4537 4498/5141/4528 4497/5048/4454
f 4455/5150/4537 4548/5170/4549 4549/5171/4550 4498/5141/4528
f 4546/5166/4546 4536/5172/4551 4538/4877/4287 4547/5149/4536
f 4495/5044/4450 4347/5132/4519 4346/5131/4518 4499/5041/4447
f 4539/5173/4552 4721/5174/4553 4720/5175/4554 4500/5176/4555
f 4277/5177/4311 4275/4961/4310 4302/4960/4370 4504/5178/4422
f 4509/5050/4456 4349/5120/4507 4502/5179/4349 4501/5180/4348
f 4349/5120/4507 4437/4804/4214 4503/4803/4213 4502/5179/4349
f 4437/4804/4214 4711/5029/4435 4722/4801/4211
f 4329/5018/4424 4501/5180/4348 4504/5178/4422 4302/4960/4370
f 4505/4850/4260 4248/4838/4248 4249/4837/4247 4506/4851/4261
f 4506/4851/4261 4249/4837/4247 4366/4849/4259 4507/4853/4263
f 4366/4849/4259 4468/4991/4400 4419/4974/4383 4507/4853/4263
f 4724/5181/4556 4616/4946/4356 4474/4941/4351 4274/4940/4350
f 4299/4964/4373 4504/5016/4422 4501/4938/4348 4328/4937/4347
f 4441/5121/4508 4349/5120/4507 4509/5050/4456 4510/5049/4455
f 4508/5028/4434 4293/5027/4433 4441/5121/4508 4510/5049/4455
f 4370/5065/4467 4371/5066/4468 4512/4967/4376 4511/4966/4375
f 4277/5015/4311 4512/4967/4376 4371/5066/4468 4372/5067/4312
f 4324/5035/4441 4473/4925/4335 4513/5101/4498 4340/5005/4414
f 4473/4925/4335 4402/4889/4299 4480/5102/4499 4513/5101/4498
f 4513/5101/4498 4288/5100/4497 4395/5024/4430 4340/5005/4414
f 4381/5076/4477 4298/4895/4305 4515/5182/4478 4514/5183/4481
f 4298/4895/4305 4338/4894/4304 4517/5184/4485 4516/5185/4484
f 4518/5186/4539 4297/4951/4361 4476/4950/4360 4519/5161/4540
f 4475/4949/4359 4480/5102/4499 4402/4889/4299 4476/4950/4360
f 4297/4951/4361 4518/5186/4539 4520/5187/4486 4338/4894/4304
f 4518/5152/4539 4385/5151/4538 4521/5034/4440 4520/5086/4486
f 4385/5151/4538 4492/5168/4547 4522/5020/4426 4521/5034/4440
f 4492/5168/4547 4493/5169/4548 4523/5021/4427 4522/5020/4426
f 4523/5021/4427 4493/5169/4548 4494/4945/4355 4524/5160/4541
f 4494/4945/4355 4617/4944/4354 4624/5188/4557 4524/5160/4541
f 4439/5123/4510 4335/4879/4289 4292/4882/4292 4525/5124/4511
f 4525/5124/4511 4292/4882/4292 4524/5160/4541 4624/5188/4557
f 4726/5189/4558 4528/5190/4559 4487/5191/4560 4725/5192/4561
f 4725/5192/4561 4487/5191/4560 4529/5193/4562 4625/5194/4563
f 4532/5167/4543 4282/5143/4530 4553/5195/4564 4535/5196/4565
f 4533/5164/4544 4532/5163/4543 4535/5197/4565 4682/5198/4566
f 4531/5165/4545 4533/5164/4544 4682/5198/4566 4534/5199/4567
f 4540/4876/4286 4527/4875/4285 4528/5190/4559 4537/5200/4568
f 4528/5190/4559 4726/5189/4558 4539/5173/4552 4537/5200/4568
f 4273/4909/4319 4542/5134/4521 4445/5138/4525 4332/4943/4353
f 4445/5138/4525 4542/5134/4521 4348/5133/4520 4344/5201/4569
f 4354/4981/4390 4543/4989/4398 4318/4983/4392 4312/4986/4395
f 4415/4988/4397 4272/4871/4281 4353/4874/4284 4543/4989/4398
f 4543/4989/4398 4353/4874/4284 4270/4929/4339 4318/4983/4392
f 4361/4985/4394 4393/5061/4463 4544/5099/4496 4312/4986/4395
f 4358/5055/4458 4312/4986/4395 4544/5099/4496 4545/5056/4459
f 4397/5098/4476 4352/5057/4332 4545/5056/4459 4544/5099/4496
f 4498/5141/4528 4549/5171/4550 4500/5176/4555 4348/5133/4520
f 4547/5149/4536 4538/4877/4287 4540/4876/4286 4548/5170/4549
f 4548/5170/4549 4540/4876/4286 4537/5200/4568 4549/5171/4550
f 4537/5200/4568 4539/5173/4552 4500/5176/4555 4549/5171/4550
f 4464/4855/4265 4267/4862/4272 4550/5202/4570 4551/5203/4571
f 4267/4862/4272 4530/4861/4271 4554/5204/4572 4550/5202/4570
f 4551/5203/4571 4553/5195/4564 4552/4856/4266 4464/4855/4265
f 4552/4856/4266 4553/5195/4564 4282/5143/4530 4459/4857/4267
f 4728/5205/4573 4554/5204/4572 4530/4861/4271 4727/5206/4574
f 4463/4858/4268 4453/4859/4269 4267/4862/4272 4464/4855/4265
f 4546/5166/4546 4531/5165/4545 4534/5199/4567 4541/5207/4575
f 4536/5172/4551 4555/5208/4576 4529/5193/4562 4526/4878/4288
f 4555/5208/4576 4536/5172/4551 4546/5166/4546 4541/5207/4575
f 4364/4953/4363 4363/4947/4357 4556/5209/4577 4557/5210/4578
f 4374/5068/4469 4364/4953/4363 4557/5210/4578 4558/5211/4579
f 4436/4948/4358 4377/5071/4472 4559/5212/4580 4560/5213/4581
f 4365/5095/4371 4374/5068/4469 4558/5211/4579 4561/5214/4582
f 4377/5071/4472 4396/5070/4471 4569/5215/4583 4559/5212/4580
f 4363/4947/4357 4436/4948/4358 4560/5213/4581 4556/5209/4577
f 4380/5073/4474 4381/5216/4477 4562/5217/4584 4576/5218/4585
f 4514/5219/4481 4382/5220/4480 4563/5221/4586 4578/5222/4587
f 4386/5074/4475 4380/5073/4474 4576/5218/4585 4577/5223/4588
f 4579/5224/4589 4564/5225/4482 4365/5095/4371 4561/5214/4582
f 4381/5226/4477 4514/5219/4481 4578/5222/4587 4562/5227/4584
f 4579/5224/4589 4563/5221/4586 4382/5220/4480 4564/5225/4482
f 4564/5082/4482 4382/5080/4480 4375/5079/4479 4565/5083/4483
f 4565/5083/4483 4375/5079/4479 4294/4906/4316 4566/5127/4514
f 4294/4906/4316 4330/5019/4425 4567/5128/4515 4566/5127/4514
f 4330/5019/4425 4508/5028/4434 4510/5049/4455 4567/5128/4515
f 4396/5070/4471 4379/5087/4487 4568/5228/4590 4569/5215/4583
f 4379/5087/4487 4386/5074/4475 4577/5223/4588 4568/5228/4590
f 4557/5210/4578 4556/5209/4577 4570/5229/4591 4571/5230/4592
f 4558/5211/4579 4557/5210/4578 4571/5230/4592 4572/5231/4593
f 4560/5213/4581 4559/5212/4580 4573/5232/4594 4574/5233/4595
f 4561/5214/4582 4558/5211/4579 4572/5231/4593 4575/5234/4596
f 4559/5212/4580 4569/5215/4583 4580/5235/4597 4573/5232/4594
f 4556/5209/4577 4560/5213/4581 4574/5233/4595 4570/5229/4591
f 4571/5230/4592 4570/5229/4591 4581/4793/4203 4582/5236/4598
f 4572/5231/4593 4571/5230/4592 4582/5236/4598 4583/5237/4599
f 4574/5233/4595 4573/5232/4594 4584/5238/4600 4585/4794/4204
f 4575/5234/4596 4572/5231/4593 4583/5237/4599 4586/5239/4601
f 4573/5232/4594 4580/5235/4597 4594/5240/4602 4584/5238/4600
f 4570/5229/4591 4574/5233/4595 4585/4794/4204 4581/4793/4203
f 4576/5218/4585 4562/5217/4584 4588/5241/4603 4587/5242/4604
f 4578/5222/4587 4563/5221/4586 4589/5243/4605 4591/5244/4606
f 4577/5223/4588 4576/5218/4585 4587/5242/4604 4590/5245/4607
f 4579/5224/4589 4575/5234/4596 4586/5239/4601 4592/5246/4608
f 4562/5227/4584 4578/5222/4587 4591/5244/4606 4588/5247/4603
f 4563/5221/4586 4579/5224/4589 4592/5246/4608 4589/5243/4605
f 4580/5235/4597 4568/5228/4590 4593/5248/4609 4594/5240/4602
f 4568/5228/4590 4577/5223/4588 4590/5245/4607 4593/5248/4609
f 4582/5236/4598 4581/4793/4203 4595/4796/4206 4596/5249/4610
f 4585/4794/4204 4584/5238/4600 4598/5250/4611 4599/4795/4205
f 4586/5239/4601 4583/5237/4599 4597/5251/4612 4600/5252/4613
f 4584/5238/4600 4594/5240/4602 4608/5253/4614 4598/5250/4611
f 4587/5242/4604 4588/5241/4603 4602/5254/4615 4601/5255/4616
f 4591/5244/4606 4589/5243/4605 4603/5256/4617 4605/5257/4618
f 4592/5246/4608 4586/5239/4601 4600/5252/4613 4606/5258/4619
f 4588/5247/4603 4591/5244/4606 4605/5257/4618 4602/5259/4615
f 4589/5243/4605 4592/5246/4608 4606/5258/4619 4603/5256/4617
f 4594/5240/4602 4593/5248/4609 4607/5260/4620 4608/5253/4614
f 4593/5248/4609 4590/5245/4607 4604/5261/4621 4607/5260/4620
f 4252/4816/4226 4264/4815/4225 4610/5262/4622 4611/4843/4253
f 4344/5201/4569 4500/5176/4555 4720/5175/4554 4729/5263/4623
f 4438/5122/4509 4439/5123/4510 4621/5126/4513 4623/5129/4516
f 4418/4999/4408 4307/4959/4369 4708/4969/4378 4709/4996/4405
f 4707/4968/4377 4423/4970/4379 4503/5119/4213 4723/5264/4212
f 4447/5137/4524 4344/5201/4569 4729/5263/4623 4730/5265/4624
f 4718/5108/4505 4404/4930/4340 4411/4873/4283 4717/5106/4503
f 4274/4940/4350 4447/5137/4524 4730/5265/4624 4724/5181/4556
f 4715/5103/4500 4410/5038/4444 4450/5037/4443 4719/5109/4506
f 4727/5206/4574 4530/4861/4271 4456/4860/4270 4714/5104/4501
f 4527/4875/4285 4526/4878/4288 4529/5193/4562 4487/5191/4560
f 4587/5242/4604 4601/5255/4616 4604/5261/4621 4590/5245/4607
f 4629/5266/4625 4529/5193/4562 4627/5267/4626 4628/5268/4627
f 4631/5269/4628 4629/5266/4625 4628/5268/4627 4630/5270/4629
f 4627/5267/4626 4529/5193/4562 4555/5208/4576 4632/5271/4630
f 4630/5272/4629 4635/5273/4631 4633/5274/4632 4634/5275/4633
f 4638/5276/4634 4639/5277/4635 4637/5278/4636 4636/5279/4637
f 4643/5280/4638 4553/5195/4564 4636/5279/4637 4637/5278/4636
f 4642/5281/4639 4643/5280/4638 4640/5282/4640 4641/5283/4641
f 4645/5284/4642 4642/5285/4639 4641/5286/4641 4644/5287/4643
f 4632/5271/4630 4648/5288/4644 4646/5289/4645 4647/5290/4646
f 4628/5268/4627 4627/5267/4626 4649/5291/4647 4650/5292/4648
f 4635/5293/4631 4628/5268/4627 4650/5292/4648 4651/5294/4649
f 4627/5267/4626 4632/5271/4630 4647/5290/4646 4649/5291/4647
f 4633/5274/4632 4635/5273/4631 4651/5295/4649 4652/5296/4650
f 4643/5280/4638 4637/5278/4636 4653/5297/4651 4640/5282/4640
f 4653/5297/4651 4637/5278/4636 4639/5277/4635 4654/5298/4652
f 4640/5282/4640 4656/5299/4653 4655/5300/4654 4641/5283/4641
f 4644/5287/4643 4641/5286/4641 4655/5301/4654 4657/5302/4655
f 4657/5302/4655 4675/5303/4656 4658/5304/4657 4644/5287/4643
f 4646/5289/4645 4660/5305/4658 4659/5306/4659 4647/5290/4646
f 4663/5307/4660 4664/5308/4661 4661/5309/4662 4662/5310/4663
f 4649/5291/4647 4666/5311/4664 4665/5312/4665 4650/5292/4648
f 4651/5294/4649 4650/5292/4648 4665/5312/4665 4667/5313/4666
f 4647/5290/4646 4659/5306/4659 4666/5311/4664 4649/5291/4647
f 4652/5296/4650 4651/5295/4649 4667/5314/4666 4668/5315/4667
f 4669/5316/4668 4670/5317/4669 4685/5318/4670 4686/5319/4671
f 4670/5317/4669 4669/5316/4668 4653/5297/4651 4654/5298/4652
f 4669/5316/4668 4656/5299/4653 4640/5282/4640 4653/5297/4651
f 4671/5320/4672 4672/5321/4673 4664/5308/4661 4663/5307/4660
f 4673/5322/4674 4674/5323/4675 4657/5302/4655 4655/5301/4654
f 4674/5323/4675 4676/5324/4676 4675/5303/4656 4657/5302/4655
f 4672/5321/4673 4645/5284/4642 4658/5304/4657 4664/5308/4661
f 4664/5308/4661 4658/5304/4657 4675/5303/4656 4661/5309/4662
f 4676/5324/4676 4677/5325/4677 4661/5309/4662 4675/5303/4656
f 4659/5306/4659 4680/5326/4678 4679/5327/4679 4666/5311/4664
f 4648/5288/4644 4671/5320/4672 4663/5307/4660 4646/5289/4645
f 4663/5307/4660 4662/5310/4663 4660/5305/4658 4646/5289/4645
f 4677/5325/4677 4678/5328/4680 4662/5310/4663 4661/5309/4662
f 4681/5329/4681 4665/5312/4665 4666/5311/4664 4679/5327/4679
f 4680/5326/4678 4660/5305/4658 4662/5310/4663 4678/5328/4680
f 4643/5280/4638 4642/5281/4639 4535/5196/4565 4553/5195/4564
f 4642/5285/4639 4645/5284/4642 4682/5198/4566 4535/5197/4565
f 4671/5320/4672 4534/5199/4567 4682/5198/4566 4672/5321/4673
f 4671/5320/4672 4648/5288/4644 4541/5207/4575 4534/5199/4567
f 4667/5313/4666 4665/5312/4665 4681/5329/4681 4683/5330/4682
f 4667/5314/4666 4683/5331/4682 4684/5332/4683 4668/5315/4667
f 4555/5208/4576 4541/5207/4575 4648/5288/4644 4632/5271/4630
f 4656/5299/4653 4687/5333/4684 4673/5334/4674 4655/5300/4654
f 4550/5202/4570 4638/5276/4634 4636/5279/4637 4551/5203/4571
f 4634/5275/4633 4554/5204/4572 4631/5335/4628 4630/5272/4629
f 4638/5276/4634 4550/5202/4570 4554/5204/4572 4634/5275/4633
f 4634/5275/4633 4633/5274/4632 4639/5277/4635 4638/5276/4634
f 4633/5274/4632 4652/5296/4650 4654/5298/4652 4639/5277/4635
f 4654/5298/4652 4652/5296/4650 4668/5315/4667 4670/5317/4669
f 4684/5332/4683 4685/5318/4670 4670/5317/4669 4668/5315/4667
f 4686/5319/4671 4687/5333/4684 4656/5299/4653 4669/5316/4668
f 4529/5193/4562 4629/5266/4625 4731/5336/4685 4625/5194/4563
f 4629/5266/4625 4631/5269/4628 4732/5337/4686 4731/5336/4685
f 4631/5335/4628 4554/5204/4572 4728/5205/4573 4732/5338/4686
f 4505/4850/4260 4688/4806/4216 4690/4805/4215 4689/5339/4687
f 4248/4838/4248 4505/4850/4260 4689/5339/4687 4696/5340/4688
f 4314/4854/4264 4322/4971/4380 4695/5341/4689 4694/4852/4262
f 4322/4971/4380 4416/4845/4255 4691/4828/4238 4695/5341/4689
f 4695/5341/4689 4691/4828/4238 4693/4827/4237 4692/4830/4240
f 4692/4830/4240 4688/4806/4216 4694/4852/4262 4695/5341/4689
f 4266/4835/4245 4248/4838/4248 4696/5340/4688 4698/5342/4690
f 4484/4836/4246 4266/4835/4245 4698/5342/4690 4699/5343/4691
f 4265/4832/4242 4484/4836/4246 4699/5343/4691 4697/5344/4692
f 4735/5345/4693 4734/5346/4694 4733/5347/4695 4736/5348/4696
f 4734/5346/4694 4738/5349/4697 4737/5350/4698 4733/5347/4695
f 4741/5351/4699 4740/5352/4700 4739/5353/4701 4742/5354/4702
f 4740/5352/4700 4744/5355/4703 4743/5356/4704 4739/5353/4701
f 4734/5346/4694 4735/5345/4693 4745/5357/4705 4746/5358/4706
f 4701/4819/4229 4748/5359/4707 4747/5360/4708 4702/4820/4230
f 4738/5349/4697 4734/5346/4694 4746/5358/4706 4749/5361/4709
f 4703/4824/4234 4751/5362/4710 4750/5363/4711 4704/4825/4235
f 4752/5364/4712 4751/5362/4710 4703/4824/4234 4609/4829/4239
f 4749/5361/4709 4747/5360/4708 4748/5359/4707 4738/5349/4697
f 4753/5365/4713 4733/5347/4695 4737/5350/4698 4751/5362/4710
f 4750/5363/4711 4737/5350/4698 4738/5349/4697 4748/5359/4707
f 4704/4825/4235 4750/5363/4711 4748/5359/4707 4701/4819/4229
f 4741/5351/4699 4742/5354/4702 4754/5366/4714 4755/5367/4715
f 4758/5368/4716 4757/5369/4717 4756/5370/4718 4759/5371/4719
f 4759/5371/4719 4756/5370/4718 4760/5372/4720 4761/5373/4721
f 4755/5367/4715 4763/5374/4722 4762/5375/4723 4741/5351/4699
f 4741/5351/4699 4762/5375/4723 4764/5376/4724 4740/5352/4700
f 4740/5352/4700 4764/5376/4724 4765/5377/4725 4744/5355/4703
f 4611/5378/4253 4744/5355/4703 4765/5377/4725 4612/5379/4254
f 4609/4829/4239 4613/4846/4256 4766/5380/4726 4752/5364/4712
f 4759/5371/4719 4768/5381/4727 4767/5382/4728 4758/5368/4716
f 4761/5373/4721 4769/5383/4729 4768/5381/4727 4759/5371/4719
f 4736/5348/4696 4771/5384/4730 4770/5385/4731 4772/5386/4732
f 4771/5384/4730 4774/5387/4733 4773/5388/4734 4770/5385/4731
f 4775/5389/4735 4778/5390/4736 4777/5391/4737 4776/5392/4738
f 4781/5393/4739 4780/5394/4740 4779/5395/4741 4782/5396/4742
f 4785/5397/4743 4784/5398/4744 4783/5399/4745 4786/5400/4746
f 4789/5401/4747 4788/5402/4748 4787/5403/4749 4790/5404/4750
f 4793/5405/4751 4792/5406/4752 4791/5407/4753 4794/5408/4754
f 4797/5409/4755 4796/5410/4756 4795/5411/4757 4798/5412/4758
f 4801/5413/4759 4800/5414/4760 4799/5415/4761 4802/5416/4762
f 4805/5417/4763 4804/5418/4764 4803/5419/4765 4806/5420/4766
f 4809/5421/4767 4808/5422/4768 4807/5423/4769 4810/5424/4770
f 4803/5419/4765 4812/5425/4771 4811/5426/4772 4806/5420/4766
f 4815/5427/4773 4814/5428/4774 4813/5429/4775 4816/5430/4776
f 4809/5421/4767 4810/5424/4770 4817/5431/4777 4818/5432/4778
f 4821/5433/4779 4820/5434/4780 4819/5435/4781 4822/5436/4782
f 4825/5437/4783 4824/5438/4784 4823/5439/4785 4826/5440/4786
f 4829/5441/4787 4828/5442/4788 4827/5443/4789 4830/5444/4790
f 4833/5445/4791 4832/5446/4792 4831/5447/4793 4834/5448/4794
f 4615/4915/4325 4614/5449/4327 4835/5450/4795 4794/5408/4754
f 4838/5451/4796 4837/5452/4797 4836/5453/4798 4839/5454/4799
f 4841/5455/4800 4840/5456/4801 4788/5402/4748 4842/5457/4802
f 4843/5458/4803 4846/5459/4804 4845/5460/4805 4844/5461/4806
f 4849/5462/4807 4848/5463/4808 4847/5464/4809 4850/5465/4810
f 4705/4933/4343 4784/5398/4744 4851/5466/4811 4706/4934/4344
f 4854/5467/4812 4853/5468/4813 4852/5469/4814 4855/5470/4815
f 4858/5471/4816 4857/5472/4817 4856/5473/4818 4859/5474/4819
f 4617/4944/4354 4616/4946/4356 4859/5474/4819 4860/5475/4820
f 4862/5476/4821 4861/5477/4822 4805/5417/4763 4806/5420/4766
f 4865/5478/4823 4864/5479/4824 4863/5480/4825 4866/5481/4826
f 4867/5482/4827 4862/5476/4821 4806/5420/4766 4811/5426/4772
f 4828/5442/4788 4869/5483/4828 4868/5484/4829 4827/5443/4789
f 4838/5451/4796 4839/5454/4799 4870/5485/4830 4871/5486/4831
f 4839/5454/4799 4836/5453/4798 4872/5487/4832 4873/5488/4833
f 4876/5489/4834 4875/5490/4835 4874/5491/4836 4822/5492/4782
f 4879/5493/4837 4878/5494/4838 4877/5495/4839 4880/5496/4840
f 4707/4968/4377 4881/5497/4841 4872/5487/4832 4708/4969/4378
f 4884/5498/4842 4883/5499/4843 4882/5500/4844 4774/5387/4733
f 4774/5387/4733 4882/5500/4844 4885/5501/4845 4773/5388/4734
f 4886/5502/4846 4833/5445/4791 4834/5448/4794 4887/5503/4847
f 4890/5504/4848 4889/5505/4849 4888/5506/4850 4891/5507/4851
f 4889/5505/4849 4893/5508/4852 4892/5509/4853 4888/5506/4850
f 4896/5510/4854 4895/5511/4855 4894/5512/4856 4897/5513/4857
f 4898/5514/4858 4891/5507/4851 4888/5506/4850 4899/5515/4859
f 4899/5515/4859 4888/5506/4850 4892/5509/4853 4900/5516/4860
f 4896/5510/4854 4897/5513/4857 4848/5463/4808 4849/5462/4807
f 4901/5517/4861 4768/5381/4727 4769/5383/4729 4902/5518/4862
f 4905/5519/4863 4904/5520/4864 4903/5521/4865 4906/5522/4866
f 4709/4996/4405 4908/5523/4867 4907/5524/4868 4618/4997/4406
f 4613/4846/4256 4619/5001/4410 4909/5525/4869 4766/5380/4726
f 4912/5526/4870 4911/5527/4871 4910/5528/4872 4786/5400/4746
f 4911/5527/4871 4914/5529/4873 4913/5530/4874 4910/5528/4872
f 4785/5397/4743 4916/5531/4875 4915/5532/4876 4917/5533/4877
f 4803/5534/4765 4919/5535/4878 4918/5536/4879 4812/5537/4771
f 4880/5496/4840 4877/5495/4839 4906/5522/4866 4903/5521/4865
f 4880/5496/4840 4920/5538/4880 4855/5470/4815 4879/5493/4837
f 4879/5493/4837 4921/5539/4881 4819/5540/4781 4878/5494/4838
f 4876/5489/4834 4923/5541/4882 4922/5542/4883 4875/5490/4835
f 4823/5439/4785 4924/5543/4884 4802/5416/4762 4799/5415/4761
f 4799/5415/4761 4926/5544/4885 4925/5545/4886 4823/5439/4785
f 4929/5546/4887 4928/5547/4888 4927/5548/4889 4930/5549/4890
f 4786/5400/4746 4783/5399/4745 4931/5550/4891 4912/5526/4870
f 4932/5551/4892 4801/5413/4759 4802/5416/4762 4933/5552/4893
f 4711/5029/4435 4710/5031/4437 4934/5553/4894 4935/5554/4895
f 4864/5479/4824 4937/5555/4896 4936/5556/4897 4815/5427/4773
f 4864/5479/4824 4815/5427/4773 4816/5430/4776 4863/5480/4825
f 4823/5439/4785 4925/5545/4886 4938/5557/4898 4826/5440/4786
f 4786/5400/4746 4910/5528/4872 4916/5531/4875 4785/5397/4743
f 4910/5528/4872 4913/5530/4874 4939/5558/4899 4916/5531/4875
f 4942/5559/4900 4941/5560/4901 4940/5561/4902 4943/5562/4903
f 4945/5563/4904 4777/5391/4737 4944/5564/4905 4946/5565/4906
f 4946/5565/4906 4948/5566/4907 4947/5567/4908 4945/5563/4904
f 4951/5568/4909 4950/5569/4910 4949/5570/4911 4952/5571/4912
f 4923/5541/4882 4954/5572/4913 4953/5573/4914 4922/5542/4883
f 4955/5574/4915 4790/5575/4750 4889/5505/4849 4890/5504/4848
f 4790/5575/4750 4787/5576/4749 4893/5508/4852 4889/5505/4849
f 4840/5577/4801 4841/5578/4800 4956/5579/4916 4957/5580/4917
f 4893/5508/4852 4787/5576/4749 4840/5577/4801 4957/5580/4917
f 4893/5508/4852 4957/5580/4917 4895/5511/4855 4892/5509/4853
f 4713/5058/4460 4712/5059/4461 4847/5464/4809 4931/5550/4891
f 4912/5526/4870 4848/5463/4808 4897/5513/4857 4911/5527/4871
f 4911/5527/4871 4897/5513/4857 4894/5512/4856 4914/5529/4873
f 4930/5549/4890 4959/5581/4918 4958/5582/4919 4929/5546/4887
f 4901/5517/4861 4905/5519/4863 4833/5445/4791 4886/5502/4846
f 4905/5519/4863 4960/5583/4920 4832/5446/4792 4833/5445/4791
f 4832/5446/4792 4960/5583/4920 4961/5584/4921 4962/5585/4922
f 4964/5586/4923 4963/5587/4924 4918/5536/4879 4961/5584/4921
f 4963/5587/4924 4820/5588/4780 4812/5537/4771 4918/5536/4879
f 4812/5425/4771 4820/5434/4780 4821/5433/4779 4811/5426/4772
f 4821/5433/4779 4965/5589/4925 4867/5482/4827 4811/5426/4772
f 4966/5590/4926 4842/5457/4802 4788/5402/4748 4789/5401/4747
f 4842/5457/4802 4966/5590/4926 4967/5591/4927 4968/5592/4928
f 4971/5593/4929 4970/5594/4930 4969/5595/4931 4972/5596/4932
f 4814/5428/4774 4972/5597/4932 4973/5598/4933 4813/5429/4775
f 4976/5599/4934 4975/5600/4935 4974/5601/4936 4977/5602/4937
f 4875/5490/4835 4979/5603/4938 4978/5604/4939 4874/5491/4836
f 4825/5437/4783 4980/5605/4940 4976/5599/4934 4977/5602/4937
f 4980/5605/4940 4825/5437/4783 4826/5440/4786 4981/5606/4941
f 4826/5440/4786 4938/5557/4898 4982/5607/4942 4981/5606/4941
f 4983/5608/4943 4969/5595/4931 4970/5594/4930 4841/5455/4800
f 4763/5374/4722 4887/5503/4847 4984/5609/4944 4762/5375/4723
f 4887/5503/4847 4834/5448/4794 4985/5610/4945 4986/5611/4946
f 4834/5448/4794 4831/5447/4793 4987/5612/4947 4985/5610/4945
f 4962/5585/4922 4988/5613/4948 4831/5447/4793 4832/5446/4792
f 4919/5535/4878 4803/5534/4765 4989/5614/4949 4990/5615/4950
f 4822/5436/4782 4874/5616/4836 4965/5589/4925 4821/5433/4779
f 4959/5581/4918 4930/5549/4890 4914/5529/4873 4894/5512/4856
f 4930/5549/4890 4927/5548/4889 4913/5530/4874 4914/5529/4873
f 4842/5457/4802 4968/5592/4928 4983/5608/4943 4841/5455/4800
f 4991/5617/4951 4971/5618/4929 4972/5597/4932 4814/5428/4774
f 4936/5556/4897 4991/5617/4951 4814/5428/4774 4815/5427/4773
f 4970/5619/4930 4971/5618/4929 4958/5582/4919 4992/5620/4952
f 4971/5618/4929 4991/5617/4951 4929/5546/4887 4958/5582/4919
f 4991/5617/4951 4936/5556/4897 4928/5547/4888 4929/5546/4887
f 4928/5547/4888 4936/5556/4897 4937/5555/4896 4993/5621/4953
f 4993/5621/4953 4937/5555/4896 4994/5622/4954 4995/5623/4955
f 4940/5561/4902 4782/5396/4742 4714/5104/4501 4715/5103/4500
f 4716/5105/4502 4783/5399/4745 4784/5398/4744 4705/4933/4343
f 4615/4915/4325 4794/5408/4754 4791/5407/4753 4717/5106/4503
f 4794/5408/4754 4835/5450/4795 4996/5624/4956 4793/5405/4751
f 4850/5465/4810 4847/5464/4809 4712/5059/4461 4718/5108/4505
f 4917/5533/4877 4851/5466/4811 4784/5398/4744 4785/5397/4743
f 4713/5058/4460 4931/5550/4891 4783/5399/4745 4716/5105/4502
f 4706/4934/4344 4851/5466/4811 4943/5562/4903 4719/5109/4506
f 4850/5465/4810 4791/5407/4753 4792/5406/4752 4849/5462/4807
f 4931/5550/4891 4847/5464/4809 4848/5463/4808 4912/5526/4870
f 4898/5514/4858 4899/5515/4859 4793/5405/4751 4996/5624/4956
f 4766/5380/4726 4909/5525/4869 4883/5499/4843 4884/5498/4842
f 4837/5452/4797 4907/5524/4868 4908/5523/4867 4836/5453/4798
f 4905/5519/4863 4901/5517/4861 4902/5518/4862 4904/5520/4864
f 4871/5486/4831 4885/5501/4845 4882/5500/4844 4838/5451/4796
f 4882/5500/4844 4883/5499/4843 4837/5452/4797 4838/5451/4796
f 4837/5452/4797 4883/5499/4843 4909/5525/4869 4907/5524/4868
f 4907/5524/4868 4909/5525/4869 4619/5001/4410 4618/4997/4406
f 4762/5375/4723 4984/5609/4944 4898/5625/4858 4764/5376/4724
f 4984/5609/4944 4986/5611/4946 4891/5626/4851 4898/5625/4858
f 4986/5611/4946 4985/5610/4945 4890/5627/4848 4891/5626/4851
f 4985/5610/4945 4987/5612/4947 4955/5628/4915 4890/5627/4848
f 4764/5376/4724 4996/5629/4956 4835/5630/4795 4765/5377/4725
f 4765/5377/4725 4835/5630/4795 4614/5631/4327 4612/5379/4254
f 4919/5535/4878 4990/5615/4950 4988/5613/4948 4962/5585/4922
f 4831/5447/4793 4988/5613/4948 4990/5615/4950 4987/5612/4947
f 4955/5628/4915 4987/5612/4947 4990/5615/4950 4989/5614/4949
f 4919/5535/4878 4962/5585/4922 4961/5584/4921 4918/5536/4879
f 4955/5632/4915 4989/5633/4949 4804/5418/4764 4790/5404/4750
f 4804/5418/4764 4805/5417/4763 4966/5590/4926 4789/5401/4747
f 4805/5417/4763 4861/5477/4822 4967/5591/4927 4966/5590/4926
f 4920/5538/4880 4873/5488/4833 4854/5467/4812 4855/5470/4815
f 4872/5487/4832 4881/5497/4841 4854/5467/4812 4873/5488/4833
f 4854/5467/4812 4881/5497/4841 4997/5634/4957 4853/5468/4813
f 4935/5554/4895 4934/5553/4894 4998/5635/4958 4999/5636/4959
f 5001/5637/4960 5000/5638/4961 4801/5413/4759 4932/5551/4892
f 5000/5638/4961 4621/5126/4513 4620/5125/4512 5002/5639/4962
f 5003/5640/4963 4875/5490/4835 4922/5542/4883 5004/5641/4964
f 4932/5551/4892 4998/5635/4958 4934/5553/4894 5001/5637/4960
f 5001/5637/4960 4710/5031/4437 4622/5130/4517
f 5005/5642/4965 4944/5564/4905 4808/5422/4768 4809/5421/4767
f 5005/5642/4965 4809/5421/4767 4818/5432/4778 5006/5643/4966
f 4952/5571/4912 4829/5441/4787 4830/5444/4790 4951/5568/4909
f 4951/5568/4909 4830/5444/4790 5007/5644/4967 5008/5645/4968
f 4845/5460/4805 4846/5459/4804 5010/5646/4969 5009/5647/4970
f 4942/5559/4900 4943/5562/4903 4851/5466/4811 4917/5533/4877
f 5012/5648/4971 5011/5649/4972 4857/5472/4817 4858/5471/4816
f 4777/5391/4737 4778/5390/4736 5013/5650/4973 5014/5651/4974
f 4941/5560/4901 4781/5393/4739 4782/5396/4742 4940/5561/4902
f 5008/5645/4968 5015/5652/4975 4950/5569/4910 4951/5568/4909
f 5017/5653/4976 5016/5654/4977 4777/5391/4737 4945/5563/4904
f 4945/5563/4904 4947/5567/4908 5018/5655/4978 5017/5653/4976
f 5021/5656/4979 5020/5657/4980 5019/5658/4981 5022/5659/4982
f 5020/5657/4980 5021/5656/4979 5023/5660/4983 5024/5661/4984
f 4846/5459/4804 4807/5423/4769 4808/5422/4768 5010/5646/4969
f 5010/5646/4969 4808/5422/4768 4944/5564/4905 5014/5651/4974
f 4916/5531/4875 4939/5558/4899 4844/5461/4806 4915/5532/4876
f 4845/5460/4805 5009/5647/4970 4942/5559/4900 4917/5533/4877
f 4942/5559/4900 5009/5647/4970 5013/5650/4973 4941/5560/4901
f 4941/5560/4901 5013/5650/4973 4778/5390/4736 4781/5393/4739
f 5014/5651/4974 5013/5650/4973 5009/5647/4970 5010/5646/4969
f 4964/5586/4923 4961/5584/4921 4960/5583/4920 4906/5522/4866
f 4904/5520/4864 4902/5518/4862 4885/5501/4845 4871/5486/4831
f 5026/5662/4985 4869/5483/4828 5025/5663/4986 5027/5664/4987
f 4828/5442/4788 4829/5441/4787 4818/5665/4778 4817/5666/4777
f 4829/5441/4787 4952/5571/4912 5006/5667/4966 4818/5665/4778
f 4952/5571/4912 4949/5570/4911 4948/5668/4907 5006/5667/4966
f 5022/5659/4982 5019/5658/4981 5018/5669/4978 4947/5670/4908
f 4926/5544/4885 4799/5415/4761 4800/5414/4760 5028/5671/4988
f 4864/5479/4824 4865/5478/4823 4994/5622/4954 4937/5555/4896
f 4817/5431/4777 4810/5424/4770 4866/5481/4826 5025/5672/4986
f 4868/5484/4829 4856/5473/4818 4857/5472/4817 4827/5443/4789
f 4917/5533/4877 4915/5532/4876 4844/5461/4806 4845/5460/4805
f 4817/5666/4777 5025/5663/4986 4869/5483/4828 4828/5442/4788
f 4870/5485/4830 4873/5488/4833 4920/5538/4880 5029/5673/4989
f 5029/5673/4989 4920/5538/4880 4880/5496/4840 4903/5521/4865
f 4757/5369/4717 4758/5368/4716 4755/5367/4715 4754/5366/4714
f 4758/5368/4716 4767/5382/4728 4763/5374/4722 4755/5367/4715
f 4767/5382/4728 4886/5502/4846 4887/5503/4847 4763/5374/4722
f 4767/5382/4728 4768/5381/4727 4901/5517/4861 4886/5502/4846
f 4904/5520/4864 4871/5486/4831 5029/5673/4989 4903/5521/4865
f 5018/5669/4978 5019/5658/4981 5031/5674/4990 5030/5675/4991
f 5020/5657/4980 5032/5676/4992 5031/5674/4990 5019/5658/4981
f 5024/5661/4984 5033/5677/4993 5032/5676/4992 5020/5657/4980
f 5018/5655/4978 5030/5678/4991 5016/5654/4977 5017/5653/4976
f 5026/5662/4985 5034/5679/4994 4868/5484/4829 4869/5483/4828
f 4868/5484/4829 5034/5679/4994 5035/5680/4995 4856/5473/4818
f 5035/5680/4995 4860/5475/4820 4859/5474/4819 4856/5473/4818
f 4947/5670/4908 4948/5668/4907 4949/5570/4911 5022/5659/4982
f 5022/5659/4982 4949/5570/4911 4950/5569/4910 5021/5656/4979
f 5021/5656/4979 4950/5569/4910 5015/5652/4975 5023/5660/4983
f 5023/5660/4983 5015/5652/4975 5036/5681/4996 5037/5682/4997
f 5033/5677/4993 5024/5661/4984 4795/5411/4757 5038/5683/4998
f 4948/5566/4907 4946/5565/4906 5005/5642/4965 5006/5643/4966
f 5040/5684/4999 5039/5685/5000 4720/5175/4554 4721/5174/4553
f 4819/5686/4781 4921/5687/4881 4876/5489/4834 4822/5492/4782
f 4954/5572/4913 4852/5688/4814 4853/5689/4813 4999/5636/4959
f 4999/5636/4959 4853/5689/4813 4997/5690/4957 4935/5554/4895
f 4923/5541/4882 4876/5489/4834 4921/5687/4881 4852/5688/4814
f 4772/5386/4732 4770/5385/4731 4761/5373/4721 4760/5372/4720
f 4770/5385/4731 4773/5388/4734 4769/5383/4729 4761/5373/4721
f 4769/5383/4729 4773/5388/4734 4885/5501/4845 4902/5518/4862
f 4724/5181/4556 4858/5471/4816 4859/5474/4819 4616/4946/4356
f 4879/5493/4837 4855/5470/4815 4852/5469/4814 4921/5539/4881
f 4998/5635/4958 4953/5573/4914 4954/5572/4913 4999/5636/4959
f 4933/5552/4893 4953/5573/4914 4998/5635/4958 4932/5551/4892
f 4964/5586/4923 4877/5495/4839 4878/5494/4838 4963/5587/4924
f 4819/5540/4781 4820/5588/4780 4963/5587/4924 4878/5494/4838
f 4939/5558/4899 4913/5530/4874 4995/5623/4955 4843/5458/4803
f 4843/5458/4803 4995/5623/4955 4994/5622/4954 4807/5423/4769
f 4995/5623/4955 4913/5530/4874 4927/5548/4889 4993/5621/4953
f 4973/5598/4933 4975/5691/4935 4976/5692/4934 4813/5429/4775
f 4813/5429/4775 4980/5693/4940 4981/5694/4941 4816/5430/4776
f 5027/5695/4987 5025/5672/4986 4866/5481/4826 4863/5480/4825
f 4865/5478/4823 4866/5481/4826 4807/5423/4769 4994/5622/4954
f 4863/5480/4825 4816/5430/4776 4982/5696/4942 5027/5695/4987
f 5027/5664/4987 4982/5607/4942 4938/5557/4898 5026/5662/4985
f 5026/5662/4985 4938/5557/4898 4925/5545/4886 5034/5679/4994
f 5034/5679/4994 4925/5545/4886 4926/5544/4885 5035/5680/4995
f 4926/5544/4885 5028/5671/4988 4860/5475/4820 5035/5680/4995
f 4860/5475/4820 5028/5671/4988 4624/5188/4557 4617/4944/4354
f 5000/5638/4961 5002/5639/4962 4800/5414/4760 4801/5413/4759
f 5002/5639/4962 4624/5188/4557 5028/5671/4988 4800/5414/4760
f 4726/5189/4558 4725/5192/4561 5041/5697/5001 5042/5698/5002
f 4725/5192/4561 4625/5194/4563 5043/5699/5003 5041/5697/5001
f 5030/5678/4991 5045/5700/5004 5044/5701/5005 5016/5654/4977
f 5031/5674/4990 5046/5702/5006 5045/5703/5004 5030/5675/4991
f 5032/5676/4992 5047/5704/5007 5046/5702/5006 5031/5674/4990
f 4798/5412/4758 5048/5705/5008 5042/5698/5002 4797/5409/4755
f 5042/5698/5002 5048/5705/5008 5040/5684/4999 4726/5189/4558
f 4827/5443/4789 4857/5472/4817 5011/5649/4972 5007/5644/4967
f 5011/5649/4972 5049/5706/5009 5008/5645/4968 5007/5644/4967
f 4892/5509/4853 4895/5511/4855 4896/5510/4854 4900/5516/4860
f 4899/5515/4859 4900/5516/4860 4792/5406/4752 4793/5405/4751
f 4900/5516/4860 4896/5510/4854 4849/5462/4807 4792/5406/4752
f 4894/5512/4856 4895/5511/4855 4992/5620/4952 4959/5581/4918
f 4957/5580/4917 4956/5579/4916 4992/5620/4952 4895/5511/4855
f 4970/5619/4930 4992/5620/4952 4956/5579/4916 4841/5578/4800
f 5015/5652/4975 5008/5645/4968 5039/5685/5000 5036/5681/4996
f 5024/5661/4984 5037/5682/4997 4798/5412/4758 4795/5411/4757
f 5037/5682/4997 5036/5681/4996 5048/5705/5008 4798/5412/4758
f 5048/5705/5008 5036/5681/4996 5039/5685/5000 5040/5684/4999
f 4775/5389/4735 5051/5707/5010 5050/5708/5011 4780/5394/4740
f 4780/5394/4740 5050/5708/5011 5052/5709/5012 4779/5395/4741
f 5051/5707/5010 4775/5389/4735 4776/5392/4738 5044/5701/5005
f 4776/5392/4738 4777/5391/4737 5016/5654/4977 5044/5701/5005
f 4728/5205/4573 4727/5206/4574 4779/5395/4741 5052/5709/5012
f 4778/5390/4736 4775/5389/4735 4780/5394/4740 4781/5393/4739
f 5033/5677/4993 5053/5710/5013 5047/5704/5007 5032/5676/4992
f 5038/5683/4998 4796/5410/4756 5043/5699/5003 5054/5711/5014
f 5054/5711/5014 5053/5710/5013 5033/5677/4993 5038/5683/4998
f 4867/5482/4827 5056/5712/5015 5055/5713/5016 4862/5476/4821
f 4965/5589/4925 5057/5714/5017 5056/5712/5015 4867/5482/4827
f 4861/5477/4822 5059/5715/5018 5058/5716/5019 4967/5591/4927
f 4874/5616/4836 5060/5717/5020 5057/5714/5017 4965/5589/4925
f 4967/5591/4927 5058/5716/5019 5061/5718/5021 4968/5592/4928
f 4862/5476/4821 5055/5713/5016 5059/5715/5018 4861/5477/4822
f 4972/5596/4932 5063/5719/5022 5062/5720/5023 4973/5721/4933
f 4975/5722/4935 5065/5723/5024 5064/5724/5025 4974/5725/4936
f 4969/5595/4931 5066/5726/5026 5063/5719/5022 4972/5596/4932
f 5067/5727/5027 5060/5717/5020 4874/5616/4836 4978/5728/4939
f 4973/5729/4933 5062/5730/5023 5065/5723/5024 4975/5722/4935
f 5067/5727/5027 4978/5728/4939 4974/5725/4936 5064/5724/5025
f 4978/5604/4939 4979/5603/4938 4977/5602/4937 4974/5601/4936
f 4979/5603/4938 5003/5640/4963 4824/5438/4784 4977/5602/4937
f 4824/5438/4784 5003/5640/4963 5004/5641/4964 4924/5543/4884
f 4924/5543/4884 5004/5641/4964 4953/5573/4914 4933/5552/4893
f 4968/5592/4928 5061/5718/5021 5068/5731/5028 4983/5608/4943
f 4983/5608/4943 5068/5731/5028 5066/5726/5026 4969/5595/4931
f 5056/5712/5015 5070/5732/5029 5069/5733/5030 5055/5713/5016
f 5057/5714/5017 5071/5734/5031 5070/5732/5029 5056/5712/5015
f 5059/5715/5018 5073/5735/5032 5072/5736/5033 5058/5716/5019
f 5060/5717/5020 5074/5737/5034 5071/5734/5031 5057/5714/5017
f 5058/5716/5019 5072/5736/5033 5075/5738/5035 5061/5718/5021
f 5055/5713/5016 5069/5733/5030 5073/5735/5032 5059/5715/5018
f 5070/5732/5029 5077/4799/4209 5076/5739/5036 5069/5733/5030
f 5071/5734/5031 5078/4800/4210 5077/4799/4209 5070/5732/5029
f 5073/5735/5032 5080/5740/5037 5079/5741/5038 5072/5736/5033
f 5074/5737/5034 5081/5742/5039 5078/4800/4210 5071/5734/5031
f 5072/5736/5033 5079/5741/5038 5082/5743/5040 5075/5738/5035
f 5069/5733/5030 5076/5739/5036 5080/5740/5037 5073/5735/5032
f 5063/5719/5022 5084/5744/5041 5083/5745/5042 5062/5720/5023
f 5065/5723/5024 5086/5746/5043 5085/5747/5044 5064/5724/5025
f 5066/5726/5026 5087/5748/5045 5084/5744/5041 5063/5719/5022
f 5067/5727/5027 5088/5749/5046 5081/5742/5039 5074/5737/5034
f 5062/5730/5023 5083/5750/5042 5086/5746/5043 5065/5723/5024
f 5064/5724/5025 5085/5747/5044 5088/5749/5046 5067/5727/5027
f 5075/5738/5035 5082/5743/5040 5089/5751/5047 5068/5731/5028
f 5068/5731/5028 5089/5751/5047 5087/5748/5045 5066/5726/5026
f 5077/4799/4209 5091/4798/4208 5090/5752/5048 5076/5739/5036
f 5080/5740/5037 5093/5753/5049 5092/5754/5050 5079/5741/5038
f 5081/5742/5039 5095/5755/5051 5094/4797/4207 5078/4800/4210
f 5079/5741/5038 5092/5754/5050 5096/5756/5052 5082/5743/5040
f 5084/5744/5041 5098/5757/5053 5097/5758/5054 5083/5745/5042
f 5086/5746/5043 5100/5759/5055 5099/5760/5056 5085/5747/5044
f 5088/5749/5046 5101/5761/5057 5095/5755/5051 5081/5742/5039
f 5083/5750/5042 5097/5762/5054 5100/5759/5055 5086/5746/5043
f 5085/5747/5044 5099/5760/5056 5101/5761/5057 5088/5749/5046
f 5082/5743/5040 5096/5756/5052 5102/5763/5058 5089/5751/5047
f 5089/5751/5047 5102/5763/5058 5103/5764/5059 5087/5748/5045
f 4744/5355/4703 4611/5378/4253 4610/5765/4622 4743/5356/4704
f 5049/5706/5009 4729/5263/4623 4720/5175/4554 5039/5685/5000
f 5001/5637/4960 4623/5129/4516 4621/5126/4513 5000/5638/4961
f 4908/5523/4867 4709/4996/4405 4708/4969/4378 4872/5487/4832
f 4707/4968/4377 4723/5264/4212 4997/5634/4957 4881/5497/4841
f 5012/5648/4971 4730/5265/4624 4729/5263/4623 5049/5706/5009
f 4718/5108/4505 4717/5106/4503 4791/5407/4753 4850/5465/4810
f 4858/5471/4816 4724/5181/4556 4730/5265/4624 5012/5648/4971
f 4715/5103/4500 4719/5109/4506 4943/5562/4903 4940/5561/4902
f 4727/5206/4574 4714/5104/4501 4782/5396/4742 4779/5395/4741
f 4797/5409/4755 5041/5697/5001 5043/5699/5003 4796/5410/4756
f 5084/5744/5041 5087/5748/5045 5103/5764/5059 5098/5757/5053
f 5106/5766/5060 5105/5767/5061 5104/5768/5062 5043/5699/5003
f 5108/5769/5063 5107/5770/5064 5105/5767/5061 5106/5766/5060
f 5104/5768/5062 5109/5771/5065 5054/5711/5014 5043/5699/5003
f 5107/5772/5064 5111/5773/5066 5110/5774/5067 5112/5775/5068
f 5114/5776/5069 5113/5777/5070 5116/5778/5071 5115/5779/5072
f 5117/5780/5073 5116/5778/5071 5113/5777/5070 5044/5701/5005
f 5120/5781/5074 5119/5782/5075 5118/5783/5076 5117/5780/5073
f 5122/5784/5077 5121/5785/5078 5119/5786/5075 5120/5787/5074
f 5109/5771/5065 5124/5788/5079 5123/5789/5080 5125/5790/5081
f 5105/5767/5061 5127/5791/5082 5126/5792/5083 5104/5768/5062
f 5112/5793/5068 5128/5794/5084 5127/5791/5082 5105/5767/5061
f 5104/5768/5062 5126/5792/5083 5124/5788/5079 5109/5771/5065
f 5110/5774/5067 5129/5795/5085 5128/5796/5084 5112/5775/5068
f 5117/5780/5073 5118/5783/5076 5130/5797/5086 5116/5778/5071
f 5130/5797/5086 5131/5798/5087 5115/5779/5072 5116/5778/5071
f 5118/5783/5076 5119/5782/5075 5132/5799/5088 5133/5800/5089
f 5121/5785/5078 5134/5801/5090 5132/5802/5088 5119/5786/5075
f 5134/5801/5090 5121/5785/5078 5136/5803/5091 5135/5804/5092
f 5123/5789/5080 5124/5788/5079 5137/5805/5093 5138/5806/5094
f 5141/5807/5095 5140/5808/5096 5139/5809/5097 5142/5810/5098
f 5126/5792/5083 5127/5791/5082 5143/5811/5099 5144/5812/5100
f 5128/5794/5084 5145/5813/5101 5143/5811/5099 5127/5791/5082
f 5124/5788/5079 5126/5792/5083 5144/5812/5100 5137/5805/5093
f 5129/5795/5085 5146/5814/5102 5145/5815/5101 5128/5796/5084
f 5147/5816/5103 5150/5817/5104 5149/5818/5105 5148/5819/5106
f 5148/5819/5106 5131/5798/5087 5130/5797/5086 5147/5816/5103
f 5147/5816/5103 5130/5797/5086 5118/5783/5076 5133/5800/5089
f 5151/5820/5107 5141/5807/5095 5142/5810/5098 5152/5821/5108
f 5153/5822/5109 5132/5802/5088 5134/5801/5090 5154/5823/5110
f 5154/5823/5110 5134/5801/5090 5135/5804/5092 5155/5824/5111
f 5152/5821/5108 5142/5810/5098 5136/5803/5091 5122/5784/5077
f 5142/5810/5098 5139/5809/5097 5135/5804/5092 5136/5803/5091
f 5155/5824/5111 5135/5804/5092 5139/5809/5097 5156/5825/5112
f 5137/5805/5093 5144/5812/5100 5158/5826/5113 5157/5827/5114
f 5125/5790/5081 5123/5789/5080 5141/5807/5095 5151/5820/5107
f 5141/5807/5095 5123/5789/5080 5138/5806/5094 5140/5808/5096
f 5156/5825/5112 5139/5809/5097 5140/5808/5096 5159/5828/5115
f 5160/5829/5116 5158/5826/5113 5144/5812/5100 5143/5811/5099
f 5157/5827/5114 5159/5828/5115 5140/5808/5096 5138/5806/5094
f 5117/5780/5073 5044/5701/5005 5045/5700/5004 5120/5781/5074
f 5120/5787/5074 5045/5703/5004 5046/5702/5006 5122/5784/5077
f 5151/5820/5107 5152/5821/5108 5046/5702/5006 5047/5704/5007
f 5151/5820/5107 5047/5704/5007 5053/5710/5013 5125/5790/5081
f 5145/5813/5101 5161/5830/5117 5160/5829/5116 5143/5811/5099
f 5145/5815/5101 5146/5814/5102 5162/5831/5118 5161/5832/5117
f 5054/5711/5014 5109/5771/5065 5125/5790/5081 5053/5710/5013
f 5133/5800/5089 5132/5799/5088 5153/5833/5109 5163/5834/5119
f 5050/5708/5011 5051/5707/5010 5113/5777/5070 5114/5776/5069
f 5111/5773/5066 5107/5772/5064 5108/5835/5063 5052/5709/5012
f 5114/5776/5069 5111/5773/5066 5052/5709/5012 5050/5708/5011
f 5111/5773/5066 5114/5776/5069 5115/5779/5072 5110/5774/5067
f 5110/5774/5067 5115/5779/5072 5131/5798/5087 5129/5795/5085
f 5131/5798/5087 5148/5819/5106 5146/5814/5102 5129/5795/5085
f 5162/5831/5118 5146/5814/5102 5148/5819/5106 5149/5818/5105
f 5150/5817/5104 5147/5816/5103 5133/5800/5089 5163/5834/5119
f 5043/5699/5003 4625/5194/4563 4731/5336/4685 5106/5766/5060
f 5106/5766/5060 4731/5336/4685 4732/5337/4686 5108/5769/5063
f 5108/5835/5063 4732/5338/4686 4728/5205/4573 5052/5709/5012
f 4772/5386/4732 5164/5836/5120 4735/5345/4693 4736/5348/4696
f 4760/5372/4720 5165/5837/5121 5164/5836/5120 4772/5386/4732
f 4774/5387/4733 4771/5384/4730 5166/5838/5122 4884/5498/4842
f 4884/5498/4842 5166/5838/5122 4752/5364/4712 4766/5380/4726
f 5166/5838/5122 4753/5365/4713 4751/5362/4710 4752/5364/4712
f 4753/5365/4713 5166/5838/5122 4771/5384/4730 4736/5348/4696
f 4756/5370/4718 5167/5839/5123 5165/5837/5121 4760/5372/4720
f 4757/5369/4717 5168/5840/5124 5167/5839/5123 4756/5370/4718
f 4754/5366/4714 5169/5841/5125 5168/5840/5124 4757/5369/4717
f 4692/4830/4240 4258/4807/4217 4688/4806/4216
f 4458/5042/4448 4499/5041/4447 4346/5131/4518
f 4342/5139/4526 4459/4857/4267 4458/5042/4448
f 4324/5035/4441 4481/4926/4336 4473/4925/4335
f 4527/4875/4285 4487/5191/4560 4528/5190/4559
f 4547/5149/4536 4548/5170/4549 4455/5150/4537
f 4575/5234/4596 4579/5224/4589 4561/5214/4582
f 4580/5235/4597 4569/5215/4583 4568/5228/4590
f 4693/4827/4237 4260/4826/4236 4259/4809/4219
f 4288/5100/4497 4333/5025/4431 4395/5024/4430
f 4434/4886/4296 4279/4885/4295 4391/5118/4494
f 4402/4889/4299 4281/4888/4298 4476/4950/4360
f 4273/4909/4319 4444/4908/4318 4542/5134/4521
f 4344/5201/4569 4447/5137/4524 4445/5138/4525
f 4566/5127/4514 4303/4963/4372 4565/5083/4483
f 4357/4870/4280 4356/4869/4279 4351/4924/4334
f 4425/5089/4489 4388/4976/4385 4424/5088/4488
f 4414/5110/4396 4286/4841/4251 4429/5115/4504
f 4440/5017/4423 4567/5128/4515 4510/5049/4455
f 4442/5030/4436 4438/5122/4509 4710/5031/4437
f 4465/5062/4464 4369/4993/4402 4368/4992/4401
f 4483/5162/4542 4428/4957/4367 4320/4956/4366
f 4418/4999/4408 4301/4920/4330 4307/4959/4369
f 4278/4919/4329 4428/4957/4367 4306/4958/4368
f 4997/5690/4957 4723/4802/4212 4722/4801/4211 4935/5554/4895
f 4350/4868/4278 4271/4867/4277 4434/4886/4296
f 4501/5180/4348 4329/5018/4424 4509/5050/4456
f 4508/5028/4434 4330/5019/4425 4341/4880/4290
f 4330/5019/4425 4294/4906/4316 4336/4905/4315
f 4369/4993/4402 4370/5065/4467 4511/4966/4375
f 4473/4925/4335 4268/4928/4338 4402/4889/4299
f 4515/5182/4478 4298/4895/4305 4516/5185/4484
f 4517/5184/4485 4338/4894/4304 4520/5187/4486
f 4525/5124/4511 4624/5188/4557 4626/5842/5126
f 4536/5172/4551 4526/4878/4288 4538/4877/4287
f 4539/5173/4552 4726/5189/4558 4721/5174/4553
f 4500/5176/4555 4344/5201/4569 4348/5133/4520
f 4544/5099/4496 4393/5061/4463 4362/5060/4462
f 4375/5079/4479 4383/4903/4313 4294/4906/4316
f 5002/5639/4962 4620/5125/4512 4525/5124/4511 4626/5842/5126
f 5093/5753/5049 5080/5740/5037 5076/5739/5036 5090/5752/5048
f 4553/5195/4564 4551/5203/4571 4636/5279/4637
f 4660/5305/4658 4680/5326/4678 4659/5306/4659
f 4682/5198/4566 4645/5284/4642 4672/5321/4673
f 4628/5268/4627 4635/5293/4631 4630/5270/4629
f 4645/5284/4642 4644/5287/4643 4658/5304/4657
f 4265/4832/4242 4697/5344/4692 4700/4812/4222
f 4753/5365/4713 4736/5348/4696 4733/5347/4695
f 4944/5564/4905 5005/5642/4965 4946/5565/4906
f 5014/5651/4974 4944/5564/4905 4777/5391/4737
f 4939/5558/4899 4843/5458/4803 4844/5461/4806
f 4797/5409/4755 5042/5698/5002 5041/5697/5001
f 5024/5661/4984 5023/5660/4983 5037/5682/4997
f 5074/5737/5034 5060/5717/5020 5067/5727/5027
f 5075/5738/5035 5068/5731/5028 5061/5718/5021
f 4751/5362/4710 4737/5350/4698 4750/5363/4711
f 4993/5621/4953 4927/5548/4889 4928/5547/4888
f 4804/5418/4764 4989/5633/4949 4803/5419/4765
f 4807/5423/4769 4866/5481/4826 4810/5424/4770
f 4827/5443/4789 5007/5644/4967 4830/5444/4790
f 5049/5706/5009 5011/5649/4972 5012/5648/4971
f 5003/5640/4963 4979/5603/4938 4875/5490/4835
f 4788/5402/4748 4840/5456/4801 4787/5403/4749
f 4986/5611/4946 4984/5609/4944 4887/5503/4847
f 4898/5625/4858 4996/5629/4956 4764/5376/4724
f 4922/5542/4883 4953/5573/4914 5004/5641/4964
f 4934/5553/4894 4710/5031/4437 5001/5637/4960
f 4960/5583/4920 4905/5519/4863 4906/5522/4866
f 5029/5673/4989 4871/5486/4831 4870/5485/4830
f 4908/5523/4867 4872/5487/4832 4836/5453/4798
f 4839/5454/4799 4873/5488/4833 4870/5485/4830
f 4790/5404/4750 4804/5418/4764 4789/5401/4747
f 4852/5688/4814 4954/5572/4913 4923/5541/4882
f 4933/5552/4893 4802/5416/4762 4924/5543/4884
f 4924/5543/4884 4823/5439/4785 4824/5438/4784
f 4906/5522/4866 4877/5495/4839 4964/5586/4923
f 4843/5458/4803 4807/5423/4769 4846/5459/4804
f 4976/5692/4934 4980/5693/4940 4813/5429/4775
f 4981/5694/4941 4982/5696/4942 4816/5430/4776
f 5002/5639/4962 4626/5842/5126 4624/5188/4557
f 5038/5683/4998 4795/5411/4757 4796/5410/4756
f 5040/5684/4999 4721/5174/4553 4726/5189/4558
f 5039/5685/5000 5008/5645/4968 5049/5706/5009
f 4992/5620/4952 4958/5582/4919 4959/5581/4918
f 4977/5602/4937 4824/5438/4784 4825/5437/4783
f 4582/5236/4598 4596/5249/4610 4597/5251/4612 4583/5237/4599
f 5044/5701/5005 5113/5777/5070 5051/5707/5010
f 5138/5806/5094 5137/5805/5093 5157/5827/5114
f 5046/5702/5006 5152/5821/5108 5122/5784/5077
f 5105/5767/5061 5107/5770/5064 5112/5793/5068
f 5122/5784/5077 5136/5803/5091 5121/5785/5078
f 4754/5366/4714 4742/5354/4702 5169/5841/5125
f 4622/5130/4517 4710/5031/4437 4438/5122/4509
f 4622/5130/4517 4623/5129/4516 5001/5637/4960
f 4722/4801/4211 4711/5029/4435 4935/5554/4895
