# Blender 5.1.1
# www.blender.org
mtllib doors.mtl
o Door_B
v -0.533474 0.808074 -0.051666
v -0.533474 0.809801 -0.049666
v -0.535820 0.810073 -0.051666
v -0.536892 0.928899 -0.049666
v -0.536892 0.930899 -0.051666
v -0.539238 0.928899 -0.051666
v -0.533474 0.808074 -0.083181
v -0.536797 0.812421 -0.080351
v -0.533474 0.810073 -0.085181
v -0.536892 0.930899 -0.083181
v -0.535037 0.924000 -0.085181
v -0.540107 0.925671 -0.082635
v 0.455757 0.809305 -0.051666
v 0.457260 0.810073 -0.051666
v 0.455432 0.810073 -0.050929
v 0.452906 0.930077 -0.051666
v 0.453536 0.928899 -0.050614
v 0.454771 0.928899 -0.051666
v 0.455757 0.809305 -0.083181
v 0.453951 0.810073 -0.085181
v 0.457194 0.812285 -0.081256
v 0.453508 0.930899 -0.083181
v 0.456213 0.925883 -0.082534
v 0.452886 0.923691 -0.084329
v 0.259445 0.808074 -0.083181
v 0.060361 0.808074 -0.083181
v -0.138723 0.802223 -0.083181
v -0.337808 0.808074 -0.083181
v -0.337808 0.810073 -0.085181
v -0.141373 0.819190 -0.085181
v 0.060361 0.810073 -0.085181
v 0.259445 0.810073 -0.085181
v -0.337808 0.930899 -0.083181
v -0.138723 0.918133 -0.083181
v 0.060361 0.919197 -0.083181
v 0.259445 0.930899 -0.083181
v 0.259445 0.928899 -0.085181
v 0.060361 0.917197 -0.085181
v -0.138723 0.916133 -0.085181
v -0.337366 0.918013 -0.085181
v -0.337808 0.809003 -0.051431
v -0.138723 0.802223 -0.051666
v 0.060361 0.808074 -0.051666
v 0.259445 0.808997 -0.050743
v 0.259445 0.810073 -0.049666
v 0.060361 0.809216 -0.050523
v -0.138723 0.804223 -0.049666
v -0.337808 0.815509 -0.049783
v 0.259445 0.930899 -0.051666
v 0.060361 0.919197 -0.051666
v -0.138723 0.918133 -0.051666
v -0.337808 0.930899 -0.051666
v -0.337808 0.930203 -0.050971
v -0.138723 0.915494 -0.049666
v 0.060361 0.917197 -0.049666
v 0.259445 0.929899 -0.050666
v 0.403033 0.082415 0.046692
v 0.401772 0.076509 0.046692
v 0.405056 0.071440 0.046692
v 0.410962 0.070179 0.046692
v 0.416030 0.073463 0.046692
v 0.417291 0.079369 0.046692
v 0.414007 0.084438 0.046692
v 0.408101 0.085699 0.046692
v 0.405175 0.080939 0.049193
v 0.404329 0.076980 0.049193
v 0.406531 0.073583 0.049193
v 0.410490 0.072737 0.049193
v 0.413888 0.074939 0.049193
v 0.414734 0.078898 0.049193
v 0.412532 0.082295 0.049193
v 0.408573 0.083141 0.049193
v 0.408405 0.078715 0.050737
v 0.408187 0.077691 0.050913
v 0.408756 0.076813 0.050737
v 0.409779 0.076594 0.050913
v 0.410658 0.077163 0.050737
v 0.410876 0.078187 0.050913
v 0.410307 0.079065 0.050737
v 0.409284 0.079284 0.050913
v 0.409531 0.077939 0.051168
v 0.403033 0.082415 0.045205
v 0.401772 0.076509 0.045205
v 0.405056 0.071440 0.045205
v 0.410962 0.070179 0.045205
v 0.416030 0.073463 0.045205
v 0.417291 0.079369 0.045205
v 0.414007 0.084438 0.045205
v 0.408101 0.085699 0.045205
v -0.498247 0.073492 0.046818
v 0.420440 0.073492 0.046818
v -0.498247 0.082626 0.046818
v 0.420440 0.082626 0.046818
v -0.382172 0.073492 0.046818
v -0.397442 0.073492 0.046818
v -0.389807 0.063939 0.046818
v -0.222321 0.073492 0.046818
v -0.237591 0.073492 0.046818
v -0.229956 0.063939 0.046818
v -0.091066 0.073492 0.046818
v -0.106336 0.073492 0.046818
v -0.098701 0.063939 0.046818
v 0.059114 0.073492 0.046818
v 0.043844 0.073492 0.046818
v 0.051479 0.063939 0.046818
v 0.295356 0.073492 0.046818
v 0.280086 0.073492 0.046818
v 0.287721 0.063939 0.046818
v 0.280086 0.082626 0.046818
v 0.295356 0.082626 0.046818
v 0.287721 0.092179 0.046818
v 0.043844 0.082626 0.046818
v 0.059114 0.082626 0.046818
v 0.051479 0.092179 0.046818
v -0.106336 0.082626 0.046818
v -0.091066 0.082626 0.046818
v -0.098701 0.092179 0.046818
v -0.237591 0.082626 0.046818
v -0.222321 0.082626 0.046818
v -0.229956 0.092179 0.046818
v -0.397442 0.082626 0.046818
v -0.382172 0.082626 0.046818
v -0.389807 0.092179 0.046818
v -0.493732 0.082626 0.046818
v -0.478462 0.082626 0.046818
v -0.486097 0.092179 0.046818
v -0.478462 0.073492 0.046818
v -0.493732 0.073492 0.046818
v -0.486097 0.063939 0.046818
v 0.417437 0.073492 0.046818
v 0.402167 0.073492 0.046818
v 0.409802 0.063939 0.046818
v 0.402167 0.082626 0.046818
v 0.417437 0.082626 0.046818
v 0.409802 0.092179 0.046818
v -0.500064 0.070304 0.042078
v 0.422434 0.070304 0.042078
v -0.500064 0.084708 0.042078
v 0.422434 0.084708 0.042078
v -0.382172 0.070304 0.042078
v -0.397442 0.070304 0.042078
v -0.389807 0.060751 0.042078
v -0.222321 0.070304 0.042078
v -0.237591 0.070304 0.042078
v -0.229956 0.060751 0.042078
v -0.091066 0.070304 0.042078
v -0.106336 0.070304 0.042078
v -0.098701 0.060751 0.042078
v 0.059114 0.070304 0.042078
v 0.043844 0.070304 0.042078
v 0.051479 0.060751 0.042078
v 0.295356 0.070304 0.042078
v 0.280086 0.070304 0.042078
v 0.287721 0.060751 0.042078
v 0.280086 0.084708 0.042078
v 0.295356 0.084708 0.042078
v 0.287721 0.094260 0.042078
v 0.043844 0.084708 0.042078
v 0.059114 0.084708 0.042078
v 0.051479 0.094260 0.042078
v -0.106336 0.084708 0.042078
v -0.091066 0.084708 0.042078
v -0.098701 0.094260 0.042078
v -0.237591 0.084708 0.042078
v -0.222321 0.084708 0.042078
v -0.229956 0.094261 0.042078
v -0.397442 0.084708 0.042078
v -0.382172 0.084708 0.042078
v -0.389807 0.094260 0.042078
v -0.493732 0.084708 0.042078
v -0.478462 0.084708 0.042078
v -0.486097 0.094260 0.042078
v -0.478462 0.070304 0.042078
v -0.493732 0.070304 0.042078
v -0.486097 0.060751 0.042078
v 0.417437 0.070304 0.042078
v 0.402167 0.070304 0.042078
v 0.409802 0.060751 0.042078
v 0.402167 0.084708 0.042078
v 0.417437 0.084708 0.042078
v 0.409802 0.094261 0.042078
v -0.102655 0.084602 0.046692
v -0.106129 0.079661 0.046692
v -0.105091 0.073712 0.046692
v -0.100150 0.070239 0.046692
v -0.094201 0.071276 0.046692
v -0.090728 0.076217 0.046692
v -0.091765 0.082166 0.046692
v -0.096706 0.085640 0.046692
v -0.101262 0.082406 0.049192
v -0.103590 0.079093 0.049192
v -0.102895 0.075105 0.049192
v -0.099583 0.072777 0.049192
v -0.095594 0.073472 0.049192
v -0.093266 0.076785 0.049193
v -0.093962 0.080773 0.049193
v -0.097274 0.083101 0.049192
v -0.099161 0.079093 0.050737
v -0.099762 0.078237 0.050913
v -0.099583 0.077207 0.050737
v -0.098726 0.076605 0.050913
v -0.097696 0.076785 0.050737
v -0.097094 0.077641 0.050913
v -0.097274 0.078671 0.050737
v -0.098130 0.079273 0.050913
v -0.098428 0.077939 0.051168
v -0.102655 0.084602 0.045205
v -0.106129 0.079661 0.045205
v -0.105091 0.073712 0.045205
v -0.100150 0.070239 0.045205
v -0.094201 0.071276 0.045205
v -0.090728 0.076217 0.045205
v -0.091765 0.082166 0.045205
v -0.096706 0.085640 0.045205
v -0.238052 0.076915 0.046692
v -0.235036 0.071682 0.046692
v -0.229204 0.070115 0.046692
v -0.223971 0.073131 0.046692
v -0.222404 0.078963 0.046692
v -0.225420 0.084196 0.046692
v -0.231252 0.085763 0.046692
v -0.236484 0.082747 0.046692
v -0.235473 0.077252 0.049193
v -0.233451 0.073745 0.049193
v -0.229541 0.072694 0.049193
v -0.226033 0.074716 0.049193
v -0.224983 0.078626 0.049193
v -0.227004 0.082133 0.049193
v -0.230914 0.083184 0.049193
v -0.234422 0.081162 0.049193
v -0.231583 0.077762 0.050737
v -0.231061 0.076855 0.050913
v -0.230050 0.076583 0.050737
v -0.229144 0.077106 0.050913
v -0.228872 0.078116 0.050737
v -0.229395 0.079023 0.050913
v -0.230405 0.079295 0.050737
v -0.231312 0.078772 0.050913
v -0.230228 0.077939 0.051168
v -0.238052 0.076915 0.045205
v -0.235036 0.071682 0.045205
v -0.229204 0.070115 0.045205
v -0.223971 0.073131 0.045205
v -0.222404 0.078963 0.045205
v -0.225420 0.084196 0.045205
v -0.231252 0.085763 0.045205
v -0.236484 0.082747 0.045205
v -0.397274 0.081001 0.046692
v -0.397309 0.074961 0.046692
v -0.393063 0.070666 0.046692
v -0.387024 0.070632 0.046692
v -0.382729 0.074877 0.046692
v -0.382694 0.080917 0.046692
v -0.386940 0.085212 0.046692
v -0.392979 0.085246 0.046692
v -0.394877 0.079991 0.049193
v -0.394900 0.075943 0.049192
v -0.392054 0.073064 0.049192
v -0.388005 0.073040 0.049192
v -0.385126 0.075887 0.049193
v -0.385103 0.079935 0.049193
v -0.387949 0.082814 0.049193
v -0.391998 0.082838 0.049193
v -0.391262 0.078469 0.050737
v -0.391268 0.077423 0.050913
v -0.390532 0.076679 0.050737
v -0.389486 0.076673 0.050913
v -0.388742 0.077409 0.050737
v -0.388736 0.078455 0.050913
v -0.389471 0.079199 0.050737
v -0.390518 0.079205 0.050913
v -0.390002 0.077939 0.051168
v -0.397274 0.081001 0.045205
v -0.397309 0.074961 0.045205
v -0.393063 0.070666 0.045205
v -0.387024 0.070632 0.045205
v -0.382729 0.074877 0.045205
v -0.382694 0.080917 0.045205
v -0.386940 0.085212 0.045205
v -0.392979 0.085246 0.045205
v -0.494302 0.078451 0.046692
v -0.492396 0.072721 0.046692
v -0.486996 0.070016 0.046692
v -0.481266 0.071922 0.046692
v -0.478561 0.077322 0.046692
v -0.480467 0.083053 0.046692
v -0.485867 0.085757 0.046692
v -0.491598 0.083851 0.046692
v -0.491708 0.078265 0.049192
v -0.490430 0.074424 0.049192
v -0.486810 0.072610 0.049192
v -0.482969 0.073888 0.049192
v -0.481156 0.077508 0.049192
v -0.482433 0.081350 0.049192
v -0.486053 0.083163 0.049192
v -0.489895 0.081885 0.049192
v -0.487795 0.077984 0.050737
v -0.487465 0.076992 0.050913
v -0.486530 0.076523 0.050737
v -0.485537 0.076853 0.050913
v -0.485068 0.077789 0.050737
v -0.485398 0.078782 0.050913
v -0.486334 0.079250 0.050737
v -0.487327 0.078920 0.050913
v -0.486432 0.077887 0.051168
v -0.494302 0.078451 0.045205
v -0.492396 0.072721 0.045205
v -0.486996 0.070016 0.045205
v -0.481266 0.071922 0.045205
v -0.478561 0.077322 0.045205
v -0.480467 0.083053 0.045205
v -0.485867 0.085757 0.045205
v -0.491598 0.083851 0.045205
v 0.044175 0.081231 0.046692
v 0.043947 0.075196 0.046692
v 0.048054 0.070768 0.046692
v 0.054089 0.070540 0.046692
v 0.058517 0.074647 0.046692
v 0.058745 0.080682 0.046692
v 0.054638 0.085110 0.046692
v 0.048603 0.085338 0.046692
v 0.046539 0.080146 0.049193
v 0.046386 0.076100 0.049192
v 0.049139 0.073132 0.049192
v 0.053185 0.072979 0.049192
v 0.056153 0.075732 0.049193
v 0.056306 0.079778 0.049193
v 0.053553 0.082746 0.049193
v 0.049507 0.082899 0.049193
v 0.050103 0.078509 0.050737
v 0.050064 0.077464 0.050913
v 0.050775 0.076696 0.050737
v 0.051821 0.076657 0.050913
v 0.052588 0.077369 0.050737
v 0.052628 0.078414 0.050913
v 0.051916 0.079182 0.050737
v 0.050871 0.079221 0.050913
v 0.051346 0.077939 0.051168
v 0.044175 0.081231 0.045205
v 0.043947 0.075196 0.045205
v 0.048054 0.070768 0.045205
v 0.054089 0.070540 0.045205
v 0.058517 0.074647 0.045205
v 0.058745 0.080682 0.045205
v 0.054638 0.085110 0.045205
v 0.048603 0.085338 0.045205
v 0.283627 0.084738 0.046692
v 0.279992 0.079915 0.046692
v 0.280832 0.073935 0.046692
v 0.285655 0.070300 0.046692
v 0.291635 0.071140 0.046692
v 0.295270 0.075963 0.046692
v 0.294430 0.081943 0.046692
v 0.289607 0.085578 0.046692
v 0.284947 0.082497 0.049193
v 0.282510 0.079264 0.049193
v 0.283073 0.075255 0.049192
v 0.286306 0.072818 0.049193
v 0.290315 0.073381 0.049193
v 0.292752 0.076614 0.049193
v 0.292189 0.080623 0.049193
v 0.288956 0.083060 0.049193
v 0.286937 0.079117 0.050737
v 0.286307 0.078281 0.050913
v 0.286453 0.077245 0.050737
v 0.287289 0.076615 0.050913
v 0.288325 0.076761 0.050737
v 0.288955 0.077597 0.050913
v 0.288809 0.078633 0.050737
v 0.287973 0.079263 0.050913
v 0.287631 0.077939 0.051168
v 0.283627 0.084738 0.045205
v 0.279992 0.079915 0.045205
v 0.280832 0.073935 0.045205
v 0.285655 0.070300 0.045205
v 0.291635 0.071140 0.045205
v 0.295270 0.075963 0.045205
v 0.294430 0.081943 0.045205
v 0.289607 0.085578 0.045205
v 0.397776 1.368796 0.046692
v 0.396515 1.362889 0.046692
v 0.399799 1.357821 0.046692
v 0.405705 1.356560 0.046692
v 0.410773 1.359844 0.046692
v 0.412035 1.365750 0.046692
v 0.408750 1.370818 0.046692
v 0.402844 1.372080 0.046692
v 0.399918 1.367320 0.049192
v 0.399073 1.363361 0.049192
v 0.401274 1.359963 0.049192
v 0.405234 1.359118 0.049192
v 0.408631 1.361319 0.049192
v 0.409477 1.365279 0.049192
v 0.407275 1.368676 0.049192
v 0.403316 1.369522 0.049192
v 0.403149 1.365095 0.050736
v 0.402930 1.364072 0.050913
v 0.403499 1.363194 0.050736
v 0.404523 1.362975 0.050913
v 0.405401 1.363544 0.050736
v 0.405619 1.364567 0.050913
v 0.405050 1.365446 0.050736
v 0.404027 1.365664 0.050913
v 0.404275 1.364320 0.051168
v 0.397776 1.368796 0.045205
v 0.396515 1.362889 0.045205
v 0.399799 1.357821 0.045205
v 0.405705 1.356560 0.045205
v 0.410773 1.359844 0.045205
v 0.412035 1.365750 0.045205
v 0.408750 1.370818 0.045205
v 0.402844 1.372080 0.045205
v -0.500945 1.359873 0.046818
v 0.417432 1.359873 0.046818
v -0.500945 1.369007 0.046818
v 0.417432 1.369007 0.046818
v -0.368962 1.359873 0.046818
v -0.384231 1.359873 0.046818
v -0.376596 1.350320 0.046818
v -0.215328 1.359873 0.046818
v -0.230597 1.359873 0.046818
v -0.222963 1.350320 0.046818
v -0.086403 1.359873 0.046818
v -0.101673 1.359873 0.046818
v -0.094038 1.350320 0.046818
v 0.085534 1.359873 0.046818
v 0.070264 1.359873 0.046818
v 0.077899 1.350320 0.046818
v 0.292248 1.359873 0.046818
v 0.276978 1.359873 0.046818
v 0.284613 1.350320 0.046818
v 0.276978 1.369007 0.046818
v 0.292248 1.369007 0.046818
v 0.284613 1.378559 0.046818
v 0.070264 1.369007 0.046818
v 0.085534 1.369007 0.046818
v 0.077899 1.378559 0.046818
v -0.101673 1.369007 0.046818
v -0.086403 1.369007 0.046818
v -0.094038 1.378559 0.046818
v -0.230597 1.369007 0.046818
v -0.215328 1.369007 0.046818
v -0.222963 1.378559 0.046818
v -0.384231 1.369007 0.046818
v -0.368962 1.369007 0.046818
v -0.376597 1.378559 0.046818
v -0.493732 1.369006 0.046818
v -0.478462 1.369006 0.046818
v -0.486097 1.378559 0.046818
v -0.478462 1.359873 0.046818
v -0.493732 1.359873 0.046818
v -0.486097 1.350320 0.046818
v 0.412180 1.359873 0.046818
v 0.396910 1.359873 0.046818
v 0.404545 1.350320 0.046818
v 0.396910 1.369007 0.046818
v 0.412180 1.369007 0.046818
v 0.404545 1.378559 0.046818
v -0.502762 1.356685 0.042078
v 0.419788 1.356685 0.042078
v -0.502762 1.371088 0.042078
v 0.419788 1.371088 0.042078
v -0.368962 1.356685 0.042078
v -0.384232 1.356685 0.042078
v -0.376596 1.347132 0.042078
v -0.215328 1.356685 0.042078
v -0.230597 1.356685 0.042078
v -0.222963 1.347132 0.042078
v -0.086403 1.356685 0.042078
v -0.101673 1.356685 0.042078
v -0.094038 1.347132 0.042078
v 0.085534 1.356685 0.042078
v 0.070264 1.356685 0.042078
v 0.077899 1.347132 0.042078
v 0.292248 1.356685 0.042078
v 0.276978 1.356685 0.042078
v 0.284613 1.347132 0.042078
v 0.276978 1.371088 0.042078
v 0.292248 1.371088 0.042078
v 0.284613 1.380641 0.042078
v 0.070264 1.371088 0.042078
v 0.085534 1.371088 0.042078
v 0.077899 1.380641 0.042078
v -0.101673 1.371088 0.042078
v -0.086403 1.371088 0.042078
v -0.094038 1.380641 0.042078
v -0.230597 1.371088 0.042078
v -0.215328 1.371088 0.042078
v -0.222963 1.380641 0.042078
v -0.384231 1.371088 0.042078
v -0.368962 1.371088 0.042078
v -0.376597 1.380641 0.042078
v -0.493732 1.371088 0.042078
v -0.478462 1.371088 0.042078
v -0.486097 1.380641 0.042078
v -0.478462 1.356685 0.042078
v -0.493732 1.356685 0.042078
v -0.486097 1.347132 0.042078
v 0.412180 1.356685 0.042078
v 0.396910 1.356685 0.042078
v 0.404545 1.347132 0.042078
v 0.396910 1.371088 0.042078
v 0.412180 1.371088 0.042078
v 0.404545 1.380641 0.042078
v -0.097993 1.370983 0.046692
v -0.101466 1.366042 0.046692
v -0.100428 1.360092 0.046692
v -0.095488 1.356619 0.046692
v -0.089538 1.357657 0.046692
v -0.086065 1.362598 0.046692
v -0.087103 1.368547 0.046692
v -0.092044 1.372020 0.046692
v -0.096600 1.368786 0.049192
v -0.098928 1.365474 0.049192
v -0.098232 1.361486 0.049192
v -0.094920 1.359157 0.049192
v -0.090932 1.359853 0.049192
v -0.088603 1.363165 0.049192
v -0.089299 1.367154 0.049192
v -0.092611 1.369482 0.049192
v -0.094498 1.365474 0.050736
v -0.095100 1.364618 0.050913
v -0.094920 1.363587 0.050736
v -0.094064 1.362985 0.050913
v -0.093033 1.363165 0.050736
v -0.092431 1.364021 0.050913
v -0.092611 1.365052 0.050736
v -0.093467 1.365654 0.050913
v -0.093766 1.364320 0.051168
v -0.097993 1.370983 0.045205
v -0.101466 1.366042 0.045205
v -0.100428 1.360092 0.045205
v -0.095488 1.356619 0.045205
v -0.089538 1.357657 0.045205
v -0.086065 1.362598 0.045205
v -0.087103 1.368547 0.045205
v -0.092044 1.372020 0.045205
v -0.231058 1.363296 0.046692
v -0.228042 1.358063 0.046692
v -0.222210 1.356496 0.046692
v -0.216978 1.359511 0.046692
v -0.215410 1.365344 0.046692
v -0.218426 1.370576 0.046692
v -0.224258 1.372144 0.046692
v -0.229491 1.369128 0.046692
v -0.228479 1.363633 0.049192
v -0.226457 1.360125 0.049192
v -0.222548 1.359075 0.049192
v -0.219040 1.361097 0.049192
v -0.217989 1.365006 0.049192
v -0.220011 1.368514 0.049192
v -0.223921 1.369565 0.049192
v -0.227428 1.367543 0.049192
v -0.224590 1.364142 0.050736
v -0.224067 1.363236 0.050913
v -0.223057 1.362964 0.050736
v -0.222150 1.363487 0.050913
v -0.221878 1.364497 0.050736
v -0.222401 1.365404 0.050913
v -0.223412 1.365675 0.050736
v -0.224318 1.365153 0.050913
v -0.223234 1.364320 0.051168
v -0.231058 1.363296 0.045205
v -0.228042 1.358063 0.045205
v -0.222210 1.356496 0.045205
v -0.216978 1.359511 0.045205
v -0.215410 1.365344 0.045205
v -0.218426 1.370576 0.045205
v -0.224258 1.372144 0.045205
v -0.229491 1.369128 0.045205
v -0.384064 1.367381 0.046692
v -0.384099 1.361342 0.046692
v -0.379853 1.357047 0.046692
v -0.373814 1.357012 0.046692
v -0.369519 1.361258 0.046692
v -0.369484 1.367297 0.046692
v -0.373730 1.371592 0.046692
v -0.379769 1.371627 0.046692
v -0.381667 1.366372 0.049192
v -0.381690 1.362324 0.049192
v -0.378844 1.359444 0.049192
v -0.374795 1.359421 0.049192
v -0.371916 1.362267 0.049192
v -0.371893 1.366316 0.049192
v -0.374739 1.369195 0.049192
v -0.378788 1.369218 0.049192
v -0.378052 1.364850 0.050736
v -0.378058 1.363804 0.050913
v -0.377322 1.363060 0.050736
v -0.376276 1.363054 0.050913
v -0.375531 1.363789 0.050736
v -0.375525 1.364836 0.050913
v -0.376261 1.365580 0.050736
v -0.377308 1.365586 0.050913
v -0.376792 1.364320 0.051168
v -0.384064 1.367381 0.045205
v -0.384099 1.361342 0.045205
v -0.379853 1.357047 0.045205
v -0.373814 1.357012 0.045205
v -0.369519 1.361258 0.045205
v -0.369484 1.367297 0.045205
v -0.373730 1.371592 0.045205
v -0.379769 1.371627 0.045205
v -0.494302 1.364832 0.046692
v -0.492396 1.359101 0.046692
v -0.486997 1.356397 0.046692
v -0.481266 1.358303 0.046692
v -0.478561 1.363703 0.046692
v -0.480467 1.369433 0.046692
v -0.485867 1.372138 0.046692
v -0.491598 1.370232 0.046692
v -0.491708 1.364646 0.049192
v -0.490430 1.360804 0.049192
v -0.486810 1.358991 0.049192
v -0.482969 1.360269 0.049192
v -0.481156 1.363889 0.049192
v -0.482433 1.367730 0.049192
v -0.486053 1.369543 0.049192
v -0.489895 1.368266 0.049192
v -0.487795 1.364365 0.050736
v -0.487465 1.363372 0.050913
v -0.486530 1.362903 0.050736
v -0.485537 1.363234 0.050913
v -0.485068 1.364169 0.050736
v -0.485398 1.365162 0.050913
v -0.486334 1.365631 0.050736
v -0.487327 1.365301 0.050913
v -0.486432 1.364267 0.051168
v -0.494302 1.364832 0.045205
v -0.492396 1.359101 0.045205
v -0.486997 1.356397 0.045205
v -0.481266 1.358303 0.045205
v -0.478561 1.363703 0.045205
v -0.480467 1.369433 0.045205
v -0.485867 1.372138 0.045205
v -0.491598 1.370232 0.045205
v 0.070595 1.367612 0.046692
v 0.070368 1.361577 0.046692
v 0.074474 1.357149 0.046692
v 0.080509 1.356921 0.046692
v 0.084937 1.361027 0.046692
v 0.085165 1.367062 0.046692
v 0.081058 1.371491 0.046692
v 0.075023 1.371718 0.046692
v 0.072959 1.366527 0.049192
v 0.072806 1.362481 0.049192
v 0.075559 1.359512 0.049192
v 0.079605 1.359360 0.049192
v 0.082573 1.362113 0.049192
v 0.082726 1.366158 0.049192
v 0.079973 1.369127 0.049192
v 0.075927 1.369280 0.049192
v 0.076524 1.364890 0.050736
v 0.076484 1.363845 0.050913
v 0.077196 1.363077 0.050736
v 0.078241 1.363038 0.050913
v 0.079009 1.363749 0.050736
v 0.079048 1.364795 0.050913
v 0.078337 1.365562 0.050736
v 0.077291 1.365602 0.050913
v 0.077766 1.364320 0.051168
v 0.070595 1.367612 0.045205
v 0.070368 1.361577 0.045205
v 0.074474 1.357149 0.045205
v 0.080509 1.356921 0.045205
v 0.084937 1.361027 0.045205
v 0.085165 1.367062 0.045205
v 0.081058 1.371491 0.045205
v 0.075023 1.371718 0.045205
v 0.280518 1.371119 0.046692
v 0.276883 1.366296 0.046692
v 0.277723 1.360315 0.046692
v 0.282546 1.356681 0.046692
v 0.288527 1.357520 0.046692
v 0.292162 1.362343 0.046692
v 0.291322 1.368324 0.046692
v 0.286499 1.371959 0.046692
v 0.281838 1.368878 0.049192
v 0.279402 1.365645 0.049192
v 0.279965 1.361635 0.049192
v 0.283198 1.359199 0.049192
v 0.287207 1.359762 0.049192
v 0.289644 1.362995 0.049192
v 0.289081 1.367004 0.049192
v 0.285848 1.369441 0.049192
v 0.283829 1.365498 0.050736
v 0.283199 1.364662 0.050913
v 0.283345 1.363626 0.050736
v 0.284180 1.362996 0.050913
v 0.285216 1.363142 0.050736
v 0.285846 1.363977 0.050913
v 0.285701 1.365013 0.050736
v 0.284865 1.365643 0.050913
v 0.284523 1.364320 0.051168
v 0.280518 1.371119 0.045205
v 0.276883 1.366296 0.045205
v 0.277723 1.360315 0.045205
v 0.282546 1.356681 0.045205
v 0.288527 1.357520 0.045205
v 0.292162 1.362343 0.045205
v 0.291322 1.368324 0.045205
v 0.286499 1.371959 0.045205
v 0.400616 0.617917 0.046692
v 0.399355 0.612011 0.046692
v 0.402639 0.606943 0.046692
v 0.408545 0.605681 0.046692
v 0.413613 0.608965 0.046692
v 0.414875 0.614871 0.046692
v 0.411590 0.619940 0.046692
v 0.405684 0.621201 0.046692
v 0.402758 0.616441 0.049192
v 0.401913 0.612482 0.049192
v 0.404114 0.609085 0.049192
v 0.408073 0.608239 0.049192
v 0.411471 0.610441 0.049192
v 0.412317 0.614400 0.049192
v 0.410115 0.617797 0.049192
v 0.406156 0.618643 0.049192
v 0.405989 0.614217 0.050736
v 0.405770 0.613193 0.050913
v 0.406339 0.612315 0.050736
v 0.407362 0.612096 0.050913
v 0.408241 0.612666 0.050736
v 0.408459 0.613689 0.050913
v 0.407890 0.614567 0.050736
v 0.406867 0.614786 0.050913
v 0.407115 0.613441 0.051168
v 0.400616 0.617917 0.045205
v 0.399355 0.612011 0.045205
v 0.402639 0.606943 0.045205
v 0.408545 0.605681 0.045205
v 0.413613 0.608965 0.045205
v 0.414875 0.614871 0.045205
v 0.411590 0.619940 0.045205
v 0.405684 0.621201 0.045205
v -0.500945 0.608994 0.046818
v 0.420272 0.608994 0.046818
v -0.500945 0.618128 0.046818
v 0.420272 0.618128 0.046818
v -0.382992 0.608994 0.046818
v -0.398262 0.608994 0.046818
v -0.390627 0.599441 0.046818
v -0.231517 0.608994 0.046818
v -0.246786 0.608994 0.046818
v -0.239152 0.599441 0.046818
v -0.098275 0.608994 0.046818
v -0.113545 0.608994 0.046818
v -0.105910 0.599441 0.046818
v 0.090391 0.608994 0.046818
v 0.075121 0.608994 0.046818
v 0.082756 0.599441 0.046818
v 0.304659 0.608994 0.046818
v 0.289389 0.608994 0.046818
v 0.297024 0.599441 0.046818
v 0.289389 0.618128 0.046818
v 0.304659 0.618128 0.046818
v 0.297024 0.627681 0.046818
v 0.075121 0.618128 0.046818
v 0.090391 0.618128 0.046818
v 0.082756 0.627681 0.046818
v -0.113545 0.618128 0.046818
v -0.098275 0.618128 0.046818
v -0.105910 0.627681 0.046818
v -0.246786 0.618128 0.046818
v -0.231517 0.618128 0.046818
v -0.239152 0.627681 0.046818
v -0.398262 0.618128 0.046818
v -0.382992 0.618128 0.046818
v -0.390627 0.627681 0.046818
v -0.493732 0.618128 0.046818
v -0.478462 0.618128 0.046818
v -0.486097 0.627681 0.046818
v -0.478462 0.608994 0.046818
v -0.493732 0.608994 0.046818
v -0.486097 0.599441 0.046818
v 0.415020 0.608994 0.046818
v 0.399750 0.608994 0.046818
v 0.407385 0.599441 0.046818
v 0.399750 0.618128 0.046818
v 0.415020 0.618128 0.046818
v 0.407385 0.627681 0.046818
v -0.502762 0.605806 0.042078
v 0.422085 0.605806 0.042078
v -0.502762 0.620210 0.042078
v 0.422085 0.620210 0.042078
v -0.382992 0.605806 0.042078
v -0.398262 0.605806 0.042078
v -0.390627 0.596253 0.042078
v -0.231517 0.605806 0.042078
v -0.246786 0.605806 0.042078
v -0.239152 0.596253 0.042078
v -0.098275 0.605806 0.042078
v -0.113545 0.605806 0.042078
v -0.105910 0.596253 0.042078
v 0.090391 0.605806 0.042078
v 0.075121 0.605806 0.042078
v 0.082756 0.596253 0.042078
v 0.304659 0.605806 0.042078
v 0.289389 0.605806 0.042078
v 0.297024 0.596253 0.042078
v 0.289389 0.620210 0.042078
v 0.304659 0.620210 0.042078
v 0.297024 0.629763 0.042078
v 0.075121 0.620210 0.042078
v 0.090391 0.620210 0.042078
v 0.082756 0.629763 0.042078
v -0.113545 0.620210 0.042078
v -0.098275 0.620210 0.042078
v -0.105910 0.629763 0.042078
v -0.246786 0.620210 0.042078
v -0.231517 0.620210 0.042078
v -0.239152 0.629763 0.042078
v -0.398262 0.620210 0.042078
v -0.382992 0.620210 0.042078
v -0.390627 0.629763 0.042078
v -0.493732 0.620210 0.042078
v -0.478462 0.620210 0.042078
v -0.486097 0.629763 0.042078
v -0.478462 0.605806 0.042078
v -0.493732 0.605806 0.042078
v -0.486097 0.596253 0.042078
v 0.415020 0.605806 0.042078
v 0.399750 0.605806 0.042078
v 0.407385 0.596253 0.042078
v 0.399750 0.620210 0.042078
v 0.415020 0.620210 0.042078
v 0.407385 0.629763 0.042078
v -0.109865 0.620104 0.046692
v -0.113338 0.615163 0.046692
v -0.112300 0.609214 0.046692
v -0.107360 0.605741 0.046692
v -0.101410 0.606778 0.046692
v -0.097937 0.611719 0.046692
v -0.098975 0.617668 0.046692
v -0.103916 0.621142 0.046692
v -0.108472 0.617908 0.049192
v -0.110800 0.614596 0.049192
v -0.110104 0.610607 0.049192
v -0.106792 0.608279 0.049192
v -0.102804 0.608975 0.049192
v -0.100475 0.612287 0.049192
v -0.101171 0.616275 0.049192
v -0.104483 0.618603 0.049192
v -0.106370 0.614596 0.050736
v -0.106972 0.613739 0.050913
v -0.106792 0.612709 0.050736
v -0.105936 0.612107 0.050913
v -0.104905 0.612287 0.050736
v -0.104303 0.613143 0.050913
v -0.104483 0.614174 0.050736
v -0.105339 0.614775 0.050913
v -0.105638 0.613441 0.051168
v -0.109865 0.620104 0.045205
v -0.113338 0.615163 0.045205
v -0.112300 0.609214 0.045205
v -0.107360 0.605741 0.045205
v -0.101410 0.606778 0.045205
v -0.097937 0.611719 0.045205
v -0.098975 0.617668 0.045205
v -0.103916 0.621142 0.045205
v -0.247247 0.612417 0.046692
v -0.244231 0.607185 0.046692
v -0.238399 0.605617 0.046692
v -0.233167 0.608633 0.046692
v -0.231599 0.614465 0.046692
v -0.234615 0.619698 0.046692
v -0.240447 0.621265 0.046692
v -0.245680 0.618249 0.046692
v -0.244668 0.612755 0.049192
v -0.242646 0.609247 0.049192
v -0.238737 0.608196 0.049192
v -0.235229 0.610218 0.049192
v -0.234178 0.614128 0.049192
v -0.236200 0.617635 0.049192
v -0.240110 0.618686 0.049192
v -0.243617 0.616664 0.049192
v -0.240779 0.613264 0.050736
v -0.240256 0.612357 0.050913
v -0.239246 0.612085 0.050736
v -0.238339 0.612608 0.050913
v -0.238067 0.613618 0.050736
v -0.238590 0.614525 0.050913
v -0.239600 0.614797 0.050736
v -0.240507 0.614274 0.050913
v -0.239423 0.613441 0.051168
v -0.247247 0.612417 0.045205
v -0.244231 0.607185 0.045205
v -0.238399 0.605617 0.045205
v -0.233167 0.608633 0.045205
v -0.231599 0.614465 0.045205
v -0.234615 0.619698 0.045205
v -0.240447 0.621265 0.045205
v -0.245680 0.618249 0.045205
v -0.398095 0.616503 0.046692
v -0.398129 0.610463 0.046692
v -0.393884 0.606169 0.046692
v -0.387844 0.606134 0.046692
v -0.383549 0.610380 0.046692
v -0.383515 0.616419 0.046692
v -0.387760 0.620714 0.046692
v -0.393800 0.620748 0.046692
v -0.395697 0.615493 0.049192
v -0.395721 0.611445 0.049192
v -0.392874 0.608566 0.049192
v -0.388826 0.608542 0.049192
v -0.385947 0.611389 0.049192
v -0.385923 0.615437 0.049192
v -0.388770 0.618316 0.049192
v -0.392818 0.618340 0.049192
v -0.392082 0.613972 0.050736
v -0.392088 0.612925 0.050913
v -0.391352 0.612181 0.050736
v -0.390306 0.612175 0.050913
v -0.389562 0.612911 0.050736
v -0.389556 0.613957 0.050913
v -0.390291 0.614701 0.050736
v -0.391338 0.614707 0.050913
v -0.390822 0.613441 0.051168
v -0.398095 0.616503 0.045205
v -0.398129 0.610463 0.045205
v -0.393884 0.606169 0.045205
v -0.387844 0.606134 0.045205
v -0.383549 0.610380 0.045205
v -0.383515 0.616419 0.045205
v -0.387760 0.620714 0.045205
v -0.393800 0.620748 0.045205
v -0.494302 0.613953 0.046692
v -0.492396 0.608223 0.046692
v -0.486996 0.605518 0.046692
v -0.481266 0.607424 0.046692
v -0.478561 0.612824 0.046692
v -0.480467 0.618555 0.046692
v -0.485867 0.621259 0.046692
v -0.491598 0.619353 0.046692
v -0.491708 0.613767 0.049192
v -0.490430 0.609926 0.049192
v -0.486810 0.608113 0.049192
v -0.482969 0.609390 0.049192
v -0.481156 0.613010 0.049192
v -0.482433 0.616852 0.049192
v -0.486053 0.618665 0.049192
v -0.489895 0.617387 0.049192
v -0.487795 0.613487 0.050736
v -0.487465 0.612494 0.050913
v -0.486530 0.612025 0.050736
v -0.485537 0.612355 0.050913
v -0.485068 0.613291 0.050736
v -0.485398 0.614284 0.050913
v -0.486334 0.614752 0.050736
v -0.487327 0.614422 0.050913
v -0.486432 0.613389 0.051168
v -0.494302 0.613953 0.045205
v -0.492396 0.608223 0.045205
v -0.486996 0.605518 0.045205
v -0.481266 0.607424 0.045205
v -0.478561 0.612824 0.045205
v -0.480467 0.618555 0.045205
v -0.485867 0.621259 0.045205
v -0.491598 0.619353 0.045205
v 0.075452 0.616733 0.046692
v 0.075224 0.610698 0.046692
v 0.079331 0.606270 0.046692
v 0.085366 0.606042 0.046692
v 0.089794 0.610149 0.046692
v 0.090021 0.616184 0.046692
v 0.085915 0.620612 0.046692
v 0.079880 0.620840 0.046692
v 0.077815 0.615648 0.049192
v 0.077663 0.611602 0.049192
v 0.080416 0.608634 0.049192
v 0.084461 0.608481 0.049192
v 0.087430 0.611234 0.049192
v 0.087583 0.615280 0.049192
v 0.084830 0.618248 0.049192
v 0.080784 0.618401 0.049192
v 0.081380 0.614012 0.050736
v 0.081341 0.612966 0.050913
v 0.082052 0.612198 0.050736
v 0.083098 0.612159 0.050913
v 0.083865 0.612871 0.050736
v 0.083905 0.613916 0.050913
v 0.083193 0.614684 0.050736
v 0.082148 0.614723 0.050913
v 0.082623 0.613441 0.051168
v 0.075452 0.616733 0.045205
v 0.075224 0.610698 0.045205
v 0.079331 0.606270 0.045205
v 0.085366 0.606042 0.045205
v 0.089794 0.610149 0.045205
v 0.090021 0.616184 0.045205
v 0.085915 0.620612 0.045205
v 0.079880 0.620840 0.045205
v 0.292930 0.620240 0.046692
v 0.289295 0.615417 0.046692
v 0.290135 0.609437 0.046692
v 0.294958 0.605802 0.046692
v 0.300938 0.606642 0.046692
v 0.304573 0.611465 0.046692
v 0.303733 0.617445 0.046692
v 0.298910 0.621080 0.046692
v 0.294250 0.617999 0.049192
v 0.291813 0.614766 0.049192
v 0.292376 0.610757 0.049192
v 0.295609 0.608320 0.049192
v 0.299618 0.608883 0.049192
v 0.302055 0.612116 0.049192
v 0.301492 0.616125 0.049192
v 0.298259 0.618562 0.049192
v 0.296240 0.614619 0.050736
v 0.295610 0.613784 0.050913
v 0.295756 0.612747 0.050736
v 0.296592 0.612117 0.050913
v 0.297628 0.612263 0.050736
v 0.298258 0.613099 0.050913
v 0.298112 0.614135 0.050736
v 0.297277 0.614765 0.050913
v 0.296934 0.613441 0.051168
v 0.292930 0.620240 0.045205
v 0.289295 0.615417 0.045205
v 0.290135 0.609437 0.045205
v 0.294958 0.605802 0.045205
v 0.300938 0.606642 0.045205
v 0.304573 0.611465 0.045205
v 0.303733 0.617445 0.045205
v 0.298910 0.621080 0.045205
v 0.402648 1.813029 0.046691
v 0.401386 1.807123 0.046691
v 0.404671 1.802055 0.046691
v 0.410577 1.800794 0.046691
v 0.415645 1.804078 0.046691
v 0.416906 1.809984 0.046691
v 0.413622 1.815052 0.046691
v 0.407716 1.816314 0.046691
v 0.404790 1.811554 0.049192
v 0.403944 1.807595 0.049192
v 0.406146 1.804197 0.049192
v 0.410105 1.803352 0.049192
v 0.413503 1.805553 0.049192
v 0.414348 1.809512 0.049192
v 0.412147 1.812910 0.049192
v 0.408187 1.813756 0.049192
v 0.408020 1.809329 0.050736
v 0.407802 1.808306 0.050913
v 0.408371 1.807428 0.050736
v 0.409394 1.807209 0.050913
v 0.410272 1.807778 0.050736
v 0.410491 1.808802 0.050913
v 0.409922 1.809680 0.050736
v 0.408898 1.809898 0.050913
v 0.409146 1.808554 0.051168
v 0.402648 1.813029 0.045205
v 0.401386 1.807123 0.045205
v 0.404671 1.802055 0.045205
v 0.410577 1.800794 0.045205
v 0.415645 1.804078 0.045205
v 0.416906 1.809984 0.045205
v 0.413622 1.815052 0.045205
v 0.407716 1.816314 0.045205
v -0.499002 1.804107 0.046818
v 0.422304 1.804107 0.046818
v -0.499002 1.813240 0.046818
v 0.422304 1.813240 0.046818
v -0.379323 1.804107 0.046818
v -0.394592 1.804107 0.046818
v -0.386957 1.794554 0.046818
v -0.233459 1.804107 0.046818
v -0.248729 1.804107 0.046818
v -0.241094 1.794554 0.046818
v -0.102592 1.804107 0.046818
v -0.117862 1.804107 0.046818
v -0.110227 1.794554 0.046818
v 0.073878 1.804107 0.046818
v 0.058608 1.804107 0.046818
v 0.066243 1.794554 0.046818
v 0.267515 1.804107 0.046818
v 0.252245 1.804107 0.046818
v 0.259880 1.794554 0.046818
v 0.252245 1.813240 0.046818
v 0.267515 1.813240 0.046818
v 0.259880 1.822793 0.046818
v 0.058608 1.813240 0.046818
v 0.073878 1.813240 0.046818
v 0.066243 1.822793 0.046818
v -0.117862 1.813240 0.046818
v -0.102592 1.813240 0.046818
v -0.110227 1.822793 0.046818
v -0.248729 1.813240 0.046818
v -0.233459 1.813240 0.046818
v -0.241094 1.822793 0.046818
v -0.394592 1.813240 0.046818
v -0.379322 1.813240 0.046818
v -0.386957 1.822793 0.046818
v -0.493732 1.813240 0.046818
v -0.478462 1.813240 0.046818
v -0.486097 1.822793 0.046818
v -0.478462 1.804107 0.046818
v -0.493732 1.804107 0.046818
v -0.486097 1.794554 0.046818
v 0.417052 1.804107 0.046818
v 0.401782 1.804107 0.046818
v 0.409417 1.794554 0.046818
v 0.401782 1.813240 0.046818
v 0.417052 1.813240 0.046818
v 0.409417 1.822793 0.046818
v -0.500820 1.800919 0.042078
v 0.424660 1.800919 0.042078
v -0.500820 1.815322 0.042078
v 0.424660 1.815322 0.042078
v -0.379322 1.800919 0.042078
v -0.394592 1.800919 0.042078
v -0.386957 1.791366 0.042078
v -0.233459 1.800919 0.042078
v -0.248729 1.800919 0.042078
v -0.241094 1.791366 0.042078
v -0.102592 1.800919 0.042078
v -0.117862 1.800919 0.042078
v -0.110227 1.791366 0.042078
v 0.073878 1.800919 0.042078
v 0.058608 1.800919 0.042078
v 0.066243 1.791366 0.042078
v 0.267515 1.800919 0.042078
v 0.252245 1.800919 0.042078
v 0.259880 1.791366 0.042078
v 0.252245 1.815322 0.042078
v 0.267515 1.815322 0.042078
v 0.259880 1.824875 0.042078
v 0.058608 1.815322 0.042078
v 0.073878 1.815322 0.042078
v 0.066243 1.824875 0.042078
v -0.117862 1.815322 0.042078
v -0.102592 1.815322 0.042078
v -0.110227 1.824875 0.042078
v -0.248729 1.815322 0.042078
v -0.233459 1.815322 0.042078
v -0.241094 1.824875 0.042078
v -0.394592 1.815322 0.042078
v -0.379322 1.815322 0.042078
v -0.386957 1.824875 0.042078
v -0.493732 1.815322 0.042078
v -0.478462 1.815322 0.042078
v -0.486097 1.824875 0.042078
v -0.478462 1.800919 0.042078
v -0.493732 1.800919 0.042078
v -0.486097 1.791366 0.042078
v 0.417052 1.800919 0.042078
v 0.401782 1.800919 0.042078
v 0.409417 1.791366 0.042078
v 0.401782 1.815322 0.042078
v 0.417052 1.815322 0.042078
v 0.409417 1.824875 0.042078
v -0.114182 1.815216 0.046691
v -0.117655 1.810276 0.046691
v -0.116617 1.804326 0.046691
v -0.111677 1.800853 0.046691
v -0.105727 1.801891 0.046691
v -0.102254 1.806831 0.046691
v -0.103292 1.812781 0.046691
v -0.108233 1.816254 0.046691
v -0.112789 1.813020 0.049192
v -0.115117 1.809708 0.049192
v -0.114421 1.805720 0.049192
v -0.111109 1.803392 0.049192
v -0.107121 1.804087 0.049192
v -0.104792 1.807399 0.049192
v -0.105488 1.811388 0.049192
v -0.108800 1.813716 0.049192
v -0.110687 1.809708 0.050736
v -0.111289 1.808852 0.050913
v -0.111109 1.807821 0.050736
v -0.110253 1.807219 0.050913
v -0.109222 1.807399 0.050736
v -0.108620 1.808255 0.050913
v -0.108800 1.809286 0.050736
v -0.109656 1.809888 0.050913
v -0.109955 1.808554 0.051168
v -0.114182 1.815216 0.045205
v -0.117655 1.810276 0.045205
v -0.116617 1.804326 0.045205
v -0.111677 1.800853 0.045205
v -0.105727 1.801891 0.045205
v -0.102254 1.806831 0.045205
v -0.103292 1.812781 0.045205
v -0.108233 1.816254 0.045205
v -0.249190 1.807530 0.046691
v -0.246174 1.802297 0.046691
v -0.240342 1.800730 0.046691
v -0.235109 1.803745 0.046691
v -0.233542 1.809578 0.046691
v -0.236558 1.814810 0.046691
v -0.242390 1.816378 0.046691
v -0.247622 1.813362 0.046691
v -0.246611 1.807867 0.049192
v -0.244589 1.804359 0.049192
v -0.240679 1.803309 0.049192
v -0.237171 1.805330 0.049192
v -0.236121 1.809240 0.049192
v -0.238142 1.812748 0.049192
v -0.242052 1.813799 0.049192
v -0.245560 1.811777 0.049192
v -0.242721 1.808376 0.050736
v -0.242199 1.807470 0.050913
v -0.241188 1.807198 0.050736
v -0.240282 1.807721 0.050913
v -0.240010 1.808731 0.050736
v -0.240533 1.809638 0.050913
v -0.241543 1.809909 0.050736
v -0.242450 1.809387 0.050913
v -0.241366 1.808554 0.051168
v -0.249190 1.807530 0.045205
v -0.246174 1.802297 0.045205
v -0.240342 1.800730 0.045205
v -0.235109 1.803745 0.045205
v -0.233542 1.809578 0.045205
v -0.236558 1.814810 0.045205
v -0.242390 1.816378 0.045205
v -0.247622 1.813362 0.045205
v -0.394425 1.811615 0.046691
v -0.394460 1.805576 0.046691
v -0.390214 1.801281 0.046691
v -0.384175 1.801246 0.046691
v -0.379880 1.805492 0.046691
v -0.379845 1.811531 0.046691
v -0.384091 1.815826 0.046691
v -0.390130 1.815861 0.046691
v -0.392028 1.810606 0.049192
v -0.392051 1.806558 0.049192
v -0.389205 1.803678 0.049192
v -0.385156 1.803655 0.049192
v -0.382277 1.806502 0.049192
v -0.382254 1.810550 0.049192
v -0.385100 1.813429 0.049192
v -0.389149 1.813452 0.049192
v -0.388413 1.809084 0.050736
v -0.388419 1.808038 0.050913
v -0.387683 1.807294 0.050736
v -0.386636 1.807288 0.050913
v -0.385892 1.808023 0.050736
v -0.385886 1.809070 0.050913
v -0.386622 1.809814 0.050736
v -0.387668 1.809820 0.050913
v -0.387152 1.808554 0.051168
v -0.394425 1.811615 0.045205
v -0.394460 1.805576 0.045205
v -0.390214 1.801281 0.045205
v -0.384175 1.801246 0.045205
v -0.379880 1.805492 0.045205
v -0.379845 1.811531 0.045205
v -0.384091 1.815826 0.045205
v -0.390130 1.815861 0.045205
v -0.494302 1.809066 0.046691
v -0.492396 1.803335 0.046691
v -0.486996 1.800631 0.046691
v -0.481266 1.802537 0.046691
v -0.478561 1.807937 0.046691
v -0.480467 1.813667 0.046691
v -0.485867 1.816372 0.046691
v -0.491598 1.814466 0.046691
v -0.491708 1.808880 0.049192
v -0.490430 1.805038 0.049192
v -0.486810 1.803225 0.049192
v -0.482969 1.804503 0.049192
v -0.481156 1.808123 0.049192
v -0.482433 1.811964 0.049192
v -0.486053 1.813777 0.049192
v -0.489895 1.812500 0.049192
v -0.487795 1.808599 0.050736
v -0.487465 1.807606 0.050913
v -0.486530 1.807138 0.050736
v -0.485537 1.807468 0.050913
v -0.485068 1.808404 0.050736
v -0.485398 1.809396 0.050913
v -0.486334 1.809865 0.050736
v -0.487327 1.809535 0.050913
v -0.486432 1.808501 0.051168
v -0.494302 1.809066 0.045205
v -0.492396 1.803335 0.045205
v -0.486996 1.800631 0.045205
v -0.481266 1.802537 0.045205
v -0.478561 1.807937 0.045205
v -0.480467 1.813667 0.045205
v -0.485867 1.816372 0.045205
v -0.491598 1.814466 0.045205
v 0.058939 1.811846 0.046691
v 0.058712 1.805811 0.046691
v 0.062818 1.801383 0.046691
v 0.068853 1.801155 0.046691
v 0.073281 1.805261 0.046691
v 0.073509 1.811296 0.046691
v 0.069402 1.815725 0.046691
v 0.063367 1.815952 0.046691
v 0.061303 1.810761 0.049192
v 0.061150 1.806715 0.049192
v 0.063903 1.803746 0.049192
v 0.067949 1.803594 0.049192
v 0.070917 1.806347 0.049192
v 0.071070 1.810392 0.049192
v 0.068317 1.813361 0.049192
v 0.064271 1.813513 0.049192
v 0.064868 1.809124 0.050736
v 0.064828 1.808078 0.050913
v 0.065540 1.807311 0.050736
v 0.066585 1.807272 0.050913
v 0.067353 1.807983 0.050736
v 0.067392 1.809029 0.050913
v 0.066681 1.809796 0.050736
v 0.065635 1.809836 0.050913
v 0.066110 1.808554 0.051168
v 0.058939 1.811846 0.045205
v 0.058712 1.805811 0.045205
v 0.062818 1.801383 0.045205
v 0.068853 1.801155 0.045205
v 0.073281 1.805261 0.045205
v 0.073509 1.811296 0.045205
v 0.069402 1.815725 0.045205
v 0.063367 1.815952 0.045205
v 0.255785 1.815353 0.046691
v 0.252150 1.810530 0.046691
v 0.252990 1.804549 0.046691
v 0.257813 1.800915 0.046691
v 0.263794 1.801754 0.046691
v 0.267429 1.806578 0.046691
v 0.266589 1.812558 0.046691
v 0.261766 1.816193 0.046691
v 0.257105 1.813112 0.049192
v 0.254668 1.809879 0.049192
v 0.255232 1.805869 0.049192
v 0.258465 1.803433 0.049192
v 0.262474 1.803996 0.049192
v 0.264911 1.807229 0.049192
v 0.264348 1.811238 0.049192
v 0.261114 1.813675 0.049192
v 0.259096 1.809732 0.050736
v 0.258466 1.808896 0.050913
v 0.258612 1.807860 0.050736
v 0.259447 1.807230 0.050913
v 0.260483 1.807376 0.050736
v 0.261113 1.808211 0.050913
v 0.260968 1.809247 0.050736
v 0.260132 1.809877 0.050913
v 0.259790 1.808554 0.051168
v 0.255785 1.815353 0.045205
v 0.252150 1.810530 0.045205
v 0.252990 1.804549 0.045205
v 0.257813 1.800915 0.045205
v 0.263794 1.801754 0.045205
v 0.267429 1.806578 0.045205
v 0.266589 1.812558 0.045205
v 0.261766 1.816193 0.045205
v 0.464974 1.584324 0.053066
v 0.465814 1.578344 0.053066
v 0.470636 1.574708 0.053066
v 0.476617 1.575548 0.053066
v 0.480252 1.580370 0.053066
v 0.479413 1.586351 0.053066
v 0.474591 1.589986 0.053066
v 0.468610 1.589147 0.053066
v 0.467492 1.583673 0.055567
v 0.468055 1.579663 0.055567
v 0.471288 1.577226 0.055567
v 0.475297 1.577789 0.055567
v 0.477734 1.581022 0.055567
v 0.477172 1.585031 0.055567
v 0.473939 1.587468 0.055567
v 0.469929 1.586906 0.055567
v 0.471290 1.582690 0.057111
v 0.471435 1.581653 0.057287
v 0.472271 1.581024 0.057111
v 0.473307 1.581169 0.057287
v 0.473937 1.582005 0.057111
v 0.473791 1.583041 0.057287
v 0.472956 1.583671 0.057111
v 0.471920 1.583525 0.057287
v 0.472613 1.582347 0.057542
v 0.464974 1.584324 0.051579
v 0.465814 1.578344 0.051579
v 0.470636 1.574708 0.051579
v 0.476617 1.575548 0.051579
v 0.480252 1.580370 0.051579
v 0.479413 1.586351 0.051579
v 0.474591 1.589986 0.051579
v 0.468610 1.589147 0.051579
v 0.432704 1.631242 0.051159
v 0.431126 1.631242 0.055482
v 0.433068 1.631242 0.059655
v 0.437391 1.631242 0.061232
v 0.441564 1.631242 0.059290
v 0.443141 1.631242 0.054967
v 0.441199 1.631242 0.050795
v 0.436876 1.631242 0.049217
v 0.432704 1.532489 0.051159
v 0.431126 1.532489 0.055482
v 0.433068 1.532489 0.059655
v 0.437391 1.532489 0.061232
v 0.441564 1.532489 0.059290
v 0.443141 1.532489 0.054967
v 0.441199 1.532489 0.050795
v 0.436876 1.532489 0.049217
v 0.437134 1.632293 0.055225
v 0.437134 1.531589 0.055225
v 0.433068 1.550277 0.059655
v 0.433068 1.613454 0.059655
v 0.437391 1.613454 0.061232
v 0.437391 1.550277 0.061232
v 0.432704 1.550277 0.051159
v 0.432704 1.613454 0.051159
v 0.431126 1.613454 0.055482
v 0.431126 1.550277 0.055482
v 0.436876 1.550277 0.049217
v 0.436876 1.613454 0.049217
v 0.443141 1.550277 0.054967
v 0.443141 1.613454 0.054967
v 0.441199 1.613454 0.050795
v 0.441199 1.550277 0.050795
v 0.441564 1.613454 0.059290
v 0.441564 1.550277 0.059290
v 0.432358 1.550277 0.060428
v 0.432358 1.613454 0.060428
v 0.437436 1.613454 0.062281
v 0.437436 1.550277 0.062281
v 0.431930 1.550277 0.050449
v 0.431930 1.613454 0.050449
v 0.430077 1.613454 0.055527
v 0.430077 1.550277 0.055527
v 0.436831 1.550277 0.048168
v 0.436831 1.613454 0.048168
v 0.444190 1.550277 0.054922
v 0.444190 1.613454 0.054922
v 0.441909 1.613454 0.050021
v 0.441909 1.550277 0.050021
v 0.442337 1.613454 0.060000
v 0.442337 1.550277 0.060000
v 0.467741 1.550277 0.052507
v 0.467741 1.613454 0.052507
v 0.445576 1.550277 0.048315
v 0.445576 1.613454 0.048315
v 0.447824 1.550277 0.053231
v 0.447824 1.613454 0.053231
v 0.452203 1.555703 0.048142
v 0.452203 1.555703 0.053120
v 0.452202 1.608028 0.053120
v 0.452203 1.608028 0.048142
v 0.482384 1.554673 0.052507
v 0.482384 1.609058 0.052507
v 0.482384 1.609058 0.047186
v 0.482384 1.554673 0.047186
v 0.459972 1.552990 0.047664
v 0.459972 1.552990 0.052813
v 0.459972 1.610741 0.052813
v 0.459972 1.610741 0.047664
v 0.475062 1.611256 0.047186
v 0.475062 1.611256 0.052507
v 0.475062 1.552475 0.052507
v 0.475062 1.552475 0.047186
v 0.466534 1.711968 0.047186
v 0.466534 1.711968 0.052507
v 0.466534 1.451763 0.047186
v 0.466534 1.451763 0.052507
v 0.458765 1.454476 0.047664
v 0.458765 1.454475 0.052813
v 0.458765 1.709256 0.052813
v 0.473856 1.709770 0.052507
v 0.473856 1.453961 0.052507
v 0.473856 1.453961 0.047186
v 0.458765 1.709256 0.047664
v 0.473856 1.709770 0.047186
v 0.448307 1.601907 0.053066
v 0.448516 1.595872 0.053066
v 0.452932 1.591752 0.053066
v 0.458967 1.591961 0.053066
v 0.463087 1.596376 0.053066
v 0.462878 1.602412 0.053066
v 0.458463 1.606532 0.053066
v 0.452427 1.606323 0.053066
v 0.450743 1.600996 0.055567
v 0.450883 1.596950 0.055567
v 0.453843 1.594188 0.055567
v 0.457889 1.594328 0.055567
v 0.460652 1.597288 0.055567
v 0.460511 1.601334 0.055567
v 0.457551 1.604096 0.055567
v 0.453505 1.603956 0.055567
v 0.454417 1.599621 0.057111
v 0.454453 1.598575 0.057287
v 0.455218 1.597861 0.057111
v 0.456264 1.597898 0.057287
v 0.456978 1.598663 0.057111
v 0.456942 1.599708 0.057287
v 0.456176 1.600423 0.057111
v 0.455131 1.600386 0.057287
v 0.455697 1.599142 0.057542
v 0.448307 1.601907 0.051579
v 0.448516 1.595872 0.051579
v 0.452932 1.591752 0.051579
v 0.458967 1.591961 0.051579
v 0.463087 1.596376 0.051579
v 0.462878 1.602412 0.051579
v 0.458463 1.606532 0.051579
v 0.452427 1.606323 0.051579
v 0.449159 1.569621 0.053066
v 0.447950 1.563704 0.053066
v 0.451279 1.558665 0.053066
v 0.457196 1.557456 0.053066
v 0.462235 1.560785 0.053066
v 0.463444 1.566702 0.053066
v 0.460115 1.571741 0.053066
v 0.454198 1.572950 0.053066
v 0.451314 1.568165 0.055567
v 0.450504 1.564198 0.055567
v 0.452735 1.560820 0.055567
v 0.456702 1.560010 0.055567
v 0.460080 1.562241 0.055567
v 0.460891 1.566208 0.055567
v 0.458659 1.569586 0.055567
v 0.454692 1.570396 0.055567
v 0.454564 1.565969 0.057111
v 0.454355 1.564943 0.057287
v 0.454932 1.564070 0.057111
v 0.455957 1.563861 0.057287
v 0.456830 1.564438 0.057111
v 0.457040 1.565463 0.057287
v 0.456463 1.566336 0.057111
v 0.455437 1.566545 0.057287
v 0.455697 1.565203 0.057542
v 0.449159 1.569621 0.051579
v 0.447950 1.563704 0.051579
v 0.451279 1.558665 0.051579
v 0.457196 1.557456 0.051579
v 0.462235 1.560785 0.051579
v 0.463444 1.566702 0.051579
v 0.460115 1.571741 0.051579
v 0.454198 1.572950 0.051579
v 0.401029 1.603427 0.048782
v 0.401868 1.597446 0.048782
v 0.406690 1.593810 0.048782
v 0.412671 1.594650 0.048782
v 0.416307 1.599472 0.048782
v 0.415467 1.605453 0.048782
v 0.410645 1.609088 0.048782
v 0.404664 1.608249 0.048782
v 0.403547 1.602775 0.051283
v 0.404109 1.598765 0.051283
v 0.407342 1.596328 0.051283
v 0.411352 1.596891 0.051283
v 0.413789 1.600124 0.051283
v 0.413226 1.604133 0.051283
v 0.409993 1.606570 0.051283
v 0.405984 1.606008 0.051283
v 0.407344 1.601792 0.052827
v 0.407489 1.600756 0.053003
v 0.408325 1.600126 0.052827
v 0.409361 1.600271 0.053003
v 0.409991 1.601107 0.052827
v 0.409846 1.602143 0.053003
v 0.409010 1.602773 0.052827
v 0.407974 1.602628 0.053003
v 0.408668 1.601449 0.053258
v 0.401029 1.603427 0.047295
v 0.401868 1.597446 0.047295
v 0.406690 1.593810 0.047295
v 0.412671 1.594650 0.047295
v 0.416307 1.599472 0.047295
v 0.415467 1.605453 0.047295
v 0.410645 1.609088 0.047295
v 0.404664 1.608249 0.047295
v 0.440153 1.635850 0.059191
v 0.440579 1.529374 0.059655
v 0.436256 1.529375 0.061232
v 0.436282 1.635850 0.060603
v 0.440479 1.635850 0.051585
v 0.440943 1.529375 0.051159
v 0.442520 1.529375 0.055482
v 0.441891 1.635850 0.055455
v 0.436744 1.635850 0.049846
v 0.436771 1.529375 0.049217
v 0.431135 1.635850 0.054994
v 0.430506 1.529374 0.054967
v 0.432447 1.529375 0.050795
v 0.432873 1.635850 0.051258
v 0.432083 1.529375 0.059290
v 0.432547 1.635850 0.058865
v 0.441289 1.633263 0.060428
v 0.441289 1.530474 0.060428
v 0.436211 1.530475 0.062281
v 0.436211 1.633263 0.062281
v 0.441717 1.633263 0.050449
v 0.441717 1.530474 0.050449
v 0.443570 1.530475 0.055527
v 0.443570 1.633263 0.055527
v 0.436816 1.633263 0.048168
v 0.436816 1.530475 0.048168
v 0.429457 1.633263 0.054922
v 0.429457 1.530475 0.054922
v 0.431737 1.530474 0.050021
v 0.431737 1.633263 0.050021
v 0.431309 1.530474 0.060000
v 0.431309 1.633263 0.060000
v 0.405906 1.613457 0.048206
v 0.405906 1.550281 0.048206
v 0.428071 1.633263 0.048315
v 0.428071 1.530474 0.048315
v 0.425823 1.633263 0.053231
v 0.425823 1.530474 0.053231
v 0.421444 1.608032 0.048142
v 0.421444 1.608032 0.053120
v 0.421444 1.555706 0.053120
v 0.421444 1.555706 0.048142
v 0.391263 1.609061 0.048206
v 0.391263 1.554677 0.048206
v 0.389881 1.554677 0.043035
v 0.389881 1.609061 0.043035
v 0.414614 1.610745 0.043513
v 0.413675 1.610744 0.048513
v 0.413675 1.552993 0.048513
v 0.414614 1.552993 0.043513
v 0.397960 1.552479 0.043035
v 0.398584 1.552479 0.048206
v 0.398584 1.611259 0.048206
v 0.397960 1.611259 0.043035
v 0.407372 1.451766 0.043035
v 0.407113 1.451766 0.048206
v 0.407372 1.711972 0.043035
v 0.407113 1.711972 0.048206
v 0.415946 1.709259 0.043513
v 0.414882 1.709259 0.048513
v 0.414882 1.454479 0.048513
v 0.399791 1.453964 0.048206
v 0.399791 1.709774 0.048206
v 0.399292 1.709774 0.043035
v 0.415946 1.454479 0.043513
v 0.399292 1.453964 0.043035
v 0.436513 1.637724 0.055225
v 0.436513 1.528086 0.055225
v 0.441289 1.614367 0.060428
v 0.441289 1.549371 0.060428
v 0.436211 1.549371 0.062281
v 0.436211 1.614367 0.062281
v 0.441717 1.614367 0.050449
v 0.441717 1.549371 0.050449
v 0.443570 1.549371 0.055527
v 0.443570 1.614367 0.055527
v 0.436816 1.614367 0.048168
v 0.436816 1.549371 0.048168
v 0.429457 1.614367 0.054922
v 0.429457 1.549371 0.054922
v 0.431737 1.549371 0.050021
v 0.431737 1.614367 0.050021
v 0.431309 1.549371 0.060000
v 0.431309 1.614367 0.060000
v 0.439868 1.614367 0.058988
v 0.439868 1.549371 0.058988
v 0.436118 1.549371 0.060356
v 0.436118 1.614367 0.060356
v 0.440184 1.614367 0.051618
v 0.440184 1.549371 0.051618
v 0.441553 1.549371 0.055368
v 0.441553 1.614367 0.055368
v 0.436565 1.614367 0.049933
v 0.436565 1.549371 0.049933
v 0.431130 1.614367 0.054921
v 0.431130 1.549371 0.054921
v 0.432814 1.549371 0.051302
v 0.432814 1.614367 0.051302
v 0.432498 1.549371 0.058672
v 0.432498 1.614367 0.058672
v 0.402935 1.556831 0.048782
v 0.408448 1.554365 0.048782
v 0.414089 1.556519 0.048782
v 0.416555 1.562032 0.048782
v 0.414401 1.567674 0.048782
v 0.408888 1.570140 0.048782
v 0.403246 1.567985 0.048782
v 0.400780 1.562472 0.048782
v 0.404824 1.558617 0.051283
v 0.408520 1.556965 0.051283
v 0.412302 1.558409 0.051283
v 0.413955 1.562105 0.051283
v 0.412511 1.565887 0.051283
v 0.408815 1.567540 0.051283
v 0.405033 1.566095 0.051283
v 0.403380 1.562400 0.051283
v 0.407674 1.561313 0.052827
v 0.408630 1.560886 0.053003
v 0.409607 1.561259 0.052827
v 0.410034 1.562214 0.053003
v 0.409661 1.563192 0.052827
v 0.408706 1.563619 0.053003
v 0.407728 1.563246 0.052827
v 0.407301 1.562290 0.053003
v 0.408668 1.562252 0.053258
v 0.402935 1.556831 0.047295
v 0.408448 1.554365 0.047295
v 0.414089 1.556519 0.047295
v 0.416555 1.562032 0.047295
v 0.414401 1.567674 0.047295
v 0.408888 1.570140 0.047295
v 0.403246 1.567985 0.047295
v 0.400780 1.562472 0.047295
v 0.392628 1.582109 0.048782
v 0.394613 1.576405 0.048782
v 0.400049 1.573775 0.048782
v 0.405753 1.575759 0.048782
v 0.408383 1.581195 0.048782
v 0.406399 1.586900 0.048782
v 0.400963 1.589530 0.048782
v 0.395259 1.587545 0.048782
v 0.395225 1.581958 0.051283
v 0.396555 1.578135 0.051283
v 0.400200 1.576372 0.051283
v 0.404024 1.577702 0.051283
v 0.405787 1.581346 0.051283
v 0.404456 1.585170 0.051283
v 0.400812 1.586933 0.051283
v 0.396988 1.585603 0.051283
v 0.399141 1.581731 0.052827
v 0.399485 1.580743 0.053003
v 0.400427 1.580287 0.052827
v 0.401415 1.580631 0.053003
v 0.401871 1.581573 0.052827
v 0.401527 1.582562 0.053003
v 0.400585 1.583017 0.052827
v 0.399597 1.582673 0.053003
v 0.400506 1.581652 0.053258
v 0.392628 1.582109 0.047295
v 0.394613 1.576405 0.047295
v 0.400049 1.573775 0.047295
v 0.405753 1.575759 0.047295
v 0.408383 1.581195 0.047295
v 0.406399 1.586900 0.047295
v 0.400963 1.589530 0.047295
v 0.395259 1.587545 0.047295
v 0.230643 0.834519 -0.022593
v 0.227664 0.829266 -0.022593
v 0.221843 0.827657 -0.022593
v 0.216589 0.830636 -0.022593
v 0.214981 0.836457 -0.022593
v 0.217959 0.841711 -0.022593
v 0.223780 0.843319 -0.022593
v 0.229034 0.840340 -0.022593
v 0.228061 0.834839 -0.025094
v 0.226065 0.831317 -0.025094
v 0.222162 0.830238 -0.025094
v 0.218640 0.832235 -0.025094
v 0.217562 0.836138 -0.025094
v 0.219559 0.839660 -0.025094
v 0.223461 0.840738 -0.025094
v 0.226983 0.838741 -0.025094
v 0.224169 0.835320 -0.026638
v 0.223653 0.834410 -0.026814
v 0.222644 0.834131 -0.026638
v 0.221734 0.834647 -0.026814
v 0.221455 0.835656 -0.026638
v 0.221971 0.836566 -0.026814
v 0.222980 0.836845 -0.026638
v 0.223890 0.836329 -0.026814
v 0.222812 0.835488 -0.027069
v 0.230643 0.834519 -0.021106
v 0.227664 0.829266 -0.021106
v 0.221843 0.827657 -0.021106
v 0.216589 0.830636 -0.021106
v 0.214981 0.836457 -0.021106
v 0.217959 0.841711 -0.021106
v 0.223780 0.843319 -0.021106
v 0.229034 0.840340 -0.021106
v 0.229001 0.769566 -0.022593
v 0.223728 0.766623 -0.022593
v 0.217918 0.768270 -0.022593
v 0.214974 0.773544 -0.022593
v 0.216622 0.779354 -0.022593
v 0.221896 0.782297 -0.022593
v 0.227706 0.780650 -0.022593
v 0.230649 0.775376 -0.022593
v 0.226961 0.771179 -0.025094
v 0.223426 0.769206 -0.025094
v 0.219531 0.770311 -0.025094
v 0.217558 0.773846 -0.025094
v 0.218662 0.777741 -0.025094
v 0.222198 0.779714 -0.025094
v 0.226093 0.778610 -0.025094
v 0.228066 0.775074 -0.025094
v 0.223884 0.773612 -0.026638
v 0.222971 0.773102 -0.026814
v 0.221964 0.773387 -0.026638
v 0.221454 0.774301 -0.026814
v 0.221739 0.775308 -0.026638
v 0.222653 0.775818 -0.026814
v 0.223660 0.775533 -0.026638
v 0.224170 0.774619 -0.026814
v 0.222812 0.774460 -0.027069
v 0.229001 0.769566 -0.021106
v 0.223728 0.766623 -0.021106
v 0.217918 0.768270 -0.021106
v 0.214974 0.773544 -0.021106
v 0.216622 0.779354 -0.021106
v 0.221896 0.782297 -0.021106
v 0.227706 0.780650 -0.021106
v 0.230649 0.775376 -0.021106
v 0.164153 0.773494 -0.022593
v 0.159363 0.769816 -0.022593
v 0.153375 0.770602 -0.022593
v 0.149697 0.775392 -0.022593
v 0.150483 0.781380 -0.022593
v 0.155273 0.785058 -0.022593
v 0.161261 0.784272 -0.022593
v 0.164939 0.779482 -0.022593
v 0.161900 0.774794 -0.025094
v 0.158689 0.772328 -0.025094
v 0.154675 0.772855 -0.025094
v 0.152209 0.776066 -0.025094
v 0.152736 0.780080 -0.025094
v 0.155947 0.782546 -0.025094
v 0.159962 0.782019 -0.025094
v 0.162427 0.778808 -0.025094
v 0.158502 0.776754 -0.026638
v 0.157672 0.776116 -0.026814
v 0.156635 0.776253 -0.026638
v 0.155998 0.777083 -0.026814
v 0.156134 0.778120 -0.026638
v 0.156964 0.778758 -0.026814
v 0.158001 0.778621 -0.026638
v 0.158639 0.777791 -0.026814
v 0.157318 0.777437 -0.027069
v 0.164153 0.773494 -0.021106
v 0.159363 0.769816 -0.021106
v 0.153375 0.770602 -0.021106
v 0.149697 0.775392 -0.021106
v 0.150483 0.781380 -0.021106
v 0.155273 0.785058 -0.021106
v 0.161261 0.784272 -0.021106
v 0.164939 0.779482 -0.021106
v 0.108890 0.774193 -0.022593
v 0.106391 0.768695 -0.022593
v 0.100737 0.766574 -0.022593
v 0.095238 0.769073 -0.022593
v 0.093117 0.774727 -0.022593
v 0.095616 0.780225 -0.022593
v 0.101271 0.782346 -0.022593
v 0.106769 0.779848 -0.022593
v 0.106290 0.774281 -0.025094
v 0.104615 0.770595 -0.025094
v 0.100825 0.769173 -0.025094
v 0.097139 0.770848 -0.025094
v 0.095717 0.774639 -0.025094
v 0.097392 0.778325 -0.025094
v 0.101183 0.779747 -0.025094
v 0.104868 0.778072 -0.025094
v 0.102370 0.774414 -0.026638
v 0.101937 0.773461 -0.026814
v 0.100957 0.773094 -0.026638
v 0.100005 0.773527 -0.026814
v 0.099637 0.774506 -0.026638
v 0.100070 0.775459 -0.026814
v 0.101050 0.775827 -0.026638
v 0.102003 0.775394 -0.026814
v 0.101004 0.774460 -0.027069
v 0.108890 0.774193 -0.021106
v 0.106391 0.768695 -0.021106
v 0.100737 0.766574 -0.021106
v 0.095238 0.769073 -0.021106
v 0.093117 0.774727 -0.021106
v 0.095616 0.780225 -0.021106
v 0.101271 0.782346 -0.021106
v 0.106769 0.779848 -0.021106
v 0.104381 0.833164 -0.022593
v 0.103671 0.827167 -0.022593
v 0.098928 0.823428 -0.022593
v 0.092930 0.824138 -0.022593
v 0.089192 0.828881 -0.022593
v 0.089902 0.834879 -0.022593
v 0.094645 0.838617 -0.022593
v 0.100642 0.837907 -0.022593
v 0.101877 0.832458 -0.025094
v 0.101401 0.828438 -0.025094
v 0.098222 0.825932 -0.025094
v 0.094201 0.826408 -0.025094
v 0.091695 0.829587 -0.025094
v 0.092171 0.833608 -0.025094
v 0.095351 0.836114 -0.025094
v 0.099371 0.835638 -0.025094
v 0.098102 0.831394 -0.026638
v 0.097979 0.830355 -0.026815
v 0.097157 0.829707 -0.026638
v 0.096118 0.829830 -0.026815
v 0.095470 0.830652 -0.026638
v 0.095593 0.831691 -0.026815
v 0.096415 0.832339 -0.026638
v 0.097454 0.832216 -0.026815
v 0.096786 0.831023 -0.027069
v 0.104381 0.833164 -0.021106
v 0.103671 0.827167 -0.021106
v 0.098928 0.823428 -0.021106
v 0.092930 0.824138 -0.021106
v 0.089192 0.828881 -0.021106
v 0.089902 0.834879 -0.021106
v 0.094645 0.838617 -0.021106
v 0.100642 0.837907 -0.021106
v 0.211335 0.816113 -0.095522
v 0.211335 0.935376 -0.095522
v 0.211335 0.816113 -0.085522
v 0.211335 0.935376 -0.085522
v 0.108042 0.816113 -0.095522
v 0.108042 0.935376 -0.095522
v 0.108042 0.816113 -0.085522
v 0.108042 0.935376 -0.085522
v 0.211335 0.808650 -0.093995
v 0.211335 0.812577 -0.084799
v 0.108042 0.808650 -0.093995
v 0.108042 0.812577 -0.084799
v 0.211334 0.802386 -0.089659
v 0.211335 0.809611 -0.082745
v 0.108042 0.802386 -0.089659
v 0.108042 0.809611 -0.082745
v 0.211334 0.798329 -0.083212
v 0.211335 0.807689 -0.079691
v 0.108042 0.798329 -0.083212
v 0.108042 0.807689 -0.079691
v 0.211334 0.797131 -0.023880
v 0.211334 0.807121 -0.023880
v 0.108042 0.797131 -0.023880
v 0.108042 0.807121 -0.023880
v 0.215232 0.794946 -0.021945
v 0.215232 0.809305 -0.021945
v 0.104145 0.794946 -0.021945
v 0.104145 0.809305 -0.021945
v 0.233734 0.757138 -0.021945
v 0.233734 0.847114 -0.021945
v 0.085642 0.757138 -0.021945
v 0.085642 0.847114 -0.021945
v 0.233892 0.847210 -0.016075
v 0.233892 0.757042 -0.016075
v 0.085485 0.847210 -0.016075
v 0.085485 0.757042 -0.016075
v -0.390345 0.783976 0.049781
v -0.390345 1.020062 0.049781
v -0.390345 0.776113 0.068171
v -0.390345 1.027925 0.068171
v -0.410345 0.783976 0.049781
v -0.410345 1.020062 0.049781
v -0.410345 0.776113 0.068171
v -0.410345 1.027925 0.068171
v -0.400345 0.813653 0.056324
v -0.410345 0.841772 0.067852
v -0.414487 0.870733 0.082377
v -0.410345 0.902019 0.093958
v -0.400345 0.934731 0.096447
v -0.390345 0.966279 0.087445
v -0.386203 0.994605 0.069822
v -0.400345 0.998825 0.083319
v -0.410345 0.966279 0.087445
v -0.414487 0.933305 0.082377
v -0.410345 0.902019 0.073958
v -0.400345 0.872159 0.068307
v -0.390345 0.841772 0.067852
v -0.386203 0.809433 0.069822
v -0.414487 0.994605 0.069822
v -0.410345 0.962266 0.067852
v -0.400345 0.931879 0.068307
v -0.390345 0.902019 0.073958
v -0.386203 0.870733 0.082377
v -0.390345 0.837759 0.087445
v -0.400345 0.805213 0.083319
v -0.400345 0.990385 0.056324
v -0.390345 0.962266 0.067852
v -0.386203 0.933305 0.082377
v -0.390345 0.902019 0.093958
v -0.400345 0.869307 0.096447
v -0.410345 0.837759 0.087445
v -0.414487 0.809433 0.069822
v -0.390345 1.025756 0.041607
v -0.390345 1.039506 0.056130
v -0.410345 1.025756 0.041607
v -0.410345 1.039506 0.056130
v -0.390345 1.028262 0.031966
v -0.390345 1.046195 0.040821
v -0.410345 1.028262 0.031966
v -0.410345 1.046195 0.040821
v -0.390345 1.027216 0.023090
v -0.390345 1.047216 0.023106
v -0.410345 1.027216 0.023090
v -0.410345 1.047216 0.023106
v -0.390345 0.776652 0.042323
v -0.390345 0.763092 0.057024
v -0.410345 0.776652 0.042323
v -0.410345 0.763092 0.057024
v -0.390345 0.772244 0.032844
v -0.390345 0.754549 0.042165
v -0.410345 0.772244 0.032844
v -0.410345 0.754548 0.042165
v -0.390345 0.771362 0.023768
v -0.390345 0.751363 0.023975
v -0.410345 0.771362 0.023768
v -0.410345 0.751363 0.023975
v -0.388711 1.025582 0.020954
v -0.388711 1.048850 0.020972
v -0.411979 1.025582 0.020954
v -0.411979 1.048850 0.020972
v -0.388711 0.772996 0.021615
v -0.388711 0.749729 0.021857
v -0.411979 0.772996 0.021615
v -0.411979 0.749729 0.021857
v -0.367402 1.015737 0.020948
v -0.367402 1.058694 0.020977
v -0.433288 1.015737 0.020948
v -0.433288 1.058694 0.020977
v -0.367402 0.782840 0.021546
v -0.367402 0.739885 0.021925
v -0.433288 0.782840 0.021546
v -0.433288 0.739885 0.021925
v -0.366906 1.015414 0.016415
v -0.366906 1.059018 0.016445
v -0.433784 1.015414 0.016415
v -0.433784 1.059018 0.016445
v -0.366906 0.783163 0.017011
v -0.366906 0.739561 0.017396
v -0.433784 0.783163 0.017011
v -0.433784 0.739561 0.017396
v 0.464974 1.000861 0.053066
v 0.465814 0.994880 0.053066
v 0.470636 0.991245 0.053066
v 0.476617 0.992084 0.053066
v 0.480252 0.996906 0.053066
v 0.479413 1.002887 0.053066
v 0.474591 1.006523 0.053066
v 0.468610 1.005684 0.053066
v 0.467492 1.000209 0.055567
v 0.468055 0.996200 0.055567
v 0.471288 0.993763 0.055567
v 0.475297 0.994325 0.055567
v 0.477734 0.997558 0.055567
v 0.477172 1.001567 0.055567
v 0.473939 1.004005 0.055567
v 0.469929 1.003442 0.055567
v 0.471290 0.999226 0.057111
v 0.471435 0.998190 0.057287
v 0.472271 0.997560 0.057111
v 0.473307 0.997706 0.057287
v 0.473937 0.998541 0.057111
v 0.473791 0.999577 0.057287
v 0.472956 1.000207 0.057111
v 0.471920 1.000062 0.057287
v 0.472613 0.998884 0.057542
v 0.464974 1.000861 0.051579
v 0.465814 0.994880 0.051579
v 0.470636 0.991245 0.051579
v 0.476617 0.992084 0.051579
v 0.480252 0.996906 0.051579
v 0.479413 1.002887 0.051579
v 0.474591 1.006523 0.051579
v 0.468610 1.005684 0.051579
v 0.432704 1.047778 0.051159
v 0.431126 1.047778 0.055482
v 0.433068 1.047778 0.059655
v 0.437391 1.047778 0.061232
v 0.441564 1.047778 0.059290
v 0.443141 1.047778 0.054967
v 0.441199 1.047778 0.050795
v 0.436876 1.047778 0.049217
v 0.432704 0.949026 0.051159
v 0.431126 0.949026 0.055482
v 0.433068 0.949026 0.059655
v 0.437391 0.949026 0.061232
v 0.441564 0.949026 0.059290
v 0.443141 0.949026 0.054967
v 0.441199 0.949026 0.050795
v 0.436876 0.949026 0.049217
v 0.437134 1.048829 0.055225
v 0.437134 0.948126 0.055225
v 0.433068 0.966814 0.059655
v 0.433068 1.029990 0.059655
v 0.437391 1.029990 0.061232
v 0.437391 0.966814 0.061232
v 0.432704 0.966814 0.051159
v 0.432704 1.029990 0.051159
v 0.431126 1.029990 0.055482
v 0.431126 0.966814 0.055482
v 0.436876 0.966814 0.049217
v 0.436876 1.029990 0.049217
v 0.443141 0.966814 0.054967
v 0.443141 1.029990 0.054967
v 0.441199 1.029990 0.050795
v 0.441199 0.966814 0.050795
v 0.441564 1.029990 0.059290
v 0.441564 0.966814 0.059290
v 0.432358 0.966814 0.060428
v 0.432358 1.029990 0.060428
v 0.437436 1.029991 0.062281
v 0.437436 0.966814 0.062281
v 0.431930 0.966814 0.050449
v 0.431930 1.029990 0.050449
v 0.430077 1.029990 0.055527
v 0.430077 0.966814 0.055527
v 0.436831 0.966814 0.048168
v 0.436831 1.029990 0.048168
v 0.444190 0.966814 0.054922
v 0.444190 1.029990 0.054922
v 0.441910 1.029991 0.050021
v 0.441909 0.966814 0.050021
v 0.442337 1.029990 0.060000
v 0.442337 0.966814 0.060000
v 0.467741 0.966814 0.052507
v 0.467741 1.029990 0.052507
v 0.445576 0.966814 0.048315
v 0.445576 1.029991 0.048315
v 0.447824 0.966814 0.053232
v 0.447824 1.029990 0.053232
v 0.452203 0.972239 0.048142
v 0.452203 0.972239 0.053120
v 0.452203 1.024565 0.053120
v 0.452203 1.024565 0.048142
v 0.482384 0.971210 0.052507
v 0.482384 1.025594 0.052507
v 0.482384 1.025594 0.047186
v 0.482384 0.971210 0.047186
v 0.459972 0.969527 0.047664
v 0.459972 0.969526 0.052814
v 0.459972 1.027278 0.052814
v 0.459972 1.027278 0.047664
v 0.475062 1.027792 0.047186
v 0.475062 1.027792 0.052507
v 0.475062 0.969012 0.052507
v 0.475062 0.969012 0.047186
v 0.466534 1.128505 0.047186
v 0.466534 1.128505 0.052507
v 0.466534 0.868299 0.047186
v 0.466534 0.868299 0.052507
v 0.458765 0.871012 0.047664
v 0.458765 0.871012 0.052814
v 0.458765 1.125792 0.052814
v 0.473856 1.126307 0.052507
v 0.473856 0.870497 0.052507
v 0.473856 0.870497 0.047186
v 0.458765 1.125792 0.047664
v 0.473856 1.126307 0.047186
v 0.448307 1.018444 0.053066
v 0.448516 1.012408 0.053066
v 0.452932 1.008288 0.053066
v 0.458967 1.008497 0.053066
v 0.463087 1.012913 0.053066
v 0.462878 1.018948 0.053066
v 0.458463 1.023069 0.053066
v 0.452427 1.022860 0.053066
v 0.450743 1.017532 0.055567
v 0.450883 1.013486 0.055567
v 0.453843 1.010724 0.055567
v 0.457889 1.010864 0.055567
v 0.460652 1.013824 0.055567
v 0.460511 1.017871 0.055567
v 0.457551 1.020633 0.055567
v 0.453505 1.020492 0.055567
v 0.454417 1.016158 0.057111
v 0.454453 1.015112 0.057287
v 0.455218 1.014398 0.057111
v 0.456264 1.014434 0.057287
v 0.456978 1.015199 0.057111
v 0.456942 1.016245 0.057287
v 0.456176 1.016959 0.057111
v 0.455131 1.016923 0.057287
v 0.455697 1.015679 0.057542
v 0.448307 1.018444 0.051579
v 0.448516 1.012408 0.051579
v 0.452932 1.008288 0.051579
v 0.458967 1.008497 0.051579
v 0.463087 1.012913 0.051579
v 0.462878 1.018948 0.051579
v 0.458463 1.023069 0.051579
v 0.452427 1.022860 0.051579
v 0.449159 0.986158 0.053066
v 0.447950 0.980241 0.053066
v 0.451279 0.975202 0.053066
v 0.457196 0.973992 0.053066
v 0.462235 0.977321 0.053066
v 0.463444 0.983238 0.053066
v 0.460115 0.988277 0.053066
v 0.454198 0.989487 0.053066
v 0.451314 0.984701 0.055567
v 0.450504 0.980735 0.055567
v 0.452735 0.977357 0.055567
v 0.456702 0.976546 0.055567
v 0.460080 0.978778 0.055567
v 0.460891 0.982744 0.055567
v 0.458659 0.986122 0.055567
v 0.454692 0.986933 0.055567
v 0.454564 0.982505 0.057111
v 0.454355 0.981480 0.057287
v 0.454932 0.980607 0.057111
v 0.455957 0.980397 0.057287
v 0.456830 0.980974 0.057111
v 0.457040 0.981999 0.057287
v 0.456463 0.982872 0.057111
v 0.455438 0.983082 0.057287
v 0.455697 0.981739 0.057542
v 0.449159 0.986158 0.051579
v 0.447950 0.980241 0.051579
v 0.451279 0.975202 0.051579
v 0.457196 0.973992 0.051579
v 0.462235 0.977321 0.051579
v 0.463444 0.983238 0.051579
v 0.460115 0.988277 0.051579
v 0.454198 0.989487 0.051579
v 0.401029 1.019963 0.048782
v 0.401868 1.013983 0.048782
v 0.406690 1.010347 0.048782
v 0.412671 1.011186 0.048782
v 0.416307 1.016009 0.048782
v 0.415467 1.021990 0.048782
v 0.410645 1.025625 0.048782
v 0.404664 1.024786 0.048782
v 0.403547 1.019312 0.051283
v 0.404109 1.015302 0.051283
v 0.407342 1.012865 0.051283
v 0.411352 1.013428 0.051283
v 0.413789 1.016661 0.051283
v 0.413226 1.020670 0.051283
v 0.409993 1.023107 0.051283
v 0.405984 1.022545 0.051283
v 0.407344 1.018329 0.052827
v 0.407489 1.017292 0.053003
v 0.408325 1.016662 0.052827
v 0.409361 1.016808 0.053003
v 0.409991 1.017644 0.052827
v 0.409846 1.018680 0.053003
v 0.409010 1.019310 0.052827
v 0.407974 1.019164 0.053003
v 0.408668 1.017986 0.053258
v 0.401029 1.019963 0.047295
v 0.401868 1.013983 0.047295
v 0.406690 1.010347 0.047295
v 0.412671 1.011186 0.047295
v 0.416307 1.016009 0.047295
v 0.415467 1.021990 0.047295
v 0.410645 1.025625 0.047295
v 0.404664 1.024786 0.047295
v 0.440153 1.052387 0.059191
v 0.440579 0.945911 0.059655
v 0.436256 0.945911 0.061232
v 0.436282 1.052387 0.060603
v 0.440479 1.052387 0.051585
v 0.440943 0.945911 0.051159
v 0.442520 0.945911 0.055482
v 0.441891 1.052387 0.055455
v 0.436744 1.052387 0.049846
v 0.436771 0.945911 0.049217
v 0.431135 1.052387 0.054994
v 0.430506 0.945911 0.054967
v 0.432447 0.945911 0.050795
v 0.432873 1.052387 0.051259
v 0.432083 0.945911 0.059290
v 0.432547 1.052387 0.058865
v 0.441289 1.049800 0.060428
v 0.441289 0.947011 0.060428
v 0.436211 0.947011 0.062281
v 0.436211 1.049800 0.062281
v 0.441717 1.049800 0.050449
v 0.441717 0.947011 0.050449
v 0.443570 0.947011 0.055527
v 0.443570 1.049800 0.055527
v 0.436816 1.049800 0.048168
v 0.436816 0.947011 0.048168
v 0.429457 1.049800 0.054922
v 0.429457 0.947011 0.054922
v 0.431737 0.947011 0.050021
v 0.431737 1.049800 0.050021
v 0.431309 0.947011 0.060000
v 0.431309 1.049800 0.060000
v 0.405906 1.029994 0.048206
v 0.405906 0.966817 0.048206
v 0.428071 1.049800 0.048315
v 0.428071 0.947011 0.048315
v 0.425823 1.049800 0.053232
v 0.425823 0.947011 0.053232
v 0.421444 1.024569 0.048142
v 0.421444 1.024568 0.053120
v 0.421444 0.972243 0.053120
v 0.421444 0.972243 0.048142
v 0.391263 1.025598 0.048206
v 0.391263 0.971213 0.048206
v 0.389880 0.971213 0.043035
v 0.389880 1.025598 0.043035
v 0.414614 1.027281 0.043513
v 0.413675 1.027281 0.048513
v 0.413675 0.969530 0.048513
v 0.414614 0.969530 0.043513
v 0.397960 0.969015 0.043035
v 0.398584 0.969015 0.048206
v 0.398584 1.027796 0.048206
v 0.397960 1.027796 0.043035
v 0.407372 0.868303 0.043035
v 0.407113 0.868303 0.048206
v 0.407372 1.128508 0.043035
v 0.407113 1.128508 0.048206
v 0.415946 1.125796 0.043513
v 0.414882 1.125796 0.048513
v 0.414882 0.871015 0.048513
v 0.399791 0.870501 0.048206
v 0.399791 1.126310 0.048206
v 0.399292 1.126310 0.043035
v 0.415946 0.871016 0.043513
v 0.399292 0.870501 0.043035
v 0.436513 1.054260 0.055225
v 0.436513 0.944622 0.055225
v 0.441289 1.030904 0.060428
v 0.441289 0.965908 0.060428
v 0.436211 0.965908 0.062281
v 0.436211 1.030904 0.062281
v 0.441717 1.030904 0.050449
v 0.441717 0.965908 0.050449
v 0.443570 0.965908 0.055527
v 0.443570 1.030904 0.055527
v 0.436816 1.030904 0.048168
v 0.436816 0.965908 0.048168
v 0.429457 1.030904 0.054922
v 0.429457 0.965908 0.054922
v 0.431737 0.965908 0.050021
v 0.431737 1.030904 0.050021
v 0.431309 0.965908 0.060000
v 0.431309 1.030904 0.060000
v 0.439868 1.030904 0.058988
v 0.439868 0.965908 0.058988
v 0.436118 0.965908 0.060356
v 0.436118 1.030904 0.060356
v 0.440184 1.030904 0.051618
v 0.440184 0.965908 0.051618
v 0.441553 0.965908 0.055368
v 0.441553 1.030904 0.055368
v 0.436565 1.030904 0.049933
v 0.436565 0.965908 0.049933
v 0.431130 1.030904 0.054921
v 0.431130 0.965908 0.054921
v 0.432814 0.965908 0.051302
v 0.432814 1.030904 0.051302
v 0.432498 0.965908 0.058672
v 0.432498 1.030904 0.058672
v 0.402935 0.973367 0.048782
v 0.408448 0.970901 0.048782
v 0.414089 0.973056 0.048782
v 0.416555 0.978569 0.048782
v 0.414401 0.984211 0.048782
v 0.408888 0.986677 0.048782
v 0.403246 0.984522 0.048782
v 0.400780 0.979009 0.048782
v 0.404824 0.975154 0.051283
v 0.408520 0.973501 0.051283
v 0.412302 0.974946 0.051283
v 0.413955 0.978641 0.051283
v 0.412511 0.982424 0.051283
v 0.408815 0.984077 0.051283
v 0.405033 0.982632 0.051283
v 0.403380 0.978936 0.051283
v 0.407674 0.977850 0.052827
v 0.408630 0.977422 0.053003
v 0.409607 0.977796 0.052827
v 0.410034 0.978751 0.053003
v 0.409661 0.979728 0.052827
v 0.408706 0.980156 0.053003
v 0.407728 0.979782 0.052827
v 0.407301 0.978827 0.053003
v 0.408668 0.978789 0.053258
v 0.402935 0.973367 0.047295
v 0.408448 0.970901 0.047295
v 0.414089 0.973056 0.047295
v 0.416555 0.978569 0.047295
v 0.414401 0.984211 0.047295
v 0.408888 0.986677 0.047295
v 0.403246 0.984522 0.047295
v 0.400780 0.979009 0.047295
v 0.392628 0.998646 0.048782
v 0.394613 0.992942 0.048782
v 0.400049 0.990312 0.048782
v 0.405753 0.992296 0.048782
v 0.408383 0.997732 0.048782
v 0.406399 1.003436 0.048782
v 0.400963 1.006066 0.048782
v 0.395259 1.004082 0.048782
v 0.395225 0.998495 0.051283
v 0.396555 0.994671 0.051283
v 0.400200 0.992908 0.051283
v 0.404024 0.994238 0.051283
v 0.405787 0.997883 0.051283
v 0.404456 1.001707 0.051283
v 0.400812 1.003470 0.051283
v 0.396988 1.002140 0.051283
v 0.399141 0.998268 0.052827
v 0.399485 0.997280 0.053003
v 0.400427 0.996824 0.052827
v 0.401415 0.997168 0.053003
v 0.401871 0.998110 0.052827
v 0.401527 0.999098 0.053003
v 0.400585 0.999554 0.052827
v 0.399597 0.999210 0.053003
v 0.400506 0.998189 0.053258
v 0.392628 0.998646 0.047295
v 0.394613 0.992942 0.047295
v 0.400049 0.990312 0.047295
v 0.405753 0.992296 0.047295
v 0.408383 0.997732 0.047295
v 0.406399 1.003436 0.047295
v 0.400963 1.006066 0.047295
v 0.395259 1.004082 0.047295
v 0.464974 0.350378 0.053066
v 0.465814 0.344398 0.053066
v 0.470636 0.340762 0.053066
v 0.476617 0.341601 0.053066
v 0.480252 0.346424 0.053066
v 0.479413 0.352405 0.053066
v 0.474591 0.356040 0.053066
v 0.468610 0.355201 0.053066
v 0.467492 0.349727 0.055567
v 0.468055 0.345717 0.055567
v 0.471288 0.343280 0.055567
v 0.475297 0.343843 0.055567
v 0.477734 0.347076 0.055567
v 0.477172 0.351085 0.055567
v 0.473939 0.353522 0.055567
v 0.469930 0.352959 0.055567
v 0.471290 0.348744 0.057111
v 0.471435 0.347707 0.057287
v 0.472271 0.347078 0.057111
v 0.473307 0.347223 0.057287
v 0.473937 0.348059 0.057111
v 0.473792 0.349095 0.057287
v 0.472956 0.349725 0.057111
v 0.471920 0.349579 0.057287
v 0.472613 0.348401 0.057542
v 0.464974 0.350378 0.051579
v 0.465814 0.344398 0.051579
v 0.470636 0.340762 0.051579
v 0.476617 0.341601 0.051579
v 0.480252 0.346424 0.051579
v 0.479413 0.352405 0.051579
v 0.474591 0.356040 0.051579
v 0.468610 0.355201 0.051579
v 0.432704 0.397296 0.051159
v 0.431126 0.397296 0.055482
v 0.433068 0.397296 0.059655
v 0.437391 0.397296 0.061232
v 0.441564 0.397296 0.059290
v 0.443141 0.397296 0.054967
v 0.441199 0.397296 0.050795
v 0.436876 0.397296 0.049217
v 0.432704 0.298543 0.051159
v 0.431126 0.298543 0.055482
v 0.433068 0.298543 0.059655
v 0.437391 0.298543 0.061232
v 0.441564 0.298543 0.059290
v 0.443141 0.298543 0.054967
v 0.441199 0.298543 0.050795
v 0.436876 0.298543 0.049217
v 0.437134 0.398347 0.055225
v 0.437134 0.297643 0.055225
v 0.433068 0.316331 0.059655
v 0.433068 0.379508 0.059655
v 0.437391 0.379508 0.061232
v 0.437391 0.316331 0.061232
v 0.432704 0.316331 0.051159
v 0.432704 0.379508 0.051159
v 0.431126 0.379508 0.055482
v 0.431126 0.316331 0.055482
v 0.436876 0.316331 0.049217
v 0.436876 0.379508 0.049217
v 0.443141 0.316331 0.054967
v 0.443141 0.379508 0.054967
v 0.441199 0.379508 0.050795
v 0.441199 0.316331 0.050795
v 0.441564 0.379508 0.059290
v 0.441564 0.316331 0.059290
v 0.432358 0.316331 0.060428
v 0.432358 0.379508 0.060428
v 0.437436 0.379508 0.062281
v 0.437436 0.316331 0.062281
v 0.431930 0.316331 0.050449
v 0.431930 0.379508 0.050449
v 0.430077 0.379508 0.055527
v 0.430077 0.316331 0.055527
v 0.436831 0.316331 0.048168
v 0.436831 0.379508 0.048168
v 0.444190 0.316331 0.054922
v 0.444190 0.379508 0.054922
v 0.441910 0.379508 0.050021
v 0.441910 0.316331 0.050021
v 0.442337 0.379508 0.060001
v 0.442337 0.316331 0.060001
v 0.467741 0.316331 0.052507
v 0.467741 0.379508 0.052507
v 0.445576 0.316331 0.048315
v 0.445576 0.379508 0.048315
v 0.447824 0.316331 0.053232
v 0.447824 0.379508 0.053232
v 0.452203 0.321757 0.048142
v 0.452203 0.321757 0.053121
v 0.452203 0.374082 0.053120
v 0.452203 0.374082 0.048142
v 0.482384 0.320727 0.052507
v 0.482384 0.375112 0.052507
v 0.482384 0.375112 0.047186
v 0.482384 0.320727 0.047186
v 0.459972 0.319044 0.047664
v 0.459972 0.319044 0.052814
v 0.459972 0.376795 0.052814
v 0.459972 0.376795 0.047664
v 0.475062 0.377310 0.047186
v 0.475062 0.377310 0.052507
v 0.475062 0.318529 0.052507
v 0.475062 0.318529 0.047186
v 0.466534 0.478022 0.047186
v 0.466534 0.478022 0.052507
v 0.466534 0.217817 0.047186
v 0.466534 0.217817 0.052507
v 0.458765 0.220529 0.047664
v 0.458765 0.220529 0.052814
v 0.458765 0.475310 0.052814
v 0.473856 0.475824 0.052507
v 0.473856 0.220015 0.052507
v 0.473856 0.220015 0.047186
v 0.458765 0.475310 0.047664
v 0.473856 0.475824 0.047186
v 0.448307 0.367961 0.053066
v 0.448516 0.361926 0.053066
v 0.452932 0.357806 0.053066
v 0.458967 0.358015 0.053066
v 0.463087 0.362430 0.053066
v 0.462879 0.368466 0.053066
v 0.458463 0.372586 0.053066
v 0.452427 0.372377 0.053066
v 0.450743 0.367050 0.055567
v 0.450883 0.363004 0.055567
v 0.453843 0.360242 0.055567
v 0.457889 0.360382 0.055567
v 0.460652 0.363342 0.055567
v 0.460511 0.367388 0.055567
v 0.457551 0.370150 0.055567
v 0.453505 0.370010 0.055567
v 0.454417 0.365675 0.057111
v 0.454453 0.364629 0.057287
v 0.455218 0.363915 0.057111
v 0.456264 0.363952 0.057287
v 0.456978 0.364717 0.057111
v 0.456942 0.365762 0.057287
v 0.456176 0.366476 0.057111
v 0.455131 0.366440 0.057287
v 0.455697 0.365196 0.057542
v 0.448307 0.367961 0.051579
v 0.448516 0.361926 0.051579
v 0.452932 0.357806 0.051579
v 0.458967 0.358015 0.051579
v 0.463087 0.362430 0.051579
v 0.462879 0.368466 0.051579
v 0.458463 0.372586 0.051579
v 0.452427 0.372377 0.051579
v 0.449159 0.335675 0.053066
v 0.447950 0.329758 0.053066
v 0.451279 0.324719 0.053066
v 0.457196 0.323510 0.053066
v 0.462235 0.326839 0.053066
v 0.463444 0.332756 0.053066
v 0.460115 0.337795 0.053066
v 0.454198 0.339004 0.053066
v 0.451314 0.334219 0.055567
v 0.450504 0.330252 0.055567
v 0.452735 0.326874 0.055567
v 0.456702 0.326064 0.055567
v 0.460080 0.328295 0.055567
v 0.460891 0.332262 0.055567
v 0.458659 0.335640 0.055567
v 0.454692 0.336450 0.055567
v 0.454564 0.332022 0.057111
v 0.454355 0.330997 0.057287
v 0.454932 0.330124 0.057111
v 0.455957 0.329915 0.057287
v 0.456830 0.330491 0.057111
v 0.457040 0.331517 0.057287
v 0.456463 0.332390 0.057111
v 0.455438 0.332599 0.057287
v 0.455697 0.331257 0.057542
v 0.449159 0.335675 0.051579
v 0.447950 0.329758 0.051579
v 0.451279 0.324719 0.051579
v 0.457196 0.323510 0.051579
v 0.462235 0.326839 0.051579
v 0.463444 0.332756 0.051579
v 0.460115 0.337795 0.051579
v 0.454198 0.339004 0.051579
v 0.401029 0.369481 0.048782
v 0.401868 0.363500 0.048782
v 0.406690 0.359865 0.048782
v 0.412671 0.360704 0.048782
v 0.416307 0.365526 0.048782
v 0.415467 0.371507 0.048782
v 0.410645 0.375142 0.048782
v 0.404664 0.374303 0.048782
v 0.403547 0.368829 0.051283
v 0.404109 0.364820 0.051283
v 0.407342 0.362383 0.051283
v 0.411352 0.362945 0.051283
v 0.413789 0.366178 0.051283
v 0.413226 0.370187 0.051283
v 0.409993 0.372624 0.051283
v 0.405984 0.372062 0.051283
v 0.407344 0.367846 0.052827
v 0.407489 0.366810 0.053004
v 0.408325 0.366180 0.052827
v 0.409361 0.366325 0.053004
v 0.409991 0.367161 0.052827
v 0.409846 0.368197 0.053004
v 0.409010 0.368827 0.052827
v 0.407974 0.368682 0.053004
v 0.408668 0.367503 0.053259
v 0.401029 0.369481 0.047295
v 0.401868 0.363500 0.047295
v 0.406690 0.359865 0.047295
v 0.412671 0.360704 0.047295
v 0.416307 0.365526 0.047295
v 0.415467 0.371507 0.047295
v 0.410645 0.375142 0.047295
v 0.404664 0.374303 0.047295
v 0.440153 0.401904 0.059191
v 0.440579 0.295429 0.059655
v 0.436256 0.295429 0.061232
v 0.436283 0.401904 0.060603
v 0.440479 0.401904 0.051585
v 0.440943 0.295429 0.051159
v 0.442520 0.295429 0.055482
v 0.441891 0.401904 0.055455
v 0.436744 0.401904 0.049846
v 0.436771 0.295429 0.049217
v 0.431135 0.401904 0.054994
v 0.430506 0.295429 0.054967
v 0.432447 0.295429 0.050795
v 0.432873 0.401904 0.051259
v 0.432083 0.295429 0.059290
v 0.432547 0.401904 0.058865
v 0.441289 0.399318 0.060428
v 0.441289 0.296528 0.060428
v 0.436211 0.296528 0.062281
v 0.436211 0.399318 0.062281
v 0.441717 0.399318 0.050449
v 0.441717 0.296528 0.050449
v 0.443570 0.296528 0.055527
v 0.443570 0.399318 0.055527
v 0.436816 0.399318 0.048168
v 0.436816 0.296528 0.048168
v 0.429457 0.399318 0.054922
v 0.429457 0.296528 0.054922
v 0.431737 0.296528 0.050021
v 0.431737 0.399318 0.050021
v 0.431309 0.296528 0.060001
v 0.431309 0.399318 0.060001
v 0.405906 0.379511 0.048206
v 0.405906 0.316335 0.048206
v 0.428071 0.399318 0.048315
v 0.428071 0.296528 0.048315
v 0.425823 0.399318 0.053232
v 0.425823 0.296528 0.053232
v 0.421444 0.374086 0.048142
v 0.421444 0.374086 0.053121
v 0.421444 0.321760 0.053120
v 0.421444 0.321760 0.048142
v 0.391263 0.375115 0.048206
v 0.391263 0.320731 0.048206
v 0.389880 0.320731 0.043035
v 0.389880 0.375115 0.043036
v 0.414614 0.376799 0.043513
v 0.413675 0.376799 0.048513
v 0.413675 0.319047 0.048513
v 0.414614 0.319047 0.043513
v 0.397960 0.318533 0.043035
v 0.398584 0.318533 0.048206
v 0.398584 0.377313 0.048206
v 0.397960 0.377313 0.043036
v 0.407372 0.217820 0.043035
v 0.407113 0.217820 0.048206
v 0.407372 0.478026 0.043036
v 0.407113 0.478026 0.048206
v 0.415946 0.475313 0.043513
v 0.414882 0.475313 0.048513
v 0.414882 0.220533 0.048513
v 0.399791 0.220018 0.048206
v 0.399791 0.475828 0.048206
v 0.399292 0.475828 0.043036
v 0.415946 0.220533 0.043513
v 0.399292 0.220018 0.043035
v 0.436513 0.403778 0.055225
v 0.436513 0.294140 0.055225
v 0.441289 0.380421 0.060428
v 0.441289 0.315425 0.060428
v 0.436211 0.315425 0.062281
v 0.436211 0.380421 0.062281
v 0.441717 0.380421 0.050449
v 0.441717 0.315425 0.050449
v 0.443570 0.315425 0.055527
v 0.443570 0.380421 0.055527
v 0.436816 0.380421 0.048168
v 0.436816 0.315425 0.048168
v 0.429457 0.380421 0.054922
v 0.429457 0.315425 0.054922
v 0.431737 0.315425 0.050021
v 0.431737 0.380421 0.050021
v 0.431309 0.315425 0.060001
v 0.431309 0.380421 0.060001
v 0.439868 0.380421 0.058988
v 0.439868 0.315425 0.058988
v 0.436118 0.315425 0.060356
v 0.436118 0.380421 0.060356
v 0.440184 0.380421 0.051618
v 0.440184 0.315425 0.051618
v 0.441553 0.315425 0.055368
v 0.441553 0.380421 0.055368
v 0.436565 0.380421 0.049933
v 0.436565 0.315425 0.049933
v 0.431130 0.380421 0.054921
v 0.431130 0.315425 0.054921
v 0.432814 0.315425 0.051302
v 0.432814 0.380421 0.051302
v 0.432498 0.315425 0.058672
v 0.432498 0.380421 0.058672
v 0.402935 0.322885 0.048782
v 0.408448 0.320419 0.048782
v 0.414089 0.322573 0.048782
v 0.416555 0.328086 0.048782
v 0.414401 0.333728 0.048782
v 0.408888 0.336194 0.048782
v 0.403246 0.334039 0.048782
v 0.400780 0.328527 0.048782
v 0.404824 0.324672 0.051283
v 0.408520 0.323019 0.051283
v 0.412302 0.324463 0.051283
v 0.413955 0.328159 0.051283
v 0.412511 0.331941 0.051283
v 0.408815 0.333594 0.051283
v 0.405033 0.332150 0.051283
v 0.403380 0.328454 0.051283
v 0.407674 0.327367 0.052827
v 0.408630 0.326940 0.053004
v 0.409607 0.327313 0.052827
v 0.410034 0.328268 0.053004
v 0.409661 0.329246 0.052827
v 0.408706 0.329673 0.053004
v 0.407728 0.329300 0.052827
v 0.407301 0.328344 0.053004
v 0.408668 0.328306 0.053259
v 0.402935 0.322885 0.047295
v 0.408448 0.320419 0.047295
v 0.414089 0.322573 0.047295
v 0.416555 0.328086 0.047295
v 0.414401 0.333728 0.047295
v 0.408888 0.336194 0.047295
v 0.403246 0.334039 0.047295
v 0.400780 0.328527 0.047295
v 0.392628 0.348163 0.048782
v 0.394613 0.342459 0.048782
v 0.400049 0.339829 0.048782
v 0.405753 0.341813 0.048782
v 0.408383 0.347250 0.048782
v 0.406399 0.352954 0.048782
v 0.400963 0.355584 0.048782
v 0.395259 0.353600 0.048782
v 0.395225 0.348012 0.051283
v 0.396555 0.344189 0.051283
v 0.400200 0.342425 0.051283
v 0.404024 0.343756 0.051283
v 0.405787 0.347400 0.051283
v 0.404456 0.351224 0.051283
v 0.400812 0.352987 0.051283
v 0.396988 0.351657 0.051283
v 0.399141 0.347786 0.052827
v 0.399485 0.346797 0.053004
v 0.400427 0.346341 0.052827
v 0.401415 0.346685 0.053004
v 0.401871 0.347627 0.052827
v 0.401527 0.348616 0.053004
v 0.400585 0.349071 0.052827
v 0.399597 0.348727 0.053004
v 0.400506 0.347706 0.053259
v 0.392628 0.348163 0.047295
v 0.394613 0.342459 0.047295
v 0.400049 0.339829 0.047295
v 0.405753 0.341813 0.047295
v 0.408383 0.347250 0.047295
v 0.406399 0.352954 0.047295
v 0.400963 0.355584 0.047295
v 0.395259 0.353600 0.047295
v -0.245593 0.834520 -0.022593
v -0.248572 0.829266 -0.022593
v -0.254393 0.827657 -0.022593
v -0.259647 0.830636 -0.022593
v -0.261255 0.836457 -0.022593
v -0.258277 0.841711 -0.022593
v -0.252456 0.843319 -0.022593
v -0.247202 0.840341 -0.022593
v -0.248175 0.834839 -0.025094
v -0.250171 0.831317 -0.025094
v -0.254074 0.830238 -0.025094
v -0.257596 0.832235 -0.025094
v -0.258674 0.836138 -0.025094
v -0.256677 0.839660 -0.025094
v -0.252775 0.840738 -0.025094
v -0.249253 0.838741 -0.025094
v -0.252067 0.835320 -0.026638
v -0.252583 0.834410 -0.026814
v -0.253592 0.834131 -0.026638
v -0.254502 0.834647 -0.026814
v -0.254781 0.835656 -0.026638
v -0.254265 0.836566 -0.026814
v -0.253256 0.836845 -0.026638
v -0.252346 0.836329 -0.026814
v -0.253424 0.835488 -0.027069
v -0.245593 0.834520 -0.021106
v -0.248572 0.829266 -0.021106
v -0.254393 0.827657 -0.021106
v -0.259647 0.830636 -0.021106
v -0.261255 0.836457 -0.021106
v -0.258277 0.841711 -0.021106
v -0.252456 0.843319 -0.021106
v -0.247202 0.840341 -0.021106
v -0.247235 0.769566 -0.022593
v -0.252508 0.766623 -0.022593
v -0.258318 0.768270 -0.022593
v -0.261262 0.773544 -0.022593
v -0.259614 0.779354 -0.022593
v -0.254340 0.782297 -0.022593
v -0.248530 0.780650 -0.022593
v -0.245587 0.775376 -0.022593
v -0.249275 0.771179 -0.025094
v -0.252810 0.769206 -0.025094
v -0.256705 0.770311 -0.025094
v -0.258678 0.773846 -0.025094
v -0.257574 0.777741 -0.025094
v -0.254038 0.779714 -0.025094
v -0.250143 0.778609 -0.025094
v -0.248170 0.775074 -0.025094
v -0.252352 0.773612 -0.026638
v -0.253266 0.773102 -0.026814
v -0.254272 0.773388 -0.026638
v -0.254782 0.774301 -0.026814
v -0.254497 0.775308 -0.026638
v -0.253583 0.775818 -0.026814
v -0.252576 0.775533 -0.026638
v -0.252066 0.774619 -0.026814
v -0.253424 0.774460 -0.027069
v -0.247235 0.769566 -0.021106
v -0.252508 0.766623 -0.021106
v -0.258318 0.768270 -0.021106
v -0.261262 0.773544 -0.021106
v -0.259614 0.779354 -0.021106
v -0.254340 0.782297 -0.021106
v -0.248530 0.780650 -0.021106
v -0.245587 0.775376 -0.021106
v -0.312083 0.773494 -0.022593
v -0.316873 0.769816 -0.022593
v -0.322861 0.770602 -0.022593
v -0.326539 0.775392 -0.022593
v -0.325753 0.781380 -0.022593
v -0.320963 0.785058 -0.022593
v -0.314975 0.784272 -0.022593
v -0.311297 0.779482 -0.022593
v -0.314336 0.774794 -0.025094
v -0.317547 0.772328 -0.025094
v -0.321561 0.772855 -0.025094
v -0.324027 0.776066 -0.025094
v -0.323500 0.780080 -0.025094
v -0.320289 0.782546 -0.025094
v -0.316274 0.782019 -0.025094
v -0.313809 0.778808 -0.025094
v -0.317734 0.776754 -0.026638
v -0.318564 0.776117 -0.026814
v -0.319601 0.776253 -0.026638
v -0.320238 0.777083 -0.026814
v -0.320102 0.778120 -0.026638
v -0.319272 0.778758 -0.026814
v -0.318235 0.778621 -0.026638
v -0.317597 0.777791 -0.026814
v -0.318918 0.777437 -0.027069
v -0.312083 0.773494 -0.021106
v -0.316873 0.769816 -0.021106
v -0.322861 0.770602 -0.021106
v -0.326539 0.775392 -0.021106
v -0.325753 0.781380 -0.021106
v -0.320963 0.785058 -0.021106
v -0.314975 0.784272 -0.021106
v -0.311297 0.779482 -0.021106
v -0.367346 0.774193 -0.022593
v -0.369845 0.768695 -0.022593
v -0.375499 0.766574 -0.022593
v -0.380998 0.769073 -0.022593
v -0.383119 0.774727 -0.022593
v -0.380620 0.780225 -0.022593
v -0.374965 0.782346 -0.022593
v -0.369467 0.779848 -0.022593
v -0.369946 0.774281 -0.025094
v -0.371621 0.770595 -0.025094
v -0.375411 0.769173 -0.025094
v -0.379097 0.770848 -0.025094
v -0.380519 0.774639 -0.025094
v -0.378844 0.778325 -0.025094
v -0.375053 0.779747 -0.025094
v -0.371368 0.778072 -0.025094
v -0.373866 0.774414 -0.026638
v -0.374299 0.773461 -0.026814
v -0.375279 0.773094 -0.026638
v -0.376231 0.773527 -0.026814
v -0.376599 0.774506 -0.026638
v -0.376166 0.775459 -0.026814
v -0.375186 0.775827 -0.026638
v -0.374233 0.775394 -0.026814
v -0.375232 0.774460 -0.027069
v -0.367346 0.774193 -0.021106
v -0.369845 0.768695 -0.021106
v -0.375499 0.766574 -0.021106
v -0.380998 0.769073 -0.021106
v -0.383119 0.774727 -0.021106
v -0.380620 0.780225 -0.021106
v -0.374965 0.782346 -0.021106
v -0.369467 0.779848 -0.021106
v -0.371855 0.833164 -0.022593
v -0.372565 0.827167 -0.022593
v -0.377308 0.823428 -0.022593
v -0.383306 0.824138 -0.022593
v -0.387044 0.828881 -0.022593
v -0.386334 0.834879 -0.022593
v -0.381591 0.838617 -0.022593
v -0.375594 0.837907 -0.022593
v -0.374359 0.832458 -0.025094
v -0.374835 0.828438 -0.025094
v -0.378014 0.825932 -0.025094
v -0.382035 0.826408 -0.025094
v -0.384541 0.829587 -0.025094
v -0.384065 0.833608 -0.025094
v -0.380885 0.836114 -0.025094
v -0.376865 0.835638 -0.025094
v -0.378134 0.831394 -0.026638
v -0.378257 0.830355 -0.026815
v -0.379079 0.829707 -0.026638
v -0.380118 0.829830 -0.026815
v -0.380766 0.830652 -0.026638
v -0.380643 0.831691 -0.026815
v -0.379821 0.832339 -0.026638
v -0.378782 0.832216 -0.026815
v -0.379450 0.831023 -0.027069
v -0.371855 0.833164 -0.021106
v -0.372565 0.827167 -0.021106
v -0.377308 0.823428 -0.021106
v -0.383306 0.824138 -0.021106
v -0.387044 0.828881 -0.021106
v -0.386334 0.834879 -0.021106
v -0.381591 0.838617 -0.021106
v -0.375594 0.837907 -0.021106
v -0.264901 0.816113 -0.095522
v -0.264902 0.935376 -0.095522
v -0.264901 0.816113 -0.085522
v -0.264902 0.935376 -0.085522
v -0.368194 0.816113 -0.095522
v -0.368194 0.935376 -0.095522
v -0.368194 0.816113 -0.085522
v -0.368194 0.935376 -0.085522
v -0.264902 0.808650 -0.093995
v -0.264902 0.812577 -0.084799
v -0.368194 0.808650 -0.093995
v -0.368194 0.812578 -0.084799
v -0.264902 0.802386 -0.089659
v -0.264901 0.809611 -0.082745
v -0.368194 0.802386 -0.089659
v -0.368194 0.809611 -0.082745
v -0.264902 0.798329 -0.083212
v -0.264901 0.807689 -0.079691
v -0.368194 0.798329 -0.083212
v -0.368194 0.807689 -0.079691
v -0.264902 0.797131 -0.023880
v -0.264902 0.807121 -0.023880
v -0.368194 0.797131 -0.023880
v -0.368194 0.807121 -0.023880
v -0.261004 0.794947 -0.021945
v -0.261004 0.809305 -0.021945
v -0.372091 0.794946 -0.021945
v -0.372091 0.809305 -0.021945
v -0.242502 0.757138 -0.021945
v -0.242502 0.847114 -0.021945
v -0.390594 0.757138 -0.021945
v -0.390594 0.847114 -0.021945
v -0.242344 0.847210 -0.016075
v -0.242344 0.757042 -0.016075
v -0.390751 0.847210 -0.016075
v -0.390751 0.757042 -0.016075
v -0.475876 1.368796 -0.047546
v -0.474614 1.362889 -0.047546
v -0.477899 1.357821 -0.047546
v -0.483805 1.356560 -0.047546
v -0.488873 1.359844 -0.047546
v -0.490134 1.365750 -0.047546
v -0.486850 1.370818 -0.047546
v -0.480944 1.372080 -0.047546
v -0.478018 1.367320 -0.050046
v -0.477172 1.363361 -0.050046
v -0.479374 1.359963 -0.050046
v -0.483333 1.359118 -0.050046
v -0.486731 1.361319 -0.050046
v -0.487576 1.365279 -0.050046
v -0.485375 1.368676 -0.050046
v -0.481416 1.369522 -0.050046
v -0.481248 1.365095 -0.051590
v -0.481030 1.364072 -0.051767
v -0.481599 1.363194 -0.051590
v -0.482622 1.362975 -0.051767
v -0.483500 1.363544 -0.051590
v -0.483719 1.364568 -0.051767
v -0.483150 1.365446 -0.051590
v -0.482127 1.365664 -0.051767
v -0.482374 1.364320 -0.052022
v -0.475876 1.368796 -0.046059
v -0.474614 1.362889 -0.046059
v -0.477899 1.357821 -0.046059
v -0.483805 1.356560 -0.046059
v -0.488873 1.359844 -0.046059
v -0.490134 1.365750 -0.046059
v -0.486850 1.370818 -0.046059
v -0.480944 1.372080 -0.046059
v 0.422845 1.359873 -0.047672
v -0.495532 1.359873 -0.047672
v 0.422845 1.369006 -0.047672
v -0.495532 1.369007 -0.047672
v 0.270192 1.359873 -0.047672
v 0.285462 1.359873 -0.047672
v 0.277827 1.350320 -0.047672
v 0.093069 1.359873 -0.047672
v 0.108339 1.359873 -0.047672
v 0.100704 1.350320 -0.047672
v -0.131688 1.359873 -0.047672
v -0.116419 1.359873 -0.047672
v -0.124053 1.350320 -0.047672
v -0.253830 1.359873 -0.047672
v -0.238560 1.359873 -0.047672
v -0.246195 1.350320 -0.047672
v -0.412627 1.359873 -0.047672
v -0.397357 1.359873 -0.047672
v -0.404992 1.350320 -0.047672
v -0.397357 1.369007 -0.047672
v -0.412627 1.369007 -0.047672
v -0.404992 1.378559 -0.047672
v -0.238560 1.369007 -0.047672
v -0.253830 1.369007 -0.047672
v -0.246195 1.378559 -0.047672
v -0.116419 1.369007 -0.047672
v -0.131688 1.369007 -0.047672
v -0.124053 1.378559 -0.047672
v 0.108339 1.369007 -0.047672
v 0.093069 1.369007 -0.047672
v 0.100704 1.378559 -0.047672
v 0.285462 1.369007 -0.047672
v 0.270192 1.369007 -0.047672
v 0.277827 1.378559 -0.047672
v 0.415633 1.369007 -0.047672
v 0.400363 1.369007 -0.047672
v 0.407998 1.378559 -0.047672
v 0.400363 1.359873 -0.047672
v 0.415633 1.359873 -0.047672
v 0.407998 1.350320 -0.047672
v -0.490280 1.359873 -0.047672
v -0.475010 1.359873 -0.047672
v -0.482645 1.350320 -0.047672
v -0.475010 1.369007 -0.047672
v -0.490280 1.369007 -0.047672
v -0.482645 1.378559 -0.047672
v 0.424663 1.356685 -0.042932
v -0.497888 1.356685 -0.042932
v 0.424663 1.371088 -0.042932
v -0.497888 1.371088 -0.042932
v 0.270192 1.356685 -0.042932
v 0.285462 1.356685 -0.042932
v 0.277827 1.347132 -0.042932
v 0.093069 1.356685 -0.042932
v 0.108339 1.356685 -0.042932
v 0.100704 1.347132 -0.042932
v -0.131688 1.356685 -0.042932
v -0.116419 1.356685 -0.042932
v -0.124053 1.347132 -0.042932
v -0.253830 1.356685 -0.042932
v -0.238560 1.356685 -0.042932
v -0.246195 1.347132 -0.042932
v -0.412627 1.356685 -0.042932
v -0.397357 1.356685 -0.042932
v -0.404992 1.347132 -0.042932
v -0.397357 1.371088 -0.042932
v -0.412627 1.371088 -0.042932
v -0.404992 1.380641 -0.042932
v -0.238560 1.371088 -0.042932
v -0.253830 1.371088 -0.042932
v -0.246195 1.380641 -0.042932
v -0.116419 1.371088 -0.042932
v -0.131688 1.371088 -0.042932
v -0.124053 1.380641 -0.042932
v 0.108339 1.371088 -0.042932
v 0.093069 1.371088 -0.042932
v 0.100704 1.380641 -0.042932
v 0.285462 1.371088 -0.042932
v 0.270192 1.371088 -0.042932
v 0.277827 1.380641 -0.042932
v 0.415633 1.371088 -0.042932
v 0.400363 1.371088 -0.042932
v 0.407998 1.380641 -0.042932
v 0.400363 1.356685 -0.042932
v 0.415633 1.356685 -0.042932
v 0.407998 1.347132 -0.042932
v -0.490280 1.356685 -0.042932
v -0.475010 1.356685 -0.042932
v -0.482645 1.347132 -0.042932
v -0.475010 1.371088 -0.042932
v -0.490280 1.371088 -0.042932
v -0.482645 1.380641 -0.042932
v -0.120099 1.370983 -0.047546
v -0.116626 1.366042 -0.047546
v -0.117663 1.360093 -0.047546
v -0.122604 1.356619 -0.047546
v -0.128553 1.357657 -0.047546
v -0.132027 1.362598 -0.047546
v -0.130989 1.368547 -0.047546
v -0.126048 1.372020 -0.047546
v -0.121492 1.368786 -0.050047
v -0.119164 1.365474 -0.050047
v -0.119860 1.361486 -0.050047
v -0.123172 1.359158 -0.050047
v -0.127160 1.359853 -0.050047
v -0.129488 1.363165 -0.050047
v -0.128793 1.367154 -0.050047
v -0.125480 1.369482 -0.050047
v -0.123594 1.365474 -0.051591
v -0.122992 1.364618 -0.051767
v -0.123172 1.363587 -0.051591
v -0.124028 1.362985 -0.051767
v -0.125059 1.363165 -0.051591
v -0.125660 1.364021 -0.051767
v -0.125481 1.365052 -0.051591
v -0.124624 1.365654 -0.051767
v -0.124326 1.364320 -0.052022
v -0.120099 1.370983 -0.046059
v -0.116626 1.366042 -0.046059
v -0.117663 1.360093 -0.046059
v -0.122604 1.356619 -0.046059
v -0.128553 1.357657 -0.046059
v -0.132027 1.362598 -0.046059
v -0.130989 1.368547 -0.046059
v -0.126048 1.372020 -0.046059
v 0.108800 1.363296 -0.047546
v 0.105784 1.358063 -0.047546
v 0.099952 1.356496 -0.047546
v 0.094719 1.359511 -0.047546
v 0.093152 1.365344 -0.047546
v 0.096168 1.370576 -0.047546
v 0.102000 1.372144 -0.047546
v 0.107232 1.369128 -0.047546
v 0.106221 1.363633 -0.050047
v 0.104199 1.360125 -0.050047
v 0.100289 1.359075 -0.050047
v 0.096782 1.361097 -0.050047
v 0.095731 1.365006 -0.050047
v 0.097753 1.368514 -0.050047
v 0.101662 1.369565 -0.050047
v 0.105170 1.367543 -0.050047
v 0.102332 1.364142 -0.051591
v 0.101809 1.363236 -0.051767
v 0.100798 1.362964 -0.051591
v 0.099892 1.363487 -0.051767
v 0.099620 1.364497 -0.051591
v 0.100143 1.365404 -0.051767
v 0.101153 1.365676 -0.051591
v 0.102060 1.365153 -0.051767
v 0.100976 1.364320 -0.052022
v 0.108800 1.363296 -0.046059
v 0.105784 1.358063 -0.046059
v 0.099952 1.356496 -0.046059
v 0.094719 1.359511 -0.046059
v 0.093152 1.365344 -0.046059
v 0.096168 1.370576 -0.046059
v 0.102000 1.372144 -0.046059
v 0.107232 1.369128 -0.046059
v 0.285294 1.367381 -0.047546
v 0.285329 1.361342 -0.047546
v 0.281083 1.357047 -0.047546
v 0.275044 1.357012 -0.047546
v 0.270749 1.361258 -0.047546
v 0.270715 1.367298 -0.047546
v 0.274960 1.371592 -0.047546
v 0.281000 1.371627 -0.047546
v 0.282897 1.366372 -0.050047
v 0.282921 1.362324 -0.050047
v 0.280074 1.359444 -0.050047
v 0.276026 1.359421 -0.050047
v 0.273147 1.362267 -0.050047
v 0.273123 1.366316 -0.050047
v 0.275970 1.369195 -0.050047
v 0.280018 1.369218 -0.050047
v 0.279282 1.364850 -0.051591
v 0.279288 1.363804 -0.051767
v 0.278552 1.363060 -0.051591
v 0.277506 1.363054 -0.051767
v 0.276762 1.363789 -0.051591
v 0.276756 1.364836 -0.051767
v 0.277491 1.365580 -0.051591
v 0.278538 1.365586 -0.051767
v 0.278022 1.364320 -0.052022
v 0.285294 1.367381 -0.046059
v 0.285329 1.361342 -0.046059
v 0.281083 1.357047 -0.046059
v 0.275044 1.357012 -0.046059
v 0.270749 1.361258 -0.046059
v 0.270715 1.367298 -0.046059
v 0.274960 1.371592 -0.046059
v 0.281000 1.371627 -0.046059
v 0.416202 1.364832 -0.047546
v 0.414297 1.359101 -0.047546
v 0.408897 1.356397 -0.047546
v 0.403166 1.358303 -0.047546
v 0.400462 1.363702 -0.047546
v 0.402367 1.369433 -0.047546
v 0.407767 1.372138 -0.047546
v 0.413498 1.370232 -0.047546
v 0.413608 1.364646 -0.050047
v 0.412331 1.360804 -0.050047
v 0.408711 1.358991 -0.050047
v 0.404869 1.360269 -0.050047
v 0.403056 1.363889 -0.050047
v 0.404333 1.367730 -0.050047
v 0.407953 1.369543 -0.050047
v 0.411795 1.368266 -0.050047
v 0.409696 1.364365 -0.051591
v 0.409365 1.363372 -0.051767
v 0.408430 1.362904 -0.051591
v 0.407437 1.363234 -0.051767
v 0.406968 1.364169 -0.051591
v 0.407299 1.365162 -0.051767
v 0.408234 1.365631 -0.051591
v 0.409227 1.365301 -0.051767
v 0.408332 1.364267 -0.052022
v 0.416202 1.364832 -0.046059
v 0.414297 1.359101 -0.046059
v 0.408897 1.356397 -0.046059
v 0.403166 1.358303 -0.046059
v 0.400462 1.363702 -0.046059
v 0.402367 1.369433 -0.046059
v 0.407767 1.372138 -0.046059
v 0.413498 1.370232 -0.046059
v -0.238891 1.367612 -0.047546
v -0.238663 1.361577 -0.047546
v -0.242770 1.357149 -0.047546
v -0.248805 1.356921 -0.047546
v -0.253233 1.361028 -0.047546
v -0.253461 1.367062 -0.047546
v -0.249354 1.371491 -0.047546
v -0.243319 1.371719 -0.047546
v -0.241255 1.366527 -0.050046
v -0.241102 1.362481 -0.050046
v -0.243855 1.359512 -0.050046
v -0.247901 1.359360 -0.050046
v -0.250869 1.362113 -0.050046
v -0.251022 1.366158 -0.050046
v -0.248269 1.369127 -0.050046
v -0.244223 1.369280 -0.050046
v -0.244820 1.364890 -0.051590
v -0.244780 1.363845 -0.051767
v -0.245492 1.363077 -0.051590
v -0.246537 1.363038 -0.051767
v -0.247305 1.363749 -0.051590
v -0.247344 1.364795 -0.051767
v -0.246633 1.365562 -0.051590
v -0.245587 1.365602 -0.051767
v -0.246062 1.364320 -0.052022
v -0.238891 1.367612 -0.046059
v -0.238663 1.361577 -0.046059
v -0.242770 1.357149 -0.046059
v -0.248805 1.356921 -0.046059
v -0.253233 1.361028 -0.046059
v -0.253461 1.367062 -0.046059
v -0.249354 1.371491 -0.046059
v -0.243319 1.371719 -0.046059
v -0.400898 1.371119 -0.047546
v -0.397263 1.366296 -0.047546
v -0.398103 1.360315 -0.047546
v -0.402925 1.356681 -0.047546
v -0.408906 1.357520 -0.047546
v -0.412541 1.362343 -0.047546
v -0.411701 1.368324 -0.047546
v -0.406878 1.371959 -0.047546
v -0.402217 1.368878 -0.050046
v -0.399781 1.365645 -0.050046
v -0.400344 1.361635 -0.050046
v -0.403577 1.359199 -0.050046
v -0.407586 1.359762 -0.050046
v -0.410023 1.362995 -0.050046
v -0.409460 1.367004 -0.050046
v -0.406227 1.369441 -0.050046
v -0.404208 1.365498 -0.051590
v -0.403578 1.364662 -0.051767
v -0.403724 1.363626 -0.051590
v -0.404559 1.362996 -0.051767
v -0.405596 1.363142 -0.051590
v -0.406226 1.363977 -0.051767
v -0.406080 1.365013 -0.051590
v -0.405244 1.365643 -0.051767
v -0.404902 1.364320 -0.052022
v -0.400898 1.371119 -0.046059
v -0.397263 1.366296 -0.046059
v -0.398103 1.360315 -0.046059
v -0.402925 1.356681 -0.046059
v -0.408906 1.357520 -0.046059
v -0.412541 1.362343 -0.046059
v -0.411701 1.368324 -0.046059
v -0.406878 1.371959 -0.046059
v -0.478716 0.617917 -0.047546
v -0.477454 0.612011 -0.047546
v -0.480739 0.606943 -0.047546
v -0.486645 0.605681 -0.047546
v -0.491713 0.608965 -0.047546
v -0.492974 0.614871 -0.047546
v -0.489690 0.619940 -0.047546
v -0.483784 0.621201 -0.047546
v -0.480858 0.616441 -0.050046
v -0.480012 0.612482 -0.050046
v -0.482214 0.609085 -0.050046
v -0.486173 0.608239 -0.050046
v -0.489571 0.610441 -0.050046
v -0.490416 0.614400 -0.050046
v -0.488215 0.617797 -0.050046
v -0.484255 0.618643 -0.050046
v -0.484088 0.614217 -0.051590
v -0.483870 0.613193 -0.051767
v -0.484439 0.612315 -0.051590
v -0.485462 0.612096 -0.051767
v -0.486340 0.612666 -0.051590
v -0.486559 0.613689 -0.051767
v -0.485990 0.614567 -0.051590
v -0.484966 0.614786 -0.051767
v -0.485214 0.613441 -0.052022
v -0.478716 0.617917 -0.046059
v -0.477454 0.612011 -0.046059
v -0.480739 0.606943 -0.046059
v -0.486645 0.605681 -0.046059
v -0.491713 0.608965 -0.046059
v -0.492974 0.614871 -0.046059
v -0.489690 0.619940 -0.046059
v -0.483784 0.621201 -0.046059
v 0.422845 0.608994 -0.047672
v -0.498372 0.608994 -0.047672
v 0.422845 0.618128 -0.047672
v -0.498372 0.618128 -0.047672
v 0.265657 0.608994 -0.047672
v 0.280927 0.608994 -0.047672
v 0.273292 0.599441 -0.047672
v 0.060064 0.608994 -0.047672
v 0.075334 0.608994 -0.047672
v 0.067699 0.599441 -0.047672
v -0.085354 0.608994 -0.047672
v -0.070084 0.608994 -0.047672
v -0.077719 0.599441 -0.047672
v -0.249667 0.608994 -0.047672
v -0.234397 0.608994 -0.047672
v -0.242032 0.599441 -0.047672
v -0.396288 0.608994 -0.047672
v -0.381019 0.608994 -0.047672
v -0.388654 0.599441 -0.047672
v -0.381019 0.618128 -0.047672
v -0.396289 0.618128 -0.047672
v -0.388654 0.627681 -0.047672
v -0.234397 0.618128 -0.047672
v -0.249667 0.618128 -0.047672
v -0.242032 0.627681 -0.047672
v -0.070084 0.618128 -0.047672
v -0.085354 0.618128 -0.047672
v -0.077719 0.627681 -0.047672
v 0.075334 0.618128 -0.047672
v 0.060064 0.618128 -0.047672
v 0.067699 0.627681 -0.047672
v 0.280927 0.618128 -0.047672
v 0.265657 0.618128 -0.047672
v 0.273292 0.627681 -0.047672
v 0.415633 0.618128 -0.047672
v 0.400363 0.618128 -0.047672
v 0.407998 0.627681 -0.047672
v 0.400363 0.608994 -0.047672
v 0.415633 0.608994 -0.047672
v 0.407998 0.599441 -0.047672
v -0.493120 0.608994 -0.047672
v -0.477850 0.608994 -0.047672
v -0.485485 0.599441 -0.047672
v -0.477850 0.618128 -0.047672
v -0.493120 0.618128 -0.047672
v -0.485485 0.627681 -0.047672
v 0.424663 0.605806 -0.042932
v -0.500184 0.605806 -0.042932
v 0.424663 0.620210 -0.042932
v -0.500184 0.620210 -0.042932
v 0.265657 0.605806 -0.042932
v 0.280927 0.605806 -0.042932
v 0.273292 0.596253 -0.042932
v 0.060064 0.605806 -0.042932
v 0.075334 0.605806 -0.042932
v 0.067699 0.596253 -0.042932
v -0.085354 0.605806 -0.042932
v -0.070084 0.605806 -0.042932
v -0.077719 0.596253 -0.042932
v -0.249667 0.605806 -0.042932
v -0.234397 0.605806 -0.042932
v -0.242032 0.596253 -0.042932
v -0.396289 0.605806 -0.042932
v -0.381019 0.605806 -0.042932
v -0.388654 0.596253 -0.042932
v -0.381019 0.620210 -0.042932
v -0.396289 0.620210 -0.042932
v -0.388654 0.629763 -0.042932
v -0.234397 0.620210 -0.042932
v -0.249667 0.620210 -0.042932
v -0.242032 0.629763 -0.042932
v -0.070084 0.620210 -0.042932
v -0.085354 0.620210 -0.042932
v -0.077719 0.629763 -0.042932
v 0.075334 0.620210 -0.042932
v 0.060064 0.620210 -0.042932
v 0.067699 0.629763 -0.042932
v 0.280927 0.620210 -0.042932
v 0.265657 0.620210 -0.042932
v 0.273292 0.629763 -0.042932
v 0.415633 0.620210 -0.042932
v 0.400363 0.620210 -0.042932
v 0.407998 0.629763 -0.042932
v 0.400363 0.605806 -0.042932
v 0.415632 0.605806 -0.042932
v 0.407998 0.596253 -0.042932
v -0.493120 0.605806 -0.042932
v -0.477850 0.605806 -0.042932
v -0.485485 0.596253 -0.042932
v -0.477850 0.620210 -0.042932
v -0.493120 0.620210 -0.042932
v -0.485485 0.629763 -0.042932
v -0.073764 0.620104 -0.047546
v -0.070291 0.615163 -0.047546
v -0.071329 0.609214 -0.047546
v -0.076270 0.605741 -0.047546
v -0.082219 0.606778 -0.047546
v -0.085692 0.611719 -0.047546
v -0.084655 0.617668 -0.047546
v -0.079714 0.621141 -0.047546
v -0.075158 0.617908 -0.050046
v -0.072830 0.614595 -0.050046
v -0.073525 0.610607 -0.050046
v -0.076837 0.608279 -0.050046
v -0.080826 0.608975 -0.050046
v -0.083154 0.612287 -0.050046
v -0.082458 0.616275 -0.050046
v -0.079146 0.618603 -0.050046
v -0.077259 0.614596 -0.051590
v -0.076657 0.613739 -0.051767
v -0.076837 0.612709 -0.051590
v -0.077693 0.612107 -0.051767
v -0.078724 0.612287 -0.051590
v -0.079326 0.613143 -0.051767
v -0.079146 0.614174 -0.051590
v -0.078290 0.614775 -0.051767
v -0.077992 0.613441 -0.052022
v -0.073764 0.620104 -0.046059
v -0.070291 0.615163 -0.046059
v -0.071329 0.609214 -0.046059
v -0.076270 0.605741 -0.046059
v -0.082219 0.606778 -0.046059
v -0.085692 0.611719 -0.046059
v -0.084655 0.617668 -0.046059
v -0.079714 0.621141 -0.046059
v 0.075794 0.612417 -0.047546
v 0.072778 0.607185 -0.047546
v 0.066946 0.605617 -0.047546
v 0.061714 0.608633 -0.047546
v 0.060146 0.614465 -0.047546
v 0.063162 0.619698 -0.047546
v 0.068994 0.621265 -0.047546
v 0.074227 0.618249 -0.047546
v 0.073215 0.612755 -0.050046
v 0.071194 0.609247 -0.050046
v 0.067284 0.608196 -0.050046
v 0.063776 0.610218 -0.050046
v 0.062725 0.614128 -0.050046
v 0.064747 0.617635 -0.050046
v 0.068657 0.618686 -0.050046
v 0.072165 0.616664 -0.050046
v 0.069326 0.613264 -0.051590
v 0.068803 0.612357 -0.051767
v 0.067793 0.612085 -0.051590
v 0.066886 0.612608 -0.051767
v 0.066615 0.613619 -0.051590
v 0.067137 0.614525 -0.051767
v 0.068148 0.614797 -0.051590
v 0.069054 0.614274 -0.051767
v 0.067970 0.613441 -0.052022
v 0.075794 0.612417 -0.046059
v 0.072778 0.607185 -0.046059
v 0.066946 0.605617 -0.046059
v 0.061714 0.608633 -0.046059
v 0.060146 0.614465 -0.046059
v 0.063162 0.619698 -0.046059
v 0.068994 0.621265 -0.046059
v 0.074227 0.618249 -0.046059
v 0.280759 0.616503 -0.047546
v 0.280794 0.610464 -0.047546
v 0.276548 0.606169 -0.047546
v 0.270509 0.606134 -0.047546
v 0.266214 0.610380 -0.047546
v 0.266180 0.616419 -0.047546
v 0.270425 0.620714 -0.047546
v 0.276465 0.620748 -0.047546
v 0.278362 0.615493 -0.050046
v 0.278386 0.611445 -0.050046
v 0.275539 0.608566 -0.050046
v 0.271491 0.608542 -0.050046
v 0.268612 0.611389 -0.050046
v 0.268588 0.615437 -0.050046
v 0.271435 0.618316 -0.050046
v 0.275483 0.618340 -0.050046
v 0.274747 0.613972 -0.051590
v 0.274753 0.612925 -0.051767
v 0.274017 0.612181 -0.051590
v 0.272971 0.612175 -0.051767
v 0.272227 0.612911 -0.051590
v 0.272221 0.613957 -0.051767
v 0.272956 0.614701 -0.051590
v 0.274003 0.614707 -0.051767
v 0.273487 0.613441 -0.052022
v 0.280759 0.616503 -0.046059
v 0.280794 0.610464 -0.046059
v 0.276548 0.606169 -0.046059
v 0.270509 0.606134 -0.046059
v 0.266214 0.610380 -0.046059
v 0.266180 0.616419 -0.046059
v 0.270425 0.620714 -0.046059
v 0.276465 0.620748 -0.046059
v 0.416202 0.613953 -0.047546
v 0.414297 0.608223 -0.047546
v 0.408897 0.605518 -0.047546
v 0.403166 0.607424 -0.047546
v 0.400462 0.612824 -0.047546
v 0.402367 0.618555 -0.047546
v 0.407767 0.621259 -0.047546
v 0.413498 0.619353 -0.047546
v 0.413608 0.613767 -0.050046
v 0.412331 0.609926 -0.050046
v 0.408711 0.608113 -0.050046
v 0.404869 0.609390 -0.050046
v 0.403056 0.613010 -0.050046
v 0.404333 0.616852 -0.050046
v 0.407953 0.618665 -0.050046
v 0.411795 0.617387 -0.050046
v 0.409696 0.613487 -0.051590
v 0.409365 0.612494 -0.051767
v 0.408430 0.612025 -0.051590
v 0.407437 0.612355 -0.051767
v 0.406968 0.613291 -0.051590
v 0.407299 0.614284 -0.051767
v 0.408234 0.614752 -0.051590
v 0.409227 0.614422 -0.051767
v 0.408332 0.613389 -0.052022
v 0.416202 0.613953 -0.046059
v 0.414297 0.608223 -0.046059
v 0.408897 0.605518 -0.046059
v 0.403166 0.607424 -0.046059
v 0.400462 0.612824 -0.046059
v 0.402367 0.618555 -0.046059
v 0.407767 0.621259 -0.046059
v 0.413498 0.619353 -0.046059
v -0.234728 0.616733 -0.047546
v -0.234500 0.610698 -0.047546
v -0.238607 0.606270 -0.047546
v -0.244642 0.606042 -0.047546
v -0.249070 0.610149 -0.047546
v -0.249298 0.616184 -0.047546
v -0.245191 0.620612 -0.047546
v -0.239156 0.620840 -0.047546
v -0.237092 0.615648 -0.050046
v -0.236939 0.611602 -0.050046
v -0.239692 0.608634 -0.050046
v -0.243738 0.608481 -0.050046
v -0.246706 0.611234 -0.050046
v -0.246859 0.615280 -0.050046
v -0.244106 0.618248 -0.050046
v -0.240060 0.618401 -0.050046
v -0.240657 0.614012 -0.051590
v -0.240617 0.612966 -0.051767
v -0.241329 0.612198 -0.051590
v -0.242374 0.612159 -0.051767
v -0.243142 0.612871 -0.051590
v -0.243181 0.613916 -0.051767
v -0.242470 0.614684 -0.051590
v -0.241424 0.614723 -0.051767
v -0.241899 0.613441 -0.052022
v -0.234728 0.616733 -0.046059
v -0.234500 0.610698 -0.046059
v -0.238607 0.606270 -0.046059
v -0.244642 0.606042 -0.046059
v -0.249070 0.610149 -0.046059
v -0.249298 0.616184 -0.046059
v -0.245191 0.620612 -0.046059
v -0.239156 0.620840 -0.046059
v -0.384559 0.620240 -0.047546
v -0.380924 0.615417 -0.047546
v -0.381764 0.609437 -0.047546
v -0.386587 0.605802 -0.047546
v -0.392568 0.606642 -0.047546
v -0.396202 0.611465 -0.047546
v -0.395362 0.617445 -0.047546
v -0.390540 0.621080 -0.047546
v -0.385879 0.617999 -0.050046
v -0.383442 0.614766 -0.050046
v -0.384005 0.610757 -0.050046
v -0.387238 0.608320 -0.050046
v -0.391248 0.608883 -0.050046
v -0.393684 0.612116 -0.050046
v -0.393121 0.616125 -0.050046
v -0.389888 0.618562 -0.050046
v -0.387869 0.614619 -0.051590
v -0.387240 0.613784 -0.051767
v -0.387385 0.612747 -0.051590
v -0.388221 0.612117 -0.051767
v -0.389257 0.612263 -0.051590
v -0.389887 0.613099 -0.051767
v -0.389741 0.614135 -0.051590
v -0.388906 0.614765 -0.051767
v -0.388563 0.613441 -0.052022
v -0.384559 0.620240 -0.046059
v -0.380924 0.615417 -0.046059
v -0.381764 0.609437 -0.046059
v -0.386587 0.605802 -0.046059
v -0.392567 0.606642 -0.046059
v -0.396202 0.611465 -0.046059
v -0.395362 0.617445 -0.046059
v -0.390540 0.621080 -0.046059
v -0.481133 0.082415 -0.047545
v -0.479871 0.076509 -0.047545
v -0.483155 0.071440 -0.047545
v -0.489062 0.070179 -0.047545
v -0.494130 0.073463 -0.047545
v -0.495391 0.079369 -0.047545
v -0.492107 0.084438 -0.047545
v -0.486201 0.085699 -0.047545
v -0.483275 0.080939 -0.050046
v -0.482429 0.076980 -0.050046
v -0.484631 0.073583 -0.050046
v -0.488590 0.072737 -0.050046
v -0.491988 0.074939 -0.050046
v -0.492833 0.078898 -0.050046
v -0.490632 0.082295 -0.050046
v -0.486672 0.083141 -0.050046
v -0.486505 0.078715 -0.051590
v -0.486287 0.077691 -0.051767
v -0.486856 0.076813 -0.051590
v -0.487879 0.076594 -0.051767
v -0.488757 0.077163 -0.051590
v -0.488976 0.078187 -0.051767
v -0.488407 0.079065 -0.051590
v -0.487383 0.079284 -0.051767
v -0.487631 0.077939 -0.052022
v -0.481133 0.082415 -0.046059
v -0.479871 0.076509 -0.046059
v -0.483155 0.071440 -0.046059
v -0.489062 0.070179 -0.046059
v -0.494130 0.073463 -0.046059
v -0.495391 0.079369 -0.046059
v -0.492107 0.084438 -0.046059
v -0.486201 0.085699 -0.046059
v 0.420147 0.073492 -0.047672
v -0.498540 0.073492 -0.047672
v 0.420147 0.082626 -0.047672
v -0.498540 0.082626 -0.047672
v 0.264837 0.073492 -0.047672
v 0.280107 0.073492 -0.047672
v 0.272472 0.063939 -0.047672
v 0.050869 0.073492 -0.047672
v 0.066138 0.073492 -0.047672
v 0.058503 0.063939 -0.047672
v -0.092564 0.073492 -0.047672
v -0.077294 0.073492 -0.047672
v -0.084929 0.063939 -0.047672
v -0.234625 0.073492 -0.047672
v -0.219355 0.073492 -0.047672
v -0.226990 0.063939 -0.047672
v -0.386985 0.073492 -0.047672
v -0.371715 0.073492 -0.047672
v -0.379350 0.063939 -0.047672
v -0.371715 0.082626 -0.047672
v -0.386985 0.082626 -0.047672
v -0.379350 0.092179 -0.047672
v -0.219355 0.082626 -0.047672
v -0.234625 0.082626 -0.047672
v -0.226990 0.092179 -0.047672
v -0.077294 0.082626 -0.047672
v -0.092564 0.082626 -0.047672
v -0.084929 0.092179 -0.047672
v 0.066138 0.082626 -0.047672
v 0.050868 0.082626 -0.047672
v 0.058503 0.092179 -0.047672
v 0.280107 0.082626 -0.047672
v 0.264837 0.082626 -0.047672
v 0.272472 0.092179 -0.047672
v 0.415633 0.082626 -0.047672
v 0.400363 0.082626 -0.047672
v 0.407998 0.092179 -0.047672
v 0.400363 0.073492 -0.047672
v 0.415633 0.073492 -0.047672
v 0.407998 0.063939 -0.047672
v -0.495536 0.073492 -0.047672
v -0.480267 0.073492 -0.047672
v -0.487902 0.063939 -0.047672
v -0.480267 0.082626 -0.047672
v -0.495536 0.082626 -0.047672
v -0.487901 0.092179 -0.047672
v 0.421965 0.070304 -0.042932
v -0.500534 0.070304 -0.042932
v 0.421965 0.084708 -0.042932
v -0.500534 0.084708 -0.042932
v 0.264837 0.070304 -0.042932
v 0.280107 0.070304 -0.042932
v 0.272472 0.060751 -0.042932
v 0.050868 0.070304 -0.042932
v 0.066138 0.070304 -0.042932
v 0.058503 0.060751 -0.042932
v -0.092564 0.070304 -0.042932
v -0.077294 0.070304 -0.042932
v -0.084929 0.060751 -0.042932
v -0.234625 0.070304 -0.042932
v -0.219355 0.070304 -0.042932
v -0.226990 0.060751 -0.042932
v -0.386985 0.070304 -0.042932
v -0.371715 0.070304 -0.042932
v -0.379350 0.060751 -0.042932
v -0.371715 0.084708 -0.042932
v -0.386985 0.084708 -0.042932
v -0.379350 0.094260 -0.042932
v -0.219355 0.084708 -0.042932
v -0.234625 0.084708 -0.042932
v -0.226990 0.094260 -0.042932
v -0.077294 0.084708 -0.042932
v -0.092564 0.084708 -0.042932
v -0.084929 0.094260 -0.042932
v 0.066138 0.084708 -0.042932
v 0.050869 0.084708 -0.042932
v 0.058503 0.094261 -0.042932
v 0.280107 0.084708 -0.042932
v 0.264837 0.084708 -0.042932
v 0.272472 0.094260 -0.042932
v 0.415633 0.084708 -0.042932
v 0.400363 0.084708 -0.042932
v 0.407998 0.094260 -0.042932
v 0.400363 0.070304 -0.042932
v 0.415633 0.070304 -0.042932
v 0.407998 0.060751 -0.042932
v -0.495536 0.070304 -0.042932
v -0.480267 0.070304 -0.042932
v -0.487902 0.060751 -0.042932
v -0.480267 0.084708 -0.042932
v -0.495536 0.084708 -0.042932
v -0.487902 0.094260 -0.042932
v -0.080974 0.084602 -0.047546
v -0.077501 0.079661 -0.047546
v -0.078538 0.073712 -0.047546
v -0.083479 0.070238 -0.047546
v -0.089429 0.071276 -0.047546
v -0.092902 0.076217 -0.047546
v -0.091864 0.082166 -0.047546
v -0.086923 0.085639 -0.047546
v -0.082367 0.082406 -0.050046
v -0.080039 0.079093 -0.050046
v -0.080735 0.075105 -0.050046
v -0.084047 0.072777 -0.050046
v -0.088035 0.073472 -0.050046
v -0.090363 0.076785 -0.050046
v -0.089668 0.080773 -0.050046
v -0.086356 0.083101 -0.050046
v -0.084469 0.079093 -0.051590
v -0.083867 0.078237 -0.051767
v -0.084047 0.077207 -0.051590
v -0.084903 0.076605 -0.051767
v -0.085934 0.076785 -0.051590
v -0.086535 0.077641 -0.051767
v -0.086356 0.078671 -0.051590
v -0.085500 0.079273 -0.051767
v -0.085201 0.077939 -0.052022
v -0.080974 0.084602 -0.046059
v -0.077501 0.079661 -0.046059
v -0.078538 0.073712 -0.046059
v -0.083479 0.070238 -0.046059
v -0.089429 0.071276 -0.046059
v -0.092902 0.076217 -0.046059
v -0.091864 0.082166 -0.046059
v -0.086923 0.085639 -0.046059
v 0.066599 0.076915 -0.047546
v 0.063583 0.071682 -0.047546
v 0.057751 0.070115 -0.047546
v 0.052518 0.073131 -0.047546
v 0.050951 0.078963 -0.047546
v 0.053967 0.084196 -0.047546
v 0.059799 0.085763 -0.047546
v 0.065032 0.082747 -0.047546
v 0.064020 0.077252 -0.050046
v 0.061998 0.073745 -0.050046
v 0.058088 0.072694 -0.050046
v 0.054581 0.074716 -0.050046
v 0.053530 0.078626 -0.050046
v 0.055552 0.082133 -0.050046
v 0.059462 0.083184 -0.050046
v 0.062969 0.081162 -0.050046
v 0.060131 0.077762 -0.051590
v 0.059608 0.076855 -0.051767
v 0.058598 0.076583 -0.051590
v 0.057691 0.077106 -0.051767
v 0.057419 0.078116 -0.051590
v 0.057942 0.079023 -0.051767
v 0.058952 0.079295 -0.051590
v 0.059859 0.078772 -0.051767
v 0.058775 0.077939 -0.052022
v 0.066599 0.076915 -0.046059
v 0.063583 0.071682 -0.046059
v 0.057751 0.070115 -0.046059
v 0.052518 0.073131 -0.046059
v 0.050951 0.078963 -0.046059
v 0.053967 0.084196 -0.046059
v 0.059799 0.085763 -0.046059
v 0.065032 0.082747 -0.046059
v 0.279939 0.081001 -0.047546
v 0.279974 0.074961 -0.047546
v 0.275728 0.070666 -0.047546
v 0.269689 0.070632 -0.047546
v 0.265394 0.074877 -0.047546
v 0.265359 0.080917 -0.047546
v 0.269605 0.085212 -0.047546
v 0.275644 0.085246 -0.047546
v 0.277542 0.079991 -0.050046
v 0.277565 0.075943 -0.050046
v 0.274719 0.073064 -0.050046
v 0.270671 0.073040 -0.050046
v 0.267791 0.075887 -0.050046
v 0.267768 0.079935 -0.050046
v 0.270614 0.082814 -0.050046
v 0.274663 0.082838 -0.050046
v 0.273927 0.078469 -0.051590
v 0.273933 0.077423 -0.051767
v 0.273197 0.076679 -0.051590
v 0.272151 0.076673 -0.051767
v 0.271407 0.077409 -0.051590
v 0.271401 0.078455 -0.051767
v 0.272136 0.079199 -0.051590
v 0.273183 0.079205 -0.051767
v 0.272667 0.077939 -0.052022
v 0.279939 0.081001 -0.046059
v 0.279974 0.074961 -0.046059
v 0.275728 0.070666 -0.046059
v 0.269689 0.070632 -0.046059
v 0.265394 0.074877 -0.046059
v 0.265359 0.080917 -0.046059
v 0.269605 0.085212 -0.046059
v 0.275644 0.085246 -0.046059
v 0.416202 0.078451 -0.047546
v 0.414297 0.072721 -0.047546
v 0.408897 0.070016 -0.047546
v 0.403166 0.071922 -0.047546
v 0.400462 0.077322 -0.047546
v 0.402367 0.083053 -0.047546
v 0.407767 0.085757 -0.047546
v 0.413498 0.083851 -0.047546
v 0.413608 0.078265 -0.050046
v 0.412331 0.074424 -0.050046
v 0.408711 0.072611 -0.050046
v 0.404869 0.073888 -0.050046
v 0.403056 0.077508 -0.050046
v 0.404334 0.081350 -0.050046
v 0.407953 0.083163 -0.050046
v 0.411795 0.081885 -0.050046
v 0.409696 0.077984 -0.051590
v 0.409365 0.076992 -0.051767
v 0.408430 0.076523 -0.051590
v 0.407437 0.076853 -0.051767
v 0.406968 0.077789 -0.051590
v 0.407299 0.078782 -0.051767
v 0.408234 0.079250 -0.051590
v 0.409227 0.078920 -0.051767
v 0.408332 0.077887 -0.052022
v 0.416202 0.078451 -0.046059
v 0.414297 0.072721 -0.046059
v 0.408897 0.070016 -0.046059
v 0.403166 0.071922 -0.046059
v 0.400462 0.077322 -0.046059
v 0.402367 0.083053 -0.046059
v 0.407767 0.085757 -0.046059
v 0.413498 0.083851 -0.046059
v -0.219686 0.081231 -0.047545
v -0.219459 0.075196 -0.047545
v -0.223565 0.070768 -0.047545
v -0.229600 0.070540 -0.047545
v -0.234029 0.074647 -0.047545
v -0.234256 0.080682 -0.047545
v -0.230150 0.085110 -0.047545
v -0.224115 0.085338 -0.047545
v -0.222050 0.080146 -0.050046
v -0.221898 0.076100 -0.050046
v -0.224650 0.073132 -0.050046
v -0.228696 0.072979 -0.050046
v -0.231665 0.075732 -0.050046
v -0.231817 0.079778 -0.050046
v -0.229065 0.082746 -0.050046
v -0.225019 0.082899 -0.050046
v -0.225615 0.078509 -0.051590
v -0.225576 0.077464 -0.051767
v -0.226287 0.076696 -0.051590
v -0.227333 0.076657 -0.051767
v -0.228100 0.077369 -0.051590
v -0.228139 0.078414 -0.051767
v -0.227428 0.079182 -0.051590
v -0.226382 0.079221 -0.051767
v -0.226857 0.077939 -0.052022
v -0.219686 0.081231 -0.046059
v -0.219459 0.075196 -0.046059
v -0.223565 0.070768 -0.046059
v -0.229600 0.070540 -0.046059
v -0.234029 0.074647 -0.046059
v -0.234256 0.080682 -0.046059
v -0.230150 0.085110 -0.046059
v -0.224115 0.085338 -0.046059
v -0.375256 0.084738 -0.047545
v -0.371621 0.079915 -0.047545
v -0.372461 0.073935 -0.047545
v -0.377284 0.070300 -0.047545
v -0.383264 0.071140 -0.047545
v -0.386899 0.075963 -0.047545
v -0.386059 0.081943 -0.047545
v -0.381236 0.085578 -0.047545
v -0.376576 0.082497 -0.050046
v -0.374139 0.079264 -0.050046
v -0.374702 0.075255 -0.050046
v -0.377935 0.072818 -0.050046
v -0.381944 0.073381 -0.050046
v -0.384381 0.076614 -0.050046
v -0.383818 0.080623 -0.050046
v -0.380585 0.083060 -0.050046
v -0.378566 0.079117 -0.051590
v -0.377936 0.078281 -0.051767
v -0.378082 0.077245 -0.051590
v -0.378918 0.076615 -0.051767
v -0.379954 0.076761 -0.051590
v -0.380584 0.077597 -0.051767
v -0.380438 0.078633 -0.051590
v -0.379602 0.079263 -0.051767
v -0.379260 0.077939 -0.052022
v -0.375256 0.084738 -0.046059
v -0.371621 0.079915 -0.046059
v -0.372461 0.073935 -0.046059
v -0.377284 0.070300 -0.046059
v -0.383264 0.071140 -0.046059
v -0.386899 0.075963 -0.046059
v -0.386059 0.081943 -0.046059
v -0.381236 0.085578 -0.046059
v -0.480747 1.813029 -0.047546
v -0.479486 1.807124 -0.047546
v -0.482770 1.802055 -0.047546
v -0.488676 1.800794 -0.047546
v -0.493745 1.804078 -0.047546
v -0.495006 1.809984 -0.047546
v -0.491722 1.815052 -0.047546
v -0.485816 1.816314 -0.047546
v -0.482890 1.811554 -0.050047
v -0.482044 1.807595 -0.050047
v -0.484246 1.804197 -0.050047
v -0.488205 1.803352 -0.050047
v -0.491603 1.805553 -0.050047
v -0.492448 1.809512 -0.050047
v -0.490246 1.812910 -0.050047
v -0.486287 1.813756 -0.050047
v -0.486120 1.809329 -0.051591
v -0.485902 1.808306 -0.051767
v -0.486471 1.807428 -0.051591
v -0.487494 1.807209 -0.051767
v -0.488372 1.807778 -0.051591
v -0.488591 1.808802 -0.051767
v -0.488022 1.809680 -0.051591
v -0.486998 1.809898 -0.051767
v -0.487246 1.808554 -0.052022
v -0.480747 1.813029 -0.046059
v -0.479486 1.807124 -0.046059
v -0.482770 1.802055 -0.046059
v -0.488676 1.800794 -0.046059
v -0.493745 1.804078 -0.046059
v -0.495006 1.809984 -0.046059
v -0.491722 1.815052 -0.046059
v -0.485816 1.816314 -0.046059
v 0.420902 1.804107 -0.047672
v -0.500403 1.804107 -0.047672
v 0.420902 1.813240 -0.047672
v -0.500404 1.813240 -0.047672
v 0.280553 1.804107 -0.047672
v 0.295823 1.804107 -0.047672
v 0.288188 1.794554 -0.047672
v 0.111201 1.804107 -0.047672
v 0.126471 1.804107 -0.047672
v 0.118836 1.794554 -0.047672
v -0.115499 1.804107 -0.047672
v -0.100230 1.804107 -0.047672
v -0.107865 1.794554 -0.047672
v -0.242174 1.804107 -0.047672
v -0.226904 1.804107 -0.047672
v -0.234539 1.794554 -0.047672
v -0.387894 1.804107 -0.047672
v -0.372624 1.804107 -0.047672
v -0.380259 1.794554 -0.047672
v -0.372624 1.813240 -0.047672
v -0.387894 1.813240 -0.047672
v -0.380259 1.822793 -0.047672
v -0.226904 1.813240 -0.047672
v -0.242174 1.813240 -0.047672
v -0.234539 1.822793 -0.047672
v -0.100230 1.813240 -0.047672
v -0.115500 1.813240 -0.047672
v -0.107865 1.822793 -0.047672
v 0.126471 1.813240 -0.047672
v 0.111201 1.813240 -0.047672
v 0.118836 1.822793 -0.047672
v 0.295823 1.813240 -0.047672
v 0.280553 1.813240 -0.047672
v 0.288188 1.822793 -0.047672
v 0.415633 1.813240 -0.047672
v 0.400363 1.813240 -0.047672
v 0.407998 1.822793 -0.047672
v 0.400363 1.804107 -0.047672
v 0.415633 1.804107 -0.047672
v 0.407998 1.794554 -0.047672
v -0.495151 1.804107 -0.047672
v -0.479881 1.804107 -0.047672
v -0.487517 1.794554 -0.047672
v -0.479881 1.813240 -0.047672
v -0.495151 1.813240 -0.047672
v -0.487516 1.822793 -0.047672
v 0.422720 1.800919 -0.042932
v -0.502760 1.800919 -0.042932
v 0.422720 1.815322 -0.042932
v -0.502760 1.815322 -0.042932
v 0.280553 1.800919 -0.042932
v 0.295823 1.800919 -0.042932
v 0.288188 1.791366 -0.042932
v 0.111201 1.800919 -0.042932
v 0.126471 1.800919 -0.042932
v 0.118836 1.791366 -0.042932
v -0.115499 1.800919 -0.042932
v -0.100230 1.800919 -0.042932
v -0.107865 1.791366 -0.042932
v -0.242174 1.800919 -0.042932
v -0.226904 1.800919 -0.042932
v -0.234539 1.791366 -0.042932
v -0.387894 1.800919 -0.042932
v -0.372624 1.800919 -0.042932
v -0.380259 1.791366 -0.042932
v -0.372624 1.815322 -0.042932
v -0.387894 1.815322 -0.042932
v -0.380259 1.824875 -0.042932
v -0.226904 1.815322 -0.042932
v -0.242174 1.815322 -0.042932
v -0.234539 1.824875 -0.042932
v -0.100230 1.815322 -0.042932
v -0.115499 1.815322 -0.042932
v -0.107865 1.824875 -0.042932
v 0.126471 1.815322 -0.042932
v 0.111201 1.815322 -0.042932
v 0.118836 1.824875 -0.042932
v 0.295823 1.815322 -0.042932
v 0.280553 1.815322 -0.042932
v 0.288188 1.824875 -0.042932
v 0.415633 1.815322 -0.042932
v 0.400363 1.815322 -0.042932
v 0.407998 1.824875 -0.042932
v 0.400363 1.800919 -0.042932
v 0.415632 1.800919 -0.042932
v 0.407998 1.791366 -0.042932
v -0.495151 1.800919 -0.042932
v -0.479881 1.800919 -0.042932
v -0.487517 1.791366 -0.042932
v -0.479881 1.815322 -0.042932
v -0.495151 1.815322 -0.042932
v -0.487517 1.824875 -0.042932
v -0.103910 1.815216 -0.047546
v -0.100437 1.810276 -0.047546
v -0.101474 1.804326 -0.047546
v -0.106415 1.800853 -0.047546
v -0.112365 1.801891 -0.047546
v -0.115838 1.806832 -0.047546
v -0.114800 1.812781 -0.047546
v -0.109859 1.816254 -0.047546
v -0.105303 1.813020 -0.050047
v -0.102975 1.809708 -0.050047
v -0.103671 1.805720 -0.050047
v -0.106983 1.803391 -0.050047
v -0.110971 1.804087 -0.050047
v -0.113299 1.807399 -0.050047
v -0.112604 1.811388 -0.050047
v -0.109292 1.813716 -0.050047
v -0.107405 1.809708 -0.051591
v -0.106803 1.808852 -0.051767
v -0.106983 1.807821 -0.051591
v -0.107839 1.807219 -0.051767
v -0.108870 1.807399 -0.051591
v -0.109471 1.808255 -0.051767
v -0.109292 1.809286 -0.051591
v -0.108436 1.809888 -0.051767
v -0.108137 1.808554 -0.052022
v -0.103910 1.815216 -0.046059
v -0.100437 1.810276 -0.046059
v -0.101474 1.804326 -0.046059
v -0.106415 1.800853 -0.046059
v -0.112365 1.801891 -0.046059
v -0.115838 1.806832 -0.046059
v -0.114800 1.812781 -0.046059
v -0.109859 1.816254 -0.046059
v 0.126931 1.807530 -0.047546
v 0.123916 1.802297 -0.047546
v 0.118083 1.800730 -0.047546
v 0.112851 1.803745 -0.047546
v 0.111283 1.809578 -0.047546
v 0.114299 1.814810 -0.047546
v 0.120132 1.816378 -0.047546
v 0.125364 1.813362 -0.047546
v 0.124352 1.807867 -0.050047
v 0.122331 1.804359 -0.050047
v 0.118421 1.803309 -0.050047
v 0.114913 1.805330 -0.050047
v 0.113862 1.809240 -0.050047
v 0.115884 1.812748 -0.050047
v 0.119794 1.813799 -0.050047
v 0.123302 1.811777 -0.050047
v 0.120463 1.808376 -0.051591
v 0.119941 1.807469 -0.051767
v 0.118930 1.807198 -0.051591
v 0.118023 1.807721 -0.051767
v 0.117752 1.808731 -0.051591
v 0.118274 1.809638 -0.051767
v 0.119285 1.809909 -0.051591
v 0.120191 1.809387 -0.051767
v 0.119107 1.808554 -0.052022
v 0.126931 1.807530 -0.046059
v 0.123916 1.802297 -0.046059
v 0.118083 1.800730 -0.046059
v 0.112851 1.803745 -0.046059
v 0.111283 1.809578 -0.046059
v 0.114299 1.814810 -0.046059
v 0.120132 1.816378 -0.046059
v 0.125364 1.813362 -0.046059
v 0.295655 1.811615 -0.047546
v 0.295690 1.805576 -0.047546
v 0.291444 1.801281 -0.047546
v 0.285405 1.801246 -0.047546
v 0.281110 1.805492 -0.047546
v 0.281075 1.811531 -0.047546
v 0.285321 1.815826 -0.047546
v 0.291360 1.815861 -0.047546
v 0.293258 1.810606 -0.050047
v 0.293281 1.806558 -0.050047
v 0.290435 1.803678 -0.050047
v 0.286387 1.803655 -0.050047
v 0.283507 1.806501 -0.050047
v 0.283484 1.810550 -0.050047
v 0.286330 1.813429 -0.050047
v 0.290379 1.813452 -0.050047
v 0.289643 1.809084 -0.051591
v 0.289649 1.808038 -0.051767
v 0.288913 1.807294 -0.051591
v 0.287867 1.807288 -0.051767
v 0.287123 1.808023 -0.051591
v 0.287117 1.809070 -0.051767
v 0.287852 1.809814 -0.051591
v 0.288899 1.809820 -0.051767
v 0.288383 1.808554 -0.052022
v 0.295655 1.811615 -0.046059
v 0.295690 1.805576 -0.046059
v 0.291444 1.801281 -0.046059
v 0.285405 1.801246 -0.046059
v 0.281110 1.805492 -0.046059
v 0.281075 1.811531 -0.046059
v 0.285321 1.815826 -0.046059
v 0.291360 1.815861 -0.046059
v 0.416202 1.809066 -0.047546
v 0.414297 1.803336 -0.047546
v 0.408897 1.800631 -0.047546
v 0.403166 1.802537 -0.047546
v 0.400462 1.807937 -0.047546
v 0.402367 1.813667 -0.047546
v 0.407767 1.816372 -0.047546
v 0.413498 1.814466 -0.047546
v 0.413608 1.808880 -0.050047
v 0.412330 1.805038 -0.050047
v 0.408711 1.803225 -0.050047
v 0.404869 1.804503 -0.050047
v 0.403056 1.808123 -0.050047
v 0.404333 1.811964 -0.050047
v 0.407953 1.813777 -0.050047
v 0.411795 1.812500 -0.050047
v 0.409696 1.808599 -0.051591
v 0.409365 1.807606 -0.051767
v 0.408430 1.807138 -0.051591
v 0.407437 1.807468 -0.051767
v 0.406968 1.808403 -0.051591
v 0.407299 1.809396 -0.051767
v 0.408234 1.809865 -0.051591
v 0.409227 1.809535 -0.051767
v 0.408332 1.808501 -0.052022
v 0.416202 1.809066 -0.046059
v 0.414297 1.803336 -0.046059
v 0.408897 1.800631 -0.046059
v 0.403166 1.802537 -0.046059
v 0.400462 1.807937 -0.046059
v 0.402367 1.813667 -0.046059
v 0.407767 1.816372 -0.046059
v 0.413498 1.814466 -0.046059
v -0.227235 1.811846 -0.047546
v -0.227007 1.805811 -0.047546
v -0.231114 1.801383 -0.047546
v -0.237149 1.801155 -0.047546
v -0.241577 1.805261 -0.047546
v -0.241805 1.811296 -0.047546
v -0.237698 1.815725 -0.047546
v -0.231663 1.815952 -0.047546
v -0.229599 1.810761 -0.050047
v -0.229446 1.806715 -0.050047
v -0.232199 1.803746 -0.050047
v -0.236245 1.803594 -0.050047
v -0.239213 1.806347 -0.050047
v -0.239366 1.810392 -0.050047
v -0.236613 1.813361 -0.050047
v -0.232567 1.813514 -0.050047
v -0.233164 1.809124 -0.051591
v -0.233124 1.808078 -0.051767
v -0.233836 1.807311 -0.051591
v -0.234881 1.807272 -0.051767
v -0.235649 1.807983 -0.051591
v -0.235688 1.809029 -0.051767
v -0.234977 1.809796 -0.051591
v -0.233931 1.809836 -0.051767
v -0.234406 1.808554 -0.052022
v -0.227235 1.811846 -0.046059
v -0.227007 1.805811 -0.046059
v -0.231114 1.801383 -0.046059
v -0.237149 1.801155 -0.046059
v -0.241577 1.805261 -0.046059
v -0.241805 1.811296 -0.046059
v -0.237698 1.815725 -0.046059
v -0.231663 1.815952 -0.046059
v -0.376165 1.815353 -0.047546
v -0.372530 1.810530 -0.047546
v -0.373370 1.804550 -0.047546
v -0.378193 1.800914 -0.047546
v -0.384173 1.801754 -0.047546
v -0.387808 1.806577 -0.047546
v -0.386968 1.812558 -0.047546
v -0.382145 1.816193 -0.047546
v -0.377484 1.813112 -0.050047
v -0.375048 1.809879 -0.050047
v -0.375611 1.805869 -0.050047
v -0.378844 1.803433 -0.050047
v -0.382853 1.803996 -0.050047
v -0.385290 1.807229 -0.050047
v -0.384727 1.811238 -0.050047
v -0.381494 1.813675 -0.050047
v -0.379475 1.809732 -0.051591
v -0.378845 1.808896 -0.051767
v -0.378991 1.807860 -0.051591
v -0.379826 1.807230 -0.051767
v -0.380863 1.807376 -0.051591
v -0.381492 1.808211 -0.051767
v -0.381347 1.809248 -0.051591
v -0.380511 1.809877 -0.051767
v -0.380169 1.808554 -0.052022
v -0.376165 1.815353 -0.046059
v -0.372530 1.810530 -0.046059
v -0.373370 1.804550 -0.046059
v -0.378193 1.800914 -0.046059
v -0.384173 1.801754 -0.046059
v -0.387808 1.806577 -0.046059
v -0.386968 1.812558 -0.046059
v -0.382145 1.816193 -0.046059
v -0.572524 -0.003162 0.048000
v -0.572524 -0.001162 0.050000
v -0.574524 -0.001162 0.048000
v -0.572524 0.044838 0.050000
v -0.572524 0.046837 0.048000
v -0.574524 0.044838 0.048000
v -0.572524 -0.003162 -0.048000
v -0.574524 -0.001163 -0.048000
v -0.572524 -0.001163 -0.050000
v -0.572524 0.046837 -0.048000
v -0.572524 0.044837 -0.050000
v -0.574524 0.044837 -0.048000
v 0.493476 -0.003162 0.048000
v 0.495476 -0.001162 0.048000
v 0.493476 -0.001162 0.050000
v 0.493476 0.046837 0.048000
v 0.493476 0.044838 0.050000
v 0.495476 0.044838 0.048000
v 0.493476 -0.001163 -0.050000
v 0.495476 -0.001163 -0.048000
v 0.493476 -0.003162 -0.048000
v 0.493476 0.046837 -0.048000
v 0.495476 0.044837 -0.048000
v 0.493476 0.044837 -0.050000
v 0.437566 0.048765 0.048000
v 0.439566 0.046765 0.048000
v 0.441261 0.048765 0.050000
v 0.439566 1.845889 0.050000
v 0.439566 1.846765 0.048000
v 0.437566 1.845889 0.048000
v 0.439566 0.046765 -0.048000
v 0.437566 0.048765 -0.048000
v 0.441261 0.048765 -0.050000
v 0.437566 1.845889 -0.048000
v 0.439566 1.846765 -0.048000
v 0.439566 1.845889 -0.050000
v 0.485566 0.046765 0.048000
v 0.487566 0.048765 0.048000
v 0.483473 0.048765 0.050000
v 0.487566 1.845889 0.048000
v 0.485566 1.846765 0.048000
v 0.482565 1.845889 0.050000
v 0.485566 0.046765 -0.048000
v 0.483473 0.048765 -0.050000
v 0.487566 0.048765 -0.048000
v 0.482565 1.845889 -0.050000
v 0.485566 1.846765 -0.048000
v 0.487566 1.845889 -0.048000
v -0.564998 0.048765 0.048000
v -0.562998 0.046765 0.048000
v -0.562998 0.048765 0.050000
v -0.562998 1.844765 0.050000
v -0.562998 1.847233 0.048000
v -0.564998 1.844765 0.048000
v -0.562998 0.046765 -0.048000
v -0.564998 0.048765 -0.048000
v -0.562998 0.048765 -0.050000
v -0.564998 1.844765 -0.048000
v -0.562998 1.847233 -0.048000
v -0.562998 1.844765 -0.050000
v -0.516998 0.046765 0.048000
v -0.514998 0.048765 0.048000
v -0.516998 0.048765 0.050000
v -0.514998 1.841080 0.048000
v -0.516998 1.847233 0.048000
v -0.523857 1.838764 0.050000
v -0.516998 0.046765 -0.048000
v -0.516998 0.048765 -0.050000
v -0.514998 0.048765 -0.048000
v -0.516998 1.844765 -0.050000
v -0.516998 1.847233 -0.048000
v -0.514998 1.844765 -0.048000
v 0.437318 1.848711 0.048000
v 0.439451 1.846940 0.048000
v 0.439329 1.848716 0.050000
v -0.516591 1.849390 0.050000
v -0.516713 1.847390 0.048000
v -0.514580 1.849386 0.048000
v 0.439451 1.846940 -0.048000
v 0.437318 1.848711 -0.048000
v 0.439329 1.848716 -0.050000
v -0.514580 1.849386 -0.048000
v -0.516713 1.847390 -0.048000
v -0.516591 1.849390 -0.050000
v 0.486189 1.846940 0.048000
v 0.488056 1.848711 0.048000
v 0.486045 1.848716 0.050000
v -0.565318 1.849386 0.048000
v -0.563451 1.847390 0.048000
v -0.563307 1.849390 0.050000
v 0.486189 1.846940 -0.048000
v 0.486045 1.848716 -0.050000
v 0.488056 1.848711 -0.048000
v -0.563307 1.849390 -0.050000
v -0.563451 1.847390 -0.048000
v -0.565318 1.849386 -0.048000
v 0.423172 1.969329 0.050000
v 0.421229 1.968816 0.048000
v 0.375413 2.082961 0.050000
v 0.373668 2.081968 0.048000
v 0.299437 2.180540 0.050000
v 0.298010 2.179133 0.048000
v 0.200422 2.255417 0.050000
v 0.199410 2.253690 0.048000
v 0.085113 2.302488 0.050000
v 0.084588 2.300560 0.048000
v -0.038631 2.318543 0.050000
v -0.038631 2.316546 0.048000
v -0.162374 2.302488 0.050000
v -0.161850 2.300560 0.048000
v -0.277683 2.255417 0.050000
v -0.276672 2.253691 0.048000
v -0.376699 2.180540 0.050000
v -0.375272 2.179133 0.048000
v -0.452675 2.082961 0.050000
v -0.450930 2.081968 0.048000
v -0.500434 1.969330 0.050000
v -0.498491 1.968817 0.048000
v -0.500434 1.969330 -0.050000
v -0.498491 1.968816 -0.048000
v -0.452675 2.082961 -0.050000
v -0.450930 2.081968 -0.048000
v -0.376699 2.180540 -0.050000
v -0.375272 2.179133 -0.048000
v -0.277683 2.255417 -0.050000
v -0.276672 2.253691 -0.048000
v -0.162374 2.302488 -0.050000
v -0.161850 2.300560 -0.048000
v -0.038631 2.318543 -0.050000
v -0.038631 2.316546 -0.048000
v 0.085113 2.302488 -0.050000
v 0.084588 2.300560 -0.048000
v 0.200422 2.255417 -0.050000
v 0.199410 2.253690 -0.048000
v 0.299437 2.180540 -0.050000
v 0.298010 2.179133 -0.048000
v 0.375413 2.082961 -0.050000
v 0.373668 2.081968 -0.048000
v 0.423172 1.969329 -0.050000
v 0.421229 1.968816 -0.048000
v -0.547500 1.981758 -0.048000
v -0.545556 1.981244 -0.050000
v -0.494870 2.106968 -0.048000
v -0.493125 2.105975 -0.050000
v -0.411149 2.214489 -0.048000
v -0.409721 2.213082 -0.050000
v -0.302041 2.296992 -0.048000
v -0.301029 2.295265 -0.050000
v -0.174982 2.348856 -0.048000
v -0.174458 2.346927 -0.050000
v -0.038631 2.366546 -0.048000
v -0.038631 2.364548 -0.050000
v 0.097720 2.348856 -0.048000
v 0.097196 2.346927 -0.050000
v 0.224779 2.296992 -0.048000
v 0.223768 2.295265 -0.050000
v 0.333887 2.214488 -0.048000
v 0.332459 2.213082 -0.050000
v 0.417609 2.106968 -0.048000
v 0.415863 2.105975 -0.050000
v 0.470238 1.981757 -0.048000
v 0.468294 1.981244 -0.050000
v -0.545556 1.981244 0.050000
v -0.547500 1.981758 0.048000
v -0.493125 2.105975 0.050000
v -0.494870 2.106968 0.048000
v -0.409721 2.213082 0.050000
v -0.411149 2.214489 0.048000
v -0.301029 2.295265 0.050000
v -0.302041 2.296992 0.048000
v -0.174458 2.346927 0.050000
v -0.174982 2.348856 0.048000
v -0.038631 2.364548 0.050000
v -0.038631 2.366546 0.048000
v 0.097196 2.346927 0.050000
v 0.097720 2.348856 0.048000
v 0.223768 2.295265 0.050000
v 0.224779 2.296992 0.048000
v 0.332459 2.213082 0.050000
v 0.333887 2.214488 0.048000
v 0.415863 2.105975 0.050000
v 0.417609 2.106968 0.048000
v 0.468294 1.981244 0.050000
v 0.470238 1.981757 0.048000
v -0.510640 1.908627 0.048000
v -0.512634 1.908886 0.050000
v -0.510640 1.908627 -0.048000
v -0.512634 1.908886 -0.050000
v -0.558950 1.914894 -0.050000
v -0.560944 1.915153 -0.048000
v -0.560944 1.915153 0.048000
v -0.558950 1.914894 0.050000
v -0.478473 2.026928 0.048000
v -0.480333 2.027688 0.050000
v -0.478473 2.026928 -0.048000
v -0.480333 2.027687 -0.050000
v -0.523489 2.045303 -0.050000
v -0.525349 2.046062 -0.048000
v -0.525349 2.046062 0.048000
v -0.523489 2.045303 0.050000
v -0.416332 2.132994 0.048000
v -0.417932 2.134204 0.050000
v -0.416332 2.132994 -0.048000
v -0.417932 2.134204 -0.050000
v -0.454985 2.162222 -0.050000
v -0.456585 2.163432 -0.048000
v -0.456585 2.163432 0.048000
v -0.454985 2.162222 0.050000
v -0.328451 2.219596 0.048000
v -0.329682 2.221176 0.050000
v -0.328451 2.219596 -0.048000
v -0.329682 2.221176 -0.050000
v -0.358108 2.257684 -0.050000
v -0.359339 2.259264 -0.048000
v -0.359339 2.259264 0.048000
v -0.358108 2.257684 0.050000
v -0.220820 2.280833 0.048000
v -0.221594 2.282677 0.050000
v -0.220820 2.280833 -0.048000
v -0.221594 2.282677 -0.050000
v -0.239461 2.325184 -0.050000
v -0.240236 2.327028 -0.048000
v -0.240236 2.327028 0.048000
v -0.239461 2.325184 0.050000
v -0.100772 2.312532 0.048000
v -0.101037 2.314512 0.050000
v -0.100772 2.312532 -0.048000
v -0.101037 2.314512 -0.050000
v -0.107130 2.360124 -0.050000
v -0.107395 2.362104 -0.048000
v -0.107395 2.362104 0.048000
v -0.107130 2.360124 0.050000
v 0.023510 2.312532 0.048000
v 0.023775 2.314512 0.050000
v 0.023510 2.312532 -0.048000
v 0.023775 2.314512 -0.050000
v 0.029868 2.360124 -0.050000
v 0.030133 2.362104 -0.048000
v 0.030133 2.362104 0.048000
v 0.029868 2.360124 0.050000
v 0.143558 2.280833 0.048000
v 0.144333 2.282677 0.050000
v 0.143558 2.280833 -0.048000
v 0.144333 2.282677 -0.050000
v 0.162200 2.325184 -0.050000
v 0.162974 2.327027 -0.048000
v 0.162974 2.327027 0.048000
v 0.162200 2.325184 0.050000
v 0.251189 2.219596 0.048000
v 0.252420 2.221176 0.050000
v 0.251189 2.219596 -0.048000
v 0.252420 2.221176 -0.050000
v 0.280846 2.257684 -0.050000
v 0.282077 2.259264 -0.048000
v 0.282077 2.259264 0.048000
v 0.280846 2.257684 0.050000
v 0.339070 2.132994 0.048000
v 0.340670 2.134204 0.050000
v 0.339070 2.132994 -0.048000
v 0.340670 2.134204 -0.050000
v 0.377723 2.162222 -0.050000
v 0.379323 2.163432 -0.048000
v 0.379323 2.163432 0.048000
v 0.377723 2.162222 0.050000
v 0.401211 2.026928 0.048000
v 0.403072 2.027687 0.050000
v 0.401211 2.026928 -0.048000
v 0.403072 2.027687 -0.050000
v 0.446227 2.045303 -0.050000
v 0.448087 2.046062 -0.048000
v 0.448087 2.046062 0.048000
v 0.446227 2.045303 0.050000
v 0.433378 1.908627 -0.048000
v 0.435372 1.908886 -0.050000
v 0.481688 1.914894 -0.050000
v 0.483682 1.915153 -0.048000
v 0.483682 1.915153 0.048000
v 0.481688 1.914894 0.050000
v 0.433378 1.908627 0.048000
v 0.435372 1.908886 0.050000
v -0.562998 0.346765 0.050000
v -0.564998 0.346765 0.048000
v -0.564427 0.646765 0.050000
v -0.564998 0.646765 0.048000
v -0.563784 0.946765 0.050000
v -0.564998 0.946765 0.048000
v -0.562998 1.246765 0.050000
v -0.564998 1.246765 0.048000
v -0.564998 1.546765 0.048000
v -0.562998 1.546765 0.050000
v -0.562998 1.546765 -0.050000
v -0.564998 1.546765 -0.048000
v -0.562998 1.246765 -0.050000
v -0.564998 1.246765 -0.048000
v -0.563784 0.946765 -0.050000
v -0.564998 0.946765 -0.048000
v -0.564427 0.646765 -0.050000
v -0.564998 0.646765 -0.048000
v -0.564998 0.346765 -0.048000
v -0.562998 0.346765 -0.050000
v -0.514998 1.546765 -0.048000
v -0.516998 1.546765 -0.050000
v -0.514998 1.246765 -0.048000
v -0.516998 1.246765 -0.050000
v -0.514998 0.946765 -0.048000
v -0.525215 0.946765 -0.050000
v -0.514998 0.646765 -0.048000
v -0.516998 0.646765 -0.050000
v -0.521285 0.346765 -0.050000
v -0.514998 0.346765 -0.048000
v -0.516998 1.546765 0.050000
v -0.514998 1.546765 0.048000
v -0.516998 1.246765 0.050000
v -0.514998 1.246765 0.048000
v -0.525215 0.946765 0.050000
v -0.514998 0.946765 0.048000
v -0.516998 0.646765 0.050000
v -0.514998 0.646765 0.048000
v -0.514998 0.346765 0.048000
v -0.521285 0.346765 0.050000
v 0.439566 0.346765 0.050000
v 0.437566 0.346765 0.048000
v 0.442097 0.646765 0.050000
v 0.434024 0.646765 0.048000
v 0.436024 0.946765 0.050000
v 0.434024 0.946765 0.048000
v 0.436024 1.246765 0.050000
v 0.434024 1.246765 0.048000
v 0.437566 1.546765 0.048000
v 0.439566 1.546765 0.050000
v 0.439566 1.546765 -0.050000
v 0.437566 1.546765 -0.048000
v 0.436024 1.246765 -0.050000
v 0.434024 1.246765 -0.048000
v 0.436024 0.946765 -0.050000
v 0.434024 0.946765 -0.048000
v 0.442097 0.646765 -0.050000
v 0.434024 0.646765 -0.048000
v 0.437566 0.346765 -0.048000
v 0.439566 0.346765 -0.050000
v 0.487566 1.546765 -0.048000
v 0.485566 1.546765 -0.050000
v 0.487566 1.246765 -0.048000
v 0.485566 1.246765 -0.050000
v 0.487566 0.946765 -0.048000
v 0.484739 0.946765 -0.050000
v 0.487566 0.646765 -0.048000
v 0.486638 0.646765 -0.050000
v 0.485566 0.346765 -0.050000
v 0.487566 0.346765 -0.048000
v 0.485566 1.546765 0.050000
v 0.487566 1.546765 0.048000
v 0.485566 1.246765 0.050000
v 0.487566 1.246765 0.048000
v 0.484739 0.946765 0.050000
v 0.487566 0.946765 0.048000
v 0.486638 0.646765 0.050000
v 0.487566 0.646765 0.048000
v 0.487566 0.346765 0.048000
v 0.485566 0.346765 0.050000
v 0.138810 -0.003162 -0.048000
v 0.138810 -0.001163 -0.050000
v -0.217857 -0.001163 -0.050000
v -0.217857 -0.003162 -0.048000
v -0.217857 0.049924 -0.048000
v -0.217857 0.047924 -0.050000
v 0.138810 0.042368 -0.050000
v 0.138810 0.046837 -0.048000
v -0.217857 -0.003162 0.048000
v -0.217857 -0.001162 0.050000
v 0.138810 -0.001162 0.050000
v 0.138810 -0.003162 0.048000
v 0.138810 0.046837 0.048000
v 0.138810 0.044838 0.050000
v -0.217857 0.047924 0.050000
v -0.217857 0.049924 0.048000
v -0.463652 0.054896 0.042669
v -0.463652 0.058915 0.044669
v -0.465652 0.056895 0.042669
v -0.463652 0.100972 0.044669
v -0.463652 0.102049 0.042669
v -0.465652 0.100049 0.042669
v -0.463652 0.054896 -0.042669
v -0.465652 0.056895 -0.042669
v -0.463652 0.058915 -0.044669
v -0.463652 0.102049 -0.042669
v -0.463652 0.100972 -0.044669
v -0.465652 0.100049 -0.042669
v 0.384934 0.054896 0.042669
v 0.386934 0.056895 0.042669
v 0.385755 0.058435 0.044669
v 0.386465 0.101511 0.042669
v 0.384934 0.100562 0.044669
v 0.386934 0.100049 0.042669
v 0.384934 0.054896 -0.042669
v 0.385755 0.058435 -0.044669
v 0.386934 0.056895 -0.042669
v 0.386465 0.101511 -0.042669
v 0.386934 0.100049 -0.042669
v 0.384934 0.100562 -0.044669
v 0.388859 0.052087 0.042669
v 0.388859 0.055566 0.044669
v 0.386859 0.054087 0.042669
v 0.388859 1.846515 0.044668
v 0.388859 1.848514 0.042668
v 0.386859 1.846515 0.042668
v 0.388859 0.052087 -0.042669
v 0.386859 0.054087 -0.042669
v 0.388859 0.054087 -0.044669
v 0.388859 1.848514 -0.042669
v 0.388859 1.846515 -0.044669
v 0.386859 1.846515 -0.042669
v 0.429528 0.052087 0.042669
v 0.431528 0.054087 0.042669
v 0.425441 0.053053 0.044669
v 0.429528 1.848514 0.042668
v 0.429528 1.846515 0.044668
v 0.431528 1.846515 0.042668
v 0.429528 0.052087 -0.042669
v 0.425441 0.053053 -0.044669
v 0.431528 0.054087 -0.042669
v 0.429528 1.848514 -0.042669
v 0.431528 1.846515 -0.042669
v 0.429528 1.846515 -0.044669
v -0.506803 0.052087 0.042669
v -0.506803 0.054087 0.044669
v -0.508803 0.054087 0.042669
v -0.503493 1.846515 0.044668
v -0.506803 1.848514 0.042668
v -0.508803 1.846515 0.042668
v -0.506803 0.052087 -0.042669
v -0.508803 0.054087 -0.042669
v -0.506803 0.054087 -0.044669
v -0.506803 1.848514 -0.042669
v -0.503493 1.846515 -0.044669
v -0.508803 1.846515 -0.042669
v -0.466135 0.052087 0.042669
v -0.464135 0.054087 0.042669
v -0.468943 0.054087 0.044669
v -0.466135 1.848514 0.042668
v -0.466135 1.846515 0.044668
v -0.464135 1.846515 0.042668
v -0.466135 0.052087 -0.042669
v -0.468943 0.054087 -0.044669
v -0.464135 0.054087 -0.042669
v -0.466135 1.848514 -0.042669
v -0.464135 1.846515 -0.042669
v -0.466135 1.846515 -0.044669
v 0.386630 1.851099 0.042668
v 0.388756 1.849103 0.042668
v 0.388637 1.851103 0.044668
v -0.465760 1.851103 0.044668
v -0.465880 1.849104 0.042668
v -0.463753 1.851100 0.042668
v 0.388756 1.849103 -0.042669
v 0.386630 1.851099 -0.042669
v 0.388637 1.851103 -0.044669
v -0.463753 1.851100 -0.042669
v -0.465880 1.849104 -0.042669
v -0.465760 1.851103 -0.044669
v 0.430084 1.849103 0.042668
v 0.431958 1.851099 0.042668
v 0.429951 1.851103 0.044668
v -0.509081 1.851100 0.042668
v -0.507208 1.849104 0.042668
v -0.507075 1.851103 0.044668
v 0.430084 1.849103 -0.042669
v 0.429951 1.851103 -0.044669
v 0.431958 1.851099 -0.042669
v -0.507075 1.851103 -0.044669
v -0.507208 1.849104 -0.042669
v -0.509081 1.851100 -0.042669
v 0.374204 1.962674 0.044668
v 0.372264 1.962147 0.042668
v 0.331517 2.063172 0.044668
v 0.329774 2.062175 0.042668
v 0.263592 2.147902 0.044668
v 0.262183 2.146484 0.042668
v 0.175080 2.214910 0.044668
v 0.174097 2.213166 0.042668
v 0.072026 2.257097 0.044668
v 0.071519 2.255158 0.042668
v -0.038562 2.270241 0.044668
v -0.038562 2.268241 0.042668
v -0.149150 2.257097 0.044668
v -0.148642 2.255158 0.042668
v -0.252203 2.214910 0.044668
v -0.251221 2.213166 0.042668
v -0.340715 2.147902 0.044668
v -0.339307 2.146484 0.042668
v -0.408640 2.063172 0.044668
v -0.406898 2.062175 0.042668
v -0.451328 1.962674 0.044668
v -0.449387 1.962147 0.042668
v -0.451328 1.962674 -0.044669
v -0.449387 1.962147 -0.042669
v -0.408640 2.063172 -0.044669
v -0.406898 2.062175 -0.042669
v -0.340715 2.147902 -0.044669
v -0.339307 2.146484 -0.042669
v -0.252203 2.214910 -0.044669
v -0.251221 2.213166 -0.042669
v -0.149150 2.257097 -0.044669
v -0.148642 2.255158 -0.042669
v -0.038562 2.270241 -0.044669
v -0.038562 2.268241 -0.042669
v 0.072026 2.257097 -0.044669
v 0.071519 2.255158 -0.042669
v 0.175080 2.214910 -0.044669
v 0.174097 2.213166 -0.042669
v 0.263592 2.147902 -0.044669
v 0.262183 2.146484 -0.042669
v 0.331517 2.063172 -0.044669
v 0.329774 2.062175 -0.042669
v 0.374204 1.962674 -0.044669
v 0.372264 1.962147 -0.042669
v -0.493171 1.974043 -0.042669
v -0.491231 1.973516 -0.044669
v -0.446153 2.084632 -0.042669
v -0.444412 2.083636 -0.044669
v -0.371359 2.178767 -0.042669
v -0.369951 2.177349 -0.044669
v -0.273885 2.253384 -0.042669
v -0.272901 2.251639 -0.044669
v -0.160374 2.299958 -0.042669
v -0.159866 2.298018 -0.044669
v -0.038562 2.314571 -0.042669
v -0.038562 2.312570 -0.044669
v 0.083250 2.299958 -0.042669
v 0.082742 2.298018 -0.044669
v 0.196761 2.253384 -0.042669
v 0.195778 2.251639 -0.044669
v 0.294235 2.178766 -0.042669
v 0.292827 2.177348 -0.044669
v 0.369029 2.084632 -0.042669
v 0.367289 2.083636 -0.044669
v 0.416047 1.974042 -0.042669
v 0.414108 1.973515 -0.044669
v -0.491231 1.973516 0.044668
v -0.493171 1.974043 0.042668
v -0.444412 2.083636 0.044668
v -0.446153 2.084632 0.042668
v -0.369951 2.177349 0.044668
v -0.371359 2.178767 0.042668
v -0.272901 2.251639 0.044668
v -0.273885 2.253384 0.042668
v -0.159866 2.298018 0.044668
v -0.160374 2.299958 0.042668
v -0.038562 2.312570 0.044668
v -0.038562 2.314571 0.042668
v 0.082742 2.298018 0.044668
v 0.083250 2.299958 0.042668
v 0.195778 2.251639 0.044668
v 0.196761 2.253384 0.042668
v 0.292827 2.177348 0.044668
v 0.294235 2.178766 0.042668
v 0.367289 2.083636 0.044668
v 0.369029 2.084632 0.042668
v 0.414108 1.973515 0.044668
v 0.416047 1.974042 0.042668
v -0.460241 1.906712 0.042668
v -0.462231 1.906983 0.044668
v -0.460241 1.906712 -0.042669
v -0.462231 1.906983 -0.044669
v -0.503192 1.912564 -0.044669
v -0.505181 1.912835 -0.042669
v -0.505181 1.912835 0.042668
v -0.503192 1.912564 0.044668
v -0.431504 2.014032 0.042668
v -0.433363 2.014798 0.044668
v -0.431504 2.014032 -0.042669
v -0.433363 2.014797 -0.044669
v -0.471524 2.030508 -0.044669
v -0.473382 2.031273 -0.042669
v -0.473382 2.031273 0.042668
v -0.471524 2.030508 0.044668
v -0.375989 2.106390 0.042668
v -0.377580 2.107607 0.044668
v -0.375989 2.106389 -0.042669
v -0.377580 2.107606 -0.044669
v -0.410361 2.132689 -0.044669
v -0.411950 2.133905 -0.042669
v -0.411950 2.133905 0.042668
v -0.410361 2.132689 0.044668
v -0.297479 2.182256 0.042668
v -0.298678 2.183854 0.044668
v -0.297479 2.182256 -0.042669
v -0.298678 2.183854 -0.044669
v -0.323872 2.217414 -0.044669
v -0.325073 2.219013 -0.042669
v -0.325073 2.219013 0.042668
v -0.323872 2.217414 0.044668
v -0.201324 2.237643 0.042668
v -0.202075 2.239500 0.044668
v -0.201324 2.237643 -0.042669
v -0.202075 2.239500 -0.044669
v -0.217918 2.278659 -0.044669
v -0.218670 2.280518 -0.042669
v -0.218670 2.280518 0.042668
v -0.217918 2.278659 0.044668
v -0.094077 2.265417 0.042668
v -0.094333 2.267403 0.044668
v -0.094077 2.265417 -0.042669
v -0.094333 2.267403 -0.044669
v -0.099737 2.309387 -0.044669
v -0.099993 2.311375 -0.042669
v -0.099993 2.311375 0.042668
v -0.099737 2.309387 0.044668
v 0.016953 2.265417 0.042668
v 0.017209 2.267403 0.044668
v 0.016953 2.265417 -0.042669
v 0.017209 2.267403 -0.044669
v 0.022614 2.309387 -0.044669
v 0.022870 2.311375 -0.042669
v 0.022870 2.311375 0.042668
v 0.022614 2.309387 0.044668
v 0.124200 2.237643 0.042668
v 0.124952 2.239500 0.044668
v 0.124200 2.237642 -0.042669
v 0.124952 2.239500 -0.044669
v 0.140795 2.278659 -0.044669
v 0.141547 2.280518 -0.042669
v 0.141547 2.280518 0.042668
v 0.140795 2.278659 0.044668
v 0.220355 2.182256 0.042668
v 0.221555 2.183854 0.044668
v 0.220355 2.182256 -0.042669
v 0.221555 2.183854 -0.044669
v 0.246749 2.217414 -0.044669
v 0.247949 2.219013 -0.042669
v 0.247949 2.219013 0.042668
v 0.246749 2.217414 0.044668
v 0.298866 2.106389 0.042668
v 0.300456 2.107606 0.044668
v 0.298866 2.106389 -0.042669
v 0.300456 2.107606 -0.044669
v 0.333237 2.132688 -0.044669
v 0.334827 2.133904 -0.042669
v 0.334827 2.133904 0.042668
v 0.333237 2.132688 0.044668
v 0.354381 2.014032 0.042668
v 0.356240 2.014797 0.044668
v 0.354381 2.014032 -0.042669
v 0.356240 2.014797 -0.044669
v 0.394400 2.030508 -0.044669
v 0.396258 2.031272 -0.042669
v 0.396258 2.031272 0.042668
v 0.394400 2.030508 0.044668
v 0.383117 1.906712 -0.042669
v 0.385107 1.906983 -0.044669
v 0.426068 1.912564 -0.044669
v 0.428057 1.912835 -0.042669
v 0.428057 1.912835 0.042668
v 0.426068 1.912564 0.044668
v 0.383117 1.906712 0.042668
v 0.385107 1.906983 0.044668
v -0.464145 0.577411 0.042668
v -0.464145 0.579411 0.044668
v -0.466145 0.579411 0.042668
v -0.464145 0.635254 0.044668
v -0.464145 0.640820 0.042668
v -0.466145 0.638820 0.042668
v -0.464145 0.577411 -0.042669
v -0.466145 0.579411 -0.042669
v -0.464145 0.579411 -0.044669
v -0.464145 0.640820 -0.042669
v -0.464145 0.638820 -0.044669
v -0.466145 0.638820 -0.042669
v 0.386268 0.577411 0.042668
v 0.388268 0.579411 0.042668
v 0.386268 0.581359 0.044624
v 0.386268 0.640820 0.042668
v 0.386268 0.640220 0.043268
v 0.388268 0.638820 0.042668
v 0.386268 0.577411 -0.042669
v 0.386268 0.579411 -0.044669
v 0.388268 0.579411 -0.042669
v 0.386268 0.640820 -0.042669
v 0.388268 0.638820 -0.042669
v 0.386268 0.638820 -0.044669
v -0.463652 1.773065 0.042668
v -0.463652 1.777548 0.044668
v -0.465652 1.775065 0.042668
v -0.461879 1.832700 0.044668
v -0.463652 1.836474 0.042668
v -0.465652 1.831459 0.042668
v -0.463652 1.773065 -0.042669
v -0.465652 1.775065 -0.042669
v -0.463652 1.777548 -0.044669
v -0.463652 1.836474 -0.042669
v -0.461879 1.832700 -0.044669
v -0.465652 1.831459 -0.042669
v 0.384934 1.775713 0.042668
v 0.387998 1.777713 0.042668
v 0.380677 1.778139 0.044668
v 0.384934 1.841664 0.042668
v 0.384934 1.835824 0.044668
v 0.387998 1.839664 0.042668
v 0.384934 1.775713 -0.042669
v 0.380677 1.778139 -0.044669
v 0.387998 1.777713 -0.042669
v 0.384934 1.841664 -0.042669
v 0.387998 1.839664 -0.042669
v 0.384934 1.839664 -0.044669
v -0.463652 1.330607 0.042668
v -0.463652 1.332607 0.044668
v -0.465652 1.332607 0.042668
v -0.463652 1.392016 0.044668
v -0.463652 1.394016 0.042668
v -0.465652 1.392016 0.042668
v -0.463652 1.330607 -0.042669
v -0.465652 1.332607 -0.042669
v -0.463652 1.332607 -0.044669
v -0.463652 1.394016 -0.042669
v -0.463652 1.392016 -0.044669
v -0.465652 1.392016 -0.042669
v 0.386473 1.331839 0.042668
v 0.387755 1.332607 0.042668
v 0.386197 1.332607 0.043405
v 0.385344 1.393195 0.042668
v 0.385881 1.392016 0.043721
v 0.386934 1.392016 0.042668
v 0.386473 1.331839 -0.042669
v 0.384934 1.332607 -0.044669
v 0.386934 1.332607 -0.042669
v 0.385857 1.394016 -0.042669
v 0.386934 1.392016 -0.042669
v 0.384934 1.392016 -0.044669
v -0.465062 0.546180 0.042669
v -0.463344 0.543209 0.042669
v -0.464018 0.547807 0.044669
v -0.397508 0.576896 0.044669
v -0.391948 0.577785 0.042669
v -0.463344 0.543209 -0.042669
v -0.465062 0.546180 -0.042669
v -0.463156 0.547807 -0.044669
v -0.397508 0.576896 -0.044669
v -0.391948 0.577785 -0.042669
v 0.334502 0.102348 0.044669
v 0.331846 0.101480 0.042669
v 0.387108 0.141348 0.042669
v 0.385367 0.144322 0.042669
v 0.386106 0.138434 0.044669
v 0.334502 0.102348 -0.044669
v 0.331846 0.101480 -0.042669
v 0.386106 0.138434 -0.044669
v 0.385367 0.144322 -0.042669
v 0.387108 0.141348 -0.042669
v -0.462579 0.578035 0.042669
v -0.464609 0.576043 0.042669
v -0.463820 0.576846 0.044669
v -0.464609 0.576043 -0.042669
v -0.462579 0.578035 -0.042669
v -0.463820 0.576846 -0.044669
v 0.384625 0.102913 -0.044669
v 0.387002 0.103586 -0.042669
v 0.384996 0.101582 -0.042669
v 0.384996 0.101582 0.042669
v 0.387002 0.103586 0.042669
v 0.384625 0.102913 0.044669
v 0.215216 1.330607 -0.042669
v 0.045499 1.330607 -0.042669
v -0.124218 1.330607 -0.042669
v -0.293935 1.330607 -0.042669
v -0.293935 1.332607 -0.044669
v -0.124218 1.332607 -0.044669
v 0.045499 1.332607 -0.044669
v 0.215216 1.332607 -0.044669
v -0.293935 1.394016 -0.042669
v -0.124218 1.392952 -0.042669
v 0.045499 1.394016 -0.042669
v 0.215216 1.394016 -0.042669
v 0.215216 1.392016 -0.044669
v 0.045499 1.392016 -0.044669
v -0.124218 1.390952 -0.044669
v -0.293935 1.392016 -0.044669
v -0.293935 1.331536 0.042904
v -0.124218 1.330607 0.042668
v 0.045499 1.330607 0.042668
v 0.215216 1.331530 0.043591
v 0.215216 1.332607 0.044668
v 0.045499 1.331750 0.043811
v -0.124218 1.332607 0.044668
v -0.293935 1.338043 0.044552
v 0.215216 1.394016 0.042668
v 0.045499 1.394016 0.042668
v -0.124218 1.392952 0.042668
v -0.293935 1.394016 0.042668
v -0.293935 1.393320 0.043364
v -0.124218 1.390313 0.044668
v 0.045499 1.392016 0.044668
v 0.215216 1.393016 0.043668
v 0.215216 1.775713 -0.042669
v 0.045499 1.775713 -0.042669
v -0.124218 1.775713 -0.042669
v -0.293935 1.773065 -0.042669
v -0.293935 1.775952 -0.044669
v -0.124218 1.776826 -0.044669
v 0.045499 1.780267 -0.044669
v 0.215216 1.777713 -0.044669
v -0.293935 1.836474 -0.042669
v -0.124218 1.839122 -0.042669
v 0.045499 1.839122 -0.042669
v 0.215216 1.841664 -0.042669
v 0.215216 1.839664 -0.044669
v 0.045499 1.838186 -0.044669
v -0.124218 1.837122 -0.044669
v -0.293935 1.835183 -0.044669
v -0.293935 1.773065 0.042668
v -0.124218 1.775713 0.042668
v 0.045499 1.775713 0.042668
v 0.215216 1.775713 0.042668
v 0.215216 1.776463 0.043418
v 0.045499 1.780267 0.044668
v -0.124218 1.776826 0.044668
v -0.293935 1.775952 0.044668
v 0.215216 1.841664 0.042668
v 0.045499 1.839122 0.042668
v -0.124218 1.839122 0.042668
v -0.293935 1.836474 0.042668
v -0.293935 1.835183 0.044668
v -0.124218 1.837122 0.044668
v 0.045499 1.838186 0.044668
v 0.215216 1.837360 0.044668
v 0.215216 0.576330 -0.042669
v 0.045499 0.577411 -0.042669
v -0.124218 0.579572 -0.042669
v -0.293935 0.579572 -0.042669
v -0.293935 0.580289 -0.044669
v -0.124218 0.583098 -0.044669
v 0.045499 0.582367 -0.044669
v 0.215216 0.578330 -0.044669
v -0.293935 0.643979 -0.042669
v -0.124218 0.642981 -0.042669
v 0.045499 0.640820 -0.042669
v 0.215216 0.639740 -0.042669
v 0.215216 0.637740 -0.044669
v 0.045499 0.640298 -0.044669
v -0.124218 0.640981 -0.044669
v -0.293935 0.643333 -0.044669
v -0.293935 0.579572 0.042668
v -0.124218 0.579572 0.042668
v 0.045499 0.577411 0.042668
v 0.215216 0.576330 0.042668
v 0.215216 0.578330 0.044668
v 0.045499 0.582367 0.044668
v -0.124218 0.583098 0.044668
v -0.293935 0.580289 0.044668
v 0.215216 0.639740 0.042668
v 0.045499 0.640820 0.042668
v -0.124218 0.642981 0.042668
v -0.293935 0.643979 0.042668
v -0.293935 0.643333 0.044668
v -0.124218 0.640981 0.044668
v 0.045499 0.640298 0.044668
v 0.215216 0.637740 0.044668
v 0.215216 0.052554 -0.042669
v 0.045499 0.052554 -0.042669
v -0.124218 0.052554 -0.042669
v -0.293935 0.052554 -0.042669
v -0.293935 0.053815 -0.044669
v -0.124218 0.053815 -0.044669
v 0.045499 0.057049 -0.044669
v 0.215216 0.053277 -0.044669
v -0.293935 0.100218 -0.042669
v -0.124218 0.100218 -0.042669
v 0.045499 0.100218 -0.042669
v 0.215216 0.102049 -0.042669
v 0.215216 0.100049 -0.044669
v 0.045499 0.099401 -0.044669
v -0.124218 0.097603 -0.044669
v -0.293935 0.098218 -0.044669
v -0.293935 0.052554 0.042669
v -0.124218 0.052554 0.042669
v 0.045499 0.052554 0.042669
v 0.215216 0.052554 0.042669
v 0.215216 0.053277 0.044669
v 0.045499 0.057049 0.044669
v -0.124218 0.053815 0.044669
v -0.293935 0.053815 0.044669
v 0.215216 0.102049 0.042669
v 0.045499 0.100218 0.042669
v -0.124218 0.100218 0.042669
v -0.293935 0.100218 0.042669
v -0.293935 0.098218 0.044669
v -0.124218 0.097603 0.044669
v 0.045499 0.099401 0.044669
v 0.215216 0.100049 0.044669
v 0.153533 0.200534 -0.042669
v -0.065749 0.322345 -0.042669
v -0.264546 0.432777 -0.042669
v -0.264932 0.434059 -0.044669
v -0.064598 0.323993 -0.044669
v 0.157767 0.205038 -0.044669
v -0.197619 0.469419 -0.042669
v -0.003290 0.361054 -0.042669
v 0.192316 0.253199 -0.042669
v 0.191747 0.252055 -0.043944
v -0.004457 0.359414 -0.044669
v -0.205446 0.466912 -0.044669
v -0.264546 0.432777 0.042669
v -0.065749 0.322345 0.042669
v 0.153533 0.200534 0.042669
v 0.157767 0.205038 0.044669
v -0.064598 0.323993 0.044669
v -0.264932 0.434059 0.044669
v 0.192316 0.253199 0.042669
v -0.003290 0.361054 0.042669
v -0.197619 0.469419 0.042669
v -0.205446 0.466912 0.044669
v -0.004457 0.359414 0.044669
v 0.191747 0.252055 0.043944
v 0.172914 0.221365 0.044669
v -0.038797 0.339817 0.044669
v -0.239015 0.453417 0.044669
v -0.239015 0.453417 -0.044669
v -0.038797 0.339817 -0.044669
v 0.172914 0.221365 -0.044669
v 0.391924 0.412573 0.044669
v 0.388859 0.771058 0.044668
v 0.392537 1.128808 0.044668
v 0.388093 1.488029 0.044668
v 0.386859 1.488029 0.042668
v 0.386859 1.129544 0.042668
v 0.386859 0.771058 0.042668
v 0.386859 0.412573 0.042669
v 0.388093 1.488029 -0.044669
v 0.392537 1.128808 -0.044669
v 0.388859 0.771058 -0.044669
v 0.391924 0.412573 -0.044669
v 0.386859 0.412573 -0.042669
v 0.386859 0.771058 -0.042669
v 0.386859 1.129544 -0.042669
v 0.386859 1.488029 -0.042669
v 0.431528 1.488029 -0.042669
v 0.431528 1.129544 -0.042669
v 0.431528 0.771058 -0.042669
v 0.431528 0.412573 -0.042669
v 0.429528 0.412573 -0.044669
v 0.429528 0.771058 -0.044669
v 0.429528 1.129544 -0.044669
v 0.426463 1.488029 -0.044669
v 0.426463 1.488029 0.044668
v 0.429528 1.129544 0.044668
v 0.430753 0.771058 0.044668
v 0.430753 0.412573 0.044669
v 0.431528 0.412573 0.042669
v 0.431528 0.771058 0.042668
v 0.431528 1.129544 0.042668
v 0.431528 1.488029 0.042668
v -0.504658 0.412573 0.044669
v -0.503049 0.771058 0.044668
v -0.506803 1.129544 0.044668
v -0.506803 1.488029 0.044668
v -0.508803 1.488029 0.042668
v -0.508803 1.129544 0.042668
v -0.509901 0.771058 0.042668
v -0.508803 0.412573 0.042669
v -0.506803 1.488029 -0.044669
v -0.506803 1.129544 -0.044669
v -0.503049 0.771058 -0.044669
v -0.504658 0.412573 -0.044669
v -0.508803 0.412573 -0.042669
v -0.509901 0.771058 -0.042669
v -0.508803 1.129544 -0.042669
v -0.508803 1.488029 -0.042669
v -0.463677 1.488029 -0.042669
v -0.463677 1.129544 -0.042669
v -0.465233 0.771058 -0.042669
v -0.464135 0.412573 -0.042669
v -0.465215 0.412573 -0.044669
v -0.466467 0.771058 -0.044669
v -0.465677 1.129544 -0.044669
v -0.465677 1.488029 -0.044669
v -0.465677 1.488029 0.044668
v -0.465677 1.129544 0.044668
v -0.466467 0.771058 0.044668
v -0.465215 0.412573 0.044669
v -0.464135 0.412573 0.042669
v -0.465233 0.771058 0.042668
v -0.463677 1.129544 0.042668
v -0.463677 1.488029 0.042668
v -0.399330 1.567078 0.022981
v -0.399330 1.261638 0.017500
v -0.399330 0.930385 0.014391
v -0.399330 0.298665 0.017500
v -0.399330 1.567078 -0.017500
v -0.399330 1.261638 -0.017500
v -0.399330 0.930385 -0.017500
v -0.399330 0.298665 -0.017500
v -0.473103 0.096282 0.015500
v -0.471103 0.094282 0.015500
v -0.471103 0.096282 0.017500
v -0.471103 1.969188 0.017500
v -0.473103 1.968176 0.015500
v -0.471103 0.094282 -0.015500
v -0.473103 0.096282 -0.015500
v -0.471103 0.096282 -0.017500
v -0.471103 1.969188 -0.017500
v -0.473103 1.968176 -0.015500
v -0.299038 0.094282 0.015500
v -0.296935 0.096282 0.015500
v -0.299224 0.096282 0.017500
v -0.297291 2.212648 0.015500
v -0.298828 2.213320 0.015500
v -0.313558 2.197424 0.017500
v -0.299224 0.096282 -0.017500
v -0.297123 0.096282 -0.015500
v -0.299225 0.094282 -0.015500
v -0.299498 2.209725 -0.017500
v -0.298953 2.213320 -0.015500
v -0.297409 2.212648 -0.015500
v -0.399330 0.096282 -0.017500
v -0.399330 0.094282 -0.015500
v -0.399330 2.121337 -0.017500
v -0.399330 2.124504 -0.015500
v -0.399330 0.096282 0.017500
v -0.399330 0.094282 0.015500
v -0.399330 2.121337 0.017500
v -0.399330 2.124504 0.015500
v -0.471103 0.306507 0.017500
v -0.473103 0.305919 0.015500
v -0.471103 0.903412 0.017500
v -0.473103 0.901164 0.015500
v -0.471103 1.221750 0.017500
v -0.473103 1.218618 0.015500
v -0.473103 1.534634 0.015500
v -0.466357 1.538481 0.016230
v -0.471103 1.538646 -0.017500
v -0.473103 1.534634 -0.015500
v -0.471103 1.221750 -0.017500
v -0.473103 1.218618 -0.015500
v -0.471103 0.903412 -0.017500
v -0.473103 0.901164 -0.015500
v -0.473103 0.305919 -0.015500
v -0.471103 0.306507 -0.017500
v -0.296910 1.573533 -0.015500
v -0.297976 1.573047 -0.016510
v -0.297484 1.284478 -0.015500
v -0.298459 1.284111 -0.016449
v -0.297336 0.958965 -0.015500
v -0.306649 0.956422 -0.017500
v -0.305217 0.305077 -0.017500
v -0.296934 0.305617 -0.015500
v -0.318523 1.571532 0.017500
v -0.296842 1.573533 0.015500
v -0.312524 1.280862 0.017500
v -0.297296 1.284478 0.015500
v -0.299410 0.958403 0.017500
v -0.297148 0.958965 0.015500
v -0.296864 0.305617 0.015500
v -0.299170 0.305480 0.017500
v -0.399330 0.658373 0.014391
v -0.399330 0.658373 -0.017500
v -0.471103 0.618359 0.017500
v -0.473103 0.616905 0.015500
v -0.471103 0.618359 -0.017500
v -0.473103 0.616904 -0.015500
v -0.297244 0.677640 -0.015500
v -0.304883 0.676244 -0.017500
v -0.304733 0.676269 0.017500
v -0.297033 0.677640 0.015500
v -0.471103 1.770283 0.017500
v -0.473103 1.767884 0.015500
v -0.471103 1.770283 -0.017500
v -0.473103 1.767884 -0.015500
v -0.296982 1.917384 -0.015500
v -0.306528 1.911791 -0.017500
v -0.299208 1.915367 0.017500
v -0.296908 1.917384 0.015500
v -0.399330 1.865276 0.017500
v -0.399330 1.865276 -0.017500
v 0.297279 1.747442 -0.025757
v 0.298255 1.228904 -0.017500
v 0.298880 0.920862 -0.017500
v 0.298165 0.507572 -0.019994
v 0.297707 1.747442 0.017500
v 0.298208 1.228904 0.017500
v 0.298283 0.920862 0.017500
v 0.298023 0.507572 0.017500
v 0.296289 1.954087 -0.023263
v 0.296343 1.954087 0.017500
v 0.297544 1.540797 -0.019994
v 0.297192 1.540797 0.010422
v 0.397494 0.096282 -0.015500
v 0.395667 0.094282 -0.015500
v 0.395669 0.096282 -0.017500
v 0.394806 1.968826 -0.017500
v 0.396638 1.968176 -0.015500
v 0.395439 0.094282 0.015500
v 0.397271 0.096282 0.015500
v 0.395418 0.096282 0.017500
v 0.394842 1.968826 0.017500
v 0.396673 1.968176 0.015500
v 0.204376 0.094282 -0.015500
v 0.202716 0.096282 -0.015500
v 0.207274 0.096282 -0.017500
v 0.202757 2.229368 -0.015500
v 0.204213 2.230288 -0.015500
v 0.204335 2.227297 -0.017500
v 0.204378 0.096282 0.017500
v 0.202716 0.096282 0.015500
v 0.204376 0.094282 0.015500
v 0.203834 2.227297 0.017500
v 0.203762 2.230288 0.015500
v 0.202300 2.229368 0.015500
v 0.298248 0.096282 0.017500
v 0.298248 0.094282 0.015500
v 0.296036 2.157928 0.017500
v 0.296196 2.160732 0.015500
v 0.298522 0.096282 -0.017500
v 0.298518 0.094282 -0.015500
v 0.296078 2.157928 -0.017500
v 0.296239 2.160732 -0.015500
v 0.395417 0.469761 -0.017500
v 0.397246 0.469061 -0.015500
v 0.394347 0.845240 -0.017500
v 0.396238 0.843840 -0.015500
v 0.393639 1.125100 -0.017500
v 0.395461 1.123178 -0.015500
v 0.395692 1.596198 -0.017500
v 0.397526 1.593397 -0.015500
v 0.395433 1.596198 0.017500
v 0.397302 1.593397 0.015500
v 0.393608 1.125100 0.017500
v 0.395431 1.123178 0.015500
v 0.394337 0.845240 0.017500
v 0.396227 0.843840 0.015500
v 0.397204 0.469061 0.015500
v 0.395374 0.469761 0.017500
v 0.200164 1.803951 0.015500
v 0.211355 1.797303 0.017500
v 0.203001 1.267688 0.015500
v 0.203505 1.267472 0.016115
v 0.202051 0.949117 0.015500
v 0.208102 0.947267 0.017500
v 0.203017 0.521647 0.015910
v 0.202682 0.521700 0.015500
v 0.201849 1.802924 -0.017500
v 0.200044 1.803951 -0.015500
v 0.205171 1.266983 -0.017500
v 0.203480 1.267688 -0.015500
v 0.214432 0.945368 -0.017500
v 0.201984 0.949117 -0.015500
v 0.203151 0.521700 -0.015500
v 0.204514 0.521491 -0.017122
v 0.397560 1.780786 -0.015500
v 0.395723 1.783937 -0.017500
v 0.397792 1.780786 0.015500
v 0.395991 1.783937 0.017500
v 0.202858 2.016504 0.017500
v 0.201217 2.017660 0.015500
v 0.200807 2.017660 -0.015500
v 0.202409 2.016504 -0.017500
v 0.396592 1.406008 -0.015500
v 0.394797 1.408458 -0.017500
v 0.396566 1.406008 0.015500
v 0.394770 1.408458 0.017500
v 0.202888 1.589705 0.016696
v 0.201865 1.590242 0.015500
v 0.201865 1.590242 -0.015500
v 0.207735 1.587164 -0.017500
v 0.395101 0.283022 0.017500
v 0.396933 0.282672 0.015500
v 0.201214 0.308991 0.015500
v 0.202234 0.308965 0.016705
v 0.202036 0.308929 -0.016473
v 0.201214 0.308991 -0.015500
v 0.395085 0.283022 -0.017500
v 0.396917 0.282672 -0.015500
v 0.298001 0.301927 -0.017500
v 0.298020 0.301927 0.017500
v 0.299156 0.714217 -0.017500
v 0.298768 0.714217 0.010422
v 0.395234 0.657501 -0.017500
v 0.397045 0.656450 -0.015500
v 0.394992 0.657501 0.017500
v 0.396837 0.656450 0.015500
v 0.201940 0.735408 0.015500
v 0.206324 0.734348 0.016735
v 0.215993 0.732225 -0.017500
v 0.202083 0.735408 -0.015500
v 0.131365 2.074391 0.017500
v 0.131432 1.888895 0.017500
v 0.129749 2.074391 -0.017500
v 0.130993 1.888895 -0.019994
v 0.131262 1.225480 0.010422
v 0.130832 0.999894 0.017500
v 0.130518 0.774307 0.017500
v 0.131205 0.473976 0.017500
v 0.131216 0.183300 0.010422
v 0.132058 1.225480 -0.017500
v 0.130374 0.999894 -0.019994
v 0.130383 0.774307 -0.017500
v 0.132254 0.473976 -0.017500
v 0.130785 0.183300 -0.017500
v 0.018680 0.099549 0.015500
v 0.020881 0.097549 0.015500
v 0.020840 0.099549 0.017500
v 0.019989 2.289610 0.017500
v 0.019846 2.291700 0.015500
v 0.017779 2.290243 0.015500
v 0.021223 0.097549 -0.015500
v 0.019017 0.099549 -0.015500
v 0.021225 0.099549 -0.017500
v 0.017733 2.290243 -0.015500
v 0.019800 2.291700 -0.015500
v 0.029732 2.287110 -0.017500
v 0.200767 0.097549 0.015500
v 0.202953 0.099549 0.015500
v 0.200767 0.099549 0.017500
v 0.202887 2.237024 0.015500
v 0.200830 2.239499 0.015500
v 0.200636 2.237445 0.017500
v 0.196124 0.099549 -0.017500
v 0.202953 0.099549 -0.015500
v 0.200767 0.097549 -0.015500
v 0.201177 2.237445 -0.017500
v 0.201312 2.239499 -0.015500
v 0.203354 2.237024 -0.015500
v 0.020673 1.705399 0.017500
v 0.018466 1.705399 0.015500
v 0.028580 1.705399 -0.017500
v 0.018408 1.705399 -0.015500
v 0.204196 1.703399 -0.015500
v 0.202027 1.703399 -0.017500
v 0.201459 1.703399 0.017500
v 0.203705 1.703399 0.015500
v 0.130725 0.099549 -0.017500
v 0.130720 0.097549 -0.015500
v 0.131084 2.257818 -0.017500
v 0.131145 2.259887 -0.015500
v 0.130383 0.099549 0.017500
v 0.130383 0.097549 0.015500
v 0.130018 2.257818 0.017500
v 0.130201 2.259887 0.015500
v 0.132410 1.705399 0.017500
v 0.133366 1.706810 -0.017500
v 0.027500 1.898900 0.017500
v 0.018347 1.899681 0.015500
v 0.018650 2.095962 0.015500
v 0.027112 2.094521 0.017500
v 0.019850 2.095696 -0.016912
v 0.018323 2.095962 -0.015500
v 0.018151 1.899680 -0.015500
v 0.025769 1.899030 -0.017500
v 0.202941 2.060483 -0.015500
v 0.185874 2.063701 -0.017500
v 0.187744 1.883455 -0.017500
v 0.203664 1.881941 -0.015500
v 0.196183 2.061810 0.017500
v 0.203409 2.060483 0.015500
v 0.203905 1.881941 0.015500
v 0.201733 1.882104 0.017500
v 0.030636 1.225480 -0.017500
v 0.018375 1.225480 -0.015500
v 0.020745 0.999894 -0.017500
v 0.018538 0.999894 -0.015500
v 0.020800 0.774307 -0.017500
v 0.018641 0.774307 -0.015500
v 0.030373 0.473976 -0.017500
v 0.018821 0.473976 -0.015500
v 0.018500 0.183300 -0.015500
v 0.023084 0.183300 -0.017500
v 0.204532 1.225480 -0.015500
v 0.202367 1.225480 -0.017500
v 0.202953 0.999894 -0.015500
v 0.200767 0.999894 -0.017500
v 0.202953 0.774307 -0.015500
v 0.200767 0.774307 -0.017500
v 0.204417 0.473976 -0.015500
v 0.198015 0.473976 -0.017500
v 0.201139 0.183300 -0.017500
v 0.203320 0.183300 -0.015500
v 0.203123 1.225480 0.015944
v 0.204032 1.225480 0.015500
v 0.201435 0.999894 0.017214
v 0.203379 0.999894 0.015500
v 0.196519 0.774307 0.017500
v 0.202805 0.774307 0.015500
v 0.200558 0.473976 0.017500
v 0.203920 0.473976 0.015500
v 0.203787 0.183300 0.015500
v 0.201671 0.183300 0.016316
v 0.026017 0.183300 0.017500
v 0.018447 0.183300 0.015500
v 0.025239 0.473976 0.017500
v 0.018560 0.473976 0.015500
v 0.020203 0.774307 0.016611
v 0.018976 0.774307 0.015500
v 0.023436 0.999894 0.017500
v 0.018470 0.999894 0.015500
v 0.018299 1.225480 0.015500
v 0.019768 1.225480 0.016833
v -0.221695 0.364175 0.017500
v -0.223067 0.630931 0.017500
v -0.223041 0.897686 0.017500
v -0.222261 1.164441 0.017500
v -0.223792 1.431195 0.017500
v -0.223354 1.697950 0.017500
v -0.223995 1.964705 0.017500
v -0.221141 0.364175 -0.017500
v -0.223149 0.630931 -0.017500
v -0.223041 0.897685 -0.017500
v -0.221729 1.164441 -0.019994
v -0.223792 1.431195 -0.017500
v -0.223354 1.697950 -0.017500
v -0.223846 1.964705 -0.017500
v -0.295393 0.097421 0.015500
v -0.294998 0.099421 0.017500
v -0.297502 0.099421 0.015500
v -0.295530 2.196743 0.017500
v -0.296121 2.198875 0.015500
v -0.297971 2.195975 0.015500
v -0.295393 0.097421 -0.015500
v -0.297502 0.099421 -0.015500
v -0.294998 0.099421 -0.017500
v -0.296059 2.198875 -0.015500
v -0.295463 2.196743 -0.017500
v -0.297922 2.195975 -0.015500
v -0.139959 0.097421 0.015500
v -0.137174 0.099421 0.015500
v -0.139559 0.099421 0.017500
v -0.139909 2.264045 0.015500
v -0.139830 2.261698 0.017500
v -0.137414 2.262946 0.015500
v -0.139559 0.099421 -0.017500
v -0.137174 0.099421 -0.015500
v -0.139959 0.097421 -0.015500
v -0.139627 2.261698 -0.017500
v -0.139739 2.264045 -0.015500
v -0.137226 2.262946 -0.015500
v -0.294444 0.360116 0.017500
v -0.296964 0.359990 0.015500
v -0.295051 0.622811 0.017500
v -0.297552 0.622559 0.015500
v -0.288302 0.886708 0.017500
v -0.297559 0.885128 0.015500
v -0.283983 1.150724 0.017500
v -0.297273 1.147698 0.015500
v -0.296892 1.410435 0.016033
v -0.297838 1.410267 0.015500
v -0.296157 1.673251 0.016596
v -0.297697 1.672836 0.015500
v -0.297543 1.935405 0.015500
v -0.291547 1.937751 0.017500
v -0.294932 1.936288 -0.017500
v -0.297435 1.935405 -0.015500
v -0.295209 1.673592 -0.017500
v -0.297697 1.672836 -0.015500
v -0.290417 1.412386 -0.017500
v -0.297838 1.410267 -0.015500
v -0.296295 1.147804 -0.015924
v -0.297141 1.147698 -0.015500
v -0.296830 0.885189 -0.015820
v -0.297559 0.885128 -0.015500
v -0.295079 0.622811 -0.017500
v -0.297576 0.622559 -0.015500
v -0.296809 0.359990 -0.015500
v -0.281541 0.360850 -0.017500
v -0.141835 1.994005 -0.015500
v -0.144061 1.993123 -0.017500
v -0.137810 1.723065 -0.015500
v -0.139202 1.722620 -0.016675
v -0.137711 1.452124 -0.015500
v -0.138880 1.451817 -0.016473
v -0.135619 1.181183 -0.015500
v -0.141587 1.179921 -0.017500
v -0.137174 0.910243 -0.015500
v -0.150229 0.908177 -0.017500
v -0.137295 0.639302 -0.015500
v -0.139684 0.639050 -0.017500
v -0.137469 0.368235 -0.017500
v -0.135092 0.368361 -0.015500
v -0.154681 1.988882 0.017500
v -0.141599 1.994005 0.015500
v -0.145465 1.720623 0.017500
v -0.137810 1.723065 0.015500
v -0.138832 1.451830 0.016433
v -0.137711 1.452124 0.015500
v -0.137886 1.180892 0.016654
v -0.136458 1.181183 0.015500
v -0.139559 0.909865 0.017500
v -0.137174 0.910243 0.015500
v -0.139587 0.639050 0.017500
v -0.137200 0.639302 0.015500
v -0.135945 0.368361 0.015500
v -0.147653 0.367745 0.017500
v -0.222984 0.099421 -0.017500
v -0.223381 0.097421 -0.015500
v -0.223691 2.229221 -0.017500
v -0.224014 2.231460 -0.015500
v -0.222984 0.099421 0.017500
v -0.223381 0.097421 0.015500
v -0.224036 2.229221 0.017500
v -0.224345 2.231460 0.015500
v -0.062044 0.368333 0.017500
v -0.062580 0.645279 0.017500
v -0.062003 0.909616 0.017500
v -0.061852 1.180258 0.010422
v -0.060673 0.368333 -0.017500
v -0.062658 0.645279 -0.017500
v -0.062000 0.909616 -0.017500
v -0.060940 1.180258 -0.017500
v -0.136792 0.097743 0.015500
v -0.134662 0.099744 0.017500
v -0.142264 0.099745 0.015500
v -0.134662 2.281043 0.017500
v -0.134662 2.283043 0.015500
v -0.142263 2.281045 0.015500
v -0.131581 0.097743 -0.015500
v -0.137052 0.099745 -0.015500
v -0.134662 0.099744 -0.017500
v -0.134662 2.283043 -0.015500
v -0.134677 2.275794 -0.017500
v -0.137052 2.281045 -0.015500
v 0.019289 0.097638 0.015500
v 0.021492 0.099636 0.015500
v 0.016312 0.099638 0.017500
v 0.015655 2.282938 0.015500
v 0.015702 2.280938 0.017500
v 0.020833 2.280936 0.015500
v 0.016685 0.099638 -0.017500
v 0.021832 0.099636 -0.015500
v 0.019624 0.097638 -0.015500
v 0.015856 2.271344 -0.017500
v 0.015608 2.282938 -0.015500
v 0.020785 2.280936 -0.015500
v -0.133562 0.368385 0.017500
v -0.141036 0.368387 0.015500
v -0.134662 0.645331 0.017500
v -0.142264 0.645333 0.015500
v -0.134662 0.909669 0.017500
v -0.142264 0.909670 0.015500
v -0.141549 1.180312 0.015500
v -0.134071 1.180310 0.017500
v -0.133113 1.180310 -0.017500
v -0.135497 1.180312 -0.015500
v -0.130353 0.909666 -0.017500
v -0.137052 0.909670 -0.015500
v -0.131968 0.645329 -0.017500
v -0.137148 0.645333 -0.015500
v -0.134971 0.368387 -0.015500
v -0.132589 0.368385 -0.017500
v 0.020584 1.180203 -0.015500
v 0.006618 1.180211 -0.017500
v 0.020763 0.909562 -0.015500
v 0.015633 0.909563 -0.017500
v 0.018990 0.645224 -0.015500
v 0.014457 0.645225 -0.017000
v 0.003335 0.368288 -0.017500
v 0.020281 0.368278 -0.015500
v 0.015387 1.180205 0.017500
v 0.020512 1.180203 0.015500
v 0.015626 0.909563 0.017500
v 0.020757 0.909562 0.015500
v 0.013927 0.645226 0.017500
v 0.019002 0.645224 0.015500
v 0.020281 0.368278 0.015500
v 0.015166 0.368280 0.017500
v -0.061488 0.099691 -0.017500
v -0.058386 0.097691 -0.015500
v -0.061940 2.274474 -0.017500
v -0.062000 2.282991 -0.015500
v -0.061641 0.099691 0.017500
v -0.058526 0.097691 0.015500
v -0.061957 2.280991 0.017500
v -0.061975 2.282991 0.015500
v 0.018606 1.465440 -0.015500
v 0.029762 1.465440 -0.017500
v 0.202197 1.464440 -0.017500
v 0.204364 1.464440 -0.015500
v 0.197052 1.464519 0.016502
v 0.132748 1.465440 0.013961
v 0.027984 1.465440 0.016983
v 0.204021 1.464440 0.015500
v 0.132716 1.466145 -0.017500
v 0.018921 1.465440 0.015500
v -0.134577 1.547221 0.017500
v -0.134662 1.914132 0.017500
v -0.142264 1.914134 0.015500
v -0.142059 1.547223 0.015500
v -0.134150 1.910632 -0.017500
v -0.133628 1.545471 -0.017500
v -0.136021 1.547223 -0.015500
v -0.136563 1.914134 -0.015500
v 0.020753 1.914025 -0.015500
v 0.020689 1.547114 -0.015500
v 0.009584 1.543922 -0.017500
v 0.012766 1.907633 -0.017500
v 0.015814 1.914027 0.017500
v 0.015561 1.547116 0.017500
v 0.020689 1.547114 0.015500
v 0.020948 1.914025 0.015500
v -0.062049 1.547169 0.012781
v -0.061936 1.914080 0.015141
v -0.061620 1.909735 -0.017500
v -0.061281 1.544996 -0.017500
vn 0.0024 -0.9428 -0.3333
vn 0.5714 -0.6918 -0.4415
vn 0.3380 -0.8518 0.4002
vn 0.0029 -0.9197 0.3925
vn -0.0026 -0.1960 0.9806
vn 0.0115 0.3682 0.9297
vn -0.3121 0.3418 0.8865
vn -0.2976 -0.2659 0.9169
vn 0.0320 0.9995 -0.0000
vn -0.4293 0.9031 -0.0110
vn -0.3636 0.8635 0.3496
vn 0.0286 0.9146 0.4033
vn 0.0013 -0.4220 -0.9066
vn -0.0090 0.2794 -0.9601
vn 0.3006 0.1093 -0.9475
vn 0.2718 -0.3826 -0.8830
vn -0.3694 -0.8251 0.4276
vn -0.8652 -0.3486 0.3603
vn -0.8784 0.3112 0.3626
vn -0.4208 -0.8375 -0.3487
vn -0.9066 -0.2947 -0.3020
vn -0.3910 -0.3428 -0.8542
vn -0.1632 0.1843 -0.9692
vn -0.2772 0.0807 -0.9574
vn -0.8735 0.2203 -0.4341
vn 0.8607 -0.2991 0.4120
vn 0.2046 -0.3459 0.9157
vn 0.3218 0.8718 0.3694
vn 0.2819 0.3635 0.8879
vn 0.8487 0.3490 0.3974
vn 0.9155 -0.2188 -0.3375
vn 0.1327 0.2645 -0.9552
vn 0.8656 0.2301 -0.4448
vn -0.0082 -0.8678 -0.4968
vn 0.0005 -0.2421 -0.9702
vn -0.0265 0.8801 -0.4741
vn 0.4353 0.9002 0.0105
vn 0.0022 -0.3789 0.9255
vn -0.0256 0.9206 0.3897
vn -0.0098 0.3840 0.9233
vn -0.0302 0.9153 0.4016
vn -0.0113 0.3586 0.9334
vn 0.0263 0.9037 0.4275
vn 0.0089 0.3331 0.9429
vn -0.0056 -0.3995 0.9167
vn 0.0002 -0.8858 0.4641
vn 0.0005 -0.2959 0.9552
vn 0.0142 -0.9221 0.3866
vn 0.0063 -0.3817 0.9243
vn 0.0061 0.2279 -0.9737
vn 0.0032 0.1151 -0.9933
vn 0.0189 0.8677 -0.4967
vn 0.0015 0.2537 -0.9673
vn -0.0297 0.9225 -0.3849
vn -0.0119 0.3770 -0.9261
vn 0.0089 -0.8659 -0.5001
vn -0.0005 -0.2422 -0.9702
vn -0.0002 -0.2064 -0.9785
vn 0.0001 -0.1007 -0.9949
vn -0.0147 -0.9998 0.0147
vn -0.0012 -1.0000 0.0073
vn 0.5290 0.7680 0.3610
vn 0.3302 0.4794 0.8131
vn 0.5655 0.1042 0.8181
vn 0.9171 0.1690 0.3610
vn 0.7680 -0.5290 0.3610
vn 0.4794 -0.3302 0.8131
vn 0.1042 -0.5655 0.8181
vn 0.1690 -0.9171 0.3610
vn -0.5290 -0.7680 0.3610
vn -0.3302 -0.4794 0.8131
vn -0.5655 -0.1042 0.8181
vn -0.9171 -0.1690 0.3610
vn -0.1690 0.9171 0.3610
vn -0.1042 0.5655 0.8181
vn -0.4794 0.3302 0.8131
vn -0.7680 0.5290 0.3610
vn -0.0567 0.3078 0.9498
vn 0.2046 0.2971 0.9327
vn 0.3078 0.0567 0.9498
vn 0.2971 -0.2046 0.9327
vn 0.0567 -0.3078 0.9498
vn -0.2046 -0.2971 0.9327
vn -0.3078 -0.0567 0.9498
vn -0.2971 0.2046 0.9327
vn -0.0000 -0.0000 1.0000
vn -0.1813 0.9834 -0.0000
vn -0.8236 0.5672 -0.0000
vn 0.9834 0.1813 -0.0000
vn 0.5672 0.8236 -0.0000
vn 0.1813 -0.9834 -0.0000
vn 0.8236 -0.5672 -0.0000
vn -0.9834 -0.1813 -0.0000
vn -0.5672 -0.8236 -0.0000
vn -0.0000 0.9156 0.4022
vn 0.7534 0.6021 0.2645
vn -0.0000 -0.8298 0.5581
vn -0.7202 -0.5756 0.3872
vn -0.7534 0.6021 0.2645
vn -0.7533 0.6021 0.2645
vn 0.7202 -0.5756 0.3872
vn -0.0000 0.9156 0.4021
vn -0.9337 -0.0000 0.3580
vn 0.9218 -0.0000 0.3877
vn 0.7874 0.4996 0.3610
vn 0.4915 0.3118 0.8131
vn 0.5612 -0.1255 0.8181
vn 0.9101 -0.2035 0.3610
vn 0.4996 -0.7875 0.3610
vn 0.3118 -0.4915 0.8131
vn -0.1255 -0.5612 0.8181
vn -0.2035 -0.9101 0.3610
vn -0.7875 -0.4996 0.3610
vn -0.4915 -0.3118 0.8131
vn -0.5612 0.1255 0.8181
vn -0.9101 0.2035 0.3610
vn 0.2035 0.9101 0.3610
vn 0.1255 0.5612 0.8181
vn -0.3118 0.4915 0.8131
vn -0.4996 0.7875 0.3610
vn 0.0683 0.3054 0.9498
vn 0.3046 0.1932 0.9327
vn 0.3054 -0.0683 0.9498
vn 0.1933 -0.3046 0.9327
vn -0.0683 -0.3054 0.9498
vn -0.3046 -0.1932 0.9327
vn -0.3054 0.0683 0.9498
vn -0.1933 0.3046 0.9327
vn 0.2182 0.9759 -0.0000
vn -0.5357 0.8444 -0.0000
vn 0.9759 -0.2182 -0.0000
vn 0.8444 0.5357 -0.0000
vn -0.2182 -0.9759 -0.0000
vn 0.5357 -0.8444 -0.0000
vn -0.9759 0.2182 -0.0000
vn -0.8444 -0.5357 -0.0000
vn -0.1210 0.9247 0.3610
vn -0.0755 0.5771 0.8131
vn 0.3504 0.4560 0.8181
vn 0.5683 0.7394 0.3610
vn 0.9247 0.1210 0.3610
vn 0.5771 0.0755 0.8131
vn 0.4559 -0.3504 0.8181
vn 0.7394 -0.5683 0.3610
vn 0.1210 -0.9247 0.3610
vn 0.0755 -0.5771 0.8131
vn -0.3504 -0.4560 0.8181
vn -0.5683 -0.7394 0.3610
vn -0.7394 0.5683 0.3610
vn -0.4560 0.3504 0.8181
vn -0.5771 -0.0755 0.8131
vn -0.9247 -0.1210 0.3610
vn -0.2481 0.1907 0.9498
vn -0.0468 0.3577 0.9327
vn 0.1907 0.2481 0.9498
vn 0.3577 0.0468 0.9327
vn 0.2481 -0.1907 0.9498
vn 0.0468 -0.3577 0.9327
vn -0.1907 -0.2481 0.9498
vn -0.3577 -0.0468 0.9327
vn -0.7929 0.6093 -0.0000
vn -0.9915 -0.1298 -0.0000
vn 0.6093 0.7929 -0.0000
vn -0.1298 0.9915 -0.0000
vn 0.7929 -0.6093 -0.0000
vn 0.9915 0.1298 -0.0000
vn -0.6094 -0.7929 -0.0000
vn 0.1298 -0.9915 -0.0000
vn 0.3618 0.8595 0.3610
vn 0.2258 0.5365 0.8131
vn 0.5325 0.2170 0.8181
vn 0.8636 0.3519 0.3610
vn 0.8595 -0.3618 0.3610
vn 0.5365 -0.2258 0.8131
vn 0.2170 -0.5325 0.8181
vn 0.3519 -0.8636 0.3610
vn -0.3618 -0.8595 0.3610
vn -0.2258 -0.5365 0.8131
vn -0.5325 -0.2170 0.8181
vn -0.8636 -0.3519 0.3610
vn -0.3519 0.8636 0.3610
vn -0.2170 0.5325 0.8181
vn -0.5365 0.2258 0.8131
vn -0.8595 0.3618 0.3610
vn -0.1181 0.2898 0.9498
vn 0.1400 0.3325 0.9327
vn 0.2898 0.1181 0.9498
vn 0.3325 -0.1400 0.9327
vn 0.1181 -0.2898 0.9498
vn -0.1400 -0.3325 0.9327
vn -0.2898 -0.1181 0.9498
vn -0.3325 0.1399 0.9327
vn -0.3774 0.9261 -0.0000
vn -0.9217 0.3880 -0.0000
vn 0.9261 0.3774 -0.0000
vn 0.3880 0.9217 -0.0000
vn 0.3774 -0.9261 -0.0000
vn 0.9217 -0.3880 -0.0000
vn -0.9261 -0.3774 -0.0000
vn -0.3880 -0.9217 -0.0000
vn 0.0667 0.9302 0.3610
vn 0.0417 0.5806 0.8131
vn 0.4347 0.3765 0.8181
vn 0.7049 0.6105 0.3610
vn 0.9302 -0.0667 0.3610
vn 0.5806 -0.0417 0.8131
vn 0.3765 -0.4347 0.8181
vn 0.6105 -0.7049 0.3610
vn -0.0667 -0.9302 0.3610
vn -0.0417 -0.5806 0.8131
vn -0.4347 -0.3765 0.8181
vn -0.7049 -0.6105 0.3610
vn -0.6105 0.7049 0.3610
vn -0.3765 0.4347 0.8181
vn -0.5806 0.0417 0.8131
vn -0.9302 0.0667 0.3610
vn -0.2049 0.2365 0.9498
vn 0.0258 0.3598 0.9327
vn 0.2366 0.2049 0.9498
vn 0.3598 -0.0258 0.9327
vn 0.2049 -0.2366 0.9498
vn -0.0258 -0.3598 0.9327
vn -0.2365 -0.2049 0.9498
vn -0.3598 0.0258 0.9327
vn -0.6547 0.7559 -0.0000
vn -0.9974 0.0716 -0.0000
vn 0.7559 0.6547 -0.0000
vn 0.0716 0.9974 -0.0000
vn 0.6547 -0.7559 -0.0000
vn 0.9974 -0.0716 -0.0000
vn -0.7559 -0.6547 -0.0000
vn -0.0716 -0.9974 -0.0000
vn 0.3891 0.8475 0.3610
vn 0.2429 0.5290 0.8131
vn 0.5392 0.1999 0.8181
vn 0.8744 0.3242 0.3610
vn 0.8475 -0.3891 0.3610
vn 0.5290 -0.2429 0.8131
vn 0.1999 -0.5392 0.8181
vn 0.3242 -0.8744 0.3610
vn -0.3891 -0.8475 0.3610
vn -0.2429 -0.5290 0.8131
vn -0.5392 -0.1999 0.8181
vn -0.8744 -0.3242 0.3610
vn -0.3242 0.8744 0.3610
vn -0.1999 0.5392 0.8181
vn -0.5290 0.2429 0.8131
vn -0.8475 0.3891 0.3610
vn -0.1088 0.2934 0.9498
vn 0.1505 0.3278 0.9327
vn 0.2934 0.1088 0.9498
vn 0.3278 -0.1505 0.9327
vn 0.1088 -0.2934 0.9498
vn -0.1505 -0.3278 0.9327
vn -0.2934 -0.1088 0.9498
vn -0.3278 0.1505 0.9327
vn -0.3476 0.9376 -0.0000
vn -0.9088 0.4172 -0.0000
vn 0.9376 0.3476 -0.0000
vn 0.4172 0.9088 -0.0000
vn 0.3476 -0.9376 -0.0000
vn 0.9088 -0.4172 -0.0000
vn -0.9376 -0.3476 -0.0000
vn -0.4172 -0.9088 -0.0000
vn 0.8036 0.4733 0.3610
vn 0.5015 0.2954 0.8131
vn 0.5567 -0.1440 0.8181
vn 0.9029 -0.2336 0.3610
vn 0.4733 -0.8036 0.3610
vn 0.2954 -0.5016 0.8131
vn -0.1440 -0.5567 0.8181
vn -0.2336 -0.9029 0.3610
vn -0.8036 -0.4733 0.3610
vn -0.5015 -0.2954 0.8131
vn -0.5567 0.1440 0.8181
vn -0.9029 0.2336 0.3610
vn 0.2336 0.9029 0.3610
vn 0.1440 0.5567 0.8181
vn -0.2954 0.5015 0.8131
vn -0.4733 0.8036 0.3610
vn 0.0784 0.3030 0.9498
vn 0.3108 0.1830 0.9327
vn 0.3030 -0.0784 0.9498
vn 0.1830 -0.3108 0.9327
vn -0.0784 -0.3030 0.9498
vn -0.3108 -0.1831 0.9327
vn -0.3030 0.0784 0.9498
vn -0.1831 0.3108 0.9327
vn 0.2505 0.9681 -0.0000
vn -0.5075 0.8617 -0.0000
vn 0.9681 -0.2505 -0.0000
vn 0.8617 0.5075 -0.0000
vn -0.2505 -0.9681 -0.0000
vn 0.5075 -0.8617 -0.0000
vn -0.9681 0.2505 -0.0000
vn -0.8617 -0.5075 -0.0000
vn 0.4794 -0.3301 0.8131
vn -0.9171 -0.1691 0.3610
vn -0.0567 0.3077 0.9498
vn 0.1812 -0.9834 -0.0000
vn 0.7534 0.6021 0.2644
vn -0.7534 0.6021 0.2644
vn 0.7533 0.6021 0.2644
vn 0.8954 -0.0000 0.4452
vn -0.7874 -0.4996 0.3610
vn 0.1932 -0.3046 0.9327
vn 0.9759 -0.2183 -0.0000
vn 0.8444 0.5358 -0.0000
vn -0.8444 -0.5358 -0.0000
vn 0.5771 0.0756 0.8131
vn 0.4560 -0.3504 0.8181
vn 0.0756 -0.5771 0.8131
vn -0.4559 0.3504 0.8181
vn -0.5771 -0.0756 0.8131
vn -0.7929 0.6094 -0.0000
vn 0.7929 -0.6094 -0.0000
vn 0.1400 0.3324 0.9327
vn -0.3324 0.1400 0.9327
vn 0.9302 -0.0668 0.3610
vn 0.6106 -0.7049 0.3610
vn -0.7049 -0.6106 0.3610
vn 0.2365 0.2049 0.9498
vn 0.2049 -0.2365 0.9498
vn 0.3241 -0.8744 0.3610
vn 0.3476 -0.9377 -0.0000
vn 0.4732 -0.8036 0.3610
vn 0.2954 -0.5015 0.8131
vn -0.5016 -0.2954 0.8131
vn -0.2954 0.5016 0.8131
vn -0.4732 0.8036 0.3610
vn 0.3108 0.1831 0.9327
vn 0.1831 -0.3108 0.9327
vn -0.3108 -0.1830 0.9327
vn -0.1830 0.3108 0.9327
vn 0.7533 0.6021 0.2645
vn -0.7203 -0.5756 0.3871
vn 0.9340 -0.0000 0.3572
vn 0.7875 0.4996 0.3610
vn -0.4996 0.7874 0.3610
vn -0.3504 -0.4559 0.8181
vn -0.1400 -0.3324 0.9327
vn -0.3325 0.1400 0.9327
vn -0.9302 0.0668 0.3610
vn -0.2049 0.2366 0.9498
vn 0.9171 0.1691 0.3610
vn 0.0567 -0.3077 0.9498
vn -0.3046 -0.1933 0.9327
vn -0.1932 0.3046 0.9327
vn -0.5358 0.8444 -0.0000
vn 0.3504 0.4559 0.8181
vn 0.0755 -0.5772 0.8131
vn 0.0468 -0.3576 0.9327
vn -0.3576 -0.0468 0.9327
vn 0.6094 0.7929 -0.0000
vn -0.6093 -0.7929 -0.0000
vn 0.1399 0.3325 0.9327
vn 0.3324 -0.1400 0.9327
vn -0.1399 -0.3325 0.9327
vn -0.0715 -0.9974 -0.0000
vn 0.2428 0.5290 0.8131
vn -0.5290 0.2428 0.8131
vn 0.8036 0.4732 0.3610
vn 0.5016 0.2954 0.8131
vn 0.9681 -0.2504 -0.0000
vn 0.4341 0.5758 0.6929
vn 0.5758 -0.4341 0.6929
vn -0.4341 -0.5758 0.6929
vn -0.1002 0.7141 0.6929
vn 0.7141 0.1002 0.6929
vn 0.1002 -0.7141 0.6928
vn -0.7141 -0.1002 0.6929
vn -0.5758 0.4340 0.6929
vn -0.0257 0.4109 0.9113
vn 0.4109 0.0258 0.9113
vn 0.0257 -0.4109 0.9113
vn -0.4109 -0.0257 0.9113
vn -0.3468 0.2219 0.9113
vn 0.2219 0.3468 0.9113
vn 0.3468 -0.2219 0.9113
vn -0.2219 -0.3468 0.9113
vn -0.0754 -0.2915 0.9536
vn -0.2915 0.0755 0.9536
vn 0.2914 -0.0754 0.9536
vn 0.0754 0.2915 0.9536
vn -0.7985 0.6020 -0.0000
vn 0.6020 0.7985 -0.0000
vn 0.7985 -0.6020 -0.0000
vn -0.6020 -0.7985 -0.0000
vn -0.1390 0.9903 -0.0000
vn 0.9903 0.1390 -0.0000
vn 0.1390 -0.9903 -0.0000
vn -0.9903 -0.1390 -0.0000
vn -0.3428 -0.0000 0.9394
vn -0.9394 -0.0000 -0.3428
vn -0.4219 -0.0000 -0.9066
vn 0.9066 -0.0000 -0.4219
vn 0.4219 -0.0000 0.9066
vn -0.9066 -0.0000 0.4219
vn 0.3428 -0.0000 -0.9394
vn 0.9394 -0.0000 0.3428
vn -0.1164 0.9851 0.1269
vn -0.1269 0.9851 -0.1164
vn 0.1269 0.9851 0.1164
vn 0.1165 0.9851 -0.1269
vn -0.0064 -0.9890 -0.1479
vn 0.1479 -0.9890 -0.0063
vn -0.1479 -0.9890 0.0063
vn 0.0064 -0.9890 0.1479
vn -0.0000 -1.0000 -0.0000
vn -0.0001 -1.0000 -0.0001
vn 0.0001 1.0000 -0.0000
vn -0.0000 -1.0000 -0.0001
vn -0.0001 -1.0000 -0.0000
vn 0.0001 1.0000 0.0001
vn -0.0000 1.0000 -0.0000
vn -0.0000 1.0000 0.0001
vn 0.2875 0.9578 -0.0000
vn 0.0394 -0.0001 0.9992
vn 0.0394 -0.0003 0.9992
vn 0.0394 0.0003 0.9992
vn 0.0394 0.0001 0.9992
vn 0.9999 0.0122 -0.0000
vn 0.4218 -0.0000 0.9067
vn 0.6913 0.7053 -0.1570
vn 0.0254 -0.0000 0.9997
vn 0.0386 -0.0000 0.9993
vn 0.6913 -0.7053 -0.1571
vn -0.0261 -0.0000 -0.9997
vn 1.0000 -0.0000 -0.0000
vn 0.2875 -0.9578 -0.0000
vn -0.3297 0.9441 -0.0000
vn -0.3296 -0.9441 -0.0000
vn 0.0393 -0.0005 0.9992
vn -0.3297 -0.9441 -0.0000
vn -0.3296 0.9441 -0.0000
vn 0.0393 0.0005 0.9992
vn -0.9999 0.0122 -0.0000
vn 0.9999 -0.0122 -0.0000
vn -0.9999 -0.0122 -0.0000
vn 0.4919 0.5272 0.6929
vn 0.5272 -0.4919 0.6928
vn -0.4919 -0.5272 0.6929
vn -0.0249 0.7206 0.6929
vn 0.7206 0.0250 0.6929
vn 0.0249 -0.7206 0.6929
vn -0.7206 -0.0250 0.6929
vn -0.5272 0.4919 0.6929
vn 0.0174 0.4113 0.9113
vn 0.4114 -0.0174 0.9113
vn -0.0174 -0.4114 0.9113
vn -0.4113 0.0174 0.9113
vn -0.3217 0.2569 0.9113
vn 0.2570 0.3217 0.9113
vn 0.3217 -0.2569 0.9113
vn -0.2569 -0.3217 0.9113
vn -0.1055 -0.2819 0.9536
vn -0.2819 0.1055 0.9536
vn 0.2820 -0.1055 0.9536
vn 0.1055 0.2820 0.9536
vn -0.7312 0.6822 -0.0000
vn 0.6822 0.7312 -0.0000
vn 0.7311 -0.6822 -0.0000
vn -0.6822 -0.7311 -0.0000
vn -0.0346 0.9994 -0.0000
vn 0.9994 0.0346 -0.0000
vn 0.0346 -0.9994 -0.0000
vn -0.9994 -0.0346 -0.0000
vn 0.6016 0.3975 0.6929
vn 0.3974 -0.6016 0.6929
vn -0.6017 -0.3975 0.6929
vn 0.1444 0.7065 0.6929
vn 0.7064 -0.1444 0.6929
vn -0.1443 -0.7065 0.6929
vn -0.7065 0.1444 0.6929
vn -0.3975 0.6016 0.6929
vn 0.1132 0.3959 0.9113
vn 0.3959 -0.1132 0.9113
vn -0.1132 -0.3959 0.9113
vn -0.3959 0.1131 0.9113
vn -0.2526 0.3251 0.9113
vn 0.3251 0.2527 0.9113
vn 0.2527 -0.3251 0.9113
vn -0.3251 -0.2526 0.9113
vn -0.1686 -0.2494 0.9536
vn -0.2494 0.1686 0.9536
vn 0.2495 -0.1686 0.9536
vn 0.1686 0.2495 0.9536
vn -0.5512 0.8344 -0.0000
vn 0.8344 0.5512 -0.0000
vn 0.5512 -0.8344 -0.0000
vn -0.8344 -0.5512 -0.0000
vn 0.2002 0.9797 -0.0000
vn 0.9798 -0.2002 -0.0000
vn -0.2002 -0.9797 -0.0000
vn -0.9798 0.2002 -0.0000
vn 0.1002 -0.7141 0.6929
vn -0.5758 0.4341 0.6928
vn 0.4109 0.0257 0.9113
vn -0.0754 -0.2914 0.9536
vn -0.2915 0.0754 0.9536
vn 0.0754 0.2914 0.9536
vn 0.1389 -0.9903 -0.0000
vn -0.8056 0.5145 0.2939
vn -0.6799 -0.6616 -0.3164
vn 0.2939 0.5144 0.8056
vn -0.7045 -0.6616 0.2571
vn -0.3618 0.5144 0.7775
vn 0.2570 -0.6616 0.7045
vn -0.3164 -0.6616 0.6799
vn 0.8056 0.5145 -0.2939
vn -0.7775 0.5145 -0.3618
vn -0.2570 -0.6616 -0.7045
vn 0.3164 -0.6616 -0.6799
vn -0.2939 0.5144 -0.8056
vn 0.3618 0.5144 -0.7775
vn 0.6799 -0.6616 0.3164
vn 0.7044 -0.6616 -0.2570
vn 0.7775 0.5145 0.3618
vn -0.2741 -0.9602 0.0532
vn -0.0394 0.0002 0.9992
vn -0.0394 0.0003 0.9992
vn -0.0394 -0.0003 0.9992
vn -0.0394 -0.0002 0.9992
vn -0.9941 -0.0128 0.1079
vn -0.4218 -0.0000 0.9067
vn 0.4219 -0.0000 -0.9066
vn -0.9536 -0.2092 -0.2166
vn -0.0254 -0.0000 0.9997
vn -0.9536 0.2092 -0.2166
vn 0.0261 -0.0000 -0.9997
vn -0.9661 -0.0000 0.2582
vn -0.2741 0.9602 0.0532
vn 0.3308 -0.9432 0.0311
vn -0.5101 -0.0000 0.8601
vn 0.3308 0.9432 0.0311
vn 0.5610 -0.0000 -0.8278
vn -0.0393 0.0005 0.9992
vn 0.3130 0.9489 0.0407
vn 0.3131 -0.9489 0.0407
vn -0.2745 0.9616 0.0064
vn -0.2745 -0.9616 0.0064
vn -0.0393 -0.0005 0.9992
vn 0.9805 -0.0126 0.1963
vn -0.9941 0.0128 0.1079
vn 0.9066 -0.0000 0.4219
vn 0.9805 0.0126 0.1963
vn -0.3283 0.9445 -0.0141
vn -0.0141 0.9445 0.3283
vn 0.0141 0.9445 -0.3283
vn 0.3283 0.9445 0.0141
vn -0.1544 -0.9778 0.1418
vn 0.1417 -0.9778 0.1544
vn -0.1417 -0.9778 -0.1545
vn 0.1544 -0.9778 -0.1417
vn 0.9394 -0.0000 -0.3428
vn 0.0002 -0.0000 1.0000
vn -0.4219 -0.0000 0.9066
vn -0.0000 -0.0000 -1.0000
vn 0.3428 -0.0000 0.9394
vn -0.9394 -0.0000 0.3428
vn -0.3428 -0.0000 -0.9394
vn -0.0000 -1.0000 0.0001
vn 0.0005 -0.0000 1.0000
vn -0.0000 1.0000 -0.0001
vn 0.7654 -0.0000 -0.6436
vn -0.0001 1.0000 -0.0000
vn -0.2572 0.6736 0.6929
vn 0.6736 0.2572 0.6929
vn 0.2573 -0.6736 0.6929
vn -0.6582 0.2944 0.6929
vn 0.2944 0.6582 0.6929
vn 0.6582 -0.2944 0.6929
vn -0.2944 -0.6582 0.6928
vn -0.6736 -0.2572 0.6928
vn -0.3618 0.1965 0.9113
vn 0.1964 0.3618 0.9113
vn 0.3618 -0.1964 0.9113
vn -0.1964 -0.3618 0.9113
vn -0.3722 -0.1760 0.9113
vn -0.1760 0.3722 0.9113
vn 0.3722 0.1760 0.9113
vn 0.1760 -0.3722 0.9113
vn 0.2069 -0.2187 0.9536
vn -0.2187 -0.2069 0.9536
vn 0.2187 0.2069 0.9536
vn -0.2069 0.2187 0.9536
vn -0.9342 -0.3567 -0.0000
vn -0.3567 0.9342 -0.0000
vn 0.9342 0.3567 -0.0000
vn 0.3568 -0.9342 -0.0000
vn -0.9128 0.4083 -0.0000
vn 0.4083 0.9129 -0.0000
vn 0.9128 -0.4083 -0.0000
vn -0.4083 -0.9128 -0.0000
vn 0.3140 0.6491 0.6929
vn 0.6491 -0.3140 0.6929
vn -0.3140 -0.6491 0.6929
vn -0.2369 0.6810 0.6929
vn 0.6810 0.2369 0.6929
vn 0.2369 -0.6810 0.6929
vn -0.6810 -0.2369 0.6929
vn -0.6491 0.3140 0.6929
vn -0.1050 0.3981 0.9113
vn 0.3981 0.1050 0.9113
vn 0.1050 -0.3981 0.9113
vn -0.3981 -0.1050 0.9113
vn -0.3833 0.1503 0.9113
vn 0.1503 0.3833 0.9113
vn 0.3833 -0.1503 0.9113
vn -0.1503 -0.3833 0.9113
vn -0.0174 -0.3006 0.9536
vn -0.3005 0.0174 0.9536
vn 0.3006 -0.0174 0.9536
vn 0.0174 0.3006 0.9536
vn -0.9002 0.4355 -0.0000
vn 0.4355 0.9002 -0.0000
vn 0.9002 -0.4355 -0.0000
vn -0.4355 -0.9002 -0.0000
vn -0.3286 0.9445 -0.0000
vn 0.9445 0.3286 -0.0000
vn 0.3285 -0.9445 -0.0000
vn -0.9445 -0.3286 -0.0000
vn 0.1145 0.9255 -0.3610
vn 0.0715 0.5777 -0.8131
vn -0.3536 0.4535 -0.8181
vn -0.5735 0.7354 -0.3610
vn -0.9255 0.1145 -0.3610
vn -0.5777 0.0715 -0.8131
vn -0.4535 -0.3536 -0.8181
vn -0.7354 -0.5735 -0.3610
vn -0.1145 -0.9255 -0.3610
vn -0.0715 -0.5777 -0.8131
vn 0.3536 -0.4535 -0.8181
vn 0.5735 -0.7354 -0.3610
vn 0.7354 0.5735 -0.3610
vn 0.4535 0.3536 -0.8181
vn 0.5777 -0.0715 -0.8131
vn 0.9255 -0.1145 -0.3610
vn 0.2468 0.1924 -0.9498
vn 0.0443 0.3580 -0.9327
vn -0.1924 0.2468 -0.9498
vn -0.3580 0.0443 -0.9327
vn -0.2468 -0.1924 -0.9498
vn -0.0443 -0.3580 -0.9327
vn 0.1924 -0.2468 -0.9498
vn 0.3580 -0.0443 -0.9327
vn 0.7886 0.6149 -0.0000
vn 0.9924 -0.1228 -0.0000
vn -0.6149 0.7886 -0.0000
vn 0.1228 0.9924 -0.0000
vn -0.7886 -0.6150 -0.0000
vn -0.9924 0.1228 -0.0000
vn 0.6149 -0.7886 -0.0000
vn -0.1228 -0.9924 -0.0000
vn 0.5784 0.7315 -0.3610
vn 0.3610 0.4566 -0.8131
vn -0.0668 0.5712 -0.8181
vn -0.1083 0.9263 -0.3610
vn -0.7315 0.5784 -0.3610
vn -0.4566 0.3610 -0.8131
vn -0.5712 -0.0668 -0.8181
vn -0.9263 -0.1083 -0.3610
vn -0.5784 -0.7315 -0.3610
vn -0.3610 -0.4566 -0.8131
vn 0.0668 -0.5712 -0.8181
vn 0.1083 -0.9263 -0.3610
vn 0.9263 0.1083 -0.3610
vn 0.5711 0.0668 -0.8181
vn 0.4566 -0.3610 -0.8131
vn 0.7315 -0.5784 -0.3610
vn 0.3108 0.0363 -0.9498
vn 0.2237 0.2830 -0.9327
vn -0.0363 0.3108 -0.9498
vn -0.2830 0.2237 -0.9327
vn -0.3108 -0.0363 -0.9498
vn -0.2237 -0.2830 -0.9327
vn 0.0363 -0.3108 -0.9498
vn 0.2830 -0.2237 -0.9327
vn 0.9932 0.1161 -0.0000
vn 0.7844 -0.6202 -0.0000
vn -0.1161 0.9932 -0.0000
vn 0.6202 0.7844 -0.0000
vn -0.9932 -0.1161 -0.0000
vn -0.7844 0.6202 -0.0000
vn 0.1161 -0.9932 -0.0000
vn -0.6202 -0.7844 -0.0000
vn 0.4660 0.8078 -0.3610
vn 0.2909 0.5042 -0.8131
vn -0.1490 0.5554 -0.8181
vn -0.2417 0.9007 -0.3610
vn -0.8078 0.4660 -0.3610
vn -0.5042 0.2909 -0.8131
vn -0.5554 -0.1490 -0.8181
vn -0.9007 -0.2417 -0.3610
vn -0.4660 -0.8078 -0.3610
vn -0.2909 -0.5042 -0.8131
vn 0.1490 -0.5554 -0.8181
vn 0.2417 -0.9007 -0.3610
vn 0.9007 0.2417 -0.3610
vn 0.5554 0.1490 -0.8181
vn 0.5042 -0.2909 -0.8131
vn 0.8078 -0.4660 -0.3610
vn 0.3022 0.0811 -0.9498
vn 0.1802 0.3124 -0.9327
vn -0.0811 0.3022 -0.9498
vn -0.3124 0.1803 -0.9327
vn -0.3022 -0.0811 -0.9498
vn -0.1802 -0.3125 -0.9327
vn 0.0811 -0.3023 -0.9498
vn 0.3125 -0.1803 -0.9327
vn 0.9658 0.2591 -0.0000
vn 0.8662 -0.4997 -0.0000
vn -0.2591 0.9658 -0.0000
vn 0.4997 0.8662 -0.0000
vn -0.9658 -0.2591 -0.0000
vn -0.8662 0.4997 -0.0000
vn 0.2591 -0.9658 -0.0000
vn -0.4997 -0.8662 -0.0000
vn 0.0316 0.9320 -0.3610
vn 0.0197 0.5817 -0.8131
vn -0.3926 0.4201 -0.8181
vn -0.6367 0.6814 -0.3610
vn -0.9320 0.0316 -0.3610
vn -0.5817 0.0197 -0.8131
vn -0.4201 -0.3926 -0.8181
vn -0.6814 -0.6367 -0.3610
vn -0.0316 -0.9320 -0.3610
vn -0.0197 -0.5817 -0.8131
vn 0.3926 -0.4201 -0.8181
vn 0.6367 -0.6814 -0.3610
vn 0.6814 0.6367 -0.3610
vn 0.4201 0.3926 -0.8181
vn 0.5817 -0.0197 -0.8131
vn 0.9320 -0.0316 -0.3610
vn 0.2286 0.2137 -0.9498
vn 0.0122 0.3605 -0.9327
vn -0.2137 0.2286 -0.9498
vn -0.3605 0.0122 -0.9327
vn -0.2286 -0.2137 -0.9498
vn -0.0122 -0.3605 -0.9327
vn 0.2137 -0.2286 -0.9498
vn 0.3605 -0.0122 -0.9327
vn 0.7306 0.6828 -0.0000
vn 0.9994 -0.0338 -0.0000
vn -0.6828 0.7306 -0.0000
vn 0.0338 0.9994 -0.0000
vn -0.7306 -0.6828 -0.0000
vn -0.9994 0.0338 -0.0000
vn 0.6828 -0.7306 -0.0000
vn -0.0338 -0.9994 -0.0000
vn -0.2531 0.8976 -0.3610
vn -0.1580 0.5602 -0.8131
vn -0.5017 0.2810 -0.8181
vn -0.8137 0.4557 -0.3610
vn -0.8976 -0.2531 -0.3610
vn -0.5602 -0.1580 -0.8131
vn -0.2810 -0.5017 -0.8181
vn -0.4557 -0.8136 -0.3610
vn 0.2531 -0.8976 -0.3610
vn 0.1580 -0.5602 -0.8131
vn 0.5017 -0.2810 -0.8181
vn 0.8137 -0.4557 -0.3610
vn 0.4557 0.8136 -0.3610
vn 0.2810 0.5017 -0.8181
vn 0.5602 0.1580 -0.8131
vn 0.8976 0.2531 -0.3610
vn 0.1529 0.2730 -0.9498
vn -0.0979 0.3472 -0.9327
vn -0.2730 0.1529 -0.9498
vn -0.3472 -0.0979 -0.9327
vn -0.1529 -0.2730 -0.9498
vn 0.0979 -0.3472 -0.9327
vn 0.2730 -0.1529 -0.9498
vn 0.3472 0.0979 -0.9327
vn 0.4887 0.8725 -0.0000
vn 0.9625 0.2714 -0.0000
vn -0.8725 0.4887 -0.0000
vn -0.2714 0.9625 -0.0000
vn -0.4887 -0.8725 -0.0000
vn -0.9625 -0.2714 -0.0000
vn 0.8725 -0.4887 -0.0000
vn 0.2714 -0.9625 -0.0000
vn -1.0000 -0.0000 -0.0000
vn -0.0000 0.5692 0.8222
vn -0.0000 -0.2005 -0.9797
vn -0.0000 0.2005 0.9797
vn -0.0000 -0.5692 -0.8222
vn -0.0000 -0.9998 -0.0202
vn -0.0000 -0.8464 -0.5326
vn -0.0000 0.8464 0.5326
vn -0.0000 0.6632 -0.7485
vn -0.0000 0.9999 0.0102
vn -0.4448 -0.0000 -0.8956
vn 0.4448 -0.0000 -0.8956
vn -0.0000 -0.6632 -0.7485
vn -0.0000 -0.9999 -0.0163
vn -0.0000 0.9999 -0.0163
vn -0.9996 -0.0000 -0.0269
vn 0.9996 -0.0000 -0.0269
vn 0.7471 0.1890 0.6373
vn 0.9889 0.0515 0.1394
vn 0.9736 0.0790 0.2139
vn 0.6636 0.2042 0.7197
vn -0.6636 0.2422 0.7078
vn -0.1789 0.5652 0.8053
vn -0.2073 0.5358 0.8185
vn -0.7471 0.2076 0.6314
vn -0.7499 -0.1884 -0.6341
vn -0.9799 -0.0690 -0.1870
vn -0.9844 -0.0610 -0.1652
vn -0.6626 -0.2043 -0.7206
vn 0.6626 -0.2425 -0.7086
vn 0.1808 -0.6377 -0.7487
vn 0.2118 -0.5978 -0.7732
vn 0.7499 -0.2063 -0.6285
vn -0.9754 -0.0763 0.2069
vn -0.9877 -0.0541 0.1466
vn -0.0000 0.8315 0.5555
vn -0.2073 0.5313 -0.8214
vn -0.7499 0.2063 -0.6285
vn -0.6626 0.2425 -0.7086
vn -0.1769 0.5622 -0.8079
vn -0.9979 0.0082 0.0642
vn -0.9980 0.0324 -0.0538
vn -0.6636 -0.0556 0.7460
vn -0.7471 -0.0573 0.6622
vn 0.0584 0.0071 0.9983
vn -0.0584 -0.0071 0.9983
vn 0.7471 0.0573 0.6622
vn 0.6636 0.0556 0.7460
vn 0.9980 -0.0324 -0.0538
vn 0.9979 -0.0082 0.0642
vn -0.6636 -0.2042 0.7197
vn -0.7471 -0.1890 0.6373
vn 0.0584 -0.1933 0.9794
vn -0.0584 -0.2073 0.9765
vn 0.7471 -0.0767 0.6603
vn 0.6636 -0.0952 0.7420
vn 0.9980 -0.0209 -0.0592
vn 0.9979 -0.0209 0.0613
vn 0.6626 -0.0954 -0.7429
vn 0.7499 -0.0760 -0.6571
vn -0.0623 -0.2077 -0.9762
vn 0.0624 -0.1928 -0.9793
vn 0.2053 -0.4957 0.8439
vn 0.7471 -0.2076 0.6314
vn 0.6636 -0.2422 0.7078
vn 0.1772 -0.5197 0.8357
vn 0.9980 -0.0086 -0.0622
vn 0.9979 -0.0328 0.0558
vn 0.6626 0.0556 -0.7469
vn 0.7499 0.0574 -0.6590
vn -0.0624 -0.0076 -0.9980
vn 0.0624 0.0076 -0.9980
vn -0.7499 -0.0574 -0.6590
vn -0.6626 -0.0556 -0.7469
vn -0.9979 0.0328 0.0558
vn -0.9980 0.0086 -0.0622
vn 0.9829 0.0637 -0.1727
vn 0.6626 0.2043 -0.7206
vn 0.7499 0.1884 -0.6341
vn 0.9815 0.0663 -0.1797
vn -0.0624 0.1928 -0.9793
vn 0.0624 0.2077 -0.9762
vn -0.7499 0.0760 -0.6571
vn -0.6626 0.0954 -0.7429
vn -0.9979 0.0209 0.0613
vn -0.9980 0.0209 -0.0592
vn -0.6636 0.0952 0.7420
vn -0.7471 0.0767 0.6603
vn 0.0584 0.2073 0.9765
vn -0.0584 0.1933 0.9794
vn -0.0000 -0.9084 -0.4181
vn -0.0000 -0.9977 -0.0685
vn -0.9277 -0.0003 0.3734
vn -0.9251 -0.0003 0.3798
vn -0.0000 0.9726 0.2326
vn -0.0000 -0.8997 0.4366
vn -0.1349 -0.1262 0.9828
vn 0.1349 -0.1262 0.9828
vn 0.9251 -0.0003 0.3798
vn 0.9277 -0.0003 0.3734
vn -0.0000 -0.9108 0.4129
vn -0.0000 0.9207 0.3903
vn -0.0000 0.8220 -0.5694
vn -0.0000 0.9648 -0.2630
vn -0.0000 -0.7698 0.6383
vn -0.9329 0.0037 0.3600
vn -0.9233 0.0040 0.3840
vn -0.0000 -0.9402 0.3406
vn -0.0000 0.9448 0.3277
vn 0.1333 0.1421 0.9808
vn -0.1333 0.1421 0.9808
vn 0.9233 0.0040 0.3840
vn 0.9329 0.0037 0.3600
vn -0.0000 0.0087 1.0000
vn -0.1341 -0.1347 0.9818
vn 0.1341 -0.1347 0.9818
vn 0.1342 0.1335 0.9819
vn -0.1342 0.1335 0.9819
vn -0.0000 0.9975 0.0713
vn -0.0000 -0.9975 0.0712
vn -0.0000 -0.0007 1.0000
vn -0.9941 0.0010 0.1089
vn 0.9941 0.0010 0.1089
vn -0.9941 -0.0001 0.1089
vn 0.9941 -0.0001 0.1089
vn -0.0000 0.9975 0.0712
vn -0.0000 -0.9975 0.0713
vn -0.5758 0.4341 0.6929
vn -0.0258 0.4109 0.9113
vn 0.0258 -0.4109 0.9113
vn -0.2914 0.0754 0.9536
vn 0.1269 0.9851 0.1165
vn 0.1164 0.9851 -0.1269
vn -0.0063 -0.9890 -0.1479
vn 0.0063 -0.9890 0.1479
vn 0.9394 -0.0000 0.3427
vn 0.0001 -1.0000 -0.0000
vn -0.0001 1.0000 0.0001
vn -0.9394 -0.0000 -0.3427
vn 0.5272 -0.4919 0.6929
vn -0.0250 0.7206 0.6929
vn 0.0250 -0.7206 0.6929
vn 0.0174 0.4114 0.9113
vn 0.4113 -0.0174 0.9113
vn -0.0174 -0.4113 0.9113
vn -0.3217 0.2570 0.9113
vn -0.1055 -0.2820 0.9536
vn -0.2820 0.1055 0.9536
vn 0.6822 0.7311 -0.0000
vn 0.7312 -0.6822 -0.0000
vn 0.3975 -0.6016 0.6929
vn -0.6016 -0.3975 0.6929
vn 0.7065 -0.1444 0.6929
vn -0.1444 -0.7065 0.6929
vn 0.3959 -0.1131 0.9113
vn -0.1131 -0.3959 0.9113
vn 0.3251 0.2526 0.9113
vn 0.2526 -0.3251 0.9113
vn -0.1686 -0.2495 0.9536
vn 0.2494 -0.1686 0.9536
vn 0.1686 0.2494 0.9536
vn 0.2002 0.9798 -0.0000
vn -0.2002 -0.9798 -0.0000
vn -0.4109 -0.0258 0.9113
vn 0.2915 -0.0754 0.9536
vn -0.8056 0.5144 0.2939
vn -0.7044 -0.6616 0.2570
vn 0.2570 -0.6616 0.7044
vn -0.3164 -0.6616 0.6798
vn 0.8056 0.5144 -0.2939
vn -0.2570 -0.6616 -0.7044
vn 0.7045 -0.6616 -0.2570
vn 0.7775 0.5144 0.3618
vn -0.2744 0.9616 0.0064
vn -0.3284 0.9444 -0.0141
vn -0.0141 0.9444 0.3284
vn 0.3284 0.9445 0.0141
vn -0.1544 -0.9778 0.1417
vn 0.1418 -0.9778 0.1544
vn -0.1418 -0.9778 -0.1544
vn 0.9394 -0.0000 -0.3427
vn -0.2944 -0.6582 0.6929
vn -0.6736 -0.2572 0.6929
vn 0.1965 0.3618 0.9113
vn 0.3618 -0.1965 0.9113
vn -0.1965 -0.3618 0.9113
vn 0.2068 -0.2187 0.9536
vn 0.2187 0.2068 0.9536
vn -0.2068 0.2187 0.9536
vn -0.9342 -0.3568 -0.0000
vn -0.3568 0.9342 -0.0000
vn 0.9342 0.3568 -0.0000
vn 0.4083 0.9128 -0.0000
vn -0.0174 -0.3005 0.9536
vn -0.3006 0.0174 0.9536
vn 0.3005 -0.0174 0.9536
vn -0.3285 0.9445 -0.0000
vn 0.3286 -0.9445 -0.0000
vn 0.2915 -0.0755 0.9536
vn 0.0755 0.2915 0.9536
vn 0.6913 -0.7053 -0.1570
vn 0.2569 0.3217 0.9113
vn -0.2494 0.1685 0.9536
vn -0.7775 0.5144 -0.3618
vn 0.3131 0.9489 0.0407
vn 0.3130 -0.9489 0.0407
vn 0.0141 0.9444 -0.3284
vn 0.3284 0.9444 0.0141
vn -0.1417 -0.9778 -0.1544
vn 0.1655 -0.0000 0.9862
vn -0.0000 -0.0000 -0.0000
vn 0.2572 -0.6736 0.6929
vn -0.2069 0.2188 0.9536
vn 0.7886 0.6150 -0.0000
vn -0.7886 -0.6149 -0.0000
vn -0.0668 0.5711 -0.8181
vn -0.5711 -0.0668 -0.8181
vn 0.0668 -0.5711 -0.8181
vn -0.2237 -0.2829 -0.9327
vn 0.3023 0.0811 -0.9498
vn 0.1803 0.3124 -0.9327
vn -0.3124 0.1802 -0.9327
vn -0.1802 -0.3124 -0.9327
vn 0.0811 -0.3022 -0.9498
vn 0.3124 -0.1803 -0.9327
vn -0.8136 0.4557 -0.3610
vn -0.4557 -0.8137 -0.3610
vn -0.5290 0.7680 -0.3610
vn -0.3302 0.4794 -0.8131
vn -0.5655 0.1042 -0.8181
vn -0.9171 0.1690 -0.3610
vn -0.7680 -0.5290 -0.3610
vn -0.4794 -0.3301 -0.8131
vn -0.1042 -0.5655 -0.8181
vn -0.1690 -0.9171 -0.3610
vn 0.5290 -0.7680 -0.3610
vn 0.3302 -0.4794 -0.8131
vn 0.5655 -0.1042 -0.8181
vn 0.9171 -0.1690 -0.3610
vn 0.1690 0.9171 -0.3610
vn 0.1042 0.5655 -0.8181
vn 0.4794 0.3302 -0.8131
vn 0.7680 0.5290 -0.3610
vn 0.0567 0.3078 -0.9498
vn -0.2046 0.2971 -0.9327
vn -0.3078 0.0567 -0.9498
vn -0.2971 -0.2046 -0.9327
vn -0.0567 -0.3077 -0.9498
vn 0.2046 -0.2971 -0.9327
vn 0.3078 -0.0567 -0.9498
vn 0.2971 0.2046 -0.9327
vn 0.1813 0.9834 -0.0000
vn 0.8236 0.5672 -0.0000
vn -0.9834 0.1813 -0.0000
vn -0.5672 0.8236 -0.0000
vn -0.1812 -0.9834 -0.0000
vn -0.8236 -0.5672 -0.0000
vn 0.9834 -0.1813 -0.0000
vn 0.5672 -0.8236 -0.0000
vn -0.0000 0.9156 -0.4021
vn -0.7534 0.6021 -0.2645
vn -0.7533 0.6021 -0.2645
vn -0.0000 -0.8298 -0.5581
vn 0.7202 -0.5756 -0.3872
vn 0.7533 0.6021 -0.2645
vn -0.7202 -0.5756 -0.3872
vn -0.0000 0.9156 -0.4022
vn -0.7534 0.6021 -0.2644
vn 0.9337 -0.0000 -0.3580
vn -0.8954 -0.0000 -0.4452
vn 0.7534 0.6021 -0.2644
vn -0.7875 0.4996 -0.3610
vn -0.4915 0.3118 -0.8131
vn -0.5612 -0.1255 -0.8181
vn -0.9101 -0.2035 -0.3610
vn -0.4996 -0.7875 -0.3610
vn -0.3118 -0.4915 -0.8131
vn 0.1255 -0.5612 -0.8181
vn 0.2035 -0.9101 -0.3610
vn 0.7875 -0.4996 -0.3610
vn 0.4915 -0.3118 -0.8131
vn 0.5612 0.1255 -0.8181
vn 0.9101 0.2035 -0.3610
vn -0.2035 0.9101 -0.3610
vn -0.1255 0.5612 -0.8181
vn 0.3118 0.4915 -0.8131
vn 0.4996 0.7874 -0.3610
vn -0.0683 0.3054 -0.9498
vn -0.3046 0.1932 -0.9327
vn -0.3054 -0.0683 -0.9498
vn -0.1932 -0.3046 -0.9327
vn 0.0683 -0.3054 -0.9498
vn 0.3046 -0.1933 -0.9327
vn 0.3054 0.0683 -0.9498
vn 0.1933 0.3046 -0.9327
vn -0.2182 0.9759 -0.0000
vn 0.5358 0.8444 -0.0000
vn -0.9759 -0.2182 -0.0000
vn -0.8444 0.5357 -0.0000
vn 0.2183 -0.9759 -0.0000
vn -0.5357 -0.8444 -0.0000
vn 0.9759 0.2182 -0.0000
vn 0.8444 -0.5357 -0.0000
vn 0.1210 0.9247 -0.3610
vn 0.0755 0.5771 -0.8131
vn -0.3504 0.4559 -0.8181
vn -0.5683 0.7394 -0.3610
vn -0.9247 0.1210 -0.3610
vn -0.5771 0.0755 -0.8131
vn -0.4560 -0.3504 -0.8181
vn -0.7394 -0.5683 -0.3610
vn -0.1211 -0.9247 -0.3610
vn -0.0756 -0.5772 -0.8131
vn 0.3504 -0.4560 -0.8181
vn 0.5683 -0.7395 -0.3610
vn 0.7394 0.5683 -0.3610
vn 0.4560 0.3504 -0.8181
vn 0.5771 -0.0756 -0.8131
vn 0.9247 -0.1210 -0.3610
vn 0.2481 0.1907 -0.9498
vn 0.0468 0.3577 -0.9327
vn -0.1907 0.2481 -0.9498
vn -0.3577 0.0468 -0.9327
vn -0.2481 -0.1907 -0.9498
vn -0.0468 -0.3576 -0.9327
vn 0.1907 -0.2481 -0.9498
vn 0.3577 -0.0468 -0.9327
vn 0.7929 0.6093 -0.0000
vn 0.9915 -0.1298 -0.0000
vn -0.6094 0.7929 -0.0000
vn 0.1298 0.9915 -0.0000
vn -0.7929 -0.6094 -0.0000
vn -0.9915 0.1298 -0.0000
vn 0.6093 -0.7929 -0.0000
vn -0.1298 -0.9915 -0.0000
vn -0.3618 0.8595 -0.3610
vn -0.2258 0.5365 -0.8131
vn -0.5325 0.2170 -0.8181
vn -0.8636 0.3519 -0.3610
vn -0.8595 -0.3618 -0.3610
vn -0.5365 -0.2258 -0.8131
vn -0.2170 -0.5325 -0.8181
vn -0.3519 -0.8636 -0.3610
vn 0.3618 -0.8595 -0.3610
vn 0.2258 -0.5365 -0.8131
vn 0.5325 -0.2170 -0.8181
vn 0.8636 -0.3519 -0.3610
vn 0.3519 0.8636 -0.3610
vn 0.2170 0.5325 -0.8181
vn 0.5365 0.2258 -0.8131
vn 0.8595 0.3618 -0.3610
vn 0.1181 0.2898 -0.9498
vn -0.1400 0.3324 -0.9327
vn -0.2898 0.1181 -0.9498
vn -0.3325 -0.1400 -0.9327
vn -0.1181 -0.2898 -0.9498
vn 0.1399 -0.3325 -0.9327
vn 0.2898 -0.1181 -0.9498
vn 0.3324 0.1399 -0.9327
vn 0.3774 0.9261 -0.0000
vn 0.9217 0.3880 -0.0000
vn -0.9261 0.3774 -0.0000
vn -0.3880 0.9217 -0.0000
vn -0.3774 -0.9261 -0.0000
vn -0.9217 -0.3880 -0.0000
vn 0.9261 -0.3774 -0.0000
vn 0.3880 -0.9217 -0.0000
vn -0.0667 0.9302 -0.3610
vn -0.0417 0.5806 -0.8131
vn -0.4347 0.3765 -0.8181
vn -0.7049 0.6105 -0.3610
vn -0.9302 -0.0668 -0.3610
vn -0.5806 -0.0417 -0.8131
vn -0.3765 -0.4347 -0.8181
vn -0.6105 -0.7049 -0.3610
vn 0.0667 -0.9302 -0.3610
vn 0.0417 -0.5806 -0.8131
vn 0.4347 -0.3765 -0.8181
vn 0.7049 -0.6105 -0.3610
vn 0.6105 0.7049 -0.3610
vn 0.3765 0.4347 -0.8181
vn 0.5806 0.0417 -0.8131
vn 0.9302 0.0667 -0.3610
vn 0.2049 0.2365 -0.9498
vn -0.0258 0.3598 -0.9327
vn -0.2365 0.2049 -0.9498
vn -0.3598 -0.0258 -0.9327
vn -0.2049 -0.2366 -0.9498
vn 0.0258 -0.3598 -0.9327
vn 0.2366 -0.2049 -0.9498
vn 0.3598 0.0258 -0.9327
vn 0.6547 0.7559 -0.0000
vn 0.9974 0.0716 -0.0000
vn -0.7559 0.6547 -0.0000
vn -0.0716 0.9974 -0.0000
vn -0.6547 -0.7559 -0.0000
vn -0.9974 -0.0716 -0.0000
vn 0.7559 -0.6547 -0.0000
vn 0.0716 -0.9974 -0.0000
vn -0.3891 0.8475 -0.3610
vn -0.2429 0.5290 -0.8131
vn -0.5392 0.1999 -0.8181
vn -0.8744 0.3242 -0.3610
vn -0.8475 -0.3891 -0.3610
vn -0.5290 -0.2429 -0.8131
vn -0.1999 -0.5392 -0.8181
vn -0.3242 -0.8744 -0.3610
vn 0.3891 -0.8475 -0.3610
vn 0.2429 -0.5290 -0.8131
vn 0.5392 -0.1999 -0.8181
vn 0.8744 -0.3242 -0.3610
vn 0.3242 0.8744 -0.3610
vn 0.1999 0.5392 -0.8181
vn 0.5290 0.2429 -0.8131
vn 0.8475 0.3891 -0.3610
vn 0.1088 0.2934 -0.9498
vn -0.1505 0.3278 -0.9327
vn -0.2934 0.1088 -0.9498
vn -0.3278 -0.1505 -0.9327
vn -0.1088 -0.2934 -0.9498
vn 0.1505 -0.3278 -0.9327
vn 0.2934 -0.1088 -0.9498
vn 0.3278 0.1505 -0.9327
vn 0.3476 0.9376 -0.0000
vn 0.9088 0.4172 -0.0000
vn -0.9376 0.3476 -0.0000
vn -0.4172 0.9088 -0.0000
vn -0.3476 -0.9376 -0.0000
vn -0.9088 -0.4172 -0.0000
vn 0.9376 -0.3476 -0.0000
vn 0.4172 -0.9088 -0.0000
vn -0.8036 0.4733 -0.3610
vn -0.5015 0.2954 -0.8131
vn -0.5567 -0.1440 -0.8181
vn -0.9029 -0.2336 -0.3610
vn -0.4733 -0.8036 -0.3610
vn -0.2954 -0.5015 -0.8131
vn 0.1440 -0.5567 -0.8181
vn 0.2336 -0.9028 -0.3610
vn 0.8036 -0.4732 -0.3610
vn 0.5016 -0.2954 -0.8131
vn 0.5567 0.1440 -0.8181
vn 0.9029 0.2336 -0.3610
vn -0.2336 0.9029 -0.3610
vn -0.1440 0.5567 -0.8181
vn 0.2954 0.5016 -0.8131
vn 0.4732 0.8036 -0.3610
vn -0.0784 0.3030 -0.9498
vn -0.3108 0.1830 -0.9327
vn -0.3030 -0.0784 -0.9498
vn -0.1831 -0.3108 -0.9327
vn 0.0784 -0.3030 -0.9498
vn 0.3108 -0.1831 -0.9327
vn 0.3030 0.0784 -0.9498
vn 0.1830 0.3108 -0.9327
vn -0.2505 0.9681 -0.0000
vn 0.5075 0.8617 -0.0000
vn -0.9681 -0.2505 -0.0000
vn -0.8617 0.5075 -0.0000
vn 0.2505 -0.9681 -0.0000
vn -0.5075 -0.8617 -0.0000
vn 0.9681 0.2505 -0.0000
vn 0.8617 -0.5075 -0.0000
vn -0.4794 -0.3302 -0.8131
vn -0.0567 -0.3078 -0.9498
vn 0.3077 -0.0567 -0.9498
vn -0.1813 -0.9834 -0.0000
vn 0.7534 0.6021 -0.2645
vn 0.7202 -0.5756 -0.3871
vn -0.9340 -0.0000 -0.3572
vn -0.7874 0.4996 -0.3610
vn 0.7874 -0.4996 -0.3610
vn 0.4996 0.7875 -0.3610
vn -0.1933 -0.3046 -0.9327
vn 0.3046 -0.1932 -0.9327
vn 0.5357 0.8444 -0.0000
vn 0.2182 -0.9759 -0.0000
vn -0.4559 -0.3504 -0.8181
vn -0.1210 -0.9247 -0.3610
vn -0.0755 -0.5771 -0.8131
vn 0.5683 -0.7394 -0.3610
vn 0.4559 0.3504 -0.8181
vn 0.5771 -0.0755 -0.8131
vn -0.0468 -0.3577 -0.9327
vn -0.7929 -0.6093 -0.0000
vn -0.1399 0.3325 -0.9327
vn 0.1400 -0.3325 -0.9327
vn 0.3325 0.1400 -0.9327
vn 0.2365 -0.2049 -0.9498
vn 0.2336 -0.9029 -0.3610
vn 0.5015 -0.2954 -0.8131
vn 0.2954 0.5015 -0.8131
vn 0.4733 0.8036 -0.3610
vn -0.1830 -0.3108 -0.9327
vn -0.1691 -0.9171 -0.3610
vn -0.9218 -0.0000 -0.3877
vn -0.3504 0.4560 -0.8181
vn 0.3504 -0.4559 -0.8181
vn 0.6094 -0.7929 -0.0000
vn -0.1400 0.3325 -0.9327
vn -0.9302 -0.0667 -0.3610
vn -0.2366 0.2049 -0.9498
vn -0.2049 -0.2365 -0.9498
vn -0.2954 -0.5016 -0.8131
vn 0.8036 -0.4733 -0.3610
vn 0.0567 0.3077 -0.9498
vn -0.3077 0.0567 -0.9498
vn -0.7202 -0.5756 -0.3871
vn -0.8444 0.5358 -0.0000
vn 0.8444 -0.5358 -0.0000
vn -0.5771 0.0756 -0.8131
vn 0.7929 0.6094 -0.0000
vn -0.6093 0.7929 -0.0000
vn 0.1399 -0.3324 -0.9327
vn 0.9261 -0.3773 -0.0000
vn 0.9302 0.0668 -0.3610
vn 0.2049 0.2366 -0.9498
vn -0.5290 -0.2428 -0.8131
vn 0.5290 0.2428 -0.8131
vn -0.8036 0.4732 -0.3610
vn -0.5016 0.2954 -0.8131
vn -0.4732 -0.8036 -0.3610
vn -0.2336 0.9028 -0.3610
vn -0.3108 0.1831 -0.9327
vn 0.3108 -0.1830 -0.9327
vn 0.1831 0.3108 -0.9327
vn 0.5074 0.8617 -0.0000
vn -0.0000 -0.3827 0.9239
vn -0.0000 0.3845 0.9231
vn -0.3431 0.3403 0.8755
vn -0.3416 -0.3416 0.8756
vn -0.8463 -0.3197 0.4262
vn -0.8594 -0.0041 0.5113
vn -0.8594 -0.0041 -0.5113
vn -0.8463 -0.3197 -0.4262
vn 0.3416 -0.3416 0.8756
vn 0.3416 0.3416 0.8756
vn 0.0016 0.3818 0.9242
vn -0.0000 0.9013 -0.4332
vn -0.3453 0.8741 -0.3415
vn -0.3453 0.8741 0.3415
vn -0.0000 0.9242 0.3819
vn 0.8756 -0.3416 -0.3416
vn 0.8756 0.3416 -0.3416
vn 0.8756 0.3416 0.3416
vn 0.8756 -0.3416 0.3416
vn -0.3416 -0.3416 -0.8756
vn -0.3431 0.3403 -0.8755
vn 0.0001 0.3296 -0.9441
vn -0.0000 -0.3827 -0.9239
vn 0.2302 0.9131 -0.3365
vn -0.1966 0.9606 -0.1966
vn -0.1966 0.9606 0.1966
vn 0.2303 0.9131 0.3365
vn 0.8405 -0.3166 -0.4397
vn 0.9203 -0.0009 -0.3913
vn 0.9203 -0.0009 0.3913
vn 0.8405 -0.3166 0.4397
vn -0.8756 -0.3416 0.3416
vn -0.9434 -0.0005 0.3317
vn -0.9434 -0.0005 -0.3317
vn -0.8756 -0.3416 -0.3416
vn -0.9237 0.0055 0.3832
vn -0.8128 0.4864 0.3206
vn -0.8128 0.4864 -0.3206
vn -0.9237 0.0055 -0.3832
vn 0.2072 -0.3369 0.9184
vn 0.3680 -0.0009 0.9298
vn -0.2451 -0.0006 0.9695
vn -0.2255 -0.3357 0.9146
vn -0.2255 -0.3357 -0.9146
vn -0.2451 -0.0006 -0.9695
vn 0.3680 -0.0009 -0.9298
vn 0.2072 -0.3369 -0.9184
vn 0.4381 0.8097 -0.3904
vn -0.3771 0.8459 -0.3771
vn -0.3936 0.7956 0.4606
vn 0.8320 -0.3586 -0.4233
vn 0.8320 -0.3586 0.4233
vn -0.8494 -0.4063 0.3369
vn -0.9128 -0.1216 0.3899
vn -0.9128 -0.1216 -0.3899
vn -0.8493 -0.4063 -0.3369
vn -0.9239 -0.0000 0.3827
vn -0.8888 0.2988 0.3474
vn -0.8888 0.2988 -0.3474
vn -0.9239 -0.0000 -0.3827
vn 0.2503 -0.3314 0.9097
vn 0.2210 -0.0000 0.9753
vn -0.4297 -0.0006 0.9030
vn -0.4297 -0.0006 -0.9030
vn 0.2210 -0.0000 -0.9753
vn 0.2503 -0.3314 -0.9097
vn -0.3579 -0.8680 -0.3443
vn 0.3257 -0.8823 -0.3399
vn 0.3257 -0.8823 0.3399
vn -0.3579 -0.8680 0.3443
vn 0.8822 -0.3240 -0.3416
vn 0.9176 0.1222 -0.3783
vn 0.9176 0.1222 0.3783
vn 0.8822 -0.3240 0.3416
vn -0.8887 -0.2417 0.3897
vn -0.8887 -0.2417 -0.3897
vn 0.9128 -0.1220 0.3898
vn 0.8586 -0.3833 0.3404
vn 0.8586 -0.3833 -0.3404
vn 0.9128 -0.1220 -0.3898
vn 0.3436 -0.3496 0.8716
vn 0.3916 0.0522 0.9187
vn -0.3642 -0.0485 0.9301
vn -0.3296 -0.3803 0.8641
vn -0.3296 -0.3803 -0.8641
vn -0.3642 -0.0485 -0.9301
vn 0.3916 0.0522 -0.9187
vn 0.3436 -0.3496 -0.8716
vn 0.3812 0.1037 0.9187
vn 0.3643 0.1532 0.9186
vn -0.3391 -0.1424 0.9299
vn -0.3547 -0.0964 0.9300
vn 0.3410 0.1999 0.9186
vn 0.3119 0.2431 0.9185
vn -0.2906 -0.2261 0.9297
vn -0.3176 -0.1859 0.9298
vn 0.2776 0.2819 0.9184
vn 0.2386 0.3158 0.9183
vn -0.2225 -0.2940 0.9295
vn -0.2588 -0.2623 0.9296
vn 0.1957 0.3442 0.9183
vn 0.1496 0.3667 0.9182
vn -0.1396 -0.3417 0.9294
vn -0.1826 -0.3206 0.9295
vn 0.1011 0.3831 0.9182
vn 0.0509 0.3929 0.9182
vn -0.0476 -0.3663 0.9293
vn -0.0944 -0.3570 0.9293
vn -0.0000 0.3962 0.9181
vn -0.0509 0.3929 0.9182
vn 0.0476 -0.3663 0.9293
vn -0.0000 -0.3694 0.9293
vn -0.1011 0.3830 0.9182
vn -0.1496 0.3667 0.9182
vn 0.1396 -0.3417 0.9294
vn 0.0944 -0.3570 0.9293
vn -0.1957 0.3442 0.9183
vn -0.2386 0.3158 0.9183
vn 0.2225 -0.2940 0.9295
vn 0.1826 -0.3206 0.9295
vn -0.2776 0.2819 0.9184
vn -0.3119 0.2431 0.9185
vn 0.2906 -0.2261 0.9298
vn 0.2587 -0.2623 0.9297
vn -0.3410 0.1999 0.9185
vn -0.3643 0.1532 0.9186
vn 0.3391 -0.1424 0.9299
vn 0.3176 -0.1859 0.9298
vn -0.3812 0.1037 0.9186
vn -0.3915 0.0523 0.9187
vn 0.3643 -0.0486 0.9300
vn 0.3547 -0.0964 0.9300
vn -0.9696 -0.0003 0.2449
vn -0.9696 -0.0003 -0.2449
vn 0.8933 0.2428 -0.3783
vn 0.8535 0.3586 -0.3781
vn 0.8535 0.3586 0.3781
vn 0.8933 0.2428 0.3783
vn 0.7989 0.4678 -0.3780
vn 0.7307 0.5687 -0.3778
vn 0.7307 0.5687 0.3778
vn 0.7989 0.4678 0.3780
vn 0.6501 0.6594 -0.3776
vn 0.5587 0.7385 -0.3775
vn 0.5587 0.7385 0.3775
vn 0.6501 0.6594 0.3776
vn 0.4581 0.8048 -0.3773
vn 0.3501 0.8574 -0.3771
vn 0.3501 0.8574 0.3771
vn 0.4581 0.8048 0.3773
vn 0.2366 0.8955 -0.3770
vn 0.1192 0.9185 -0.3770
vn 0.1192 0.9185 0.3770
vn 0.2366 0.8955 0.3770
vn -0.0000 0.9262 -0.3769
vn -0.1192 0.9185 -0.3770
vn -0.1192 0.9185 0.3770
vn -0.0000 0.9262 0.3769
vn -0.2366 0.8955 -0.3770
vn -0.3501 0.8574 -0.3772
vn -0.3501 0.8574 0.3772
vn -0.2366 0.8955 0.3770
vn -0.4581 0.8048 -0.3773
vn -0.5587 0.7385 -0.3775
vn -0.5587 0.7385 0.3775
vn -0.4581 0.8048 0.3773
vn -0.6501 0.6594 -0.3776
vn -0.7307 0.5687 -0.3778
vn -0.7307 0.5687 0.3778
vn -0.6501 0.6594 0.3776
vn -0.7989 0.4678 -0.3780
vn -0.8535 0.3586 -0.3781
vn -0.8535 0.3586 0.3781
vn -0.7989 0.4678 0.3780
vn -0.8933 0.2428 -0.3783
vn -0.9175 0.1225 -0.3783
vn -0.9175 0.1225 0.3783
vn -0.8933 0.2428 0.3783
vn -0.3547 -0.0964 -0.9300
vn -0.3391 -0.1424 -0.9299
vn 0.3643 0.1532 -0.9186
vn 0.3812 0.1037 -0.9187
vn -0.3176 -0.1859 -0.9298
vn -0.2906 -0.2261 -0.9297
vn 0.3119 0.2431 -0.9185
vn 0.3410 0.1999 -0.9186
vn -0.2588 -0.2623 -0.9296
vn -0.2225 -0.2940 -0.9295
vn 0.2386 0.3158 -0.9183
vn 0.2776 0.2819 -0.9184
vn -0.1826 -0.3206 -0.9295
vn -0.1396 -0.3417 -0.9294
vn 0.1496 0.3667 -0.9182
vn 0.1957 0.3442 -0.9183
vn -0.0944 -0.3570 -0.9293
vn -0.0476 -0.3663 -0.9293
vn 0.0509 0.3929 -0.9182
vn 0.1011 0.3831 -0.9182
vn -0.0000 -0.3694 -0.9293
vn 0.0476 -0.3663 -0.9293
vn -0.0509 0.3929 -0.9182
vn -0.0000 0.3962 -0.9181
vn 0.0944 -0.3570 -0.9293
vn 0.1396 -0.3417 -0.9294
vn -0.1496 0.3667 -0.9182
vn -0.1011 0.3830 -0.9182
vn 0.1826 -0.3206 -0.9295
vn 0.2225 -0.2940 -0.9295
vn -0.2386 0.3158 -0.9183
vn -0.1957 0.3442 -0.9183
vn 0.2587 -0.2623 -0.9297
vn 0.2906 -0.2261 -0.9297
vn -0.3119 0.2431 -0.9185
vn -0.2776 0.2819 -0.9184
vn 0.3176 -0.1859 -0.9298
vn 0.3391 -0.1424 -0.9299
vn -0.3643 0.1532 -0.9186
vn -0.3410 0.1999 -0.9185
vn -0.8490 -0.3569 0.3896
vn -0.8490 -0.3569 -0.3896
vn -0.7947 -0.4657 0.3894
vn -0.7268 -0.5660 0.3892
vn -0.7268 -0.5660 -0.3892
vn -0.7947 -0.4657 -0.3894
vn -0.6466 -0.6563 0.3889
vn -0.5556 -0.7350 0.3887
vn -0.5556 -0.7350 -0.3887
vn -0.6466 -0.6563 -0.3889
vn -0.4556 -0.8009 0.3885
vn -0.3482 -0.8532 0.3883
vn -0.3482 -0.8532 -0.3883
vn -0.4556 -0.8009 -0.3885
vn -0.2352 -0.8911 0.3881
vn -0.1185 -0.9140 0.3881
vn -0.1185 -0.9140 -0.3881
vn -0.2352 -0.8911 -0.3881
vn -0.0000 -0.9216 0.3880
vn 0.1186 -0.9140 0.3881
vn 0.1185 -0.9140 -0.3881
vn -0.0000 -0.9216 -0.3880
vn 0.2352 -0.8911 0.3881
vn 0.3482 -0.8532 0.3883
vn 0.3482 -0.8532 -0.3883
vn 0.2352 -0.8911 -0.3881
vn 0.4556 -0.8009 0.3885
vn 0.5556 -0.7350 0.3887
vn 0.5556 -0.7350 -0.3887
vn 0.4556 -0.8009 -0.3885
vn 0.6466 -0.6563 0.3889
vn 0.7268 -0.5660 0.3892
vn 0.7268 -0.5660 -0.3892
vn 0.6466 -0.6563 -0.3889
vn 0.7947 -0.4657 0.3894
vn 0.8490 -0.3569 0.3896
vn 0.8490 -0.3569 -0.3896
vn 0.7947 -0.4657 -0.3894
vn 0.8887 -0.2417 0.3897
vn 0.8887 -0.2417 -0.3897
vn 0.3547 -0.0964 -0.9300
vn 0.3643 -0.0486 -0.9300
vn -0.3915 0.0523 -0.9187
vn -0.3812 0.1037 -0.9186
vn -0.3042 -0.8978 -0.3184
vn 0.3372 -0.8840 -0.3237
vn 0.3372 -0.8840 0.3237
vn -0.3042 -0.8978 0.3184
vn 0.3331 -0.3567 -0.8728
vn -0.3468 -0.3252 -0.8797
vn -0.8897 -0.2992 -0.3447
vn -0.8897 -0.2992 0.3447
vn -0.3468 -0.3252 0.8797
vn 0.3331 -0.3567 0.8728
vn 0.2785 0.0011 0.9604
vn 0.1301 0.1209 0.9841
vn -0.3349 0.2121 0.9181
vn -0.3827 -0.0000 0.9239
vn -0.9630 0.0005 0.2696
vn -0.9630 0.0005 -0.2696
vn -0.9340 0.0003 0.3572
vn -0.9340 0.0003 -0.3572
vn -0.4070 0.0003 -0.9134
vn -0.3827 -0.0000 -0.9239
vn 0.3827 -0.0000 -0.9239
vn 0.2695 -0.0011 -0.9630
vn 0.9239 -0.0000 -0.3827
vn 0.9112 0.2338 -0.3393
vn 0.9776 0.2104 0.0040
vn 0.8802 0.0012 0.4746
vn -1.0000 -0.0059 -0.0000
vn 0.8765 -0.0012 -0.4813
vn 0.8765 -0.0012 0.4813
vn -0.3474 0.2988 -0.8888
vn 0.3474 0.2988 -0.8888
vn -0.5121 -0.0003 -0.8589
vn 0.1922 0.0003 -0.9814
vn -0.4872 0.0006 -0.8733
vn 0.1548 -0.0000 -0.9879
vn -0.3416 -0.8756 -0.3416
vn 0.3416 -0.8756 -0.3416
vn 0.3416 -0.8756 0.3416
vn -0.3416 -0.8756 0.3416
vn 0.1922 0.0003 0.9814
vn -0.5121 -0.0003 0.8589
vn 0.1548 -0.0000 0.9879
vn -0.4872 0.0006 0.8733
vn 0.2695 -0.0011 0.9630
vn -0.4070 0.0003 0.9134
vn 0.3197 0.0007 0.9475
vn 0.1748 0.5077 0.8436
vn -0.3206 0.4864 0.8128
vn -0.3814 0.0022 0.9244
vn -0.8828 -0.0011 0.4697
vn -0.8828 -0.0011 -0.4697
vn -0.9241 0.0054 0.3822
vn -0.9241 0.0054 -0.3822
vn -0.3839 0.0023 -0.9234
vn -0.3814 0.0022 -0.9244
vn 0.3197 0.0007 -0.9475
vn 0.3611 -0.0002 -0.9325
vn 0.8973 0.0007 -0.4413
vn 0.7802 0.4478 -0.4368
vn 0.7802 0.4478 0.4367
vn 0.8973 0.0007 0.4413
vn 0.0012 0.2715 -0.9624
vn 0.9407 0.0002 -0.3392
vn 0.9407 0.0002 0.3392
vn 0.9180 0.0004 -0.3965
vn 0.9180 0.0004 0.3965
vn 0.9148 -0.0002 -0.4039
vn 0.9148 -0.0002 0.4039
vn -0.3205 0.4864 -0.8128
vn 0.1748 0.5077 -0.8436
vn -0.1862 -0.0011 -0.9825
vn 0.4255 0.0002 -0.9049
vn -0.2849 -0.0010 -0.9586
vn 0.3670 0.0004 -0.9302
vn -0.3645 -0.8414 -0.3990
vn 0.3666 -0.8340 -0.4123
vn 0.3666 -0.8340 0.4123
vn -0.3645 -0.8414 0.3990
vn 0.4255 0.0002 0.9049
vn -0.1862 -0.0011 0.9825
vn 0.3670 0.0004 0.9302
vn -0.2849 -0.0010 0.9586
vn 0.3611 -0.0002 0.9325
vn -0.3839 0.0023 0.9234
vn 0.3337 0.2793 -0.9003
vn 0.3416 -0.3416 -0.8756
vn -0.8756 0.3416 0.3416
vn -0.8756 0.3416 -0.3416
vn 0.0038 0.8731 -0.4875
vn 0.0040 0.9237 0.3831
vn 0.3524 0.8463 -0.3994
vn 0.3416 0.8756 0.3416
vn -0.0000 -0.9239 -0.3827
vn -0.0000 -0.9239 0.3827
vn 0.2701 0.0373 0.9621
vn 0.1197 0.1937 0.9737
vn 0.4347 -0.0000 -0.9006
vn 0.9071 0.4208 0.0081
vn 0.4347 -0.0000 0.9006
vn 0.3112 -0.0000 -0.9504
vn 0.3738 0.0006 -0.9275
vn 0.3112 -0.0000 0.9504
vn 0.3738 0.0006 0.9275
vn -0.3691 -0.0022 0.9294
vn -0.3691 -0.0022 -0.9294
vn -0.0037 -0.4017 0.9158
vn 0.0032 0.3936 0.9193
vn -0.3505 0.4337 0.8301
vn -0.3415 -0.2236 0.9129
vn 0.0061 0.9296 -0.3685
vn -0.3575 0.8960 -0.2633
vn -0.3575 0.8960 0.2633
vn 0.0061 0.9296 0.3685
vn 0.0023 -0.3489 -0.9372
vn -0.0017 0.4558 -0.8901
vn 0.3115 0.3980 -0.8629
vn 0.4152 -0.2543 -0.8735
vn 0.2534 -0.0000 0.9674
vn 0.2686 0.3328 0.9039
vn -0.3683 0.3465 0.8627
vn -0.3448 -0.0006 0.9387
vn 0.8639 -0.0000 -0.5036
vn 0.8411 0.3547 -0.4084
vn 0.8411 0.3547 0.4084
vn 0.8639 -0.0000 0.5036
vn -0.9100 -0.0006 0.4147
vn -0.8874 0.3380 0.3134
vn -0.8874 0.3380 -0.3134
vn -0.9100 -0.0006 -0.4147
vn -0.3448 -0.0006 -0.9387
vn -0.3683 0.3465 -0.8627
vn 0.2686 0.3328 -0.9039
vn 0.2534 -0.0000 -0.9674
vn 0.3828 0.0002 0.9238
vn 0.3414 0.3418 0.8756
vn -0.1660 0.3421 0.9249
vn -0.3151 0.0006 0.9491
vn 0.9239 0.0006 -0.3826
vn 0.8754 0.3422 -0.3416
vn 0.8754 0.3422 0.3416
vn 0.9239 0.0006 0.3826
vn -0.8596 -0.3812 0.3402
vn -0.9135 -0.1177 0.3894
vn -0.9135 -0.1177 -0.3894
vn -0.8596 -0.3812 -0.3401
vn -0.8955 0.0006 0.4451
vn -0.8253 0.3099 0.4720
vn -0.8253 0.3099 -0.4720
vn -0.8955 0.0006 -0.4451
vn -0.3151 0.0006 -0.9491
vn -0.1660 0.3421 -0.9249
vn 0.3414 0.3418 -0.8756
vn 0.3828 0.0002 -0.9238
vn 0.8892 -0.3014 -0.3441
vn 0.9182 0.1186 -0.3780
vn 0.9182 0.1186 0.3780
vn 0.8892 -0.3014 0.3441
vn -0.8892 -0.2390 0.3901
vn -0.8892 -0.2390 -0.3901
vn 0.9135 -0.1177 0.3894
vn 0.8596 -0.3812 0.3401
vn 0.8596 -0.3812 -0.3401
vn 0.9135 -0.1177 -0.3894
vn 0.3471 -0.3261 0.8793
vn 0.3920 0.0505 0.9186
vn -0.3650 -0.0471 0.9298
vn -0.3339 -0.3560 0.8728
vn -0.3339 -0.3560 -0.8728
vn -0.3650 -0.0471 -0.9298
vn 0.3920 0.0505 -0.9186
vn 0.3471 -0.3261 -0.8793
vn 0.3822 0.1030 0.9183
vn 0.3642 0.1552 0.9183
vn -0.3375 -0.1434 0.9303
vn -0.3543 -0.0953 0.9303
vn 0.3396 0.2035 0.9183
vn 0.3098 0.2463 0.9183
vn -0.2878 -0.2303 0.9296
vn -0.3150 -0.1891 0.9301
vn 0.2766 0.2822 0.9186
vn 0.2406 0.3140 0.9185
vn -0.2237 -0.2953 0.9288
vn -0.2573 -0.2659 0.9290
vn 0.1983 0.3429 0.9182
vn 0.1503 0.3663 0.9183
vn -0.1394 -0.3407 0.9298
vn -0.1839 -0.3194 0.9296
vn 0.0996 0.3831 0.9183
vn 0.0471 0.3932 0.9182
vn -0.0436 -0.3656 0.9298
vn -0.0923 -0.3562 0.9298
vn -0.0000 0.3932 0.9194
vn -0.0471 0.3932 0.9182
vn 0.0436 -0.3656 0.9298
vn -0.0000 -0.3721 0.9282
vn -0.0996 0.3831 0.9183
vn -0.1503 0.3663 0.9183
vn 0.1394 -0.3407 0.9298
vn 0.0923 -0.3562 0.9298
vn -0.1983 0.3429 0.9182
vn -0.2406 0.3140 0.9185
vn 0.2237 -0.2953 0.9288
vn 0.1839 -0.3194 0.9296
vn -0.2766 0.2822 0.9186
vn -0.3098 0.2463 0.9183
vn 0.2879 -0.2303 0.9296
vn 0.2573 -0.2659 0.9290
vn -0.3396 0.2035 0.9183
vn -0.3642 0.1552 0.9183
vn 0.3375 -0.1434 0.9303
vn 0.3150 -0.1891 0.9301
vn -0.3822 0.1030 0.9183
vn -0.3920 0.0505 0.9186
vn 0.3650 -0.0471 0.9298
vn 0.3543 -0.0953 0.9303
vn -0.0009 -0.8979 -0.4401
vn 0.3443 -0.8745 -0.3416
vn 0.3200 -0.8404 0.4375
vn -0.0002 -0.8741 0.4858
vn 0.8939 0.2410 -0.3779
vn 0.8520 0.3625 -0.3778
vn 0.8520 0.3625 0.3778
vn 0.8939 0.2410 0.3779
vn 0.7946 0.4753 -0.3776
vn 0.7253 0.5757 -0.3774
vn 0.7253 0.5757 0.3774
vn 0.7946 0.4753 0.3776
vn 0.6484 0.6612 -0.3774
vn 0.5630 0.7353 -0.3774
vn 0.5630 0.7353 0.3774
vn 0.6484 0.6612 0.3774
vn 0.4633 0.8019 -0.3773
vn 0.3514 0.8567 -0.3776
vn 0.3514 0.8567 0.3776
vn 0.4633 0.8019 0.3773
vn 0.2330 0.8962 -0.3776
vn 0.1104 0.9194 -0.3775
vn 0.1104 0.9194 0.3775
vn 0.2330 0.8962 0.3776
vn -0.0000 0.9256 -0.3784
vn -0.1104 0.9194 -0.3775
vn -0.1104 0.9194 0.3775
vn -0.0000 0.9256 0.3784
vn -0.2330 0.8962 -0.3776
vn -0.3514 0.8567 -0.3776
vn -0.3514 0.8567 0.3776
vn -0.2330 0.8962 0.3776
vn -0.4633 0.8019 -0.3773
vn -0.5629 0.7353 -0.3774
vn -0.5629 0.7353 0.3774
vn -0.4633 0.8019 0.3773
vn -0.6484 0.6612 -0.3774
vn -0.7253 0.5757 -0.3774
vn -0.7253 0.5757 0.3774
vn -0.6484 0.6612 0.3774
vn -0.7946 0.4753 -0.3776
vn -0.8520 0.3625 -0.3778
vn -0.8520 0.3625 0.3779
vn -0.7946 0.4753 0.3776
vn -0.8939 0.2410 -0.3779
vn -0.9182 0.1186 -0.3780
vn -0.9182 0.1186 0.3780
vn -0.8939 0.2410 0.3779
vn -0.3543 -0.0953 -0.9303
vn -0.3375 -0.1434 -0.9303
vn 0.3642 0.1552 -0.9183
vn 0.3822 0.1030 -0.9183
vn -0.3150 -0.1891 -0.9301
vn -0.2878 -0.2303 -0.9296
vn 0.3098 0.2463 -0.9183
vn 0.3396 0.2035 -0.9183
vn -0.2573 -0.2659 -0.9290
vn -0.2237 -0.2953 -0.9288
vn 0.2406 0.3140 -0.9185
vn 0.2766 0.2822 -0.9186
vn -0.1839 -0.3194 -0.9296
vn -0.1394 -0.3406 -0.9298
vn 0.1503 0.3663 -0.9183
vn 0.1983 0.3429 -0.9182
vn -0.0923 -0.3562 -0.9298
vn -0.0436 -0.3656 -0.9298
vn 0.0471 0.3932 -0.9182
vn 0.0996 0.3831 -0.9183
vn -0.0000 -0.3721 -0.9282
vn 0.0436 -0.3656 -0.9298
vn -0.0471 0.3932 -0.9182
vn -0.0000 0.3932 -0.9194
vn 0.0923 -0.3562 -0.9298
vn 0.1394 -0.3407 -0.9298
vn -0.1503 0.3663 -0.9183
vn -0.0996 0.3831 -0.9183
vn 0.1839 -0.3194 -0.9296
vn 0.2237 -0.2953 -0.9288
vn -0.2406 0.3140 -0.9185
vn -0.1983 0.3429 -0.9182
vn 0.2573 -0.2659 -0.9290
vn 0.2878 -0.2303 -0.9296
vn -0.3098 0.2463 -0.9183
vn -0.2766 0.2822 -0.9186
vn 0.3150 -0.1891 -0.9301
vn 0.3375 -0.1434 -0.9303
vn -0.3642 0.1552 -0.9183
vn -0.3396 0.2035 -0.9183
vn -0.8472 -0.3606 0.3901
vn -0.8472 -0.3606 -0.3901
vn -0.7892 -0.4748 0.3896
vn -0.7188 -0.5764 0.3887
vn -0.7188 -0.5764 -0.3887
vn -0.7892 -0.4748 -0.3896
vn -0.6407 -0.6627 0.3878
vn -0.5567 -0.7348 0.3876
vn -0.5567 -0.7348 -0.3876
vn -0.6407 -0.6627 -0.3878
vn -0.4600 -0.7983 0.3887
vn -0.3490 -0.8525 0.3890
vn -0.3490 -0.8525 -0.3891
vn -0.4600 -0.7983 -0.3887
vn -0.2309 -0.8918 0.3891
vn -0.1086 -0.9148 0.3889
vn -0.1086 -0.9148 -0.3889
vn -0.2309 -0.8918 -0.3891
vn -0.0000 -0.9220 0.3871
vn 0.1086 -0.9148 0.3889
vn 0.1086 -0.9148 -0.3889
vn -0.0000 -0.9220 -0.3871
vn 0.2309 -0.8918 0.3891
vn 0.3490 -0.8525 0.3890
vn 0.3490 -0.8525 -0.3890
vn 0.2309 -0.8918 -0.3891
vn 0.4600 -0.7983 0.3887
vn 0.5567 -0.7348 0.3876
vn 0.5567 -0.7348 -0.3876
vn 0.4600 -0.7983 -0.3887
vn 0.6407 -0.6627 0.3879
vn 0.7188 -0.5764 0.3887
vn 0.7188 -0.5764 -0.3887
vn 0.6407 -0.6627 -0.3879
vn 0.7892 -0.4748 0.3896
vn 0.8472 -0.3606 0.3901
vn 0.8472 -0.3606 -0.3901
vn 0.7892 -0.4748 -0.3896
vn 0.8892 -0.2390 0.3901
vn 0.8892 -0.2390 -0.3901
vn 0.3543 -0.0953 -0.9303
vn 0.3650 -0.0471 -0.9298
vn -0.3920 0.0505 -0.9186
vn -0.3822 0.1030 -0.9183
vn 0.3340 -0.3560 -0.8728
vn -0.3471 -0.3261 -0.8793
vn -0.8892 -0.3014 -0.3441
vn -0.8892 -0.3014 0.3441
vn -0.3471 -0.3261 0.8793
vn 0.3339 -0.3560 0.8728
vn 0.0036 -0.4188 0.9081
vn -0.0027 0.3803 0.9249
vn -0.3494 0.1777 0.9200
vn -0.3486 -0.3902 0.8522
vn -0.0009 -0.8944 -0.4473
vn 0.2738 -0.8348 -0.4777
vn 0.2740 -0.8334 0.4800
vn -0.0004 -0.8844 0.4668
vn -0.0061 0.9577 -0.2877
vn -0.3443 0.8940 -0.2869
vn -0.3142 0.8327 0.4559
vn -0.0061 0.9247 0.3807
vn -0.0008 -0.3220 -0.9467
vn 0.0013 0.4296 -0.9030
vn 0.3405 0.3425 -0.8757
vn 0.3427 -0.3407 -0.8755
vn 0.0014 -0.3148 0.9492
vn -0.0041 0.3768 0.9263
vn -0.2455 0.2628 0.9331
vn -0.2768 -0.1693 0.9459
vn 0.0027 -0.9413 -0.3375
vn 0.4270 -0.8445 -0.3233
vn 0.3002 -0.8724 0.3857
vn 0.0034 -0.9214 0.3885
vn -0.0083 0.9221 -0.3868
vn -0.4826 0.7677 -0.4215
vn -0.4826 0.7677 0.4215
vn -0.0083 0.9221 0.3868
vn -0.0008 -0.3158 -0.9488
vn -0.0026 0.4180 -0.9084
vn 0.2019 0.3459 -0.9163
vn 0.1163 -0.3244 -0.9387
vn -0.0000 -0.1919 0.9814
vn 0.0013 0.3658 0.9307
vn -0.3403 0.3433 0.8754
vn -0.3291 -0.2358 0.9144
vn 0.0029 0.9240 -0.3824
vn -0.3416 0.8756 -0.3416
vn -0.3416 0.8756 0.3416
vn 0.0030 0.9137 0.4063
vn 0.0008 -0.4228 -0.9062
vn -0.0000 0.3827 -0.9239
vn 0.3220 0.3177 -0.8918
vn 0.2789 -0.4054 -0.8706
vn 0.4870 0.8734 -0.0000
vn -0.1896 -0.3392 0.9214
vn -0.5271 0.4958 0.6901
vn -0.5467 -0.1570 0.8225
vn -0.1104 -0.1977 -0.9740
vn 0.0025 0.0044 -1.0000
vn 0.3542 -0.4574 -0.8157
vn -0.0385 -0.4774 -0.8778
vn 0.0997 0.1783 0.9789
vn 0.0273 0.5074 0.8613
vn 0.1560 0.2789 -0.9476
vn 0.4460 0.0975 -0.8897
vn -0.4856 -0.8742 -0.0000
vn -0.3211 -0.8482 0.4213
vn -0.6779 -0.4899 0.5482
vn -0.7904 0.4361 0.4302
vn -0.3211 -0.8482 -0.4213
vn -0.6779 -0.4899 -0.5482
vn -0.3415 -0.2236 -0.9129
vn -0.3505 0.4337 -0.8301
vn -0.7904 0.4361 -0.4302
vn 0.3135 -0.8749 0.3691
vn 0.7204 -0.5146 0.4649
vn 0.4152 -0.2543 0.8735
vn 0.5839 0.7330 0.3490
vn 0.3115 0.3980 0.8629
vn 0.8794 0.1806 0.4405
vn 0.3135 -0.8749 -0.3691
vn 0.7204 -0.5146 -0.4649
vn 0.5839 0.7330 -0.3490
vn 0.8794 0.1806 -0.4405
vn -0.4381 -0.7300 0.5246
vn -0.2540 -0.2494 0.9345
vn -0.8179 -0.3717 0.4391
vn -0.4605 0.7588 0.4605
vn -0.4589 -0.7908 -0.4050
vn -0.8411 -0.3547 -0.4084
vn -0.2771 -0.3677 -0.8877
vn -0.4605 0.7588 -0.4605
vn 0.5096 -0.6078 0.6090
vn 0.8357 -0.2984 0.4610
vn 0.1434 -0.3592 0.9222
vn 0.4605 0.7588 0.4605
vn 0.5112 -0.6260 -0.5889
vn 0.1377 -0.4323 -0.8912
vn 0.8237 -0.3020 -0.4799
vn 0.4605 0.7588 -0.4605
vn -0.4605 -0.7588 0.4605
vn -0.2858 -0.3344 0.8981
vn -0.8494 -0.3512 0.3939
vn -0.4905 0.6344 0.5974
vn -0.4605 -0.7588 -0.4605
vn -0.8494 -0.3512 -0.3939
vn -0.2858 -0.3344 -0.8981
vn -0.4905 0.6344 -0.5974
vn 0.4913 -0.6501 0.5796
vn 0.8413 -0.3093 0.4433
vn 0.1976 -0.3421 0.9186
vn 0.4913 -0.6501 -0.5796
vn 0.1976 -0.3421 -0.9186
vn 0.8413 -0.3093 -0.4433
vn -0.4402 -0.7720 0.4585
vn 0.4402 -0.7720 0.4584
vn -0.4402 -0.7720 -0.4585
vn 0.4402 -0.7720 -0.4584
vn 0.4811 -0.7441 0.4636
vn -0.4811 -0.7441 0.4636
vn 0.4811 -0.7441 -0.4636
vn -0.4811 -0.7441 -0.4636
vn -0.3303 -0.8980 0.2907
vn -0.7588 -0.4606 0.4606
vn -0.4371 0.2409 0.8666
vn -0.3303 -0.8980 -0.2907
vn -0.7588 -0.4606 -0.4606
vn -0.3486 -0.3902 -0.8522
vn -0.3559 0.3874 -0.8504
vn -0.7588 0.4606 -0.4606
vn 0.6413 -0.4906 0.5899
vn 0.2645 -0.1979 0.9439
vn 0.3389 0.8766 0.3416
vn 0.2980 0.4141 0.8601
vn 0.7192 0.3813 0.5808
vn 0.7588 -0.4606 -0.4606
vn 0.3389 0.8766 -0.3416
vn 0.7588 0.4606 -0.4606
vn -0.3171 -0.8265 0.4652
vn -0.6329 -0.4920 0.5978
vn -0.7753 0.2044 0.5976
vn -0.3171 -0.8265 -0.4652
vn -0.6329 -0.4920 -0.5978
vn -0.2768 -0.1693 -0.9459
vn -0.2455 0.2628 -0.9331
vn -0.7753 0.2044 -0.5976
vn 0.3257 -0.1191 0.9379
vn 0.1155 -0.3182 0.9410
vn 0.0833 0.3490 0.9334
vn 0.1704 0.1220 0.9778
vn 0.2638 0.2082 0.9418
vn 0.3228 -0.1188 -0.9390
vn 0.2558 0.8999 -0.3532
vn 0.5484 0.5641 -0.6173
vn -0.3596 -0.8260 0.4341
vn -0.7588 0.4606 0.4606
vn -0.3410 -0.8764 -0.3402
vn -0.3416 0.3416 -0.8756
vn 0.6720 -0.4882 0.5568
vn 0.2335 -0.3443 0.9094
vn 0.3216 0.8766 0.3579
vn 0.3129 0.3546 0.8811
vn 0.7242 0.4698 0.5048
vn 0.7594 -0.4270 -0.4909
vn 0.4209 0.8374 -0.3488
vn 0.7933 0.3670 -0.4858
vn -0.8432 -0.3647 0.3950
vn -0.6112 -0.6929 0.3825
vn -0.6095 -0.6783 -0.4105
vn -0.8044 -0.3400 -0.4872
vn -0.4575 -0.1577 -0.8751
vn 0.7709 0.3744 0.5153
vn 0.5942 0.6555 0.4660
vn 0.4460 0.0975 0.8897
vn 0.5942 0.6555 -0.4660
vn 0.7709 0.3744 -0.5153
vn -0.2236 0.9090 0.3518
vn -0.9152 0.2832 0.2868
vn -0.8732 0.2793 -0.3994
vn -0.2236 0.9090 -0.3518
vn -0.4951 0.4843 -0.7213
vn 0.7511 -0.2120 -0.6252
vn 0.3084 -0.7927 -0.5258
vn 0.3084 -0.7927 0.5258
vn 0.7511 -0.2120 0.6252
vn 0.3542 -0.4574 0.8157
vn -0.0073 -0.9332 -0.3592
vn -0.0037 -0.4017 -0.9158
vn -0.0036 0.9518 -0.3067
vn 0.0061 -0.9080 0.4190
vn 0.0023 -0.3489 0.9372
vn -0.2534 -0.0000 -0.9674
vn -0.8639 -0.0000 -0.5036
vn 0.8912 -0.0007 -0.4535
vn 0.3050 -0.0007 -0.9524
vn 0.4080 -0.0011 0.9130
vn 0.9420 -0.0010 0.3356
vn -0.2284 0.0005 -0.9736
vn -0.8513 -0.0004 -0.5246
vn 0.9325 0.0008 -0.3613
vn 0.3954 -0.0000 -0.9185
vn 0.3954 -0.0000 0.9185
vn 0.9325 0.0008 0.3612
vn -0.7071 0.7071 -0.0000
vn 0.0069 -0.9387 -0.3447
vn 0.0036 -0.4188 -0.9081
vn 0.0012 0.9440 -0.3301
vn 0.0008 -0.2739 0.9618
vn 0.0058 -0.8954 -0.4452
vn 0.0014 -0.3148 -0.9492
vn -0.0065 0.9381 -0.3463
vn 0.3228 -0.1187 -0.9390
vn 0.5466 -0.8374 -0.0000
vn 0.2851 0.9585 -0.0000
vn 0.5466 0.8374 -0.0000
vn 0.2639 0.2082 0.9418
vn -0.0004 -0.3004 0.9538
vn -0.0000 -0.9249 -0.3802
vn 0.0007 0.9243 -0.3816
vn 0.0025 -0.3780 0.9258
vn 0.1702 0.4249 0.8891
vn -0.4540 -0.8168 -0.3559
vn -0.1834 -0.3279 -0.9267
vn 0.4367 0.7825 -0.4438
vn -0.1725 -0.5277 -0.8317
vn -0.0385 -0.4774 0.8778
vn -0.1725 -0.5278 0.8317
vn -0.2165 -0.3903 0.8949
vn -0.1104 -0.1977 0.9740
vn 0.2087 0.3791 0.9015
vn 0.0273 0.5074 -0.8613
vn 0.1702 0.4249 -0.8891
vn 0.0061 -0.9080 -0.4190
vn 0.0016 0.9207 0.3903
vn 0.0020 0.3790 0.9254
vn -0.0032 0.9169 0.3992
vn -0.0006 0.3641 0.9313
vn -0.0002 0.9055 0.4244
vn -0.0006 0.3387 0.9409
vn -0.0000 -0.3941 0.9191
vn -0.0028 -0.8853 0.4650
vn -0.0022 -0.2910 0.9567
vn 0.0007 -0.9237 0.3831
vn 0.0008 -0.3856 0.9227
vn 0.0012 0.3833 -0.9236
vn -0.0000 0.9237 -0.3832
vn -0.0000 0.3814 -0.9244
vn -0.0029 0.9240 -0.3824
vn -0.0012 0.3833 -0.9236
vn 0.0007 -0.9244 -0.3814
vn -0.0007 -0.9244 -0.3814
vn -0.0000 -1.0000 0.0054
vn -0.0048 0.8654 0.5010
vn -0.0004 0.2478 0.9688
vn -0.0056 0.9262 0.3769
vn -0.0006 0.3836 0.9235
vn -0.0075 0.9461 0.3237
vn -0.0036 0.4400 0.8980
vn 0.0058 -0.8954 0.4452
vn 0.0080 -0.9068 0.4214
vn 0.0035 -0.3433 0.9392
vn 0.0011 -0.8720 0.4895
vn 0.0019 -0.2685 0.9633
vn -0.0041 0.3768 -0.9263
vn -0.0075 0.9461 -0.3237
vn -0.0036 0.4400 -0.8980
vn -0.0071 0.9502 -0.3116
vn -0.0034 0.4516 -0.8922
vn 0.0005 -0.8802 -0.4747
vn 0.0005 -0.2834 -0.9590
vn 0.0080 -0.9068 -0.4214
vn 0.0035 -0.3433 -0.9392
vn 0.0012 0.9440 0.3301
vn 0.0024 0.4310 0.9023
vn 0.0092 0.9606 0.2776
vn 0.0046 0.4841 0.8750
vn 0.0088 0.9592 0.2826
vn 0.0043 0.4770 0.8789
vn 0.0069 -0.9387 0.3447
vn -0.0030 -0.8851 0.4655
vn 0.0005 -0.2908 0.9568
vn -0.0089 -0.8557 0.5174
vn -0.0028 -0.2366 0.9716
vn -0.0030 0.4774 -0.8787
vn 0.0088 0.9592 -0.2826
vn 0.0043 0.4770 -0.8789
vn 0.0092 0.9606 -0.2776
vn 0.0046 0.4841 -0.8750
vn -0.0089 -0.8557 -0.5174
vn -0.0028 -0.2366 -0.9716
vn -0.0030 -0.8851 -0.4655
vn 0.0005 -0.2908 -0.9568
vn -0.0073 -0.9332 0.3592
vn 0.0015 -0.9296 -0.3685
vn 0.0015 -0.9296 0.3685
vn -0.0004 -0.8916 -0.4529
vn -0.0004 -0.8916 0.4529
vn -0.0036 0.9518 0.3067
vn -0.0017 0.4558 0.8901
vn -0.0055 0.9458 0.3247
vn -0.0028 0.4395 0.8982
vn -0.0008 0.9245 0.3811
vn -0.0008 0.3816 0.9243
vn 0.0015 -0.3906 0.9206
vn -0.0003 -0.3062 0.9520
vn 0.0032 0.3936 -0.9193
vn -0.0008 0.9245 -0.3811
vn -0.0008 0.3816 -0.9243
vn -0.0055 0.9458 -0.3247
vn -0.0028 0.4395 -0.8982
vn -0.0003 -0.3062 -0.9520
vn 0.0015 -0.3906 -0.9206
vn 0.4367 0.7825 0.4438
vn 0.1560 0.2789 0.9476
vn 0.4322 0.7821 0.4488
vn 0.1475 0.2675 0.9522
vn -0.4552 -0.8192 0.3489
vn -0.4415 -0.7979 0.4103
vn -0.1609 -0.2927 0.9426
vn 0.1702 0.4248 -0.8891
vn 0.2087 0.3791 -0.9015
vn 0.0997 0.1783 -0.9789
vn 0.4322 0.7821 -0.4488
vn 0.1475 0.2675 -0.9522
vn -0.1726 -0.5277 -0.8317
vn -0.2165 -0.3903 -0.8949
vn -0.4415 -0.7979 -0.4103
vn -0.1609 -0.2927 -0.9426
vn 0.0010 0.0013 -1.0000
vn 0.0025 0.0044 1.0000
vn 0.0010 0.0013 1.0000
vn 0.3571 0.0010 0.9340
vn 0.9172 0.0010 0.3985
vn 0.5140 0.0004 0.8578
vn 0.9706 0.0004 0.2407
vn 0.8969 0.0006 -0.4421
vn 0.3186 0.0006 -0.9479
vn -0.2460 -0.0001 -0.9693
vn -0.8612 -0.0003 -0.5083
vn -0.2475 0.0001 -0.9689
vn -0.8595 0.0001 -0.5112
vn -0.2535 -0.0000 0.9673
vn -0.8640 -0.0000 0.5036
vn -0.2475 0.0001 0.9689
vn -0.8595 0.0001 0.5112
vn -0.2460 -0.0001 0.9693
vn -0.8612 -0.0003 0.5083
vn 0.4069 -0.0007 0.9135
vn 0.9338 -0.0018 0.3578
vn 0.4642 0.0001 0.8857
vn 0.9551 -0.0003 0.2963
vn 0.9338 -0.0018 -0.3578
vn 0.4069 -0.0007 -0.9135
vn 0.9551 -0.0003 -0.2963
vn 0.4642 0.0001 -0.8857
vn -0.2961 -0.0004 -0.9552
vn -0.8875 0.0004 -0.4608
vn -0.1911 -0.0003 -0.9816
vn -0.3770 -0.0006 -0.9262
vn -0.2284 0.0005 0.9736
vn -0.8513 -0.0003 0.5246
vn -0.1911 -0.0003 0.9816
vn -0.3770 -0.0006 0.9262
vn -0.2961 -0.0004 0.9552
vn -0.8875 0.0004 0.4608
vn 0.1522 0.0013 -0.9884
vn 0.2242 -0.3321 -0.9162
vn 0.0968 0.0005 0.9953
vn -0.1494 0.2650 0.9526
vn -0.4091 0.2442 0.8792
vn 0.0034 0.0033 1.0000
vn 0.0009 0.0021 1.0000
vn -0.3776 0.0013 0.9260
vn 1.0000 0.0008 -0.0027
vn 1.0000 0.0014 -0.0031
vn 0.8140 -0.3720 -0.4461
vn 1.0000 -0.0000 -0.0043
vn 0.8740 0.0008 0.4860
vn 0.8633 -0.3481 0.3656
vn -0.4583 0.1415 -0.8774
vn -0.4069 0.2420 -0.8808
vn 0.0018 -0.0005 -1.0000
vn 0.0036 0.0004 -1.0000
vn 0.0039 -0.0004 -1.0000
vn 0.2825 -0.0004 -0.9593
vn 0.2395 -0.0006 -0.9709
vn 0.0010 0.0003 -1.0000
vn 0.1748 0.0011 0.9846
vn 0.1468 -0.0014 0.9892
vn 0.0031 -0.0024 1.0000
vn 0.0061 0.0020 1.0000
vn 0.0920 -0.0021 0.9958
vn -0.0081 -0.0063 0.9999
vn -0.4583 0.1415 0.8774
vn -0.3387 0.0023 0.9409
vn 0.3101 -0.3402 0.8878
vn 0.2678 0.0018 0.9635
vn 0.0815 -0.0009 0.9967
vn -0.0103 0.0007 0.9999
vn 0.1256 0.0003 -0.9921
vn 0.1198 0.0002 -0.9928
vn -0.0246 0.2427 -0.9698
vn 0.1455 -0.0002 -0.9894
vn 1.0000 0.0005 -0.0055
vn 1.0000 0.0004 -0.0063
vn 0.8784 -0.0013 -0.4779
vn 1.0000 -0.0007 -0.0051
vn 0.8560 -0.0001 -0.5170
vn 1.0000 -0.0008 -0.0032
vn -0.3661 -0.0010 0.9306
vn -0.3696 0.0017 0.9292
vn -0.2048 -0.0011 0.9788
vn -0.1728 -0.0018 0.9850
vn -0.6861 -0.2418 0.6861
vn -0.2418 -0.6861 0.6861
vn -0.2418 -0.6861 -0.6861
vn -0.6861 -0.2418 -0.6861
vn 0.4519 -0.7596 0.4677
vn 0.1086 0.0546 0.9926
vn 0.0073 0.1179 0.9930
vn 0.4461 -0.7653 -0.4641
vn 0.1732 0.7929 -0.5842
vn 0.3782 0.6742 -0.6344
vn -0.7322 0.1181 0.6707
vn -0.4181 -0.0042 0.9084
vn -0.7071 -0.0000 -0.7071
vn -0.0000 -0.7071 -0.7071
vn -0.5146 0.4595 -0.7239
vn 0.2997 0.0024 -0.9540
vn 0.4003 0.9164 -0.0016
vn -0.0000 -0.7071 0.7071
vn -0.5222 0.4680 0.7129
vn -0.7322 0.1181 -0.6707
vn -0.7071 -0.0000 0.7071
vn -0.6249 0.0010 0.7807
vn -0.2987 0.0009 0.9543
vn 0.3090 -0.0017 -0.9511
vn 0.2567 -0.0008 -0.9665
vn 0.2358 0.0004 -0.9718
vn 0.1382 -0.0020 0.9904
vn 0.1932 0.0022 0.9812
vn 0.1566 0.0025 0.9877
vn 0.2896 0.0010 0.9571
vn 0.3721 -0.0006 0.9282
vn -0.0040 0.0009 1.0000
vn -0.0056 0.0094 0.9999
vn -0.2963 0.0062 0.9551
vn -0.4283 0.0010 0.9037
vn 0.4019 -0.0000 0.9157
vn 0.3981 0.0040 0.9173
vn -0.4411 0.0085 -0.8974
vn -0.2340 0.2968 -0.9258
vn 0.3850 0.2725 -0.8818
vn 0.0027 0.0110 -0.9999
vn -0.0034 -0.0029 -1.0000
vn -0.0023 -0.0000 -1.0000
vn 0.4099 -0.0009 -0.9121
vn 0.4047 -0.0013 -0.9144
vn -0.9063 0.0035 0.4227
vn -0.7952 0.4695 0.3837
vn -0.7931 0.4696 -0.3880
vn -0.9423 0.0059 -0.3348
vn -0.9406 0.0002 0.3394
vn -0.8878 0.0026 0.4603
vn -0.8725 0.0045 -0.4886
vn -0.9065 0.0008 -0.4222
vn 0.4062 0.0017 0.9138
vn 0.4639 0.1485 0.8734
vn 0.3882 0.2656 0.8825
vn 0.0023 -0.0081 1.0000
vn -0.2540 -0.0010 0.9672
vn -0.1276 -0.0035 0.9918
vn 0.3844 0.0045 0.9231
vn 0.3837 -0.0059 0.9235
vn 0.0004 -0.0077 1.0000
vn -0.0068 -0.0030 1.0000
vn 0.4002 0.0007 0.9164
vn 0.3886 0.0017 0.9214
vn -0.0127 -0.0059 0.9999
vn -0.0048 0.0072 1.0000
vn -0.0996 0.0024 -0.9950
vn -0.0997 -0.0008 -0.9950
vn -0.0017 0.0026 -1.0000
vn -0.1868 -0.0021 -0.9824
vn -0.2616 -0.0069 -0.9652
vn -0.0023 -0.0101 -0.9999
vn 0.0001 -0.0023 -1.0000
vn 0.4838 0.1534 -0.8616
vn 0.4389 0.0058 -0.8985
vn 0.4097 -0.0053 -0.9122
vn 0.4035 -0.0014 -0.9150
vn 0.0027 -0.0026 -1.0000
vn 0.4224 -0.0063 -0.9064
vn -0.3413 -0.0012 -0.9399
vn -0.2843 0.0029 -0.9587
vn -0.3418 -0.0027 -0.9398
vn -0.2915 -0.0052 0.9565
vn -0.2758 0.0032 0.9612
vn -0.9043 -0.0010 0.4268
vn -0.8665 -0.0036 0.4992
vn -0.8553 -0.0067 -0.5181
vn -0.8319 -0.0007 -0.5550
vn -0.2356 0.2916 0.9271
vn -1.0000 -0.0021 -0.0055
vn -1.0000 0.0019 -0.0039
vn -1.0000 -0.0020 0.0052
vn -0.9136 -0.0021 -0.4065
vn 0.4004 0.0013 -0.9163
vn 0.4077 0.0036 -0.9131
vn 0.3784 -0.0092 0.9256
vn -0.1603 -0.0034 0.9871
vn -0.1449 -0.0022 0.9894
vn 0.7168 -0.2392 -0.6549
vn 0.2542 -0.6840 -0.6838
vn 0.3603 -0.3384 -0.8693
vn 0.2545 -0.6825 0.6852
vn 0.7136 -0.2384 0.6587
vn 0.3576 -0.3386 0.8703
vn -0.5399 -0.6087 -0.5814
vn -0.8353 -0.2830 -0.4713
vn -0.1752 -0.3362 -0.9254
vn -0.2619 0.7936 -0.5492
vn -0.3771 -0.3369 0.8627
vn -0.8984 -0.3116 0.3095
vn -0.5110 -0.7300 0.4538
vn -0.2636 0.7993 0.5400
vn 0.7488 0.1434 -0.6471
vn 0.7371 0.0007 -0.6758
vn 0.7364 0.0002 0.6765
vn -0.0011 -0.3822 0.9241
vn 0.4942 0.4887 0.7190
vn -0.0015 -0.3821 -0.9241
vn 0.4963 0.4896 -0.7169
vn 0.7511 0.1440 0.6443
vn 0.7384 -0.0004 -0.6744
vn 0.7378 0.0006 -0.6750
vn 0.7346 0.0028 -0.6785
vn 0.7379 0.0017 -0.6749
vn 0.7357 0.0004 -0.6773
vn 0.7379 -0.0027 -0.6749
vn 0.7396 -0.0032 -0.6730
vn 0.7356 -0.0026 0.6774
vn 0.7370 -0.0006 0.6759
vn 0.7356 0.0005 0.6774
vn 0.7388 -0.0029 0.6739
vn 0.7324 0.0023 0.6809
vn 0.7372 -0.0000 0.6757
vn 0.7348 0.0019 0.6783
vn -0.2845 -0.0027 0.9587
vn -0.3403 -0.0002 0.9403
vn -0.3103 -0.0002 0.9506
vn -0.2234 -0.0022 -0.9747
vn -0.1844 0.0017 -0.9829
vn -0.0012 -0.0043 1.0000
vn -0.1394 0.0015 0.9902
vn -0.1583 -0.0021 0.9874
vn 0.2159 -0.0031 -0.9764
vn 0.1282 -0.3508 -0.9276
vn -1.0000 -0.0013 0.0072
vn -0.7760 0.4374 0.4544
vn -0.8886 0.4586 0.0039
vn -0.2679 -0.3373 -0.9025
vn -0.1908 0.0018 -0.9816
vn 0.2527 -0.0039 0.9675
vn 0.2781 0.0016 0.9605
vn -1.0000 0.0001 0.0063
vn 0.1955 0.0003 0.9807
vn 0.2914 0.2912 0.9112
vn 0.1055 0.3655 0.9248
vn -0.0023 -0.3618 0.9323
vn -0.0045 0.0161 0.9999
vn -0.1444 0.0104 0.9895
vn -0.2238 -0.3237 0.9193
vn -1.0000 -0.0012 0.0051
vn 0.0020 -0.0033 -1.0000
vn 0.0043 0.0005 -1.0000
vn 0.0914 0.0022 -0.9958
vn 0.2416 0.0011 -0.9704
vn 0.0007 0.0034 -1.0000
vn 0.0868 -0.0002 -0.9962
vn -0.8526 -0.0011 0.5226
vn -0.8261 0.0009 0.5636
vn -1.0000 0.0005 0.0008
vn -0.8659 0.0010 -0.5002
vn -0.2768 -0.0007 0.9609
vn -0.1224 -0.0047 0.9925
vn -0.3136 -0.0000 0.9496
vn -0.1474 -0.0008 -0.9891
vn -0.1594 0.0013 -0.9872
vn -0.1041 -0.0023 -0.9946
vn -0.1396 -0.0016 0.9902
vn 0.0240 0.3734 -0.9273
vn 0.1076 0.3753 -0.9206
vn 0.0030 -0.0000 -1.0000
vn 0.0015 0.0028 -1.0000
vn 0.3686 0.0003 -0.9296
vn 0.3702 -0.0013 -0.9290
vn -1.0000 -0.0019 -0.0057
vn -1.0000 0.0006 -0.0019
vn -0.8308 0.0010 -0.5566
vn -1.0000 -0.0005 0.0027
vn -0.8679 -0.0017 -0.4968
vn -0.0032 -0.0062 1.0000
vn -0.1532 -0.0031 0.9882
vn 0.2417 0.0089 0.9703
vn 0.2053 -0.0031 0.9787
vn 0.2011 -0.0001 0.9796
vn -0.0015 -0.0000 1.0000
vn 0.2560 0.0037 0.9667
vn -0.0023 0.0087 1.0000
vn -0.1269 0.3399 0.9319
vn -0.2124 -0.0003 0.9772
vn -0.2252 0.0036 0.9743
vn -0.0057 0.0046 1.0000
vn -0.1679 0.0027 0.9858
vn 0.2679 -0.3270 0.9063
vn 0.1811 0.0026 0.9835
vn 0.2149 0.0001 -0.9766
vn 0.0016 -0.0028 -1.0000
vn 0.2931 -0.0017 -0.9561
vn 0.2471 0.2920 -0.9239
vn -0.1289 -0.0003 -0.9917
vn -0.2544 -0.0027 -0.9671
vn -0.2541 0.0015 -0.9672
vn -0.1105 0.0029 -0.9939
vn -0.8157 -0.3781 0.4378
vn -0.4342 -0.7750 0.4592
vn -0.3234 0.8131 0.4840
vn -0.4324 -0.7710 -0.4674
vn -0.8324 -0.3692 -0.4133
vn -0.1946 0.0707 -0.9783
vn -0.0880 0.2291 -0.9694
vn 0.2295 -0.6883 0.6882
vn 0.5747 -0.2416 0.7819
vn 0.4967 0.1915 0.8465
vn 0.3656 0.6307 0.6845
vn 0.3641 -0.1075 -0.9251
vn 0.2154 -0.3936 -0.8937
vn 0.3681 0.6364 -0.6778
vn 0.3847 0.1959 -0.9020
vn -0.0885 -0.0002 -0.9961
vn 0.6782 0.0005 -0.7348
vn 0.3641 0.0003 -0.9314
vn 0.4635 0.0049 -0.8861
vn -0.0052 -0.0088 0.9999
vn 0.1024 -0.0056 0.9947
vn -1.0000 0.0002 0.0049
vn -0.2944 -0.0040 0.9557
vn -0.5759 0.8175 0.0009
vn 0.2006 0.6948 -0.6907
vn 0.4141 -0.0058 -0.9102
vn 0.5030 -0.0004 0.8643
vn 0.1953 0.6766 0.7100
vn 0.2452 -0.0017 0.9695
vn 0.5015 -0.0028 0.8652
vn -0.2019 -0.0011 -0.9794
vn -0.2887 -0.0028 -0.9574
vn 0.1718 0.0052 -0.9851
vn 0.5442 0.0028 0.8389
vn -0.1764 -0.0004 -0.9843
vn -0.2742 0.0027 0.9617
vn -0.2928 0.0007 -0.9562
vn 0.1565 -0.0035 -0.9877
vn 0.3906 0.0018 0.9206
vn -0.2177 0.0028 -0.9760
vn -0.2604 -0.0007 -0.9655
vn 0.6776 -0.0021 -0.7354
vn 0.6758 -0.0024 -0.7370
vn 0.5548 -0.0005 -0.8320
vn 0.4223 0.0003 -0.9065
vn 0.5107 -0.0027 0.8597
vn 0.4028 0.0001 0.9153
vn 0.3972 -0.0006 0.9177
vn 0.4205 0.0011 0.9073
vn -0.3257 0.0055 0.9454
vn -0.3186 -0.0009 0.9479
vn -0.4079 -0.0002 0.9130
vn 0.1039 -0.0003 0.9946
vn 0.0570 0.3129 0.9481
vn -0.1433 0.3382 0.9301
vn -0.0011 -0.0003 1.0000
vn -0.1640 -0.3282 -0.9303
vn -0.1069 -0.0001 -0.9943
vn -0.3178 0.2513 0.9142
vn -0.2090 -0.0013 0.9779
vn -0.2718 -0.0006 -0.9624
vn -0.3319 -0.0002 -0.9433
vn 0.0017 -0.0005 -1.0000
vn 0.0044 -0.0004 -1.0000
vn 0.1954 -0.3488 0.9166
vn 0.1352 0.0001 0.9908
vn 0.1347 0.0012 0.9909
vn -0.0028 -0.0013 1.0000
vn -0.0032 0.0008 -1.0000
vn 0.2389 0.0027 -0.9711
vn 0.3436 -0.0000 -0.9391
vn -0.0093 -0.0017 -1.0000
vn 0.1181 -0.0009 -0.9930
vn -0.0072 -0.0004 -1.0000
vn 0.1535 -0.0001 -0.9882
vn 0.0020 0.0022 -1.0000
vn 0.2669 0.0017 -0.9637
vn 0.3513 0.0017 -0.9363
vn -0.1428 0.3374 -0.9305
vn 0.2163 0.3289 -0.9193
vn 0.3485 0.0003 -0.9373
vn 0.9094 0.0002 -0.4159
vn 0.8558 0.0048 -0.5172
vn 0.8613 0.0008 0.5080
vn 0.9999 0.0001 0.0130
vn 1.0000 -0.0022 0.0060
vn 0.9041 -0.0017 0.4272
vn 0.9999 0.0010 0.0135
vn 0.9015 0.0010 0.4328
vn 0.8792 0.0023 -0.4765
vn 0.8558 0.0034 0.5173
vn 0.9086 0.0072 -0.4177
vn 1.0000 0.0074 -0.0019
vn 0.9091 -0.0020 -0.4166
vn 1.0000 -0.0010 -0.0023
vn -0.3295 -0.0000 0.9441
vn -0.2882 -0.3374 0.8961
vn -0.2431 0.0008 0.9700
vn 0.0011 0.0004 1.0000
vn -0.1207 0.0013 0.9927
vn 0.0005 0.0012 1.0000
vn -0.0885 0.0004 0.9961
vn -0.0024 -0.0001 1.0000
vn -0.2039 0.0001 0.9790
vn -0.2400 -0.0001 0.9708
vn -0.1767 -0.0004 -0.9843
vn -0.1951 -0.0009 -0.9808
vn -0.2725 0.0001 -0.9622
vn -0.2161 -0.0006 -0.9764
vn -0.3686 0.2547 -0.8940
vn 0.2636 0.0009 0.9646
vn 0.3426 0.0007 0.9395
vn 0.3410 -0.0000 0.9401
vn 0.2345 -0.0010 0.9721
vn 0.7788 0.4899 -0.3918
vn 0.9999 -0.0163 -0.0008
vn 0.3120 -0.3595 -0.8795
vn 0.8396 -0.4043 -0.3629
vn 0.7691 -0.4320 0.4710
vn -0.2446 -0.6611 0.7093
vn -0.6083 -0.2176 0.7633
vn -0.4322 0.5515 0.7135
vn -0.5206 0.1428 0.8418
vn -0.2446 -0.6611 -0.7093
vn -0.3568 -0.2196 -0.9080
vn -0.4307 0.5514 -0.7145
vn -0.6488 0.1429 -0.7474
vn 0.3602 -0.8118 0.4596
vn 0.1800 0.8365 0.5176
vn 0.3969 0.6784 0.6182
vn 0.3602 -0.8118 -0.4596
vn 0.1793 0.8382 -0.5150
vn -0.3988 -0.0003 0.9170
vn -0.2196 0.0002 -0.9756
vn -0.2578 0.6209 -0.7403
vn 0.2730 -0.0001 0.9620
vn -0.2583 0.6218 0.7393
vn -0.6229 -0.0000 0.7823
vn -0.4874 0.0012 0.8732
vn -0.2574 0.0030 0.9663
vn -0.1749 0.0001 0.9846
vn -0.3504 -0.0010 0.9366
vn -0.4780 0.0008 0.8784
vn -0.6263 -0.0001 -0.7796
vn -0.4859 -0.0016 -0.8740
vn -0.3199 -0.0014 -0.9474
vn -0.3603 0.0003 -0.9328
vn -0.5112 0.0006 -0.8595
vn -0.4006 -0.0029 -0.9163
vn 0.3079 -0.0010 -0.9514
vn 0.2261 -0.0000 -0.9741
vn 0.2283 -0.0038 0.9736
vn 0.2406 0.0035 0.9706
vn 0.0007 1.0000 -0.0000
vn -0.1887 0.9819 -0.0159
vn -0.1503 0.9188 0.3649
vn 0.0006 0.9239 0.3827
vn -0.9840 -0.0000 -0.1782
vn -0.9853 -0.0029 -0.1709
vn -0.7858 -0.0018 -0.6185
vn -0.8371 0.0010 -0.5470
vn 0.1699 -0.0017 0.9855
vn 0.1636 0.3647 0.9166
vn 0.0006 0.3812 0.9245
vn 0.0011 -0.0032 1.0000
vn -0.9837 -0.0008 -0.1797
vn -0.9849 -0.0007 -0.1733
vn -0.6829 0.1414 -0.7167
vn -0.8641 -0.0009 -0.5033
vn 0.1836 0.9830 -0.0003
vn 0.1657 0.9167 0.3637
vn -0.3332 -0.4406 -0.8336
vn -0.2904 0.0010 -0.9569
vn 0.0009 0.0002 -1.0000
vn -0.0003 -0.3829 -0.9238
vn -0.1120 0.3699 0.9223
vn -0.1127 -0.0016 0.9936
vn -0.9852 0.0022 -0.1715
vn -0.7738 0.0013 -0.6334
vn -0.9827 0.0014 -0.1851
vn -0.8260 0.0003 -0.5636
vn -0.1828 -0.0000 -0.9832
vn -0.2736 -0.0005 -0.9619
vn 0.0008 -0.0002 -1.0000
vn 0.1351 -0.3381 0.9313
vn 0.1851 0.0008 0.9827
vn -0.0003 -0.3828 0.9238
vn 0.1745 0.0028 0.9847
vn 0.1548 0.0026 0.9879
vn 0.0021 0.0049 1.0000
vn 0.0008 0.0065 1.0000
vn 0.0017 -0.0000 -1.0000
vn 0.1291 -0.0012 -0.9916
vn 0.0835 0.0009 -0.9965
vn 0.1399 -0.0001 -0.9902
vn 0.0016 0.1114 -0.9938
vn 0.1339 0.0609 -0.9891
vn 0.1168 -0.0005 -0.9932
vn -0.1290 -0.0000 0.9916
vn -0.0997 -0.3535 0.9301
vn -0.1290 -0.0003 0.9917
vn -0.1168 0.0034 0.9932
vn -0.0973 0.0026 0.9953
vn -0.2013 -0.0001 -0.9795
vn 0.0898 0.0007 -0.9960
vn -0.3407 -0.0005 -0.9402
vn -0.3050 0.0857 -0.9485
vn 0.1852 -0.0002 0.9827
vn -0.9838 0.0061 -0.1789
vn -0.7553 -0.5056 -0.4171
vn 0.0844 -0.3346 -0.9386
vn -0.2433 -0.8241 0.5116
vn -0.3811 -0.6127 0.6924
vn -0.3912 0.6170 0.6829
vn -0.1618 -0.8583 -0.4869
vn -0.0782 0.2525 -0.9644
vn 0.2410 -0.4831 0.8417
vn 0.3586 -0.1266 0.9249
vn 0.4442 0.6342 0.6328
vn 0.2368 -0.1258 -0.9634
vn 0.2413 -0.4857 -0.8402
vn 0.0305 0.1849 -0.9823
vn 0.1264 0.1278 -0.9837
vn -0.2554 -0.0001 0.9668
vn -0.3712 0.9280 -0.0312
vn -0.0005 -0.7075 -0.7067
vn 0.0032 0.2207 -0.9753
vn 0.1695 0.0015 -0.9855
vn 0.3606 0.9327 -0.0005
vn 0.3638 0.0016 0.9315
vn -0.0005 -0.7074 0.7068
vn -0.2565 -0.0000 0.9666
vn -0.2554 -0.0005 0.9668
vn -0.2554 0.0003 0.9668
vn -0.2573 0.0001 0.9663
vn -0.3412 -0.0005 -0.9400
vn -0.8615 -0.0011 -0.5077
vn 0.1858 -0.0008 -0.9826
vn 0.1814 0.0014 -0.9834
vn 0.0890 -0.0004 -0.9960
vn 0.2733 0.0004 -0.9619
vn 0.2518 -0.0024 -0.9678
vn 0.1549 -0.0017 0.9879
vn 0.3634 0.0001 0.9316
vn 0.3633 -0.0002 0.9317
vn 0.3641 -0.0010 0.9313
vn 0.3652 -0.0004 0.9309
vn 0.3632 -0.0001 0.9317
vn 0.2709 -0.0012 -0.9626
vn -0.0975 -0.0017 0.9952
vn -0.2573 -0.0002 0.9663
vn 0.0021 -0.0032 1.0000
vn -0.9820 -0.0012 -0.1887
vt 0.859518 0.568056
vt 0.859602 0.513288
vt 0.868412 0.513300
vt 0.868558 0.568108
vt 0.870696 0.735269
vt 0.903045 0.735315
vt 0.903045 0.790976
vt 0.869738 0.790305
vt 0.825363 0.736100
vt 0.825421 0.791444
vt 0.816560 0.791438
vt 0.816648 0.736034
vt 0.858728 0.568050
vt 0.826068 0.567687
vt 0.827162 0.514045
vt 0.859002 0.513790
vt 0.926202 0.881376
vt 0.927484 0.880035
vt 0.928074 0.881834
vt 0.995837 0.880035
vt 0.997310 0.881471
vt 0.995429 0.881954
vt 0.924895 0.900734
vt 0.928238 0.898804
vt 0.926163 0.902174
vt 0.997757 0.901192
vt 0.993318 0.903857
vt 0.993804 0.900272
vt 0.928415 0.874781
vt 0.929381 0.874273
vt 0.928958 0.875503
vt 0.996507 0.874894
vt 0.995392 0.875503
vt 0.995106 0.874551
vt 0.925164 0.856080
vt 0.925378 0.854198
vt 0.927304 0.857178
vt 0.997365 0.854662
vt 0.993960 0.855489
vt 0.992977 0.853135
vt 0.859822 0.735350
vt 0.860216 0.790361
vt 0.859419 0.790367
vt 0.859028 0.735372
vt 0.825283 0.567679
vt 0.825124 0.513878
vt 0.868710 0.513390
vt 0.868984 0.568109
vt 0.815773 0.791436
vt 0.816375 0.736025
vt 0.816296 0.514081
vt 0.816588 0.567807
vt 0.816195 0.567820
vt 0.815857 0.513907
vt 0.817742 0.623549
vt 0.816950 0.623574
vt 0.817585 0.679952
vt 0.816652 0.679920
vt 0.868999 0.790311
vt 0.868810 0.735262
vt 0.867868 0.679595
vt 0.868653 0.679590
vt 0.867847 0.624051
vt 0.868301 0.624047
vt 0.828979 0.735899
vt 0.827439 0.790920
vt 0.826545 0.680066
vt 0.827344 0.680054
vt 0.826652 0.623469
vt 0.827448 0.623478
vt 0.858916 0.624013
vt 0.858120 0.624003
vt 0.859192 0.679663
vt 0.854450 0.680444
vt 0.901971 0.513786
vt 0.902431 0.568093
vt 0.898742 0.623788
vt 0.899528 0.679432
vt 0.510620 0.985871
vt 0.509891 0.984124
vt 0.511165 0.982729
vt 0.512888 0.983420
vt 0.512938 0.980125
vt 0.511221 0.980858
vt 0.509841 0.979584
vt 0.510587 0.977930
vt 0.507355 0.977964
vt 0.508032 0.979631
vt 0.506697 0.980885
vt 0.505010 0.980171
vt 0.507319 0.985797
vt 0.507984 0.984057
vt 0.506734 0.982722
vt 0.505047 0.983413
vt 0.508713 0.982358
vt 0.509175 0.982393
vt 0.509477 0.982042
vt 0.509508 0.981582
vt 0.509159 0.981283
vt 0.508702 0.981252
vt 0.508402 0.981598
vt 0.508368 0.982055
vt 0.508938 0.981820
vt 0.506868 0.986712
vt 0.504103 0.983753
vt 0.513915 0.983829
vt 0.510980 0.986851
vt 0.510986 0.977033
vt 0.513792 0.979759
vt 0.504107 0.979738
vt 0.507024 0.977033
vt 0.315452 0.651449
vt 0.318341 0.696254
vt 0.315656 0.696651
vt 0.312787 0.651389
vt 0.318533 0.701086
vt 0.319492 0.736292
vt 0.316936 0.736565
vt 0.315845 0.700938
vt 0.319467 0.740853
vt 0.318411 0.779759
vt 0.315938 0.779902
vt 0.316960 0.740592
vt 0.318203 0.784116
vt 0.314132 0.846136
vt 0.311726 0.845859
vt 0.315783 0.783749
vt 0.314013 0.850193
vt 0.312701 0.879568
vt 0.310353 0.879664
vt 0.311622 0.849878
vt 0.312360 0.883618
vt 0.312167 0.884241
vt 0.310319 0.884030
vt 0.310215 0.883312
vt 0.313134 0.615139
vt 0.313439 0.616398
vt 0.310800 0.616420
vt 0.311042 0.615324
vt 0.310787 0.649435
vt 0.317362 0.648913
vt 0.312429 0.646958
vt 0.315152 0.646958
vt 0.313877 0.698886
vt 0.320559 0.698564
vt 0.315202 0.738568
vt 0.321502 0.738574
vt 0.314187 0.781731
vt 0.320217 0.782037
vt 0.309993 0.847890
vt 0.315930 0.848144
vt 0.313788 0.621092
vt 0.310978 0.620976
vt 0.308878 0.618824
vt 0.315821 0.618422
vt 0.308632 0.881421
vt 0.314401 0.881832
vt 0.314611 0.779598
vt 0.315524 0.740840
vt 0.314145 0.738567
vt 0.310245 0.850093
vt 0.308937 0.847861
vt 0.319749 0.784418
vt 0.315665 0.845968
vt 0.308914 0.883785
vt 0.307585 0.881385
vt 0.316776 0.646579
vt 0.318703 0.648792
vt 0.310365 0.845567
vt 0.314392 0.783925
vt 0.321143 0.736052
vt 0.322869 0.738577
vt 0.309632 0.649544
vt 0.310878 0.646826
vt 0.317142 0.848182
vt 0.315526 0.850443
vt 0.314280 0.879456
vt 0.315530 0.736322
vt 0.315698 0.881989
vt 0.309072 0.879338
vt 0.322001 0.698496
vt 0.320302 0.701258
vt 0.314193 0.613867
vt 0.315099 0.615726
vt 0.321517 0.782104
vt 0.317320 0.618274
vt 0.315642 0.621225
vt 0.309256 0.615892
vt 0.310201 0.614021
vt 0.314341 0.701283
vt 0.312744 0.698940
vt 0.313704 0.884203
vt 0.313008 0.885402
vt 0.313174 0.781680
vt 0.309398 0.621385
vt 0.307585 0.618856
vt 0.309536 0.885143
vt 0.317223 0.651538
vt 0.320050 0.695928
vt 0.319996 0.779613
vt 0.314112 0.696449
vt 0.311351 0.651786
vt 0.321131 0.741104
vt 0.065014 0.939077
vt 0.066696 0.938397
vt 0.067926 0.939731
vt 0.067265 0.941448
vt 0.070561 0.941521
vt 0.069791 0.939812
vt 0.071188 0.938485
vt 0.072956 0.939228
vt 0.072870 0.935910
vt 0.071150 0.936562
vt 0.069820 0.935329
vt 0.070506 0.933643
vt 0.064976 0.935845
vt 0.066670 0.936556
vt 0.068026 0.935268
vt 0.067286 0.933630
vt 0.068372 0.937290
vt 0.068333 0.937748
vt 0.068673 0.938055
vt 0.069134 0.938098
vt 0.069444 0.937749
vt 0.069479 0.937285
vt 0.069133 0.936984
vt 0.068678 0.936948
vt 0.068906 0.937520
vt 0.064076 0.935418
vt 0.066964 0.932704
vt 0.066817 0.942354
vt 0.064076 0.939414
vt 0.073901 0.939671
vt 0.070890 0.942490
vt 0.070849 0.932787
vt 0.073886 0.935461
vt 0.116100 0.933715
vt 0.116830 0.935386
vt 0.115529 0.936672
vt 0.113756 0.936051
vt 0.113814 0.939378
vt 0.115527 0.938591
vt 0.116965 0.939846
vt 0.116264 0.941590
vt 0.119531 0.941330
vt 0.118780 0.939715
vt 0.120045 0.938427
vt 0.121780 0.939007
vt 0.119366 0.933621
vt 0.118643 0.935301
vt 0.120040 0.936557
vt 0.121715 0.935819
vt 0.118002 0.937018
vt 0.117544 0.936999
vt 0.117251 0.937354
vt 0.117229 0.937817
vt 0.117591 0.938107
vt 0.118050 0.938121
vt 0.118339 0.937767
vt 0.118359 0.937308
vt 0.117796 0.937562
vt 0.119761 0.932704
vt 0.122631 0.935461
vt 0.112810 0.935619
vt 0.115740 0.932772
vt 0.115957 0.942488
vt 0.112785 0.939848
vt 0.122631 0.939337
vt 0.119986 0.942299
vt 0.507311 0.969666
vt 0.507934 0.967961
vt 0.509785 0.967993
vt 0.510574 0.969674
vt 0.512910 0.967328
vt 0.511140 0.966706
vt 0.511149 0.964810
vt 0.512834 0.963990
vt 0.510494 0.961669
vt 0.509813 0.963432
vt 0.507919 0.963521
vt 0.507262 0.961809
vt 0.505056 0.967339
vt 0.506714 0.966649
vt 0.506644 0.964862
vt 0.505007 0.964113
vt 0.508355 0.965965
vt 0.508651 0.966308
vt 0.509108 0.966280
vt 0.509459 0.965982
vt 0.509427 0.965519
vt 0.509123 0.965168
vt 0.508661 0.965208
vt 0.508320 0.965513
vt 0.508888 0.965743
vt 0.504125 0.967680
vt 0.504103 0.963704
vt 0.510923 0.970629
vt 0.506879 0.970573
vt 0.513856 0.963547
vt 0.513856 0.967757
vt 0.506904 0.960893
vt 0.510828 0.960798
vt 0.129958 0.935944
vt 0.131681 0.936626
vt 0.131766 0.938476
vt 0.130087 0.939202
vt 0.132405 0.941514
vt 0.133013 0.939795
vt 0.134870 0.939813
vt 0.135669 0.941480
vt 0.137968 0.939135
vt 0.136218 0.938520
vt 0.136233 0.936619
vt 0.137945 0.935870
vt 0.132266 0.933651
vt 0.133047 0.935321
vt 0.134872 0.935353
vt 0.135546 0.933654
vt 0.133745 0.937025
vt 0.133397 0.937326
vt 0.133430 0.937784
vt 0.133729 0.938130
vt 0.134187 0.938102
vt 0.134540 0.937803
vt 0.134507 0.937341
vt 0.134204 0.936992
vt 0.133967 0.937563
vt 0.131922 0.932704
vt 0.135950 0.932737
vt 0.129153 0.939566
vt 0.129035 0.935531
vt 0.136024 0.942425
vt 0.131983 0.942430
vt 0.138888 0.935504
vt 0.138888 0.939555
vt 0.169471 0.976815
vt 0.170209 0.975136
vt 0.172025 0.975037
vt 0.172760 0.976724
vt 0.175122 0.974374
vt 0.173340 0.973762
vt 0.173308 0.971833
vt 0.175039 0.971026
vt 0.172541 0.968859
vt 0.171869 0.970565
vt 0.170079 0.970708
vt 0.169325 0.969084
vt 0.167128 0.974583
vt 0.168828 0.973847
vt 0.168818 0.971971
vt 0.167129 0.971388
vt 0.170530 0.973094
vt 0.170841 0.973433
vt 0.171297 0.973388
vt 0.171637 0.973079
vt 0.171589 0.972617
vt 0.171274 0.972279
vt 0.170820 0.972328
vt 0.170486 0.972636
vt 0.171059 0.972857
vt 0.166196 0.974935
vt 0.166246 0.970987
vt 0.173123 0.977675
vt 0.169069 0.977739
vt 0.176078 0.970538
vt 0.176078 0.974807
vt 0.168942 0.968272
vt 0.172817 0.967886
vt 0.203500 0.942445
vt 0.202863 0.940728
vt 0.204114 0.939375
vt 0.205776 0.940124
vt 0.205715 0.936867
vt 0.204049 0.937576
vt 0.202792 0.936279
vt 0.203408 0.934537
vt 0.200109 0.934615
vt 0.200931 0.936258
vt 0.199607 0.937590
vt 0.197830 0.936986
vt 0.200238 0.942471
vt 0.200996 0.940779
vt 0.199592 0.939492
vt 0.197886 0.940227
vt 0.201658 0.939052
vt 0.202119 0.939074
vt 0.202412 0.938721
vt 0.202435 0.938266
vt 0.202089 0.937969
vt 0.201629 0.937938
vt 0.201329 0.938291
vt 0.201300 0.938755
vt 0.201871 0.938508
vt 0.199829 0.943385
vt 0.196958 0.940583
vt 0.206691 0.940536
vt 0.203852 0.943386
vt 0.203836 0.933600
vt 0.206657 0.936515
vt 0.196963 0.936648
vt 0.199659 0.933600
vt 0.112640 0.921150
vt 0.114265 0.920362
vt 0.115571 0.921671
vt 0.114967 0.923421
vt 0.118271 0.923384
vt 0.117446 0.921694
vt 0.118806 0.920321
vt 0.120603 0.921016
vt 0.120432 0.917685
vt 0.118709 0.918388
vt 0.117309 0.917153
vt 0.118025 0.915448
vt 0.112637 0.917928
vt 0.114297 0.918577
vt 0.115479 0.917245
vt 0.114823 0.915589
vt 0.115949 0.919219
vt 0.115926 0.919671
vt 0.116274 0.919968
vt 0.116736 0.919998
vt 0.117035 0.919638
vt 0.117055 0.919171
vt 0.116693 0.918883
vt 0.116236 0.918869
vt 0.116488 0.919427
vt 0.111737 0.917529
vt 0.114458 0.914683
vt 0.114552 0.924343
vt 0.111703 0.921499
vt 0.121561 0.921433
vt 0.118631 0.924343
vt 0.118342 0.914580
vt 0.121441 0.917213
vt 0.958234 0.927675
vt 0.918506 0.929993
vt 0.918154 0.927548
vt 0.958297 0.925164
vt 0.914155 0.930140
vt 0.881475 0.930395
vt 0.881268 0.927890
vt 0.914343 0.927676
vt 0.876920 0.930289
vt 0.830985 0.928030
vt 0.830898 0.925502
vt 0.877264 0.927759
vt 0.826728 0.927804
vt 0.768739 0.926838
vt 0.768911 0.924199
vt 0.826654 0.925215
vt 0.764262 0.926937
vt 0.732352 0.927480
vt 0.732440 0.924863
vt 0.764460 0.924286
vt 0.728105 0.927654
vt 0.726889 0.927473
vt 0.726848 0.925535
vt 0.728158 0.925195
vt 0.996337 0.926367
vt 0.994764 0.926661
vt 0.994617 0.924239
vt 0.996315 0.924621
vt 0.960208 0.923232
vt 0.960617 0.929503
vt 0.962568 0.924882
vt 0.962513 0.927447
vt 0.916194 0.925966
vt 0.916395 0.931983
vt 0.879288 0.926096
vt 0.879159 0.932377
vt 0.828965 0.923585
vt 0.828642 0.929849
vt 0.766548 0.922369
vt 0.766638 0.928920
vt 0.990603 0.926633
vt 0.990428 0.924071
vt 0.992684 0.922364
vt 0.992637 0.928616
vt 0.730062 0.923197
vt 0.730345 0.929582
vt 0.831260 0.924070
vt 0.877051 0.926373
vt 0.879309 0.925045
vt 0.764134 0.922786
vt 0.766515 0.921197
vt 0.826413 0.929358
vt 0.769009 0.928499
vt 0.727538 0.923803
vt 0.729958 0.922001
vt 0.962843 0.928985
vt 0.960713 0.930777
vt 0.769161 0.922640
vt 0.826477 0.923747
vt 0.881692 0.932060
vt 0.879132 0.933746
vt 0.960120 0.922109
vt 0.962736 0.923362
vt 0.766670 0.930253
vt 0.764083 0.928619
vt 0.732670 0.929121
vt 0.881543 0.926464
vt 0.730371 0.930924
vt 0.732630 0.923361
vt 0.916438 0.933284
vt 0.913980 0.931718
vt 0.997366 0.927316
vt 0.995154 0.928176
vt 0.828562 0.931117
vt 0.992656 0.929924
vt 0.990355 0.928247
vt 0.995156 0.922859
vt 0.997477 0.923920
vt 0.914067 0.926348
vt 0.916160 0.924965
vt 0.727746 0.929215
vt 0.725749 0.928498
vt 0.829039 0.922469
vt 0.990185 0.922620
vt 0.992740 0.921197
vt 0.725529 0.924870
vt 0.958133 0.929338
vt 0.918787 0.931556
vt 0.831098 0.929653
vt 0.918342 0.926206
vt 0.957918 0.923747
vt 0.876633 0.931961
vt 0.216026 0.974516
vt 0.217728 0.973784
vt 0.219134 0.975050
vt 0.218399 0.976750
vt 0.221698 0.976653
vt 0.220962 0.974962
vt 0.222285 0.973644
vt 0.224044 0.974337
vt 0.223879 0.971041
vt 0.222184 0.971741
vt 0.220811 0.970548
vt 0.221454 0.968832
vt 0.216055 0.971261
vt 0.217758 0.971926
vt 0.218979 0.970543
vt 0.218245 0.968886
vt 0.219443 0.972575
vt 0.219423 0.973033
vt 0.219780 0.973324
vt 0.220239 0.973342
vt 0.220530 0.972984
vt 0.220545 0.972522
vt 0.220188 0.972237
vt 0.219732 0.972221
vt 0.219985 0.972780
vt 0.215147 0.970858
vt 0.217886 0.967968
vt 0.217999 0.977678
vt 0.215079 0.974870
vt 0.224993 0.974758
vt 0.222057 0.977600
vt 0.221778 0.967968
vt 0.224882 0.970567
vt 0.148532 0.904859
vt 0.149288 0.903189
vt 0.151100 0.903114
vt 0.151811 0.904801
vt 0.154176 0.902487
vt 0.152421 0.901869
vt 0.152419 0.899993
vt 0.154089 0.899151
vt 0.151641 0.896914
vt 0.151094 0.898667
vt 0.149243 0.898692
vt 0.148418 0.897061
vt 0.146207 0.902605
vt 0.147920 0.901881
vt 0.147933 0.899990
vt 0.146223 0.899391
vt 0.149639 0.901149
vt 0.149945 0.901495
vt 0.150401 0.901458
vt 0.150745 0.901158
vt 0.150712 0.900699
vt 0.150409 0.900351
vt 0.149950 0.900385
vt 0.149603 0.900688
vt 0.150175 0.900923
vt 0.145271 0.902951
vt 0.145335 0.898988
vt 0.152163 0.905751
vt 0.148122 0.905777
vt 0.155125 0.898679
vt 0.155125 0.902922
vt 0.148041 0.896240
vt 0.151941 0.895947
vt 0.243820 0.899287
vt 0.245519 0.900043
vt 0.245634 0.901894
vt 0.243951 0.902580
vt 0.246339 0.904782
vt 0.246976 0.903092
vt 0.248772 0.903086
vt 0.249551 0.904721
vt 0.251843 0.902461
vt 0.250118 0.901770
vt 0.250031 0.899867
vt 0.251773 0.899199
vt 0.246128 0.896925
vt 0.246790 0.898669
vt 0.248659 0.898582
vt 0.249426 0.896894
vt 0.247567 0.900347
vt 0.247231 0.900663
vt 0.247283 0.901118
vt 0.247595 0.901450
vt 0.248048 0.901407
vt 0.248390 0.901097
vt 0.248342 0.900635
vt 0.248027 0.900296
vt 0.247811 0.900877
vt 0.245769 0.895970
vt 0.249846 0.895970
vt 0.242950 0.903043
vt 0.242873 0.898872
vt 0.249891 0.905641
vt 0.246015 0.905640
vt 0.252716 0.898839
vt 0.252756 0.902879
vt 0.377839 0.955542
vt 0.376171 0.954858
vt 0.376211 0.953045
vt 0.377889 0.952280
vt 0.375624 0.949930
vt 0.374906 0.951666
vt 0.372992 0.951733
vt 0.372338 0.949977
vt 0.370015 0.952312
vt 0.371692 0.953093
vt 0.371757 0.954957
vt 0.370022 0.955593
vt 0.375580 0.957874
vt 0.374942 0.956171
vt 0.373103 0.956239
vt 0.372333 0.957899
vt 0.374205 0.954505
vt 0.374544 0.954200
vt 0.374509 0.953743
vt 0.374203 0.953395
vt 0.373740 0.953436
vt 0.373395 0.953747
vt 0.373439 0.954207
vt 0.373749 0.954547
vt 0.373973 0.953973
vt 0.375932 0.958811
vt 0.371911 0.958811
vt 0.378840 0.951950
vt 0.378744 0.955961
vt 0.371983 0.949027
vt 0.376056 0.949010
vt 0.369074 0.955939
vt 0.369096 0.951886
vt 0.145193 0.917901
vt 0.146982 0.918595
vt 0.147104 0.920526
vt 0.145373 0.921239
vt 0.147777 0.923480
vt 0.148495 0.921784
vt 0.150317 0.921671
vt 0.150979 0.923329
vt 0.153164 0.920997
vt 0.151511 0.920350
vt 0.151528 0.918564
vt 0.153160 0.917780
vt 0.147540 0.915540
vt 0.148361 0.917243
vt 0.150244 0.917244
vt 0.150843 0.915501
vt 0.149088 0.918963
vt 0.148739 0.919274
vt 0.148789 0.919738
vt 0.149104 0.920076
vt 0.149559 0.920027
vt 0.149892 0.919719
vt 0.149853 0.919267
vt 0.149549 0.918924
vt 0.149322 0.919499
vt 0.147181 0.914580
vt 0.151261 0.914580
vt 0.144364 0.921710
vt 0.144232 0.917481
vt 0.151345 0.924233
vt 0.147461 0.924349
vt 0.154096 0.917433
vt 0.154062 0.921395
vt 0.214230 0.994763
vt 0.213431 0.993082
vt 0.214772 0.991771
vt 0.216521 0.992372
vt 0.216478 0.989081
vt 0.214811 0.989904
vt 0.213502 0.988587
vt 0.214110 0.986847
vt 0.210838 0.986926
vt 0.211642 0.988556
vt 0.210321 0.989854
vt 0.208580 0.989256
vt 0.210945 0.994760
vt 0.211571 0.993027
vt 0.210285 0.991695
vt 0.208650 0.992473
vt 0.212309 0.991344
vt 0.212769 0.991385
vt 0.213077 0.991041
vt 0.213117 0.990581
vt 0.212773 0.990275
vt 0.212314 0.990235
vt 0.212007 0.990579
vt 0.211968 0.991036
vt 0.212541 0.990810
vt 0.210520 0.995673
vt 0.207728 0.992818
vt 0.217556 0.992777
vt 0.214591 0.995729
vt 0.214516 0.985924
vt 0.217333 0.988704
vt 0.207722 0.988922
vt 0.210397 0.985924
vt 0.265590 0.904753
vt 0.264918 0.903082
vt 0.266247 0.901846
vt 0.267971 0.902517
vt 0.268078 0.899238
vt 0.266325 0.899944
vt 0.264934 0.898627
vt 0.265720 0.896916
vt 0.262381 0.896998
vt 0.263088 0.898686
vt 0.261745 0.899970
vt 0.260016 0.899259
vt 0.262354 0.904754
vt 0.263121 0.903118
vt 0.261787 0.901850
vt 0.260081 0.902470
vt 0.263798 0.901429
vt 0.264253 0.901459
vt 0.264556 0.901115
vt 0.264593 0.900652
vt 0.264240 0.900349
vt 0.263778 0.900319
vt 0.263477 0.900671
vt 0.263448 0.901132
vt 0.264018 0.900891
vt 0.261932 0.905653
vt 0.259160 0.902811
vt 0.268874 0.902972
vt 0.265918 0.905694
vt 0.266146 0.895970
vt 0.269047 0.898901
vt 0.259160 0.898907
vt 0.261957 0.895982
vt 0.960747 0.914168
vt 0.918585 0.913842
vt 0.918360 0.911155
vt 0.960634 0.911502
vt 0.914042 0.913787
vt 0.877897 0.914582
vt 0.877607 0.911976
vt 0.913841 0.911107
vt 0.873272 0.914565
vt 0.822928 0.913521
vt 0.822763 0.911072
vt 0.873538 0.912009
vt 0.818825 0.913436
vt 0.762474 0.914008
vt 0.762564 0.911578
vt 0.818684 0.910975
vt 0.758404 0.914205
vt 0.732014 0.915180
vt 0.732047 0.912796
vt 0.758534 0.911786
vt 0.728161 0.915405
vt 0.727072 0.915250
vt 0.726994 0.913542
vt 0.728158 0.913190
vt 0.997084 0.914350
vt 0.995139 0.914670
vt 0.995309 0.911975
vt 0.996991 0.912419
vt 0.962998 0.909763
vt 0.962811 0.916305
vt 0.965039 0.911664
vt 0.965220 0.914330
vt 0.916223 0.909228
vt 0.916192 0.915879
vt 0.875581 0.910230
vt 0.875587 0.916619
vt 0.820883 0.909316
vt 0.820710 0.915341
vt 0.760396 0.910003
vt 0.760604 0.915965
vt 0.990468 0.914696
vt 0.990754 0.911919
vt 0.993013 0.909969
vt 0.992976 0.916876
vt 0.729847 0.911325
vt 0.730224 0.917128
vt 0.823069 0.909729
vt 0.873281 0.910561
vt 0.875580 0.909159
vt 0.758212 0.910427
vt 0.760344 0.908945
vt 0.818562 0.914919
vt 0.762761 0.915530
vt 0.727534 0.911940
vt 0.729726 0.910230
vt 0.965386 0.916040
vt 0.962756 0.917644
vt 0.762749 0.910195
vt 0.818470 0.909529
vt 0.878140 0.916251
vt 0.875586 0.918002
vt 0.963047 0.908614
vt 0.965359 0.910204
vt 0.760661 0.917181
vt 0.758272 0.915739
vt 0.732333 0.916668
vt 0.877855 0.910560
vt 0.730268 0.918354
vt 0.732193 0.911424
vt 0.916171 0.917232
vt 0.913782 0.915472
vt 0.998230 0.915432
vt 0.995644 0.916358
vt 0.820661 0.916562
vt 0.993019 0.918354
vt 0.990222 0.916518
vt 0.995839 0.910467
vt 0.998256 0.911662
vt 0.913572 0.909527
vt 0.916245 0.908038
vt 0.727840 0.916827
vt 0.726133 0.916207
vt 0.820928 0.908244
vt 0.990449 0.910330
vt 0.993047 0.908702
vt 0.725843 0.912954
vt 0.960439 0.915839
vt 0.918784 0.915549
vt 0.823077 0.915099
vt 0.918677 0.909629
vt 0.960427 0.909987
vt 0.873025 0.916249
vt 0.390692 0.899301
vt 0.392445 0.900033
vt 0.392523 0.901957
vt 0.390776 0.902627
vt 0.393133 0.904935
vt 0.393886 0.903245
vt 0.395695 0.903151
vt 0.396402 0.904836
vt 0.398731 0.902555
vt 0.397035 0.901873
vt 0.396955 0.900001
vt 0.398662 0.899332
vt 0.393076 0.897048
vt 0.393832 0.898732
vt 0.395640 0.898778
vt 0.396321 0.897128
vt 0.394524 0.900433
vt 0.394176 0.900738
vt 0.394218 0.901200
vt 0.394528 0.901541
vt 0.394982 0.901500
vt 0.395323 0.901195
vt 0.395283 0.900738
vt 0.394979 0.900399
vt 0.394752 0.900968
vt 0.392755 0.896095
vt 0.396731 0.896241
vt 0.389753 0.903072
vt 0.389753 0.898856
vt 0.396753 0.905777
vt 0.392794 0.905808
vt 0.399501 0.898958
vt 0.399751 0.902969
vt 0.259228 0.921065
vt 0.260874 0.920343
vt 0.262139 0.921628
vt 0.261536 0.923357
vt 0.264824 0.923327
vt 0.264000 0.921646
vt 0.265352 0.920274
vt 0.267144 0.920960
vt 0.266954 0.917641
vt 0.265250 0.918351
vt 0.263870 0.917153
vt 0.264515 0.915431
vt 0.259117 0.917830
vt 0.260787 0.918544
vt 0.262031 0.917150
vt 0.261300 0.915483
vt 0.262495 0.919183
vt 0.262476 0.919639
vt 0.262826 0.919932
vt 0.263286 0.919959
vt 0.263582 0.919599
vt 0.263601 0.919134
vt 0.263242 0.918846
vt 0.262785 0.918828
vt 0.263037 0.919390
vt 0.258204 0.917441
vt 0.260943 0.914565
vt 0.261117 0.924275
vt 0.258300 0.921424
vt 0.268103 0.921373
vt 0.265184 0.924284
vt 0.264837 0.914565
vt 0.267957 0.917161
vt 0.292692 0.902561
vt 0.294400 0.901819
vt 0.295805 0.903091
vt 0.295072 0.904790
vt 0.298360 0.904683
vt 0.297626 0.903007
vt 0.298926 0.901719
vt 0.300696 0.902335
vt 0.300624 0.899027
vt 0.298928 0.899807
vt 0.297505 0.898555
vt 0.298203 0.896843
vt 0.292702 0.899322
vt 0.294423 0.899933
vt 0.295705 0.898660
vt 0.294981 0.897032
vt 0.296123 0.900614
vt 0.296098 0.901074
vt 0.296455 0.901367
vt 0.296914 0.901387
vt 0.297208 0.901034
vt 0.297232 0.900571
vt 0.296872 0.900280
vt 0.296415 0.900263
vt 0.296665 0.900824
vt 0.291799 0.898902
vt 0.294620 0.896124
vt 0.294674 0.905718
vt 0.291747 0.902919
vt 0.301641 0.902762
vt 0.298726 0.905629
vt 0.298509 0.895970
vt 0.301641 0.898560
vt 0.177742 0.921036
vt 0.179495 0.920421
vt 0.180826 0.921675
vt 0.180119 0.923356
vt 0.183419 0.923442
vt 0.182645 0.921755
vt 0.184006 0.920444
vt 0.185727 0.921162
vt 0.185641 0.917882
vt 0.183960 0.918578
vt 0.182697 0.917230
vt 0.183406 0.915520
vt 0.177788 0.917767
vt 0.179491 0.918524
vt 0.180857 0.917266
vt 0.180188 0.915582
vt 0.181212 0.919254
vt 0.181177 0.919715
vt 0.181523 0.920017
vt 0.181980 0.920055
vt 0.182287 0.919709
vt 0.182324 0.919247
vt 0.181977 0.918942
vt 0.181517 0.918906
vt 0.181750 0.919481
vt 0.176887 0.917311
vt 0.179865 0.914656
vt 0.179692 0.924376
vt 0.176772 0.921384
vt 0.186645 0.921588
vt 0.183766 0.924311
vt 0.183759 0.914670
vt 0.186645 0.917466
vt 0.048847 0.939242
vt 0.050488 0.938535
vt 0.051739 0.939821
vt 0.051128 0.941538
vt 0.054399 0.941519
vt 0.053587 0.939852
vt 0.054922 0.938516
vt 0.056720 0.939139
vt 0.056648 0.935801
vt 0.054931 0.936582
vt 0.053498 0.935309
vt 0.054223 0.933578
vt 0.048766 0.936026
vt 0.050412 0.936751
vt 0.051640 0.935394
vt 0.050987 0.933709
vt 0.052108 0.937388
vt 0.052088 0.937841
vt 0.052434 0.938136
vt 0.052892 0.938165
vt 0.053192 0.937812
vt 0.053219 0.937345
vt 0.052857 0.937051
vt 0.052397 0.937033
vt 0.052648 0.937596
vt 0.047860 0.935627
vt 0.050627 0.932796
vt 0.050706 0.942449
vt 0.047920 0.939593
vt 0.057672 0.939564
vt 0.054758 0.942475
vt 0.054540 0.932704
vt 0.057672 0.935336
vt 0.391772 0.957856
vt 0.390962 0.956208
vt 0.392280 0.954870
vt 0.394082 0.955481
vt 0.393997 0.952133
vt 0.392274 0.952935
vt 0.390817 0.951676
vt 0.391527 0.949912
vt 0.388258 0.950152
vt 0.388955 0.951804
vt 0.387786 0.953168
vt 0.386094 0.952542
vt 0.388509 0.957870
vt 0.389155 0.956183
vt 0.387787 0.954980
vt 0.386152 0.955710
vt 0.389799 0.954516
vt 0.390253 0.954538
vt 0.390548 0.954184
vt 0.390569 0.953719
vt 0.390204 0.953431
vt 0.389744 0.953422
vt 0.389463 0.953778
vt 0.389449 0.954230
vt 0.390004 0.953977
vt 0.388115 0.958778
vt 0.385244 0.956068
vt 0.395036 0.955904
vt 0.392129 0.958807
vt 0.391836 0.949010
vt 0.395027 0.951656
vt 0.385244 0.952226
vt 0.387787 0.949182
vt 0.227531 0.899136
vt 0.229269 0.899866
vt 0.229358 0.901783
vt 0.227614 0.902458
vt 0.229974 0.904768
vt 0.230730 0.903068
vt 0.232573 0.902975
vt 0.233227 0.904679
vt 0.235465 0.902295
vt 0.233793 0.901633
vt 0.233812 0.899793
vt 0.235516 0.899061
vt 0.229933 0.896894
vt 0.230630 0.898590
vt 0.232447 0.898513
vt 0.233193 0.896865
vt 0.231347 0.900248
vt 0.231005 0.900556
vt 0.231050 0.901018
vt 0.231362 0.901358
vt 0.231820 0.901311
vt 0.232157 0.901001
vt 0.232113 0.900544
vt 0.231803 0.900205
vt 0.231582 0.900780
vt 0.229598 0.895947
vt 0.233595 0.895967
vt 0.226591 0.902905
vt 0.226591 0.898690
vt 0.233593 0.905616
vt 0.229635 0.905641
vt 0.236361 0.898702
vt 0.236470 0.902699
vt 0.959444 0.978083
vt 0.919952 0.975728
vt 0.920225 0.973142
vt 0.959500 0.975449
vt 0.915598 0.975640
vt 0.881474 0.974444
vt 0.881344 0.971911
vt 0.915913 0.973072
vt 0.877193 0.974305
vt 0.829627 0.973814
vt 0.829755 0.971283
vt 0.877101 0.971740
vt 0.825641 0.974002
vt 0.773760 0.978560
vt 0.773657 0.976055
vt 0.825316 0.971482
vt 0.769591 0.979086
vt 0.731413 0.983497
vt 0.731243 0.981045
vt 0.769532 0.976592
vt 0.727672 0.984126
vt 0.726496 0.984181
vt 0.726040 0.982419
vt 0.727152 0.981876
vt 0.995360 0.983487
vt 0.993902 0.983513
vt 0.994451 0.980969
vt 0.995605 0.981499
vt 0.962014 0.973850
vt 0.961258 0.980236
vt 0.964084 0.975946
vt 0.963529 0.978547
vt 0.918030 0.971306
vt 0.917814 0.977678
vt 0.879425 0.970061
vt 0.879116 0.976330
vt 0.827486 0.969596
vt 0.827685 0.975800
vt 0.771303 0.974610
vt 0.771995 0.980722
vt 0.989350 0.982844
vt 0.990055 0.980187
vt 0.992550 0.978639
vt 0.991464 0.985349
vt 0.728837 0.979719
vt 0.729769 0.985632
vt 0.829982 0.969838
vt 0.876910 0.970231
vt 0.879493 0.968949
vt 0.769092 0.975221
vt 0.771164 0.973527
vt 0.825497 0.975535
vt 0.774177 0.980102
vt 0.726355 0.980636
vt 0.728595 0.978560
vt 0.963539 0.980158
vt 0.961115 0.981450
vt 0.773736 0.974619
vt 0.824973 0.970004
vt 0.881608 0.976125
vt 0.879040 0.977608
vt 0.962153 0.972646
vt 0.964545 0.974483
vt 0.772150 0.981967
vt 0.769577 0.980676
vt 0.731850 0.984990
vt 0.881682 0.970531
vt 0.729926 0.986805
vt 0.731286 0.979615
vt 0.917785 0.978977
vt 0.915344 0.977265
vt 0.996337 0.984747
vt 0.994175 0.985237
vt 0.827723 0.976990
vt 0.991286 0.986805
vt 0.988831 0.984584
vt 0.995254 0.979598
vt 0.997000 0.980970
vt 0.915670 0.971598
vt 0.918051 0.970175
vt 0.727552 0.985566
vt 0.725670 0.985316
vt 0.827447 0.968430
vt 0.989999 0.978595
vt 0.992788 0.977403
vt 0.724681 0.982074
vt 0.959065 0.979630
vt 0.920145 0.977373
vt 0.829882 0.975393
vt 0.920522 0.971682
vt 0.959374 0.973883
vt 0.876886 0.975844
vt 0.083576 0.933659
vt 0.084339 0.935334
vt 0.082966 0.936658
vt 0.081224 0.935930
vt 0.081254 0.939209
vt 0.082999 0.938571
vt 0.084354 0.939847
vt 0.083586 0.941513
vt 0.086859 0.941483
vt 0.086170 0.939797
vt 0.087513 0.938523
vt 0.089224 0.939248
vt 0.086852 0.933723
vt 0.086153 0.935402
vt 0.087480 0.936636
vt 0.089198 0.936002
vt 0.085468 0.937061
vt 0.085011 0.937028
vt 0.084706 0.937378
vt 0.084675 0.937843
vt 0.085028 0.938141
vt 0.085487 0.938169
vt 0.085786 0.937819
vt 0.085815 0.937359
vt 0.085247 0.937600
vt 0.087276 0.932815
vt 0.090140 0.935649
vt 0.080305 0.935495
vt 0.083247 0.932704
vt 0.083166 0.942429
vt 0.080305 0.939562
vt 0.090133 0.939684
vt 0.087195 0.942426
vt 0.226545 0.917807
vt 0.228295 0.918495
vt 0.228391 0.920404
vt 0.226649 0.921098
vt 0.229086 0.923381
vt 0.229759 0.921640
vt 0.231626 0.921626
vt 0.232414 0.923317
vt 0.234545 0.920823
vt 0.232839 0.920225
vt 0.232810 0.918435
vt 0.234411 0.917615
vt 0.228857 0.915501
vt 0.229660 0.917165
vt 0.231515 0.917157
vt 0.232084 0.915457
vt 0.230381 0.918863
vt 0.230035 0.919172
vt 0.230081 0.919635
vt 0.230394 0.919976
vt 0.230853 0.919929
vt 0.231191 0.919617
vt 0.231147 0.919163
vt 0.230840 0.918823
vt 0.230615 0.919397
vt 0.228508 0.914565
vt 0.232474 0.914565
vt 0.225698 0.921478
vt 0.225616 0.917390
vt 0.232900 0.924349
vt 0.228671 0.924336
vt 0.235225 0.917238
vt 0.235505 0.921107
vt 0.329420 0.955437
vt 0.327714 0.954771
vt 0.327717 0.952953
vt 0.329348 0.952138
vt 0.326986 0.949876
vt 0.326408 0.951637
vt 0.324521 0.951659
vt 0.323769 0.949977
vt 0.321569 0.952358
vt 0.323269 0.953030
vt 0.323248 0.954894
vt 0.321528 0.955617
vt 0.327158 0.957829
vt 0.326493 0.956111
vt 0.324634 0.956195
vt 0.323875 0.957887
vt 0.325735 0.954439
vt 0.326073 0.954129
vt 0.326034 0.953673
vt 0.325727 0.953329
vt 0.325265 0.953369
vt 0.324921 0.953679
vt 0.324963 0.954142
vt 0.325275 0.954486
vt 0.325499 0.953906
vt 0.327526 0.958777
vt 0.323463 0.958811
vt 0.330360 0.951689
vt 0.330360 0.955848
vt 0.323404 0.949059
vt 0.327315 0.949010
vt 0.320579 0.955964
vt 0.320661 0.951952
vt 0.196291 0.923353
vt 0.196972 0.921681
vt 0.198794 0.921715
vt 0.199576 0.923410
vt 0.201959 0.921098
vt 0.200176 0.920386
vt 0.200061 0.918458
vt 0.201803 0.917740
vt 0.199309 0.915524
vt 0.198676 0.917237
vt 0.196838 0.917254
vt 0.196091 0.915574
vt 0.193974 0.921098
vt 0.195657 0.920459
vt 0.195578 0.918629
vt 0.193937 0.917899
vt 0.197311 0.919712
vt 0.197619 0.920048
vt 0.198076 0.920009
vt 0.198423 0.919700
vt 0.198375 0.919236
vt 0.198060 0.918897
vt 0.197602 0.918944
vt 0.197264 0.919257
vt 0.197841 0.919475
vt 0.193049 0.921447
vt 0.193049 0.917508
vt 0.199912 0.924376
vt 0.195870 0.924259
vt 0.202835 0.917250
vt 0.202922 0.921533
vt 0.195723 0.914752
vt 0.199617 0.914565
vt 0.242875 0.921070
vt 0.244597 0.920316
vt 0.245995 0.921557
vt 0.245345 0.923274
vt 0.248645 0.923236
vt 0.247817 0.921584
vt 0.249119 0.920257
vt 0.250874 0.920859
vt 0.250798 0.917593
vt 0.249130 0.918359
vt 0.247751 0.917134
vt 0.248395 0.915427
vt 0.242886 0.917791
vt 0.244634 0.918415
vt 0.245953 0.917109
vt 0.245172 0.915488
vt 0.246338 0.919123
vt 0.246308 0.919582
vt 0.246658 0.919878
vt 0.247114 0.919906
vt 0.247412 0.919558
vt 0.247440 0.919098
vt 0.247091 0.918804
vt 0.246637 0.918776
vt 0.246875 0.919341
vt 0.241971 0.917366
vt 0.244826 0.914566
vt 0.244961 0.924308
vt 0.241909 0.921445
vt 0.251800 0.921264
vt 0.249024 0.924091
vt 0.248714 0.914565
vt 0.251800 0.917133
vt 0.493375 0.941578
vt 0.492726 0.939854
vt 0.493941 0.938490
vt 0.495646 0.939163
vt 0.495696 0.935879
vt 0.493973 0.936630
vt 0.492556 0.935365
vt 0.493307 0.933661
vt 0.490020 0.933745
vt 0.490681 0.935447
vt 0.489439 0.936822
vt 0.487751 0.936079
vt 0.490108 0.941583
vt 0.490873 0.939913
vt 0.489510 0.938663
vt 0.487815 0.939296
vt 0.491508 0.938192
vt 0.491966 0.938206
vt 0.492253 0.937851
vt 0.492271 0.937392
vt 0.491911 0.937102
vt 0.491450 0.937087
vt 0.491163 0.937447
vt 0.491149 0.937906
vt 0.491709 0.937648
vt 0.489685 0.942494
vt 0.486893 0.939640
vt 0.496668 0.939574
vt 0.493740 0.942539
vt 0.493710 0.932733
vt 0.496556 0.935508
vt 0.486893 0.935744
vt 0.489578 0.932740
vt 0.210404 0.921103
vt 0.212110 0.920419
vt 0.213475 0.921634
vt 0.212805 0.923352
vt 0.216039 0.923351
vt 0.215320 0.921659
vt 0.216583 0.920263
vt 0.218277 0.921002
vt 0.218136 0.917719
vt 0.216492 0.918447
vt 0.215226 0.917164
vt 0.215819 0.915426
vt 0.210266 0.917807
vt 0.212031 0.918505
vt 0.213381 0.917154
vt 0.212579 0.915497
vt 0.213785 0.919189
vt 0.213763 0.919654
vt 0.214119 0.919944
vt 0.214577 0.919966
vt 0.214869 0.919611
vt 0.214891 0.919154
vt 0.214541 0.918860
vt 0.214082 0.918833
vt 0.214328 0.919401
vt 0.209326 0.917387
vt 0.212231 0.914565
vt 0.212468 0.924215
vt 0.209397 0.921565
vt 0.219212 0.921405
vt 0.216387 0.924284
vt 0.216158 0.914565
vt 0.219134 0.917274
vt 0.428042 0.595509
vt 0.430785 0.604232
vt 0.428529 0.604942
vt 0.425785 0.596219
vt 0.432555 0.594090
vt 0.435299 0.602812
vt 0.433042 0.603522
vt 0.430298 0.594800
vt 0.434812 0.593380
vt 0.437555 0.602102
vt 0.439325 0.591960
vt 0.442069 0.600683
vt 0.439812 0.601392
vt 0.437068 0.592670
vt 0.443838 0.590540
vt 0.446582 0.599263
vt 0.444325 0.599972
vt 0.441582 0.591250
vt 0.450763 0.694807
vt 0.451989 0.692783
vt 0.453819 0.695275
vt 0.451327 0.697106
vt 0.455649 0.697767
vt 0.453351 0.698331
vt 0.454287 0.692219
vt 0.456311 0.693445
vt 0.456876 0.695743
vt 0.448296 0.604711
vt 0.446039 0.605421
vt 0.443942 0.604327
vt 0.446311 0.602342
vt 0.443232 0.602070
vt 0.449390 0.602613
vt 0.448680 0.600357
vt 0.452106 0.683336
vt 0.454404 0.682772
vt 0.456585 0.691655
vt 0.490259 0.642834
vt 0.490200 0.643370
vt 0.487765 0.642036
vt 0.488186 0.641698
vt 0.458883 0.691090
vt 0.456702 0.682207
vt 0.459000 0.681643
vt 0.461182 0.690526
vt 0.454946 0.653146
vt 0.455284 0.653566
vt 0.452619 0.654345
vt 0.452678 0.653809
vt 0.465778 0.689397
vt 0.463597 0.680514
vt 0.465895 0.679950
vt 0.468076 0.688833
vt 0.487523 0.639429
vt 0.486987 0.639371
vt 0.488321 0.636936
vt 0.488659 0.637357
vt 0.449808 0.683900
vt 0.456082 0.651073
vt 0.456618 0.651132
vt 0.461298 0.681078
vt 0.463480 0.689961
vt 0.453347 0.647668
vt 0.453405 0.647132
vt 0.455840 0.648466
vt 0.455420 0.648804
vt 0.468193 0.679385
vt 0.470374 0.688268
vt 0.490928 0.636694
vt 0.490986 0.636158
vt 0.493421 0.637492
vt 0.493001 0.637830
vt 0.488544 0.644701
vt 0.457397 0.653797
vt 0.451949 0.635141
vt 0.483096 0.626045
vt 0.483874 0.628710
vt 0.452727 0.637806
vt 0.454284 0.643136
vt 0.485431 0.634041
vt 0.486209 0.636706
vt 0.455062 0.645801
vt 0.484652 0.631376
vt 0.453505 0.640471
vt 0.492528 0.642171
vt 0.492865 0.642592
vt 0.450184 0.653011
vt 0.450605 0.652673
vt 0.449406 0.650345
vt 0.449942 0.650404
vt 0.493664 0.640099
vt 0.494200 0.640157
vt 0.451078 0.648331
vt 0.450740 0.647910
vt 0.430222 0.769521
vt 0.425987 0.765370
vt 0.427231 0.762377
vt 0.431776 0.766307
vt 0.395608 0.772824
vt 0.346876 0.768023
vt 0.348486 0.764986
vt 0.397450 0.768417
vt 0.396953 0.777782
vt 0.431784 0.773615
vt 0.430295 0.778023
vt 0.478326 0.766263
vt 0.476579 0.768481
vt 0.455861 0.655542
vt 0.453201 0.656339
vt 0.489121 0.646677
vt 0.457974 0.655773
vt 0.493448 0.644586
vt 0.490777 0.645346
vt 0.451367 0.633147
vt 0.482513 0.624051
vt 0.457807 0.658549
vt 0.455682 0.659972
vt 0.487076 0.649617
vt 0.461279 0.657151
vt 0.493313 0.648983
vt 0.490756 0.648927
vt 0.453087 0.629098
vt 0.478884 0.621564
vt 0.401020 0.765609
vt 0.400151 0.763244
vt 0.396503 0.765264
vt 0.427111 0.781628
vt 0.431667 0.780919
vt 0.428624 0.783163
vt 0.399940 0.781821
vt 0.398232 0.783203
vt 0.395307 0.780461
vt 0.347979 0.771519
vt 0.345285 0.773552
vt 0.343713 0.767623
vt 0.476387 0.774817
vt 0.477599 0.771425
vt 0.481018 0.770950
vt 0.479093 0.777073
vt 0.346126 0.762377
vt 0.219638 0.942445
vt 0.219001 0.940728
vt 0.220252 0.939375
vt 0.221913 0.940124
vt 0.221852 0.936867
vt 0.220186 0.937576
vt 0.218929 0.936279
vt 0.219546 0.934537
vt 0.216246 0.934615
vt 0.217069 0.936258
vt 0.215745 0.937590
vt 0.213967 0.936986
vt 0.216375 0.942471
vt 0.217133 0.940779
vt 0.215730 0.939492
vt 0.214023 0.940228
vt 0.217795 0.939052
vt 0.218256 0.939074
vt 0.218549 0.938721
vt 0.218573 0.938266
vt 0.218226 0.937969
vt 0.217767 0.937938
vt 0.217466 0.938291
vt 0.217438 0.938755
vt 0.218009 0.938508
vt 0.215966 0.943385
vt 0.213095 0.940583
vt 0.222829 0.940536
vt 0.219989 0.943386
vt 0.219974 0.933601
vt 0.222795 0.936515
vt 0.213100 0.936648
vt 0.215797 0.933601
vt 0.048809 0.902557
vt 0.050443 0.901775
vt 0.051738 0.903094
vt 0.051127 0.904833
vt 0.054409 0.904799
vt 0.053597 0.903132
vt 0.054927 0.901813
vt 0.056705 0.902419
vt 0.056584 0.899096
vt 0.054941 0.899933
vt 0.053606 0.898616
vt 0.054193 0.896842
vt 0.048806 0.899312
vt 0.050490 0.899972
vt 0.051720 0.898606
vt 0.050976 0.896937
vt 0.052149 0.900648
vt 0.052117 0.901102
vt 0.052460 0.901405
vt 0.052919 0.901442
vt 0.053223 0.901095
vt 0.053257 0.900633
vt 0.052907 0.900331
vt 0.052447 0.900301
vt 0.052685 0.900870
vt 0.047899 0.898918
vt 0.050610 0.896022
vt 0.050710 0.905752
vt 0.047870 0.902904
vt 0.057657 0.902833
vt 0.054771 0.905752
vt 0.054520 0.895975
vt 0.057596 0.898635
vt 0.199692 0.971038
vt 0.201401 0.971748
vt 0.201478 0.973642
vt 0.199735 0.974308
vt 0.202134 0.976629
vt 0.202832 0.974890
vt 0.204717 0.974894
vt 0.205484 0.976628
vt 0.207707 0.974175
vt 0.205997 0.973468
vt 0.205879 0.971625
vt 0.207567 0.970946
vt 0.202044 0.968820
vt 0.202740 0.970483
vt 0.204532 0.970393
vt 0.205254 0.968773
vt 0.203461 0.972120
vt 0.203123 0.972427
vt 0.203168 0.972886
vt 0.203479 0.973227
vt 0.203940 0.973179
vt 0.204280 0.972863
vt 0.204227 0.972406
vt 0.203913 0.972074
vt 0.203699 0.972648
vt 0.201711 0.967891
vt 0.205646 0.967886
vt 0.198780 0.974671
vt 0.198780 0.970603
vt 0.205949 0.977678
vt 0.201702 0.977578
vt 0.208387 0.970570
vt 0.208675 0.974475
vt 0.322358 0.991123
vt 0.320803 0.990449
vt 0.323151 0.988127
vt 0.323830 0.989796
vt 0.311827 0.995387
vt 0.312152 0.996188
vt 0.309183 0.996168
vt 0.309497 0.995410
vt 0.325804 0.989718
vt 0.326459 0.988148
vt 0.328800 0.990486
vt 0.327136 0.991176
vt 0.313521 0.993779
vt 0.314278 0.994105
vt 0.311870 0.989775
vt 0.312214 0.988961
vt 0.314326 0.991137
vt 0.313530 0.991437
vt 0.327227 0.993156
vt 0.328800 0.993787
vt 0.326522 0.996143
vt 0.325774 0.994541
vt 0.322395 0.993130
vt 0.320730 0.993725
vt 0.307095 0.994087
vt 0.307863 0.993746
vt 0.307067 0.991105
vt 0.307860 0.991406
vt 0.323818 0.994473
vt 0.323103 0.996188
vt 0.309519 0.989745
vt 0.309171 0.988961
vt 0.431215 0.722696
vt 0.427843 0.719582
vt 0.428394 0.716609
vt 0.432247 0.719521
vt 0.395581 0.726073
vt 0.353906 0.715205
vt 0.355311 0.712621
vt 0.397573 0.722296
vt 0.396354 0.730463
vt 0.433265 0.726870
vt 0.432351 0.731830
vt 0.477195 0.710256
vt 0.476065 0.712745
vt 0.441347 0.742612
vt 0.440725 0.740264
vt 0.442496 0.738567
vt 0.444294 0.740597
vt 0.386243 0.741351
vt 0.386947 0.739426
vt 0.383647 0.739465
vt 0.385298 0.737607
vt 0.441253 0.746860
vt 0.441203 0.749028
vt 0.386099 0.747768
vt 0.386149 0.745600
vt 0.430621 0.737805
vt 0.432801 0.736091
vt 0.398491 0.736663
vt 0.395994 0.734736
vt 0.427595 0.752272
vt 0.399544 0.751631
vt 0.400747 0.718624
vt 0.400054 0.715940
vt 0.396310 0.719087
vt 0.434654 0.733790
vt 0.394078 0.732376
vt 0.428948 0.756729
vt 0.397989 0.756021
vt 0.353956 0.718415
vt 0.351926 0.720152
vt 0.350757 0.714444
vt 0.477490 0.718875
vt 0.477547 0.715479
vt 0.480879 0.714677
vt 0.479645 0.720726
vt 0.354241 0.710256
vt 0.396349 0.742650
vt 0.431194 0.743421
vt 0.431147 0.745562
vt 0.396301 0.744790
vt 0.324793 0.992139
vt 0.310686 0.992586
vt 0.493621 0.705602
vt 0.503326 0.705602
vt 0.503326 0.708378
vt 0.493621 0.708378
vt 0.468752 0.794824
vt 0.467858 0.785159
vt 0.470623 0.784904
vt 0.471517 0.794568
vt 0.431214 0.742525
vt 0.396369 0.741753
vt 0.473388 0.784648
vt 0.474281 0.794312
vt 0.493621 0.713931
vt 0.503326 0.713931
vt 0.503326 0.716707
vt 0.493621 0.716707
vt 0.396281 0.745687
vt 0.431127 0.746459
vt 0.493621 0.711154
vt 0.503326 0.711154
vt 0.463223 0.795335
vt 0.462329 0.785671
vt 0.465094 0.785415
vt 0.465988 0.795079
vt 0.503327 0.719484
vt 0.493621 0.719484
vt 0.492010 0.832471
vt 0.482304 0.832471
vt 0.482304 0.829695
vt 0.492010 0.829695
vt 0.460458 0.795591
vt 0.459564 0.785927
vt 0.446182 0.831934
vt 0.455887 0.831934
vt 0.455887 0.834711
vt 0.446182 0.834711
vt 0.493621 0.700049
vt 0.503326 0.700049
vt 0.503326 0.702825
vt 0.493621 0.702825
vt 0.477046 0.794057
vt 0.476152 0.784392
vt 0.478917 0.784137
vt 0.479811 0.793801
vt 0.275743 0.936679
vt 0.276009 0.937555
vt 0.274559 0.939005
vt 0.273780 0.938642
vt 0.278520 0.936679
vt 0.278059 0.937555
vt 0.247566 0.938642
vt 0.248540 0.939005
vt 0.248540 0.941056
vt 0.247566 0.941419
vt 0.249530 0.936679
vt 0.249990 0.937555
vt 0.280483 0.941419
vt 0.279509 0.941056
vt 0.279509 0.939005
vt 0.280483 0.938642
vt 0.249530 0.943382
vt 0.249990 0.942505
vt 0.252041 0.942505
vt 0.252306 0.943382
vt 0.275743 0.943382
vt 0.276009 0.942505
vt 0.278059 0.942505
vt 0.278520 0.943382
vt 0.253490 0.941056
vt 0.254269 0.941419
vt 0.481525 0.832108
vt 0.481525 0.830058
vt 0.273780 0.941419
vt 0.274559 0.941056
vt 0.456666 0.832297
vt 0.456666 0.834347
vt 0.254269 0.938642
vt 0.253490 0.939005
vt 0.252040 0.937555
vt 0.252306 0.936679
vt 0.294875 0.957878
vt 0.294118 0.956202
vt 0.295334 0.954801
vt 0.297063 0.955452
vt 0.297039 0.952168
vt 0.295343 0.952938
vt 0.293924 0.951722
vt 0.294571 0.949964
vt 0.291259 0.950073
vt 0.292053 0.951735
vt 0.290856 0.953154
vt 0.289117 0.952536
vt 0.291631 0.957903
vt 0.292270 0.956195
vt 0.290874 0.954994
vt 0.289226 0.955752
vt 0.292897 0.954508
vt 0.293352 0.954523
vt 0.293637 0.954168
vt 0.293653 0.953712
vt 0.293296 0.953426
vt 0.292839 0.953412
vt 0.292555 0.953770
vt 0.292542 0.954224
vt 0.293096 0.953968
vt 0.291243 0.958816
vt 0.288314 0.956126
vt 0.297989 0.955848
vt 0.295246 0.958816
vt 0.294965 0.949010
vt 0.297991 0.951789
vt 0.288245 0.952230
vt 0.290778 0.949064
vt 0.246719 0.994780
vt 0.246038 0.993112
vt 0.247354 0.991880
vt 0.249062 0.992523
vt 0.249101 0.989255
vt 0.247419 0.990027
vt 0.246104 0.988650
vt 0.246818 0.986917
vt 0.243534 0.986979
vt 0.244232 0.988690
vt 0.242868 0.989971
vt 0.241146 0.989232
vt 0.243465 0.994807
vt 0.244236 0.993152
vt 0.242892 0.991875
vt 0.241151 0.992501
vt 0.244919 0.991457
vt 0.245375 0.991488
vt 0.245679 0.991146
vt 0.245719 0.990687
vt 0.245371 0.990378
vt 0.244907 0.990341
vt 0.244601 0.990692
vt 0.244568 0.991156
vt 0.245142 0.990918
vt 0.243042 0.995720
vt 0.240203 0.992846
vt 0.249968 0.992961
vt 0.247057 0.995720
vt 0.247246 0.985997
vt 0.250054 0.988921
vt 0.240233 0.988790
vt 0.243192 0.986032
vt 0.309050 0.899166
vt 0.310759 0.899799
vt 0.310722 0.901705
vt 0.308956 0.902437
vt 0.311305 0.904740
vt 0.312104 0.903035
vt 0.313996 0.902960
vt 0.314658 0.904717
vt 0.316960 0.902318
vt 0.315269 0.901586
vt 0.315157 0.899786
vt 0.316799 0.899065
vt 0.311395 0.896896
vt 0.312087 0.898560
vt 0.313902 0.898477
vt 0.314575 0.896801
vt 0.312771 0.900211
vt 0.312426 0.900510
vt 0.312462 0.900972
vt 0.312771 0.901320
vt 0.313232 0.901274
vt 0.313570 0.900963
vt 0.313526 0.900511
vt 0.313222 0.900175
vt 0.312997 0.900742
vt 0.311053 0.895970
vt 0.314909 0.895970
vt 0.308085 0.902791
vt 0.308045 0.898728
vt 0.315108 0.905765
vt 0.310874 0.905674
vt 0.317676 0.898634
vt 0.317940 0.902635
vt 0.256673 0.971424
vt 0.254879 0.971997
vt 0.253539 0.970665
vt 0.254372 0.968990
vt 0.251049 0.968885
vt 0.251663 0.970658
vt 0.250411 0.971986
vt 0.248733 0.971263
vt 0.248632 0.974526
vt 0.250326 0.973836
vt 0.251666 0.975127
vt 0.250890 0.976763
vt 0.256521 0.974700
vt 0.254843 0.973900
vt 0.253460 0.975122
vt 0.254079 0.976794
vt 0.253138 0.973144
vt 0.253179 0.972682
vt 0.252830 0.972377
vt 0.252370 0.972344
vt 0.252069 0.972688
vt 0.252032 0.973144
vt 0.252375 0.973448
vt 0.252830 0.973485
vt 0.252603 0.972914
vt 0.257405 0.975180
vt 0.254370 0.977716
vt 0.254833 0.967962
vt 0.257660 0.971108
vt 0.247723 0.970829
vt 0.250690 0.967995
vt 0.250545 0.977589
vt 0.247723 0.974942
vt 0.240374 0.971295
vt 0.238652 0.971922
vt 0.237304 0.970677
vt 0.238012 0.968977
vt 0.234698 0.968850
vt 0.235432 0.970612
vt 0.234144 0.972033
vt 0.232436 0.971275
vt 0.232503 0.974578
vt 0.234214 0.973912
vt 0.235571 0.975147
vt 0.234833 0.976815
vt 0.240403 0.974511
vt 0.238691 0.973797
vt 0.237366 0.975068
vt 0.238054 0.976702
vt 0.236965 0.973113
vt 0.236988 0.972653
vt 0.236635 0.972360
vt 0.236175 0.972335
vt 0.235880 0.972693
vt 0.235860 0.973154
vt 0.236215 0.973444
vt 0.236671 0.973465
vt 0.236424 0.972902
vt 0.241247 0.974870
vt 0.238459 0.977678
vt 0.238446 0.967962
vt 0.241319 0.970947
vt 0.231397 0.970874
vt 0.234331 0.967962
vt 0.234502 0.977671
vt 0.231598 0.975027
vt 0.049980 0.915556
vt 0.050616 0.917257
vt 0.049400 0.918606
vt 0.047716 0.917927
vt 0.047634 0.921189
vt 0.049352 0.920457
vt 0.050747 0.921726
vt 0.049995 0.923413
vt 0.053297 0.923325
vt 0.052579 0.921647
vt 0.053911 0.920345
vt 0.055669 0.921050
vt 0.053211 0.915504
vt 0.052459 0.917194
vt 0.053833 0.918448
vt 0.055535 0.917789
vt 0.051823 0.918918
vt 0.051364 0.918902
vt 0.051075 0.919255
vt 0.051053 0.919713
vt 0.051409 0.920006
vt 0.051868 0.920027
vt 0.052162 0.919670
vt 0.052182 0.919207
vt 0.051617 0.919462
vt 0.053552 0.914645
vt 0.056526 0.917350
vt 0.046709 0.917512
vt 0.049623 0.914619
vt 0.049589 0.924337
vt 0.046776 0.921551
vt 0.056547 0.921403
vt 0.053723 0.924337
vt 0.365371 0.920944
vt 0.363678 0.920192
vt 0.363562 0.918342
vt 0.365248 0.917653
vt 0.362851 0.915436
vt 0.362213 0.917144
vt 0.360405 0.917160
vt 0.359601 0.915506
vt 0.357329 0.917853
vt 0.359067 0.918506
vt 0.359183 0.920406
vt 0.357452 0.921111
vt 0.363076 0.923287
vt 0.362416 0.921563
vt 0.360560 0.921660
vt 0.359821 0.923325
vt 0.361634 0.919898
vt 0.361968 0.919581
vt 0.361914 0.919125
vt 0.361600 0.918794
vt 0.361145 0.918841
vt 0.360805 0.919155
vt 0.360859 0.919616
vt 0.361176 0.919952
vt 0.361388 0.919370
vt 0.363432 0.924230
vt 0.359421 0.924230
vt 0.366253 0.917190
vt 0.366314 0.921359
vt 0.359241 0.914565
vt 0.363177 0.914568
vt 0.356610 0.921498
vt 0.356295 0.917460
vt 0.792903 0.841727
vt 0.792903 0.892145
vt 0.788676 0.892145
vt 0.788676 0.841726
vt 0.781462 0.848684
vt 0.781462 0.899102
vt 0.737795 0.899102
vt 0.737795 0.848684
vt 0.840798 0.841727
vt 0.840798 0.892145
vt 0.836570 0.892145
vt 0.836570 0.841727
vt 0.788762 0.840879
vt 0.788762 0.839354
vt 0.792903 0.838506
vt 0.836570 0.896373
vt 0.792903 0.896373
vt 0.781462 0.847158
vt 0.737795 0.847158
vt 0.737795 0.845633
vt 0.781462 0.845633
vt 0.840712 0.840879
vt 0.836570 0.838506
vt 0.840712 0.839354
vt 0.840712 0.834438
vt 0.836570 0.835286
vt 0.836570 0.832066
vt 0.840712 0.832913
vt 0.840712 0.837659
vt 0.840712 0.836133
vt 0.788762 0.837659
vt 0.788762 0.836133
vt 0.792903 0.835286
vt 0.792903 0.832066
vt 0.792903 0.806978
vt 0.836570 0.806978
vt 0.788762 0.834438
vt 0.788762 0.832913
vt 0.737795 0.844107
vt 0.781462 0.844108
vt 0.712758 0.881562
vt 0.712479 0.838798
vt 0.713718 0.836844
vt 0.713959 0.883433
vt 0.737795 0.820512
vt 0.781462 0.820512
vt 0.840557 0.830657
vt 0.840793 0.807063
vt 0.788917 0.830657
vt 0.788681 0.807063
vt 0.707056 0.836906
vt 0.691138 0.828962
vt 0.729939 0.828992
vt 0.708306 0.838737
vt 0.708620 0.881686
vt 0.707456 0.883494
vt 0.691356 0.891324
vt 0.688884 0.891399
vt 0.688666 0.828904
vt 0.729805 0.891324
vt 0.732410 0.828930
vt 0.732276 0.891395
vt 0.691099 0.826429
vt 0.729982 0.826459
vt 0.729846 0.893833
vt 0.691316 0.893833
vt 0.117863 0.984424
vt 0.134648 0.984999
vt 0.129469 0.993554
vt 0.115064 0.992710
vt 0.123919 0.958118
vt 0.137831 0.956468
vt 0.136290 0.964211
vt 0.122332 0.966738
vt 0.137026 0.973903
vt 0.120431 0.975647
vt 0.027308 0.969972
vt 0.023041 0.978195
vt 0.017825 0.976890
vt 0.021004 0.968355
vt 0.144512 0.958058
vt 0.142420 0.965738
vt 0.038317 0.978192
vt 0.036088 0.986445
vt 0.020439 0.988285
vt 0.051950 0.977809
vt 0.049779 0.985548
vt 0.065146 0.977576
vt 0.062962 0.985065
vt 0.078313 0.977345
vt 0.076089 0.984865
vt 0.091758 0.976988
vt 0.089478 0.984782
vt 0.105706 0.976425
vt 0.103335 0.984650
vt 0.040776 0.970258
vt 0.054200 0.970266
vt 0.067337 0.970090
vt 0.080483 0.969651
vt 0.093929 0.968916
vt 0.107861 0.967946
vt 0.029519 0.962393
vt 0.043232 0.962597
vt 0.056561 0.962679
vt 0.069573 0.962430
vt 0.082578 0.961773
vt 0.095903 0.960778
vt 0.109708 0.959587
vt 0.034508 0.994782
vt 0.020684 0.997842
vt 0.047762 0.993454
vt 0.060749 0.992729
vt 0.073754 0.992451
vt 0.087077 0.992477
vt 0.100875 0.992590
vt 0.139982 0.986235
vt 0.142406 0.975242
vt 0.147502 0.976658
vt 0.145269 0.986935
vt 0.135866 0.995083
vt 0.148493 0.967546
vt 0.155020 0.970300
vt 0.151577 0.978314
vt 0.151054 0.960084
vt 0.142464 0.995883
vt 0.468052 0.748066
vt 0.477324 0.746099
vt 0.478980 0.747027
vt 0.466977 0.749791
vt 0.149496 0.987150
vt 0.149570 0.995665
vt 0.157955 0.962610
vt 0.015126 0.987154
vt 0.010069 0.985653
vt 0.012611 0.975905
vt 0.022738 0.960706
vt 0.013951 0.996487
vt 0.014658 0.967364
vt 0.008274 0.975463
vt 0.007372 0.967006
vt 0.015804 0.959465
vt 0.007648 0.994224
vt 0.475226 0.736589
vt 0.465700 0.738882
vt 0.464118 0.737788
vt 0.476165 0.735075
vt 0.001435 0.990676
vt 0.006220 0.984055
vt 0.008088 0.958654
vt 0.457249 0.757367
vt 0.452306 0.735163
vt 0.485573 0.727974
vt 0.490687 0.749309
vt 0.351364 0.745737
vt 0.360622 0.748462
vt 0.361483 0.749981
vt 0.349778 0.746753
vt 0.363029 0.739179
vt 0.353805 0.736405
vt 0.352754 0.734762
vt 0.364830 0.738164
vt 0.376744 0.736085
vt 0.343702 0.727234
vt 0.344063 0.724888
vt 0.377604 0.733873
vt 0.337938 0.748548
vt 0.370844 0.757915
vt 0.370446 0.760255
vt 0.337044 0.750748
vt 0.487794 0.727251
vt 0.492985 0.748907
vt 0.454924 0.758038
vt 0.449907 0.735499
vt 0.379106 0.736549
vt 0.373117 0.758707
vt 0.335631 0.748099
vt 0.341483 0.726463
vt 0.451559 0.732921
vt 0.485327 0.725624
vt 0.491494 0.751553
vt 0.457552 0.759733
vt 0.273653 0.992499
vt 0.275345 0.991747
vt 0.276723 0.992984
vt 0.276060 0.994693
vt 0.279345 0.994672
vt 0.278540 0.993022
vt 0.279855 0.991704
vt 0.281626 0.992300
vt 0.281491 0.988991
vt 0.279860 0.989832
vt 0.278529 0.988531
vt 0.279094 0.986767
vt 0.273626 0.989253
vt 0.275371 0.989855
vt 0.276681 0.988534
vt 0.275868 0.986912
vt 0.277077 0.990554
vt 0.277047 0.991014
vt 0.277396 0.991311
vt 0.277851 0.991342
vt 0.278152 0.990995
vt 0.278185 0.990535
vt 0.277835 0.990235
vt 0.277376 0.990204
vt 0.277615 0.990773
vt 0.272714 0.988846
vt 0.275503 0.985997
vt 0.275663 0.995614
vt 0.272714 0.992866
vt 0.282575 0.992711
vt 0.279705 0.995622
vt 0.279410 0.985897
vt 0.282498 0.988525
vt 0.468695 0.599760
vt 0.468695 0.590616
vt 0.471061 0.590616
vt 0.471061 0.599760
vt 0.463964 0.599760
vt 0.463964 0.590616
vt 0.466330 0.590616
vt 0.466330 0.599760
vt 0.461599 0.599760
vt 0.461598 0.590616
vt 0.456867 0.599760
vt 0.456867 0.590616
vt 0.459233 0.590616
vt 0.459233 0.599760
vt 0.452136 0.599760
vt 0.452135 0.590616
vt 0.454501 0.590616
vt 0.454501 0.599760
vt 0.476812 0.687868
vt 0.477823 0.685729
vt 0.479901 0.688018
vt 0.477611 0.690096
vt 0.481979 0.690308
vt 0.479751 0.691107
vt 0.480051 0.684930
vt 0.482191 0.685941
vt 0.482989 0.688168
vt 0.452135 0.584905
vt 0.454501 0.584905
vt 0.456174 0.586577
vt 0.453319 0.587760
vt 0.456174 0.588943
vt 0.450463 0.586577
vt 0.450463 0.588943
vt 0.476965 0.676320
vt 0.479192 0.675521
vt 0.482278 0.684132
vt 0.373879 0.704160
vt 0.373556 0.704591
vt 0.372142 0.702202
vt 0.372676 0.702126
vt 0.484506 0.683333
vt 0.481420 0.674723
vt 0.483648 0.673924
vt 0.486734 0.682535
vt 0.338248 0.695011
vt 0.338324 0.695545
vt 0.335635 0.694855
vt 0.335959 0.694423
vt 0.491189 0.680938
vt 0.488103 0.672327
vt 0.490331 0.671529
vt 0.493417 0.680139
vt 0.373264 0.699836
vt 0.372833 0.699512
vt 0.375223 0.698099
vt 0.375299 0.698633
vt 0.474737 0.677118
vt 0.340283 0.693808
vt 0.340714 0.694132
vt 0.485875 0.673126
vt 0.488962 0.681736
vt 0.339667 0.689484
vt 0.339991 0.689053
vt 0.341404 0.691442
vt 0.340871 0.691518
vt 0.492558 0.670730
vt 0.495645 0.679341
vt 0.377588 0.699221
vt 0.377912 0.698790
vt 0.379325 0.701179
vt 0.378791 0.701255
vt 0.371452 0.704891
vt 0.340024 0.696821
vt 0.344857 0.677996
vt 0.376286 0.686066
vt 0.375595 0.688756
vt 0.344167 0.680686
vt 0.342786 0.686064
vt 0.374214 0.694134
vt 0.373523 0.696823
vt 0.342095 0.688753
vt 0.374904 0.691445
vt 0.343476 0.683375
vt 0.376169 0.704748
vt 0.376245 0.705282
vt 0.334222 0.692465
vt 0.334756 0.692389
vt 0.334912 0.689776
vt 0.335344 0.690099
vt 0.378203 0.703545
vt 0.378635 0.703869
vt 0.337378 0.688896
vt 0.337302 0.688362
vt 0.428184 0.849596
vt 0.424467 0.845736
vt 0.425519 0.842605
vt 0.429987 0.845988
vt 0.394063 0.853829
vt 0.349981 0.851686
vt 0.351326 0.848858
vt 0.395616 0.849624
vt 0.395480 0.858171
vt 0.429992 0.853817
vt 0.428575 0.858772
vt 0.480516 0.843743
vt 0.478713 0.846246
vt 0.337813 0.697539
vt 0.335119 0.696867
vt 0.370940 0.706885
vt 0.339512 0.698815
vt 0.375728 0.707294
vt 0.373044 0.706585
vt 0.345374 0.675985
vt 0.376802 0.684055
vt 0.337952 0.701117
vt 0.335398 0.701257
vt 0.367681 0.708370
vt 0.341651 0.701687
vt 0.373368 0.711007
vt 0.371198 0.709654
vt 0.348920 0.673380
vt 0.374950 0.680064
vt 0.399148 0.846683
vt 0.398200 0.844312
vt 0.394566 0.846433
vt 0.425049 0.862927
vt 0.430218 0.861926
vt 0.426813 0.864615
vt 0.398122 0.861573
vt 0.396705 0.862805
vt 0.394147 0.860597
vt 0.351143 0.854803
vt 0.348801 0.856766
vt 0.347062 0.851466
vt 0.478805 0.853172
vt 0.479965 0.849416
vt 0.483677 0.848735
vt 0.481865 0.855510
vt 0.349019 0.846484
vt 0.194998 0.899179
vt 0.196736 0.899894
vt 0.196817 0.901761
vt 0.195136 0.902486
vt 0.197450 0.904817
vt 0.198061 0.903088
vt 0.199915 0.903109
vt 0.200679 0.904777
vt 0.203012 0.902534
vt 0.201299 0.901815
vt 0.201253 0.899926
vt 0.202979 0.899290
vt 0.197372 0.896910
vt 0.198127 0.898604
vt 0.199945 0.898667
vt 0.200653 0.896996
vt 0.198805 0.900317
vt 0.198453 0.900616
vt 0.198484 0.901074
vt 0.198781 0.901421
vt 0.199239 0.901394
vt 0.199592 0.901096
vt 0.199560 0.900636
vt 0.199261 0.900290
vt 0.199022 0.900855
vt 0.197046 0.895947
vt 0.201083 0.896090
vt 0.194128 0.902928
vt 0.194054 0.898744
vt 0.201012 0.905705
vt 0.197102 0.905675
vt 0.203919 0.898940
vt 0.203919 0.902964
vt 0.146300 0.939151
vt 0.147967 0.938442
vt 0.149217 0.939750
vt 0.148591 0.941471
vt 0.151872 0.941472
vt 0.151070 0.939797
vt 0.152414 0.938475
vt 0.154202 0.939105
vt 0.154133 0.935783
vt 0.152440 0.936554
vt 0.151052 0.935316
vt 0.151704 0.933596
vt 0.146200 0.935924
vt 0.147908 0.936602
vt 0.149243 0.935288
vt 0.148467 0.933659
vt 0.149622 0.937308
vt 0.149590 0.937766
vt 0.149934 0.938067
vt 0.150393 0.938103
vt 0.150697 0.937754
vt 0.150730 0.937291
vt 0.150379 0.936992
vt 0.149923 0.936961
vt 0.150159 0.937531
vt 0.145292 0.935514
vt 0.148125 0.932738
vt 0.148163 0.942385
vt 0.145370 0.939505
vt 0.155151 0.939532
vt 0.152225 0.942431
vt 0.152024 0.932729
vt 0.155151 0.935317
vt 0.192451 0.989072
vt 0.194159 0.989813
vt 0.194209 0.991717
vt 0.192444 0.992354
vt 0.194770 0.994706
vt 0.195557 0.993024
vt 0.197386 0.992943
vt 0.198095 0.994631
vt 0.200461 0.992375
vt 0.198737 0.991673
vt 0.198664 0.989793
vt 0.200378 0.989160
vt 0.194851 0.986868
vt 0.195526 0.988562
vt 0.197334 0.988507
vt 0.198105 0.986871
vt 0.196220 0.990221
vt 0.195875 0.990522
vt 0.195913 0.990982
vt 0.196220 0.991326
vt 0.196676 0.991286
vt 0.197018 0.990983
vt 0.196978 0.990525
vt 0.196673 0.990184
vt 0.196447 0.990754
vt 0.194527 0.985924
vt 0.198528 0.985970
vt 0.191484 0.992699
vt 0.191541 0.988621
vt 0.198517 0.995646
vt 0.194337 0.995646
vt 0.201298 0.988816
vt 0.201318 0.992726
vt 0.341647 0.991093
vt 0.343300 0.990507
vt 0.343248 0.993795
vt 0.341686 0.993075
vt 0.184101 0.938633
vt 0.183318 0.938936
vt 0.183318 0.935996
vt 0.184073 0.936303
vt 0.340328 0.994544
vt 0.340992 0.996067
vt 0.337773 0.996188
vt 0.338330 0.994536
vt 0.185755 0.940284
vt 0.185409 0.941063
vt 0.189780 0.938616
vt 0.190554 0.938930
vt 0.188437 0.941071
vt 0.188100 0.940260
vt 0.336956 0.993147
vt 0.335287 0.993905
vt 0.335204 0.990544
vt 0.336816 0.991170
vt 0.340216 0.989719
vt 0.340971 0.988099
vt 0.185365 0.933887
vt 0.185715 0.934650
vt 0.188347 0.933816
vt 0.188053 0.934616
vt 0.338257 0.989805
vt 0.337536 0.988099
vt 0.189719 0.936267
vt 0.190525 0.935918
vt 0.432357 0.671817
vt 0.428981 0.668705
vt 0.429529 0.665728
vt 0.433390 0.668640
vt 0.396692 0.675241
vt 0.355032 0.664362
vt 0.356437 0.661781
vt 0.398683 0.671462
vt 0.397467 0.679634
vt 0.434411 0.675996
vt 0.433496 0.680959
vt 0.478419 0.659415
vt 0.477285 0.661908
vt 0.441961 0.690961
vt 0.441368 0.689140
vt 0.442848 0.687597
vt 0.444333 0.689271
vt 0.386903 0.691240
vt 0.387647 0.688812
vt 0.383770 0.689036
vt 0.385713 0.686840
vt 0.441986 0.695165
vt 0.442000 0.697332
vt 0.386942 0.697690
vt 0.386928 0.695524
vt 0.431784 0.686858
vt 0.433914 0.685229
vt 0.399621 0.685888
vt 0.397093 0.683894
vt 0.428508 0.700970
vt 0.400481 0.701153
vt 0.401855 0.667782
vt 0.401157 0.665097
vt 0.397415 0.668252
vt 0.435792 0.682928
vt 0.395193 0.681542
vt 0.429990 0.705380
vt 0.399056 0.705582
vt 0.355080 0.667572
vt 0.353050 0.669308
vt 0.351883 0.663601
vt 0.478704 0.668048
vt 0.478766 0.664647
vt 0.482104 0.663848
vt 0.480861 0.669904
vt 0.355367 0.659416
vt 0.397031 0.692254
vt 0.431846 0.692052
vt 0.431858 0.694191
vt 0.397043 0.694393
vt 0.339279 0.992136
vt 0.186912 0.937454
vt 0.377109 0.795309
vt 0.377924 0.785638
vt 0.380690 0.785871
vt 0.379875 0.795542
vt 0.442568 0.796333
vt 0.442074 0.786640
vt 0.444847 0.786498
vt 0.445341 0.796191
vt 0.431841 0.691156
vt 0.397025 0.691358
vt 0.447620 0.786357
vt 0.448114 0.796050
vt 0.385409 0.796008
vt 0.386223 0.786337
vt 0.388990 0.786571
vt 0.388175 0.796242
vt 0.397048 0.695289
vt 0.431863 0.695087
vt 0.382642 0.795775
vt 0.383457 0.786104
vt 0.437022 0.796615
vt 0.436528 0.786922
vt 0.439301 0.786781
vt 0.439795 0.796474
vt 0.391757 0.786804
vt 0.390942 0.796475
vt 0.433512 0.835158
vt 0.423807 0.835158
vt 0.423807 0.832382
vt 0.433512 0.832382
vt 0.434249 0.796757
vt 0.433755 0.787064
vt 0.464637 0.829695
vt 0.474343 0.829695
vt 0.474343 0.832471
vt 0.464637 0.832471
vt 0.371575 0.794843
vt 0.372390 0.785172
vt 0.375157 0.785405
vt 0.374342 0.795076
vt 0.450887 0.795909
vt 0.450393 0.786216
vt 0.453165 0.786074
vt 0.453659 0.795767
vt 0.444791 0.935175
vt 0.443914 0.935441
vt 0.442464 0.933991
vt 0.442827 0.933212
vt 0.444791 0.937951
vt 0.443914 0.937491
vt 0.260673 0.941419
vt 0.261619 0.940987
vt 0.263068 0.942436
vt 0.262637 0.943382
vt 0.260673 0.938642
vt 0.261619 0.938936
vt 0.440051 0.939915
vt 0.440414 0.938941
vt 0.442464 0.938941
vt 0.442827 0.939915
vt 0.265413 0.943382
vt 0.265119 0.942436
vt 0.266569 0.940987
vt 0.267376 0.941419
vt 0.438088 0.935175
vt 0.438964 0.935441
vt 0.438964 0.937491
vt 0.438088 0.937951
vt 0.266569 0.938936
vt 0.267376 0.938642
vt 0.423028 0.834795
vt 0.423028 0.832745
vt 0.440051 0.933212
vt 0.440414 0.933991
vt 0.475122 0.830058
vt 0.475122 0.832108
vt 0.265413 0.936679
vt 0.265119 0.937486
vt 0.263068 0.937486
vt 0.262637 0.936679
vt 0.178710 0.899186
vt 0.180446 0.899785
vt 0.180438 0.901656
vt 0.178750 0.902478
vt 0.181150 0.904817
vt 0.181761 0.903008
vt 0.183704 0.902980
vt 0.184515 0.904715
vt 0.186680 0.902214
vt 0.184976 0.901542
vt 0.184839 0.899757
vt 0.186455 0.899010
vt 0.180981 0.896873
vt 0.181771 0.898503
vt 0.183593 0.898503
vt 0.184164 0.896836
vt 0.182464 0.900185
vt 0.182118 0.900486
vt 0.182153 0.900946
vt 0.182459 0.901297
vt 0.182925 0.901253
vt 0.183266 0.900939
vt 0.183220 0.900486
vt 0.182917 0.900151
vt 0.182690 0.900718
vt 0.180632 0.895947
vt 0.184557 0.895954
vt 0.177791 0.902842
vt 0.177791 0.898770
vt 0.185006 0.905755
vt 0.180724 0.905782
vt 0.187263 0.898629
vt 0.187650 0.902490
vt 0.063890 0.921156
vt 0.065531 0.920364
vt 0.066833 0.921688
vt 0.066221 0.923436
vt 0.069519 0.923401
vt 0.068701 0.921723
vt 0.070043 0.920388
vt 0.071841 0.921010
vt 0.071761 0.917679
vt 0.070055 0.918458
vt 0.068640 0.917196
vt 0.069345 0.915489
vt 0.063873 0.917932
vt 0.065568 0.918534
vt 0.066845 0.917287
vt 0.066135 0.915665
vt 0.067238 0.919234
vt 0.067205 0.919689
vt 0.067551 0.919992
vt 0.068012 0.920026
vt 0.068316 0.919675
vt 0.068347 0.919209
vt 0.067990 0.918913
vt 0.067535 0.918890
vt 0.067774 0.919454
vt 0.062973 0.917518
vt 0.065778 0.914760
vt 0.065805 0.924359
vt 0.062951 0.921507
vt 0.072793 0.921433
vt 0.069882 0.924359
vt 0.069652 0.914619
vt 0.072780 0.917213
vt 0.407909 0.938246
vt 0.409534 0.937446
vt 0.410856 0.938752
vt 0.410251 0.940515
vt 0.413538 0.940483
vt 0.412763 0.938766
vt 0.414003 0.937347
vt 0.415768 0.938013
vt 0.415697 0.934682
vt 0.414004 0.935461
vt 0.412570 0.934214
vt 0.413273 0.932491
vt 0.407887 0.935018
vt 0.409554 0.935657
vt 0.410731 0.934316
vt 0.410062 0.932659
vt 0.411211 0.936289
vt 0.411190 0.936741
vt 0.411541 0.937035
vt 0.412002 0.937058
vt 0.412294 0.936700
vt 0.412312 0.936239
vt 0.411951 0.935951
vt 0.411495 0.935939
vt 0.411750 0.936494
vt 0.406983 0.934624
vt 0.409689 0.931755
vt 0.409836 0.941438
vt 0.406972 0.938600
vt 0.416721 0.938417
vt 0.413916 0.941438
vt 0.413581 0.931618
vt 0.416715 0.934215
vt 0.483468 0.703078
vt 0.481030 0.694265
vt 0.483310 0.693634
vt 0.485748 0.702447
vt 0.478908 0.704339
vt 0.476470 0.695526
vt 0.478750 0.694895
vt 0.481188 0.703708
vt 0.476628 0.704970
vt 0.474190 0.696157
vt 0.472067 0.706231
vt 0.469630 0.697418
vt 0.471910 0.696787
vt 0.474347 0.705600
vt 0.467507 0.707492
vt 0.465070 0.698679
vt 0.467350 0.698048
vt 0.469787 0.706862
vt 0.505611 0.648173
vt 0.504801 0.650397
vt 0.502522 0.648308
vt 0.504610 0.646028
vt 0.500242 0.646219
vt 0.502387 0.645219
vt 0.502657 0.651397
vt 0.500433 0.650588
vt 0.499433 0.648443
vt 0.463547 0.693174
vt 0.465827 0.692544
vt 0.467885 0.693710
vt 0.465448 0.695611
vt 0.468516 0.695990
vt 0.462381 0.695233
vt 0.463011 0.697513
vt 0.506522 0.659687
vt 0.504378 0.660687
vt 0.500512 0.652397
vt 0.377168 0.653905
vt 0.376842 0.654335
vt 0.375442 0.651937
vt 0.375976 0.651864
vt 0.498367 0.653397
vt 0.502233 0.661687
vt 0.500088 0.662687
vt 0.496223 0.654397
vt 0.341590 0.644553
vt 0.341662 0.645087
vt 0.338977 0.644382
vt 0.339303 0.643952
vt 0.491933 0.656398
vt 0.495799 0.664688
vt 0.493654 0.665688
vt 0.489788 0.657398
vt 0.376577 0.649578
vt 0.376148 0.649252
vt 0.378546 0.647852
vt 0.378618 0.648387
vt 0.508667 0.658687
vt 0.343631 0.643361
vt 0.344060 0.643688
vt 0.497943 0.663687
vt 0.494078 0.655397
vt 0.343040 0.639034
vt 0.343367 0.638605
vt 0.344766 0.641003
vt 0.344232 0.641075
vt 0.491509 0.666688
vt 0.487643 0.658398
vt 0.380905 0.648988
vt 0.381231 0.648558
vt 0.382630 0.650956
vt 0.382096 0.651029
vt 0.374736 0.654622
vt 0.343354 0.646373
vt 0.348295 0.627576
vt 0.379677 0.635826
vt 0.378971 0.638511
vt 0.347589 0.630262
vt 0.346178 0.635632
vt 0.377560 0.643881
vt 0.376854 0.646567
vt 0.345472 0.638317
vt 0.378265 0.641196
vt 0.346884 0.632947
vt 0.379454 0.654506
vt 0.379527 0.655041
vt 0.337578 0.641984
vt 0.338112 0.641911
vt 0.338283 0.639299
vt 0.338713 0.639625
vt 0.381495 0.653315
vt 0.381925 0.653641
vt 0.340754 0.638433
vt 0.340681 0.637899
vt 0.429731 0.809591
vt 0.425857 0.805612
vt 0.426960 0.803207
vt 0.431111 0.806396
vt 0.395154 0.813553
vt 0.347370 0.809970
vt 0.348914 0.806939
vt 0.396871 0.809162
vt 0.396582 0.818422
vt 0.431367 0.813681
vt 0.429929 0.818154
vt 0.478267 0.805330
vt 0.476559 0.807603
vt 0.341139 0.647078
vt 0.338449 0.646390
vt 0.374213 0.656613
vt 0.342831 0.648364
vt 0.378999 0.657049
vt 0.376318 0.656326
vt 0.348823 0.625568
vt 0.380205 0.633817
vt 0.341257 0.650657
vt 0.338703 0.650783
vt 0.370946 0.658080
vt 0.344954 0.651248
vt 0.376617 0.660749
vt 0.374455 0.659384
vt 0.352384 0.622983
vt 0.378376 0.629816
vt 0.400927 0.806184
vt 0.399990 0.803246
vt 0.395784 0.805617
vt 0.426632 0.822320
vt 0.431557 0.821140
vt 0.428372 0.823856
vt 0.399413 0.821879
vt 0.397950 0.823226
vt 0.395207 0.820977
vt 0.348538 0.813385
vt 0.345942 0.815445
vt 0.344211 0.809645
vt 0.476517 0.814001
vt 0.477657 0.810553
vt 0.481095 0.809993
vt 0.479299 0.816215
vt 0.346481 0.804298
vt 0.337687 0.952244
vt 0.339414 0.952943
vt 0.339484 0.954800
vt 0.337785 0.955519
vt 0.340105 0.957873
vt 0.340728 0.956133
vt 0.342594 0.956148
vt 0.343403 0.957799
vt 0.345675 0.955449
vt 0.343932 0.954859
vt 0.343939 0.953014
vt 0.345579 0.952231
vt 0.340019 0.949957
vt 0.340800 0.951643
vt 0.342666 0.951675
vt 0.343280 0.949955
vt 0.341482 0.953362
vt 0.341129 0.953660
vt 0.341159 0.954118
vt 0.341455 0.954467
vt 0.341913 0.954441
vt 0.342264 0.954145
vt 0.342238 0.953687
vt 0.341942 0.953335
vt 0.341698 0.953902
vt 0.339678 0.949010
vt 0.343699 0.949048
vt 0.336839 0.955878
vt 0.336764 0.951821
vt 0.343849 0.958812
vt 0.339674 0.958812
vt 0.346497 0.951880
vt 0.346539 0.955780
vt 0.341613 0.899337
vt 0.343378 0.900055
vt 0.343467 0.901972
vt 0.341734 0.902663
vt 0.344155 0.904938
vt 0.344819 0.903206
vt 0.346627 0.903200
vt 0.347440 0.904824
vt 0.349655 0.902444
vt 0.347931 0.901896
vt 0.347912 0.900063
vt 0.349537 0.899253
vt 0.343981 0.897045
vt 0.344767 0.898736
vt 0.346629 0.898757
vt 0.347227 0.897053
vt 0.345467 0.900450
vt 0.345116 0.900755
vt 0.345157 0.901218
vt 0.345464 0.901559
vt 0.345919 0.901522
vt 0.346262 0.901220
vt 0.346228 0.900764
vt 0.345927 0.900418
vt 0.345693 0.900988
vt 0.343644 0.896095
vt 0.347633 0.896164
vt 0.340712 0.903128
vt 0.340666 0.898901
vt 0.347895 0.905829
vt 0.343819 0.905829
vt 0.350355 0.898884
vt 0.350603 0.902746
vt 0.311002 0.957870
vt 0.310245 0.956172
vt 0.311488 0.954779
vt 0.313214 0.955452
vt 0.313223 0.952169
vt 0.311523 0.952917
vt 0.310134 0.951688
vt 0.310791 0.949957
vt 0.307484 0.950058
vt 0.308311 0.951675
vt 0.307019 0.953000
vt 0.305262 0.952436
vt 0.307748 0.957899
vt 0.308348 0.956151
vt 0.307025 0.954843
vt 0.305405 0.955657
vt 0.309041 0.954442
vt 0.309501 0.954470
vt 0.309796 0.954117
vt 0.309821 0.953660
vt 0.309471 0.953366
vt 0.309016 0.953339
vt 0.308719 0.953687
vt 0.308691 0.954145
vt 0.309257 0.953903
vt 0.307340 0.958812
vt 0.304490 0.956022
vt 0.314136 0.955856
vt 0.311370 0.958812
vt 0.311189 0.949010
vt 0.314175 0.951802
vt 0.304394 0.952119
vt 0.307026 0.949051
vt 0.352883 0.994593
vt 0.352188 0.996161
vt 0.349879 0.993946
vt 0.351395 0.993258
vt 0.166539 0.940284
vt 0.166225 0.941053
vt 0.164092 0.938943
vt 0.164901 0.938608
vt 0.351375 0.991257
vt 0.349704 0.990716
vt 0.351980 0.988171
vt 0.352752 0.989870
vt 0.168879 0.940230
vt 0.169217 0.941031
vt 0.170525 0.936259
vt 0.171313 0.935949
vt 0.171313 0.938909
vt 0.170551 0.938595
vt 0.354705 0.989744
vt 0.355437 0.988099
vt 0.357829 0.990489
vt 0.356163 0.991100
vt 0.354859 0.994527
vt 0.355459 0.996161
vt 0.164096 0.935924
vt 0.164874 0.936263
vt 0.166194 0.933828
vt 0.166510 0.934591
vt 0.356220 0.993088
vt 0.357813 0.993832
vt 0.168850 0.934623
vt 0.169185 0.933816
vt 0.434711 0.617171
vt 0.431488 0.614196
vt 0.432032 0.611271
vt 0.435719 0.614202
vt 0.398912 0.621559
vt 0.352584 0.610590
vt 0.354073 0.607703
vt 0.401022 0.617273
vt 0.399870 0.626582
vt 0.436629 0.620840
vt 0.435896 0.625156
vt 0.475883 0.605121
vt 0.474905 0.607386
vt 0.445052 0.634233
vt 0.444309 0.632473
vt 0.445649 0.630815
vt 0.447267 0.632352
vt 0.390295 0.639174
vt 0.390829 0.636697
vt 0.386992 0.637248
vt 0.388739 0.634900
vt 0.445434 0.638494
vt 0.445625 0.640649
vt 0.390861 0.645511
vt 0.390670 0.643356
vt 0.434602 0.631016
vt 0.436576 0.629219
vt 0.402494 0.632771
vt 0.399796 0.631009
vt 0.432496 0.645374
vt 0.404618 0.647849
vt 0.404326 0.613439
vt 0.403630 0.610710
vt 0.399726 0.613857
vt 0.438187 0.626905
vt 0.397615 0.628711
vt 0.434331 0.649642
vt 0.403563 0.652373
vt 0.352716 0.614135
vt 0.350509 0.616110
vt 0.349086 0.609824
vt 0.476289 0.612882
vt 0.476284 0.609824
vt 0.479271 0.609047
vt 0.478255 0.614506
vt 0.352837 0.605121
vt 0.400454 0.639300
vt 0.435082 0.636201
vt 0.435272 0.638328
vt 0.400644 0.641427
vt 0.353794 0.992180
vt 0.167703 0.937432
vt 0.415874 0.785902
vt 0.415874 0.795607
vt 0.413098 0.795607
vt 0.413098 0.785902
vt 0.353975 0.792778
vt 0.355284 0.783162
vt 0.358035 0.783536
vt 0.356726 0.793153
vt 0.435002 0.635310
vt 0.400374 0.638409
vt 0.360786 0.783911
vt 0.359477 0.793527
vt 0.407545 0.785902
vt 0.407545 0.795607
vt 0.404769 0.795607
vt 0.404769 0.785902
vt 0.400724 0.642319
vt 0.435352 0.639220
vt 0.410321 0.785902
vt 0.410321 0.795607
vt 0.348473 0.792029
vt 0.349782 0.782413
vt 0.352533 0.782787
vt 0.351224 0.792404
vt 0.401992 0.795607
vt 0.401992 0.785902
vt 0.436550 0.660091
vt 0.426845 0.660091
vt 0.426845 0.657315
vt 0.436550 0.657315
vt 0.345722 0.791655
vt 0.347030 0.782038
vt 0.406139 0.832382
vt 0.415845 0.832382
vt 0.415845 0.835158
vt 0.406139 0.835158
vt 0.421427 0.785902
vt 0.421427 0.795607
vt 0.418651 0.795607
vt 0.418651 0.785902
vt 0.362228 0.793902
vt 0.363537 0.784285
vt 0.366288 0.784659
vt 0.364979 0.794276
vt 0.239199 0.936679
vt 0.238768 0.937487
vt 0.236717 0.937487
vt 0.236423 0.936679
vt 0.241163 0.938642
vt 0.240217 0.938936
vt 0.453158 0.933212
vt 0.453590 0.934157
vt 0.452140 0.935607
vt 0.451195 0.935175
vt 0.455934 0.933212
vt 0.455640 0.934157
vt 0.239199 0.943382
vt 0.238768 0.942437
vt 0.240217 0.940987
vt 0.241163 0.941419
vt 0.451195 0.937951
vt 0.452140 0.937657
vt 0.453590 0.939107
vt 0.453158 0.939915
vt 0.234460 0.941419
vt 0.235267 0.940987
vt 0.236717 0.942437
vt 0.236423 0.943382
vt 0.455640 0.939107
vt 0.455934 0.939915
vt 0.426066 0.659728
vt 0.426066 0.657678
vt 0.234460 0.938642
vt 0.235267 0.938936
vt 0.416624 0.832745
vt 0.416624 0.834795
vt 0.457897 0.937951
vt 0.457090 0.937657
vt 0.457090 0.935607
vt 0.457897 0.935175
vt 0.136866 0.917823
vt 0.135121 0.918548
vt 0.133724 0.917244
vt 0.134492 0.915529
vt 0.131164 0.915649
vt 0.131890 0.917317
vt 0.130595 0.918580
vt 0.128844 0.917980
vt 0.128976 0.921222
vt 0.130583 0.920421
vt 0.131884 0.921728
vt 0.131292 0.923462
vt 0.136805 0.921103
vt 0.135062 0.920459
vt 0.133723 0.921758
vt 0.134501 0.923393
vt 0.133359 0.919731
vt 0.133395 0.919268
vt 0.133042 0.918966
vt 0.132583 0.918937
vt 0.132283 0.919283
vt 0.132250 0.919740
vt 0.132595 0.920042
vt 0.133054 0.920078
vt 0.132820 0.919506
vt 0.137712 0.921535
vt 0.134844 0.924314
vt 0.134907 0.914580
vt 0.137828 0.917475
vt 0.127965 0.917638
vt 0.130719 0.914635
vt 0.130961 0.924314
vt 0.127994 0.921662
vt 0.359547 0.957870
vt 0.358799 0.956168
vt 0.360043 0.954794
vt 0.361745 0.955462
vt 0.361729 0.952195
vt 0.360089 0.952983
vt 0.358792 0.951665
vt 0.359398 0.949928
vt 0.356133 0.949976
vt 0.356937 0.951628
vt 0.355612 0.952935
vt 0.353865 0.952329
vt 0.356278 0.957892
vt 0.356897 0.956132
vt 0.355578 0.954799
vt 0.353918 0.955608
vt 0.357615 0.954423
vt 0.358076 0.954457
vt 0.358377 0.954110
vt 0.358410 0.953655
vt 0.358068 0.953351
vt 0.357610 0.953313
vt 0.357305 0.953659
vt 0.357268 0.954118
vt 0.357841 0.953886
vt 0.355862 0.958813
vt 0.352974 0.955969
vt 0.362664 0.955860
vt 0.359915 0.958813
vt 0.359810 0.949010
vt 0.362670 0.951843
vt 0.352942 0.951919
vt 0.355773 0.949034
vt 0.232854 0.989091
vt 0.231143 0.989846
vt 0.229717 0.988577
vt 0.230455 0.986856
vt 0.227160 0.986947
vt 0.227844 0.988663
vt 0.226644 0.990043
vt 0.224906 0.989382
vt 0.224972 0.992684
vt 0.226648 0.991908
vt 0.228073 0.993138
vt 0.227390 0.994847
vt 0.232862 0.992334
vt 0.231136 0.991736
vt 0.229866 0.993018
vt 0.230602 0.994638
vt 0.229430 0.991072
vt 0.229450 0.990611
vt 0.229087 0.990322
vt 0.228626 0.990310
vt 0.228341 0.990669
vt 0.228327 0.991128
vt 0.228687 0.991413
vt 0.229142 0.991425
vt 0.228886 0.990869
vt 0.233768 0.992748
vt 0.230968 0.995542
vt 0.230854 0.985924
vt 0.233799 0.988727
vt 0.223960 0.988974
vt 0.226781 0.986000
vt 0.227091 0.995720
vt 0.223960 0.993151
vt 0.219206 0.899457
vt 0.217458 0.900104
vt 0.216203 0.898698
vt 0.216981 0.896977
vt 0.213662 0.896898
vt 0.214286 0.898685
vt 0.213022 0.900020
vt 0.211337 0.899292
vt 0.211234 0.902568
vt 0.212934 0.901876
vt 0.214274 0.903172
vt 0.213498 0.904808
vt 0.219104 0.902731
vt 0.217439 0.901955
vt 0.216066 0.903166
vt 0.216685 0.904832
vt 0.215751 0.901195
vt 0.215795 0.900736
vt 0.215451 0.900425
vt 0.214987 0.900385
vt 0.214683 0.900730
vt 0.214644 0.901188
vt 0.214987 0.901493
vt 0.215441 0.901533
vt 0.215218 0.900961
vt 0.219989 0.903202
vt 0.216980 0.905752
vt 0.217452 0.895947
vt 0.220187 0.899147
vt 0.210323 0.898856
vt 0.213299 0.896006
vt 0.213153 0.905636
vt 0.210323 0.902985
vt 0.298604 0.977662
vt 0.300308 0.976951
vt 0.301552 0.978351
vt 0.300860 0.980082
vt 0.304198 0.980215
vt 0.303429 0.978474
vt 0.304817 0.977184
vt 0.306573 0.977861
vt 0.306628 0.974546
vt 0.304907 0.975270
vt 0.303568 0.974001
vt 0.304258 0.972350
vt 0.298779 0.974430
vt 0.300443 0.975118
vt 0.301789 0.973900
vt 0.301082 0.972266
vt 0.302077 0.975911
vt 0.302019 0.976364
vt 0.302351 0.976684
vt 0.302809 0.976741
vt 0.303127 0.976403
vt 0.303177 0.975943
vt 0.302841 0.975633
vt 0.302392 0.975584
vt 0.302599 0.976158
vt 0.297914 0.973979
vt 0.300765 0.971436
vt 0.300396 0.981103
vt 0.297628 0.977967
vt 0.307605 0.978304
vt 0.304548 0.981116
vt 0.304586 0.971436
vt 0.307554 0.974100
vt 0.294286 0.915449
vt 0.294867 0.917135
vt 0.293631 0.918401
vt 0.292015 0.917666
vt 0.291810 0.920903
vt 0.293507 0.920188
vt 0.294776 0.921579
vt 0.294081 0.923341
vt 0.297428 0.923439
vt 0.296708 0.921673
vt 0.298040 0.920290
vt 0.299753 0.921102
vt 0.297460 0.915494
vt 0.296685 0.917132
vt 0.298018 0.918412
vt 0.299741 0.917812
vt 0.296004 0.918817
vt 0.295551 0.918785
vt 0.295251 0.919121
vt 0.295208 0.919572
vt 0.295546 0.919883
vt 0.296010 0.919928
vt 0.296317 0.919578
vt 0.296351 0.919117
vt 0.295780 0.919350
vt 0.297806 0.914565
vt 0.300758 0.917397
vt 0.291149 0.917222
vt 0.293955 0.914620
vt 0.293612 0.924380
vt 0.290827 0.921206
vt 0.300621 0.921462
vt 0.297858 0.924380
vt 0.415232 0.899451
vt 0.413512 0.900003
vt 0.412208 0.898704
vt 0.413015 0.897090
vt 0.409757 0.896969
vt 0.410400 0.898693
vt 0.409017 0.899934
vt 0.407311 0.899128
vt 0.407218 0.902455
vt 0.409003 0.901854
vt 0.410359 0.903168
vt 0.409549 0.904860
vt 0.415131 0.902643
vt 0.413501 0.901837
vt 0.412220 0.903149
vt 0.412821 0.904862
vt 0.411813 0.901139
vt 0.411846 0.900682
vt 0.411502 0.900380
vt 0.411045 0.900343
vt 0.410738 0.900687
vt 0.410700 0.901152
vt 0.411052 0.901455
vt 0.411512 0.901486
vt 0.411276 0.900916
vt 0.415954 0.903009
vt 0.413231 0.905760
vt 0.413465 0.896095
vt 0.416176 0.899146
vt 0.406403 0.898649
vt 0.409441 0.896095
vt 0.409189 0.905831
vt 0.406155 0.902869
vt 0.852471 0.840779
vt 0.852471 0.891198
vt 0.848243 0.891198
vt 0.848243 0.840779
vt 0.730081 0.770761
vt 0.780499 0.770761
vt 0.780499 0.814428
vt 0.730081 0.814428
vt 0.900365 0.840780
vt 0.900365 0.891198
vt 0.896138 0.891198
vt 0.896138 0.840780
vt 0.848329 0.839932
vt 0.848329 0.838407
vt 0.852471 0.837559
vt 0.896138 0.895426
vt 0.852471 0.895426
vt 0.728555 0.770761
vt 0.728555 0.814428
vt 0.727030 0.814428
vt 0.727030 0.770761
vt 0.900280 0.839932
vt 0.896138 0.837559
vt 0.900280 0.838407
vt 0.900280 0.833492
vt 0.896138 0.834339
vt 0.896138 0.831119
vt 0.900280 0.831966
vt 0.900280 0.836712
vt 0.900280 0.835186
vt 0.848329 0.836712
vt 0.848329 0.835186
vt 0.852471 0.834339
vt 0.852471 0.831119
vt 0.852471 0.806031
vt 0.896138 0.806031
vt 0.848329 0.833491
vt 0.848329 0.831966
vt 0.725504 0.814428
vt 0.725504 0.770761
vt 0.688622 0.940161
vt 0.688562 0.983004
vt 0.687366 0.984888
vt 0.687397 0.938347
vt 0.701909 0.814428
vt 0.701909 0.770761
vt 0.900124 0.829710
vt 0.900360 0.806116
vt 0.848485 0.829710
vt 0.848248 0.806116
vt 0.693946 0.984957
vt 0.710128 0.992839
vt 0.671265 0.992839
vt 0.692715 0.983113
vt 0.692770 0.940214
vt 0.693968 0.938299
vt 0.709964 0.930564
vt 0.712433 0.930491
vt 0.712597 0.992899
vt 0.671589 0.930405
vt 0.668789 0.992893
vt 0.669114 0.930326
vt 0.710170 0.995376
vt 0.671223 0.995376
vt 0.671558 0.927901
vt 0.710015 0.928060
vt 0.283990 0.976739
vt 0.284604 0.975005
vt 0.286414 0.974979
vt 0.287253 0.976611
vt 0.289412 0.974208
vt 0.287700 0.973657
vt 0.287676 0.971782
vt 0.289349 0.971005
vt 0.286962 0.968885
vt 0.286316 0.970558
vt 0.284508 0.970540
vt 0.283714 0.968883
vt 0.281470 0.974573
vt 0.283189 0.973767
vt 0.283171 0.971841
vt 0.281383 0.971230
vt 0.284912 0.973001
vt 0.285224 0.973344
vt 0.285682 0.973301
vt 0.286024 0.972993
vt 0.285982 0.972533
vt 0.285674 0.972193
vt 0.285216 0.972230
vt 0.284869 0.972537
vt 0.285448 0.972766
vt 0.280430 0.975063
vt 0.280430 0.970799
vt 0.287644 0.977448
vt 0.283699 0.977713
vt 0.290176 0.970622
vt 0.290412 0.974581
vt 0.283366 0.967934
vt 0.287349 0.967989
vt 0.773248 0.988594
vt 0.821914 0.987047
vt 0.822214 0.989609
vt 0.773127 0.991217
vt 0.826459 0.986991
vt 0.887726 0.987507
vt 0.887912 0.990007
vt 0.826227 0.989532
vt 0.892216 0.987609
vt 0.922898 0.989372
vt 0.922968 0.991841
vt 0.891870 0.990104
vt 0.927062 0.989603
vt 0.968148 0.991087
vt 0.968265 0.993532
vt 0.927094 0.992101
vt 0.972526 0.991294
vt 0.989923 0.992816
vt 0.989903 0.995216
vt 0.972125 0.993726
vt 0.994065 0.993330
vt 0.995146 0.993697
vt 0.994861 0.995466
vt 0.993622 0.995557
vt 0.725658 0.993262
vt 0.727445 0.992591
vt 0.727953 0.995207
vt 0.726183 0.995111
vt 0.771128 0.993168
vt 0.770754 0.986613
vt 0.768939 0.991484
vt 0.768500 0.988842
vt 0.824225 0.991319
vt 0.824172 0.985025
vt 0.889815 0.991771
vt 0.890054 0.985572
vt 0.924794 0.993685
vt 0.925236 0.987590
vt 0.970077 0.995300
vt 0.970469 0.989258
vt 0.732277 0.991944
vt 0.732280 0.994740
vt 0.730262 0.996898
vt 0.729516 0.990027
vt 0.991602 0.997051
vt 0.992303 0.991188
vt 0.922608 0.993176
vt 0.892066 0.991533
vt 0.889777 0.992811
vt 0.972279 0.995126
vt 0.970013 0.996314
vt 0.927394 0.988113
vt 0.968009 0.989451
vt 0.993947 0.996912
vt 0.991507 0.998094
vt 0.768151 0.987139
vt 0.770674 0.985190
vt 0.967949 0.994851
vt 0.927246 0.993576
vt 0.887540 0.985836
vt 0.890105 0.984229
vt 0.771190 0.994268
vt 0.768771 0.992962
vt 0.970552 0.987949
vt 0.972845 0.989759
vt 0.989881 0.991209
vt 0.887622 0.991368
vt 0.992507 0.989886
vt 0.989518 0.996503
vt 0.824162 0.983669
vt 0.826677 0.985366
vt 0.724293 0.992440
vt 0.726681 0.990939
vt 0.925338 0.986349
vt 0.729284 0.988481
vt 0.732345 0.990088
vt 0.727655 0.996717
vt 0.725134 0.996102
vt 0.826496 0.990970
vt 0.824234 0.992377
vt 0.994658 0.991958
vt 0.996359 0.992954
vt 0.924703 0.994765
vt 0.732730 0.996284
vt 0.730363 0.998094
vt 0.995946 0.996289
vt 0.773408 0.986845
vt 0.821663 0.985406
vt 0.922806 0.987733
vt 0.821979 0.991009
vt 0.773472 0.992696
vt 0.892505 0.986023
vt 0.504019 0.939253
vt 0.505741 0.938608
vt 0.507093 0.939843
vt 0.506403 0.941530
vt 0.509672 0.941625
vt 0.508948 0.939903
vt 0.510222 0.938520
vt 0.511899 0.939276
vt 0.511813 0.935994
vt 0.510155 0.936702
vt 0.508902 0.935399
vt 0.509520 0.933651
vt 0.503933 0.936012
vt 0.505690 0.936712
vt 0.507046 0.935376
vt 0.506255 0.933730
vt 0.507435 0.937410
vt 0.507408 0.937873
vt 0.507760 0.938168
vt 0.508218 0.938196
vt 0.508514 0.937844
vt 0.508541 0.937388
vt 0.508195 0.937089
vt 0.507735 0.937057
vt 0.507976 0.937628
vt 0.503071 0.935667
vt 0.505832 0.932733
vt 0.505985 0.942538
vt 0.503080 0.939615
vt 0.512821 0.939683
vt 0.510030 0.942485
vt 0.509874 0.932778
vt 0.512821 0.935565
vt 0.088085 0.921043
vt 0.086317 0.920366
vt 0.086194 0.918493
vt 0.087864 0.917727
vt 0.085494 0.915443
vt 0.084915 0.917189
vt 0.083044 0.917209
vt 0.082297 0.915542
vt 0.080129 0.917906
vt 0.081804 0.918562
vt 0.081779 0.920364
vt 0.080136 0.921147
vt 0.085757 0.923400
vt 0.084941 0.921702
vt 0.083061 0.921694
vt 0.082456 0.923436
vt 0.084227 0.919983
vt 0.084576 0.919677
vt 0.084536 0.919217
vt 0.084232 0.918874
vt 0.083774 0.918911
vt 0.083431 0.919215
vt 0.083465 0.919670
vt 0.083766 0.920017
vt 0.084001 0.919445
vt 0.086116 0.924359
vt 0.082037 0.924359
vt 0.088862 0.917261
vt 0.089044 0.921455
vt 0.081933 0.914631
vt 0.085824 0.914580
vt 0.079197 0.921495
vt 0.079224 0.917512
vt 0.137924 0.899328
vt 0.136208 0.899948
vt 0.134860 0.898689
vt 0.135626 0.897027
vt 0.132346 0.897047
vt 0.133045 0.898745
vt 0.131698 0.900039
vt 0.129951 0.899306
vt 0.130031 0.902618
vt 0.131762 0.901954
vt 0.133142 0.903216
vt 0.132387 0.904913
vt 0.137906 0.902569
vt 0.136249 0.901799
vt 0.134992 0.903153
vt 0.135617 0.904853
vt 0.134537 0.901148
vt 0.134557 0.900689
vt 0.134202 0.900397
vt 0.133743 0.900374
vt 0.133447 0.900730
vt 0.133425 0.901195
vt 0.133785 0.901487
vt 0.134246 0.901505
vt 0.133993 0.900941
vt 0.138808 0.902994
vt 0.135960 0.905777
vt 0.136049 0.896114
vt 0.138867 0.898988
vt 0.129012 0.898862
vt 0.132009 0.896094
vt 0.132048 0.905777
vt 0.129013 0.903064
vt 0.473872 0.933792
vt 0.474593 0.935430
vt 0.473311 0.936685
vt 0.471586 0.936092
vt 0.471657 0.939309
vt 0.473291 0.938515
vt 0.474601 0.939838
vt 0.473987 0.941598
vt 0.477306 0.941526
vt 0.476484 0.939859
vt 0.477839 0.938501
vt 0.479617 0.939183
vt 0.477143 0.933666
vt 0.476399 0.935344
vt 0.477769 0.936595
vt 0.479488 0.935936
vt 0.475749 0.937053
vt 0.475293 0.937030
vt 0.474997 0.937377
vt 0.474966 0.937834
vt 0.475315 0.938136
vt 0.475779 0.938168
vt 0.476080 0.937811
vt 0.476105 0.937346
vt 0.475536 0.937594
vt 0.477552 0.932733
vt 0.480414 0.935572
vt 0.470729 0.935754
vt 0.473432 0.932795
vt 0.473567 0.942535
vt 0.470729 0.939660
vt 0.480489 0.939518
vt 0.477749 0.942544
vt 0.176207 0.992331
vt 0.177956 0.991717
vt 0.179307 0.993015
vt 0.178501 0.994691
vt 0.181794 0.994744
vt 0.181180 0.992995
vt 0.182459 0.991643
vt 0.184141 0.992426
vt 0.184068 0.989116
vt 0.182397 0.989819
vt 0.181125 0.988491
vt 0.181815 0.986777
vt 0.176239 0.989078
vt 0.177939 0.989819
vt 0.179290 0.988548
vt 0.178605 0.986877
vt 0.179665 0.990531
vt 0.179634 0.990996
vt 0.179990 0.991295
vt 0.180452 0.991322
vt 0.180749 0.990968
vt 0.180776 0.990509
vt 0.180426 0.990210
vt 0.179966 0.990180
vt 0.180207 0.990751
vt 0.175341 0.988634
vt 0.178274 0.985959
vt 0.178058 0.995604
vt 0.175254 0.992665
vt 0.185079 0.992858
vt 0.182132 0.995708
vt 0.182159 0.985924
vt 0.185079 0.988694
vt 0.262996 0.986863
vt 0.262355 0.988614
vt 0.260455 0.988590
vt 0.259742 0.986849
vt 0.257478 0.989213
vt 0.259137 0.989965
vt 0.259203 0.991778
vt 0.257514 0.992475
vt 0.259733 0.994788
vt 0.260446 0.993119
vt 0.262290 0.993066
vt 0.262972 0.994774
vt 0.265292 0.989248
vt 0.263599 0.989958
vt 0.263665 0.991820
vt 0.265379 0.992553
vt 0.261927 0.990640
vt 0.261630 0.990292
vt 0.261170 0.990323
vt 0.260822 0.990626
vt 0.260858 0.991081
vt 0.261156 0.991424
vt 0.261611 0.991394
vt 0.261957 0.991096
vt 0.261392 0.990860
vt 0.266310 0.988820
vt 0.266310 0.993001
vt 0.259393 0.985897
vt 0.263362 0.986001
vt 0.256665 0.992826
vt 0.256458 0.988810
vt 0.263299 0.995720
vt 0.259305 0.995676
vt 0.275517 0.917830
vt 0.277212 0.918430
vt 0.277190 0.920282
vt 0.275511 0.921074
vt 0.277788 0.923348
vt 0.278488 0.921646
vt 0.280350 0.921582
vt 0.281050 0.923300
vt 0.283466 0.921054
vt 0.281729 0.920312
vt 0.281659 0.918397
vt 0.283401 0.917738
vt 0.277820 0.915531
vt 0.278519 0.917194
vt 0.280309 0.917109
vt 0.281063 0.915432
vt 0.279208 0.918835
vt 0.278866 0.919133
vt 0.278896 0.919589
vt 0.279197 0.919937
vt 0.279655 0.919903
vt 0.280003 0.919601
vt 0.279964 0.919140
vt 0.279659 0.918799
vt 0.279431 0.919367
vt 0.277468 0.914596
vt 0.281402 0.914565
vt 0.274660 0.921429
vt 0.274507 0.917413
vt 0.281385 0.924248
vt 0.277371 0.924248
vt 0.284423 0.917299
vt 0.284402 0.921505
vt 0.773302 0.937607
vt 0.830091 0.937878
vt 0.830290 0.940429
vt 0.773059 0.940201
vt 0.834673 0.937968
vt 0.872845 0.940000
vt 0.872929 0.942519
vt 0.834329 0.940514
vt 0.877097 0.940215
vt 0.920806 0.941444
vt 0.920634 0.943957
vt 0.877142 0.942765
vt 0.924770 0.941327
vt 0.962848 0.938618
vt 0.962911 0.941112
vt 0.925048 0.943838
vt 0.967000 0.938157
vt 0.990099 0.935861
vt 0.990222 0.938305
vt 0.967019 0.940642
vt 0.993863 0.935387
vt 0.995129 0.935422
vt 0.995326 0.937168
vt 0.994307 0.937622
vt 0.725134 0.936764
vt 0.726954 0.936327
vt 0.727131 0.938935
vt 0.725420 0.938627
vt 0.770975 0.942042
vt 0.771013 0.935615
vt 0.768702 0.940235
vt 0.768932 0.937595
vt 0.832239 0.942221
vt 0.832459 0.935895
vt 0.874802 0.944392
vt 0.875222 0.938167
vt 0.922859 0.945673
vt 0.922771 0.939505
vt 0.965227 0.942584
vt 0.964637 0.936497
vt 0.731735 0.936286
vt 0.731397 0.939008
vt 0.729172 0.940860
vt 0.729280 0.934084
vt 0.992583 0.939664
vt 0.991786 0.933761
vt 0.920383 0.945389
vt 0.877305 0.944268
vt 0.874715 0.945495
vt 0.967435 0.942012
vt 0.965348 0.943663
vt 0.924939 0.939806
vt 0.962459 0.937078
vt 0.995007 0.938841
vt 0.992791 0.940803
vt 0.768702 0.935986
vt 0.771006 0.934314
vt 0.962810 0.942538
vt 0.925363 0.945311
vt 0.872742 0.938326
vt 0.875321 0.936900
vt 0.770986 0.943188
vt 0.768438 0.941733
vt 0.964503 0.935258
vt 0.967037 0.936580
vt 0.989684 0.934364
vt 0.872568 0.943883
vt 0.991656 0.932552
vt 0.990159 0.939721
vt 0.832506 0.934524
vt 0.834964 0.936347
vt 0.723906 0.935799
vt 0.726411 0.934628
vt 0.922753 0.938321
vt 0.729242 0.932552
vt 0.732026 0.934486
vt 0.726658 0.940368
vt 0.724280 0.939464
vt 0.834535 0.941971
vt 0.832203 0.943283
vt 0.994112 0.933891
vt 0.995992 0.934329
vt 0.922878 0.946832
vt 0.731648 0.940562
vt 0.729126 0.942036
vt 0.996548 0.937645
vt 0.773510 0.935959
vt 0.829895 0.936174
vt 0.920580 0.939870
vt 0.829999 0.941818
vt 0.773349 0.941679
vt 0.877429 0.938691
vt 0.388498 0.929944
vt 0.389275 0.931623
vt 0.388047 0.933026
vt 0.386309 0.932376
vt 0.386361 0.935616
vt 0.388035 0.934875
vt 0.389420 0.936094
vt 0.388764 0.937815
vt 0.392067 0.937741
vt 0.391247 0.936108
vt 0.392566 0.934758
vt 0.394323 0.935398
vt 0.391781 0.929873
vt 0.391174 0.931629
vt 0.392461 0.932917
vt 0.394115 0.932174
vt 0.390496 0.933337
vt 0.390035 0.933314
vt 0.389744 0.933670
vt 0.389724 0.934127
vt 0.390075 0.934418
vt 0.390532 0.934442
vt 0.390826 0.934088
vt 0.390848 0.933630
vt 0.390285 0.933878
vt 0.392202 0.928939
vt 0.395030 0.931804
vt 0.385438 0.932053
vt 0.388033 0.928931
vt 0.388364 0.938751
vt 0.385434 0.935980
vt 0.395194 0.935716
vt 0.392512 0.938751
vt 0.113736 0.902442
vt 0.115498 0.901770
vt 0.116905 0.903031
vt 0.116163 0.904736
vt 0.119459 0.904678
vt 0.118775 0.902948
vt 0.120002 0.901561
vt 0.121683 0.902297
vt 0.121572 0.899048
vt 0.119909 0.899716
vt 0.118566 0.898533
vt 0.119211 0.896847
vt 0.113688 0.899147
vt 0.115434 0.899854
vt 0.116776 0.898515
vt 0.115999 0.896882
vt 0.117186 0.900536
vt 0.117167 0.901001
vt 0.117530 0.901290
vt 0.117992 0.901303
vt 0.118276 0.900942
vt 0.118288 0.900485
vt 0.117935 0.900200
vt 0.117480 0.900180
vt 0.117732 0.900742
vt 0.112769 0.898721
vt 0.115663 0.895958
vt 0.115761 0.905777
vt 0.112769 0.902816
vt 0.122608 0.902697
vt 0.119841 0.905533
vt 0.119539 0.895994
vt 0.122564 0.898595
vt 0.191419 0.974256
vt 0.189643 0.973560
vt 0.189534 0.971649
vt 0.191237 0.970946
vt 0.188829 0.968745
vt 0.188188 0.970433
vt 0.186407 0.970428
vt 0.185633 0.968819
vt 0.183387 0.971103
vt 0.185097 0.971697
vt 0.185082 0.973546
vt 0.183423 0.974343
vt 0.189072 0.976608
vt 0.188258 0.974901
vt 0.186371 0.974888
vt 0.185761 0.976639
vt 0.187547 0.973174
vt 0.187898 0.972868
vt 0.187856 0.972406
vt 0.187550 0.972067
vt 0.187097 0.972101
vt 0.186752 0.972400
vt 0.186783 0.972857
vt 0.187084 0.973207
vt 0.187321 0.972635
vt 0.189429 0.977569
vt 0.185341 0.977564
vt 0.192237 0.970473
vt 0.192376 0.974675
vt 0.185287 0.967906
vt 0.189148 0.967886
vt 0.182482 0.974697
vt 0.182482 0.970692
vt 0.380132 0.904703
vt 0.379374 0.903046
vt 0.380666 0.901715
vt 0.382397 0.902348
vt 0.382247 0.899163
vt 0.380564 0.899845
vt 0.379200 0.898629
vt 0.379921 0.896992
vt 0.376694 0.897033
vt 0.377400 0.898707
vt 0.376067 0.900007
vt 0.374316 0.899286
vt 0.376819 0.904911
vt 0.377550 0.903173
vt 0.376146 0.901926
vt 0.374405 0.902612
vt 0.378170 0.901431
vt 0.378632 0.901443
vt 0.378919 0.901081
vt 0.378931 0.900620
vt 0.378573 0.900334
vt 0.378114 0.900319
vt 0.377823 0.900678
vt 0.377806 0.901144
vt 0.378371 0.900881
vt 0.376490 0.905813
vt 0.373376 0.903072
vt 0.383349 0.902653
vt 0.380590 0.905703
vt 0.380314 0.896103
vt 0.383062 0.898786
vt 0.373376 0.898845
vt 0.376356 0.896095
vt 0.097582 0.939418
vt 0.099247 0.938752
vt 0.100584 0.939939
vt 0.099937 0.941623
vt 0.103149 0.941583
vt 0.102365 0.939961
vt 0.103671 0.938655
vt 0.105438 0.939261
vt 0.105345 0.935928
vt 0.103681 0.936780
vt 0.102320 0.935463
vt 0.102889 0.933674
vt 0.097465 0.936169
vt 0.099160 0.936896
vt 0.100412 0.935475
vt 0.099630 0.933768
vt 0.100889 0.937533
vt 0.100872 0.937991
vt 0.101223 0.938279
vt 0.101674 0.938302
vt 0.101970 0.937954
vt 0.101999 0.937494
vt 0.101643 0.937197
vt 0.101179 0.937174
vt 0.101431 0.937740
vt 0.096544 0.935782
vt 0.099245 0.932935
vt 0.099609 0.942478
vt 0.096592 0.939870
vt 0.106381 0.939683
vt 0.103496 0.942511
vt 0.103199 0.932704
vt 0.106381 0.935457
vt 0.348797 0.921215
vt 0.347065 0.920411
vt 0.347057 0.918486
vt 0.348833 0.917866
vt 0.346462 0.915516
vt 0.345744 0.917198
vt 0.343935 0.917120
vt 0.343200 0.915427
vt 0.340883 0.917660
vt 0.342547 0.918388
vt 0.342553 0.920259
vt 0.340831 0.920857
vt 0.346308 0.923375
vt 0.345621 0.921656
vt 0.343814 0.921533
vt 0.343066 0.923151
vt 0.344997 0.919925
vt 0.345358 0.919635
vt 0.345335 0.919171
vt 0.345041 0.918818
vt 0.344583 0.918838
vt 0.344226 0.919130
vt 0.344249 0.919589
vt 0.344540 0.919940
vt 0.344791 0.919381
vt 0.346588 0.924345
vt 0.342619 0.924018
vt 0.349891 0.917434
vt 0.349728 0.921701
vt 0.342867 0.914565
vt 0.346819 0.914565
vt 0.339986 0.921194
vt 0.339898 0.917231
vt 0.168145 0.896878
vt 0.167374 0.898542
vt 0.165548 0.898605
vt 0.164855 0.896899
vt 0.162453 0.899143
vt 0.164179 0.899873
vt 0.164249 0.901777
vt 0.162495 0.902442
vt 0.164926 0.904716
vt 0.165601 0.903024
vt 0.167444 0.903051
vt 0.168183 0.904746
vt 0.170443 0.899159
vt 0.168731 0.899853
vt 0.168691 0.901703
vt 0.170360 0.902384
vt 0.167018 0.900580
vt 0.166711 0.900235
vt 0.166253 0.900273
vt 0.165907 0.900578
vt 0.165946 0.901039
vt 0.166253 0.901383
vt 0.166712 0.901345
vt 0.167056 0.901040
vt 0.166482 0.900809
vt 0.171387 0.898828
vt 0.171249 0.902791
vt 0.164521 0.895947
vt 0.168566 0.895964
vt 0.161528 0.902816
vt 0.161528 0.898699
vt 0.168551 0.905591
vt 0.164519 0.905736
vt 0.769924 0.966457
vt 0.827301 0.961203
vt 0.827749 0.963662
vt 0.770260 0.968923
vt 0.831743 0.960881
vt 0.870008 0.960014
vt 0.870247 0.962624
vt 0.831644 0.963380
vt 0.874732 0.960059
vt 0.912557 0.961593
vt 0.912629 0.964095
vt 0.874443 0.962664
vt 0.916734 0.961862
vt 0.957854 0.963464
vt 0.957969 0.966084
vt 0.916769 0.964398
vt 0.962563 0.963702
vt 0.990893 0.966215
vt 0.990842 0.968787
vt 0.962158 0.966310
vt 0.995309 0.966849
vt 0.995980 0.967090
vt 0.995633 0.969106
vt 0.994844 0.969172
vt 0.725858 0.966612
vt 0.726914 0.966325
vt 0.727116 0.968600
vt 0.726137 0.968422
vt 0.768135 0.970794
vt 0.767902 0.964695
vt 0.765873 0.969092
vt 0.766021 0.966605
vt 0.829803 0.965207
vt 0.829398 0.959066
vt 0.872328 0.964482
vt 0.872390 0.957942
vt 0.914485 0.965968
vt 0.914879 0.959817
vt 0.959953 0.968042
vt 0.960337 0.961518
vt 0.731180 0.966141
vt 0.730920 0.968608
vt 0.728980 0.970291
vt 0.728914 0.964215
vt 0.992673 0.970802
vt 0.993475 0.964491
vt 0.912270 0.965462
vt 0.874701 0.964156
vt 0.872317 0.965593
vt 0.962346 0.967830
vt 0.959888 0.969154
vt 0.917070 0.960333
vt 0.957707 0.961728
vt 0.995269 0.970635
vt 0.992560 0.971951
vt 0.765774 0.965107
vt 0.767857 0.963532
vt 0.957603 0.967555
vt 0.916918 0.965847
vt 0.869764 0.958291
vt 0.872403 0.956524
vt 0.768179 0.971951
vt 0.765636 0.970577
vt 0.960422 0.960114
vt 0.962900 0.962042
vt 0.990854 0.964469
vt 0.869962 0.964111
vt 0.993731 0.963073
vt 0.990400 0.970182
vt 0.829312 0.957732
vt 0.831881 0.959255
vt 0.724681 0.965734
vt 0.726319 0.964826
vt 0.914980 0.958568
vt 0.728825 0.962823
vt 0.731407 0.964489
vt 0.726673 0.969896
vt 0.725073 0.969202
vt 0.831972 0.964740
vt 0.829871 0.966232
vt 0.996037 0.965412
vt 0.997302 0.966248
vt 0.914392 0.967050
vt 0.731175 0.969963
vt 0.728967 0.971353
vt 0.996800 0.970041
vt 0.770058 0.964942
vt 0.826947 0.959574
vt 0.912454 0.959976
vt 0.827599 0.965031
vt 0.770611 0.970388
vt 0.875008 0.958340
vt 0.273128 0.974268
vt 0.271383 0.973558
vt 0.271230 0.971706
vt 0.272892 0.970997
vt 0.270491 0.968809
vt 0.269864 0.970520
vt 0.268025 0.970555
vt 0.267272 0.968867
vt 0.265097 0.971280
vt 0.266776 0.971966
vt 0.266913 0.973769
vt 0.265252 0.974541
vt 0.270907 0.976700
vt 0.270112 0.974993
vt 0.268200 0.975039
vt 0.267619 0.976788
vt 0.269314 0.973288
vt 0.269650 0.972967
vt 0.269590 0.972509
vt 0.269272 0.972181
vt 0.268816 0.972236
vt 0.268484 0.972555
vt 0.268539 0.973009
vt 0.268853 0.973341
vt 0.269065 0.972761
vt 0.271374 0.977716
vt 0.267212 0.977716
vt 0.273866 0.970526
vt 0.274025 0.974579
vt 0.266900 0.967934
vt 0.270813 0.967947
vt 0.264409 0.974929
vt 0.264064 0.970912
vt 0.098861 0.915525
vt 0.099519 0.917202
vt 0.098186 0.918428
vt 0.096474 0.917774
vt 0.096431 0.921069
vt 0.098112 0.920291
vt 0.099421 0.921669
vt 0.098684 0.923405
vt 0.101926 0.923402
vt 0.101319 0.921660
vt 0.102585 0.920330
vt 0.104277 0.921059
vt 0.102090 0.915515
vt 0.101317 0.917176
vt 0.102671 0.918469
vt 0.104381 0.917767
vt 0.100614 0.918868
vt 0.100160 0.918833
vt 0.099854 0.919171
vt 0.099811 0.919630
vt 0.100158 0.919938
vt 0.100620 0.919974
vt 0.100923 0.919629
vt 0.100959 0.919171
vt 0.100387 0.919402
vt 0.102434 0.914673
vt 0.105300 0.917344
vt 0.095448 0.917325
vt 0.098534 0.914580
vt 0.098325 0.924249
vt 0.095510 0.921486
vt 0.105300 0.921503
vt 0.102266 0.924354
vt 0.284458 0.902211
vt 0.282690 0.901626
vt 0.282654 0.899742
vt 0.284307 0.898972
vt 0.281923 0.896823
vt 0.281288 0.898512
vt 0.279497 0.898507
vt 0.278723 0.896886
vt 0.276436 0.899170
vt 0.278171 0.899788
vt 0.278157 0.901699
vt 0.276410 0.902442
vt 0.282137 0.904576
vt 0.281387 0.902901
vt 0.279553 0.903013
vt 0.278796 0.904729
vt 0.280658 0.901253
vt 0.280998 0.900947
vt 0.280957 0.900488
vt 0.280650 0.900148
vt 0.280195 0.900184
vt 0.279850 0.900488
vt 0.279889 0.900951
vt 0.280200 0.901296
vt 0.280424 0.900719
vt 0.282593 0.905591
vt 0.278385 0.905685
vt 0.285285 0.898512
vt 0.285343 0.902548
vt 0.278381 0.895970
vt 0.282239 0.895970
vt 0.275451 0.902798
vt 0.275528 0.898743
vt 0.067460 0.904872
vt 0.068092 0.903210
vt 0.069884 0.903208
vt 0.070684 0.904840
vt 0.072960 0.902499
vt 0.071198 0.901903
vt 0.071179 0.899980
vt 0.072927 0.899202
vt 0.070490 0.896937
vt 0.069747 0.898682
vt 0.067861 0.898817
vt 0.067150 0.897106
vt 0.065106 0.902707
vt 0.066758 0.902029
vt 0.066626 0.900211
vt 0.064930 0.899510
vt 0.068392 0.901251
vt 0.068705 0.901581
vt 0.069158 0.901536
vt 0.069499 0.901226
vt 0.069451 0.900762
vt 0.069131 0.900420
vt 0.068669 0.900478
vt 0.068337 0.900798
vt 0.068918 0.901007
vt 0.064205 0.903080
vt 0.064060 0.899200
vt 0.071039 0.905775
vt 0.067069 0.905775
vt 0.073885 0.898829
vt 0.073884 0.902915
vt 0.066678 0.896099
vt 0.070891 0.895975
vt 0.325355 0.902718
vt 0.327015 0.901964
vt 0.328402 0.903177
vt 0.327761 0.904898
vt 0.331014 0.904834
vt 0.330215 0.903187
vt 0.331554 0.901831
vt 0.333321 0.902525
vt 0.333183 0.899222
vt 0.331463 0.899912
vt 0.330067 0.898672
vt 0.330794 0.896964
vt 0.325325 0.899452
vt 0.327031 0.900119
vt 0.328225 0.898762
vt 0.327565 0.897081
vt 0.328710 0.900750
vt 0.328693 0.901205
vt 0.329046 0.901494
vt 0.329503 0.901515
vt 0.329796 0.901157
vt 0.329815 0.900693
vt 0.329452 0.900407
vt 0.328994 0.900395
vt 0.329251 0.900952
vt 0.324397 0.899040
vt 0.327199 0.896161
vt 0.327439 0.905765
vt 0.324344 0.903174
vt 0.334262 0.902944
vt 0.331362 0.905765
vt 0.331119 0.896095
vt 0.334191 0.898761
vt 0.089266 0.902426
vt 0.087543 0.901724
vt 0.087469 0.899844
vt 0.089183 0.899210
vt 0.086910 0.896922
vt 0.086140 0.898557
vt 0.084332 0.898613
vt 0.083657 0.896919
vt 0.081257 0.899122
vt 0.082965 0.899864
vt 0.083014 0.901768
vt 0.081249 0.902405
vt 0.086900 0.904682
vt 0.086192 0.902993
vt 0.084362 0.903075
vt 0.083575 0.904757
vt 0.085481 0.901337
vt 0.085823 0.901033
vt 0.085784 0.900576
vt 0.085479 0.900235
vt 0.085025 0.900272
vt 0.084681 0.900573
vt 0.084719 0.901033
vt 0.085026 0.901377
vt 0.085252 0.900805
vt 0.087322 0.905697
vt 0.083143 0.905697
vt 0.090104 0.898867
vt 0.090124 0.902777
vt 0.083333 0.895975
vt 0.087334 0.896021
vt 0.080289 0.902750
vt 0.080347 0.898672
vt 0.169355 0.917799
vt 0.167711 0.918615
vt 0.166396 0.917289
vt 0.166993 0.915525
vt 0.163737 0.915606
vt 0.164534 0.917266
vt 0.163182 0.918599
vt 0.161437 0.917913
vt 0.161603 0.921192
vt 0.163261 0.920459
vt 0.164522 0.921756
vt 0.163923 0.923488
vt 0.169433 0.921098
vt 0.167681 0.920483
vt 0.166357 0.921784
vt 0.167145 0.923421
vt 0.165990 0.919759
vt 0.166027 0.919298
vt 0.165679 0.918993
vt 0.165217 0.918957
vt 0.164913 0.919307
vt 0.164881 0.919768
vt 0.165228 0.920070
vt 0.165685 0.920104
vt 0.165453 0.919532
vt 0.170368 0.921518
vt 0.167495 0.924349
vt 0.167328 0.914656
vt 0.170368 0.917351
vt 0.160499 0.917500
vt 0.163387 0.914674
vt 0.163584 0.924346
vt 0.160608 0.921640
vt 0.766919 0.951582
vt 0.812107 0.949844
vt 0.812406 0.952389
vt 0.766788 0.954098
vt 0.816739 0.949728
vt 0.879695 0.949788
vt 0.879904 0.952332
vt 0.816521 0.952316
vt 0.884267 0.949859
vt 0.916848 0.951481
vt 0.916939 0.953994
vt 0.883934 0.952401
vt 0.921089 0.951684
vt 0.959273 0.952633
vt 0.959109 0.955142
vt 0.921140 0.954228
vt 0.963227 0.952526
vt 0.990642 0.950580
vt 0.990698 0.953174
vt 0.963494 0.955061
vt 0.994875 0.950164
vt 0.996100 0.950269
vt 0.996262 0.952201
vt 0.994974 0.952622
vt 0.725837 0.952831
vt 0.727033 0.952524
vt 0.727291 0.954977
vt 0.725962 0.954733
vt 0.764909 0.955911
vt 0.764629 0.949772
vt 0.762653 0.954302
vt 0.762739 0.951767
vt 0.814492 0.954151
vt 0.814396 0.947744
vt 0.881855 0.954113
vt 0.882051 0.947801
vt 0.918813 0.955857
vt 0.919214 0.949648
vt 0.961330 0.956847
vt 0.961227 0.950692
vt 0.731596 0.952326
vt 0.731405 0.954939
vt 0.729352 0.956823
vt 0.729153 0.950347
vt 0.993195 0.954737
vt 0.992520 0.948378
vt 0.916583 0.955356
vt 0.884145 0.953854
vt 0.881824 0.955173
vt 0.963792 0.956488
vt 0.961349 0.957993
vt 0.921416 0.950163
vt 0.959042 0.951063
vt 0.995682 0.953974
vt 0.993372 0.955934
vt 0.762439 0.950242
vt 0.764557 0.948525
vt 0.958865 0.956570
vt 0.921307 0.955726
vt 0.879493 0.948089
vt 0.882092 0.946433
vt 0.764974 0.956994
vt 0.762479 0.955743
vt 0.961208 0.949510
vt 0.963395 0.950991
vt 0.990232 0.948976
vt 0.879619 0.953719
vt 0.992412 0.947042
vt 0.990585 0.954728
vt 0.814374 0.946360
vt 0.816949 0.948073
vt 0.724672 0.951887
vt 0.726496 0.950976
vt 0.919309 0.948383
vt 0.729050 0.948905
vt 0.731782 0.950597
vt 0.726763 0.956426
vt 0.724764 0.955526
vt 0.816807 0.953779
vt 0.814509 0.955237
vt 0.995136 0.948584
vt 0.997174 0.949174
vt 0.918729 0.956957
vt 0.731730 0.956417
vt 0.729353 0.957993
vt 0.997621 0.952781
vt 0.767044 0.949978
vt 0.811832 0.948154
vt 0.916741 0.949813
vt 0.812171 0.953853
vt 0.767121 0.955454
vt 0.884550 0.948241
vt 0.332553 0.917788
vt 0.330917 0.918576
vt 0.329612 0.917258
vt 0.330221 0.915497
vt 0.326890 0.915543
vt 0.327737 0.917235
vt 0.326410 0.918600
vt 0.324601 0.918023
vt 0.324761 0.921346
vt 0.326431 0.920523
vt 0.327840 0.921725
vt 0.327217 0.923433
vt 0.332548 0.921025
vt 0.330876 0.920372
vt 0.329665 0.921729
vt 0.330389 0.923364
vt 0.329221 0.919712
vt 0.329249 0.919259
vt 0.328903 0.918961
vt 0.328443 0.918929
vt 0.328145 0.919284
vt 0.328121 0.919747
vt 0.328476 0.920037
vt 0.328930 0.920058
vt 0.328686 0.919498
vt 0.333448 0.921421
vt 0.330745 0.924268
vt 0.330641 0.914565
vt 0.333495 0.917441
vt 0.323526 0.917631
vt 0.326506 0.914565
vt 0.326916 0.924280
vt 0.323870 0.921838
vt 0.289991 0.992504
vt 0.291674 0.991739
vt 0.293055 0.992972
vt 0.292403 0.994687
vt 0.295639 0.994627
vt 0.294855 0.993002
vt 0.296167 0.991703
vt 0.297914 0.992310
vt 0.297826 0.989022
vt 0.296191 0.989842
vt 0.294876 0.988526
vt 0.295463 0.986765
vt 0.289927 0.989212
vt 0.291697 0.989830
vt 0.293023 0.988510
vt 0.292218 0.986865
vt 0.293407 0.990541
vt 0.293375 0.991002
vt 0.293724 0.991300
vt 0.294178 0.991330
vt 0.294480 0.990987
vt 0.294515 0.990528
vt 0.294168 0.990226
vt 0.293709 0.990192
vt 0.293944 0.990763
vt 0.288990 0.988792
vt 0.291859 0.985936
vt 0.292082 0.995553
vt 0.288979 0.992966
vt 0.298847 0.992726
vt 0.295988 0.995553
vt 0.295793 0.985897
vt 0.298835 0.988572
vt 0.103217 0.904684
vt 0.102395 0.903043
vt 0.103724 0.901683
vt 0.105494 0.902342
vt 0.105325 0.899118
vt 0.103634 0.899796
vt 0.102279 0.898600
vt 0.102934 0.896898
vt 0.099652 0.896967
vt 0.100469 0.898586
vt 0.099169 0.899916
vt 0.097396 0.899330
vt 0.099905 0.904759
vt 0.100561 0.903030
vt 0.099169 0.901804
vt 0.097485 0.902563
vt 0.101217 0.901348
vt 0.101675 0.901372
vt 0.101969 0.901016
vt 0.101989 0.900555
vt 0.101636 0.900267
vt 0.101182 0.900245
vt 0.100888 0.900596
vt 0.100863 0.901056
vt 0.101427 0.900807
vt 0.099506 0.905697
vt 0.096559 0.902934
vt 0.106365 0.902666
vt 0.103662 0.905697
vt 0.103338 0.895966
vt 0.106241 0.898742
vt 0.096528 0.898999
vt 0.099205 0.895958
vt 0.313905 0.923261
vt 0.313220 0.921512
vt 0.314458 0.920105
vt 0.316159 0.920816
vt 0.316041 0.917605
vt 0.314367 0.918268
vt 0.313021 0.917060
vt 0.313739 0.915446
vt 0.310558 0.915490
vt 0.311246 0.917128
vt 0.309943 0.918376
vt 0.308219 0.917727
vt 0.310524 0.923343
vt 0.311313 0.921591
vt 0.309889 0.920279
vt 0.308134 0.921005
vt 0.311975 0.919834
vt 0.312441 0.919852
vt 0.312729 0.919489
vt 0.312742 0.919032
vt 0.312388 0.918746
vt 0.311936 0.918728
vt 0.311641 0.919076
vt 0.311614 0.919539
vt 0.312183 0.919287
vt 0.310094 0.924305
vt 0.307162 0.921351
vt 0.317122 0.921122
vt 0.314376 0.924305
vt 0.314130 0.914565
vt 0.316858 0.917234
vt 0.307317 0.917284
vt 0.310224 0.914567
vt 0.358023 0.899455
vt 0.359704 0.900078
vt 0.359707 0.901879
vt 0.358076 0.902698
vt 0.360423 0.904896
vt 0.361003 0.903174
vt 0.362872 0.903167
vt 0.363688 0.904852
vt 0.366018 0.902512
vt 0.364242 0.901824
vt 0.364124 0.899908
vt 0.365838 0.899196
vt 0.360174 0.897027
vt 0.360922 0.898703
vt 0.362756 0.898688
vt 0.363405 0.896966
vt 0.361676 0.900392
vt 0.361339 0.900701
vt 0.361380 0.901157
vt 0.361686 0.901498
vt 0.362147 0.901459
vt 0.362494 0.901148
vt 0.362446 0.900685
vt 0.362134 0.900347
vt 0.361913 0.900923
vt 0.359800 0.896095
vt 0.363731 0.896095
vt 0.357238 0.903073
vt 0.357007 0.899082
vt 0.364042 0.905801
vt 0.360024 0.905800
vt 0.366844 0.898720
vt 0.366972 0.902931
vt 0.426331 0.932657
vt 0.427020 0.934384
vt 0.425810 0.935764
vt 0.424073 0.935097
vt 0.424138 0.938400
vt 0.425805 0.937626
vt 0.427210 0.938835
vt 0.426575 0.940565
vt 0.429787 0.940487
vt 0.429046 0.938836
vt 0.430256 0.937459
vt 0.431949 0.938105
vt 0.429612 0.932547
vt 0.428928 0.934306
vt 0.430280 0.935644
vt 0.431931 0.934843
vt 0.428253 0.936060
vt 0.427791 0.936041
vt 0.427504 0.936398
vt 0.427487 0.936855
vt 0.427842 0.937142
vt 0.428297 0.937160
vt 0.428586 0.936810
vt 0.428609 0.936354
vt 0.428046 0.936602
vt 0.430025 0.931618
vt 0.432874 0.934493
vt 0.423125 0.934689
vt 0.425948 0.931710
vt 0.426260 0.941432
vt 0.423125 0.938868
vt 0.432859 0.938498
vt 0.430153 0.941401
vt 0.624250 0.617571
vt 0.610532 0.617564
vt 0.610721 0.518432
vt 0.623599 0.518346
vt 0.767380 0.004213
vt 0.769768 0.081558
vt 0.741725 0.081452
vt 0.743661 0.004764
vt 0.623441 0.816849
vt 0.610554 0.816840
vt 0.610618 0.717404
vt 0.623519 0.717456
vt 0.583038 0.617570
vt 0.582946 0.518415
vt 0.609929 0.518436
vt 0.609742 0.617564
vt 0.557711 0.681890
vt 0.538090 0.681369
vt 0.538130 0.641510
vt 0.557751 0.642031
vt 0.569272 0.518313
vt 0.582155 0.518411
vt 0.582248 0.617569
vt 0.568530 0.617566
vt 0.559957 0.929745
vt 0.540206 0.930359
vt 0.540220 0.889560
vt 0.559756 0.890321
vt 0.875749 0.001745
vt 0.875749 0.085179
vt 0.848871 0.085179
vt 0.848871 0.001745
vt 0.906118 0.001745
vt 0.906118 0.085179
vt 0.879240 0.085179
vt 0.879240 0.001745
vt 0.769424 0.420543
vt 0.769316 0.505332
vt 0.742192 0.505332
vt 0.742105 0.420522
vt 0.779163 0.002546
vt 0.783465 0.081327
vt 0.770579 0.081543
vt 0.768463 0.004083
vt 0.742618 0.004680
vt 0.740917 0.081439
vt 0.728095 0.081260
vt 0.732176 0.003222
vt 0.559813 0.830026
vt 0.538860 0.829971
vt 0.538973 0.789703
vt 0.558069 0.792947
vt 0.828169 0.004216
vt 0.830503 0.080388
vt 0.802982 0.080439
vt 0.804257 0.004590
vt 0.982331 0.421096
vt 0.983519 0.438053
vt 0.955854 0.437972
vt 0.956871 0.421313
vt 0.906118 0.421153
vt 0.906118 0.504586
vt 0.879240 0.504586
vt 0.879240 0.421153
vt 0.803577 0.004580
vt 0.801133 0.080426
vt 0.789298 0.080326
vt 0.792176 0.003093
vt 0.840663 0.002555
vt 0.844234 0.080141
vt 0.832357 0.080359
vt 0.828853 0.004169
vt 0.558112 0.633664
vt 0.538099 0.633265
vt 0.538171 0.593345
vt 0.558059 0.593901
vt 0.936486 0.001745
vt 0.936486 0.020388
vt 0.909609 0.020388
vt 0.909609 0.001745
vt 0.983961 0.455971
vt 0.955517 0.455773
vt 0.983719 0.828156
vt 0.982731 0.844626
vt 0.957261 0.844870
vt 0.956067 0.828107
vt 0.995807 0.419031
vt 0.997494 0.437224
vt 0.984330 0.438011
vt 0.983121 0.421008
vt 0.956095 0.421232
vt 0.955053 0.437937
vt 0.942024 0.437243
vt 0.943618 0.419322
vt 0.998029 0.455694
vt 0.998038 0.474038
vt 0.984859 0.474083
vt 0.984783 0.455954
vt 0.997836 0.492243
vt 0.997560 0.510312
vt 0.984640 0.510280
vt 0.984777 0.492222
vt 0.997266 0.528251
vt 0.996976 0.546064
vt 0.984344 0.546032
vt 0.984490 0.528221
vt 0.996700 0.563750
vt 0.996443 0.581308
vt 0.984082 0.581253
vt 0.984206 0.563710
vt 0.996213 0.598731
vt 0.996023 0.616007
vt 0.983933 0.615954
vt 0.983982 0.598664
vt 0.995897 0.633138
vt 0.996065 0.650269
vt 0.983971 0.650347
vt 0.983992 0.633153
vt 0.996296 0.667554
vt 0.996560 0.684996
vt 0.984191 0.685068
vt 0.984058 0.667646
vt 0.996834 0.702572
vt 0.997099 0.720273
vt 0.984477 0.720282
vt 0.984337 0.702616
vt 0.997343 0.738092
vt 0.997608 0.756050
vt 0.984680 0.756066
vt 0.984546 0.738091
vt 0.997859 0.774131
vt 0.998040 0.792316
vt 0.984892 0.792278
vt 0.984807 0.774141
vt 0.998031 0.810583
vt 0.997547 0.828878
vt 0.984520 0.828191
vt 0.984859 0.810371
vt 0.906118 0.169172
vt 0.879240 0.169172
vt 0.936486 0.039412
vt 0.936486 0.058454
vt 0.909609 0.058454
vt 0.909609 0.039412
vt 0.936486 0.077522
vt 0.936486 0.096622
vt 0.909609 0.096622
vt 0.909609 0.077522
vt 0.936486 0.115758
vt 0.936486 0.134930
vt 0.909609 0.134930
vt 0.909609 0.115758
vt 0.936486 0.154137
vt 0.936486 0.173376
vt 0.909609 0.173376
vt 0.909609 0.154137
vt 0.936486 0.192641
vt 0.936486 0.211924
vt 0.909609 0.211924
vt 0.909609 0.192641
vt 0.936487 0.231217
vt 0.936486 0.250509
vt 0.909609 0.250509
vt 0.909609 0.231217
vt 0.936486 0.269792
vt 0.936486 0.289057
vt 0.909609 0.289057
vt 0.909609 0.269792
vt 0.936486 0.308296
vt 0.936486 0.327504
vt 0.909609 0.327504
vt 0.909609 0.308296
vt 0.936486 0.346676
vt 0.936486 0.365812
vt 0.909609 0.365812
vt 0.909609 0.346676
vt 0.936486 0.384912
vt 0.936486 0.403980
vt 0.909609 0.403980
vt 0.909609 0.384912
vt 0.936486 0.423022
vt 0.936486 0.442046
vt 0.909609 0.442046
vt 0.909609 0.423022
vt 0.954699 0.455761
vt 0.954647 0.473855
vt 0.941500 0.473803
vt 0.941526 0.455537
vt 0.954713 0.491990
vt 0.954822 0.510056
vt 0.941897 0.510065
vt 0.941662 0.491987
vt 0.954949 0.528011
vt 0.955085 0.545838
vt 0.942438 0.545866
vt 0.942161 0.528027
vt 0.955227 0.563532
vt 0.955371 0.581092
vt 0.942998 0.581165
vt 0.942720 0.563581
vt 0.955503 0.598518
vt 0.955588 0.615818
vt 0.943494 0.615896
vt 0.943263 0.598609
vt 0.955568 0.633013
vt 0.955626 0.650212
vt 0.943536 0.650160
vt 0.943662 0.633028
vt 0.955578 0.667503
vt 0.955479 0.684916
vt 0.943116 0.684862
vt 0.943346 0.667436
vt 0.955357 0.702468
vt 0.955217 0.720168
vt 0.942564 0.720117
vt 0.942856 0.702423
vt 0.955003 0.737988
vt 0.954858 0.755904
vt 0.941945 0.755879
vt 0.942240 0.737942
vt 0.954740 0.773951
vt 0.954680 0.792086
vt 0.941502 0.792147
vt 0.941684 0.773944
vt 0.984034 0.474088
vt 0.955471 0.473859
vt 0.983955 0.492224
vt 0.983825 0.510281
vt 0.955638 0.510059
vt 0.955534 0.491992
vt 0.983682 0.528222
vt 0.983543 0.546034
vt 0.955886 0.545840
vt 0.955758 0.528013
vt 0.983414 0.563711
vt 0.983297 0.581253
vt 0.956156 0.581091
vt 0.956021 0.563533
vt 0.983204 0.598664
vt 0.983161 0.615956
vt 0.956361 0.615818
vt 0.956281 0.598516
vt 0.983225 0.633154
vt 0.983198 0.650347
vt 0.956398 0.650210
vt 0.956335 0.633012
vt 0.983279 0.667648
vt 0.983406 0.685069
vt 0.956264 0.684916
vt 0.956356 0.667503
vt 0.983545 0.702616
vt 0.983677 0.720280
vt 0.956018 0.720167
vt 0.956150 0.702467
vt 0.983737 0.738087
vt 0.983863 0.756064
vt 0.955673 0.755902
vt 0.955810 0.737989
vt 0.983985 0.774139
vt 0.984068 0.792274
vt 0.955505 0.792080
vt 0.955562 0.773948
vt 0.984040 0.810359
vt 0.955600 0.810194
vt 0.954779 0.810212
vt 0.955257 0.828151
vt 0.942097 0.828960
vt 0.941534 0.810490
vt 0.557940 0.729581
vt 0.537969 0.729894
vt 0.538108 0.690029
vt 0.558003 0.689544
vt 0.956472 0.844959
vt 0.943791 0.846962
vt 0.936486 0.460500
vt 0.909609 0.460500
vt 0.995983 0.846616
vt 0.983506 0.844707
vt 0.802296 0.420069
vt 0.800458 0.502820
vt 0.789365 0.504534
vt 0.789263 0.420072
vt 0.906118 0.253166
vt 0.879240 0.253166
vt 0.906118 0.337159
vt 0.879240 0.337159
vt 0.844208 0.335091
vt 0.844142 0.420107
vt 0.831105 0.420096
vt 0.831175 0.335091
vt 0.830303 0.420096
vt 0.830234 0.504545
vt 0.803029 0.503478
vt 0.803098 0.420072
vt 0.769419 0.166052
vt 0.742204 0.166018
vt 0.830554 0.165058
vt 0.803270 0.164979
vt 0.830492 0.250034
vt 0.803223 0.249991
vt 0.830373 0.335090
vt 0.803188 0.335068
vt 0.844071 0.504556
vt 0.831035 0.504545
vt 0.844791 0.165072
vt 0.831354 0.165058
vt 0.844383 0.250049
vt 0.833444 0.250037
vt 0.539901 0.940468
vt 0.559348 0.940468
vt 0.559348 0.981052
vt 0.539901 0.981052
vt 0.802471 0.164980
vt 0.789050 0.164965
vt 0.800270 0.249989
vt 0.789328 0.249981
vt 0.802387 0.335067
vt 0.789343 0.335045
vt 0.783274 0.420620
vt 0.782288 0.505350
vt 0.770117 0.505333
vt 0.770226 0.420546
vt 0.769406 0.250809
vt 0.742186 0.250801
vt 0.769299 0.335589
vt 0.742259 0.335600
vt 0.741459 0.335603
vt 0.741303 0.420525
vt 0.728255 0.420596
vt 0.727463 0.335679
vt 0.875749 0.421153
vt 0.875749 0.504901
vt 0.848871 0.504901
vt 0.848871 0.421153
vt 0.581431 0.717385
vt 0.569220 0.717430
vt 0.875749 0.169172
vt 0.848871 0.169172
vt 0.875749 0.253166
vt 0.848871 0.253166
vt 0.875749 0.337159
vt 0.848871 0.337159
vt 0.741391 0.505333
vt 0.729217 0.505346
vt 0.739858 0.166008
vt 0.727269 0.165920
vt 0.741385 0.250801
vt 0.727598 0.250791
vt 0.539727 0.736372
vt 0.559173 0.736372
vt 0.559173 0.776956
vt 0.539727 0.776956
vt 0.784348 0.165957
vt 0.771764 0.166042
vt 0.783991 0.250805
vt 0.770207 0.250810
vt 0.784095 0.335675
vt 0.770098 0.335592
vt 0.582129 0.816849
vt 0.569242 0.816849
vt 0.558890 0.879641
vt 0.539270 0.879121
vt 0.539310 0.839262
vt 0.558931 0.839783
vt 0.582803 0.717380
vt 0.609825 0.717401
vt 0.582921 0.816848
vt 0.609762 0.816839
vt 0.030465 0.823280
vt 0.030465 0.922579
vt 0.003587 0.922579
vt 0.003587 0.823280
vt 0.030465 0.723421
vt 0.003587 0.723421
vt 0.560157 0.879896
vt 0.559119 0.880887
vt 0.539018 0.880400
vt 0.538043 0.879364
vt 0.560157 0.839540
vt 0.559182 0.838504
vt 0.538043 0.839008
vt 0.539081 0.838017
vt 0.558978 0.641788
vt 0.558003 0.640753
vt 0.536863 0.641256
vt 0.537901 0.640266
vt 0.557940 0.683135
vt 0.558978 0.682144
vt 0.536863 0.681612
vt 0.537838 0.682647
vt 0.767676 0.003415
vt 0.540187 0.888619
vt 0.539273 0.889490
vt 0.743352 0.004037
vt 0.539273 0.930425
vt 0.540168 0.931298
vt 0.779699 0.001745
vt 0.780381 0.002251
vt 0.560656 0.890213
vt 0.558610 0.889319
vt 0.731645 0.002439
vt 0.730975 0.002937
vt 0.558782 0.930756
vt 0.560889 0.929859
vt 0.791453 0.002897
vt 0.792101 0.002353
vt 0.538713 0.788239
vt 0.537507 0.789270
vt 0.840725 0.001745
vt 0.841414 0.002333
vt 0.537428 0.830365
vt 0.538520 0.831516
vt 0.803944 0.003842
vt 0.560542 0.791745
vt 0.557143 0.788264
vt 0.828459 0.003438
vt 0.560225 0.831516
vt 0.561355 0.830349
vt 0.559173 0.689344
vt 0.558218 0.688406
vt 0.537902 0.592105
vt 0.536863 0.593093
vt 0.559173 0.729767
vt 0.558194 0.730742
vt 0.536863 0.633488
vt 0.537810 0.634463
vt 0.536940 0.689826
vt 0.537943 0.688801
vt 0.559236 0.593657
vt 0.558262 0.592624
vt 0.537842 0.731101
vt 0.536863 0.730107
vt 0.558293 0.634994
vt 0.559369 0.633937
vt 0.567738 0.617565
vt 0.568481 0.518307
vt 0.624312 0.717459
vt 0.624233 0.816849
vt 0.727326 0.081240
vt 0.394674 0.829947
vt 0.345368 0.829947
vt 0.345368 0.828494
vt 0.394674 0.828494
vt 0.784238 0.081306
vt 0.345368 0.836351
vt 0.394674 0.836351
vt 0.394674 0.837803
vt 0.345368 0.837803
vt 0.788563 0.504535
vt 0.788461 0.420072
vt 0.845038 0.080121
vt 0.941258 0.437196
vt 0.942856 0.419217
vt 0.996581 0.418922
vt 0.998269 0.437174
vt 0.941322 0.829010
vt 0.940763 0.810507
vt 0.940738 0.792149
vt 0.940928 0.773942
vt 0.941195 0.755875
vt 0.941497 0.737937
vt 0.941828 0.720111
vt 0.942127 0.702419
vt 0.942394 0.684857
vt 0.942631 0.667431
vt 0.942827 0.650155
vt 0.942955 0.633029
vt 0.942785 0.615903
vt 0.942547 0.598616
vt 0.942275 0.581171
vt 0.941989 0.563586
vt 0.941701 0.545870
vt 0.941417 0.528030
vt 0.941146 0.510068
vt 0.940905 0.491988
vt 0.940738 0.473800
vt 0.940760 0.455522
vt 0.998797 0.810597
vt 0.998313 0.828924
vt 0.998616 0.774128
vt 0.998802 0.792318
vt 0.998086 0.738089
vt 0.998359 0.756047
vt 0.997564 0.702568
vt 0.997835 0.720270
vt 0.997012 0.667548
vt 0.997283 0.684990
vt 0.996603 0.633137
vt 0.996774 0.650263
vt 0.996928 0.598736
vt 0.996732 0.616011
vt 0.997429 0.563754
vt 0.997165 0.581312
vt 0.998009 0.528255
vt 0.997712 0.546068
vt 0.998593 0.492246
vt 0.998310 0.510316
vt 0.998800 0.455678
vt 0.998802 0.474037
vt 0.943018 0.847072
vt 0.996745 0.846721
vt 0.788534 0.080312
vt 0.788461 0.164966
vt 0.788665 0.249981
vt 0.788541 0.335044
vt 0.844944 0.420108
vt 0.844873 0.504557
vt 0.845010 0.335092
vt 0.845046 0.250051
vt 0.845380 0.165072
vt 0.727691 0.505349
vt 0.727454 0.420600
vt 0.726662 0.335683
vt 0.726618 0.250791
vt 0.726646 0.165917
vt 0.784075 0.420625
vt 0.783814 0.505354
vt 0.784896 0.335679
vt 0.784971 0.250805
vt 0.784971 0.165954
vt 0.568450 0.816849
vt 0.568427 0.717432
vt 0.624391 0.518341
vt 0.625042 0.617572
vt 0.030465 0.624122
vt 0.003587 0.624122
vt 0.102808 0.819004
vt 0.115416 0.819807
vt 0.110087 0.865978
vt 0.099565 0.862596
vt 0.063575 0.818695
vt 0.065741 0.861595
vt 0.044300 0.866605
vt 0.038843 0.819656
vt 0.076223 0.671804
vt 0.063200 0.671833
vt 0.064660 0.629702
vt 0.074561 0.629335
vt 0.721314 0.412611
vt 0.718934 0.506058
vt 0.708787 0.504589
vt 0.710327 0.412488
vt 0.671827 0.412492
vt 0.674632 0.505129
vt 0.651911 0.512162
vt 0.647072 0.412918
vt 0.709661 0.412483
vt 0.708099 0.504571
vt 0.686467 0.504466
vt 0.685025 0.412366
vt 0.684360 0.412372
vt 0.685779 0.504492
vt 0.675339 0.505038
vt 0.673376 0.412469
vt 0.580001 0.410786
vt 0.582350 0.505876
vt 0.572454 0.507481
vt 0.568330 0.410887
vt 0.605853 0.410884
vt 0.605260 0.505119
vt 0.583068 0.505827
vt 0.580817 0.410777
vt 0.912262 0.844276
vt 0.910581 0.828930
vt 0.934585 0.828913
vt 0.933345 0.843369
vt 0.643356 0.411324
vt 0.640014 0.512517
vt 0.617050 0.505663
vt 0.619115 0.410969
vt 0.618285 0.410960
vt 0.615529 0.505579
vt 0.605955 0.505116
vt 0.606665 0.410886
vt 0.958159 0.405377
vt 0.957179 0.390244
vt 0.979636 0.390268
vt 0.978964 0.405689
vt 0.910302 0.813016
vt 0.934728 0.813215
vt 0.910588 0.488593
vt 0.911806 0.474136
vt 0.932887 0.473197
vt 0.934592 0.488541
vt 0.979632 0.405724
vt 0.980415 0.390302
vt 0.992607 0.391248
vt 0.990301 0.408223
vt 0.946729 0.408036
vt 0.944315 0.391252
vt 0.956409 0.390284
vt 0.957480 0.405427
vt 0.980875 0.373144
vt 0.981025 0.356282
vt 0.993245 0.356118
vt 0.993441 0.373393
vt 0.981020 0.339700
vt 0.980995 0.323232
vt 0.992903 0.322974
vt 0.993044 0.339416
vt 0.980976 0.306775
vt 0.980900 0.290193
vt 0.992688 0.290282
vt 0.992806 0.306627
vt 0.980891 0.273508
vt 0.980909 0.256717
vt 0.993201 0.256870
vt 0.992934 0.273703
vt 0.980967 0.239742
vt 0.981059 0.222761
vt 0.993355 0.222679
vt 0.993536 0.239771
vt 0.981212 0.205863
vt 0.981140 0.188943
vt 0.993440 0.189083
vt 0.993319 0.205890
vt 0.981123 0.171969
vt 0.981114 0.155041
vt 0.993376 0.154875
vt 0.993692 0.171979
vt 0.981002 0.138267
vt 0.981060 0.121575
vt 0.992837 0.121493
vt 0.993057 0.138063
vt 0.981123 0.105001
vt 0.981132 0.088521
vt 0.993056 0.088796
vt 0.992957 0.105148
vt 0.981215 0.072044
vt 0.981201 0.055446
vt 0.993465 0.055615
vt 0.993244 0.072349
vt 0.981051 0.038544
vt 0.980480 0.021329
vt 0.992788 0.020260
vt 0.993692 0.038262
vt 0.676170 0.712855
vt 0.677366 0.755971
vt 0.656202 0.758086
vt 0.651770 0.713747
vt 0.956794 0.373195
vt 0.956726 0.356379
vt 0.980229 0.356285
vt 0.980077 0.373129
vt 0.956812 0.339818
vt 0.956911 0.323340
vt 0.980213 0.323243
vt 0.980231 0.339712
vt 0.956975 0.306825
vt 0.956961 0.290211
vt 0.980126 0.290190
vt 0.980204 0.306781
vt 0.957010 0.273528
vt 0.956903 0.256762
vt 0.980122 0.256712
vt 0.980114 0.273502
vt 0.956902 0.239841
vt 0.956880 0.222870
vt 0.980271 0.222760
vt 0.980172 0.239739
vt 0.956802 0.205949
vt 0.956960 0.189050
vt 0.980351 0.188940
vt 0.980429 0.205861
vt 0.957059 0.172071
vt 0.957109 0.155100
vt 0.980329 0.155046
vt 0.980329 0.171969
vt 0.957119 0.138315
vt 0.957121 0.121644
vt 0.980286 0.121577
vt 0.980225 0.138275
vt 0.957122 0.105020
vt 0.957047 0.088526
vt 0.980349 0.088509
vt 0.980351 0.104996
vt 0.957007 0.072050
vt 0.956899 0.055501
vt 0.980403 0.055443
vt 0.980426 0.072031
vt 0.956972 0.038732
vt 0.957265 0.021762
vt 0.979696 0.021374
vt 0.980251 0.038561
vt 0.943460 0.373424
vt 0.943722 0.356155
vt 0.955931 0.356371
vt 0.955999 0.373207
vt 0.944004 0.339462
vt 0.944216 0.323026
vt 0.956128 0.323326
vt 0.956023 0.339803
vt 0.944343 0.306679
vt 0.944416 0.290321
vt 0.956187 0.290216
vt 0.956201 0.306820
vt 0.944178 0.273747
vt 0.943855 0.256934
vt 0.956118 0.256768
vt 0.956233 0.273536
vt 0.943539 0.239831
vt 0.943791 0.222727
vt 0.956092 0.222867
vt 0.956108 0.239840
vt 0.943912 0.205920
vt 0.943876 0.189131
vt 0.956172 0.189049
vt 0.956019 0.205947
vt 0.943695 0.172039
vt 0.944030 0.154940
vt 0.956323 0.155095
vt 0.956264 0.172069
vt 0.944301 0.138107
vt 0.944565 0.121525
vt 0.956347 0.121638
vt 0.956342 0.138309
vt 0.944493 0.105168
vt 0.944365 0.088822
vt 0.956265 0.088539
vt 0.956349 0.105026
vt 0.944198 0.072384
vt 0.943942 0.055715
vt 0.956105 0.055509
vt 0.956217 0.072065
vt 0.910326 0.797411
vt 0.934712 0.797635
vt 0.910418 0.782121
vt 0.910517 0.766957
vt 0.934587 0.767137
vt 0.934657 0.782327
vt 0.910600 0.751781
vt 0.910631 0.736521
vt 0.934497 0.736655
vt 0.934518 0.751934
vt 0.910598 0.721085
vt 0.910671 0.705550
vt 0.934751 0.705624
vt 0.934564 0.721198
vt 0.910779 0.689878
vt 0.910795 0.674208
vt 0.934884 0.674338
vt 0.934900 0.689977
vt 0.910858 0.658699
vt 0.910772 0.643163
vt 0.934861 0.643308
vt 0.934798 0.658811
vt 0.910737 0.627499
vt 0.910741 0.611836
vt 0.934822 0.611986
vt 0.934861 0.627654
vt 0.910778 0.596284
vt 0.910811 0.580844
vt 0.934678 0.580956
vt 0.934748 0.596417
vt 0.910768 0.565570
vt 0.910677 0.550368
vt 0.934748 0.550512
vt 0.934687 0.565690
vt 0.910585 0.535178
vt 0.910508 0.519870
vt 0.934893 0.520058
vt 0.934824 0.535349
vt 0.910469 0.504291
vt 0.934894 0.504454
vt 0.943728 0.038525
vt 0.944550 0.020867
vt 0.956501 0.021733
vt 0.956180 0.038722
vt 0.946812 0.004359
vt 0.957256 0.006746
vt 0.957913 0.006771
vt 0.978664 0.005853
vt 0.979352 0.005791
vt 0.990303 0.003050
vt 0.649778 0.566196
vt 0.632045 0.565485
vt 0.638403 0.518159
vt 0.653019 0.522769
vt 0.767811 0.706704
vt 0.768443 0.751767
vt 0.746675 0.753517
vt 0.742922 0.707218
vt 0.693563 0.566253
vt 0.690514 0.523526
vt 0.711522 0.519675
vt 0.718163 0.564663
vt 0.676961 0.712840
vt 0.693825 0.712750
vt 0.692732 0.756406
vt 0.678041 0.755937
vt 0.742355 0.560043
vt 0.725909 0.559057
vt 0.732354 0.513105
vt 0.746546 0.517033
vt 0.164495 0.812673
vt 0.166523 0.855769
vt 0.144175 0.858280
vt 0.140092 0.813323
vt 0.785185 0.560683
vt 0.784132 0.518570
vt 0.801666 0.514185
vt 0.810784 0.558975
vt 0.768598 0.706699
vt 0.785856 0.706867
vt 0.784886 0.751150
vt 0.769273 0.750708
vt 0.136955 0.666418
vt 0.121404 0.665691
vt 0.125836 0.618370
vt 0.141305 0.623205
vt 0.181601 0.666206
vt 0.178780 0.623477
vt 0.200077 0.618913
vt 0.206303 0.664624
vt 0.165294 0.812657
vt 0.182367 0.812825
vt 0.181156 0.856254
vt 0.167031 0.855331
vt 0.277281 0.684879
vt 0.274463 0.624013
vt 0.298046 0.622789
vt 0.301238 0.684277
vt 0.233776 0.673273
vt 0.225430 0.676758
vt 0.228950 0.611370
vt 0.234891 0.614285
vt 0.259876 0.810823
vt 0.266168 0.812405
vt 0.265739 0.878340
vt 0.259233 0.867924
vt 0.217200 0.682988
vt 0.220158 0.623385
vt 0.276595 0.812966
vt 0.273839 0.873936
vt 0.258084 0.810390
vt 0.258406 0.867568
vt 0.234190 0.867776
vt 0.233903 0.810347
vt 0.098468 0.862365
vt 0.098690 0.863086
vt 0.043684 0.866781
vt 0.044349 0.867397
vt 0.077829 0.861609
vt 0.077476 0.862377
vt 0.076688 0.861662
vt 0.066265 0.861496
vt 0.066167 0.862277
vt 0.096068 0.626822
vt 0.096275 0.626016
vt 0.097066 0.626366
vt 0.044078 0.626654
vt 0.043462 0.626801
vt 0.044017 0.626280
vt 0.075553 0.629464
vt 0.075143 0.628786
vt 0.064153 0.629346
vt 0.064405 0.628949
vt 0.707888 0.008353
vt 0.708353 0.009454
vt 0.707612 0.009172
vt 0.708404 0.505335
vt 0.685213 0.009384
vt 0.685578 0.010145
vt 0.684890 0.010161
vt 0.686145 0.505254
vt 0.718798 0.007249
vt 0.719506 0.007690
vt 0.717738 0.007926
vt 0.719003 0.506805
vt 0.719661 0.506258
vt 0.674478 0.009446
vt 0.675715 0.009993
vt 0.673973 0.010073
vt 0.675106 0.505849
vt 0.572196 0.008216
vt 0.572266 0.008979
vt 0.571534 0.008772
vt 0.571601 0.508367
vt 0.570889 0.507875
vt 0.614690 0.008902
vt 0.615152 0.009598
vt 0.614458 0.009680
vt 0.616584 0.506350
vt 0.582663 0.009569
vt 0.582962 0.010277
vt 0.581660 0.010149
vt 0.582773 0.506653
vt 0.603925 0.009475
vt 0.604954 0.010138
vt 0.603596 0.010247
vt 0.605608 0.505887
vt 0.912170 0.845074
vt 0.911514 0.844515
vt 0.911101 0.473952
vt 0.911670 0.473407
vt 0.933480 0.844099
vt 0.934050 0.843554
vt 0.932978 0.472399
vt 0.933635 0.472957
vt 0.979208 0.406394
vt 0.978894 0.005097
vt 0.957912 0.406114
vt 0.957656 0.006086
vt 0.653697 0.522840
vt 0.653463 0.522093
vt 0.713052 0.518915
vt 0.711594 0.518886
vt 0.674536 0.523729
vt 0.674876 0.522980
vt 0.675205 0.523724
vt 0.689841 0.523593
vt 0.690107 0.522827
vt 0.656001 0.758882
vt 0.655084 0.758371
vt 0.714690 0.759380
vt 0.714906 0.759445
vt 0.714746 0.760136
vt 0.677734 0.756696
vt 0.693410 0.756434
vt 0.693021 0.757167
vt 0.747747 0.517284
vt 0.747526 0.516569
vt 0.802846 0.513918
vt 0.801896 0.512706
vt 0.768037 0.518333
vt 0.768397 0.517586
vt 0.769288 0.518298
vt 0.783175 0.518799
vt 0.783221 0.517582
vt 0.746449 0.754558
vt 0.745714 0.752581
vt 0.806814 0.752883
vt 0.808395 0.753350
vt 0.806923 0.753829
vt 0.768823 0.752724
vt 0.785593 0.751155
vt 0.785222 0.752130
vt 0.141982 0.623274
vt 0.141745 0.622531
vt 0.200824 0.618630
vt 0.200082 0.618105
vt 0.162808 0.623977
vt 0.163137 0.623225
vt 0.163477 0.623962
vt 0.178105 0.623554
vt 0.178357 0.622781
vt 0.144111 0.858692
vt 0.143895 0.858255
vt 0.203246 0.860120
vt 0.203634 0.860376
vt 0.203273 0.860660
vt 0.166649 0.856023
vt 0.181824 0.856447
vt 0.181458 0.857011
vt 0.235618 0.614082
vt 0.235950 0.614951
vt 0.257112 0.614433
vt 0.257409 0.613500
vt 0.258272 0.613858
vt 0.217849 0.875037
vt 0.217269 0.874267
vt 0.218791 0.874911
vt 0.275323 0.873096
vt 0.274884 0.873974
vt 0.228449 0.611103
vt 0.229176 0.610897
vt 0.264333 0.610431
vt 0.265065 0.610658
vt 0.264551 0.610919
vt 0.266177 0.879088
vt 0.265335 0.878861
vt 0.227387 0.879212
vt 0.226574 0.879463
vt 0.226969 0.878712
vt 0.109603 0.866645
vt 0.077518 0.818357
vt 0.076842 0.818363
vt 0.062411 0.671818
vt 0.107649 0.622135
vt 0.107190 0.621426
vt 0.101208 0.670658
vt 0.101823 0.670612
vt 0.038036 0.819707
vt 0.683356 0.103869
vt 0.684915 0.103876
vt 0.671661 0.103773
vt 0.672487 0.103783
vt 0.652062 0.001745
vt 0.651807 0.002488
vt 0.652166 0.512988
vt 0.722533 0.104019
vt 0.723127 0.104009
vt 0.637192 0.001745
vt 0.637448 0.002556
vt 0.567543 0.410899
vt 0.639784 0.513286
vt 0.617091 0.102171
vt 0.618400 0.102148
vt 0.605441 0.102313
vt 0.606096 0.102307
vt 0.579843 0.102214
vt 0.580498 0.102222
vt 0.909832 0.488562
vt 0.935341 0.828945
vt 0.946961 0.408840
vt 0.947028 0.003578
vt 0.990076 0.409021
vt 0.990060 0.002231
vt 0.909794 0.828977
vt 0.909501 0.813020
vt 0.909531 0.797414
vt 0.909628 0.782127
vt 0.909732 0.766964
vt 0.909821 0.751785
vt 0.909860 0.736519
vt 0.909819 0.721080
vt 0.909884 0.705544
vt 0.909982 0.689876
vt 0.910010 0.674210
vt 0.910083 0.658699
vt 0.909985 0.643162
vt 0.909940 0.627498
vt 0.909954 0.611836
vt 0.909998 0.596287
vt 0.910041 0.580847
vt 0.909989 0.565567
vt 0.909892 0.550361
vt 0.909794 0.535171
vt 0.909713 0.519867
vt 0.909674 0.504290
vt 0.935379 0.488493
vt 0.935696 0.504448
vt 0.935689 0.520054
vt 0.935614 0.535341
vt 0.935532 0.550504
vt 0.935466 0.565685
vt 0.935449 0.580957
vt 0.935529 0.596418
vt 0.935609 0.611985
vt 0.935658 0.627652
vt 0.935646 0.643305
vt 0.935573 0.658810
vt 0.935669 0.674340
vt 0.935696 0.689982
vt 0.935538 0.705631
vt 0.935345 0.721200
vt 0.935268 0.736654
vt 0.935298 0.751938
vt 0.935373 0.767145
vt 0.935448 0.782336
vt 0.935507 0.797640
vt 0.935523 0.813217
vt 0.637693 0.517109
vt 0.674663 0.566628
vt 0.675257 0.566624
vt 0.694624 0.712759
vt 0.639895 0.763417
vt 0.640458 0.763861
vt 0.650947 0.713799
vt 0.718789 0.564606
vt 0.733044 0.512062
vt 0.767445 0.560867
vt 0.768437 0.560877
vt 0.786655 0.706881
vt 0.730283 0.756752
vt 0.729430 0.757968
vt 0.742620 0.707231
vt 0.811452 0.558901
vt 0.126070 0.617624
vt 0.163241 0.666797
vt 0.164032 0.666786
vt 0.183161 0.812838
vt 0.127928 0.862351
vt 0.128039 0.862770
vt 0.139665 0.813346
vt 0.206593 0.664600
vt 0.218983 0.624194
vt 0.258403 0.673720
vt 0.259023 0.673441
vt 0.277119 0.812958
vt 0.298624 0.878345
vt 0.298409 0.879295
vt 0.233363 0.868144
vt 0.232107 0.810785
vt 0.215382 0.684497
vt 0.273288 0.623182
vt 0.076819 0.671794
vt 0.207943 0.814070
vt 0.208356 0.814094
vt 0.208402 0.764308
vt 0.209231 0.764306
vt 0.207940 0.714495
vt 0.208912 0.714474
vt 0.138859 0.666482
vt 0.139039 0.715291
vt 0.138222 0.715293
vt 0.139414 0.764597
vt 0.138947 0.764604
vt 0.180809 0.666242
vt 0.182679 0.714903
vt 0.181861 0.714917
vt 0.183287 0.764269
vt 0.182472 0.764272
vt 0.164332 0.764309
vt 0.165145 0.764304
vt 0.163993 0.715139
vt 0.164806 0.715130
vt 0.122659 0.814426
vt 0.121404 0.764930
vt 0.121415 0.715256
vt 0.811250 0.707934
vt 0.812637 0.708004
vt 0.811977 0.658301
vt 0.812625 0.658301
vt 0.811809 0.608482
vt 0.812637 0.608467
vt 0.743359 0.560097
vt 0.742492 0.608648
vt 0.741831 0.608645
vt 0.742464 0.658103
vt 0.741018 0.658111
vt 0.784545 0.560700
vt 0.786564 0.608819
vt 0.785753 0.608825
vt 0.786703 0.658169
vt 0.786064 0.658167
vt 0.767683 0.658105
vt 0.769119 0.658103
vt 0.767577 0.608884
vt 0.768233 0.608886
vt 0.724947 0.708116
vt 0.724064 0.658240
vt 0.724284 0.608496
vt 0.719341 0.713592
vt 0.720130 0.713634
vt 0.719745 0.664348
vt 0.720348 0.664352
vt 0.719517 0.614560
vt 0.720348 0.614553
vt 0.650379 0.566219
vt 0.650117 0.615040
vt 0.648941 0.615037
vt 0.650549 0.664638
vt 0.648993 0.664649
vt 0.692977 0.566277
vt 0.694307 0.614789
vt 0.693490 0.614803
vt 0.694656 0.664179
vt 0.694060 0.664182
vt 0.675629 0.664418
vt 0.677168 0.664391
vt 0.675340 0.615090
vt 0.676509 0.615074
vt 0.633680 0.714974
vt 0.631982 0.664778
vt 0.632046 0.614891
vt 0.102126 0.818969
vt 0.077415 0.769655
vt 0.102670 0.769807
vt 0.077154 0.720191
vt 0.102552 0.720020
vt 0.037793 0.671029
vt 0.037016 0.670978
vt 0.037499 0.720084
vt 0.036868 0.720086
vt 0.037835 0.770013
vt 0.036868 0.770027
vt 0.103359 0.769810
vt 0.103994 0.719999
vt 0.064392 0.818667
vt 0.062977 0.769704
vt 0.063933 0.769697
vt 0.062736 0.720210
vt 0.063359 0.720208
vt 0.075731 0.720200
vt 0.076731 0.769657
vt 0.115559 0.669421
vt 0.116492 0.719819
vt 0.116231 0.769886
vt 0.214807 0.812902
vt 0.215318 0.812909
vt 0.214807 0.748452
vt 0.215622 0.748391
vt 0.234389 0.673553
vt 0.233790 0.738188
vt 0.232981 0.738244
vt 0.275474 0.683347
vt 0.277443 0.748588
vt 0.276631 0.748522
vt 0.258545 0.738279
vt 0.259354 0.738339
vt 0.267282 0.676998
vt 0.266918 0.742622
vt 0.225799 0.812374
vt 0.225385 0.742504
vt 0.301797 0.813616
vt 0.302096 0.748540
vt 0.722871 0.412636
vt 0.721913 0.309703
vt 0.722725 0.309704
vt 0.722367 0.206654
vt 0.722983 0.206656
vt 0.671739 0.309701
vt 0.672551 0.309700
vt 0.671626 0.206691
vt 0.672438 0.206690
vt 0.683187 0.309490
vt 0.684915 0.309702
vt 0.684130 0.206683
vt 0.684942 0.206684
vt 0.711444 0.104104
vt 0.709904 0.104118
vt 0.710342 0.206656
vt 0.709531 0.206655
vt 0.711274 0.309501
vt 0.709545 0.309715
vt 0.647479 0.103295
vt 0.647072 0.206648
vt 0.647180 0.309692
vt 0.580173 0.308104
vt 0.580985 0.308105
vt 0.580142 0.204979
vt 0.580817 0.204978
vt 0.605567 0.308064
vt 0.606379 0.308061
vt 0.605529 0.204983
vt 0.606204 0.204982
vt 0.618204 0.308025
vt 0.619017 0.308023
vt 0.616731 0.204962
vt 0.618781 0.204957
vt 0.568856 0.102073
vt 0.567543 0.102048
vt 0.569615 0.204986
vt 0.567563 0.204986
vt 0.568359 0.308110
vt 0.567547 0.308109
vt 0.643137 0.101570
vt 0.643353 0.204912
vt 0.643581 0.308026
vt 0.538506 0.002507
vt 0.541836 0.057121
vt 0.515479 0.059626
vt 0.513483 0.007842
vt 0.557239 0.002493
vt 0.562448 0.058419
vt 0.503413 0.516420
vt 0.502045 0.584841
vt 0.478960 0.569150
vt 0.476383 0.503914
vt 0.479000 0.002625
vt 0.475658 0.057144
vt 0.455067 0.058453
vt 0.460220 0.002608
vt 0.513165 0.516991
vt 0.513312 0.588392
vt 0.506462 0.588132
vt 0.504206 0.516938
vt 0.512811 0.007895
vt 0.513120 0.059790
vt 0.504469 0.059778
vt 0.505340 0.007980
vt 0.562447 0.478021
vt 0.559888 0.533759
vt 0.539450 0.570830
vt 0.541410 0.503935
vt 0.542618 0.332593
vt 0.542594 0.419920
vt 0.513614 0.421528
vt 0.513628 0.339066
vt 0.563242 0.148042
vt 0.563241 0.229821
vt 0.542635 0.237561
vt 0.542652 0.159589
vt 0.563237 0.321142
vt 0.502114 0.164723
vt 0.503527 0.245587
vt 0.474856 0.237580
vt 0.474870 0.159593
vt 0.499963 0.338133
vt 0.474986 0.332610
vt 0.458613 0.532908
vt 0.455516 0.478326
vt 0.563124 0.411924
vt 0.504614 0.007900
vt 0.503623 0.059731
vt 0.498310 0.421103
vt 0.475146 0.420013
vt 0.516017 0.245022
vt 0.515491 0.164712
vt 0.514001 0.587759
vt 0.515763 0.515511
vt 0.513239 0.165112
vt 0.513285 0.245752
vt 0.504392 0.245752
vt 0.504384 0.165115
vt 0.513239 0.339172
vt 0.504359 0.339168
vt 0.513201 0.421666
vt 0.504455 0.421673
vt 0.454231 0.229853
vt 0.454260 0.148038
vt 0.454376 0.321173
vt 0.455762 0.411993
vt 0.459484 0.002420
vt 0.460100 0.001862
vt 0.557356 0.001745
vt 0.557976 0.002303
vt 0.505060 0.007199
vt 0.506243 0.588530
vt 0.513089 0.007158
vt 0.513571 0.588813
vt 0.457826 0.532762
vt 0.454701 0.477679
vt 0.563258 0.058207
vt 0.538430 0.001772
vt 0.539581 0.571724
vt 0.479081 0.001816
vt 0.478834 0.570051
vt 0.560689 0.533604
vt 0.454258 0.058241
vt 0.453419 0.229209
vt 0.453449 0.147616
vt 0.453563 0.320276
vt 0.453811 0.410904
vt 0.563939 0.410782
vt 0.563267 0.477364
vt 0.564048 0.320245
vt 0.564052 0.229176
vt 0.564052 0.147620
vt 0.420535 0.059428
vt 0.421034 0.117819
vt 0.393672 0.121938
vt 0.393502 0.062161
vt 0.447508 0.052750
vt 0.449004 0.106670
vt 0.384507 0.544379
vt 0.384571 0.593880
vt 0.361308 0.581351
vt 0.359403 0.529029
vt 0.357729 0.059912
vt 0.357289 0.117914
vt 0.329549 0.106846
vt 0.331119 0.053507
vt 0.393440 0.544689
vt 0.392837 0.594265
vt 0.385165 0.594343
vt 0.385173 0.544675
vt 0.393069 0.062173
vt 0.393522 0.121953
vt 0.384667 0.121978
vt 0.384397 0.062225
vt 0.448071 0.483641
vt 0.444989 0.534639
vt 0.417052 0.581127
vt 0.419003 0.529019
vt 0.420771 0.472636
vt 0.394115 0.544396
vt 0.396670 0.486113
vt 0.449146 0.160689
vt 0.448966 0.214604
vt 0.421386 0.236311
vt 0.421483 0.177023
vt 0.448711 0.294941
vt 0.449093 0.376429
vt 0.421016 0.414264
vt 0.421227 0.324811
vt 0.380754 0.182233
vt 0.381155 0.243346
vt 0.356913 0.236319
vt 0.356874 0.177034
vt 0.384002 0.335796
vt 0.383098 0.427468
vt 0.357378 0.414263
vt 0.357176 0.324815
vt 0.333318 0.534735
vt 0.330309 0.483657
vt 0.329380 0.376377
vt 0.329720 0.294953
vt 0.357753 0.472686
vt 0.329321 0.430269
vt 0.384041 0.062207
vt 0.384066 0.121916
vt 0.384391 0.487659
vt 0.394079 0.428184
vt 0.393888 0.335938
vt 0.393660 0.336001
vt 0.393636 0.428339
vt 0.384848 0.428347
vt 0.384753 0.335999
vt 0.393441 0.593804
vt 0.393641 0.183146
vt 0.393674 0.244416
vt 0.384778 0.244419
vt 0.384769 0.183152
vt 0.393577 0.487922
vt 0.385124 0.487937
vt 0.329507 0.214598
vt 0.329311 0.160690
vt 0.449051 0.430290
vt 0.395504 0.243888
vt 0.394944 0.182839
vt 0.334852 0.004179
vt 0.335434 0.003623
vt 0.335552 0.004371
vt 0.442853 0.001745
vt 0.443451 0.002307
vt 0.442734 0.002506
vt 0.384534 0.008277
vt 0.384762 0.008930
vt 0.383534 0.008815
vt 0.384923 0.594808
vt 0.392976 0.008790
vt 0.392346 0.008820
vt 0.392559 0.008096
vt 0.393079 0.594773
vt 0.332559 0.534684
vt 0.329514 0.482801
vt 0.448295 0.052599
vt 0.416771 0.002433
vt 0.416876 0.003254
vt 0.417216 0.581977
vt 0.361076 0.004046
vt 0.361003 0.004787
vt 0.361144 0.582194
vt 0.445746 0.534588
vt 0.328777 0.106633
vt 0.330346 0.053359
vt 0.328717 0.214196
vt 0.328538 0.160387
vt 0.328943 0.294401
vt 0.328538 0.429477
vt 0.328608 0.375674
vt 0.449842 0.429500
vt 0.448859 0.482787
vt 0.449489 0.294389
vt 0.449865 0.375726
vt 0.449757 0.214202
vt 0.449782 0.106457
vt 0.449928 0.160386
vt 0.197829 0.458081
vt 0.199528 0.507340
vt 0.170508 0.510190
vt 0.166246 0.458966
vt 0.129644 0.003585
vt 0.127791 0.027386
vt 0.107729 0.026277
vt 0.111280 0.002605
vt 0.168091 0.565028
vt 0.168046 0.612858
vt 0.161066 0.612712
vt 0.159392 0.565037
vt 0.158389 0.008514
vt 0.157230 0.029368
vt 0.216800 0.457389
vt 0.218694 0.505354
vt 0.167738 0.510482
vt 0.158786 0.510622
vt 0.217892 0.556166
vt 0.216360 0.604673
vt 0.197202 0.610225
vt 0.199200 0.559449
vt 0.196320 0.003716
vt 0.198187 0.027589
vt 0.169345 0.029350
vt 0.167210 0.008660
vt 0.165351 0.458977
vt 0.159949 0.458968
vt 0.128168 0.458955
vt 0.127253 0.507950
vt 0.111753 0.506493
vt 0.109274 0.458082
vt 0.128501 0.559962
vt 0.112264 0.557404
vt 0.167324 0.260706
vt 0.167381 0.324930
vt 0.158523 0.324970
vt 0.158467 0.260703
vt 0.168233 0.393824
vt 0.171046 0.393866
vt 0.166246 0.458965
vt 0.165351 0.458975
vt 0.156445 0.510421
vt 0.158844 0.564976
vt 0.156640 0.458949
vt 0.170468 0.564627
vt 0.157794 0.612448
vt 0.130429 0.610639
vt 0.126168 0.260800
vt 0.126004 0.325413
vt 0.105924 0.325682
vt 0.105946 0.260877
vt 0.167200 0.029387
vt 0.167247 0.110333
vt 0.158450 0.110328
vt 0.158602 0.029389
vt 0.167382 0.196134
vt 0.158504 0.196136
vt 0.199619 0.110138
vt 0.169216 0.110331
vt 0.218463 0.026449
vt 0.219568 0.109921
vt 0.218544 0.196161
vt 0.199582 0.196155
vt 0.219828 0.260918
vt 0.199601 0.260828
vt 0.168732 0.612764
vt 0.167856 0.196134
vt 0.168853 0.260705
vt 0.199487 0.325291
vt 0.167948 0.324927
vt 0.215419 0.003516
vt 0.219949 0.325552
vt 0.125921 0.110045
vt 0.107010 0.109840
vt 0.126170 0.196114
vt 0.105957 0.196084
vt 0.111569 0.605389
vt 0.155137 0.110323
vt 0.157663 0.196136
vt 0.157617 0.260703
vt 0.154970 0.324988
vt 0.166508 0.008725
vt 0.166817 0.007918
vt 0.168339 0.613489
vt 0.158779 0.007805
vt 0.159083 0.008568
vt 0.160775 0.613312
vt 0.215522 0.002740
vt 0.216215 0.003306
vt 0.217190 0.604710
vt 0.216575 0.605424
vt 0.109256 0.002253
vt 0.109980 0.001745
vt 0.111373 0.606138
vt 0.110756 0.605430
vt 0.126047 0.394115
vt 0.155505 0.393860
vt 0.156640 0.458945
vt 0.106188 0.393803
vt 0.107004 0.393783
vt 0.108480 0.458085
vt 0.199408 0.393378
vt 0.217051 0.393224
vt 0.158953 0.393832
vt 0.159949 0.458963
vt 0.129737 0.002768
vt 0.130436 0.611412
vt 0.106879 0.026228
vt 0.219103 0.026407
vt 0.196252 0.002947
vt 0.197240 0.611015
vt 0.218991 0.393240
vt 0.217609 0.457382
vt 0.107346 0.506015
vt 0.219506 0.505289
vt 0.107433 0.556662
vt 0.219999 0.555834
vt 0.105081 0.325690
vt 0.105094 0.260879
vt 0.105106 0.196083
vt 0.105081 0.109819
vt 0.220571 0.260921
vt 0.220237 0.325555
vt 0.220439 0.196162
vt 0.220691 0.109911
vt 0.266010 0.534707
vt 0.269646 0.604095
vt 0.247342 0.600350
vt 0.246499 0.528167
vt 0.319472 0.002491
vt 0.319986 0.072450
vt 0.303297 0.073794
vt 0.300595 0.002885
vt 0.228202 0.591938
vt 0.226891 0.520799
vt 0.323565 0.445838
vt 0.322756 0.520325
vt 0.302174 0.528107
vt 0.303139 0.452567
vt 0.270047 0.008191
vt 0.266805 0.074898
vt 0.245982 0.073712
vt 0.248640 0.002953
vt 0.267763 0.458807
vt 0.245632 0.452523
vt 0.303692 0.149094
vt 0.279927 0.151354
vt 0.279741 0.075050
vt 0.303590 0.224980
vt 0.282801 0.227975
vt 0.303339 0.300912
vt 0.280602 0.305273
vt 0.303527 0.376758
vt 0.279283 0.382510
vt 0.279266 0.459369
vt 0.301272 0.600067
vt 0.278387 0.603955
vt 0.279711 0.535871
vt 0.278872 0.075093
vt 0.279044 0.151427
vt 0.270236 0.151432
vt 0.270138 0.075092
vt 0.279045 0.228570
vt 0.270211 0.228556
vt 0.278814 0.305628
vt 0.270022 0.305616
vt 0.278851 0.382595
vt 0.270018 0.382591
vt 0.278749 0.459491
vt 0.270006 0.459486
vt 0.278877 0.536112
vt 0.269716 0.536134
vt 0.225893 0.072047
vt 0.229898 0.002556
vt 0.245573 0.149043
vt 0.225092 0.146678
vt 0.245520 0.224944
vt 0.226928 0.221788
vt 0.245559 0.300862
vt 0.228007 0.296965
vt 0.245374 0.376707
vt 0.224539 0.370856
vt 0.224914 0.445659
vt 0.322536 0.371492
vt 0.324566 0.296214
vt 0.324638 0.221408
vt 0.324138 0.146779
vt 0.320565 0.591588
vt 0.269603 0.382507
vt 0.269500 0.305533
vt 0.269325 0.228446
vt 0.269353 0.151363
vt 0.277608 0.604096
vt 0.270396 0.604254
vt 0.278651 0.008303
vt 0.277918 0.008419
vt 0.270753 0.008289
vt 0.229699 0.001815
vt 0.229052 0.002376
vt 0.227882 0.592669
vt 0.227334 0.591856
vt 0.319672 0.001745
vt 0.320321 0.002310
vt 0.320887 0.592321
vt 0.321436 0.591507
vt 0.270385 0.007454
vt 0.270031 0.604931
vt 0.278298 0.007525
vt 0.277982 0.604847
vt 0.225111 0.520179
vt 0.324384 0.072056
vt 0.300603 0.002084
vt 0.301358 0.600896
vt 0.248630 0.002165
vt 0.247261 0.601165
vt 0.224975 0.071980
vt 0.224182 0.146602
vt 0.224232 0.221335
vt 0.224182 0.296106
vt 0.224230 0.370808
vt 0.224376 0.445544
vt 0.323654 0.520098
vt 0.324473 0.445628
vt 0.324725 0.370896
vt 0.324836 0.296184
vt 0.324865 0.221391
vt 0.325047 0.146701
vt 0.572581 0.861130
vt 0.572532 0.830582
vt 0.585210 0.829341
vt 0.586377 0.860755
vt 0.056114 0.079844
vt 0.055463 0.157297
vt 0.046639 0.157279
vt 0.047083 0.079693
vt 0.100036 0.514857
vt 0.100037 0.618306
vt 0.078142 0.618330
vt 0.078106 0.514881
vt 0.055376 0.514914
vt 0.055427 0.618356
vt 0.046563 0.618361
vt 0.046489 0.514918
vt 0.574016 0.892951
vt 0.586439 0.893109
vt 0.048493 0.012858
vt 0.046222 0.079674
vt 0.025866 0.079214
vt 0.029115 0.006084
vt 0.057643 0.618355
vt 0.057592 0.514912
vt 0.055373 0.231646
vt 0.046521 0.231641
vt 0.055306 0.307964
vt 0.046389 0.307961
vt 0.044552 0.231642
vt 0.045511 0.307962
vt 0.025138 0.307963
vt 0.025300 0.231653
vt 0.096166 0.007187
vt 0.099194 0.079401
vt 0.077798 0.079735
vt 0.075710 0.008827
vt 0.099936 0.231655
vt 0.099834 0.307956
vt 0.077966 0.307983
vt 0.078058 0.231669
vt 0.025529 0.157204
vt 0.003726 0.157125
vt 0.007599 0.078714
vt 0.003420 0.231666
vt 0.025159 0.513663
vt 0.025181 0.616494
vt 0.003248 0.615597
vt 0.004188 0.513055
vt 0.058196 0.079846
vt 0.057346 0.012383
vt 0.077920 0.157257
vt 0.057667 0.157300
vt 0.057587 0.231650
vt 0.057490 0.307966
vt 0.045081 0.157268
vt 0.006079 0.307961
vt 0.045606 0.513931
vt 0.045688 0.616880
vt 0.099449 0.157177
vt 0.055413 0.013227
vt 0.049179 0.012923
vt 0.007640 0.002643
vt 0.056295 0.011807
vt 0.586421 0.829196
vt 0.585173 0.825993
vt 0.048216 0.011778
vt 0.569264 0.829870
vt 0.572135 0.829299
vt 0.096958 0.006393
vt 0.097669 0.006894
vt 0.587607 0.893240
vt 0.586631 0.895383
vt 0.006062 0.002249
vt 0.006859 0.001745
vt 0.569161 0.893847
vt 0.573763 0.895282
vt 0.028466 0.005097
vt 0.568781 0.861256
vt 0.002667 0.078565
vt 0.100731 0.079360
vt 0.076429 0.007969
vt 0.587607 0.860740
vt 0.045542 0.410986
vt 0.046421 0.411481
vt 0.001986 0.411412
vt 0.002100 0.307961
vt 0.005168 0.410515
vt 0.001867 0.231667
vt 0.002376 0.157118
vt 0.099925 0.411407
vt 0.101385 0.307956
vt 0.101477 0.411406
vt 0.101488 0.231655
vt 0.100984 0.157170
vt 0.101590 0.514856
vt 0.101590 0.618305
vt 0.001745 0.618300
vt 0.001865 0.514855
vt 0.057506 0.411476
vt 0.055323 0.411479
vt 0.025146 0.410834
vt 0.077995 0.411432
s 1
usemtl door
f 25/1/1 19/2/2 13/3/3 44/4/4
f 48/5/5 53/6/6 4/7/7 2/8/8
f 33/9/9 10/10/10 5/11/11 52/12/12
f 32/13/13 37/14/14 24/15/15 20/16/16
f 1/17/17 2/18/8 3/19/18
f 4/20/7 5/21/11 6/22/19
f 7/23/20 8/24/21 9/25/22
f 10/26/23 11/27/24 12/28/25
f 13/29/3 14/30/26 15/31/27
f 16/32/28 17/33/29 18/34/30
f 19/35/2 20/36/16 21/37/31
f 22/38/32 23/39/33 24/40/15
f 7/23/20 1/17/17 3/19/18 8/24/21
f 2/18/8 4/20/7 6/22/19 3/19/18
f 5/21/11 10/26/10 12/28/25 6/22/19
f 11/27/24 9/25/22 8/24/21 12/28/25
f 28/41/34 7/42/20 9/43/22 29/44/35
f 36/45/36 22/46/32 24/15/15 37/14/14
f 23/39/33 21/37/31 20/36/16 24/40/15
f 13/29/3 19/35/2 21/37/31 14/30/26
f 22/38/37 16/32/28 18/34/30 23/39/33
f 17/33/29 15/31/27 14/30/26 18/34/30
f 44/4/4 13/3/3 15/47/27 45/48/38
f 52/12/12 5/11/11 4/49/7 53/50/6
f 16/51/28 49/52/39 56/53/40 17/54/29
f 49/52/39 50/55/41 55/56/42 56/53/40
f 50/55/41 51/57/43 54/58/44 55/56/42
f 51/57/43 52/12/12 53/50/6 54/58/44
f 1/59/17 41/60/45 48/5/5 2/8/8
f 41/60/45 42/61/46 47/62/47 48/5/5
f 42/61/46 43/63/48 46/64/49 47/62/47
f 43/63/48 44/4/4 45/48/38 46/64/49
f 10/10/23 33/9/50 40/65/51 11/66/24
f 33/9/50 34/67/52 39/68/53 40/65/51
f 34/67/52 35/69/54 38/70/55 39/68/53
f 35/69/54 36/45/36 37/14/14 38/70/55
f 19/2/2 25/1/1 32/13/13 20/16/16
f 25/1/1 26/71/56 31/72/57 32/13/13
f 26/71/56 27/73/58 30/74/59 31/72/57
f 27/73/58 28/41/34 29/44/35 30/74/59
f 9/43/22 11/66/24 40/65/51 29/44/35
f 29/44/35 40/65/51 39/68/53 30/74/59
f 30/74/59 39/68/53 38/70/55 31/72/57
f 31/72/57 38/70/55 37/14/14 32/13/13
f 22/46/37 36/45/36 49/52/39 16/51/28
f 36/45/36 35/69/54 50/55/41 49/52/39
f 35/69/54 34/67/52 51/57/43 50/55/41
f 34/67/52 33/9/9 52/12/12 51/57/43
f 15/47/27 17/75/29 56/76/40 45/48/38
f 45/48/38 56/76/40 55/77/42 46/64/49
f 46/64/49 55/77/42 54/78/44 47/62/47
f 47/62/47 54/78/44 53/6/6 48/5/5
f 7/42/20 28/41/34 41/60/60 1/59/17
f 28/41/34 27/73/61 42/61/46 41/60/60
f 27/73/61 26/71/56 43/63/48 42/61/46
f 26/71/56 25/1/1 44/4/4 43/63/48
f 6/22/19 12/28/25 8/24/21 3/19/18
f 21/37/31 23/39/33 18/34/30 14/30/26
f 63/79/62 71/80/63 70/81/64 62/82/65
f 61/83/66 69/84/67 68/85/68 60/86/69
f 59/87/70 67/88/71 66/89/72 58/90/73
f 64/91/74 72/92/75 71/80/63 63/79/62
f 62/82/65 70/81/64 69/84/67 61/83/66
f 60/86/69 68/85/68 67/88/71 59/87/70
f 58/90/73 66/89/72 65/93/76 57/94/77
f 57/94/77 65/93/76 72/92/75 64/91/74
f 72/92/75 80/95/78 79/96/79 71/80/63
f 70/81/64 78/97/80 77/98/81 69/84/67
f 68/85/68 76/99/82 75/100/83 67/88/71
f 66/89/72 74/101/84 73/102/85 65/93/76
f 65/93/76 73/102/85 80/95/78 72/92/75
f 71/80/63 79/96/79 78/97/80 70/81/64
f 69/84/67 77/98/81 76/99/82 68/85/68
f 67/88/71 75/100/83 74/101/84 66/89/72
f 75/100/83 76/99/82 81/103/86 74/101/84
f 74/101/84 81/103/86 80/95/78 73/102/85
f 76/99/82 77/98/81 78/97/80 81/103/86
f 81/103/86 78/97/80 79/96/79 80/95/78
f 64/91/74 89/104/87 82/105/88 57/94/77
f 62/82/65 87/106/89 88/107/90 63/79/62
f 60/86/69 85/108/91 86/109/92 61/83/66
f 58/90/73 83/110/93 84/111/94 59/87/70
f 63/79/62 88/107/90 89/104/87 64/91/74
f 61/83/66 86/109/92 87/106/89 62/82/65
f 59/87/70 84/111/94 85/108/91 60/86/69
f 57/94/77 82/105/88 83/110/93 58/90/73
f 94/112/86 98/113/86 118/114/86 122/115/86
f 97/116/86 101/117/86 115/118/86 119/119/86
f 100/120/86 104/121/86 112/122/86 116/123/86
f 103/124/86 107/125/86 109/126/86 113/127/86
f 106/128/86 131/129/86 133/130/86 110/131/86
f 130/132/86 91/133/86 93/134/86 134/135/86
f 90/136/86 128/137/86 124/138/86 92/139/86
f 94/112/86 122/115/86 123/140/86 96/141/86
f 96/141/86 123/140/86 121/142/86 95/143/86
f 97/116/86 119/119/86 120/144/86 99/145/86
f 99/145/86 120/144/86 118/114/86 98/113/86
f 100/120/86 116/123/86 117/146/86 102/147/86
f 102/147/86 117/146/86 115/118/86 101/117/86
f 103/124/86 113/127/86 114/148/86 105/149/86
f 105/149/86 114/148/86 112/122/86 104/121/86
f 106/128/86 110/131/86 111/150/86 108/151/86
f 108/151/86 111/150/86 109/126/86 107/125/86
f 127/152/86 125/153/86 126/154/86 129/155/86
f 129/155/86 126/154/86 124/138/86 128/137/86
f 130/132/86 134/135/86 135/156/86 132/157/86
f 132/157/86 135/156/86 133/130/86 131/129/86
f 127/152/86 95/143/86 121/142/86 125/153/86
f 112/122/95 158/158/95 162/159/95 116/123/95
f 116/123/96 162/159/96 163/160/96 117/146/96
f 110/131/96 156/161/96 157/162/96 111/150/96
f 103/124/97 149/163/97 153/164/97 107/125/97
f 134/135/96 180/165/96 181/166/96 135/156/96
f 95/143/98 141/167/98 142/168/98 96/141/98
f 109/126/95 155/169/95 159/170/95 113/127/95
f 101/117/98 147/171/98 148/172/98 102/147/98
f 123/140/99 169/173/99 167/174/99 121/142/99
f 107/125/98 153/164/98 154/175/98 108/151/98
f 106/128/97 152/176/97 177/177/97 131/129/97
f 117/146/99 163/160/99 161/178/99 115/118/99
f 131/129/98 177/177/98 178/179/98 132/157/98
f 111/150/100 157/162/100 155/169/100 109/126/100
f 133/130/95 179/180/95 156/161/95 110/131/95
f 135/156/99 181/166/99 179/180/99 133/130/99
f 99/145/101 145/181/101 143/182/101 97/116/101
f 90/136/97 136/183/97 174/184/97 128/137/97
f 105/149/101 151/185/101 149/163/101 103/124/101
f 129/155/101 175/186/101 173/187/101 127/152/101
f 124/138/95 170/188/95 138/189/95 92/139/95
f 127/152/97 173/187/97 141/167/97 95/143/97
f 119/119/96 165/190/96 166/191/96 120/144/96
f 130/132/97 176/192/97 137/193/97 91/133/97
f 113/127/96 159/170/96 160/194/96 114/148/96
f 121/142/95 167/174/95 171/195/95 125/153/95
f 125/153/96 171/195/96 172/196/96 126/154/96
f 93/134/102 139/197/102 180/165/102 134/135/102
f 94/112/97 140/198/97 144/199/97 98/113/97
f 98/113/98 144/199/98 145/181/98 99/145/98
f 92/139/103 138/189/103 136/183/103 90/136/103
f 104/121/98 150/200/98 151/185/98 105/149/98
f 118/114/95 164/201/95 168/202/95 122/115/95
f 120/144/99 166/191/99 164/201/99 118/114/99
f 128/137/98 174/184/98 175/186/98 129/155/98
f 91/133/104 137/193/104 139/197/104 93/134/104
f 114/148/100 160/194/100 158/158/100 112/122/100
f 97/116/97 143/182/97 147/171/97 101/117/97
f 126/154/99 172/196/99 170/188/99 124/138/99
f 96/141/101 142/168/101 140/198/101 94/112/101
f 115/118/95 161/178/95 165/190/95 119/119/95
f 102/147/101 148/172/101 146/203/101 100/120/101
f 108/151/101 154/175/101 152/176/101 106/128/101
f 100/120/97 146/203/97 150/200/97 104/121/97
f 132/157/101 178/179/101 176/192/101 130/132/101
f 122/115/96 168/202/96 169/173/96 123/140/96
f 188/204/105 196/205/106 195/206/107 187/207/108
f 186/208/109 194/209/110 193/210/111 185/211/112
f 184/212/113 192/213/114 191/214/115 183/215/116
f 189/216/117 197/217/118 196/205/106 188/204/105
f 187/207/108 195/206/107 194/209/110 186/208/109
f 185/211/112 193/210/111 192/213/114 184/212/113
f 183/215/116 191/214/115 190/218/119 182/219/120
f 182/219/120 190/218/119 197/217/118 189/216/117
f 197/217/118 205/220/121 204/221/122 196/205/106
f 195/206/107 203/222/123 202/223/124 194/209/110
f 193/210/111 201/224/125 200/225/126 192/213/114
f 191/214/115 199/226/127 198/227/128 190/218/119
f 190/218/119 198/227/128 205/220/121 197/217/118
f 196/205/106 204/221/122 203/222/123 195/206/107
f 194/209/110 202/223/124 201/224/125 193/210/111
f 192/213/114 200/225/126 199/226/127 191/214/115
f 200/225/126 201/224/125 206/228/86 199/226/127
f 199/226/127 206/228/86 205/220/121 198/227/128
f 201/224/125 202/223/124 203/222/123 206/228/86
f 206/228/86 203/222/123 204/221/122 205/220/121
f 189/216/117 214/229/129 207/230/130 182/219/120
f 187/207/108 212/231/131 213/232/132 188/204/105
f 185/211/112 210/233/133 211/234/134 186/208/109
f 183/215/116 208/235/135 209/236/136 184/212/113
f 188/204/105 213/232/132 214/229/129 189/216/117
f 186/208/109 211/234/134 212/231/131 187/207/108
f 184/212/113 209/236/136 210/233/133 185/211/112
f 182/219/120 207/230/130 208/235/135 183/215/116
f 221/237/137 229/238/138 228/239/139 220/240/140
f 219/241/141 227/242/142 226/243/143 218/244/144
f 217/245/145 225/246/146 224/247/147 216/248/148
f 222/249/149 230/250/150 229/238/138 221/237/137
f 220/240/140 228/239/139 227/242/142 219/241/141
f 218/244/144 226/243/143 225/246/146 217/245/145
f 216/248/148 224/247/147 223/251/151 215/252/152
f 215/252/152 223/251/151 230/250/150 222/249/149
f 230/250/150 238/253/153 237/254/154 229/238/138
f 228/239/139 236/255/155 235/256/156 227/242/142
f 226/243/143 234/257/157 233/258/158 225/246/146
f 224/247/147 232/259/159 231/260/160 223/251/151
f 223/251/151 231/260/160 238/253/153 230/250/150
f 229/238/138 237/254/154 236/255/155 228/239/139
f 227/242/142 235/256/156 234/257/157 226/243/143
f 225/246/146 233/258/158 232/259/159 224/247/147
f 233/258/158 234/257/157 239/261/86 232/259/159
f 232/259/159 239/261/86 238/253/153 231/260/160
f 234/257/157 235/256/156 236/255/155 239/261/86
f 239/261/86 236/255/155 237/254/154 238/253/153
f 222/249/149 247/262/161 240/263/162 215/252/152
f 220/240/140 245/264/163 246/265/164 221/237/137
f 218/244/144 243/266/165 244/267/166 219/241/141
f 216/248/148 241/268/167 242/269/168 217/245/145
f 221/237/137 246/265/164 247/262/161 222/249/149
f 219/241/141 244/267/166 245/264/163 220/240/140
f 217/245/145 242/269/168 243/266/165 218/244/144
f 215/252/152 240/263/162 241/268/167 216/248/148
f 254/270/169 262/271/170 261/272/171 253/273/172
f 252/274/173 260/275/174 259/276/175 251/277/176
f 250/278/177 258/279/178 257/280/179 249/281/180
f 255/282/181 263/283/182 262/271/170 254/270/169
f 253/273/172 261/272/171 260/275/174 252/274/173
f 251/277/176 259/276/175 258/279/178 250/278/177
f 249/281/180 257/280/179 256/284/183 248/285/184
f 248/285/184 256/284/183 263/283/182 255/282/181
f 263/283/182 271/286/185 270/287/186 262/271/170
f 261/272/171 269/288/187 268/289/188 260/275/174
f 259/276/175 267/290/189 266/291/190 258/279/178
f 257/280/179 265/292/191 264/293/192 256/284/183
f 256/284/183 264/293/192 271/286/185 263/283/182
f 262/271/170 270/287/186 269/288/187 261/272/171
f 260/275/174 268/289/188 267/290/189 259/276/175
f 258/279/178 266/291/190 265/292/191 257/280/179
f 266/291/190 267/290/189 272/294/86 265/292/191
f 265/292/191 272/294/86 271/286/185 264/293/192
f 267/290/189 268/289/188 269/288/187 272/294/86
f 272/294/86 269/288/187 270/287/186 271/286/185
f 255/282/181 280/295/193 273/296/194 248/285/184
f 253/273/172 278/297/195 279/298/196 254/270/169
f 251/277/176 276/299/197 277/300/198 252/274/173
f 249/281/180 274/301/199 275/302/200 250/278/177
f 254/270/169 279/298/196 280/295/193 255/282/181
f 252/274/173 277/300/198 278/297/195 253/273/172
f 250/278/177 275/302/200 276/299/197 251/277/176
f 248/285/184 273/296/194 274/301/199 249/281/180
f 287/303/201 295/304/202 294/305/203 286/306/204
f 285/307/205 293/308/206 292/309/207 284/310/208
f 283/311/209 291/312/210 290/313/211 282/314/212
f 288/315/213 296/316/214 295/304/202 287/303/201
f 286/306/204 294/305/203 293/308/206 285/307/205
f 284/310/208 292/309/207 291/312/210 283/311/209
f 282/314/212 290/313/211 289/317/215 281/318/216
f 281/318/216 289/317/215 296/316/214 288/315/213
f 296/316/214 304/319/217 303/320/218 295/304/202
f 294/305/203 302/321/219 301/322/220 293/308/206
f 292/309/207 300/323/221 299/324/222 291/312/210
f 290/313/211 298/325/223 297/326/224 289/317/215
f 289/317/215 297/326/224 304/319/217 296/316/214
f 295/304/202 303/320/218 302/321/219 294/305/203
f 293/308/206 301/322/220 300/323/221 292/309/207
f 291/312/210 299/324/222 298/325/223 290/313/211
f 299/324/222 300/323/221 305/327/86 298/325/223
f 298/325/223 305/327/86 304/319/217 297/326/224
f 300/323/221 301/322/220 302/321/219 305/327/86
f 305/327/86 302/321/219 303/320/218 304/319/217
f 288/315/213 313/328/225 306/329/226 281/318/216
f 286/306/204 311/330/227 312/331/228 287/303/201
f 284/310/208 309/332/229 310/333/230 285/307/205
f 282/314/212 307/334/231 308/335/232 283/311/209
f 287/303/201 312/331/228 313/328/225 288/315/213
f 285/307/205 310/333/230 311/330/227 286/306/204
f 283/311/209 308/335/232 309/332/229 284/310/208
f 281/318/216 306/329/226 307/334/231 282/314/212
f 320/336/233 328/337/234 327/338/235 319/339/236
f 318/340/237 326/341/238 325/342/239 317/343/240
f 316/344/241 324/345/242 323/346/243 315/347/244
f 321/348/245 329/349/246 328/337/234 320/336/233
f 319/339/236 327/338/235 326/341/238 318/340/237
f 317/343/240 325/342/239 324/345/242 316/344/241
f 315/347/244 323/346/243 322/350/247 314/351/248
f 314/351/248 322/350/247 329/349/246 321/348/245
f 329/349/246 337/352/249 336/353/250 328/337/234
f 327/338/235 335/354/251 334/355/252 326/341/238
f 325/342/239 333/356/253 332/357/254 324/345/242
f 323/346/243 331/358/255 330/359/256 322/350/247
f 322/350/247 330/359/256 337/352/249 329/349/246
f 328/337/234 336/353/250 335/354/251 327/338/235
f 326/341/238 334/355/252 333/356/253 325/342/239
f 324/345/242 332/357/254 331/358/255 323/346/243
f 332/357/254 333/356/253 338/360/86 331/358/255
f 331/358/255 338/360/86 337/352/249 330/359/256
f 333/356/253 334/355/252 335/354/251 338/360/86
f 338/360/86 335/354/251 336/353/250 337/352/249
f 321/348/245 346/361/257 339/362/258 314/351/248
f 319/339/236 344/363/259 345/364/260 320/336/233
f 317/343/240 342/365/261 343/366/262 318/340/237
f 315/347/244 340/367/263 341/368/264 316/344/241
f 320/336/233 345/364/260 346/361/257 321/348/245
f 318/340/237 343/366/262 344/363/259 319/339/236
f 316/344/241 341/368/264 342/365/261 317/343/240
f 314/351/248 339/362/258 340/367/263 315/347/244
f 353/369/265 361/370/266 360/371/267 352/372/268
f 351/373/269 359/374/270 358/375/271 350/376/272
f 349/377/273 357/378/274 356/379/275 348/380/276
f 354/381/277 362/382/278 361/370/266 353/369/265
f 352/372/268 360/371/267 359/374/270 351/373/269
f 350/376/272 358/375/271 357/378/274 349/377/273
f 348/380/276 356/379/275 355/383/279 347/384/280
f 347/384/280 355/383/279 362/382/278 354/381/277
f 362/382/278 370/385/281 369/386/282 361/370/266
f 360/371/267 368/387/283 367/388/284 359/374/270
f 358/375/271 366/389/285 365/390/286 357/378/274
f 356/379/275 364/391/287 363/392/288 355/383/279
f 355/383/279 363/392/288 370/385/281 362/382/278
f 361/370/266 369/386/282 368/387/283 360/371/267
f 359/374/270 367/388/284 366/389/285 358/375/271
f 357/378/274 365/390/286 364/391/287 356/379/275
f 365/390/286 366/389/285 371/393/86 364/391/287
f 364/391/287 371/393/86 370/385/281 363/392/288
f 366/389/285 367/388/284 368/387/283 371/393/86
f 371/393/86 368/387/283 369/386/282 370/385/281
f 354/381/277 379/394/289 372/395/290 347/384/280
f 352/372/268 377/396/291 378/397/292 353/369/265
f 350/376/272 375/398/293 376/399/294 351/373/269
f 348/380/276 373/400/295 374/401/296 349/377/273
f 353/369/265 378/397/292 379/394/289 354/381/277
f 351/373/269 376/399/294 377/396/291 352/372/268
f 349/377/273 374/401/296 375/398/293 350/376/272
f 347/384/280 372/395/290 373/400/295 348/380/276
f 386/402/62 394/403/63 393/404/64 385/405/65
f 384/406/66 392/407/297 391/408/68 383/409/69
f 382/410/70 390/411/71 389/412/72 381/413/298
f 387/414/74 395/415/75 394/403/63 386/402/62
f 385/405/65 393/404/64 392/407/297 384/406/66
f 383/409/69 391/408/68 390/411/71 382/410/70
f 381/413/298 389/412/72 388/416/76 380/417/77
f 380/417/77 388/416/76 395/415/75 387/414/74
f 395/415/75 403/418/299 402/419/79 394/403/63
f 393/404/64 401/420/80 400/421/81 392/407/297
f 391/408/68 399/422/82 398/423/83 390/411/71
f 389/412/72 397/424/84 396/425/85 388/416/76
f 388/416/76 396/425/85 403/418/299 395/415/75
f 394/403/63 402/419/79 401/420/80 393/404/64
f 392/407/297 400/421/81 399/422/82 391/408/68
f 390/411/71 398/423/83 397/424/84 389/412/72
f 398/423/83 399/422/82 404/426/86 397/424/84
f 397/424/84 404/426/86 403/418/299 396/425/85
f 399/422/82 400/421/81 401/420/80 404/426/86
f 404/426/86 401/420/80 402/419/79 403/418/299
f 387/414/74 412/427/87 405/428/88 380/417/77
f 385/405/65 410/429/89 411/430/90 386/402/62
f 383/409/69 408/431/300 409/432/92 384/406/66
f 381/413/298 406/433/93 407/434/94 382/410/70
f 386/402/62 411/430/90 412/427/87 387/414/74
f 384/406/66 409/432/92 410/429/89 385/405/65
f 382/410/70 407/434/94 408/431/300 383/409/69
f 380/417/77 405/428/88 406/433/93 381/413/298
f 417/435/86 421/436/86 441/437/86 445/438/86
f 420/439/86 424/440/86 438/441/86 442/442/86
f 423/443/86 427/444/86 435/445/86 439/446/86
f 426/447/86 430/448/86 432/449/86 436/450/86
f 429/451/86 454/452/86 456/453/86 433/454/86
f 453/455/86 414/456/86 416/457/86 457/458/86
f 413/459/86 451/460/86 447/461/86 415/462/86
f 417/435/86 445/438/86 446/463/86 419/464/86
f 419/464/86 446/463/86 444/465/86 418/466/86
f 420/439/86 442/442/86 443/467/86 422/468/86
f 422/468/86 443/467/86 441/437/86 421/436/86
f 423/443/86 439/446/86 440/469/86 425/470/86
f 425/470/86 440/469/86 438/441/86 424/440/86
f 426/447/86 436/450/86 437/471/86 428/472/86
f 428/472/86 437/471/86 435/445/86 427/444/86
f 429/451/86 433/454/86 434/473/86 431/474/86
f 431/474/86 434/473/86 432/449/86 430/448/86
f 450/475/86 448/476/86 449/477/86 452/478/86
f 452/478/86 449/477/86 447/461/86 451/460/86
f 453/455/86 457/458/86 458/479/86 455/480/86
f 455/480/86 458/479/86 456/453/86 454/452/86
f 450/475/86 418/466/86 444/465/86 448/476/86
f 435/445/102 481/481/102 485/482/102 439/446/102
f 439/446/301 485/482/301 486/483/301 440/469/301
f 433/454/301 479/484/301 480/485/301 434/473/301
f 426/447/97 472/486/97 476/487/97 430/448/97
f 457/458/301 503/488/301 504/489/301 458/479/301
f 418/466/98 464/490/98 465/491/98 419/464/98
f 432/449/102 478/492/102 482/493/102 436/450/102
f 424/440/98 470/494/98 471/495/98 425/470/98
f 446/463/99 492/496/99 490/497/99 444/465/99
f 430/448/98 476/487/98 477/498/98 431/474/98
f 429/451/97 475/499/97 500/500/97 454/452/97
f 440/469/302 486/483/302 484/501/302 438/441/302
f 454/452/98 500/500/98 501/502/98 455/480/98
f 434/473/302 480/485/302 478/492/302 432/449/302
f 456/453/102 502/503/102 479/484/102 433/454/102
f 458/479/302 504/489/302 502/503/302 456/453/302
f 422/468/101 468/504/101 466/505/101 420/439/101
f 413/459/97 459/506/97 497/507/97 451/460/97
f 428/472/101 474/508/101 472/486/101 426/447/101
f 452/478/101 498/509/101 496/510/101 450/475/101
f 447/461/95 493/511/95 461/512/95 415/462/95
f 450/475/97 496/510/97 464/490/97 418/466/97
f 442/442/303 488/513/303 489/514/303 443/467/303
f 453/455/97 499/515/97 460/516/97 414/456/97
f 436/450/301 482/493/301 483/517/301 437/471/301
f 444/465/95 490/497/95 494/518/95 448/476/95
f 448/476/96 494/518/96 495/519/96 449/477/96
f 416/457/95 462/520/95 503/488/95 457/458/95
f 417/435/97 463/521/97 467/522/97 421/436/97
f 421/436/98 467/522/98 468/504/98 422/468/98
f 415/462/103 461/512/103 459/506/103 413/459/103
f 427/444/98 473/523/98 474/508/98 428/472/98
f 441/437/102 487/524/102 491/525/102 445/438/102
f 443/467/302 489/514/302 487/524/302 441/437/302
f 451/460/98 497/507/98 498/509/98 452/478/98
f 414/456/304 460/516/304 462/520/304 416/457/304
f 437/471/302 483/517/302 481/481/302 435/445/302
f 420/439/97 466/505/97 470/494/97 424/440/97
f 449/477/99 495/519/99 493/511/99 447/461/99
f 419/464/101 465/491/101 463/521/101 417/435/101
f 438/441/95 484/501/95 488/513/95 442/442/95
f 425/470/101 471/495/101 469/526/101 423/443/101
f 431/474/101 477/498/101 475/499/101 429/451/101
f 423/443/97 469/526/97 473/523/97 427/444/97
f 455/480/101 501/502/101 499/515/101 453/455/101
f 445/438/301 491/525/301 492/496/301 446/463/301
f 511/527/105 519/528/106 518/529/107 510/530/108
f 509/531/109 517/532/110 516/533/111 508/534/112
f 507/535/305 515/536/114 514/537/115 506/538/116
f 512/539/117 520/540/118 519/528/106 511/527/105
f 510/530/108 518/529/107 517/532/110 509/531/109
f 508/534/112 516/533/111 515/536/114 507/535/305
f 506/538/116 514/537/115 513/541/119 505/542/120
f 505/542/120 513/541/119 520/540/118 512/539/117
f 520/540/118 528/543/121 527/544/122 519/528/106
f 518/529/107 526/545/123 525/546/306 517/532/110
f 516/533/111 524/547/125 523/548/126 515/536/114
f 514/537/115 522/549/127 521/550/128 513/541/119
f 513/541/119 521/550/128 528/543/121 520/540/118
f 519/528/106 527/544/122 526/545/123 518/529/107
f 517/532/110 525/546/306 524/547/125 516/533/111
f 515/536/114 523/548/126 522/549/127 514/537/115
f 523/548/126 524/547/125 529/551/86 522/549/127
f 522/549/127 529/551/86 528/543/121 521/550/128
f 524/547/125 525/546/306 526/545/123 529/551/86
f 529/551/86 526/545/123 527/544/122 528/543/121
f 512/539/117 537/552/129 530/553/130 505/542/120
f 510/530/108 535/554/307 536/555/308 511/527/105
f 508/534/112 533/556/133 534/557/134 509/531/109
f 506/538/116 531/558/135 532/559/309 507/535/305
f 511/527/105 536/555/308 537/552/129 512/539/117
f 509/531/109 534/557/134 535/554/307 510/530/108
f 507/535/305 532/559/309 533/556/133 508/534/112
f 505/542/120 530/553/130 531/558/135 506/538/116
f 544/560/137 552/561/138 551/562/139 543/563/140
f 542/564/141 550/565/310 549/566/311 541/567/144
f 540/568/145 548/569/312 547/570/147 539/571/148
f 545/572/149 553/573/313 552/561/138 544/560/137
f 543/563/140 551/562/139 550/565/310 542/564/141
f 541/567/144 549/566/311 548/569/312 540/568/145
f 539/571/148 547/570/147 546/574/314 538/575/152
f 538/575/152 546/574/314 553/573/313 545/572/149
f 553/573/313 561/576/153 560/577/154 552/561/138
f 551/562/139 559/578/155 558/579/156 550/565/310
f 549/566/311 557/580/157 556/581/158 548/569/312
f 547/570/147 555/582/159 554/583/160 546/574/314
f 546/574/314 554/583/160 561/576/153 553/573/313
f 552/561/138 560/577/154 559/578/155 551/562/139
f 550/565/310 558/579/156 557/580/157 549/566/311
f 548/569/312 556/581/158 555/582/159 547/570/147
f 556/581/158 557/580/157 562/584/86 555/582/159
f 555/582/159 562/584/86 561/576/153 554/583/160
f 557/580/157 558/579/156 559/578/155 562/584/86
f 562/584/86 559/578/155 560/577/154 561/576/153
f 545/572/149 570/585/315 563/586/162 538/575/152
f 543/563/140 568/587/163 569/588/164 544/560/137
f 541/567/144 566/589/316 567/590/166 542/564/141
f 539/571/148 564/591/167 565/592/168 540/568/145
f 544/560/137 569/588/164 570/585/315 545/572/149
f 542/564/141 567/590/166 568/587/163 543/563/140
f 540/568/145 565/592/168 566/589/316 541/567/144
f 538/575/152 563/586/162 564/591/167 539/571/148
f 577/593/169 585/594/170 584/595/171 576/596/172
f 575/597/173 583/598/174 582/599/175 574/600/176
f 573/601/177 581/602/178 580/603/179 572/604/180
f 578/605/181 586/606/182 585/594/170 577/593/169
f 576/596/172 584/595/171 583/598/174 575/597/173
f 574/600/176 582/599/175 581/602/178 573/601/177
f 572/604/180 580/603/179 579/607/183 571/608/184
f 571/608/184 579/607/183 586/606/182 578/605/181
f 586/606/182 594/609/185 593/610/317 585/594/170
f 584/595/171 592/611/187 591/612/188 583/598/174
f 582/599/175 590/613/189 589/614/190 581/602/178
f 580/603/179 588/615/191 587/616/318 579/607/183
f 579/607/183 587/616/318 594/609/185 586/606/182
f 585/594/170 593/610/317 592/611/187 584/595/171
f 583/598/174 591/612/188 590/613/189 582/599/175
f 581/602/178 589/614/190 588/615/191 580/603/179
f 589/614/190 590/613/189 595/617/86 588/615/191
f 588/615/191 595/617/86 594/609/185 587/616/318
f 590/613/189 591/612/188 592/611/187 595/617/86
f 595/617/86 592/611/187 593/610/317 594/609/185
f 578/605/181 603/618/193 596/619/194 571/608/184
f 576/596/172 601/620/195 602/621/196 577/593/169
f 574/600/176 599/622/197 600/623/198 575/597/173
f 572/604/180 597/624/199 598/625/200 573/601/177
f 577/593/169 602/621/196 603/618/193 578/605/181
f 575/597/173 600/623/198 601/620/195 576/596/172
f 573/601/177 598/625/200 599/622/197 574/600/176
f 571/608/184 596/619/194 597/624/199 572/604/180
f 610/626/201 618/627/202 617/628/203 609/629/204
f 608/630/319 616/631/206 615/632/207 607/633/320
f 606/634/209 614/635/210 613/636/211 605/637/321
f 611/638/213 619/639/214 618/627/202 610/626/201
f 609/629/204 617/628/203 616/631/206 608/630/319
f 607/633/320 615/632/207 614/635/210 606/634/209
f 605/637/321 613/636/211 612/640/215 604/641/216
f 604/641/216 612/640/215 619/639/214 611/638/213
f 619/639/214 627/642/217 626/643/218 618/627/202
f 617/628/203 625/644/322 624/645/220 616/631/206
f 615/632/207 623/646/323 622/647/222 614/635/210
f 613/636/211 621/648/223 620/649/224 612/640/215
f 612/640/215 620/649/224 627/642/217 619/639/214
f 618/627/202 626/643/218 625/644/322 617/628/203
f 616/631/206 624/645/220 623/646/323 615/632/207
f 614/635/210 622/647/222 621/648/223 613/636/211
f 622/647/222 623/646/323 628/650/86 621/648/223
f 621/648/223 628/650/86 627/642/217 620/649/224
f 623/646/323 624/645/220 625/644/322 628/650/86
f 628/650/86 625/644/322 626/643/218 627/642/217
f 611/638/213 636/651/225 629/652/226 604/641/216
f 609/629/204 634/653/227 635/654/228 610/626/201
f 607/633/320 632/655/229 633/656/230 608/630/319
f 605/637/321 630/657/231 631/658/232 606/634/209
f 610/626/201 635/654/228 636/651/225 611/638/213
f 608/630/319 633/656/230 634/653/227 609/629/204
f 606/634/209 631/658/232 632/655/229 607/633/320
f 604/641/216 629/652/226 630/657/231 605/637/321
f 643/659/233 651/660/234 650/661/235 642/662/236
f 641/663/237 649/664/238 648/665/239 640/666/324
f 639/667/241 647/668/242 646/669/243 638/670/244
f 644/671/245 652/672/246 651/660/234 643/659/233
f 642/662/236 650/661/235 649/664/238 641/663/237
f 640/666/324 648/665/239 647/668/242 639/667/241
f 638/670/244 646/669/243 645/673/247 637/674/248
f 637/674/248 645/673/247 652/672/246 644/671/245
f 652/672/246 660/675/249 659/676/250 651/660/234
f 650/661/235 658/677/251 657/678/252 649/664/238
f 648/665/239 656/679/253 655/680/254 647/668/242
f 646/669/243 654/681/255 653/682/256 645/673/247
f 645/673/247 653/682/256 660/675/249 652/672/246
f 651/660/234 659/676/250 658/677/251 650/661/235
f 649/664/238 657/678/252 656/679/253 648/665/239
f 647/668/242 655/680/254 654/681/255 646/669/243
f 655/680/254 656/679/253 661/683/86 654/681/255
f 654/681/255 661/683/86 660/675/249 653/682/256
f 656/679/253 657/678/252 658/677/251 661/683/86
f 661/683/86 658/677/251 659/676/250 660/675/249
f 644/671/245 669/684/257 662/685/258 637/674/248
f 642/662/236 667/686/259 668/687/260 643/659/233
f 640/666/324 665/688/325 666/689/262 641/663/237
f 638/670/244 663/690/263 664/691/264 639/667/241
f 643/659/233 668/687/260 669/684/257 644/671/245
f 641/663/237 666/689/262 667/686/259 642/662/236
f 639/667/241 664/691/264 665/688/325 640/666/324
f 637/674/248 662/685/258 663/690/263 638/670/244
f 676/692/265 684/693/266 683/694/267 675/695/268
f 674/696/326 682/697/327 681/698/271 673/699/272
f 672/700/273 680/701/328 679/702/275 671/703/276
f 677/704/277 685/705/278 684/693/266 676/692/265
f 675/695/268 683/694/267 682/697/327 674/696/326
f 673/699/272 681/698/271 680/701/328 672/700/273
f 671/703/276 679/702/275 678/706/329 670/707/330
f 670/707/330 678/706/329 685/705/278 677/704/277
f 685/705/278 693/708/281 692/709/331 684/693/266
f 683/694/267 691/710/283 690/711/332 682/697/327
f 681/698/271 689/712/285 688/713/333 680/701/328
f 679/702/275 687/714/287 686/715/334 678/706/329
f 678/706/329 686/715/334 693/708/281 685/705/278
f 684/693/266 692/709/331 691/710/283 683/694/267
f 682/697/327 690/711/332 689/712/285 681/698/271
f 680/701/328 688/713/333 687/714/287 679/702/275
f 688/713/333 689/712/285 694/716/86 687/714/287
f 687/714/287 694/716/86 693/708/281 686/715/334
f 689/712/285 690/711/332 691/710/283 694/716/86
f 694/716/86 691/710/283 692/709/331 693/708/281
f 677/704/277 702/717/289 695/718/290 670/707/330
f 675/695/268 700/719/291 701/720/292 676/692/265
f 673/699/272 698/721/293 699/722/294 674/696/326
f 671/703/276 696/723/295 697/724/296 672/700/273
f 676/692/265 701/720/292 702/717/289 677/704/277
f 674/696/326 699/722/294 700/719/291 675/695/268
f 672/700/273 697/724/296 698/721/293 673/699/272
f 670/707/330 695/718/290 696/723/295 671/703/276
f 709/725/62 717/726/63 716/727/64 708/728/65
f 707/729/66 715/730/67 714/731/68 706/732/69
f 705/733/70 713/734/71 712/735/72 704/736/73
f 710/737/74 718/738/75 717/726/63 709/725/62
f 708/728/65 716/727/64 715/730/67 707/729/66
f 706/732/69 714/731/68 713/734/71 705/733/70
f 704/736/73 712/735/72 711/739/76 703/740/77
f 703/740/77 711/739/76 718/738/75 710/737/74
f 718/738/75 726/741/78 725/742/79 717/726/63
f 716/727/64 724/743/80 723/744/81 715/730/67
f 714/731/68 722/745/82 721/746/83 713/734/71
f 712/735/72 720/747/84 719/748/85 711/739/76
f 711/739/76 719/748/85 726/741/78 718/738/75
f 717/726/63 725/742/79 724/743/80 716/727/64
f 715/730/67 723/744/81 722/745/82 714/731/68
f 713/734/71 721/746/83 720/747/84 712/735/72
f 721/746/83 722/745/82 727/749/86 720/747/84
f 720/747/84 727/749/86 726/741/78 719/748/85
f 722/745/82 723/744/81 724/743/80 727/749/86
f 727/749/86 724/743/80 725/742/79 726/741/78
f 710/737/74 735/750/87 728/751/88 703/740/77
f 708/728/65 733/752/89 734/753/90 709/725/62
f 706/732/69 731/754/91 732/755/92 707/729/66
f 704/736/73 729/756/93 730/757/94 705/733/70
f 709/725/62 734/753/90 735/750/87 710/737/74
f 707/729/66 732/755/92 733/752/89 708/728/65
f 705/733/70 730/757/94 731/754/91 706/732/69
f 703/740/77 728/751/88 729/756/93 704/736/73
f 740/758/86 744/759/86 764/760/86 768/761/86
f 743/762/86 747/763/86 761/764/86 765/765/86
f 746/766/86 750/767/86 758/768/86 762/769/86
f 749/770/86 753/771/86 755/772/86 759/773/86
f 752/774/86 777/775/86 779/776/86 756/777/86
f 776/778/86 737/779/86 739/780/86 780/781/86
f 736/782/86 774/783/86 770/784/86 738/785/86
f 740/758/86 768/761/86 769/786/86 742/787/86
f 742/787/86 769/786/86 767/788/86 741/789/86
f 743/762/86 765/765/86 766/790/86 745/791/86
f 745/791/86 766/790/86 764/760/86 744/759/86
f 746/766/86 762/769/86 763/792/86 748/793/86
f 748/793/86 763/792/86 761/764/86 747/763/86
f 749/770/86 759/773/86 760/794/86 751/795/86
f 751/795/86 760/794/86 758/768/86 750/767/86
f 752/774/86 756/777/86 757/796/86 754/797/86
f 754/797/86 757/796/86 755/772/86 753/771/86
f 773/798/86 771/799/86 772/800/86 775/801/86
f 775/801/86 772/800/86 770/784/86 774/783/86
f 776/778/86 780/781/86 781/802/86 778/803/86
f 778/803/86 781/802/86 779/776/86 777/775/86
f 773/798/86 741/789/86 767/788/86 771/799/86
f 758/768/102 804/804/102 808/805/102 762/769/102
f 762/769/335 808/805/335 809/806/335 763/792/335
f 756/777/335 802/807/335 803/808/335 757/796/335
f 749/770/97 795/809/97 799/810/97 753/771/97
f 780/781/335 826/811/335 827/812/335 781/802/335
f 741/789/98 787/813/98 788/814/98 742/787/98
f 755/772/95 801/815/95 805/816/95 759/773/95
f 747/763/98 793/817/98 794/818/98 748/793/98
f 769/786/99 815/819/99 813/820/99 767/788/99
f 753/771/98 799/810/98 800/821/98 754/797/98
f 752/774/97 798/822/97 823/823/97 777/775/97
f 763/792/99 809/806/99 807/824/99 761/764/99
f 777/775/98 823/823/98 824/825/98 778/803/98
f 757/796/100 803/808/100 801/815/100 755/772/100
f 779/776/95 825/826/95 802/807/95 756/777/95
f 781/802/100 827/812/100 825/826/100 779/776/100
f 745/791/101 791/827/101 789/828/101 743/762/101
f 736/782/97 782/829/97 820/830/97 774/783/97
f 751/795/101 797/831/101 795/809/101 749/770/101
f 775/801/101 821/832/101 819/833/101 773/798/101
f 770/784/95 816/834/95 784/835/95 738/785/95
f 773/798/97 819/833/97 787/813/97 741/789/97
f 765/765/96 811/836/96 812/837/96 766/790/96
f 776/778/97 822/838/97 783/839/97 737/779/97
f 759/773/335 805/816/335 806/840/335 760/794/335
f 767/788/95 813/820/95 817/841/95 771/799/95
f 771/799/335 817/841/335 818/842/335 772/800/335
f 739/780/102 785/843/102 826/811/102 780/781/102
f 740/758/97 786/844/97 790/845/97 744/759/97
f 744/759/98 790/845/98 791/827/98 745/791/98
f 738/785/103 784/835/103 782/829/103 736/782/103
f 750/767/98 796/846/98 797/831/98 751/795/98
f 764/760/95 810/847/95 814/848/95 768/761/95
f 766/790/99 812/837/99 810/847/99 764/760/99
f 774/783/336 820/830/336 821/832/336 775/801/336
f 737/779/337 783/839/337 785/843/337 739/780/337
f 760/794/99 806/840/99 804/804/99 758/768/99
f 743/762/97 789/828/97 793/817/97 747/763/97
f 772/800/302 818/842/302 816/834/302 770/784/302
f 742/787/101 788/814/101 786/844/101 740/758/101
f 761/764/102 807/824/102 811/836/102 765/765/102
f 748/793/101 794/818/101 792/849/101 746/766/101
f 754/797/101 800/821/101 798/822/101 752/774/101
f 746/766/97 792/849/97 796/846/97 750/767/97
f 778/803/101 824/825/101 822/838/101 776/778/101
f 768/761/96 814/848/96 815/819/96 769/786/96
f 834/850/338 842/851/106 841/852/107 833/853/108
f 832/854/109 840/855/110 839/856/111 831/857/112
f 830/858/305 838/859/114 837/860/115 829/861/116
f 835/862/117 843/863/118 842/851/106 834/850/338
f 833/853/108 841/852/107 840/855/110 832/854/109
f 831/857/112 839/856/111 838/859/114 830/858/305
f 829/861/116 837/860/115 836/864/119 828/865/339
f 828/865/339 836/864/119 843/863/118 835/862/117
f 843/863/118 851/866/121 850/867/122 842/851/106
f 841/852/107 849/868/123 848/869/124 840/855/110
f 839/856/111 847/870/125 846/871/126 838/859/114
f 837/860/115 845/872/127 844/873/128 836/864/119
f 836/864/119 844/873/128 851/866/121 843/863/118
f 842/851/106 850/867/122 849/868/123 841/852/107
f 840/855/110 848/869/124 847/870/125 839/856/111
f 838/859/114 846/871/126 845/872/127 837/860/115
f 846/871/126 847/870/125 852/874/86 845/872/127
f 845/872/127 852/874/86 851/866/121 844/873/128
f 847/870/125 848/869/124 849/868/123 852/874/86
f 852/874/86 849/868/123 850/867/122 851/866/121
f 835/862/117 860/875/129 853/876/130 828/865/339
f 833/853/108 858/877/131 859/878/132 834/850/338
f 831/857/112 856/879/133 857/880/134 832/854/109
f 829/861/116 854/881/135 855/882/136 830/858/305
f 834/850/338 859/878/132 860/875/129 835/862/117
f 832/854/109 857/880/134 858/877/131 833/853/108
f 830/858/305 855/882/136 856/879/133 831/857/112
f 828/865/339 853/876/130 854/881/135 829/861/116
f 867/883/137 875/884/138 874/885/139 866/886/140
f 865/887/141 873/888/310 872/889/143 864/890/144
f 863/891/145 871/892/146 870/893/340 862/894/148
f 868/895/149 876/896/150 875/884/138 867/883/137
f 866/886/140 874/885/139 873/888/310 865/887/141
f 864/890/144 872/889/143 871/892/146 863/891/145
f 862/894/148 870/893/340 869/897/151 861/898/152
f 861/898/152 869/897/151 876/896/150 868/895/149
f 876/896/150 884/899/153 883/900/154 875/884/138
f 874/885/139 882/901/155 881/902/156 873/888/310
f 872/889/143 880/903/157 879/904/158 871/892/146
f 870/893/340 878/905/159 877/906/160 869/897/151
f 869/897/151 877/906/160 884/899/153 876/896/150
f 875/884/138 883/900/154 882/901/155 874/885/139
f 873/888/310 881/902/156 880/903/157 872/889/143
f 871/892/146 879/904/158 878/905/159 870/893/340
f 879/904/158 880/903/157 885/907/86 878/905/159
f 878/905/159 885/907/86 884/899/153 877/906/160
f 880/903/157 881/902/156 882/901/155 885/907/86
f 885/907/86 882/901/155 883/900/154 884/899/153
f 868/895/149 893/908/161 886/909/162 861/898/152
f 866/886/140 891/910/163 892/911/164 867/883/137
f 864/890/144 889/912/316 890/913/166 865/887/141
f 862/894/148 887/914/167 888/915/168 863/891/145
f 867/883/137 892/911/164 893/908/161 868/895/149
f 865/887/141 890/913/166 891/910/163 866/886/140
f 863/891/145 888/915/168 889/912/316 864/890/144
f 861/898/152 886/909/162 887/914/167 862/894/148
f 900/916/169 908/917/170 907/918/171 899/919/172
f 898/920/173 906/921/174 905/922/175 897/923/176
f 896/924/177 904/925/178 903/926/179 895/927/180
f 901/928/181 909/929/182 908/917/170 900/916/169
f 899/919/172 907/918/171 906/921/174 898/920/173
f 897/923/176 905/922/175 904/925/178 896/924/177
f 895/927/180 903/926/179 902/930/183 894/931/184
f 894/931/184 902/930/183 909/929/182 901/928/181
f 909/929/182 917/932/185 916/933/186 908/917/170
f 907/918/171 915/934/187 914/935/188 906/921/174
f 905/922/175 913/936/189 912/937/341 904/925/178
f 903/926/179 911/938/191 910/939/342 902/930/183
f 902/930/183 910/939/342 917/932/185 909/929/182
f 908/917/170 916/933/186 915/934/187 907/918/171
f 906/921/174 914/935/188 913/936/189 905/922/175
f 904/925/178 912/937/341 911/938/191 903/926/179
f 912/937/341 913/936/189 918/940/86 911/938/191
f 911/938/191 918/940/86 917/932/185 910/939/342
f 913/936/189 914/935/188 915/934/187 918/940/86
f 918/940/86 915/934/187 916/933/186 917/932/185
f 901/928/181 926/941/193 919/942/194 894/931/184
f 899/919/172 924/943/195 925/944/196 900/916/169
f 897/923/176 922/945/197 923/946/198 898/920/173
f 895/927/180 920/947/199 921/948/200 896/924/177
f 900/916/169 925/944/196 926/941/193 901/928/181
f 898/920/173 923/946/198 924/943/195 899/919/172
f 896/924/177 921/948/200 922/945/197 897/923/176
f 894/931/184 919/942/194 920/947/199 895/927/180
f 933/949/201 941/950/202 940/951/203 932/952/204
f 931/953/205 939/954/206 938/955/207 930/956/208
f 929/957/209 937/958/210 936/959/211 928/960/212
f 934/961/213 942/962/214 941/950/202 933/949/201
f 932/952/204 940/951/203 939/954/206 931/953/205
f 930/956/208 938/955/207 937/958/210 929/957/209
f 928/960/212 936/959/211 935/963/215 927/964/343
f 927/964/343 935/963/215 942/962/214 934/961/213
f 942/962/214 950/965/344 949/966/218 941/950/202
f 940/951/203 948/967/322 947/968/220 939/954/206
f 938/955/207 946/969/323 945/970/222 937/958/210
f 936/959/211 944/971/223 943/972/224 935/963/215
f 935/963/215 943/972/224 950/965/344 942/962/214
f 941/950/202 949/966/218 948/967/322 940/951/203
f 939/954/206 947/968/220 946/969/323 938/955/207
f 937/958/210 945/970/222 944/971/223 936/959/211
f 945/970/222 946/969/323 951/973/86 944/971/223
f 944/971/223 951/973/86 950/965/344 943/972/224
f 946/969/323 947/968/220 948/967/322 951/973/86
f 951/973/86 948/967/322 949/966/218 950/965/344
f 934/961/213 959/974/225 952/975/226 927/964/343
f 932/952/204 957/976/227 958/977/228 933/949/201
f 930/956/208 955/978/229 956/979/230 931/953/205
f 928/960/212 953/980/231 954/981/232 929/957/209
f 933/949/201 958/977/228 959/974/225 934/961/213
f 931/953/205 956/979/230 957/976/227 932/952/204
f 929/957/209 954/981/232 955/978/229 930/956/208
f 927/964/343 952/975/226 953/980/231 928/960/212
f 966/982/233 974/983/234 973/984/235 965/985/236
f 964/986/237 972/987/238 971/988/239 963/989/240
f 962/990/241 970/991/242 969/992/243 961/993/244
f 967/994/245 975/995/246 974/983/234 966/982/233
f 965/985/236 973/984/235 972/987/238 964/986/237
f 963/989/240 971/988/239 970/991/242 962/990/241
f 961/993/244 969/992/243 968/996/247 960/997/248
f 960/997/248 968/996/247 975/995/246 967/994/245
f 975/995/246 983/998/249 982/999/250 974/983/234
f 973/984/235 981/1000/251 980/1001/252 972/987/238
f 971/988/239 979/1002/253 978/1003/254 970/991/242
f 969/992/243 977/1004/255 976/1005/256 968/996/247
f 968/996/247 976/1005/256 983/998/249 975/995/246
f 974/983/234 982/999/250 981/1000/251 973/984/235
f 972/987/238 980/1001/252 979/1002/253 971/988/239
f 970/991/242 978/1003/254 977/1004/255 969/992/243
f 978/1003/254 979/1002/253 984/1006/86 977/1004/255
f 977/1004/255 984/1006/86 983/998/249 976/1005/256
f 979/1002/253 980/1001/252 981/1000/251 984/1006/86
f 984/1006/86 981/1000/251 982/999/250 983/998/249
f 967/994/245 992/1007/257 985/1008/258 960/997/248
f 965/985/236 990/1009/259 991/1010/260 966/982/233
f 963/989/240 988/1011/261 989/1012/262 964/986/237
f 961/993/244 986/1013/263 987/1014/264 962/990/241
f 966/982/233 991/1010/260 992/1007/257 967/994/245
f 964/986/237 989/1012/262 990/1009/259 965/985/236
f 962/990/241 987/1014/264 988/1011/261 963/989/240
f 960/997/248 985/1008/258 986/1013/263 961/993/244
f 999/1015/265 1007/1016/266 1006/1017/267 998/1018/268
f 997/1019/269 1005/1020/327 1004/1021/271 996/1022/272
f 995/1023/273 1003/1024/274 1002/1025/275 994/1026/276
f 1000/1027/277 1008/1028/278 1007/1016/266 999/1015/265
f 998/1018/268 1006/1017/267 1005/1020/327 997/1019/269
f 996/1022/272 1004/1021/271 1003/1024/274 995/1023/273
f 994/1026/276 1002/1025/275 1001/1029/329 993/1030/280
f 993/1030/280 1001/1029/329 1008/1028/278 1000/1027/277
f 1008/1028/278 1016/1031/281 1015/1032/331 1007/1016/266
f 1006/1017/267 1014/1033/283 1013/1034/332 1005/1020/327
f 1004/1021/271 1012/1035/285 1011/1036/286 1003/1024/274
f 1002/1025/275 1010/1037/287 1009/1038/288 1001/1029/329
f 1001/1029/329 1009/1038/288 1016/1031/281 1008/1028/278
f 1007/1016/266 1015/1032/331 1014/1033/283 1006/1017/267
f 1005/1020/327 1013/1034/332 1012/1035/285 1004/1021/271
f 1003/1024/274 1011/1036/286 1010/1037/287 1002/1025/275
f 1011/1036/286 1012/1035/285 1017/1039/86 1010/1037/287
f 1010/1037/287 1017/1039/86 1016/1031/281 1009/1038/288
f 1012/1035/285 1013/1034/332 1014/1033/283 1017/1039/86
f 1017/1039/86 1014/1033/283 1015/1032/331 1016/1031/281
f 1000/1027/277 1025/1040/289 1018/1041/290 993/1030/280
f 998/1018/268 1023/1042/291 1024/1043/292 999/1015/265
f 996/1022/272 1021/1044/293 1022/1045/294 997/1019/269
f 994/1026/276 1019/1046/295 1020/1047/296 995/1023/273
f 999/1015/265 1024/1043/292 1025/1040/289 1000/1027/277
f 997/1019/269 1022/1045/294 1023/1042/291 998/1018/268
f 995/1023/273 1020/1047/296 1021/1044/293 996/1022/272
f 993/1030/280 1018/1041/290 1019/1046/295 994/1026/276
f 1032/1048/62 1040/1049/63 1039/1050/64 1031/1051/345
f 1030/1052/66 1038/1053/67 1037/1054/68 1029/1055/69
f 1028/1056/70 1036/1057/71 1035/1058/72 1027/1059/73
f 1033/1060/74 1041/1061/75 1040/1049/63 1032/1048/62
f 1031/1051/345 1039/1050/64 1038/1053/67 1030/1052/66
f 1029/1055/69 1037/1054/68 1036/1057/71 1028/1056/70
f 1027/1059/73 1035/1058/72 1034/1062/76 1026/1063/77
f 1026/1063/77 1034/1062/76 1041/1061/75 1033/1060/74
f 1041/1061/75 1049/1064/78 1048/1065/79 1040/1049/63
f 1039/1050/64 1047/1066/80 1046/1067/81 1038/1053/67
f 1037/1054/68 1045/1068/346 1044/1069/83 1036/1057/71
f 1035/1058/72 1043/1070/84 1042/1071/85 1034/1062/76
f 1034/1062/76 1042/1071/85 1049/1064/78 1041/1061/75
f 1040/1049/63 1048/1065/79 1047/1066/80 1039/1050/64
f 1038/1053/67 1046/1067/81 1045/1068/346 1037/1054/68
f 1036/1057/71 1044/1069/83 1043/1070/84 1035/1058/72
f 1044/1069/83 1045/1068/346 1050/1072/86 1043/1070/84
f 1043/1070/84 1050/1072/86 1049/1064/78 1042/1071/85
f 1045/1068/346 1046/1067/81 1047/1066/80 1050/1072/86
f 1050/1072/86 1047/1066/80 1048/1065/79 1049/1064/78
f 1033/1060/74 1058/1073/87 1051/1074/88 1026/1063/77
f 1031/1051/345 1056/1075/89 1057/1076/90 1032/1048/62
f 1029/1055/69 1054/1077/91 1055/1078/92 1030/1052/66
f 1027/1059/73 1052/1079/93 1053/1080/94 1028/1056/70
f 1032/1048/62 1057/1076/90 1058/1073/87 1033/1060/74
f 1030/1052/66 1055/1078/92 1056/1075/89 1031/1051/345
f 1028/1056/70 1053/1080/94 1054/1077/91 1029/1055/69
f 1026/1063/77 1051/1074/88 1052/1079/93 1027/1059/73
f 1063/1081/86 1067/1082/86 1087/1083/86 1091/1084/86
f 1066/1085/86 1070/1086/86 1084/1087/86 1088/1088/86
f 1069/1089/86 1073/1090/86 1081/1091/86 1085/1092/86
f 1072/1093/86 1076/1094/86 1078/1095/86 1082/1096/86
f 1075/1097/86 1100/1098/86 1102/1099/86 1079/1100/86
f 1099/1101/86 1060/1102/86 1062/1103/86 1103/1104/86
f 1059/1105/86 1097/1106/86 1093/1107/86 1061/1108/86
f 1063/1081/86 1091/1084/86 1092/1109/86 1065/1110/86
f 1065/1110/86 1092/1109/86 1090/1111/86 1064/1112/86
f 1066/1085/86 1088/1088/86 1089/1113/86 1068/1114/86
f 1068/1114/86 1089/1113/86 1087/1083/86 1067/1082/86
f 1069/1089/86 1085/1092/86 1086/1115/86 1071/1116/86
f 1071/1116/86 1086/1115/86 1084/1087/86 1070/1086/86
f 1072/1093/86 1082/1096/86 1083/1117/86 1074/1118/86
f 1074/1118/86 1083/1117/86 1081/1091/86 1073/1090/86
f 1075/1097/86 1079/1100/86 1080/1119/86 1077/1120/86
f 1077/1120/86 1080/1119/86 1078/1095/86 1076/1094/86
f 1096/1121/86 1094/1122/86 1095/1123/86 1098/1124/86
f 1098/1124/86 1095/1123/86 1093/1107/86 1097/1106/86
f 1099/1101/86 1103/1104/86 1104/1125/86 1101/1126/86
f 1101/1126/86 1104/1125/86 1102/1099/86 1100/1098/86
f 1096/1121/86 1064/1112/86 1090/1111/86 1094/1122/86
f 1081/1091/95 1127/1127/95 1131/1128/95 1085/1092/95
f 1085/1092/96 1131/1128/96 1132/1129/96 1086/1115/96
f 1079/1100/96 1125/1130/96 1126/1131/96 1080/1119/96
f 1072/1093/97 1118/1132/97 1122/1133/97 1076/1094/97
f 1103/1104/96 1149/1134/96 1150/1135/96 1104/1125/96
f 1064/1112/98 1110/1136/98 1111/1137/98 1065/1110/98
f 1078/1095/95 1124/1138/95 1128/1139/95 1082/1096/95
f 1070/1086/98 1116/1140/98 1117/1141/98 1071/1116/98
f 1092/1109/99 1138/1142/99 1136/1143/99 1090/1111/99
f 1076/1094/98 1122/1133/98 1123/1144/98 1077/1120/98
f 1075/1097/97 1121/1145/97 1146/1146/97 1100/1098/97
f 1086/1115/99 1132/1129/99 1130/1147/99 1084/1087/99
f 1100/1098/98 1146/1146/98 1147/1148/98 1101/1126/98
f 1080/1119/99 1126/1131/99 1124/1138/99 1078/1095/99
f 1102/1099/95 1148/1149/95 1125/1130/95 1079/1100/95
f 1104/1125/99 1150/1135/99 1148/1149/99 1102/1099/99
f 1068/1114/101 1114/1150/101 1112/1151/101 1066/1085/101
f 1059/1105/97 1105/1152/97 1143/1153/97 1097/1106/97
f 1074/1118/101 1120/1154/101 1118/1132/101 1072/1093/101
f 1098/1124/101 1144/1155/101 1142/1156/101 1096/1121/101
f 1093/1107/95 1139/1157/95 1107/1158/95 1061/1108/95
f 1096/1121/97 1142/1156/97 1110/1136/97 1064/1112/97
f 1088/1088/96 1134/1159/96 1135/1160/96 1089/1113/96
f 1099/1101/97 1145/1161/97 1106/1162/97 1060/1102/97
f 1082/1096/96 1128/1139/96 1129/1163/96 1083/1117/96
f 1090/1111/102 1136/1143/102 1140/1164/102 1094/1122/102
f 1094/1122/301 1140/1164/301 1141/1165/301 1095/1123/301
f 1062/1103/95 1108/1166/95 1149/1134/95 1103/1104/95
f 1063/1081/97 1109/1167/97 1113/1168/97 1067/1082/97
f 1067/1082/98 1113/1168/98 1114/1150/98 1068/1114/98
f 1061/1108/103 1107/1158/103 1105/1152/103 1059/1105/103
f 1073/1090/98 1119/1169/98 1120/1154/98 1074/1118/98
f 1087/1083/95 1133/1170/95 1137/1171/95 1091/1084/95
f 1089/1113/99 1135/1160/99 1133/1170/99 1087/1083/99
f 1097/1106/336 1143/1153/336 1144/1155/336 1098/1124/336
f 1060/1102/304 1106/1162/304 1108/1166/304 1062/1103/304
f 1083/1117/99 1129/1163/99 1127/1127/99 1081/1091/99
f 1066/1085/97 1112/1151/97 1116/1140/97 1070/1086/97
f 1095/1123/99 1141/1165/99 1139/1157/99 1093/1107/99
f 1065/1110/101 1111/1137/101 1109/1167/101 1063/1081/101
f 1084/1087/95 1130/1147/95 1134/1159/95 1088/1088/95
f 1071/1116/101 1117/1141/101 1115/1172/101 1069/1089/101
f 1077/1120/101 1123/1144/101 1121/1145/101 1075/1097/101
f 1069/1089/97 1115/1172/97 1119/1169/97 1073/1090/97
f 1101/1126/101 1147/1148/101 1145/1161/101 1099/1101/101
f 1091/1084/96 1137/1171/96 1138/1142/96 1092/1109/96
f 1157/1173/338 1165/1174/106 1164/1175/107 1156/1176/108
f 1155/1177/109 1163/1178/110 1162/1179/111 1154/1180/112
f 1153/1181/305 1161/1182/114 1160/1183/115 1152/1184/116
f 1158/1185/117 1166/1186/118 1165/1174/106 1157/1173/338
f 1156/1176/108 1164/1175/107 1163/1178/110 1155/1177/109
f 1154/1180/112 1162/1179/111 1161/1182/114 1153/1181/305
f 1152/1184/116 1160/1183/115 1159/1187/119 1151/1188/339
f 1151/1188/339 1159/1187/119 1166/1186/118 1158/1185/117
f 1166/1186/118 1174/1189/121 1173/1190/122 1165/1174/106
f 1164/1175/107 1172/1191/123 1171/1192/306 1163/1178/110
f 1162/1179/111 1170/1193/125 1169/1194/347 1161/1182/114
f 1160/1183/115 1168/1195/127 1167/1196/348 1159/1187/119
f 1159/1187/119 1167/1196/348 1174/1189/121 1166/1186/118
f 1165/1174/106 1173/1190/122 1172/1191/123 1164/1175/107
f 1163/1178/110 1171/1192/306 1170/1193/125 1162/1179/111
f 1161/1182/114 1169/1194/347 1168/1195/127 1160/1183/115
f 1169/1194/347 1170/1193/125 1175/1197/86 1168/1195/127
f 1168/1195/127 1175/1197/86 1174/1189/121 1167/1196/348
f 1170/1193/125 1171/1192/306 1172/1191/123 1175/1197/86
f 1175/1197/86 1172/1191/123 1173/1190/122 1174/1189/121
f 1158/1185/117 1183/1198/129 1176/1199/349 1151/1188/339
f 1156/1176/108 1181/1200/307 1182/1201/132 1157/1173/338
f 1154/1180/112 1179/1202/133 1180/1203/134 1155/1177/109
f 1152/1184/116 1177/1204/135 1178/1205/309 1153/1181/305
f 1157/1173/338 1182/1201/132 1183/1198/129 1158/1185/117
f 1155/1177/109 1180/1203/134 1181/1200/307 1156/1176/108
f 1153/1181/305 1178/1205/309 1179/1202/133 1154/1180/112
f 1151/1188/339 1176/1199/349 1177/1204/135 1152/1184/116
f 1190/1206/137 1198/1207/138 1197/1208/350 1189/1209/140
f 1188/1210/141 1196/1211/142 1195/1212/311 1187/1213/144
f 1186/1214/145 1194/1215/351 1193/1216/147 1185/1217/148
f 1191/1218/149 1199/1219/150 1198/1207/138 1190/1206/137
f 1189/1209/140 1197/1208/350 1196/1211/142 1188/1210/141
f 1187/1213/144 1195/1212/311 1194/1215/351 1186/1214/145
f 1185/1217/148 1193/1216/147 1192/1220/151 1184/1221/152
f 1184/1221/152 1192/1220/151 1199/1219/150 1191/1218/149
f 1199/1219/150 1207/1222/153 1206/1223/154 1198/1207/138
f 1197/1208/350 1205/1224/155 1204/1225/156 1196/1211/142
f 1195/1212/311 1203/1226/157 1202/1227/352 1194/1215/351
f 1193/1216/147 1201/1228/159 1200/1229/353 1192/1220/151
f 1192/1220/151 1200/1229/353 1207/1222/153 1199/1219/150
f 1198/1207/138 1206/1223/154 1205/1224/155 1197/1208/350
f 1196/1211/142 1204/1225/156 1203/1226/157 1195/1212/311
f 1194/1215/351 1202/1227/352 1201/1228/159 1193/1216/147
f 1202/1227/352 1203/1226/157 1208/1230/86 1201/1228/159
f 1201/1228/159 1208/1230/86 1207/1222/153 1200/1229/353
f 1203/1226/157 1204/1225/156 1205/1224/155 1208/1230/86
f 1208/1230/86 1205/1224/155 1206/1223/154 1207/1222/153
f 1191/1218/149 1216/1231/161 1209/1232/162 1184/1221/152
f 1189/1209/140 1214/1233/354 1215/1234/164 1190/1206/137
f 1187/1213/144 1212/1235/316 1213/1236/166 1188/1210/141
f 1185/1217/148 1210/1237/355 1211/1238/168 1186/1214/145
f 1190/1206/137 1215/1234/164 1216/1231/161 1191/1218/149
f 1188/1210/141 1213/1236/166 1214/1233/354 1189/1209/140
f 1186/1214/145 1211/1238/168 1212/1235/316 1187/1213/144
f 1184/1221/152 1209/1232/162 1210/1237/355 1185/1217/148
f 1223/1239/169 1231/1240/170 1230/1241/171 1222/1242/172
f 1221/1243/173 1229/1244/174 1228/1245/175 1220/1246/176
f 1219/1247/177 1227/1248/178 1226/1249/179 1218/1250/180
f 1224/1251/181 1232/1252/182 1231/1240/170 1223/1239/169
f 1222/1242/172 1230/1241/171 1229/1244/174 1221/1243/173
f 1220/1246/176 1228/1245/175 1227/1248/178 1219/1247/177
f 1218/1250/180 1226/1249/179 1225/1253/183 1217/1254/184
f 1217/1254/184 1225/1253/183 1232/1252/182 1224/1251/181
f 1232/1252/182 1240/1255/185 1239/1256/356 1231/1240/170
f 1230/1241/171 1238/1257/187 1237/1258/357 1229/1244/174
f 1228/1245/175 1236/1259/189 1235/1260/358 1227/1248/178
f 1226/1249/179 1234/1261/191 1233/1262/192 1225/1253/183
f 1225/1253/183 1233/1262/192 1240/1255/185 1232/1252/182
f 1231/1240/170 1239/1256/356 1238/1257/187 1230/1241/171
f 1229/1244/174 1237/1258/357 1236/1259/189 1228/1245/175
f 1227/1248/178 1235/1260/358 1234/1261/191 1226/1249/179
f 1235/1260/358 1236/1259/189 1241/1263/86 1234/1261/191
f 1234/1261/191 1241/1263/86 1240/1255/185 1233/1262/192
f 1236/1259/189 1237/1258/357 1238/1257/187 1241/1263/86
f 1241/1263/86 1238/1257/187 1239/1256/356 1240/1255/185
f 1224/1251/181 1249/1264/193 1242/1265/194 1217/1254/184
f 1222/1242/172 1247/1266/195 1248/1267/196 1223/1239/169
f 1220/1246/176 1245/1268/197 1246/1269/198 1221/1243/173
f 1218/1250/180 1243/1270/199 1244/1271/200 1219/1247/177
f 1223/1239/169 1248/1267/196 1249/1264/193 1224/1251/181
f 1221/1243/173 1246/1269/198 1247/1266/195 1222/1242/172
f 1219/1247/177 1244/1271/200 1245/1268/197 1220/1246/176
f 1217/1254/184 1242/1265/194 1243/1270/199 1218/1250/180
f 1256/1272/201 1264/1273/202 1263/1274/203 1255/1275/204
f 1254/1276/319 1262/1277/206 1261/1278/207 1253/1279/208
f 1252/1280/209 1260/1281/210 1259/1282/211 1251/1283/321
f 1257/1284/213 1265/1285/214 1264/1273/202 1256/1272/201
f 1255/1275/204 1263/1274/203 1262/1277/206 1254/1276/319
f 1253/1279/208 1261/1278/207 1260/1281/210 1252/1280/209
f 1251/1283/321 1259/1282/211 1258/1286/215 1250/1287/216
f 1250/1287/216 1258/1286/215 1265/1285/214 1257/1284/213
f 1265/1285/214 1273/1288/344 1272/1289/218 1264/1273/202
f 1263/1274/203 1271/1290/219 1270/1291/220 1262/1277/206
f 1261/1278/207 1269/1292/221 1268/1293/222 1260/1281/210
f 1259/1282/211 1267/1294/223 1266/1295/224 1258/1286/215
f 1258/1286/215 1266/1295/224 1273/1288/344 1265/1285/214
f 1264/1273/202 1272/1289/218 1271/1290/219 1263/1274/203
f 1262/1277/206 1270/1291/220 1269/1292/221 1261/1278/207
f 1260/1281/210 1268/1293/222 1267/1294/223 1259/1282/211
f 1268/1293/222 1269/1292/221 1274/1296/86 1267/1294/223
f 1267/1294/223 1274/1296/86 1273/1288/344 1266/1295/224
f 1269/1292/221 1270/1291/220 1271/1290/219 1274/1296/86
f 1274/1296/86 1271/1290/219 1272/1289/218 1273/1288/344
f 1257/1284/213 1282/1297/225 1275/1298/226 1250/1287/216
f 1255/1275/204 1280/1299/227 1281/1300/228 1256/1272/201
f 1253/1279/208 1278/1301/229 1279/1302/230 1254/1276/319
f 1251/1283/321 1276/1303/231 1277/1304/359 1252/1280/209
f 1256/1272/201 1281/1300/228 1282/1297/225 1257/1284/213
f 1254/1276/319 1279/1302/230 1280/1299/227 1255/1275/204
f 1252/1280/209 1277/1304/359 1278/1301/229 1253/1279/208
f 1250/1287/216 1275/1298/226 1276/1303/231 1251/1283/321
f 1289/1305/233 1297/1306/360 1296/1307/235 1288/1308/236
f 1287/1309/237 1295/1310/238 1294/1311/239 1286/1312/240
f 1285/1313/241 1293/1314/242 1292/1315/243 1284/1316/244
f 1290/1317/245 1298/1318/246 1297/1306/360 1289/1305/233
f 1288/1308/236 1296/1307/235 1295/1310/238 1287/1309/237
f 1286/1312/240 1294/1311/239 1293/1314/242 1285/1313/241
f 1284/1316/244 1292/1315/243 1291/1319/361 1283/1320/248
f 1283/1320/248 1291/1319/361 1298/1318/246 1290/1317/245
f 1298/1318/246 1306/1321/249 1305/1322/250 1297/1306/360
f 1296/1307/235 1304/1323/251 1303/1324/252 1295/1310/238
f 1294/1311/239 1302/1325/253 1301/1326/254 1293/1314/242
f 1292/1315/243 1300/1327/255 1299/1328/256 1291/1319/361
f 1291/1319/361 1299/1328/256 1306/1321/249 1298/1318/246
f 1297/1306/360 1305/1322/250 1304/1323/251 1296/1307/235
f 1295/1310/238 1303/1324/252 1302/1325/253 1294/1311/239
f 1293/1314/242 1301/1326/254 1300/1327/255 1292/1315/243
f 1301/1326/254 1302/1325/253 1307/1329/86 1300/1327/255
f 1300/1327/255 1307/1329/86 1306/1321/249 1299/1328/256
f 1302/1325/253 1303/1324/252 1304/1323/251 1307/1329/86
f 1307/1329/86 1304/1323/251 1305/1322/250 1306/1321/249
f 1290/1317/245 1315/1330/257 1308/1331/258 1283/1320/248
f 1288/1308/236 1313/1332/259 1314/1333/260 1289/1305/233
f 1286/1312/240 1311/1334/261 1312/1335/262 1287/1309/237
f 1284/1316/244 1309/1336/263 1310/1337/264 1285/1313/241
f 1289/1305/233 1314/1333/260 1315/1330/257 1290/1317/245
f 1287/1309/237 1312/1335/262 1313/1332/259 1288/1308/236
f 1285/1313/241 1310/1337/264 1311/1334/261 1286/1312/240
f 1283/1320/248 1308/1331/258 1309/1336/263 1284/1316/244
f 1322/1338/362 1330/1339/363 1329/1340/267 1321/1341/268
f 1320/1342/326 1328/1343/327 1327/1344/271 1319/1345/272
f 1318/1346/273 1326/1347/274 1325/1348/275 1317/1349/276
f 1323/1350/277 1331/1351/278 1330/1339/363 1322/1338/362
f 1321/1341/268 1329/1340/267 1328/1343/327 1320/1342/326
f 1319/1345/272 1327/1344/271 1326/1347/274 1318/1346/273
f 1317/1349/276 1325/1348/275 1324/1352/329 1316/1353/280
f 1316/1353/280 1324/1352/329 1331/1351/278 1323/1350/277
f 1331/1351/278 1339/1354/281 1338/1355/282 1330/1339/363
f 1329/1340/267 1337/1356/283 1336/1357/284 1328/1343/327
f 1327/1344/271 1335/1358/285 1334/1359/286 1326/1347/274
f 1325/1348/275 1333/1360/287 1332/1361/334 1324/1352/329
f 1324/1352/329 1332/1361/334 1339/1354/281 1331/1351/278
f 1330/1339/363 1338/1355/282 1337/1356/283 1329/1340/267
f 1328/1343/327 1336/1357/284 1335/1358/285 1327/1344/271
f 1326/1347/274 1334/1359/286 1333/1360/287 1325/1348/275
f 1334/1359/286 1335/1358/285 1340/1362/86 1333/1360/287
f 1333/1360/287 1340/1362/86 1339/1354/281 1332/1361/334
f 1335/1358/285 1336/1357/284 1337/1356/283 1340/1362/86
f 1340/1362/86 1337/1356/283 1338/1355/282 1339/1354/281
f 1323/1350/277 1348/1363/289 1341/1364/290 1316/1353/280
f 1321/1341/268 1346/1365/364 1347/1366/292 1322/1338/362
f 1319/1345/272 1344/1367/293 1345/1368/294 1320/1342/326
f 1317/1349/276 1342/1369/295 1343/1370/296 1318/1346/273
f 1322/1338/362 1347/1366/292 1348/1363/289 1323/1350/277
f 1320/1342/326 1345/1368/294 1346/1365/364 1321/1341/268
f 1318/1346/273 1343/1370/296 1344/1367/293 1319/1345/272
f 1316/1353/280 1341/1364/290 1342/1369/295 1317/1349/276
f 1355/1371/365 1363/1372/365 1362/1373/365 1354/1374/365
f 1353/1375/366 1361/1376/366 1360/1377/366 1352/1378/366
f 1351/1379/367 1359/1380/367 1358/1381/367 1350/1382/367
f 1356/1383/368 1364/1384/368 1363/1372/368 1355/1371/368
f 1354/1374/369 1362/1373/369 1361/1376/369 1353/1375/369
f 1352/1378/370 1360/1377/370 1359/1380/370 1351/1379/370
f 1350/1382/371 1358/1381/371 1357/1385/371 1349/1386/371
f 1349/1386/372 1357/1385/372 1364/1384/372 1356/1383/372
f 1364/1384/373 1372/1387/373 1371/1388/373 1363/1372/373
f 1362/1373/374 1370/1389/374 1369/1390/374 1361/1376/374
f 1360/1377/375 1368/1391/375 1367/1392/375 1359/1380/375
f 1358/1381/376 1366/1393/376 1365/1394/376 1357/1385/376
f 1357/1385/377 1365/1394/377 1372/1387/377 1364/1384/377
f 1363/1372/378 1371/1388/378 1370/1389/378 1362/1373/378
f 1361/1376/379 1369/1390/379 1368/1391/379 1360/1377/379
f 1359/1380/380 1367/1392/380 1366/1393/380 1358/1381/380
f 1367/1392/381 1368/1391/381 1373/1395/381 1366/1393/381
f 1366/1393/382 1373/1395/382 1372/1387/382 1365/1394/382
f 1368/1391/383 1369/1390/383 1370/1389/383 1373/1395/383
f 1373/1395/384 1370/1389/384 1371/1388/384 1372/1387/384
f 1356/1383/385 1381/1396/385 1374/1397/385 1349/1386/385
f 1354/1374/386 1379/1398/386 1380/1399/386 1355/1371/386
f 1352/1378/387 1377/1400/387 1378/1401/387 1353/1375/387
f 1350/1382/388 1375/1402/388 1376/1403/388 1351/1379/388
f 1355/1371/389 1380/1399/389 1381/1396/389 1356/1383/389
f 1353/1375/390 1378/1401/390 1379/1398/390 1354/1374/390
f 1351/1379/391 1376/1403/391 1377/1400/391 1352/1378/391
f 1349/1386/392 1374/1397/392 1375/1402/392 1350/1382/392
f 1400/1404/393 1392/1405/393 1393/1406/393 1403/1407/393
f 1404/1408/394 1390/1409/394 1391/1410/394 1407/1411/394
f 1408/1412/395 1397/1413/395 1390/1409/395 1404/1408/395
f 1410/1414/396 1395/1415/396 1396/1416/396 1413/1417/396
f 1403/1418/397 1393/1419/397 1394/1420/397 1415/1421/397
f 1407/1411/398 1391/1410/398 1392/1405/398 1400/1404/398
f 1413/1417/399 1396/1416/399 1397/1413/399 1408/1412/399
f 1415/1421/400 1394/1420/400 1395/1415/400 1410/1414/400
f 1384/1422/401 1385/1423/401 1398/1424/401 1383/1425/401
f 1383/1425/402 1398/1424/402 1389/1426/402 1382/1427/402
f 1385/1423/403 1386/1428/403 1387/1429/403 1398/1424/403
f 1398/1424/404 1387/1429/404 1388/1430/404 1389/1426/404
f 1390/1431/405 1397/1432/405 1396/1433/405 1399/1434/405
f 1399/1434/406 1396/1433/406 1395/1435/406 1394/1420/406
f 1391/1436/407 1390/1431/407 1399/1434/407 1392/1437/407
f 1392/1437/408 1399/1434/408 1394/1420/408 1393/1419/408
f 1386/1428/400 1414/1438/400 1411/1439/400 1387/1440/400
f 1410/1441/409 1426/1442/409 1431/1443/410 1415/1444/410
f 1388/1445/399 1412/1446/399 1409/1447/399 1389/1448/399
f 1411/1449/411 1427/1450/411 1428/1451/411 1412/1452/411
f 1383/1453/398 1406/1454/398 1401/1455/398 1384/1456/398
f 1403/1457/412 1419/1458/412 1416/1459/413 1400/1460/413
f 1385/1423/397 1402/1461/397 1414/1438/397 1386/1428/397
f 1414/1462/414 1430/1463/414 1427/1450/411 1411/1449/411
f 1387/1440/396 1411/1439/396 1412/1446/396 1388/1445/396
f 1415/1444/410 1431/1443/410 1419/1458/412 1403/1457/412
f 1389/1448/395 1409/1447/395 1405/1464/395 1382/1465/395
f 1401/1466/415 1417/1467/415 1418/1468/416 1402/1469/416
f 1382/1465/394 1405/1464/394 1406/1454/394 1383/1453/394
f 1402/1469/416 1418/1468/416 1430/1463/414 1414/1462/414
f 1384/1456/393 1401/1455/393 1402/1470/393 1385/1471/393
f 1407/1472/413 1423/1473/413 1420/1474/409 1404/1475/409
f 1430/1463/400 1431/1443/400 1426/1476/400 1427/1477/400
f 1428/1478/399 1429/1479/399 1424/1480/399 1425/1481/399
f 1422/1482/398 1423/1483/398 1416/1484/398 1417/1485/398
f 1418/1468/397 1419/1458/397 1431/1443/397 1430/1463/397
f 1425/1481/395 1424/1480/395 1420/1486/395 1421/1487/395
f 1421/1487/394 1420/1486/394 1423/1483/394 1422/1482/394
f 1417/1485/393 1416/1484/393 1419/1458/393 1418/1468/393
f 1413/1488/409 1429/1489/409 1426/1442/409 1410/1441/409
f 1412/1452/411 1428/1451/411 1425/1490/416 1409/1491/416
f 1409/1491/416 1425/1490/416 1421/1492/416 1405/1493/416
f 1408/1494/409 1424/1495/409 1429/1489/409 1413/1488/409
f 1404/1475/409 1420/1474/409 1424/1495/409 1408/1494/409
f 1406/1496/415 1422/1497/415 1417/1467/415 1401/1466/415
f 1405/1493/416 1421/1492/416 1422/1497/415 1406/1496/415
f 1400/1460/413 1416/1459/413 1423/1473/413 1407/1472/413
f 1451/1498/417 1443/1499/417 1444/1500/417 1450/1501/417
f 1432/1502/86 1457/1503/86 1462/1504/86 1452/1505/86
f 1447/1506/418 1432/1502/419 1433/1507/420 1448/1508/421
f 1450/1501/422 1465/1509/422 1461/1510/422 1451/1498/422
f 1427/1450/411 1437/1511/415 1435/1512/415 1428/1451/411
f 1426/1476/423 1436/1513/423 1437/1514/423 1427/1477/423
f 1429/1489/409 1434/1515/409 1436/1516/409 1426/1442/409
f 1428/1478/395 1435/1517/395 1434/1518/395 1429/1479/395
f 1437/1511/424 1440/1519/424 1441/1520/424 1435/1512/424
f 1436/1513/425 1439/1521/426 1440/1522/426 1437/1514/425
f 1434/1515/427 1438/1523/427 1439/1524/427 1436/1516/427
f 1435/1517/428 1441/1525/428 1438/1526/428 1434/1518/428
f 1443/1499/429 1442/1527/429 1445/1528/429 1444/1500/429
f 1452/1505/86 1442/1527/86 1443/1499/86 1451/1498/86
f 1453/1529/430 1445/1528/430 1442/1527/430 1452/1505/430
f 1440/1530/431 1448/1508/431 1449/1531/431 1441/1532/431
f 1439/1533/426 1447/1506/418 1448/1508/421 1440/1530/426
f 1438/1534/432 1446/1535/432 1447/1506/432 1439/1533/432
f 1447/1506/418 1459/1536/433 1457/1503/433 1432/1502/419
f 1432/1502/86 1452/1505/86 1451/1498/86 1433/1507/86
f 1458/1537/434 1456/1538/434 1457/1503/434 1459/1536/434
f 1460/1539/435 1455/1540/435 1454/1541/435 1464/1542/435
f 1456/1538/430 1463/1543/430 1462/1504/430 1457/1503/430
f 1455/1540/417 1461/1510/417 1465/1509/417 1454/1541/417
f 1433/1507/420 1455/1540/436 1460/1539/436 1448/1508/421
f 1446/1535/437 1458/1537/437 1459/1536/437 1447/1506/437
f 1452/1505/438 1462/1504/438 1463/1543/438 1453/1529/438
f 1451/1498/86 1461/1510/86 1455/1540/86 1433/1507/86
f 1448/1508/439 1460/1539/439 1464/1542/439 1449/1531/439
f 1472/1544/440 1480/1545/440 1479/1546/440 1471/1547/440
f 1470/1548/441 1478/1549/441 1477/1550/441 1469/1551/441
f 1468/1552/442 1476/1553/442 1475/1554/442 1467/1555/442
f 1473/1556/443 1481/1557/443 1480/1545/443 1472/1544/443
f 1471/1547/444 1479/1546/444 1478/1549/444 1470/1548/444
f 1469/1551/445 1477/1550/445 1476/1553/445 1468/1552/445
f 1467/1555/446 1475/1554/446 1474/1558/446 1466/1559/446
f 1466/1559/447 1474/1558/447 1481/1557/447 1473/1556/447
f 1481/1557/448 1489/1560/448 1488/1561/448 1480/1545/448
f 1479/1546/449 1487/1562/449 1486/1563/449 1478/1549/449
f 1477/1550/450 1485/1564/450 1484/1565/450 1476/1553/450
f 1475/1554/451 1483/1566/451 1482/1567/451 1474/1558/451
f 1474/1558/452 1482/1567/452 1489/1560/452 1481/1557/452
f 1480/1545/453 1488/1561/453 1487/1562/453 1479/1546/453
f 1478/1549/454 1486/1563/454 1485/1564/454 1477/1550/454
f 1476/1553/455 1484/1565/455 1483/1566/455 1475/1554/455
f 1484/1565/456 1485/1564/456 1490/1568/456 1483/1566/456
f 1483/1566/457 1490/1568/457 1489/1560/457 1482/1567/457
f 1485/1564/458 1486/1563/458 1487/1562/458 1490/1568/458
f 1490/1568/459 1487/1562/459 1488/1561/459 1489/1560/459
f 1473/1556/460 1498/1569/460 1491/1570/460 1466/1559/460
f 1471/1547/461 1496/1571/461 1497/1572/461 1472/1544/461
f 1469/1551/462 1494/1573/462 1495/1574/462 1470/1548/462
f 1467/1555/463 1492/1575/463 1493/1576/463 1468/1552/463
f 1472/1544/464 1497/1572/464 1498/1569/464 1473/1556/464
f 1470/1548/465 1495/1574/465 1496/1571/465 1471/1547/465
f 1468/1552/466 1493/1576/466 1494/1573/466 1469/1551/466
f 1466/1559/467 1491/1570/467 1492/1575/467 1467/1555/467
f 1505/1577/468 1513/1578/468 1512/1579/468 1504/1580/468
f 1503/1581/469 1511/1582/469 1510/1583/469 1502/1584/469
f 1501/1585/470 1509/1586/470 1508/1587/470 1500/1588/470
f 1506/1589/471 1514/1590/471 1513/1578/471 1505/1577/471
f 1504/1580/472 1512/1579/472 1511/1582/472 1503/1581/472
f 1502/1584/473 1510/1583/473 1509/1586/473 1501/1585/473
f 1500/1588/474 1508/1587/474 1507/1591/474 1499/1592/474
f 1499/1592/475 1507/1591/475 1514/1590/475 1506/1589/475
f 1514/1590/476 1522/1593/476 1521/1594/476 1513/1578/476
f 1512/1579/477 1520/1595/477 1519/1596/477 1511/1582/477
f 1510/1583/478 1518/1597/478 1517/1598/478 1509/1586/478
f 1508/1587/479 1516/1599/479 1515/1600/479 1507/1591/479
f 1507/1591/480 1515/1600/480 1522/1593/480 1514/1590/480
f 1513/1578/481 1521/1594/481 1520/1595/481 1512/1579/481
f 1511/1582/482 1519/1596/482 1518/1597/482 1510/1583/482
f 1509/1586/483 1517/1598/483 1516/1599/483 1508/1587/483
f 1517/1598/484 1518/1597/484 1523/1601/484 1516/1599/484
f 1516/1599/485 1523/1601/485 1522/1593/485 1515/1600/485
f 1518/1597/486 1519/1596/486 1520/1595/486 1523/1601/486
f 1523/1601/487 1520/1595/487 1521/1594/487 1522/1593/487
f 1506/1589/488 1531/1602/488 1524/1603/488 1499/1592/488
f 1504/1580/489 1529/1604/489 1530/1605/489 1505/1577/489
f 1502/1584/490 1527/1606/490 1528/1607/490 1503/1581/490
f 1500/1588/491 1525/1608/491 1526/1609/491 1501/1585/491
f 1505/1577/492 1530/1605/492 1531/1602/492 1506/1589/492
f 1503/1581/493 1528/1607/493 1529/1604/493 1504/1580/493
f 1501/1585/494 1526/1609/494 1527/1606/494 1502/1584/494
f 1499/1592/495 1524/1603/495 1525/1608/495 1500/1588/495
f 1538/1610/365 1546/1611/365 1545/1612/365 1537/1613/365
f 1536/1614/366 1544/1615/366 1543/1616/366 1535/1617/366
f 1534/1618/367 1542/1619/367 1541/1620/367 1533/1621/367
f 1539/1622/368 1547/1623/368 1546/1611/368 1538/1610/368
f 1537/1613/369 1545/1612/369 1544/1615/369 1536/1614/369
f 1535/1617/496 1543/1616/496 1542/1619/496 1534/1618/496
f 1533/1621/371 1541/1620/371 1540/1624/371 1532/1625/371
f 1532/1625/497 1540/1624/497 1547/1623/497 1539/1622/497
f 1547/1623/373 1555/1626/373 1554/1627/373 1546/1611/373
f 1545/1612/498 1553/1628/498 1552/1629/498 1544/1615/498
f 1543/1616/375 1551/1630/375 1550/1631/375 1542/1619/375
f 1541/1620/376 1549/1632/376 1548/1633/376 1540/1624/376
f 1540/1624/377 1548/1633/377 1555/1626/377 1547/1623/377
f 1546/1611/378 1554/1627/378 1553/1628/378 1545/1612/378
f 1544/1615/379 1552/1629/379 1551/1630/379 1543/1616/379
f 1542/1619/380 1550/1631/380 1549/1632/380 1541/1620/380
f 1550/1631/499 1551/1630/499 1556/1634/499 1549/1632/499
f 1549/1632/500 1556/1634/500 1555/1626/500 1548/1633/500
f 1551/1630/383 1552/1629/383 1553/1628/383 1556/1634/383
f 1556/1634/501 1553/1628/501 1554/1627/501 1555/1626/501
f 1539/1622/385 1564/1635/385 1557/1636/385 1532/1625/385
f 1537/1613/386 1562/1637/386 1563/1638/386 1538/1610/386
f 1535/1617/387 1560/1639/387 1561/1640/387 1536/1614/387
f 1533/1621/388 1558/1641/388 1559/1642/388 1534/1618/388
f 1538/1610/389 1563/1638/389 1564/1635/389 1539/1622/389
f 1536/1614/390 1561/1640/390 1562/1637/390 1537/1613/390
f 1534/1618/502 1559/1642/502 1560/1639/502 1535/1617/502
f 1532/1625/392 1557/1636/392 1558/1641/392 1533/1621/392
f 1575/1643/503 1591/1644/503 1596/1645/503 1580/1646/503
f 1576/1647/504 1592/1648/504 1593/1649/504 1577/1650/504
f 1568/1651/505 1584/1652/505 1581/1653/505 1565/1654/505
f 1579/1655/506 1595/1656/506 1592/1648/506 1576/1647/506
f 1580/1646/507 1596/1645/507 1584/1652/507 1568/1651/507
f 1566/1657/508 1582/1658/508 1583/1659/508 1567/1660/508
f 1567/1660/509 1583/1659/509 1595/1656/509 1579/1655/509
f 1572/1661/510 1588/1662/510 1585/1663/510 1569/1664/510
f 1578/1665/511 1594/1666/511 1591/1644/511 1575/1643/511
f 1577/1650/512 1593/1649/512 1590/1667/512 1574/1668/512
f 1574/1668/513 1590/1667/513 1586/1669/513 1570/1670/513
f 1573/1671/514 1589/1672/514 1594/1666/514 1578/1665/514
f 1569/1664/515 1585/1663/515 1589/1672/515 1573/1671/515
f 1571/1673/516 1587/1674/516 1582/1658/516 1566/1657/516
f 1570/1670/517 1586/1669/517 1587/1674/517 1571/1673/517
f 1565/1654/518 1581/1653/518 1588/1662/518 1572/1661/518
f 1616/1675/519 1608/1676/519 1609/1677/519 1615/1678/519
f 1597/1679/86 1622/1680/86 1627/1681/86 1617/1682/86
f 1612/1683/520 1597/1679/521 1598/1684/522 1613/1685/523
f 1615/1678/524 1630/1686/524 1626/1687/524 1616/1675/524
f 1592/1688/409 1602/1689/409 1600/1690/409 1593/1691/409
f 1591/1692/525 1601/1693/525 1602/1689/525 1592/1688/525
f 1594/1694/415 1599/1695/415 1601/1693/415 1591/1692/415
f 1593/1696/526 1600/1697/526 1599/1698/526 1594/1699/526
f 1602/1689/527 1605/1700/527 1606/1701/527 1600/1690/527
f 1601/1693/528 1604/1702/528 1605/1700/528 1602/1689/528
f 1599/1695/529 1603/1703/529 1604/1702/529 1601/1693/529
f 1600/1697/530 1606/1704/530 1603/1705/530 1599/1698/530
f 1608/1676/531 1607/1706/531 1610/1707/531 1609/1677/531
f 1617/1682/86 1607/1706/86 1608/1676/86 1616/1675/86
f 1618/1708/532 1610/1707/532 1607/1706/532 1617/1682/532
f 1605/1700/533 1613/1685/533 1614/1709/533 1606/1701/533
f 1604/1702/534 1612/1683/534 1613/1685/534 1605/1700/534
f 1603/1703/535 1611/1710/535 1612/1683/535 1604/1702/535
f 1606/1704/536 1614/1711/536 1611/1712/536 1603/1705/536
f 1612/1683/520 1624/1713/537 1622/1680/537 1597/1679/521
f 1597/1679/86 1617/1682/86 1616/1675/86 1598/1684/86
f 1623/1714/538 1621/1715/538 1622/1680/538 1624/1713/538
f 1625/1716/539 1620/1717/539 1619/1718/539 1629/1719/539
f 1621/1715/540 1628/1720/540 1627/1681/540 1622/1680/540
f 1620/1717/541 1626/1687/541 1630/1686/541 1619/1718/541
f 1598/1684/522 1620/1717/542 1625/1716/542 1613/1685/523
f 1611/1710/543 1623/1714/543 1624/1713/543 1612/1683/543
f 1617/1682/544 1627/1681/544 1628/1720/544 1618/1708/544
f 1659/1721/545 1660/1722/545 1661/1723/545 1662/1724/545
f 1616/1675/86 1626/1687/86 1620/1717/86 1598/1684/86
f 1613/1685/546 1625/1716/546 1629/1719/546 1614/1709/546
f 1578/1665/547 1575/1643/547 1580/1646/547 1631/1725/547
f 1631/1725/548 1580/1646/548 1568/1651/548 1565/1654/548
f 1573/1671/549 1578/1665/549 1631/1725/549 1569/1664/549
f 1569/1664/550 1631/1725/550 1565/1654/550 1572/1661/550
f 1579/1655/551 1576/1647/551 1632/1726/551 1567/1660/551
f 1567/1660/552 1632/1726/552 1571/1673/552 1566/1657/552
f 1576/1647/553 1577/1650/553 1574/1668/553 1632/1726/553
f 1632/1726/554 1574/1668/554 1570/1670/554 1571/1673/554
f 1586/1727/555 1638/1728/555 1639/1729/555 1587/1730/555
f 1581/1731/545 1633/1732/545 1640/1733/545 1588/1734/545
f 1592/1688/86 1644/1735/556 1643/1736/556 1591/1692/86
f 1588/1734/555 1640/1733/555 1637/1737/555 1585/1738/555
f 1583/1739/557 1635/1740/557 1647/1741/557 1595/1742/557
f 1594/1699/558 1646/1743/558 1645/1744/558 1593/1696/558
f 1582/1745/559 1634/1746/559 1635/1740/559 1583/1739/559
f 1596/1747/557 1648/1748/557 1636/1749/557 1584/1750/557
f 1595/1742/560 1647/1741/560 1644/1751/560 1592/1752/560
f 1584/1750/559 1636/1749/559 1633/1732/559 1581/1731/559
f 1593/1753/545 1645/1754/545 1644/1755/545 1592/1756/545
f 1591/1757/560 1643/1758/560 1648/1748/560 1596/1747/560
f 1591/1759/545 1643/1760/545 1646/1761/545 1594/1762/545
f 1593/1763/561 1645/1764/561 1642/1765/561 1590/1766/561
f 1590/1766/526 1642/1765/526 1638/1728/526 1586/1727/526
f 1589/1767/561 1641/1768/561 1646/1769/561 1594/1770/561
f 1585/1738/526 1637/1737/526 1641/1768/526 1589/1767/526
f 1587/1730/545 1639/1729/545 1634/1746/545 1582/1745/545
f 1641/1771/562 1657/1772/562 1662/1773/562 1646/1774/562
f 1637/1775/562 1653/1776/562 1657/1772/562 1641/1771/562
f 1639/1777/415 1655/1778/415 1650/1779/415 1634/1780/415
f 1638/1781/415 1654/1782/415 1655/1778/415 1639/1777/415
f 1633/1783/409 1649/1784/409 1656/1785/409 1640/1786/409
f 1644/1735/556 1660/1722/563 1659/1721/563 1643/1736/556
f 1640/1786/409 1656/1785/409 1653/1776/562 1637/1775/562
f 1635/1787/564 1651/1788/564 1663/1789/415 1647/1790/415
f 1646/1743/565 1662/1724/565 1661/1723/565 1645/1744/565
f 1634/1780/415 1650/1779/415 1651/1788/564 1635/1787/564
f 1648/1791/409 1664/1792/413 1652/1793/562 1636/1794/562
f 1647/1790/415 1663/1789/415 1660/1795/415 1644/1796/415
f 1636/1794/562 1652/1793/562 1649/1784/409 1633/1783/409
f 1645/1754/409 1661/1797/409 1660/1798/409 1644/1755/409
f 1643/1799/413 1659/1800/413 1664/1792/413 1648/1791/409
f 1643/1760/566 1659/1801/566 1662/1802/566 1646/1761/566
f 1645/1803/415 1661/1804/415 1658/1805/415 1642/1806/415
f 1642/1806/415 1658/1805/415 1654/1782/415 1638/1781/415
f 1671/1807/567 1679/1808/567 1678/1809/567 1670/1810/567
f 1669/1811/568 1677/1812/568 1676/1813/568 1668/1814/568
f 1667/1815/569 1675/1816/569 1674/1817/569 1666/1818/569
f 1672/1819/570 1680/1820/570 1679/1808/570 1671/1807/570
f 1670/1810/571 1678/1809/571 1677/1812/571 1669/1811/571
f 1668/1814/572 1676/1813/572 1675/1816/572 1667/1815/572
f 1666/1818/573 1674/1817/573 1673/1821/573 1665/1822/573
f 1665/1822/574 1673/1821/574 1680/1820/574 1672/1819/574
f 1680/1820/575 1688/1823/575 1687/1824/575 1679/1808/575
f 1678/1809/576 1686/1825/576 1685/1826/576 1677/1812/576
f 1676/1813/577 1684/1827/577 1683/1828/577 1675/1816/577
f 1674/1817/578 1682/1829/578 1681/1830/578 1673/1821/578
f 1673/1821/579 1681/1830/579 1688/1823/579 1680/1820/579
f 1679/1808/580 1687/1824/580 1686/1825/580 1678/1809/580
f 1677/1812/581 1685/1826/581 1684/1827/581 1676/1813/581
f 1675/1816/582 1683/1828/582 1682/1829/582 1674/1817/582
f 1683/1828/583 1684/1827/583 1689/1831/583 1682/1829/583
f 1682/1829/584 1689/1831/584 1688/1823/584 1681/1830/584
f 1684/1827/585 1685/1826/585 1686/1825/585 1689/1831/585
f 1689/1831/586 1686/1825/586 1687/1824/586 1688/1823/586
f 1672/1819/587 1697/1832/587 1690/1833/587 1665/1822/587
f 1670/1810/588 1695/1834/588 1696/1835/588 1671/1807/588
f 1668/1814/589 1693/1836/589 1694/1837/589 1669/1811/589
f 1666/1818/590 1691/1838/590 1692/1839/590 1667/1815/590
f 1671/1807/591 1696/1835/591 1697/1832/591 1672/1819/591
f 1669/1811/592 1694/1837/592 1695/1834/592 1670/1810/592
f 1667/1815/593 1692/1839/593 1693/1836/593 1668/1814/593
f 1665/1822/594 1690/1833/594 1691/1838/594 1666/1818/594
f 1704/1840/595 1712/1841/595 1711/1842/595 1703/1843/595
f 1702/1844/596 1710/1845/596 1709/1846/596 1701/1847/596
f 1700/1848/597 1708/1849/597 1707/1850/597 1699/1851/597
f 1705/1852/598 1713/1853/598 1712/1841/598 1704/1840/598
f 1703/1843/599 1711/1842/599 1710/1845/599 1702/1844/599
f 1701/1847/600 1709/1846/600 1708/1849/600 1700/1848/600
f 1699/1851/601 1707/1850/601 1706/1854/601 1698/1855/601
f 1698/1855/602 1706/1854/602 1713/1853/602 1705/1852/602
f 1713/1853/603 1721/1856/603 1720/1857/603 1712/1841/603
f 1711/1842/604 1719/1858/604 1718/1859/604 1710/1845/604
f 1709/1846/605 1717/1860/605 1716/1861/605 1708/1849/605
f 1707/1850/606 1715/1862/606 1714/1863/606 1706/1854/606
f 1706/1854/607 1714/1863/607 1721/1856/607 1713/1853/607
f 1712/1841/608 1720/1857/608 1719/1858/608 1711/1842/608
f 1710/1845/609 1718/1859/609 1717/1860/609 1709/1846/609
f 1708/1849/610 1716/1861/610 1715/1862/610 1707/1850/610
f 1716/1861/611 1717/1860/611 1722/1864/611 1715/1862/611
f 1715/1862/612 1722/1864/612 1721/1856/612 1714/1863/612
f 1717/1860/613 1718/1859/613 1719/1858/613 1722/1864/613
f 1722/1864/614 1719/1858/614 1720/1857/614 1721/1856/614
f 1705/1852/615 1730/1865/615 1723/1866/615 1698/1855/615
f 1703/1843/616 1728/1867/616 1729/1868/616 1704/1840/616
f 1701/1847/617 1726/1869/617 1727/1870/617 1702/1844/617
f 1699/1851/618 1724/1871/618 1725/1872/618 1700/1848/618
f 1704/1840/619 1729/1868/619 1730/1865/619 1705/1852/619
f 1702/1844/620 1727/1870/620 1728/1867/620 1703/1843/620
f 1700/1848/621 1725/1872/621 1726/1869/621 1701/1847/621
f 1698/1855/622 1723/1866/622 1724/1871/622 1699/1851/622
f 1737/1873/623 1745/1874/624 1744/1875/625 1736/1876/626
f 1735/1877/627 1743/1878/628 1742/1879/629 1734/1880/630
f 1733/1881/631 1741/1882/632 1740/1883/633 1732/1884/634
f 1738/1885/635 1746/1886/636 1745/1874/624 1737/1873/623
f 1736/1876/626 1744/1875/625 1743/1878/628 1735/1877/627
f 1734/1880/630 1742/1879/629 1741/1882/632 1733/1881/631
f 1732/1884/634 1740/1883/633 1739/1887/637 1731/1888/638
f 1731/1888/638 1739/1887/637 1746/1886/636 1738/1885/635
f 1746/1886/636 1754/1889/639 1753/1890/640 1745/1874/624
f 1744/1875/625 1752/1891/641 1751/1892/642 1743/1878/628
f 1742/1879/629 1750/1893/643 1749/1894/644 1741/1882/632
f 1740/1883/633 1748/1895/645 1747/1896/646 1739/1887/637
f 1739/1887/637 1747/1896/646 1754/1889/639 1746/1886/636
f 1745/1874/624 1753/1890/640 1752/1891/641 1744/1875/625
f 1743/1878/628 1751/1892/642 1750/1893/643 1742/1879/629
f 1741/1882/632 1749/1894/644 1748/1895/645 1740/1883/633
f 1749/1894/644 1750/1893/643 1755/1897/558 1748/1895/645
f 1748/1895/645 1755/1897/558 1754/1889/639 1747/1896/646
f 1750/1893/643 1751/1892/642 1752/1891/641 1755/1897/558
f 1755/1897/558 1752/1891/641 1753/1890/640 1754/1889/639
f 1738/1885/635 1763/1898/647 1756/1899/648 1731/1888/638
f 1736/1876/626 1761/1900/649 1762/1901/650 1737/1873/623
f 1734/1880/630 1759/1902/651 1760/1903/652 1735/1877/627
f 1732/1884/634 1757/1904/653 1758/1905/654 1733/1881/631
f 1737/1873/623 1762/1901/650 1763/1898/647 1738/1885/635
f 1735/1877/627 1760/1903/652 1761/1900/649 1736/1876/626
f 1733/1881/631 1758/1905/654 1759/1902/651 1734/1880/630
f 1731/1888/638 1756/1899/648 1757/1904/653 1732/1884/634
f 1770/1906/655 1778/1907/656 1777/1908/657 1769/1909/658
f 1768/1910/659 1776/1911/660 1775/1912/661 1767/1913/662
f 1766/1914/663 1774/1915/664 1773/1916/665 1765/1917/666
f 1771/1918/667 1779/1919/668 1778/1907/656 1770/1906/655
f 1769/1909/658 1777/1908/657 1776/1911/660 1768/1910/659
f 1767/1913/662 1775/1912/661 1774/1915/664 1766/1914/663
f 1765/1917/666 1773/1916/665 1772/1920/669 1764/1921/670
f 1764/1921/670 1772/1920/669 1779/1919/668 1771/1918/667
f 1779/1919/668 1787/1922/671 1786/1923/672 1778/1907/656
f 1777/1908/657 1785/1924/673 1784/1925/674 1776/1911/660
f 1775/1912/661 1783/1926/675 1782/1927/676 1774/1915/664
f 1773/1916/665 1781/1928/677 1780/1929/678 1772/1920/669
f 1772/1920/669 1780/1929/678 1787/1922/671 1779/1919/668
f 1778/1907/656 1786/1923/672 1785/1924/673 1777/1908/657
f 1776/1911/660 1784/1925/674 1783/1926/675 1775/1912/661
f 1774/1915/664 1782/1927/676 1781/1928/677 1773/1916/665
f 1782/1927/676 1783/1926/675 1788/1930/558 1781/1928/677
f 1781/1928/677 1788/1930/558 1787/1922/671 1780/1929/678
f 1783/1926/675 1784/1925/674 1785/1924/673 1788/1930/558
f 1788/1930/558 1785/1924/673 1786/1923/672 1787/1922/671
f 1771/1918/667 1796/1931/679 1789/1932/680 1764/1921/670
f 1769/1909/658 1794/1933/681 1795/1934/682 1770/1906/655
f 1767/1913/662 1792/1935/683 1793/1936/684 1768/1910/659
f 1765/1917/666 1790/1937/685 1791/1938/686 1766/1914/663
f 1770/1906/655 1795/1934/682 1796/1931/679 1771/1918/667
f 1768/1910/659 1793/1936/684 1794/1933/681 1769/1909/658
f 1766/1914/663 1791/1938/686 1792/1935/683 1767/1913/662
f 1764/1921/670 1789/1932/680 1790/1937/685 1765/1917/666
f 1803/1939/687 1811/1940/688 1810/1941/689 1802/1942/690
f 1801/1943/691 1809/1944/692 1808/1945/693 1800/1946/694
f 1799/1947/695 1807/1948/696 1806/1949/697 1798/1950/698
f 1804/1951/699 1812/1952/700 1811/1940/688 1803/1939/687
f 1802/1942/690 1810/1941/689 1809/1944/692 1801/1943/691
f 1800/1946/694 1808/1945/693 1807/1948/696 1799/1947/695
f 1798/1950/698 1806/1949/697 1805/1953/701 1797/1954/702
f 1797/1954/702 1805/1953/701 1812/1952/700 1804/1951/699
f 1812/1952/700 1820/1955/703 1819/1956/704 1811/1940/688
f 1810/1941/689 1818/1957/705 1817/1958/706 1809/1944/692
f 1808/1945/693 1816/1959/707 1815/1960/708 1807/1948/696
f 1806/1949/697 1814/1961/709 1813/1962/710 1805/1953/701
f 1805/1953/701 1813/1962/710 1820/1955/703 1812/1952/700
f 1811/1940/688 1819/1956/704 1818/1957/705 1810/1941/689
f 1809/1944/692 1817/1958/706 1816/1959/707 1808/1945/693
f 1807/1948/696 1815/1960/708 1814/1961/709 1806/1949/697
f 1815/1960/708 1816/1959/707 1821/1963/558 1814/1961/709
f 1814/1961/709 1821/1963/558 1820/1955/703 1813/1962/710
f 1816/1959/707 1817/1958/706 1818/1957/705 1821/1963/558
f 1821/1963/558 1818/1957/705 1819/1956/704 1820/1955/703
f 1804/1951/699 1829/1964/711 1822/1965/712 1797/1954/702
f 1802/1942/690 1827/1966/713 1828/1967/714 1803/1939/687
f 1800/1946/694 1825/1968/715 1826/1969/716 1801/1943/691
f 1798/1950/698 1823/1970/717 1824/1971/718 1799/1947/695
f 1803/1939/687 1828/1967/714 1829/1964/711 1804/1951/699
f 1801/1943/691 1826/1969/716 1827/1966/713 1802/1942/690
f 1799/1947/695 1824/1971/718 1825/1968/715 1800/1946/694
f 1797/1954/702 1822/1965/712 1823/1970/717 1798/1950/698
f 1836/1972/719 1844/1973/720 1843/1974/721 1835/1975/722
f 1834/1976/723 1842/1977/724 1841/1978/725 1833/1979/726
f 1832/1980/727 1840/1981/728 1839/1982/729 1831/1983/730
f 1837/1984/731 1845/1985/732 1844/1973/720 1836/1972/719
f 1835/1975/722 1843/1974/721 1842/1977/724 1834/1976/723
f 1833/1979/726 1841/1978/725 1840/1981/728 1832/1980/727
f 1831/1983/730 1839/1982/729 1838/1986/733 1830/1987/734
f 1830/1987/734 1838/1986/733 1845/1985/732 1837/1984/731
f 1845/1985/732 1853/1988/735 1852/1989/736 1844/1973/720
f 1843/1974/721 1851/1990/737 1850/1991/738 1842/1977/724
f 1841/1978/725 1849/1992/739 1848/1993/740 1840/1981/728
f 1839/1982/729 1847/1994/741 1846/1995/742 1838/1986/733
f 1838/1986/733 1846/1995/742 1853/1988/735 1845/1985/732
f 1844/1973/720 1852/1989/736 1851/1990/737 1843/1974/721
f 1842/1977/724 1850/1991/738 1849/1992/739 1841/1978/725
f 1840/1981/728 1848/1993/740 1847/1994/741 1839/1982/729
f 1848/1993/740 1849/1992/739 1854/1996/558 1847/1994/741
f 1847/1994/741 1854/1996/558 1853/1988/735 1846/1995/742
f 1849/1992/739 1850/1991/738 1851/1990/737 1854/1996/558
f 1854/1996/558 1851/1990/737 1852/1989/736 1853/1988/735
f 1837/1984/731 1862/1997/743 1855/1998/744 1830/1987/734
f 1835/1975/722 1860/1999/745 1861/2000/746 1836/1972/719
f 1833/1979/726 1858/2001/747 1859/2002/748 1834/1976/723
f 1831/1983/730 1856/2003/749 1857/2004/750 1832/1980/727
f 1836/1972/719 1861/2000/746 1862/1997/743 1837/1984/731
f 1834/1976/723 1859/2002/748 1860/1999/745 1835/1975/722
f 1832/1980/727 1857/2004/750 1858/2001/747 1833/1979/726
f 1830/1987/734 1855/1998/744 1856/2003/749 1831/1983/730
f 1869/2005/751 1877/2006/752 1876/2007/753 1868/2008/754
f 1867/2009/755 1875/2010/756 1874/2011/757 1866/2012/758
f 1865/2013/759 1873/2014/760 1872/2015/761 1864/2016/762
f 1870/2017/763 1878/2018/764 1877/2006/752 1869/2005/751
f 1868/2008/754 1876/2007/753 1875/2010/756 1867/2009/755
f 1866/2012/758 1874/2011/757 1873/2014/760 1865/2013/759
f 1864/2016/762 1872/2015/761 1871/2019/765 1863/2020/766
f 1863/2020/766 1871/2019/765 1878/2018/764 1870/2017/763
f 1878/2018/764 1886/2021/767 1885/2022/768 1877/2006/752
f 1876/2007/753 1884/2023/769 1883/2024/770 1875/2010/756
f 1874/2011/757 1882/2025/771 1881/2026/772 1873/2014/760
f 1872/2015/761 1880/2027/773 1879/2028/774 1871/2019/765
f 1871/2019/765 1879/2028/774 1886/2021/767 1878/2018/764
f 1877/2006/752 1885/2022/768 1884/2023/769 1876/2007/753
f 1875/2010/756 1883/2024/770 1882/2025/771 1874/2011/757
f 1873/2014/760 1881/2026/772 1880/2027/773 1872/2015/761
f 1881/2026/772 1882/2025/771 1887/2029/558 1880/2027/773
f 1880/2027/773 1887/2029/558 1886/2021/767 1879/2028/774
f 1882/2025/771 1883/2024/770 1884/2023/769 1887/2029/558
f 1887/2029/558 1884/2023/769 1885/2022/768 1886/2021/767
f 1870/2017/763 1895/2030/775 1888/2031/776 1863/2020/766
f 1868/2008/754 1893/2032/777 1894/2033/778 1869/2005/751
f 1866/2012/758 1891/2034/779 1892/2035/780 1867/2009/755
f 1864/2016/762 1889/2036/781 1890/2037/782 1865/2013/759
f 1869/2005/751 1894/2033/778 1895/2030/775 1870/2017/763
f 1867/2009/755 1892/2035/780 1893/2032/777 1868/2008/754
f 1865/2013/759 1890/2037/782 1891/2034/779 1866/2012/758
f 1863/2020/766 1888/2031/776 1889/2036/781 1864/2016/762
f 1896/2038/429 1897/2039/429 1899/2040/429 1898/2041/429
f 1898/2042/86 1899/2043/86 1903/2044/86 1902/2045/86
f 1902/2046/783 1903/2047/783 1901/2048/783 1900/2049/783
f 1900/2049/558 1901/2048/558 1897/2039/558 1896/2038/558
f 1896/2038/429 1898/2050/429 1905/2051/429 1904/2052/429
f 1903/2053/415 1899/2054/415 1897/2039/415 1901/2048/415
f 1905/2055/784 1907/2056/784 1911/2057/784 1909/2058/784
f 1902/2059/783 1900/2049/783 1906/2060/783 1907/2061/783
f 1900/2049/785 1896/2038/785 1904/2052/785 1906/2060/785
f 1898/2042/786 1902/2045/786 1907/2056/786 1905/2055/786
f 1911/2062/783 1910/2063/783 1914/2064/783 1915/2065/783
f 1907/2066/783 1906/2060/783 1910/2063/783 1911/2067/783
f 1904/2052/429 1905/2068/429 1909/2069/429 1908/2070/429
f 1906/2060/787 1904/2052/787 1908/2070/787 1910/2063/787
f 1914/2064/788 1912/2071/788 1916/2072/788 1918/2073/788
f 1908/2070/429 1909/2074/429 1913/2075/429 1912/2071/429
f 1910/2063/789 1908/2070/789 1912/2071/789 1914/2064/789
f 1909/2058/790 1911/2057/790 1915/2076/790 1913/2077/790
f 1917/2078/791 1919/2079/791 1923/2080/791 1921/2081/791
f 1913/2077/792 1915/2076/792 1919/2082/792 1917/2083/792
f 1915/2084/783 1914/2064/783 1918/2073/783 1919/2085/783
f 1912/2071/429 1913/2086/429 1917/2087/429 1916/2072/429
f 1923/2080/558 1922/2088/558 1926/2089/558 1927/2090/558
f 1919/2079/793 1918/2091/793 1922/2088/793 1923/2080/793
f 1916/2092/794 1917/2078/794 1921/2081/794 1920/2093/794
f 1918/2091/795 1916/2092/795 1920/2093/795 1922/2088/795
f 1926/2089/796 1924/2094/796 1929/2095/796 1931/2096/796
f 1920/2093/558 1921/2081/558 1925/2097/558 1924/2094/558
f 1922/2088/558 1920/2093/558 1924/2094/558 1926/2089/558
f 1921/2081/558 1923/2080/558 1927/2090/558 1925/2097/558
f 1925/2097/797 1927/2090/797 1930/2098/797 1928/2099/797
f 1927/2090/798 1926/2089/798 1931/2100/798 1930/2101/798
f 1924/2094/799 1925/2097/799 1928/2102/799 1929/2103/799
f 1946/2104/800 1933/2105/801 1935/2106/802 1947/2107/803
f 1947/2108/804 1935/2109/805 1939/2110/806 1954/2111/807
f 1954/2111/808 1939/2110/809 1937/2112/810 1961/2113/811
f 1961/2113/812 1937/2112/813 1933/2105/814 1946/2104/815
f 1938/2114/816 1936/2115/817 1982/2116/783 1983/2117/783
f 1939/2110/806 1935/2109/805 1969/2118/818 1971/2119/818
f 1936/2115/819 1967/2120/820 1940/2121/821 1932/2122/822
f 1967/2120/820 1966/2123/823 1941/2124/824 1940/2121/821
f 1966/2123/823 1965/2125/825 1942/2126/826 1941/2124/824
f 1965/2125/825 1964/2127/827 1943/2128/828 1942/2126/826
f 1964/2127/827 1963/2129/829 1944/2130/830 1943/2128/828
f 1963/2129/829 1962/2131/831 1945/2132/832 1944/2130/830
f 1962/2131/831 1961/2113/812 1946/2104/815 1945/2132/832
f 1938/2114/816 1960/2133/833 1967/2120/834 1936/2115/817
f 1960/2133/833 1959/2134/835 1966/2123/836 1967/2120/834
f 1959/2134/835 1958/2135/837 1965/2125/838 1966/2123/836
f 1958/2135/837 1957/2136/839 1964/2127/840 1965/2125/838
f 1957/2136/839 1956/2137/841 1963/2129/842 1964/2127/840
f 1956/2137/841 1955/2138/843 1962/2131/844 1963/2129/842
f 1955/2138/843 1954/2111/808 1961/2113/811 1962/2131/844
f 1934/2139/845 1953/2140/846 1960/2133/847 1938/2114/848
f 1953/2140/846 1952/2141/849 1959/2134/850 1960/2133/847
f 1952/2141/849 1951/2142/851 1958/2135/852 1959/2134/850
f 1951/2142/851 1950/2143/853 1957/2136/854 1958/2135/852
f 1950/2143/853 1949/2144/855 1956/2137/856 1957/2136/854
f 1949/2144/855 1948/2145/857 1955/2138/858 1956/2137/856
f 1948/2145/857 1947/2108/804 1954/2111/807 1955/2138/858
f 1932/2122/859 1940/2121/860 1953/2146/861 1934/2147/862
f 1940/2121/860 1941/2124/863 1952/2148/864 1953/2146/861
f 1941/2124/863 1942/2126/865 1951/2149/866 1952/2148/864
f 1942/2126/865 1943/2128/867 1950/2150/868 1951/2149/866
f 1943/2128/867 1944/2130/869 1949/2151/870 1950/2150/868
f 1944/2130/869 1945/2132/871 1948/2152/872 1949/2151/870
f 1945/2132/871 1946/2104/800 1947/2107/803 1948/2152/872
f 1968/2153/873 1970/2154/873 1974/2155/874 1972/2156/874
f 1937/2112/810 1939/2110/809 1971/2119/783 1970/2154/783
f 1935/2106/802 1933/2105/801 1968/2153/429 1969/2157/429
f 1933/2105/814 1937/2112/813 1970/2154/873 1968/2153/873
f 1974/2155/783 1975/2158/783 1979/2159/875 1978/2160/876
f 1971/2119/818 1969/2118/818 1973/2161/877 1975/2158/877
f 1970/2154/783 1971/2119/783 1975/2158/783 1974/2155/783
f 1969/2157/429 1968/2153/429 1972/2156/429 1973/2162/429
f 1989/2163/878 1991/2164/878 1999/2165/879 1997/2166/880
f 1973/2162/429 1972/2156/429 1976/2167/881 1977/2168/882
f 1972/2156/874 1974/2155/874 1978/2160/883 1976/2167/883
f 1975/2158/877 1973/2161/877 1977/2169/884 1979/2159/884
f 1982/2116/885 1980/2170/885 1984/2171/886 1986/2172/886
f 1936/2115/819 1932/2122/822 1980/2170/885 1982/2116/885
f 1934/2139/845 1938/2114/848 1983/2117/887 1981/2173/887
f 1932/2122/859 1934/2147/862 1981/2174/429 1980/2170/429
f 1987/2175/783 1986/2172/783 1990/2176/888 1991/2177/889
f 1981/2173/887 1983/2117/887 1987/2175/890 1985/2178/890
f 1983/2117/783 1982/2116/783 1986/2172/783 1987/2175/783
f 1980/2170/429 1981/2174/429 1985/2179/429 1984/2171/429
f 1990/2180/891 1988/2181/891 1996/2182/892 1998/2183/893
f 1984/2171/429 1985/2179/429 1989/2184/894 1988/2185/895
f 1986/2172/886 1984/2171/886 1988/2185/891 1990/2176/891
f 1985/2178/890 1987/2175/890 1991/2177/878 1989/2186/878
f 1996/2182/892 1997/2166/880 2005/2187/896 2004/2188/896
f 1999/2165/879 1998/2183/893 2006/2189/896 2007/2190/896
f 1976/2191/883 1978/2192/883 1994/2193/897 1992/2194/898
f 1979/2195/884 1977/2196/884 1993/2197/899 1995/2198/900
f 1991/2164/889 1990/2180/888 1998/2183/893 1999/2165/879
f 1988/2181/895 1989/2163/894 1997/2166/880 1996/2182/892
f 1978/2192/876 1979/2195/875 1995/2198/900 1994/2193/897
f 1977/2196/882 1976/2191/881 1992/2194/898 1993/2197/899
f 2003/2199/901 2001/2200/901 2009/2201/901 2011/2202/901
f 2000/2203/902 2002/2204/902 2010/2205/902 2008/2206/902
f 1994/2193/897 1995/2198/900 2003/2199/903 2002/2204/903
f 1993/2197/899 1992/2194/898 2000/2203/903 2001/2200/903
f 1998/2183/893 1996/2182/892 2004/2188/896 2006/2189/896
f 1997/2166/880 1999/2165/879 2007/2190/896 2005/2187/896
f 1992/2194/898 1994/2193/897 2002/2204/903 2000/2203/903
f 1995/2198/900 1993/2197/899 2001/2200/903 2003/2199/903
f 2007/2190/904 2006/2189/904 2014/2207/904 2015/2208/904
f 2004/2188/905 2005/2187/905 2013/2209/905 2012/2210/905
f 2002/2204/906 2003/2199/906 2011/2211/906 2010/2212/906
f 2001/2200/907 2000/2203/907 2008/2213/907 2009/2214/907
f 2006/2189/908 2004/2188/908 2012/2215/908 2014/2216/908
f 2005/2187/909 2007/2190/909 2015/2217/909 2013/2218/909
f 2022/2219/365 2030/2220/365 2029/2221/365 2021/2222/365
f 2020/2223/366 2028/2224/366 2027/2225/366 2019/2226/366
f 2018/2227/367 2026/2228/367 2025/2229/367 2017/2230/367
f 2023/2231/368 2031/2232/368 2030/2220/368 2022/2219/368
f 2021/2222/369 2029/2221/369 2028/2224/369 2020/2223/369
f 2019/2226/496 2027/2225/496 2026/2228/496 2018/2227/496
f 2017/2230/371 2025/2229/371 2024/2233/371 2016/2234/371
f 2016/2234/910 2024/2233/910 2031/2232/910 2023/2231/910
f 2031/2232/911 2039/2235/911 2038/2236/911 2030/2220/911
f 2029/2221/374 2037/2237/374 2036/2238/374 2028/2224/374
f 2027/2225/912 2035/2239/912 2034/2240/912 2026/2228/912
f 2025/2229/376 2033/2241/376 2032/2242/376 2024/2233/376
f 2024/2233/377 2032/2242/377 2039/2235/377 2031/2232/377
f 2030/2220/378 2038/2236/378 2037/2237/378 2029/2221/378
f 2028/2224/379 2036/2238/379 2035/2239/379 2027/2225/379
f 2026/2228/380 2034/2240/380 2033/2241/380 2025/2229/380
f 2034/2240/499 2035/2239/499 2040/2243/499 2033/2241/499
f 2033/2241/913 2040/2243/913 2039/2235/913 2032/2242/913
f 2035/2239/383 2036/2238/383 2037/2237/383 2040/2243/383
f 2040/2243/384 2037/2237/384 2038/2236/384 2039/2235/384
f 2023/2231/385 2048/2244/385 2041/2245/385 2016/2234/385
f 2021/2222/386 2046/2246/386 2047/2247/386 2022/2219/386
f 2019/2226/387 2044/2248/387 2045/2249/387 2020/2223/387
f 2017/2230/388 2042/2250/388 2043/2251/388 2018/2227/388
f 2022/2219/389 2047/2247/389 2048/2244/389 2023/2231/389
f 2020/2223/390 2045/2249/390 2046/2246/390 2021/2222/390
f 2018/2227/391 2043/2251/391 2044/2248/391 2019/2226/391
f 2016/2234/392 2041/2245/392 2042/2250/392 2017/2230/392
f 2067/2252/393 2059/2253/393 2060/2254/393 2070/2255/393
f 2071/2256/394 2057/2257/394 2058/2258/394 2074/2259/394
f 2075/2260/395 2064/2261/395 2057/2257/395 2071/2256/395
f 2077/2262/396 2062/2263/396 2063/2264/396 2080/2265/396
f 2070/2266/397 2060/2267/397 2061/2268/397 2082/2269/397
f 2074/2259/398 2058/2258/398 2059/2253/398 2067/2252/398
f 2080/2265/399 2063/2264/399 2064/2261/399 2075/2260/399
f 2082/2269/400 2061/2268/400 2062/2263/400 2077/2262/400
f 2051/2270/401 2052/2271/401 2065/2272/401 2050/2273/401
f 2050/2273/402 2065/2272/402 2056/2274/402 2049/2275/402
f 2052/2271/914 2053/2276/914 2054/2277/914 2065/2272/914
f 2065/2272/915 2054/2277/915 2055/2278/915 2056/2274/915
f 2057/2279/916 2064/2280/916 2063/2281/916 2066/2282/916
f 2066/2282/406 2063/2281/406 2062/2283/406 2061/2268/406
f 2058/2284/407 2057/2279/407 2066/2282/407 2059/2285/407
f 2059/2285/917 2066/2282/917 2061/2268/917 2060/2267/917
f 2053/2276/918 2081/2286/918 2078/2287/918 2054/2288/918
f 2077/2289/409 2093/2290/409 2098/2291/919 2082/2292/919
f 2055/2293/399 2079/2294/399 2076/2295/399 2056/2296/399
f 2078/2297/415 2094/2298/415 2095/2299/920 2079/2300/920
f 2050/2301/398 2073/2302/398 2068/2303/398 2051/2304/398
f 2070/2305/409 2086/2306/409 2083/2307/413 2067/2308/413
f 2052/2271/397 2069/2309/397 2081/2286/397 2053/2276/397
f 2081/2310/564 2097/2311/564 2094/2298/415 2078/2297/415
f 2054/2288/396 2078/2287/396 2079/2294/396 2055/2293/396
f 2082/2292/919 2098/2291/919 2086/2306/409 2070/2305/409
f 2056/2296/395 2076/2295/395 2072/2312/395 2049/2313/395
f 2068/2314/564 2084/2315/564 2085/2316/564 2069/2317/564
f 2049/2313/921 2072/2312/921 2073/2302/921 2050/2301/921
f 2069/2317/564 2085/2316/564 2097/2311/564 2081/2310/564
f 2051/2304/393 2068/2303/393 2069/2318/393 2052/2319/393
f 2074/2320/413 2090/2321/413 2087/2322/413 2071/2323/413
f 2097/2311/400 2098/2291/400 2093/2324/400 2094/2325/400
f 2095/2326/399 2096/2327/399 2091/2328/399 2092/2329/399
f 2089/2330/398 2090/2331/398 2083/2332/398 2084/2333/398
f 2085/2316/397 2086/2306/397 2098/2291/397 2097/2311/397
f 2092/2329/395 2091/2328/395 2087/2334/395 2088/2335/395
f 2088/2335/394 2087/2334/394 2090/2331/394 2089/2330/394
f 2084/2333/393 2083/2332/393 2086/2306/393 2085/2316/393
f 2080/2336/409 2096/2337/409 2093/2290/409 2077/2289/409
f 2079/2300/920 2095/2299/920 2092/2338/416 2076/2339/416
f 2076/2339/416 2092/2338/416 2088/2340/415 2072/2341/415
f 2075/2342/409 2091/2343/409 2096/2337/409 2080/2336/409
f 2071/2323/413 2087/2322/413 2091/2343/409 2075/2342/409
f 2073/2344/415 2089/2345/415 2084/2315/564 2068/2314/564
f 2072/2341/415 2088/2340/415 2089/2345/415 2073/2344/415
f 2067/2308/413 2083/2307/413 2090/2321/413 2074/2320/413
f 2118/2346/417 2110/2347/417 2111/2348/417 2117/2349/417
f 2099/2350/86 2124/2351/86 2129/2352/86 2119/2353/86
f 2114/2354/418 2099/2350/419 2100/2355/420 2115/2356/421
f 2117/2349/422 2132/2357/422 2128/2358/422 2118/2346/422
f 2094/2298/415 2104/2359/415 2102/2360/415 2095/2299/920
f 2093/2324/423 2103/2361/423 2104/2362/423 2094/2325/423
f 2096/2337/409 2101/2363/409 2103/2364/409 2093/2290/409
f 2095/2326/395 2102/2365/395 2101/2366/395 2096/2327/395
f 2104/2359/424 2107/2367/424 2108/2368/424 2102/2360/424
f 2103/2361/425 2106/2369/426 2107/2370/426 2104/2362/425
f 2101/2363/427 2105/2371/427 2106/2372/427 2103/2364/427
f 2102/2365/428 2108/2373/428 2105/2374/428 2101/2366/428
f 2110/2347/429 2109/2375/429 2112/2376/429 2111/2348/429
f 2119/2353/86 2109/2375/86 2110/2347/86 2118/2346/86
f 2120/2377/430 2112/2376/430 2109/2375/430 2119/2353/430
f 2107/2378/435 2115/2356/435 2116/2379/435 2108/2380/435
f 2106/2381/426 2114/2354/418 2115/2356/421 2107/2378/426
f 2105/2382/434 2113/2383/434 2114/2354/434 2106/2381/434
f 2114/2354/418 2126/2384/433 2124/2351/433 2099/2350/419
f 2099/2350/86 2119/2353/86 2118/2346/86 2100/2355/86
f 2125/2385/432 2123/2386/432 2124/2351/432 2126/2384/432
f 2127/2387/431 2122/2388/431 2121/2389/431 2131/2390/431
f 2123/2386/430 2130/2391/430 2129/2352/430 2124/2351/430
f 2122/2388/417 2128/2358/417 2132/2357/417 2121/2389/417
f 2100/2355/420 2122/2388/436 2127/2387/436 2115/2356/421
f 2113/2383/437 2125/2385/437 2126/2384/437 2114/2354/437
f 2119/2353/438 2129/2352/438 2130/2391/438 2120/2377/438
f 2118/2346/86 2128/2358/86 2122/2388/86 2100/2355/86
f 2115/2356/439 2127/2387/439 2131/2390/439 2116/2379/439
f 2139/2392/440 2147/2393/440 2146/2394/440 2138/2395/440
f 2137/2396/922 2145/2397/922 2144/2398/922 2136/2399/922
f 2135/2400/442 2143/2401/442 2142/2402/442 2134/2403/442
f 2140/2404/923 2148/2405/923 2147/2393/923 2139/2392/923
f 2138/2395/444 2146/2394/444 2145/2397/444 2137/2396/444
f 2136/2399/924 2144/2398/924 2143/2401/924 2135/2400/924
f 2134/2403/446 2142/2402/446 2141/2406/446 2133/2407/446
f 2133/2407/447 2141/2406/447 2148/2405/447 2140/2404/447
f 2148/2405/925 2156/2408/925 2155/2409/925 2147/2393/925
f 2146/2394/926 2154/2410/926 2153/2411/926 2145/2397/926
f 2144/2398/927 2152/2412/927 2151/2413/927 2143/2401/927
f 2142/2402/451 2150/2414/451 2149/2415/451 2141/2406/451
f 2141/2406/928 2149/2415/928 2156/2408/928 2148/2405/928
f 2147/2393/453 2155/2409/453 2154/2410/453 2146/2394/453
f 2145/2397/454 2153/2411/454 2152/2412/454 2144/2398/454
f 2143/2401/455 2151/2413/455 2150/2414/455 2142/2402/455
f 2151/2413/929 2152/2412/929 2157/2416/929 2150/2414/929
f 2150/2414/930 2157/2416/930 2156/2408/930 2149/2415/930
f 2152/2412/458 2153/2411/458 2154/2410/458 2157/2416/458
f 2157/2416/459 2154/2410/459 2155/2409/459 2156/2408/459
f 2140/2404/460 2165/2417/460 2158/2418/460 2133/2407/460
f 2138/2395/931 2163/2419/931 2164/2420/931 2139/2392/931
f 2136/2399/932 2161/2421/932 2162/2422/932 2137/2396/932
f 2134/2403/463 2159/2423/463 2160/2424/463 2135/2400/463
f 2139/2392/464 2164/2420/464 2165/2417/464 2140/2404/464
f 2137/2396/465 2162/2422/465 2163/2419/465 2138/2395/465
f 2135/2400/466 2160/2424/466 2161/2421/466 2136/2399/466
f 2133/2407/467 2158/2418/467 2159/2423/467 2134/2403/467
f 2172/2425/468 2180/2426/468 2179/2427/468 2171/2428/468
f 2170/2429/933 2178/2430/933 2177/2431/933 2169/2432/933
f 2168/2433/934 2176/2434/934 2175/2435/934 2167/2436/934
f 2173/2437/471 2181/2438/471 2180/2426/471 2172/2425/471
f 2171/2428/935 2179/2427/935 2178/2430/935 2170/2429/935
f 2169/2432/936 2177/2431/936 2176/2434/936 2168/2433/936
f 2167/2436/474 2175/2435/474 2174/2439/474 2166/2440/474
f 2166/2440/475 2174/2439/475 2181/2438/475 2173/2437/475
f 2181/2438/476 2189/2441/476 2188/2442/476 2180/2426/476
f 2179/2427/937 2187/2443/937 2186/2444/937 2178/2430/937
f 2177/2431/938 2185/2445/938 2184/2446/938 2176/2434/938
f 2175/2435/479 2183/2447/479 2182/2448/479 2174/2439/479
f 2174/2439/480 2182/2448/480 2189/2441/480 2181/2438/480
f 2180/2426/939 2188/2442/939 2187/2443/939 2179/2427/939
f 2178/2430/940 2186/2444/940 2185/2445/940 2177/2431/940
f 2176/2434/483 2184/2446/483 2183/2447/483 2175/2435/483
f 2184/2446/941 2185/2445/941 2190/2449/941 2183/2447/941
f 2183/2447/485 2190/2449/485 2189/2441/485 2182/2448/485
f 2185/2445/942 2186/2444/942 2187/2443/942 2190/2449/942
f 2190/2449/943 2187/2443/943 2188/2442/943 2189/2441/943
f 2173/2437/488 2198/2450/488 2191/2451/488 2166/2440/488
f 2171/2428/489 2196/2452/489 2197/2453/489 2172/2425/489
f 2169/2432/490 2194/2454/490 2195/2455/490 2170/2429/490
f 2167/2436/491 2192/2456/491 2193/2457/491 2168/2433/491
f 2172/2425/944 2197/2453/944 2198/2450/944 2173/2437/944
f 2170/2429/493 2195/2455/493 2196/2452/493 2171/2428/493
f 2168/2433/945 2193/2457/945 2194/2454/945 2169/2432/945
f 2166/2440/495 2191/2451/495 2192/2456/495 2167/2436/495
f 2205/2458/365 2213/2459/365 2212/2460/365 2204/2461/365
f 2203/2462/366 2211/2463/366 2210/2464/366 2202/2465/366
f 2201/2466/367 2209/2467/367 2208/2468/367 2200/2469/367
f 2206/2470/368 2214/2471/368 2213/2459/368 2205/2458/368
f 2204/2461/369 2212/2460/369 2211/2463/369 2203/2462/369
f 2202/2465/496 2210/2464/496 2209/2467/496 2201/2466/496
f 2200/2469/371 2208/2468/371 2207/2472/371 2199/2473/371
f 2199/2473/910 2207/2472/910 2214/2471/910 2206/2470/910
f 2214/2471/911 2222/2474/911 2221/2475/911 2213/2459/911
f 2212/2460/374 2220/2476/374 2219/2477/374 2211/2463/374
f 2210/2464/912 2218/2478/912 2217/2479/912 2209/2467/912
f 2208/2468/946 2216/2480/946 2215/2481/946 2207/2472/946
f 2207/2472/377 2215/2481/377 2222/2474/377 2214/2471/377
f 2213/2459/378 2221/2475/378 2220/2476/378 2212/2460/378
f 2211/2463/379 2219/2477/379 2218/2478/379 2210/2464/379
f 2209/2467/380 2217/2479/380 2216/2480/380 2208/2468/380
f 2217/2479/499 2218/2478/499 2223/2482/499 2216/2480/499
f 2216/2480/913 2223/2482/913 2222/2474/913 2215/2481/913
f 2218/2478/947 2219/2477/947 2220/2476/947 2223/2482/947
f 2223/2482/501 2220/2476/501 2221/2475/501 2222/2474/501
f 2206/2470/385 2231/2483/385 2224/2484/385 2199/2473/385
f 2204/2461/386 2229/2485/386 2230/2486/386 2205/2458/386
f 2202/2465/387 2227/2487/387 2228/2488/387 2203/2462/387
f 2200/2469/388 2225/2489/388 2226/2490/388 2201/2466/388
f 2205/2458/389 2230/2486/389 2231/2483/389 2206/2470/389
f 2203/2462/390 2228/2488/390 2229/2485/390 2204/2461/390
f 2201/2466/391 2226/2490/391 2227/2487/391 2202/2465/391
f 2199/2473/392 2224/2484/392 2225/2489/392 2200/2469/392
f 2242/2491/948 2258/2492/948 2263/2493/948 2247/2494/948
f 2243/2495/504 2259/2496/504 2260/2497/504 2244/2498/504
f 2235/2499/505 2251/2500/505 2248/2501/505 2232/2502/505
f 2246/2503/949 2262/2504/949 2259/2496/949 2243/2495/949
f 2247/2494/507 2263/2493/507 2251/2500/507 2235/2499/507
f 2233/2505/950 2249/2506/950 2250/2507/950 2234/2508/950
f 2234/2508/951 2250/2507/951 2262/2504/951 2246/2503/951
f 2239/2509/952 2255/2510/952 2252/2511/952 2236/2512/952
f 2245/2513/511 2261/2514/511 2258/2492/511 2242/2491/511
f 2244/2498/953 2260/2497/953 2257/2515/953 2241/2516/953
f 2241/2516/513 2257/2515/513 2253/2517/513 2237/2518/513
f 2240/2519/514 2256/2520/514 2261/2514/514 2245/2513/514
f 2236/2512/515 2252/2511/515 2256/2520/515 2240/2519/515
f 2238/2521/516 2254/2522/516 2249/2506/516 2233/2505/516
f 2237/2518/954 2253/2517/954 2254/2522/954 2238/2521/954
f 2232/2502/955 2248/2501/955 2255/2510/955 2239/2509/955
f 2283/2523/519 2275/2524/519 2276/2525/519 2282/2526/519
f 2264/2527/86 2289/2528/86 2294/2529/86 2284/2530/86
f 2279/2531/520 2264/2527/521 2265/2532/522 2280/2533/523
f 2282/2526/524 2297/2534/524 2293/2535/524 2283/2523/524
f 2259/2536/409 2269/2537/409 2267/2538/409 2260/2539/409
f 2258/2540/525 2268/2541/525 2269/2537/525 2259/2536/525
f 2261/2542/415 2266/2543/415 2268/2541/415 2258/2540/415
f 2260/2544/526 2267/2545/526 2266/2546/526 2261/2547/526
f 2269/2537/527 2272/2548/527 2273/2549/527 2267/2538/527
f 2268/2541/528 2271/2550/528 2272/2548/528 2269/2537/528
f 2266/2543/529 2270/2551/529 2271/2550/529 2268/2541/529
f 2267/2545/530 2273/2552/530 2270/2553/530 2266/2546/530
f 2275/2524/531 2274/2554/531 2277/2555/531 2276/2525/531
f 2284/2530/86 2274/2554/86 2275/2524/86 2283/2523/86
f 2285/2556/532 2277/2555/532 2274/2554/532 2284/2530/532
f 2272/2548/533 2280/2533/533 2281/2557/533 2273/2549/533
f 2271/2550/534 2279/2531/534 2280/2533/534 2272/2548/534
f 2270/2551/535 2278/2558/535 2279/2531/535 2271/2550/535
f 2273/2552/536 2281/2559/536 2278/2560/536 2270/2553/536
f 2279/2531/520 2291/2561/537 2289/2528/537 2264/2527/521
f 2264/2527/86 2284/2530/86 2283/2523/86 2265/2532/86
f 2290/2562/538 2288/2563/538 2289/2528/538 2291/2561/538
f 2292/2564/539 2287/2565/539 2286/2566/539 2296/2567/539
f 2288/2563/956 2295/2568/956 2294/2529/956 2289/2528/956
f 2287/2565/541 2293/2535/541 2297/2534/541 2286/2566/541
f 2265/2532/522 2287/2565/542 2292/2564/542 2280/2533/523
f 2278/2558/543 2290/2562/543 2291/2561/543 2279/2531/543
f 2284/2530/544 2294/2529/544 2295/2568/544 2285/2556/544
f 2326/2569/545 2327/2570/545 2328/2571/545 2329/2572/545
f 2283/2523/86 2293/2535/86 2287/2565/86 2265/2532/86
f 2280/2533/546 2292/2564/546 2296/2567/546 2281/2557/546
f 2245/2513/957 2242/2491/957 2247/2494/957 2298/2573/957
f 2298/2573/958 2247/2494/958 2235/2499/958 2232/2502/958
f 2240/2519/549 2245/2513/549 2298/2573/549 2236/2512/549
f 2236/2512/959 2298/2573/959 2232/2502/959 2239/2509/959
f 2246/2503/960 2243/2495/960 2299/2574/960 2234/2508/960
f 2234/2508/961 2299/2574/961 2238/2521/961 2233/2505/961
f 2243/2495/962 2244/2498/962 2241/2516/962 2299/2574/962
f 2299/2574/554 2241/2516/554 2237/2518/554 2238/2521/554
f 2253/2575/963 2305/2576/963 2306/2577/963 2254/2578/963
f 2248/2579/545 2300/2580/545 2307/2581/545 2255/2582/545
f 2259/2536/86 2311/2583/556 2310/2584/556 2258/2540/86
f 2255/2582/555 2307/2581/555 2304/2585/555 2252/2586/555
f 2250/2587/557 2302/2588/557 2314/2589/557 2262/2590/557
f 2261/2547/86 2313/2591/86 2312/2592/86 2260/2544/86
f 2249/2593/559 2301/2594/559 2302/2588/559 2250/2587/559
f 2263/2595/557 2315/2596/557 2303/2597/557 2251/2598/557
f 2262/2590/560 2314/2589/560 2311/2599/560 2259/2600/560
f 2251/2598/559 2303/2597/559 2300/2580/559 2248/2579/559
f 2260/2601/545 2312/2602/545 2311/2603/545 2259/2604/545
f 2258/2605/560 2310/2606/560 2315/2596/560 2263/2595/560
f 2258/2607/545 2310/2608/545 2313/2609/545 2261/2610/545
f 2260/2611/561 2312/2612/561 2309/2613/561 2257/2614/561
f 2257/2614/526 2309/2613/526 2305/2576/526 2253/2575/526
f 2256/2615/561 2308/2616/561 2313/2617/561 2261/2618/561
f 2252/2586/526 2304/2585/526 2308/2616/526 2256/2615/526
f 2254/2578/545 2306/2577/545 2301/2594/545 2249/2593/545
f 2308/2619/409 2324/2620/409 2329/2621/409 2313/2622/409
f 2304/2623/409 2320/2624/409 2324/2620/409 2308/2619/409
f 2306/2625/415 2322/2626/415 2317/2627/415 2301/2628/415
f 2305/2629/415 2321/2630/415 2322/2626/415 2306/2625/415
f 2300/2631/409 2316/2632/409 2323/2633/409 2307/2634/409
f 2311/2583/556 2327/2570/563 2326/2569/563 2310/2584/556
f 2307/2634/409 2323/2633/409 2320/2624/409 2304/2623/409
f 2302/2635/415 2318/2636/415 2330/2637/415 2314/2638/415
f 2313/2591/565 2329/2572/565 2328/2571/565 2312/2592/565
f 2301/2628/415 2317/2627/415 2318/2636/415 2302/2635/415
f 2315/2639/409 2331/2640/409 2319/2641/409 2303/2642/409
f 2314/2638/415 2330/2637/415 2327/2643/415 2311/2644/415
f 2303/2642/409 2319/2641/409 2316/2632/409 2300/2631/409
f 2312/2602/409 2328/2645/409 2327/2646/409 2311/2603/409
f 2310/2647/409 2326/2648/409 2331/2640/409 2315/2639/409
f 2310/2608/415 2326/2649/415 2329/2650/415 2313/2609/415
f 2312/2651/415 2328/2652/415 2325/2653/415 2309/2654/415
f 2309/2654/415 2325/2653/415 2321/2630/415 2305/2629/415
f 2338/2655/567 2346/2656/567 2345/2657/567 2337/2658/567
f 2336/2659/568 2344/2660/568 2343/2661/568 2335/2662/568
f 2334/2663/569 2342/2664/569 2341/2665/569 2333/2666/569
f 2339/2667/570 2347/2668/570 2346/2656/570 2338/2655/570
f 2337/2658/571 2345/2657/571 2344/2660/571 2336/2659/571
f 2335/2662/572 2343/2661/572 2342/2664/572 2334/2663/572
f 2333/2666/964 2341/2665/964 2340/2669/964 2332/2670/964
f 2332/2670/965 2340/2669/965 2347/2668/965 2339/2667/965
f 2347/2668/575 2355/2671/575 2354/2672/575 2346/2656/575
f 2345/2657/966 2353/2673/966 2352/2674/966 2344/2660/966
f 2343/2661/967 2351/2675/967 2350/2676/967 2342/2664/967
f 2341/2665/968 2349/2677/968 2348/2678/968 2340/2669/968
f 2340/2669/579 2348/2678/579 2355/2671/579 2347/2668/579
f 2346/2656/580 2354/2672/580 2353/2673/580 2345/2657/580
f 2344/2660/581 2352/2674/581 2351/2675/581 2343/2661/581
f 2342/2664/582 2350/2676/582 2349/2677/582 2341/2665/582
f 2350/2676/969 2351/2675/969 2356/2679/969 2349/2677/969
f 2349/2677/584 2356/2679/584 2355/2671/584 2348/2678/584
f 2351/2675/970 2352/2674/970 2353/2673/970 2356/2679/970
f 2356/2679/971 2353/2673/971 2354/2672/971 2355/2671/971
f 2339/2667/972 2364/2680/972 2357/2681/972 2332/2670/972
f 2337/2658/973 2362/2682/973 2363/2683/973 2338/2655/973
f 2335/2662/974 2360/2684/974 2361/2685/974 2336/2659/974
f 2333/2666/590 2358/2686/590 2359/2687/590 2334/2663/590
f 2338/2655/591 2363/2683/591 2364/2680/591 2339/2667/591
f 2336/2659/975 2361/2685/975 2362/2682/975 2337/2658/975
f 2334/2663/593 2359/2687/593 2360/2684/593 2335/2662/593
f 2332/2670/594 2357/2681/594 2358/2686/594 2333/2666/594
f 2371/2688/595 2379/2689/595 2378/2690/595 2370/2691/595
f 2369/2692/596 2377/2693/596 2376/2694/596 2368/2695/596
f 2367/2696/597 2375/2697/597 2374/2698/597 2366/2699/597
f 2372/2700/598 2380/2701/598 2379/2689/598 2371/2688/598
f 2370/2691/599 2378/2690/599 2377/2693/599 2369/2692/599
f 2368/2695/600 2376/2694/600 2375/2697/600 2367/2696/600
f 2366/2699/601 2374/2698/601 2373/2702/601 2365/2703/601
f 2365/2703/602 2373/2702/602 2380/2701/602 2372/2700/602
f 2380/2701/603 2388/2704/603 2387/2705/603 2379/2689/603
f 2378/2690/604 2386/2706/604 2385/2707/604 2377/2693/604
f 2376/2694/605 2384/2708/605 2383/2709/605 2375/2697/605
f 2374/2698/606 2382/2710/606 2381/2711/606 2373/2702/606
f 2373/2702/607 2381/2711/607 2388/2704/607 2380/2701/607
f 2379/2689/608 2387/2705/608 2386/2706/608 2378/2690/608
f 2377/2693/609 2385/2707/609 2384/2708/609 2376/2694/609
f 2375/2697/610 2383/2709/610 2382/2710/610 2374/2698/610
f 2383/2709/976 2384/2708/976 2389/2712/976 2382/2710/976
f 2382/2710/977 2389/2712/977 2388/2704/977 2381/2711/977
f 2384/2708/978 2385/2707/978 2386/2706/978 2389/2712/978
f 2389/2712/614 2386/2706/614 2387/2705/614 2388/2704/614
f 2372/2700/615 2397/2713/615 2390/2714/615 2365/2703/615
f 2370/2691/616 2395/2715/616 2396/2716/616 2371/2688/616
f 2368/2695/617 2393/2717/617 2394/2718/617 2369/2692/617
f 2366/2699/618 2391/2719/618 2392/2720/618 2367/2696/618
f 2371/2688/979 2396/2716/979 2397/2713/979 2372/2700/979
f 2369/2692/620 2394/2718/620 2395/2715/620 2370/2691/620
f 2367/2696/980 2392/2720/980 2393/2717/980 2368/2695/980
f 2365/2703/622 2390/2714/622 2391/2719/622 2366/2699/622
f 2404/2721/365 2412/2722/365 2411/2723/365 2403/2724/365
f 2402/2725/366 2410/2726/366 2409/2727/366 2401/2728/366
f 2400/2729/367 2408/2730/367 2407/2731/367 2399/2732/367
f 2405/2733/368 2413/2734/368 2412/2722/368 2404/2721/368
f 2403/2724/369 2411/2723/369 2410/2726/369 2402/2725/369
f 2401/2728/496 2409/2727/496 2408/2730/496 2400/2729/496
f 2399/2732/371 2407/2731/371 2406/2735/371 2398/2736/371
f 2398/2736/910 2406/2735/910 2413/2734/910 2405/2733/910
f 2413/2734/373 2421/2737/373 2420/2738/373 2412/2722/373
f 2411/2723/374 2419/2739/374 2418/2740/374 2410/2726/374
f 2409/2727/375 2417/2741/375 2416/2742/375 2408/2730/375
f 2407/2731/946 2415/2743/946 2414/2744/946 2406/2735/946
f 2406/2735/377 2414/2744/377 2421/2737/377 2413/2734/377
f 2412/2722/378 2420/2738/378 2419/2739/378 2411/2723/378
f 2410/2726/379 2418/2740/379 2417/2741/379 2409/2727/379
f 2408/2730/380 2416/2742/380 2415/2743/380 2407/2731/380
f 2416/2742/499 2417/2741/499 2422/2745/499 2415/2743/499
f 2415/2743/913 2422/2745/913 2421/2737/913 2414/2744/913
f 2417/2741/981 2418/2740/981 2419/2739/981 2422/2745/981
f 2422/2745/982 2419/2739/982 2420/2738/982 2421/2737/982
f 2405/2733/385 2430/2746/385 2423/2747/385 2398/2736/385
f 2403/2724/386 2428/2748/386 2429/2749/386 2404/2721/386
f 2401/2728/387 2426/2750/387 2427/2751/387 2402/2725/387
f 2399/2732/388 2424/2752/388 2425/2753/388 2400/2729/388
f 2404/2721/389 2429/2749/389 2430/2746/389 2405/2733/389
f 2402/2725/390 2427/2751/390 2428/2748/390 2403/2724/390
f 2400/2729/391 2425/2753/391 2426/2750/391 2401/2728/391
f 2398/2736/392 2423/2747/392 2424/2752/392 2399/2732/392
f 2449/2754/393 2441/2755/393 2442/2756/393 2452/2757/393
f 2453/2758/921 2439/2759/921 2440/2760/921 2456/2761/921
f 2457/2762/395 2446/2763/395 2439/2759/395 2453/2758/395
f 2459/2764/396 2444/2765/396 2445/2766/396 2462/2767/396
f 2452/2768/397 2442/2769/397 2443/2770/397 2464/2771/397
f 2456/2761/398 2440/2760/398 2441/2755/398 2449/2754/398
f 2462/2767/399 2445/2766/399 2446/2763/399 2457/2762/399
f 2464/2771/918 2443/2770/918 2444/2765/918 2459/2764/918
f 2433/2772/401 2434/2773/401 2447/2774/401 2432/2775/401
f 2432/2775/402 2447/2774/402 2438/2776/402 2431/2777/402
f 2434/2773/403 2435/2778/403 2436/2779/403 2447/2774/403
f 2447/2774/915 2436/2779/915 2437/2780/915 2438/2776/915
f 2439/2781/916 2446/2782/916 2445/2783/916 2448/2784/916
f 2448/2784/406 2445/2783/406 2444/2785/406 2443/2770/406
f 2440/2786/407 2439/2781/407 2448/2784/407 2441/2787/407
f 2441/2787/917 2448/2784/917 2443/2770/917 2442/2769/917
f 2435/2778/918 2463/2788/918 2460/2789/918 2436/2790/918
f 2459/2791/409 2475/2792/409 2480/2793/409 2464/2794/409
f 2437/2795/399 2461/2796/399 2458/2797/399 2438/2798/399
f 2460/2799/415 2476/2800/415 2477/2801/415 2461/2802/415
f 2432/2803/398 2455/2804/398 2450/2805/398 2433/2806/398
f 2452/2807/409 2468/2808/409 2465/2809/409 2449/2810/409
f 2434/2773/397 2451/2811/397 2463/2788/397 2435/2778/397
f 2463/2812/415 2479/2813/415 2476/2800/415 2460/2799/415
f 2436/2790/396 2460/2789/396 2461/2796/396 2437/2795/396
f 2464/2794/409 2480/2793/409 2468/2808/409 2452/2807/409
f 2438/2798/395 2458/2797/395 2454/2814/395 2431/2815/395
f 2450/2816/415 2466/2817/415 2467/2818/415 2451/2819/415
f 2431/2815/394 2454/2814/394 2455/2804/394 2432/2803/394
f 2451/2819/415 2467/2818/415 2479/2813/415 2463/2812/415
f 2433/2806/393 2450/2805/393 2451/2820/393 2434/2821/393
f 2456/2822/409 2472/2823/409 2469/2824/409 2453/2825/409
f 2479/2813/400 2480/2793/400 2475/2826/400 2476/2827/400
f 2477/2828/399 2478/2829/399 2473/2830/399 2474/2831/399
f 2471/2832/398 2472/2833/398 2465/2834/398 2466/2835/398
f 2467/2818/397 2468/2808/397 2480/2793/397 2479/2813/397
f 2474/2831/395 2473/2830/395 2469/2836/395 2470/2837/395
f 2470/2837/394 2469/2836/394 2472/2833/394 2471/2832/394
f 2466/2835/393 2465/2834/393 2468/2808/393 2467/2818/393
f 2462/2838/409 2478/2839/409 2475/2792/409 2459/2791/409
f 2461/2802/415 2477/2801/415 2474/2840/415 2458/2841/415
f 2458/2841/415 2474/2840/415 2470/2842/415 2454/2843/415
f 2457/2844/409 2473/2845/409 2478/2839/409 2462/2838/409
f 2453/2825/409 2469/2824/409 2473/2845/409 2457/2844/409
f 2455/2846/415 2471/2847/415 2466/2817/415 2450/2816/415
f 2454/2843/415 2470/2842/415 2471/2847/415 2455/2846/415
f 2449/2810/409 2465/2809/409 2472/2823/409 2456/2822/409
f 2500/2848/417 2492/2849/417 2493/2850/417 2499/2851/417
f 2481/2852/86 2506/2853/86 2511/2854/86 2501/2855/86
f 2496/2856/418 2481/2852/419 2482/2857/420 2497/2858/421
f 2499/2851/422 2514/2859/422 2510/2860/422 2500/2848/422
f 2476/2800/415 2486/2861/415 2484/2862/415 2477/2801/415
f 2475/2826/423 2485/2863/423 2486/2864/423 2476/2827/423
f 2478/2839/409 2483/2865/409 2485/2866/409 2475/2792/409
f 2477/2828/395 2484/2867/395 2483/2868/395 2478/2829/395
f 2486/2861/424 2489/2869/424 2490/2870/424 2484/2862/424
f 2485/2863/425 2488/2871/426 2489/2872/426 2486/2864/425
f 2483/2865/983 2487/2873/983 2488/2874/983 2485/2866/983
f 2484/2867/428 2490/2875/428 2487/2876/428 2483/2868/428
f 2492/2849/429 2491/2877/429 2494/2878/429 2493/2850/429
f 2501/2855/86 2491/2877/86 2492/2849/86 2500/2848/86
f 2502/2879/430 2494/2878/430 2491/2877/430 2501/2855/430
f 2489/2880/431 2497/2858/431 2498/2881/431 2490/2882/431
f 2488/2883/426 2496/2856/418 2497/2858/421 2489/2880/426
f 2487/2884/434 2495/2885/434 2496/2856/434 2488/2883/434
f 2496/2856/418 2508/2886/433 2506/2853/433 2481/2852/419
f 2481/2852/86 2501/2855/86 2500/2848/86 2482/2857/86
f 2507/2887/432 2505/2888/432 2506/2853/432 2508/2886/432
f 2509/2889/435 2504/2890/435 2503/2891/435 2513/2892/435
f 2505/2888/430 2512/2893/430 2511/2854/430 2506/2853/430
f 2504/2890/417 2510/2860/417 2514/2859/417 2503/2891/417
f 2482/2857/420 2504/2890/436 2509/2889/436 2497/2858/421
f 2495/2885/437 2507/2887/437 2508/2886/437 2496/2856/437
f 2501/2855/438 2511/2854/438 2512/2893/438 2502/2879/438
f 2500/2848/86 2510/2860/86 2504/2890/86 2482/2857/86
f 2497/2858/439 2509/2889/439 2513/2892/439 2498/2881/439
f 2521/2894/440 2529/2895/440 2528/2896/440 2520/2897/440
f 2519/2898/922 2527/2899/922 2526/2900/922 2518/2901/922
f 2517/2902/442 2525/2903/442 2524/2904/442 2516/2905/442
f 2522/2906/923 2530/2907/923 2529/2895/923 2521/2894/923
f 2520/2897/444 2528/2896/444 2527/2899/444 2519/2898/444
f 2518/2901/445 2526/2900/445 2525/2903/445 2517/2902/445
f 2516/2905/446 2524/2904/446 2523/2908/446 2515/2909/446
f 2515/2909/447 2523/2908/447 2530/2907/447 2522/2906/447
f 2530/2907/448 2538/2910/448 2537/2911/448 2529/2895/448
f 2528/2896/926 2536/2912/926 2535/2913/926 2527/2899/926
f 2526/2900/927 2534/2914/927 2533/2915/927 2525/2903/927
f 2524/2904/451 2532/2916/451 2531/2917/451 2523/2908/451
f 2523/2908/452 2531/2917/452 2538/2910/452 2530/2907/452
f 2529/2895/984 2537/2911/984 2536/2912/984 2528/2896/984
f 2527/2899/454 2535/2913/454 2534/2914/454 2526/2900/454
f 2525/2903/455 2533/2915/455 2532/2916/455 2524/2904/455
f 2533/2915/929 2534/2914/929 2539/2918/929 2532/2916/929
f 2532/2916/930 2539/2918/930 2538/2910/930 2531/2917/930
f 2534/2914/458 2535/2913/458 2536/2912/458 2539/2918/458
f 2539/2918/459 2536/2912/459 2537/2911/459 2538/2910/459
f 2522/2906/460 2547/2919/460 2540/2920/460 2515/2909/460
f 2520/2897/461 2545/2921/461 2546/2922/461 2521/2894/461
f 2518/2901/462 2543/2923/462 2544/2924/462 2519/2898/462
f 2516/2905/463 2541/2925/463 2542/2926/463 2517/2902/463
f 2521/2894/464 2546/2922/464 2547/2919/464 2522/2906/464
f 2519/2898/465 2544/2924/465 2545/2921/465 2520/2897/465
f 2517/2902/466 2542/2926/466 2543/2923/466 2518/2901/466
f 2515/2909/467 2540/2920/467 2541/2925/467 2516/2905/467
f 2554/2927/468 2562/2928/468 2561/2929/468 2553/2930/468
f 2552/2931/933 2560/2932/933 2559/2933/933 2551/2934/933
f 2550/2935/934 2558/2936/934 2557/2937/934 2549/2938/934
f 2555/2939/471 2563/2940/471 2562/2928/471 2554/2927/471
f 2553/2930/935 2561/2929/935 2560/2932/935 2552/2931/935
f 2551/2934/936 2559/2933/936 2558/2936/936 2550/2935/936
f 2549/2938/474 2557/2937/474 2556/2941/474 2548/2942/474
f 2548/2942/475 2556/2941/475 2563/2940/475 2555/2939/475
f 2563/2940/476 2571/2943/476 2570/2944/476 2562/2928/476
f 2561/2929/477 2569/2945/477 2568/2946/477 2560/2932/477
f 2559/2933/478 2567/2947/478 2566/2948/478 2558/2936/478
f 2557/2937/479 2565/2949/479 2564/2950/479 2556/2941/479
f 2556/2941/480 2564/2950/480 2571/2943/480 2563/2940/480
f 2562/2928/939 2570/2944/939 2569/2945/939 2561/2929/939
f 2560/2932/940 2568/2946/940 2567/2947/940 2559/2933/940
f 2558/2936/483 2566/2948/483 2565/2949/483 2557/2937/483
f 2566/2948/941 2567/2947/941 2572/2951/941 2565/2949/941
f 2565/2949/985 2572/2951/985 2571/2943/985 2564/2950/985
f 2567/2947/486 2568/2946/486 2569/2945/486 2572/2951/486
f 2572/2951/943 2569/2945/943 2570/2944/943 2571/2943/943
f 2555/2939/488 2580/2952/488 2573/2953/488 2548/2942/488
f 2553/2930/489 2578/2954/489 2579/2955/489 2554/2927/489
f 2551/2934/490 2576/2956/490 2577/2957/490 2552/2931/490
f 2549/2938/491 2574/2958/491 2575/2959/491 2550/2935/491
f 2554/2927/944 2579/2955/944 2580/2952/944 2555/2939/944
f 2552/2931/493 2577/2957/493 2578/2954/493 2553/2930/493
f 2550/2935/945 2575/2959/945 2576/2956/945 2551/2934/945
f 2548/2942/495 2573/2953/495 2574/2958/495 2549/2938/495
f 2587/2960/365 2595/2961/365 2594/2962/365 2586/2963/365
f 2585/2964/366 2593/2965/366 2592/2966/366 2584/2967/366
f 2583/2968/367 2591/2969/367 2590/2970/367 2582/2971/367
f 2588/2972/368 2596/2973/368 2595/2961/368 2587/2960/368
f 2586/2963/369 2594/2962/369 2593/2965/369 2585/2964/369
f 2584/2967/496 2592/2966/496 2591/2969/496 2583/2968/496
f 2582/2971/371 2590/2970/371 2589/2974/371 2581/2975/371
f 2581/2975/910 2589/2974/910 2596/2973/910 2588/2972/910
f 2596/2973/373 2604/2976/373 2603/2977/373 2595/2961/373
f 2594/2962/498 2602/2978/498 2601/2979/498 2593/2965/498
f 2592/2966/375 2600/2980/375 2599/2981/375 2591/2969/375
f 2590/2970/946 2598/2982/946 2597/2983/946 2589/2974/946
f 2589/2974/377 2597/2983/377 2604/2976/377 2596/2973/377
f 2595/2961/378 2603/2977/378 2602/2978/378 2594/2962/378
f 2593/2965/379 2601/2979/379 2600/2980/379 2592/2966/379
f 2591/2969/380 2599/2981/380 2598/2982/380 2590/2970/380
f 2599/2981/499 2600/2980/499 2605/2984/499 2598/2982/499
f 2598/2982/500 2605/2984/500 2604/2976/500 2597/2983/500
f 2600/2980/947 2601/2979/947 2602/2978/947 2605/2984/947
f 2605/2984/982 2602/2978/982 2603/2977/982 2604/2976/982
f 2588/2972/385 2613/2985/385 2606/2986/385 2581/2975/385
f 2586/2963/386 2611/2987/386 2612/2988/386 2587/2960/386
f 2584/2967/387 2609/2989/387 2610/2990/387 2585/2964/387
f 2582/2971/388 2607/2991/388 2608/2992/388 2583/2968/388
f 2587/2960/389 2612/2988/389 2613/2985/389 2588/2972/389
f 2585/2964/390 2610/2990/390 2611/2987/390 2586/2963/390
f 2583/2968/391 2608/2992/391 2609/2989/391 2584/2967/391
f 2581/2975/392 2606/2986/392 2607/2991/392 2582/2971/392
f 2624/2993/948 2640/2994/948 2645/2995/948 2629/2996/948
f 2625/2997/504 2641/2998/504 2642/2999/504 2626/3000/504
f 2617/3001/505 2633/3002/505 2630/3003/505 2614/3004/505
f 2628/3005/949 2644/3006/949 2641/2998/949 2625/2997/949
f 2629/2996/507 2645/2995/507 2633/3002/507 2617/3001/507
f 2615/3007/950 2631/3008/950 2632/3009/950 2616/3010/950
f 2616/3010/509 2632/3009/509 2644/3006/509 2628/3005/509
f 2621/3011/952 2637/3012/952 2634/3013/952 2618/3014/952
f 2627/3015/986 2643/3016/986 2640/2994/986 2624/2993/986
f 2626/3000/953 2642/2999/953 2639/3017/953 2623/3018/953
f 2623/3018/513 2639/3017/513 2635/3019/513 2619/3020/513
f 2622/3021/514 2638/3022/514 2643/3016/514 2627/3015/514
f 2618/3014/515 2634/3013/515 2638/3022/515 2622/3021/515
f 2620/3023/516 2636/3024/516 2631/3008/516 2615/3007/516
f 2619/3020/517 2635/3019/517 2636/3024/517 2620/3023/517
f 2614/3004/955 2630/3003/955 2637/3012/955 2621/3011/955
f 2665/3025/519 2657/3026/519 2658/3027/519 2664/3028/519
f 2646/3029/86 2671/3030/86 2676/3031/86 2666/3032/86
f 2661/3033/520 2646/3029/521 2647/3034/522 2662/3035/523
f 2664/3028/524 2679/3036/524 2675/3037/524 2665/3025/524
f 2641/3038/409 2651/3039/409 2649/3040/409 2642/3041/409
f 2640/3042/525 2650/3043/525 2651/3039/525 2641/3038/525
f 2643/3044/415 2648/3045/415 2650/3043/415 2640/3042/415
f 2642/3046/526 2649/3047/526 2648/3048/526 2643/3049/526
f 2651/3039/527 2654/3050/527 2655/3051/527 2649/3040/527
f 2650/3043/528 2653/3052/528 2654/3050/528 2651/3039/528
f 2648/3045/529 2652/3053/529 2653/3052/529 2650/3043/529
f 2649/3047/530 2655/3054/530 2652/3055/530 2648/3048/530
f 2657/3026/531 2656/3056/531 2659/3057/531 2658/3027/531
f 2666/3032/86 2656/3056/86 2657/3026/86 2665/3025/86
f 2667/3058/532 2659/3057/532 2656/3056/532 2666/3032/532
f 2654/3050/533 2662/3035/533 2663/3059/533 2655/3051/533
f 2653/3052/534 2661/3033/534 2662/3035/534 2654/3050/534
f 2652/3053/535 2660/3060/535 2661/3033/535 2653/3052/535
f 2655/3054/536 2663/3061/536 2660/3062/536 2652/3055/536
f 2661/3033/520 2673/3063/537 2671/3030/537 2646/3029/521
f 2646/3029/86 2666/3032/86 2665/3025/86 2647/3034/86
f 2672/3064/987 2670/3065/987 2671/3030/987 2673/3063/987
f 2674/3066/988 2669/3067/988 2668/3068/988 2678/3069/988
f 2670/3065/540 2677/3070/540 2676/3031/540 2671/3030/540
f 2669/3067/541 2675/3037/541 2679/3036/541 2668/3068/541
f 2647/3034/522 2669/3067/542 2674/3066/542 2662/3035/523
f 2660/3060/543 2672/3064/543 2673/3063/543 2661/3033/543
f 2666/3032/544 2676/3031/544 2677/3070/544 2667/3058/544
f 2708/3071/545 2709/3072/545 2710/3073/545 2711/3074/545
f 2665/3025/86 2675/3037/86 2669/3067/86 2647/3034/86
f 2662/3035/546 2674/3066/546 2678/3069/546 2663/3059/546
f 2627/3015/547 2624/2993/547 2629/2996/547 2680/3075/547
f 2680/3075/958 2629/2996/958 2617/3001/958 2614/3004/958
f 2622/3021/989 2627/3015/989 2680/3075/989 2618/3014/989
f 2618/3014/990 2680/3075/990 2614/3004/990 2621/3011/990
f 2628/3005/960 2625/2997/960 2681/3076/960 2616/3010/960
f 2616/3010/552 2681/3076/552 2620/3023/552 2615/3007/552
f 2625/2997/991 2626/3000/991 2623/3018/991 2681/3076/991
f 2681/3076/554 2623/3018/554 2619/3020/554 2620/3023/554
f 2635/3077/555 2687/3078/555 2688/3079/555 2636/3080/555
f 2630/3081/545 2682/3082/545 2689/3083/545 2637/3084/545
f 2641/3038/992 2693/3085/992 2692/3086/992 2640/3042/992
f 2637/3084/555 2689/3083/555 2686/3087/555 2634/3088/555
f 2632/3089/557 2684/3090/557 2696/3091/557 2644/3092/557
f 2643/3049/993 2695/3093/993 2694/3094/993 2642/3046/993
f 2631/3095/559 2683/3096/559 2684/3090/559 2632/3089/559
f 2645/3097/557 2697/3098/557 2685/3099/557 2633/3100/557
f 2644/3092/560 2696/3091/560 2693/3101/560 2641/3102/560
f 2633/3100/559 2685/3099/559 2682/3082/559 2630/3081/559
f 2642/3103/545 2694/3104/545 2693/3105/545 2641/3106/545
f 2640/3107/560 2692/3108/560 2697/3098/560 2645/3097/560
f 2640/3109/545 2692/3110/545 2695/3111/545 2643/3112/545
f 2642/3113/561 2694/3114/561 2691/3115/561 2639/3116/561
f 2639/3116/526 2691/3115/526 2687/3078/526 2635/3077/526
f 2638/3117/561 2690/3118/561 2695/3119/561 2643/3120/561
f 2634/3088/526 2686/3087/526 2690/3118/526 2638/3117/526
f 2636/3080/545 2688/3079/545 2683/3096/545 2631/3095/545
f 2690/3121/409 2706/3122/409 2711/3123/409 2695/3124/409
f 2686/3125/409 2702/3126/409 2706/3122/409 2690/3121/409
f 2688/3127/415 2704/3128/415 2699/3129/415 2683/3130/415
f 2687/3131/415 2703/3132/415 2704/3128/415 2688/3127/415
f 2682/3133/409 2698/3134/409 2705/3135/409 2689/3136/409
f 2693/3085/563 2709/3072/563 2708/3071/563 2692/3086/563
f 2689/3136/409 2705/3135/409 2702/3126/409 2686/3125/409
f 2684/3137/415 2700/3138/415 2712/3139/415 2696/3140/415
f 2695/3093/565 2711/3074/565 2710/3073/565 2694/3094/565
f 2683/3130/415 2699/3129/415 2700/3138/415 2684/3137/415
f 2697/3141/409 2713/3142/409 2701/3143/409 2685/3144/409
f 2696/3140/415 2712/3139/415 2709/3145/415 2693/3146/415
f 2685/3144/409 2701/3143/409 2698/3134/409 2682/3133/409
f 2694/3104/409 2710/3147/409 2709/3148/409 2693/3105/409
f 2692/3149/409 2708/3150/409 2713/3142/409 2697/3141/409
f 2692/3110/415 2708/3151/415 2711/3152/415 2695/3111/415
f 2694/3153/415 2710/3154/415 2707/3155/415 2691/3156/415
f 2691/3156/415 2707/3155/415 2703/3132/415 2687/3131/415
f 2720/3157/567 2728/3158/567 2727/3159/567 2719/3160/567
f 2718/3161/568 2726/3162/568 2725/3163/568 2717/3164/568
f 2716/3165/994 2724/3166/994 2723/3167/994 2715/3168/994
f 2721/3169/570 2729/3170/570 2728/3158/570 2720/3157/570
f 2719/3160/571 2727/3159/571 2726/3162/571 2718/3161/571
f 2717/3164/572 2725/3163/572 2724/3166/572 2716/3165/572
f 2715/3168/964 2723/3167/964 2722/3171/964 2714/3172/964
f 2714/3172/965 2722/3171/965 2729/3170/965 2721/3169/965
f 2729/3170/575 2737/3173/575 2736/3174/575 2728/3158/575
f 2727/3159/966 2735/3175/966 2734/3176/966 2726/3162/966
f 2725/3163/967 2733/3177/967 2732/3178/967 2724/3166/967
f 2723/3167/968 2731/3179/968 2730/3180/968 2722/3171/968
f 2722/3171/579 2730/3180/579 2737/3173/579 2729/3170/579
f 2728/3158/580 2736/3174/580 2735/3175/580 2727/3159/580
f 2726/3162/581 2734/3176/581 2733/3177/581 2725/3163/581
f 2724/3166/582 2732/3178/582 2731/3179/582 2723/3167/582
f 2732/3178/969 2733/3177/969 2738/3181/969 2731/3179/969
f 2731/3179/584 2738/3181/584 2737/3173/584 2730/3180/584
f 2733/3177/970 2734/3176/970 2735/3175/970 2738/3181/970
f 2738/3181/995 2735/3175/995 2736/3174/995 2737/3173/995
f 2721/3169/972 2746/3182/972 2739/3183/972 2714/3172/972
f 2719/3160/973 2744/3184/973 2745/3185/973 2720/3157/973
f 2717/3164/974 2742/3186/974 2743/3187/974 2718/3161/974
f 2715/3168/590 2740/3188/590 2741/3189/590 2716/3165/590
f 2720/3157/591 2745/3185/591 2746/3182/591 2721/3169/591
f 2718/3161/975 2743/3187/975 2744/3184/975 2719/3160/975
f 2716/3165/593 2741/3189/593 2742/3186/593 2717/3164/593
f 2714/3172/594 2739/3183/594 2740/3188/594 2715/3168/594
f 2753/3190/595 2761/3191/595 2760/3192/595 2752/3193/595
f 2751/3194/596 2759/3195/596 2758/3196/596 2750/3197/596
f 2749/3198/597 2757/3199/597 2756/3200/597 2748/3201/597
f 2754/3202/598 2762/3203/598 2761/3191/598 2753/3190/598
f 2752/3193/599 2760/3192/599 2759/3195/599 2751/3194/599
f 2750/3197/600 2758/3196/600 2757/3199/600 2749/3198/600
f 2748/3201/601 2756/3200/601 2755/3204/601 2747/3205/601
f 2747/3205/602 2755/3204/602 2762/3203/602 2754/3202/602
f 2762/3203/603 2770/3206/603 2769/3207/603 2761/3191/603
f 2760/3192/604 2768/3208/604 2767/3209/604 2759/3195/604
f 2758/3196/605 2766/3210/605 2765/3211/605 2757/3199/605
f 2756/3200/606 2764/3212/606 2763/3213/606 2755/3204/606
f 2755/3204/607 2763/3213/607 2770/3206/607 2762/3203/607
f 2761/3191/608 2769/3207/608 2768/3208/608 2760/3192/608
f 2759/3195/609 2767/3209/609 2766/3210/609 2758/3196/609
f 2757/3199/610 2765/3211/610 2764/3212/610 2756/3200/610
f 2765/3211/611 2766/3210/611 2771/3214/611 2764/3212/611
f 2764/3212/612 2771/3214/612 2770/3206/612 2763/3213/612
f 2766/3210/613 2767/3209/613 2768/3208/613 2771/3214/613
f 2771/3214/614 2768/3208/614 2769/3207/614 2770/3206/614
f 2754/3202/615 2779/3215/615 2772/3216/615 2747/3205/615
f 2752/3193/616 2777/3217/616 2778/3218/616 2753/3190/616
f 2750/3197/617 2775/3219/617 2776/3220/617 2751/3194/617
f 2748/3201/618 2773/3221/618 2774/3222/618 2749/3198/618
f 2753/3190/619 2778/3218/619 2779/3215/619 2754/3202/619
f 2751/3194/620 2776/3220/620 2777/3217/620 2752/3193/620
f 2749/3198/980 2774/3222/980 2775/3219/980 2750/3197/980
f 2747/3205/622 2772/3216/622 2773/3221/622 2748/3201/622
f 2786/3223/623 2794/3224/624 2793/3225/625 2785/3226/626
f 2784/3227/627 2792/3228/628 2791/3229/629 2783/3230/630
f 2782/3231/631 2790/3232/632 2789/3233/633 2781/3234/634
f 2787/3235/635 2795/3236/636 2794/3224/624 2786/3223/623
f 2785/3226/626 2793/3225/625 2792/3228/628 2784/3227/627
f 2783/3230/630 2791/3229/629 2790/3232/632 2782/3231/631
f 2781/3234/634 2789/3233/633 2788/3237/637 2780/3238/638
f 2780/3238/638 2788/3237/637 2795/3236/636 2787/3235/635
f 2795/3236/636 2803/3239/639 2802/3240/640 2794/3224/624
f 2793/3225/625 2801/3241/641 2800/3242/642 2792/3228/628
f 2791/3229/629 2799/3243/643 2798/3244/644 2790/3232/632
f 2789/3233/633 2797/3245/645 2796/3246/646 2788/3237/637
f 2788/3237/637 2796/3246/646 2803/3239/639 2795/3236/636
f 2794/3224/624 2802/3240/640 2801/3241/641 2793/3225/625
f 2792/3228/628 2800/3242/642 2799/3243/643 2791/3229/629
f 2790/3232/632 2798/3244/644 2797/3245/645 2789/3233/633
f 2798/3244/644 2799/3243/643 2804/3247/558 2797/3245/645
f 2797/3245/645 2804/3247/558 2803/3239/639 2796/3246/646
f 2799/3243/643 2800/3242/642 2801/3241/641 2804/3247/558
f 2804/3247/558 2801/3241/641 2802/3240/640 2803/3239/639
f 2787/3235/635 2812/3248/996 2805/3249/648 2780/3238/638
f 2785/3226/626 2810/3250/649 2811/3251/650 2786/3223/623
f 2783/3230/630 2808/3252/997 2809/3253/652 2784/3227/627
f 2781/3234/634 2806/3254/653 2807/3255/654 2782/3231/631
f 2786/3223/623 2811/3251/650 2812/3248/996 2787/3235/635
f 2784/3227/627 2809/3253/652 2810/3250/649 2785/3226/626
f 2782/3231/631 2807/3255/654 2808/3252/997 2783/3230/630
f 2780/3238/638 2805/3249/648 2806/3254/653 2781/3234/634
f 2819/3256/655 2827/3257/656 2826/3258/998 2818/3259/658
f 2817/3260/659 2825/3261/660 2824/3262/999 2816/3263/662
f 2815/3264/663 2823/3265/664 2822/3266/1000 2814/3267/666
f 2820/3268/667 2828/3269/668 2827/3257/656 2819/3256/655
f 2818/3259/658 2826/3258/998 2825/3261/660 2817/3260/659
f 2816/3263/662 2824/3262/999 2823/3265/664 2815/3264/663
f 2814/3267/666 2822/3266/1000 2821/3270/669 2813/3271/670
f 2813/3271/670 2821/3270/669 2828/3269/668 2820/3268/667
f 2828/3269/668 2836/3272/671 2835/3273/672 2827/3257/656
f 2826/3258/998 2834/3274/673 2833/3275/674 2825/3261/660
f 2824/3262/999 2832/3276/675 2831/3277/1001 2823/3265/664
f 2822/3266/1000 2830/3278/677 2829/3279/678 2821/3270/669
f 2821/3270/669 2829/3279/678 2836/3272/671 2828/3269/668
f 2827/3257/656 2835/3273/672 2834/3274/673 2826/3258/998
f 2825/3261/660 2833/3275/674 2832/3276/675 2824/3262/999
f 2823/3265/664 2831/3277/1001 2830/3278/677 2822/3266/1000
f 2831/3277/1001 2832/3276/675 2837/3280/558 2830/3278/677
f 2830/3278/677 2837/3280/558 2836/3272/671 2829/3279/678
f 2832/3276/675 2833/3275/674 2834/3274/673 2837/3280/558
f 2837/3280/558 2834/3274/673 2835/3273/672 2836/3272/671
f 2820/3268/667 2845/3281/679 2838/3282/680 2813/3271/670
f 2818/3259/658 2843/3283/681 2844/3284/682 2819/3256/655
f 2816/3263/662 2841/3285/683 2842/3286/684 2817/3260/659
f 2814/3267/666 2839/3287/685 2840/3288/686 2815/3264/663
f 2819/3256/655 2844/3284/682 2845/3281/679 2820/3268/667
f 2817/3260/659 2842/3286/684 2843/3283/681 2818/3259/658
f 2815/3264/663 2840/3288/686 2841/3285/683 2816/3263/662
f 2813/3271/670 2838/3282/680 2839/3287/685 2814/3267/666
f 2852/3289/687 2860/3290/688 2859/3291/689 2851/3292/690
f 2850/3293/691 2858/3294/692 2857/3295/693 2849/3296/694
f 2848/3297/695 2856/3298/696 2855/3299/697 2847/3300/698
f 2853/3301/699 2861/3302/700 2860/3290/688 2852/3289/687
f 2851/3292/690 2859/3291/689 2858/3294/692 2850/3293/691
f 2849/3296/694 2857/3295/693 2856/3298/696 2848/3297/695
f 2847/3300/698 2855/3299/697 2854/3303/701 2846/3304/702
f 2846/3304/702 2854/3303/701 2861/3302/700 2853/3301/699
f 2861/3302/700 2869/3305/1002 2868/3306/1003 2860/3290/688
f 2859/3291/689 2867/3307/705 2866/3308/1004 2858/3294/692
f 2857/3295/693 2865/3309/707 2864/3310/1005 2856/3298/696
f 2855/3299/697 2863/3311/1006 2862/3312/1007 2854/3303/701
f 2854/3303/701 2862/3312/1007 2869/3305/1002 2861/3302/700
f 2860/3290/688 2868/3306/1003 2867/3307/705 2859/3291/689
f 2858/3294/692 2866/3308/1004 2865/3309/707 2857/3295/693
f 2856/3298/696 2864/3310/1005 2863/3311/1006 2855/3299/697
f 2864/3310/1005 2865/3309/707 2870/3313/558 2863/3311/1006
f 2863/3311/1006 2870/3313/558 2869/3305/1002 2862/3312/1007
f 2865/3309/707 2866/3308/1004 2867/3307/705 2870/3313/558
f 2870/3313/558 2867/3307/705 2868/3306/1003 2869/3305/1002
f 2853/3301/699 2878/3314/711 2871/3315/712 2846/3304/702
f 2851/3292/690 2876/3316/713 2877/3317/714 2852/3289/687
f 2849/3296/694 2874/3318/715 2875/3319/716 2850/3293/691
f 2847/3300/698 2872/3320/717 2873/3321/718 2848/3297/695
f 2852/3289/687 2877/3317/714 2878/3314/711 2853/3301/699
f 2850/3293/691 2875/3319/716 2876/3316/713 2851/3292/690
f 2848/3297/695 2873/3321/718 2874/3318/715 2849/3296/694
f 2846/3304/702 2871/3315/712 2872/3320/717 2847/3300/698
f 2885/3322/719 2893/3323/720 2892/3324/721 2884/3325/722
f 2883/3326/723 2891/3327/724 2890/3328/725 2882/3329/726
f 2881/3330/727 2889/3331/728 2888/3332/729 2880/3333/730
f 2886/3334/731 2894/3335/732 2893/3323/720 2885/3322/719
f 2884/3325/722 2892/3324/721 2891/3327/724 2883/3326/723
f 2882/3329/726 2890/3328/725 2889/3331/728 2881/3330/727
f 2880/3333/730 2888/3332/729 2887/3336/733 2879/3337/734
f 2879/3337/734 2887/3336/733 2894/3335/732 2886/3334/731
f 2894/3335/732 2902/3338/735 2901/3339/736 2893/3323/720
f 2892/3324/721 2900/3340/737 2899/3341/738 2891/3327/724
f 2890/3328/725 2898/3342/739 2897/3343/740 2889/3331/728
f 2888/3332/729 2896/3344/741 2895/3345/742 2887/3336/733
f 2887/3336/733 2895/3345/742 2902/3338/735 2894/3335/732
f 2893/3323/720 2901/3339/736 2900/3340/737 2892/3324/721
f 2891/3327/724 2899/3341/738 2898/3342/739 2890/3328/725
f 2889/3331/728 2897/3343/740 2896/3344/741 2888/3332/729
f 2897/3343/740 2898/3342/739 2903/3346/558 2896/3344/741
f 2896/3344/741 2903/3346/558 2902/3338/735 2895/3345/742
f 2898/3342/739 2899/3341/738 2900/3340/737 2903/3346/558
f 2903/3346/558 2900/3340/737 2901/3339/736 2902/3338/735
f 2886/3334/731 2911/3347/743 2904/3348/744 2879/3337/734
f 2884/3325/722 2909/3349/745 2910/3350/746 2885/3322/719
f 2882/3329/726 2907/3351/747 2908/3352/748 2883/3326/723
f 2880/3333/730 2905/3353/749 2906/3354/750 2881/3330/727
f 2885/3322/719 2910/3350/746 2911/3347/743 2886/3334/731
f 2883/3326/723 2908/3352/748 2909/3349/745 2884/3325/722
f 2881/3330/727 2906/3354/750 2907/3351/747 2882/3329/726
f 2879/3337/734 2904/3348/744 2905/3353/749 2880/3333/730
f 2918/3355/751 2926/3356/752 2925/3357/753 2917/3358/1008
f 2916/3359/755 2924/3360/756 2923/3361/757 2915/3362/1009
f 2914/3363/759 2922/3364/760 2921/3365/761 2913/3366/762
f 2919/3367/763 2927/3368/764 2926/3356/752 2918/3355/751
f 2917/3358/1008 2925/3357/753 2924/3360/756 2916/3359/755
f 2915/3362/1009 2923/3361/757 2922/3364/760 2914/3363/759
f 2913/3366/762 2921/3365/761 2920/3369/765 2912/3370/766
f 2912/3370/766 2920/3369/765 2927/3368/764 2919/3367/763
f 2927/3368/764 2935/3371/767 2934/3372/768 2926/3356/752
f 2925/3357/753 2933/3373/769 2932/3374/770 2924/3360/756
f 2923/3361/757 2931/3375/771 2930/3376/772 2922/3364/760
f 2921/3365/761 2929/3377/773 2928/3378/774 2920/3369/765
f 2920/3369/765 2928/3378/774 2935/3371/767 2927/3368/764
f 2926/3356/752 2934/3372/768 2933/3373/769 2925/3357/753
f 2924/3360/756 2932/3374/770 2931/3375/771 2923/3361/757
f 2922/3364/760 2930/3376/772 2929/3377/773 2921/3365/761
f 2930/3376/772 2931/3375/771 2936/3379/558 2929/3377/773
f 2929/3377/773 2936/3379/558 2935/3371/767 2928/3378/774
f 2931/3375/771 2932/3374/770 2933/3373/769 2936/3379/558
f 2936/3379/558 2933/3373/769 2934/3372/768 2935/3371/767
f 2919/3367/763 2944/3380/775 2937/3381/776 2912/3370/766
f 2917/3358/1008 2942/3382/777 2943/3383/778 2918/3355/751
f 2915/3362/1009 2940/3384/779 2941/3385/780 2916/3359/755
f 2913/3366/762 2938/3386/781 2939/3387/782 2914/3363/759
f 2918/3355/751 2943/3383/778 2944/3380/775 2919/3367/763
f 2916/3359/755 2941/3385/780 2942/3382/777 2917/3358/1008
f 2914/3363/759 2939/3387/782 2940/3384/779 2915/3362/1009
f 2912/3370/766 2937/3381/776 2938/3386/781 2913/3366/762
f 2945/3388/429 2946/3389/429 2948/3390/429 2947/3391/429
f 2947/3392/86 2948/3393/86 2952/3394/86 2951/3395/86
f 2951/3396/783 2952/3397/783 2950/3398/783 2949/3399/783
f 2949/3399/558 2950/3398/558 2946/3389/558 2945/3388/558
f 2945/3388/429 2947/3400/429 2954/3401/429 2953/3402/429
f 2952/3403/415 2948/3404/415 2946/3389/415 2950/3398/415
f 2954/3405/784 2956/3406/784 2960/3407/784 2958/3408/784
f 2951/3409/783 2949/3399/783 2955/3410/783 2956/3411/783
f 2949/3399/785 2945/3388/785 2953/3402/785 2955/3410/785
f 2947/3392/786 2951/3395/786 2956/3406/786 2954/3405/786
f 2960/3412/783 2959/3413/783 2963/3414/783 2964/3415/783
f 2956/3416/783 2955/3410/783 2959/3413/783 2960/3417/783
f 2953/3402/429 2954/3418/429 2958/3419/429 2957/3420/429
f 2955/3410/787 2953/3402/787 2957/3420/787 2959/3413/787
f 2963/3414/788 2961/3421/788 2965/3422/788 2967/3423/788
f 2957/3420/429 2958/3424/429 2962/3425/429 2961/3421/429
f 2959/3413/789 2957/3420/789 2961/3421/789 2963/3414/789
f 2958/3408/790 2960/3407/790 2964/3426/790 2962/3427/790
f 2966/3428/791 2968/3429/791 2972/3430/791 2970/3431/791
f 2962/3427/792 2964/3426/792 2968/3432/792 2966/3433/792
f 2964/3434/783 2963/3414/783 2967/3423/783 2968/3435/783
f 2961/3421/429 2962/3436/429 2966/3437/429 2965/3422/429
f 2972/3430/558 2971/3438/558 2975/3439/558 2976/3440/558
f 2968/3429/793 2967/3441/793 2971/3438/793 2972/3430/793
f 2965/3442/794 2966/3428/794 2970/3431/794 2969/3443/794
f 2967/3441/795 2965/3442/795 2969/3443/795 2971/3438/795
f 2975/3439/796 2973/3444/796 2978/3445/796 2980/3446/796
f 2969/3443/558 2970/3431/558 2974/3447/558 2973/3444/558
f 2971/3438/558 2969/3443/558 2973/3444/558 2975/3439/558
f 2970/3431/558 2972/3430/558 2976/3440/558 2974/3447/558
f 2974/3447/797 2976/3440/797 2979/3448/797 2977/3449/797
f 2976/3440/798 2975/3439/798 2980/3450/798 2979/3451/798
f 2973/3444/799 2974/3447/799 2977/3452/799 2978/3453/799
f 2987/3454/1010 2995/3455/1011 2994/3456/1012 2986/3457/1013
f 2985/3458/1014 2993/3459/1015 2992/3460/1016 2984/3461/1017
f 2983/3462/1018 2991/3463/1019 2990/3464/1020 2982/3465/1021
f 2988/3466/1022 2996/3467/1023 2995/3455/1011 2987/3454/1010
f 2986/3457/1013 2994/3456/1012 2993/3459/1015 2985/3458/1014
f 2984/3461/1017 2992/3460/1016 2991/3463/1019 2983/3462/1018
f 2982/3465/1021 2990/3464/1020 2989/3468/1024 2981/3469/1025
f 2981/3469/1025 2989/3468/1024 2996/3467/1023 2988/3466/1022
f 2996/3467/1023 3004/3470/1026 3003/3471/1027 2995/3455/1011
f 2994/3456/1012 3002/3472/1028 3001/3473/1029 2993/3459/1015
f 2992/3460/1016 3000/3474/1030 2999/3475/1031 2991/3463/1019
f 2990/3464/1020 2998/3476/1032 2997/3477/1033 2989/3468/1024
f 2989/3468/1024 2997/3477/1033 3004/3470/1026 2996/3467/1023
f 2995/3455/1011 3003/3471/1027 3002/3472/1028 2994/3456/1012
f 2993/3459/1015 3001/3473/1029 3000/3474/1030 2992/3460/1016
f 2991/3463/1019 2999/3475/1031 2998/3476/1032 2990/3464/1020
f 2999/3475/1031 3000/3474/1030 3005/3478/558 2998/3476/1032
f 2998/3476/1032 3005/3478/558 3004/3470/1026 2997/3477/1033
f 3000/3474/1030 3001/3473/1029 3002/3472/1028 3005/3478/558
f 3005/3478/558 3002/3472/1028 3003/3471/1027 3004/3470/1026
f 2988/3466/1022 3013/3479/1034 3006/3480/1035 2981/3469/1025
f 2986/3457/1013 3011/3481/1036 3012/3482/1037 2987/3454/1010
f 2984/3461/1017 3009/3483/1038 3010/3484/1039 2985/3458/1014
f 2982/3465/1021 3007/3485/1040 3008/3486/1041 2983/3462/1018
f 2987/3454/1010 3012/3482/1037 3013/3479/1034 2988/3466/1022
f 2985/3458/1014 3010/3484/1039 3011/3481/1036 2986/3457/1013
f 2983/3462/1018 3008/3486/1041 3009/3483/1038 2984/3461/1017
f 2981/3469/1025 3006/3480/1035 3007/3485/1040 2982/3465/1021
f 3018/3487/558 3022/3488/558 3042/3489/558 3046/3490/558
f 3021/3491/558 3025/3492/558 3039/3493/558 3043/3494/558
f 3024/3495/558 3028/3496/558 3036/3497/558 3040/3498/558
f 3027/3499/558 3031/3500/558 3033/3501/558 3037/3502/558
f 3030/3503/558 3055/3504/558 3057/3505/558 3034/3506/558
f 3054/3507/558 3015/3508/558 3017/3509/558 3058/3510/558
f 3014/3511/558 3052/3512/558 3048/3513/558 3016/3514/558
f 3018/3487/558 3046/3490/558 3047/3515/558 3020/3516/558
f 3020/3516/558 3047/3515/558 3045/3517/558 3019/3518/558
f 3021/3491/558 3043/3494/558 3044/3519/558 3023/3520/558
f 3023/3520/558 3044/3519/558 3042/3489/558 3022/3488/558
f 3024/3495/558 3040/3498/558 3041/3521/558 3026/3522/558
f 3026/3522/558 3041/3521/558 3039/3493/558 3025/3492/558
f 3027/3499/558 3037/3502/558 3038/3523/558 3029/3524/558
f 3029/3524/558 3038/3523/558 3036/3497/558 3028/3496/558
f 3030/3503/558 3034/3506/558 3035/3525/558 3032/3526/558
f 3032/3526/558 3035/3525/558 3033/3501/558 3031/3500/558
f 3051/3527/558 3049/3528/558 3050/3529/558 3053/3530/558
f 3053/3530/558 3050/3529/558 3048/3513/558 3052/3512/558
f 3054/3507/558 3058/3510/558 3059/3531/558 3056/3532/558
f 3056/3532/558 3059/3531/558 3057/3505/558 3055/3504/558
f 3051/3527/558 3019/3518/558 3045/3517/558 3049/3528/558
f 3036/3497/1042 3082/3533/1042 3086/3534/1042 3040/3498/1042
f 3040/3498/1043 3086/3534/1043 3087/3535/1043 3041/3521/1043
f 3034/3506/1044 3080/3536/1044 3081/3537/1044 3035/3525/1044
f 3027/3499/1045 3073/3538/1045 3077/3539/1045 3031/3500/1045
f 3058/3510/1044 3104/3540/1044 3105/3541/1044 3059/3531/1044
f 3019/3518/1046 3065/3542/1046 3066/3543/1046 3020/3516/1046
f 3033/3501/1042 3079/3544/1042 3083/3545/1042 3037/3502/1042
f 3025/3492/1046 3071/3546/1046 3072/3547/1046 3026/3522/1046
f 3047/3515/1047 3093/3548/1047 3091/3549/1047 3045/3517/1047
f 3031/3500/1046 3077/3539/1046 3078/3550/1046 3032/3526/1046
f 3030/3503/1045 3076/3551/1045 3101/3552/1045 3055/3504/1045
f 3041/3521/1047 3087/3535/1047 3085/3553/1047 3039/3493/1047
f 3055/3504/1046 3101/3552/1046 3102/3554/1046 3056/3532/1046
f 3035/3525/1047 3081/3537/1047 3079/3544/1047 3033/3501/1047
f 3057/3505/1042 3103/3555/1042 3080/3536/1042 3034/3506/1042
f 3059/3531/1047 3105/3541/1047 3103/3555/1047 3057/3505/1047
f 3023/3520/1048 3069/3556/1048 3067/3557/1048 3021/3491/1048
f 3014/3511/1045 3060/3558/1045 3098/3559/1045 3052/3512/1045
f 3029/3524/1048 3075/3560/1048 3073/3538/1048 3027/3499/1048
f 3053/3530/1048 3099/3561/1048 3097/3562/1048 3051/3527/1048
f 3048/3513/1049 3094/3563/1049 3062/3564/1049 3016/3514/1049
f 3051/3527/1045 3097/3562/1045 3065/3542/1045 3019/3518/1045
f 3043/3494/1043 3089/3565/1043 3090/3566/1043 3044/3519/1043
f 3054/3507/1045 3100/3567/1045 3061/3568/1045 3015/3508/1045
f 3037/3502/1050 3083/3545/1050 3084/3569/1050 3038/3523/1050
f 3045/3517/1049 3091/3549/1049 3095/3570/1049 3049/3528/1049
f 3049/3528/1044 3095/3570/1044 3096/3571/1044 3050/3529/1044
f 3017/3509/1049 3063/3572/1049 3104/3540/1049 3058/3510/1049
f 3018/3487/1045 3064/3573/1045 3068/3574/1045 3022/3488/1045
f 3022/3488/1046 3068/3574/1046 3069/3556/1046 3023/3520/1046
f 3016/3514/1051 3062/3564/1051 3060/3558/1051 3014/3511/1051
f 3028/3496/1046 3074/3575/1046 3075/3560/1046 3029/3524/1046
f 3042/3489/1049 3088/3576/1049 3092/3577/1049 3046/3490/1049
f 3044/3519/1047 3090/3566/1047 3088/3576/1047 3042/3489/1047
f 3052/3512/1046 3098/3559/1046 3099/3561/1046 3053/3530/1046
f 3015/3508/1052 3061/3568/1052 3063/3572/1052 3017/3509/1052
f 3038/3523/1053 3084/3569/1053 3082/3533/1053 3036/3497/1053
f 3021/3491/1045 3067/3557/1045 3071/3546/1045 3025/3492/1045
f 3050/3529/1047 3096/3571/1047 3094/3563/1047 3048/3513/1047
f 3020/3516/1048 3066/3543/1048 3064/3573/1048 3018/3487/1048
f 3039/3493/1042 3085/3553/1042 3089/3565/1042 3043/3494/1042
f 3026/3522/1048 3072/3547/1048 3070/3578/1048 3024/3495/1048
f 3032/3526/1048 3078/3550/1048 3076/3551/1048 3030/3503/1048
f 3024/3495/1045 3070/3578/1045 3074/3575/1045 3028/3496/1045
f 3056/3532/1048 3102/3554/1048 3100/3567/1048 3054/3507/1048
f 3046/3490/1044 3092/3577/1044 3093/3548/1044 3047/3515/1044
f 3112/3579/1054 3120/3580/1055 3119/3581/1056 3111/3582/1057
f 3110/3583/1058 3118/3584/1059 3117/3585/1060 3109/3586/1061
f 3108/3587/1062 3116/3588/1063 3115/3589/1064 3107/3590/1065
f 3113/3591/1066 3121/3592/1067 3120/3580/1055 3112/3579/1054
f 3111/3582/1057 3119/3581/1056 3118/3584/1059 3110/3583/1058
f 3109/3586/1061 3117/3585/1060 3116/3588/1063 3108/3587/1062
f 3107/3590/1065 3115/3589/1064 3114/3593/1068 3106/3594/1069
f 3106/3594/1069 3114/3593/1068 3121/3592/1067 3113/3591/1066
f 3121/3592/1067 3129/3595/1070 3128/3596/1071 3120/3580/1055
f 3119/3581/1056 3127/3597/1072 3126/3598/1073 3118/3584/1059
f 3117/3585/1060 3125/3599/1074 3124/3600/1075 3116/3588/1063
f 3115/3589/1064 3123/3601/1076 3122/3602/1077 3114/3593/1068
f 3114/3593/1068 3122/3602/1077 3129/3595/1070 3121/3592/1067
f 3120/3580/1055 3128/3596/1071 3127/3597/1072 3119/3581/1056
f 3118/3584/1059 3126/3598/1073 3125/3599/1074 3117/3585/1060
f 3116/3588/1063 3124/3600/1075 3123/3601/1076 3115/3589/1064
f 3124/3600/1075 3125/3599/1074 3130/3603/558 3123/3601/1076
f 3123/3601/1076 3130/3603/558 3129/3595/1070 3122/3602/1077
f 3125/3599/1074 3126/3598/1073 3127/3597/1072 3130/3603/558
f 3130/3603/558 3127/3597/1072 3128/3596/1071 3129/3595/1070
f 3113/3591/1066 3138/3604/1078 3131/3605/1079 3106/3594/1069
f 3111/3582/1057 3136/3606/1080 3137/3607/1081 3112/3579/1054
f 3109/3586/1061 3134/3608/1082 3135/3609/1083 3110/3583/1058
f 3107/3590/1065 3132/3610/1084 3133/3611/1085 3108/3587/1062
f 3112/3579/1054 3137/3607/1081 3138/3604/1078 3113/3591/1066
f 3110/3583/1058 3135/3609/1083 3136/3606/1080 3111/3582/1057
f 3108/3587/1062 3133/3611/1085 3134/3608/1082 3109/3586/1061
f 3106/3594/1069 3131/3605/1079 3132/3610/1084 3107/3590/1065
f 3145/3612/1086 3153/3613/1087 3152/3614/1088 3144/3615/1089
f 3143/3616/1090 3151/3617/1091 3150/3618/1092 3142/3619/1093
f 3141/3620/1094 3149/3621/1095 3148/3622/1096 3140/3623/1097
f 3146/3624/1098 3154/3625/1099 3153/3613/1087 3145/3612/1086
f 3144/3615/1089 3152/3614/1088 3151/3617/1091 3143/3616/1090
f 3142/3619/1093 3150/3618/1092 3149/3621/1095 3141/3620/1094
f 3140/3623/1097 3148/3622/1096 3147/3626/1100 3139/3627/1101
f 3139/3627/1101 3147/3626/1100 3154/3625/1099 3146/3624/1098
f 3154/3625/1099 3162/3628/1102 3161/3629/1103 3153/3613/1087
f 3152/3614/1088 3160/3630/1104 3159/3631/1105 3151/3617/1091
f 3150/3618/1092 3158/3632/1106 3157/3633/1107 3149/3621/1095
f 3148/3622/1096 3156/3634/1108 3155/3635/1109 3147/3626/1100
f 3147/3626/1100 3155/3635/1109 3162/3628/1102 3154/3625/1099
f 3153/3613/1087 3161/3629/1103 3160/3630/1104 3152/3614/1088
f 3151/3617/1091 3159/3631/1105 3158/3632/1106 3150/3618/1092
f 3149/3621/1095 3157/3633/1107 3156/3634/1108 3148/3622/1096
f 3157/3633/1107 3158/3632/1106 3163/3636/558 3156/3634/1108
f 3156/3634/1108 3163/3636/558 3162/3628/1102 3155/3635/1109
f 3158/3632/1106 3159/3631/1105 3160/3630/1104 3163/3636/558
f 3163/3636/558 3160/3630/1104 3161/3629/1103 3162/3628/1102
f 3146/3624/1098 3171/3637/1110 3164/3638/1111 3139/3627/1101
f 3144/3615/1089 3169/3639/1112 3170/3640/1113 3145/3612/1086
f 3142/3619/1093 3167/3641/1114 3168/3642/1115 3143/3616/1090
f 3140/3623/1097 3165/3643/1116 3166/3644/1117 3141/3620/1094
f 3145/3612/1086 3170/3640/1113 3171/3637/1110 3146/3624/1098
f 3143/3616/1090 3168/3642/1115 3169/3639/1112 3144/3615/1089
f 3141/3620/1094 3166/3644/1117 3167/3641/1114 3142/3619/1093
f 3139/3627/1101 3164/3638/1111 3165/3643/1116 3140/3623/1097
f 3178/3645/1118 3186/3646/1119 3185/3647/1120 3177/3648/1121
f 3176/3649/1122 3184/3650/1123 3183/3651/1124 3175/3652/1125
f 3174/3653/1126 3182/3654/1127 3181/3655/1128 3173/3656/1129
f 3179/3657/1130 3187/3658/1131 3186/3646/1119 3178/3645/1118
f 3177/3648/1121 3185/3647/1120 3184/3650/1123 3176/3649/1122
f 3175/3652/1125 3183/3651/1124 3182/3654/1127 3174/3653/1126
f 3173/3656/1129 3181/3655/1128 3180/3659/1132 3172/3660/1133
f 3172/3660/1133 3180/3659/1132 3187/3658/1131 3179/3657/1130
f 3187/3658/1131 3195/3661/1134 3194/3662/1135 3186/3646/1119
f 3185/3647/1120 3193/3663/1136 3192/3664/1137 3184/3650/1123
f 3183/3651/1124 3191/3665/1138 3190/3666/1139 3182/3654/1127
f 3181/3655/1128 3189/3667/1140 3188/3668/1141 3180/3659/1132
f 3180/3659/1132 3188/3668/1141 3195/3661/1134 3187/3658/1131
f 3186/3646/1119 3194/3662/1135 3193/3663/1136 3185/3647/1120
f 3184/3650/1123 3192/3664/1137 3191/3665/1138 3183/3651/1124
f 3182/3654/1127 3190/3666/1139 3189/3667/1140 3181/3655/1128
f 3190/3666/1139 3191/3665/1138 3196/3669/558 3189/3667/1140
f 3189/3667/1140 3196/3669/558 3195/3661/1134 3188/3668/1141
f 3191/3665/1138 3192/3664/1137 3193/3663/1136 3196/3669/558
f 3196/3669/558 3193/3663/1136 3194/3662/1135 3195/3661/1134
f 3179/3657/1130 3204/3670/1142 3197/3671/1143 3172/3660/1133
f 3177/3648/1121 3202/3672/1144 3203/3673/1145 3178/3645/1118
f 3175/3652/1125 3200/3674/1146 3201/3675/1147 3176/3649/1122
f 3173/3656/1129 3198/3676/1148 3199/3677/1149 3174/3653/1126
f 3178/3645/1118 3203/3673/1145 3204/3670/1142 3179/3657/1130
f 3176/3649/1122 3201/3675/1147 3202/3672/1144 3177/3648/1121
f 3174/3653/1126 3199/3677/1149 3200/3674/1146 3175/3652/1125
f 3172/3660/1133 3197/3671/1143 3198/3676/1148 3173/3656/1129
f 3211/3678/1150 3219/3679/1151 3218/3680/1152 3210/3681/1153
f 3209/3682/1154 3217/3683/1155 3216/3684/1156 3208/3685/1157
f 3207/3686/1158 3215/3687/1159 3214/3688/1160 3206/3689/1161
f 3212/3690/1162 3220/3691/1163 3219/3679/1151 3211/3678/1150
f 3210/3681/1153 3218/3680/1152 3217/3683/1155 3209/3682/1154
f 3208/3685/1157 3216/3684/1156 3215/3687/1159 3207/3686/1158
f 3206/3689/1161 3214/3688/1160 3213/3692/1164 3205/3693/1165
f 3205/3693/1165 3213/3692/1164 3220/3691/1163 3212/3690/1162
f 3220/3691/1163 3228/3694/1166 3227/3695/1167 3219/3679/1151
f 3218/3680/1152 3226/3696/1168 3225/3697/1169 3217/3683/1155
f 3216/3684/1156 3224/3698/1170 3223/3699/1171 3215/3687/1159
f 3214/3688/1160 3222/3700/1172 3221/3701/1173 3213/3692/1164
f 3213/3692/1164 3221/3701/1173 3228/3694/1166 3220/3691/1163
f 3219/3679/1151 3227/3695/1167 3226/3696/1168 3218/3680/1152
f 3217/3683/1155 3225/3697/1169 3224/3698/1170 3216/3684/1156
f 3215/3687/1159 3223/3699/1171 3222/3700/1172 3214/3688/1160
f 3223/3699/1171 3224/3698/1170 3229/3702/558 3222/3700/1172
f 3222/3700/1172 3229/3702/558 3228/3694/1166 3221/3701/1173
f 3224/3698/1170 3225/3697/1169 3226/3696/1168 3229/3702/558
f 3229/3702/558 3226/3696/1168 3227/3695/1167 3228/3694/1166
f 3212/3690/1162 3237/3703/1174 3230/3704/1175 3205/3693/1165
f 3210/3681/1153 3235/3705/1176 3236/3706/1177 3211/3678/1150
f 3208/3685/1157 3233/3707/1178 3234/3708/1179 3209/3682/1154
f 3206/3689/1161 3231/3709/1180 3232/3710/1181 3207/3686/1158
f 3211/3678/1150 3236/3706/1177 3237/3703/1174 3212/3690/1162
f 3209/3682/1154 3234/3708/1179 3235/3705/1176 3210/3681/1153
f 3207/3686/1158 3232/3710/1181 3233/3707/1178 3208/3685/1157
f 3205/3693/1165 3230/3704/1175 3231/3709/1180 3206/3689/1161
f 3244/3711/1182 3252/3712/1183 3251/3713/1184 3243/3714/1185
f 3242/3715/1186 3250/3716/1187 3249/3717/1188 3241/3718/1189
f 3240/3719/1190 3248/3720/1191 3247/3721/1192 3239/3722/1193
f 3245/3723/1194 3253/3724/1195 3252/3712/1183 3244/3711/1182
f 3243/3714/1185 3251/3713/1184 3250/3716/1187 3242/3715/1186
f 3241/3718/1189 3249/3717/1188 3248/3720/1191 3240/3719/1190
f 3239/3722/1193 3247/3721/1192 3246/3725/1196 3238/3726/1197
f 3238/3726/1197 3246/3725/1196 3253/3724/1195 3245/3723/1194
f 3253/3724/1195 3261/3727/1198 3260/3728/1199 3252/3712/1183
f 3251/3713/1184 3259/3729/1200 3258/3730/1201 3250/3716/1187
f 3249/3717/1188 3257/3731/1202 3256/3732/1203 3248/3720/1191
f 3247/3721/1192 3255/3733/1204 3254/3734/1205 3246/3725/1196
f 3246/3725/1196 3254/3734/1205 3261/3727/1198 3253/3724/1195
f 3252/3712/1183 3260/3728/1199 3259/3729/1200 3251/3713/1184
f 3250/3716/1187 3258/3730/1201 3257/3731/1202 3249/3717/1188
f 3248/3720/1191 3256/3732/1203 3255/3733/1204 3247/3721/1192
f 3256/3732/1203 3257/3731/1202 3262/3735/558 3255/3733/1204
f 3255/3733/1204 3262/3735/558 3261/3727/1198 3254/3734/1205
f 3257/3731/1202 3258/3730/1201 3259/3729/1200 3262/3735/558
f 3262/3735/558 3259/3729/1200 3260/3728/1199 3261/3727/1198
f 3245/3723/1194 3270/3736/1206 3263/3737/1207 3238/3726/1197
f 3243/3714/1185 3268/3738/1208 3269/3739/1209 3244/3711/1182
f 3241/3718/1189 3266/3740/1210 3267/3741/1211 3242/3715/1186
f 3239/3722/1193 3264/3742/1212 3265/3743/1213 3240/3719/1190
f 3244/3711/1182 3269/3739/1209 3270/3736/1206 3245/3723/1194
f 3242/3715/1186 3267/3741/1211 3268/3738/1208 3243/3714/1185
f 3240/3719/1190 3265/3743/1213 3266/3740/1210 3241/3718/1189
f 3238/3726/1197 3263/3737/1207 3264/3742/1212 3239/3722/1193
f 3277/3744/1214 3285/3745/1215 3284/3746/1216 3276/3747/1217
f 3275/3748/1218 3283/3749/1219 3282/3750/1220 3274/3751/1221
f 3273/3752/1222 3281/3753/1223 3280/3754/1224 3272/3755/1225
f 3278/3756/1226 3286/3757/1227 3285/3745/1215 3277/3744/1214
f 3276/3747/1217 3284/3746/1216 3283/3749/1219 3275/3748/1218
f 3274/3751/1221 3282/3750/1220 3281/3753/1223 3273/3752/1222
f 3272/3755/1225 3280/3754/1224 3279/3758/1228 3271/3759/1229
f 3271/3759/1229 3279/3758/1228 3286/3757/1227 3278/3756/1226
f 3286/3757/1227 3294/3760/1230 3293/3761/1231 3285/3745/1215
f 3284/3746/1216 3292/3762/1232 3291/3763/1233 3283/3749/1219
f 3282/3750/1220 3290/3764/1234 3289/3765/1235 3281/3753/1223
f 3280/3754/1224 3288/3766/1236 3287/3767/1237 3279/3758/1228
f 3279/3758/1228 3287/3767/1237 3294/3760/1230 3286/3757/1227
f 3285/3745/1215 3293/3761/1231 3292/3762/1232 3284/3746/1216
f 3283/3749/1219 3291/3763/1233 3290/3764/1234 3282/3750/1220
f 3281/3753/1223 3289/3765/1235 3288/3766/1236 3280/3754/1224
f 3289/3765/1235 3290/3764/1234 3295/3768/558 3288/3766/1236
f 3288/3766/1236 3295/3768/558 3294/3760/1230 3287/3767/1237
f 3290/3764/1234 3291/3763/1233 3292/3762/1232 3295/3768/558
f 3295/3768/558 3292/3762/1232 3293/3761/1231 3294/3760/1230
f 3278/3756/1226 3303/3769/1238 3296/3770/1239 3271/3759/1229
f 3276/3747/1217 3301/3771/1240 3302/3772/1241 3277/3744/1214
f 3274/3751/1221 3299/3773/1242 3300/3774/1243 3275/3748/1218
f 3272/3755/1225 3297/3775/1244 3298/3776/1245 3273/3752/1222
f 3277/3744/1214 3302/3772/1241 3303/3769/1238 3278/3756/1226
f 3275/3748/1218 3300/3774/1243 3301/3771/1240 3276/3747/1217
f 3273/3752/1222 3298/3776/1245 3299/3773/1242 3274/3751/1221
f 3271/3759/1229 3296/3770/1239 3297/3775/1244 3272/3755/1225
f 3310/3777/1010 3318/3778/1011 3317/3779/1012 3309/3780/1013
f 3308/3781/1014 3316/3782/1246 3315/3783/1016 3307/3784/1017
f 3306/3785/1018 3314/3786/1019 3313/3787/1020 3305/3788/1021
f 3311/3789/1022 3319/3790/1023 3318/3778/1011 3310/3777/1010
f 3309/3780/1013 3317/3779/1012 3316/3782/1246 3308/3781/1014
f 3307/3784/1017 3315/3783/1016 3314/3786/1019 3306/3785/1018
f 3305/3788/1021 3313/3787/1020 3312/3791/1024 3304/3792/1025
f 3304/3792/1025 3312/3791/1024 3319/3790/1023 3311/3789/1022
f 3319/3790/1023 3327/3793/1026 3326/3794/1027 3318/3778/1011
f 3317/3779/1012 3325/3795/1028 3324/3796/1029 3316/3782/1246
f 3315/3783/1016 3323/3797/1247 3322/3798/1031 3314/3786/1019
f 3313/3787/1020 3321/3799/1248 3320/3800/1033 3312/3791/1024
f 3312/3791/1024 3320/3800/1033 3327/3793/1026 3319/3790/1023
f 3318/3778/1011 3326/3794/1027 3325/3795/1028 3317/3779/1012
f 3316/3782/1246 3324/3796/1029 3323/3797/1247 3315/3783/1016
f 3314/3786/1019 3322/3798/1031 3321/3799/1248 3313/3787/1020
f 3322/3798/1031 3323/3797/1247 3328/3801/558 3321/3799/1248
f 3321/3799/1248 3328/3801/558 3327/3793/1026 3320/3800/1033
f 3323/3797/1247 3324/3796/1029 3325/3795/1028 3328/3801/558
f 3328/3801/558 3325/3795/1028 3326/3794/1027 3327/3793/1026
f 3311/3789/1022 3336/3802/1034 3329/3803/1035 3304/3792/1025
f 3309/3780/1013 3334/3804/1036 3335/3805/1037 3310/3777/1010
f 3307/3784/1017 3332/3806/1249 3333/3807/1039 3308/3781/1014
f 3305/3788/1021 3330/3808/1040 3331/3809/1041 3306/3785/1018
f 3310/3777/1010 3335/3805/1037 3336/3802/1034 3311/3789/1022
f 3308/3781/1014 3333/3807/1039 3334/3804/1036 3309/3780/1013
f 3306/3785/1018 3331/3809/1041 3332/3806/1249 3307/3784/1017
f 3304/3792/1025 3329/3803/1035 3330/3808/1040 3305/3788/1021
f 3341/3810/558 3345/3811/558 3365/3812/558 3369/3813/558
f 3344/3814/558 3348/3815/558 3362/3816/558 3366/3817/558
f 3347/3818/558 3351/3819/558 3359/3820/558 3363/3821/558
f 3350/3822/558 3354/3823/558 3356/3824/558 3360/3825/558
f 3353/3826/558 3378/3827/558 3380/3828/558 3357/3829/558
f 3377/3830/558 3338/3831/558 3340/3832/558 3381/3833/558
f 3337/3834/558 3375/3835/558 3371/3836/558 3339/3837/558
f 3341/3810/558 3369/3813/558 3370/3838/558 3343/3839/558
f 3343/3839/558 3370/3838/558 3368/3840/558 3342/3841/558
f 3344/3814/558 3366/3817/558 3367/3842/558 3346/3843/558
f 3346/3843/558 3367/3842/558 3365/3812/558 3345/3811/558
f 3347/3818/558 3363/3821/558 3364/3844/558 3349/3845/558
f 3349/3845/558 3364/3844/558 3362/3816/558 3348/3815/558
f 3350/3822/558 3360/3825/558 3361/3846/558 3352/3847/558
f 3352/3847/558 3361/3846/558 3359/3820/558 3351/3819/558
f 3353/3826/558 3357/3829/558 3358/3848/558 3355/3849/558
f 3355/3849/558 3358/3848/558 3356/3824/558 3354/3823/558
f 3374/3850/558 3372/3851/558 3373/3852/558 3376/3853/558
f 3376/3853/558 3373/3852/558 3371/3836/558 3375/3835/558
f 3377/3830/558 3381/3833/558 3382/3854/558 3379/3855/558
f 3379/3855/558 3382/3854/558 3380/3828/558 3378/3827/558
f 3374/3850/558 3342/3841/558 3368/3840/558 3372/3851/558
f 3359/3820/1042 3405/3856/1042 3409/3857/1042 3363/3821/1042
f 3363/3821/1043 3409/3857/1043 3410/3858/1043 3364/3844/1043
f 3357/3829/1043 3403/3859/1043 3404/3860/1043 3358/3848/1043
f 3350/3822/1045 3396/3861/1045 3400/3862/1045 3354/3823/1045
f 3381/3833/1043 3427/3863/1043 3428/3864/1043 3382/3854/1043
f 3342/3841/1046 3388/3865/1046 3389/3866/1046 3343/3839/1046
f 3356/3824/1049 3402/3867/1049 3406/3868/1049 3360/3825/1049
f 3348/3815/1046 3394/3869/1046 3395/3870/1046 3349/3845/1046
f 3370/3838/1250 3416/3871/1250 3414/3872/1250 3368/3840/1250
f 3354/3823/1046 3400/3862/1046 3401/3873/1046 3355/3849/1046
f 3353/3826/1045 3399/3874/1045 3424/3875/1045 3378/3827/1045
f 3364/3844/1250 3410/3858/1250 3408/3876/1250 3362/3816/1250
f 3378/3827/1046 3424/3875/1046 3425/3877/1046 3379/3855/1046
f 3358/3848/1047 3404/3860/1047 3402/3867/1047 3356/3824/1047
f 3380/3828/1049 3426/3878/1049 3403/3859/1049 3357/3829/1049
f 3382/3854/1250 3428/3864/1250 3426/3878/1250 3380/3828/1250
f 3346/3843/1048 3392/3879/1048 3390/3880/1048 3344/3814/1048
f 3337/3834/1045 3383/3881/1045 3421/3882/1045 3375/3835/1045
f 3352/3847/1048 3398/3883/1048 3396/3861/1048 3350/3822/1048
f 3376/3853/1048 3422/3884/1048 3420/3885/1048 3374/3850/1048
f 3371/3836/1049 3417/3886/1049 3385/3887/1049 3339/3837/1049
f 3374/3850/1045 3420/3885/1045 3388/3865/1045 3342/3841/1045
f 3366/3817/1043 3412/3888/1043 3413/3889/1043 3367/3842/1043
f 3377/3830/1045 3423/3890/1045 3384/3891/1045 3338/3831/1045
f 3360/3825/1043 3406/3868/1043 3407/3892/1043 3361/3846/1043
f 3368/3840/1042 3414/3872/1042 3418/3893/1042 3372/3851/1042
f 3372/3851/1043 3418/3893/1043 3419/3894/1043 3373/3852/1043
f 3340/3832/1049 3386/3895/1049 3427/3863/1049 3381/3833/1049
f 3341/3810/1045 3387/3896/1045 3391/3897/1045 3345/3811/1045
f 3345/3811/1046 3391/3897/1046 3392/3879/1046 3346/3843/1046
f 3339/3837/1051 3385/3887/1051 3383/3881/1051 3337/3834/1051
f 3351/3819/1046 3397/3898/1046 3398/3883/1046 3352/3847/1046
f 3365/3812/1042 3411/3899/1042 3415/3900/1042 3369/3813/1042
f 3367/3842/1250 3413/3889/1250 3411/3899/1250 3365/3812/1250
f 3375/3835/1251 3421/3882/1251 3422/3884/1251 3376/3853/1251
f 3338/3831/1252 3384/3891/1252 3386/3895/1252 3340/3832/1252
f 3361/3846/1047 3407/3892/1047 3405/3856/1047 3359/3820/1047
f 3344/3814/1045 3390/3880/1045 3394/3869/1045 3348/3815/1045
f 3373/3852/1250 3419/3894/1250 3417/3886/1250 3371/3836/1250
f 3343/3839/1048 3389/3866/1048 3387/3896/1048 3341/3810/1048
f 3362/3816/1049 3408/3876/1049 3412/3888/1049 3366/3817/1049
f 3349/3845/1048 3395/3870/1048 3393/3901/1048 3347/3818/1048
f 3355/3849/1048 3401/3873/1048 3399/3874/1048 3353/3826/1048
f 3347/3818/1045 3393/3901/1045 3397/3898/1045 3351/3819/1045
f 3379/3855/1048 3425/3877/1048 3423/3890/1048 3377/3830/1048
f 3369/3813/1043 3415/3900/1043 3416/3871/1043 3370/3838/1043
f 3435/3902/1253 3443/3903/1055 3442/3904/1056 3434/3905/1057
f 3433/3906/1058 3441/3907/1059 3440/3908/1060 3432/3909/1061
f 3431/3910/1254 3439/3911/1063 3438/3912/1064 3430/3913/1065
f 3436/3914/1066 3444/3915/1067 3443/3903/1055 3435/3902/1253
f 3434/3905/1057 3442/3904/1056 3441/3907/1059 3433/3906/1058
f 3432/3909/1061 3440/3908/1060 3439/3911/1063 3431/3910/1254
f 3430/3913/1065 3438/3912/1064 3437/3916/1068 3429/3917/1255
f 3429/3917/1255 3437/3916/1068 3444/3915/1067 3436/3914/1066
f 3444/3915/1067 3452/3918/1070 3451/3919/1071 3443/3903/1055
f 3442/3904/1056 3450/3920/1072 3449/3921/1256 3441/3907/1059
f 3440/3908/1060 3448/3922/1074 3447/3923/1257 3439/3911/1063
f 3438/3912/1064 3446/3924/1076 3445/3925/1077 3437/3916/1068
f 3437/3916/1068 3445/3925/1077 3452/3918/1070 3444/3915/1067
f 3443/3903/1055 3451/3919/1071 3450/3920/1072 3442/3904/1056
f 3441/3907/1059 3449/3921/1256 3448/3922/1074 3440/3908/1060
f 3439/3911/1063 3447/3923/1257 3446/3924/1076 3438/3912/1064
f 3447/3923/1257 3448/3922/1074 3453/3926/558 3446/3924/1076
f 3446/3924/1076 3453/3926/558 3452/3918/1070 3445/3925/1077
f 3448/3922/1074 3449/3921/1256 3450/3920/1072 3453/3926/558
f 3453/3926/558 3450/3920/1072 3451/3919/1071 3452/3918/1070
f 3436/3914/1066 3461/3927/1078 3454/3928/1258 3429/3917/1255
f 3434/3905/1057 3459/3929/1080 3460/3930/1081 3435/3902/1253
f 3432/3909/1061 3457/3931/1259 3458/3932/1083 3433/3906/1058
f 3430/3913/1065 3455/3933/1084 3456/3934/1085 3431/3910/1254
f 3435/3902/1253 3460/3930/1081 3461/3927/1078 3436/3914/1066
f 3433/3906/1058 3458/3932/1083 3459/3929/1080 3434/3905/1057
f 3431/3910/1254 3456/3934/1085 3457/3931/1259 3432/3909/1061
f 3429/3917/1255 3454/3928/1258 3455/3933/1084 3430/3913/1065
f 3468/3935/1086 3476/3936/1087 3475/3937/1088 3467/3938/1089
f 3466/3939/1090 3474/3940/1091 3473/3941/1260 3465/3942/1093
f 3464/3943/1261 3472/3944/1262 3471/3945/1096 3463/3946/1263
f 3469/3947/1098 3477/3948/1264 3476/3936/1087 3468/3935/1086
f 3467/3938/1089 3475/3937/1088 3474/3940/1091 3466/3939/1090
f 3465/3942/1093 3473/3941/1260 3472/3944/1262 3464/3943/1261
f 3463/3946/1263 3471/3945/1096 3470/3949/1265 3462/3950/1101
f 3462/3950/1101 3470/3949/1265 3477/3948/1264 3469/3947/1098
f 3477/3948/1264 3485/3951/1102 3484/3952/1103 3476/3936/1087
f 3475/3937/1088 3483/3953/1104 3482/3954/1105 3474/3940/1091
f 3473/3941/1260 3481/3955/1106 3480/3956/1266 3472/3944/1262
f 3471/3945/1096 3479/3957/1108 3478/3958/1109 3470/3949/1265
f 3470/3949/1265 3478/3958/1109 3485/3951/1102 3477/3948/1264
f 3476/3936/1087 3484/3952/1103 3483/3953/1104 3475/3937/1088
f 3474/3940/1091 3482/3954/1105 3481/3955/1106 3473/3941/1260
f 3472/3944/1262 3480/3956/1266 3479/3957/1108 3471/3945/1096
f 3480/3956/1266 3481/3955/1106 3486/3959/558 3479/3957/1108
f 3479/3957/1108 3486/3959/558 3485/3951/1102 3478/3958/1109
f 3481/3955/1106 3482/3954/1105 3483/3953/1104 3486/3959/558
f 3486/3959/558 3483/3953/1104 3484/3952/1103 3485/3951/1102
f 3469/3947/1098 3494/3960/1110 3487/3961/1111 3462/3950/1101
f 3467/3938/1089 3492/3962/1112 3493/3963/1113 3468/3935/1086
f 3465/3942/1093 3490/3964/1267 3491/3965/1115 3466/3939/1090
f 3463/3946/1263 3488/3966/1116 3489/3967/1117 3464/3943/1261
f 3468/3935/1086 3493/3963/1113 3494/3960/1110 3469/3947/1098
f 3466/3939/1090 3491/3965/1115 3492/3962/1112 3467/3938/1089
f 3464/3943/1261 3489/3967/1117 3490/3964/1267 3465/3942/1093
f 3462/3950/1101 3487/3961/1111 3488/3966/1116 3463/3946/1263
f 3501/3968/1118 3509/3969/1119 3508/3970/1120 3500/3971/1121
f 3499/3972/1122 3507/3973/1123 3506/3974/1124 3498/3975/1125
f 3497/3976/1126 3505/3977/1127 3504/3978/1128 3496/3979/1129
f 3502/3980/1130 3510/3981/1131 3509/3969/1119 3501/3968/1118
f 3500/3971/1121 3508/3970/1120 3507/3973/1123 3499/3972/1122
f 3498/3975/1125 3506/3974/1124 3505/3977/1127 3497/3976/1126
f 3496/3979/1129 3504/3978/1128 3503/3982/1132 3495/3983/1133
f 3495/3983/1133 3503/3982/1132 3510/3981/1131 3502/3980/1130
f 3510/3981/1131 3518/3984/1134 3517/3985/1268 3509/3969/1119
f 3508/3970/1120 3516/3986/1136 3515/3987/1137 3507/3973/1123
f 3506/3974/1124 3514/3988/1138 3513/3989/1269 3505/3977/1127
f 3504/3978/1128 3512/3990/1140 3511/3991/1270 3503/3982/1132
f 3503/3982/1132 3511/3991/1270 3518/3984/1134 3510/3981/1131
f 3509/3969/1119 3517/3985/1268 3516/3986/1136 3508/3970/1120
f 3507/3973/1123 3515/3987/1137 3514/3988/1138 3506/3974/1124
f 3505/3977/1127 3513/3989/1269 3512/3990/1140 3504/3978/1128
f 3513/3989/1269 3514/3988/1138 3519/3992/558 3512/3990/1140
f 3512/3990/1140 3519/3992/558 3518/3984/1134 3511/3991/1270
f 3514/3988/1138 3515/3987/1137 3516/3986/1136 3519/3992/558
f 3519/3992/558 3516/3986/1136 3517/3985/1268 3518/3984/1134
f 3502/3980/1130 3527/3993/1142 3520/3994/1143 3495/3983/1133
f 3500/3971/1121 3525/3995/1144 3526/3996/1145 3501/3968/1118
f 3498/3975/1125 3523/3997/1146 3524/3998/1147 3499/3972/1122
f 3496/3979/1129 3521/3999/1148 3522/4000/1149 3497/3976/1126
f 3501/3968/1118 3526/3996/1145 3527/3993/1142 3502/3980/1130
f 3499/3972/1122 3524/3998/1147 3525/3995/1144 3500/3971/1121
f 3497/3976/1126 3522/4000/1149 3523/3997/1146 3498/3975/1125
f 3495/3983/1133 3520/3994/1143 3521/3999/1148 3496/3979/1129
f 3534/4001/1150 3542/4002/1151 3541/4003/1152 3533/4004/1153
f 3532/4005/1154 3540/4006/1155 3539/4007/1156 3531/4008/1157
f 3530/4009/1158 3538/4010/1159 3537/4011/1160 3529/4012/1161
f 3535/4013/1162 3543/4014/1163 3542/4002/1151 3534/4001/1150
f 3533/4004/1153 3541/4003/1152 3540/4006/1155 3532/4005/1154
f 3531/4008/1157 3539/4007/1156 3538/4010/1159 3530/4009/1158
f 3529/4012/1161 3537/4011/1160 3536/4015/1164 3528/4016/1165
f 3528/4016/1165 3536/4015/1164 3543/4014/1163 3535/4013/1162
f 3543/4014/1163 3551/4017/1166 3550/4018/1167 3542/4002/1151
f 3541/4003/1152 3549/4019/1168 3548/4020/1169 3540/4006/1155
f 3539/4007/1156 3547/4021/1170 3546/4022/1171 3538/4010/1159
f 3537/4011/1160 3545/4023/1271 3544/4024/1173 3536/4015/1164
f 3536/4015/1164 3544/4024/1173 3551/4017/1166 3543/4014/1163
f 3542/4002/1151 3550/4018/1167 3549/4019/1168 3541/4003/1152
f 3540/4006/1155 3548/4020/1169 3547/4021/1170 3539/4007/1156
f 3538/4010/1159 3546/4022/1171 3545/4023/1271 3537/4011/1160
f 3546/4022/1171 3547/4021/1170 3552/4025/558 3545/4023/1271
f 3545/4023/1271 3552/4025/558 3551/4017/1166 3544/4024/1173
f 3547/4021/1170 3548/4020/1169 3549/4019/1168 3552/4025/558
f 3552/4025/558 3549/4019/1168 3550/4018/1167 3551/4017/1166
f 3535/4013/1162 3560/4026/1174 3553/4027/1175 3528/4016/1165
f 3533/4004/1153 3558/4028/1176 3559/4029/1177 3534/4001/1150
f 3531/4008/1157 3556/4030/1178 3557/4031/1179 3532/4005/1154
f 3529/4012/1161 3554/4032/1180 3555/4033/1181 3530/4009/1158
f 3534/4001/1150 3559/4029/1177 3560/4026/1174 3535/4013/1162
f 3532/4005/1154 3557/4031/1179 3558/4028/1176 3533/4004/1153
f 3530/4009/1158 3555/4033/1181 3556/4030/1178 3531/4008/1157
f 3528/4016/1165 3553/4027/1175 3554/4032/1180 3529/4012/1161
f 3567/4034/1182 3575/4035/1183 3574/4036/1184 3566/4037/1185
f 3565/4038/1186 3573/4039/1187 3572/4040/1188 3564/4041/1189
f 3563/4042/1190 3571/4043/1191 3570/4044/1192 3562/4045/1193
f 3568/4046/1194 3576/4047/1195 3575/4035/1183 3567/4034/1182
f 3566/4037/1185 3574/4036/1184 3573/4039/1187 3565/4038/1186
f 3564/4041/1189 3572/4040/1188 3571/4043/1191 3563/4042/1190
f 3562/4045/1193 3570/4044/1192 3569/4048/1196 3561/4049/1197
f 3561/4049/1197 3569/4048/1196 3576/4047/1195 3568/4046/1194
f 3576/4047/1195 3584/4050/1198 3583/4051/1199 3575/4035/1183
f 3574/4036/1184 3582/4052/1200 3581/4053/1201 3573/4039/1187
f 3572/4040/1188 3580/4054/1202 3579/4055/1203 3571/4043/1191
f 3570/4044/1192 3578/4056/1204 3577/4057/1205 3569/4048/1196
f 3569/4048/1196 3577/4057/1205 3584/4050/1198 3576/4047/1195
f 3575/4035/1183 3583/4051/1199 3582/4052/1200 3574/4036/1184
f 3573/4039/1187 3581/4053/1201 3580/4054/1202 3572/4040/1188
f 3571/4043/1191 3579/4055/1203 3578/4056/1204 3570/4044/1192
f 3579/4055/1203 3580/4054/1202 3585/4058/558 3578/4056/1204
f 3578/4056/1204 3585/4058/558 3584/4050/1198 3577/4057/1205
f 3580/4054/1202 3581/4053/1201 3582/4052/1200 3585/4058/558
f 3585/4058/558 3582/4052/1200 3583/4051/1199 3584/4050/1198
f 3568/4046/1194 3593/4059/1206 3586/4060/1207 3561/4049/1197
f 3566/4037/1185 3591/4061/1208 3592/4062/1209 3567/4034/1182
f 3564/4041/1189 3589/4063/1210 3590/4064/1211 3565/4038/1186
f 3562/4045/1193 3587/4065/1212 3588/4066/1213 3563/4042/1190
f 3567/4034/1182 3592/4062/1209 3593/4059/1206 3568/4046/1194
f 3565/4038/1186 3590/4064/1211 3591/4061/1208 3566/4037/1185
f 3563/4042/1190 3588/4066/1213 3589/4063/1210 3564/4041/1189
f 3561/4049/1197 3586/4060/1207 3587/4065/1212 3562/4045/1193
f 3600/4067/1214 3608/4068/1215 3607/4069/1216 3599/4070/1217
f 3598/4071/1218 3606/4072/1219 3605/4073/1220 3597/4074/1272
f 3596/4075/1222 3604/4076/1273 3603/4077/1224 3595/4078/1225
f 3601/4079/1226 3609/4080/1227 3608/4068/1215 3600/4067/1214
f 3599/4070/1217 3607/4069/1216 3606/4072/1219 3598/4071/1218
f 3597/4074/1272 3605/4073/1220 3604/4076/1273 3596/4075/1222
f 3595/4078/1225 3603/4077/1224 3602/4081/1274 3594/4082/1275
f 3594/4082/1275 3602/4081/1274 3609/4080/1227 3601/4079/1226
f 3609/4080/1227 3617/4083/1230 3616/4084/1231 3608/4068/1215
f 3607/4069/1216 3615/4085/1232 3614/4086/1276 3606/4072/1219
f 3605/4073/1220 3613/4087/1234 3612/4088/1235 3604/4076/1273
f 3603/4077/1224 3611/4089/1236 3610/4090/1237 3602/4081/1274
f 3602/4081/1274 3610/4090/1237 3617/4083/1230 3609/4080/1227
f 3608/4068/1215 3616/4084/1231 3615/4085/1232 3607/4069/1216
f 3606/4072/1219 3614/4086/1276 3613/4087/1234 3605/4073/1220
f 3604/4076/1273 3612/4088/1235 3611/4089/1236 3603/4077/1224
f 3612/4088/1235 3613/4087/1234 3618/4091/558 3611/4089/1236
f 3611/4089/1236 3618/4091/558 3617/4083/1230 3610/4090/1237
f 3613/4087/1234 3614/4086/1276 3615/4085/1232 3618/4091/558
f 3618/4091/558 3615/4085/1232 3616/4084/1231 3617/4083/1230
f 3601/4079/1226 3626/4092/1238 3619/4093/1239 3594/4082/1275
f 3599/4070/1217 3624/4094/1240 3625/4095/1241 3600/4067/1214
f 3597/4074/1272 3622/4096/1242 3623/4097/1243 3598/4071/1218
f 3595/4078/1225 3620/4098/1244 3621/4099/1245 3596/4075/1222
f 3600/4067/1214 3625/4095/1241 3626/4092/1238 3601/4079/1226
f 3598/4071/1218 3623/4097/1243 3624/4094/1240 3599/4070/1217
f 3596/4075/1222 3621/4099/1245 3622/4096/1242 3597/4074/1272
f 3594/4082/1275 3619/4093/1239 3620/4098/1244 3595/4078/1225
f 3633/4100/1010 3641/4101/1011 3640/4102/1012 3632/4103/1013
f 3631/4104/1014 3639/4105/1246 3638/4106/1016 3630/4107/1277
f 3629/4108/1018 3637/4109/1019 3636/4110/1020 3628/4111/1021
f 3634/4112/1022 3642/4113/1023 3641/4101/1011 3633/4100/1010
f 3632/4103/1013 3640/4102/1012 3639/4105/1246 3631/4104/1014
f 3630/4107/1277 3638/4106/1016 3637/4109/1019 3629/4108/1018
f 3628/4111/1021 3636/4110/1020 3635/4114/1024 3627/4115/1025
f 3627/4115/1025 3635/4114/1024 3642/4113/1023 3634/4112/1022
f 3642/4113/1023 3650/4116/1026 3649/4117/1027 3641/4101/1011
f 3640/4102/1012 3648/4118/1028 3647/4119/1029 3639/4105/1246
f 3638/4106/1016 3646/4120/1030 3645/4121/1031 3637/4109/1019
f 3636/4110/1020 3644/4122/1032 3643/4123/1033 3635/4114/1024
f 3635/4114/1024 3643/4123/1033 3650/4116/1026 3642/4113/1023
f 3641/4101/1011 3649/4117/1027 3648/4118/1028 3640/4102/1012
f 3639/4105/1246 3647/4119/1029 3646/4120/1030 3638/4106/1016
f 3637/4109/1019 3645/4121/1031 3644/4122/1032 3636/4110/1020
f 3645/4121/1031 3646/4120/1030 3651/4124/558 3644/4122/1032
f 3644/4122/1032 3651/4124/558 3650/4116/1026 3643/4123/1033
f 3646/4120/1030 3647/4119/1029 3648/4118/1028 3651/4124/558
f 3651/4124/558 3648/4118/1028 3649/4117/1027 3650/4116/1026
f 3634/4112/1022 3659/4125/1034 3652/4126/1035 3627/4115/1025
f 3632/4103/1013 3657/4127/1036 3658/4128/1037 3633/4100/1010
f 3630/4107/1277 3655/4129/1249 3656/4130/1039 3631/4104/1014
f 3628/4111/1021 3653/4131/1040 3654/4132/1041 3629/4108/1018
f 3633/4100/1010 3658/4128/1037 3659/4125/1034 3634/4112/1022
f 3631/4104/1014 3656/4130/1039 3657/4127/1036 3632/4103/1013
f 3629/4108/1018 3654/4132/1041 3655/4129/1249 3630/4107/1277
f 3627/4115/1025 3652/4126/1035 3653/4131/1040 3628/4111/1021
f 3664/4133/558 3668/4134/558 3688/4135/558 3692/4136/558
f 3667/4137/558 3671/4138/558 3685/4139/558 3689/4140/558
f 3670/4141/558 3674/4142/558 3682/4143/558 3686/4144/558
f 3673/4145/558 3677/4146/558 3679/4147/558 3683/4148/558
f 3676/4149/558 3701/4150/558 3703/4151/558 3680/4152/558
f 3700/4153/558 3661/4154/558 3663/4155/558 3704/4156/558
f 3660/4157/558 3698/4158/558 3694/4159/558 3662/4160/558
f 3664/4133/558 3692/4136/558 3693/4161/558 3666/4162/558
f 3666/4162/558 3693/4161/558 3691/4163/558 3665/4164/558
f 3667/4137/558 3689/4140/558 3690/4165/558 3669/4166/558
f 3669/4166/558 3690/4165/558 3688/4135/558 3668/4134/558
f 3670/4141/558 3686/4144/558 3687/4167/558 3672/4168/558
f 3672/4168/558 3687/4167/558 3685/4139/558 3671/4138/558
f 3673/4145/558 3683/4148/558 3684/4169/558 3675/4170/558
f 3675/4170/558 3684/4169/558 3682/4143/558 3674/4142/558
f 3676/4149/558 3680/4152/558 3681/4171/558 3678/4172/558
f 3678/4172/558 3681/4171/558 3679/4147/558 3677/4146/558
f 3697/4173/558 3695/4174/558 3696/4175/558 3699/4176/558
f 3699/4176/558 3696/4175/558 3694/4159/558 3698/4158/558
f 3700/4153/558 3704/4156/558 3705/4177/558 3702/4178/558
f 3702/4178/558 3705/4177/558 3703/4151/558 3701/4150/558
f 3697/4173/558 3665/4164/558 3691/4163/558 3695/4174/558
f 3682/4143/1049 3728/4179/1049 3732/4180/1049 3686/4144/1049
f 3686/4144/1043 3732/4180/1043 3733/4181/1043 3687/4167/1043
f 3680/4152/1043 3726/4182/1043 3727/4183/1043 3681/4171/1043
f 3673/4145/1045 3719/4184/1045 3723/4185/1045 3677/4146/1045
f 3704/4156/1044 3750/4186/1044 3751/4187/1044 3705/4177/1044
f 3665/4164/1046 3711/4188/1046 3712/4189/1046 3666/4162/1046
f 3679/4147/1049 3725/4190/1049 3729/4191/1049 3683/4148/1049
f 3671/4138/1046 3717/4192/1046 3718/4193/1046 3672/4168/1046
f 3693/4161/1250 3739/4194/1250 3737/4195/1250 3691/4163/1250
f 3677/4146/1046 3723/4185/1046 3724/4196/1046 3678/4172/1046
f 3676/4149/1045 3722/4197/1045 3747/4198/1045 3701/4150/1045
f 3687/4167/1250 3733/4181/1250 3731/4199/1250 3685/4139/1250
f 3701/4150/1046 3747/4198/1046 3748/4200/1046 3702/4178/1046
f 3681/4171/1250 3727/4183/1250 3725/4190/1250 3679/4147/1250
f 3703/4151/1049 3749/4201/1049 3726/4182/1049 3680/4152/1049
f 3705/4177/1250 3751/4187/1250 3749/4201/1250 3703/4151/1250
f 3669/4166/1048 3715/4202/1048 3713/4203/1048 3667/4137/1048
f 3660/4157/1045 3706/4204/1045 3744/4205/1045 3698/4158/1045
f 3675/4170/1048 3721/4206/1048 3719/4184/1048 3673/4145/1048
f 3699/4176/1048 3745/4207/1048 3743/4208/1048 3697/4173/1048
f 3694/4159/1049 3740/4209/1049 3708/4210/1049 3662/4160/1049
f 3697/4173/1045 3743/4208/1045 3711/4188/1045 3665/4164/1045
f 3689/4140/1043 3735/4211/1043 3736/4212/1043 3690/4165/1043
f 3700/4153/1045 3746/4213/1045 3707/4214/1045 3661/4154/1045
f 3683/4148/1043 3729/4191/1043 3730/4215/1043 3684/4169/1043
f 3691/4163/1049 3737/4195/1049 3741/4216/1049 3695/4174/1049
f 3695/4174/1044 3741/4216/1044 3742/4217/1044 3696/4175/1044
f 3663/4155/1049 3709/4218/1049 3750/4186/1049 3704/4156/1049
f 3664/4133/1045 3710/4219/1045 3714/4220/1045 3668/4134/1045
f 3668/4134/1046 3714/4220/1046 3715/4202/1046 3669/4166/1046
f 3662/4160/1051 3708/4210/1051 3706/4204/1051 3660/4157/1051
f 3674/4142/1046 3720/4221/1046 3721/4206/1046 3675/4170/1046
f 3688/4135/1049 3734/4222/1049 3738/4223/1049 3692/4136/1049
f 3690/4165/1250 3736/4212/1250 3734/4222/1250 3688/4135/1250
f 3698/4158/1046 3744/4205/1046 3745/4207/1046 3699/4176/1046
f 3661/4154/1278 3707/4214/1278 3709/4218/1278 3663/4155/1278
f 3684/4169/1047 3730/4215/1047 3728/4179/1047 3682/4143/1047
f 3667/4137/1045 3713/4203/1045 3717/4192/1045 3671/4138/1045
f 3696/4175/1250 3742/4217/1250 3740/4209/1250 3694/4159/1250
f 3666/4162/1048 3712/4189/1048 3710/4219/1048 3664/4133/1048
f 3685/4139/1049 3731/4199/1049 3735/4211/1049 3689/4140/1049
f 3672/4168/1048 3718/4193/1048 3716/4224/1048 3670/4141/1048
f 3678/4172/1048 3724/4196/1048 3722/4197/1048 3676/4149/1048
f 3670/4141/1045 3716/4224/1045 3720/4221/1045 3674/4142/1045
f 3702/4178/1048 3748/4200/1048 3746/4213/1048 3700/4153/1048
f 3692/4136/1043 3738/4223/1043 3739/4194/1043 3693/4161/1043
f 3758/4225/1253 3766/4226/1055 3765/4227/1056 3757/4228/1057
f 3756/4229/1058 3764/4230/1059 3763/4231/1060 3755/4232/1061
f 3754/4233/1062 3762/4234/1063 3761/4235/1064 3753/4236/1065
f 3759/4237/1066 3767/4238/1067 3766/4226/1055 3758/4225/1253
f 3757/4228/1057 3765/4227/1056 3764/4230/1059 3756/4229/1058
f 3755/4232/1061 3763/4231/1060 3762/4234/1063 3754/4233/1062
f 3753/4236/1065 3761/4235/1064 3760/4239/1068 3752/4240/1255
f 3752/4240/1255 3760/4239/1068 3767/4238/1067 3759/4237/1066
f 3767/4238/1067 3775/4241/1070 3774/4242/1071 3766/4226/1055
f 3765/4227/1056 3773/4243/1072 3772/4244/1256 3764/4230/1059
f 3763/4231/1060 3771/4245/1074 3770/4246/1257 3762/4234/1063
f 3761/4235/1064 3769/4247/1076 3768/4248/1077 3760/4239/1068
f 3760/4239/1068 3768/4248/1077 3775/4241/1070 3767/4238/1067
f 3766/4226/1055 3774/4242/1071 3773/4243/1072 3765/4227/1056
f 3764/4230/1059 3772/4244/1256 3771/4245/1074 3763/4231/1060
f 3762/4234/1063 3770/4246/1257 3769/4247/1076 3761/4235/1064
f 3770/4246/1257 3771/4245/1074 3776/4249/558 3769/4247/1076
f 3769/4247/1076 3776/4249/558 3775/4241/1070 3768/4248/1077
f 3771/4245/1074 3772/4244/1256 3773/4243/1072 3776/4249/558
f 3776/4249/558 3773/4243/1072 3774/4242/1071 3775/4241/1070
f 3759/4237/1066 3784/4250/1078 3777/4251/1258 3752/4240/1255
f 3757/4228/1057 3782/4252/1080 3783/4253/1081 3758/4225/1253
f 3755/4232/1061 3780/4254/1259 3781/4255/1083 3756/4229/1058
f 3753/4236/1065 3778/4256/1084 3779/4257/1085 3754/4233/1062
f 3758/4225/1253 3783/4253/1081 3784/4250/1078 3759/4237/1066
f 3756/4229/1058 3781/4255/1083 3782/4252/1080 3757/4228/1057
f 3754/4233/1062 3779/4257/1085 3780/4254/1259 3755/4232/1061
f 3752/4240/1255 3777/4251/1258 3778/4256/1084 3753/4236/1065
f 3791/4258/1086 3799/4259/1087 3798/4260/1279 3790/4261/1089
f 3789/4262/1090 3797/4263/1091 3796/4264/1260 3788/4265/1093
f 3787/4266/1261 3795/4267/1262 3794/4268/1280 3786/4269/1263
f 3792/4270/1098 3800/4271/1099 3799/4259/1087 3791/4258/1086
f 3790/4261/1089 3798/4260/1279 3797/4263/1091 3789/4262/1090
f 3788/4265/1093 3796/4264/1260 3795/4267/1262 3787/4266/1261
f 3786/4269/1263 3794/4268/1280 3793/4272/1265 3785/4273/1101
f 3785/4273/1101 3793/4272/1265 3800/4271/1099 3792/4270/1098
f 3800/4271/1099 3808/4274/1102 3807/4275/1103 3799/4259/1087
f 3798/4260/1279 3806/4276/1104 3805/4277/1105 3797/4263/1091
f 3796/4264/1260 3804/4278/1106 3803/4279/1266 3795/4267/1262
f 3794/4268/1280 3802/4280/1108 3801/4281/1109 3793/4272/1265
f 3793/4272/1265 3801/4281/1109 3808/4274/1102 3800/4271/1099
f 3799/4259/1087 3807/4275/1103 3806/4276/1104 3798/4260/1279
f 3797/4263/1091 3805/4277/1105 3804/4278/1106 3796/4264/1260
f 3795/4267/1262 3803/4279/1266 3802/4280/1108 3794/4268/1280
f 3803/4279/1266 3804/4278/1106 3809/4282/558 3802/4280/1108
f 3802/4280/1108 3809/4282/558 3808/4274/1102 3801/4281/1109
f 3804/4278/1106 3805/4277/1105 3806/4276/1104 3809/4282/558
f 3809/4282/558 3806/4276/1104 3807/4275/1103 3808/4274/1102
f 3792/4270/1098 3817/4283/1110 3810/4284/1111 3785/4273/1101
f 3790/4261/1089 3815/4285/1112 3816/4286/1113 3791/4258/1086
f 3788/4265/1093 3813/4287/1267 3814/4288/1115 3789/4262/1090
f 3786/4269/1263 3811/4289/1281 3812/4290/1117 3787/4266/1261
f 3791/4258/1086 3816/4286/1113 3817/4283/1110 3792/4270/1098
f 3789/4262/1090 3814/4288/1115 3815/4285/1112 3790/4261/1089
f 3787/4266/1261 3812/4290/1117 3813/4287/1267 3788/4265/1093
f 3785/4273/1101 3810/4284/1111 3811/4289/1281 3786/4269/1263
f 3824/4291/1118 3832/4292/1119 3831/4293/1120 3823/4294/1121
f 3822/4295/1122 3830/4296/1123 3829/4297/1124 3821/4298/1125
f 3820/4299/1126 3828/4300/1127 3827/4301/1128 3819/4302/1129
f 3825/4303/1130 3833/4304/1131 3832/4292/1119 3824/4291/1118
f 3823/4294/1121 3831/4293/1120 3830/4296/1123 3822/4295/1122
f 3821/4298/1125 3829/4297/1124 3828/4300/1127 3820/4299/1126
f 3819/4302/1129 3827/4301/1128 3826/4305/1132 3818/4306/1133
f 3818/4306/1133 3826/4305/1132 3833/4304/1131 3825/4303/1130
f 3833/4304/1131 3841/4307/1134 3840/4308/1282 3832/4292/1119
f 3831/4293/1120 3839/4309/1136 3838/4310/1137 3830/4296/1123
f 3829/4297/1124 3837/4311/1138 3836/4312/1269 3828/4300/1127
f 3827/4301/1128 3835/4313/1140 3834/4314/1270 3826/4305/1132
f 3826/4305/1132 3834/4314/1270 3841/4307/1134 3833/4304/1131
f 3832/4292/1119 3840/4308/1282 3839/4309/1136 3831/4293/1120
f 3830/4296/1123 3838/4310/1137 3837/4311/1138 3829/4297/1124
f 3828/4300/1127 3836/4312/1269 3835/4313/1140 3827/4301/1128
f 3836/4312/1269 3837/4311/1138 3842/4315/558 3835/4313/1140
f 3835/4313/1140 3842/4315/558 3841/4307/1134 3834/4314/1270
f 3837/4311/1138 3838/4310/1137 3839/4309/1136 3842/4315/558
f 3842/4315/558 3839/4309/1136 3840/4308/1282 3841/4307/1134
f 3825/4303/1130 3850/4316/1142 3843/4317/1143 3818/4306/1133
f 3823/4294/1121 3848/4318/1144 3849/4319/1145 3824/4291/1118
f 3821/4298/1125 3846/4320/1146 3847/4321/1147 3822/4295/1122
f 3819/4302/1129 3844/4322/1148 3845/4323/1149 3820/4299/1126
f 3824/4291/1118 3849/4319/1145 3850/4316/1142 3825/4303/1130
f 3822/4295/1122 3847/4321/1147 3848/4318/1144 3823/4294/1121
f 3820/4299/1126 3845/4323/1149 3846/4320/1146 3821/4298/1125
f 3818/4306/1133 3843/4317/1143 3844/4322/1148 3819/4302/1129
f 3857/4324/1150 3865/4325/1151 3864/4326/1152 3856/4327/1153
f 3855/4328/1283 3863/4329/1155 3862/4330/1156 3854/4331/1157
f 3853/4332/1158 3861/4333/1159 3860/4334/1160 3852/4335/1161
f 3858/4336/1162 3866/4337/1163 3865/4325/1151 3857/4324/1150
f 3856/4327/1153 3864/4326/1152 3863/4329/1155 3855/4328/1283
f 3854/4331/1157 3862/4330/1156 3861/4333/1159 3853/4332/1158
f 3852/4335/1161 3860/4334/1160 3859/4338/1164 3851/4339/1165
f 3851/4339/1165 3859/4338/1164 3866/4337/1163 3858/4336/1162
f 3866/4337/1163 3874/4340/1166 3873/4341/1167 3865/4325/1151
f 3864/4326/1152 3872/4342/1284 3871/4343/1169 3863/4329/1155
f 3862/4330/1156 3870/4344/1285 3869/4345/1171 3861/4333/1159
f 3860/4334/1160 3868/4346/1271 3867/4347/1173 3859/4338/1164
f 3859/4338/1164 3867/4347/1173 3874/4340/1166 3866/4337/1163
f 3865/4325/1151 3873/4341/1167 3872/4342/1284 3864/4326/1152
f 3863/4329/1155 3871/4343/1169 3870/4344/1285 3862/4330/1156
f 3861/4333/1159 3869/4345/1171 3868/4346/1271 3860/4334/1160
f 3869/4345/1171 3870/4344/1285 3875/4348/558 3868/4346/1271
f 3868/4346/1271 3875/4348/558 3874/4340/1166 3867/4347/1173
f 3870/4344/1285 3871/4343/1169 3872/4342/1284 3875/4348/558
f 3875/4348/558 3872/4342/1284 3873/4341/1167 3874/4340/1166
f 3858/4336/1162 3883/4349/1174 3876/4350/1175 3851/4339/1165
f 3856/4327/1153 3881/4351/1176 3882/4352/1177 3857/4324/1150
f 3854/4331/1157 3879/4353/1178 3880/4354/1179 3855/4328/1283
f 3852/4335/1161 3877/4355/1180 3878/4356/1181 3853/4332/1158
f 3857/4324/1150 3882/4352/1177 3883/4349/1174 3858/4336/1162
f 3855/4328/1283 3880/4354/1179 3881/4351/1176 3856/4327/1153
f 3853/4332/1158 3878/4356/1181 3879/4353/1178 3854/4331/1157
f 3851/4339/1165 3876/4350/1175 3877/4355/1180 3852/4335/1161
f 3890/4357/1182 3898/4358/1183 3897/4359/1184 3889/4360/1185
f 3888/4361/1186 3896/4362/1187 3895/4363/1188 3887/4364/1189
f 3886/4365/1190 3894/4366/1191 3893/4367/1192 3885/4368/1193
f 3891/4369/1194 3899/4370/1195 3898/4358/1183 3890/4357/1182
f 3889/4360/1185 3897/4359/1184 3896/4362/1187 3888/4361/1186
f 3887/4364/1189 3895/4363/1188 3894/4366/1191 3886/4365/1190
f 3885/4368/1193 3893/4367/1192 3892/4371/1196 3884/4372/1197
f 3884/4372/1197 3892/4371/1196 3899/4370/1195 3891/4369/1194
f 3899/4370/1195 3907/4373/1198 3906/4374/1199 3898/4358/1183
f 3897/4359/1184 3905/4375/1200 3904/4376/1201 3896/4362/1187
f 3895/4363/1188 3903/4377/1202 3902/4378/1203 3894/4366/1191
f 3893/4367/1192 3901/4379/1204 3900/4380/1205 3892/4371/1196
f 3892/4371/1196 3900/4380/1205 3907/4373/1198 3899/4370/1195
f 3898/4358/1183 3906/4374/1199 3905/4375/1200 3897/4359/1184
f 3896/4362/1187 3904/4376/1201 3903/4377/1202 3895/4363/1188
f 3894/4366/1191 3902/4378/1203 3901/4379/1204 3893/4367/1192
f 3902/4378/1203 3903/4377/1202 3908/4381/558 3901/4379/1204
f 3901/4379/1204 3908/4381/558 3907/4373/1198 3900/4380/1205
f 3903/4377/1202 3904/4376/1201 3905/4375/1200 3908/4381/558
f 3908/4381/558 3905/4375/1200 3906/4374/1199 3907/4373/1198
f 3891/4369/1194 3916/4382/1206 3909/4383/1207 3884/4372/1197
f 3889/4360/1185 3914/4384/1208 3915/4385/1209 3890/4357/1182
f 3887/4364/1189 3912/4386/1210 3913/4387/1211 3888/4361/1186
f 3885/4368/1193 3910/4388/1212 3911/4389/1213 3886/4365/1190
f 3890/4357/1182 3915/4385/1209 3916/4382/1206 3891/4369/1194
f 3888/4361/1186 3913/4387/1211 3914/4384/1208 3889/4360/1185
f 3886/4365/1190 3911/4389/1213 3912/4386/1210 3887/4364/1189
f 3884/4372/1197 3909/4383/1207 3910/4388/1212 3885/4368/1193
f 3923/4390/1214 3931/4391/1215 3930/4392/1216 3922/4393/1217
f 3921/4394/1218 3929/4395/1286 3928/4396/1220 3920/4397/1272
f 3919/4398/1287 3927/4399/1223 3926/4400/1224 3918/4401/1225
f 3924/4402/1226 3932/4403/1227 3931/4391/1215 3923/4390/1214
f 3922/4393/1217 3930/4392/1216 3929/4395/1286 3921/4394/1218
f 3920/4397/1272 3928/4396/1220 3927/4399/1223 3919/4398/1287
f 3918/4401/1225 3926/4400/1224 3925/4404/1228 3917/4405/1275
f 3917/4405/1275 3925/4404/1228 3932/4403/1227 3924/4402/1226
f 3932/4403/1227 3940/4406/1230 3939/4407/1231 3931/4391/1215
f 3930/4392/1216 3938/4408/1232 3937/4409/1276 3929/4395/1286
f 3928/4396/1220 3936/4410/1234 3935/4411/1235 3927/4399/1223
f 3926/4400/1224 3934/4412/1236 3933/4413/1237 3925/4404/1228
f 3925/4404/1228 3933/4413/1237 3940/4406/1230 3932/4403/1227
f 3931/4391/1215 3939/4407/1231 3938/4408/1232 3930/4392/1216
f 3929/4395/1286 3937/4409/1276 3936/4410/1234 3928/4396/1220
f 3927/4399/1223 3935/4411/1235 3934/4412/1236 3926/4400/1224
f 3935/4411/1235 3936/4410/1234 3941/4414/558 3934/4412/1236
f 3934/4412/1236 3941/4414/558 3940/4406/1230 3933/4413/1237
f 3936/4410/1234 3937/4409/1276 3938/4408/1232 3941/4414/558
f 3941/4414/558 3938/4408/1232 3939/4407/1231 3940/4406/1230
f 3924/4402/1226 3949/4415/1238 3942/4416/1239 3917/4405/1275
f 3922/4393/1217 3947/4417/1240 3948/4418/1241 3923/4390/1214
f 3920/4397/1272 3945/4419/1242 3946/4420/1243 3921/4394/1218
f 3918/4401/1225 3943/4421/1244 3944/4422/1245 3919/4398/1287
f 3923/4390/1214 3948/4418/1241 3949/4415/1238 3924/4402/1226
f 3921/4394/1218 3946/4420/1243 3947/4417/1240 3922/4393/1217
f 3919/4398/1287 3944/4422/1245 3945/4419/1242 3920/4397/1272
f 3917/4405/1275 3942/4416/1239 3943/4421/1244 3918/4401/1225
f 3956/4423/1010 3964/4424/1011 3963/4425/1012 3955/4426/1013
f 3954/4427/1014 3962/4428/1246 3961/4429/1016 3953/4430/1017
f 3952/4431/1018 3960/4432/1019 3959/4433/1020 3951/4434/1021
f 3957/4435/1022 3965/4436/1023 3964/4424/1011 3956/4423/1010
f 3955/4426/1013 3963/4425/1012 3962/4428/1246 3954/4427/1014
f 3953/4430/1017 3961/4429/1016 3960/4432/1019 3952/4431/1018
f 3951/4434/1021 3959/4433/1020 3958/4437/1024 3950/4438/1025
f 3950/4438/1025 3958/4437/1024 3965/4436/1023 3957/4435/1022
f 3965/4436/1023 3973/4439/1288 3972/4440/1027 3964/4424/1011
f 3963/4425/1012 3971/4441/1289 3970/4442/1029 3962/4428/1246
f 3961/4429/1016 3969/4443/1030 3968/4444/1031 3960/4432/1019
f 3959/4433/1020 3967/4445/1032 3966/4446/1033 3958/4437/1024
f 3958/4437/1024 3966/4446/1033 3973/4439/1288 3965/4436/1023
f 3964/4424/1011 3972/4440/1027 3971/4441/1289 3963/4425/1012
f 3962/4428/1246 3970/4442/1029 3969/4443/1030 3961/4429/1016
f 3960/4432/1019 3968/4444/1031 3967/4445/1032 3959/4433/1020
f 3968/4444/1031 3969/4443/1030 3974/4447/558 3967/4445/1032
f 3967/4445/1032 3974/4447/558 3973/4439/1288 3966/4446/1033
f 3969/4443/1030 3970/4442/1029 3971/4441/1289 3974/4447/558
f 3974/4447/558 3971/4441/1289 3972/4440/1027 3973/4439/1288
f 3957/4435/1022 3982/4448/1034 3975/4449/1035 3950/4438/1025
f 3955/4426/1013 3980/4450/1036 3981/4451/1037 3956/4423/1010
f 3953/4430/1017 3978/4452/1249 3979/4453/1039 3954/4427/1014
f 3951/4434/1021 3976/4454/1040 3977/4455/1041 3952/4431/1018
f 3956/4423/1010 3981/4451/1037 3982/4448/1034 3957/4435/1022
f 3954/4427/1014 3979/4453/1039 3980/4450/1036 3955/4426/1013
f 3952/4431/1018 3977/4455/1041 3978/4452/1249 3953/4430/1017
f 3950/4438/1025 3975/4449/1035 3976/4454/1040 3951/4434/1021
f 3987/4456/558 3991/4457/558 4011/4458/558 4015/4459/558
f 3990/4460/558 3994/4461/558 4008/4462/558 4012/4463/558
f 3993/4464/558 3997/4465/558 4005/4466/558 4009/4467/558
f 3996/4468/558 4000/4469/558 4002/4470/558 4006/4471/558
f 3999/4472/558 4024/4473/558 4026/4474/558 4003/4475/558
f 4023/4476/558 3984/4477/558 3986/4478/558 4027/4479/558
f 3983/4480/558 4021/4481/558 4017/4482/558 3985/4483/558
f 3987/4456/558 4015/4459/558 4016/4484/558 3989/4485/558
f 3989/4485/558 4016/4484/558 4014/4486/558 3988/4487/558
f 3990/4460/558 4012/4463/558 4013/4488/558 3992/4489/558
f 3992/4489/558 4013/4488/558 4011/4458/558 3991/4457/558
f 3993/4464/558 4009/4467/558 4010/4490/558 3995/4491/558
f 3995/4491/558 4010/4490/558 4008/4462/558 3994/4461/558
f 3996/4468/558 4006/4471/558 4007/4492/558 3998/4493/558
f 3998/4493/558 4007/4492/558 4005/4466/558 3997/4465/558
f 3999/4472/558 4003/4475/558 4004/4494/558 4001/4495/558
f 4001/4495/558 4004/4494/558 4002/4470/558 4000/4469/558
f 4020/4496/558 4018/4497/558 4019/4498/558 4022/4499/558
f 4022/4499/558 4019/4498/558 4017/4482/558 4021/4481/558
f 4023/4476/558 4027/4479/558 4028/4500/558 4025/4501/558
f 4025/4501/558 4028/4500/558 4026/4474/558 4024/4473/558
f 4020/4496/558 3988/4487/558 4014/4486/558 4018/4497/558
f 4005/4466/1049 4051/4502/1049 4055/4503/1049 4009/4467/1049
f 4009/4467/1043 4055/4503/1043 4056/4504/1043 4010/4490/1043
f 4003/4475/1043 4049/4505/1043 4050/4506/1043 4004/4494/1043
f 3996/4468/1045 4042/4507/1045 4046/4508/1045 4000/4469/1045
f 4027/4479/1043 4073/4509/1043 4074/4510/1043 4028/4500/1043
f 3988/4487/1046 4034/4511/1046 4035/4512/1046 3989/4485/1046
f 4002/4470/1049 4048/4513/1049 4052/4514/1049 4006/4471/1049
f 3994/4461/1046 4040/4515/1046 4041/4516/1046 3995/4491/1046
f 4016/4484/1053 4062/4517/1053 4060/4518/1053 4014/4486/1053
f 4000/4469/1046 4046/4508/1046 4047/4519/1046 4001/4495/1046
f 3999/4472/1045 4045/4520/1045 4070/4521/1045 4024/4473/1045
f 4010/4490/1250 4056/4504/1250 4054/4522/1250 4008/4462/1250
f 4024/4473/1046 4070/4521/1046 4071/4523/1046 4025/4501/1046
f 4004/4494/1250 4050/4506/1250 4048/4513/1250 4002/4470/1250
f 4026/4474/1049 4072/4524/1049 4049/4505/1049 4003/4475/1049
f 4028/4500/1250 4074/4510/1250 4072/4524/1250 4026/4474/1250
f 3992/4489/1048 4038/4525/1048 4036/4526/1048 3990/4460/1048
f 3983/4480/1045 4029/4527/1045 4067/4528/1045 4021/4481/1045
f 3998/4493/1048 4044/4529/1048 4042/4507/1048 3996/4468/1048
f 4022/4499/1290 4068/4530/1290 4066/4531/1290 4020/4496/1290
f 4017/4482/1049 4063/4532/1049 4031/4533/1049 3985/4483/1049
f 4020/4496/1045 4066/4531/1045 4034/4511/1045 3988/4487/1045
f 4012/4463/1043 4058/4534/1043 4059/4535/1043 4013/4488/1043
f 4023/4476/1045 4069/4536/1045 4030/4537/1045 3984/4477/1045
f 4006/4471/1050 4052/4514/1050 4053/4538/1050 4007/4492/1050
f 4014/4486/1049 4060/4518/1049 4064/4539/1049 4018/4497/1049
f 4018/4497/1044 4064/4539/1044 4065/4540/1044 4019/4498/1044
f 3986/4478/1049 4032/4541/1049 4073/4509/1049 4027/4479/1049
f 3987/4456/1045 4033/4542/1045 4037/4543/1045 3991/4457/1045
f 3991/4457/1046 4037/4543/1046 4038/4525/1046 3992/4489/1046
f 3985/4483/1051 4031/4533/1051 4029/4527/1051 3983/4480/1051
f 3997/4465/1046 4043/4544/1046 4044/4529/1046 3998/4493/1046
f 4011/4458/1049 4057/4545/1049 4061/4546/1049 4015/4459/1049
f 4013/4488/1250 4059/4535/1250 4057/4545/1250 4011/4458/1250
f 4021/4481/1251 4067/4528/1251 4068/4530/1251 4022/4499/1251
f 3984/4477/1052 4030/4537/1052 4032/4541/1052 3986/4478/1052
f 4007/4492/1250 4053/4538/1250 4051/4502/1250 4005/4466/1250
f 3990/4460/1045 4036/4526/1045 4040/4515/1045 3994/4461/1045
f 4019/4498/1250 4065/4540/1250 4063/4532/1250 4017/4482/1250
f 3989/4485/1048 4035/4512/1048 4033/4542/1048 3987/4456/1048
f 4008/4462/1049 4054/4522/1049 4058/4534/1049 4012/4463/1049
f 3995/4491/1048 4041/4516/1048 4039/4547/1048 3993/4464/1048
f 4001/4495/1048 4047/4519/1048 4045/4520/1048 3999/4472/1048
f 3993/4464/1045 4039/4547/1045 4043/4544/1045 3997/4465/1045
f 4025/4501/1048 4071/4523/1048 4069/4536/1048 4023/4476/1048
f 4015/4459/1044 4061/4546/1044 4062/4517/1044 4016/4484/1044
f 4081/4548/1253 4089/4549/1055 4088/4550/1056 4080/4551/1057
f 4079/4552/1058 4087/4553/1059 4086/4554/1060 4078/4555/1061
f 4077/4556/1254 4085/4557/1063 4084/4558/1064 4076/4559/1065
f 4082/4560/1066 4090/4561/1067 4089/4549/1055 4081/4548/1253
f 4080/4551/1057 4088/4550/1056 4087/4553/1059 4079/4552/1058
f 4078/4555/1061 4086/4554/1060 4085/4557/1063 4077/4556/1254
f 4076/4559/1065 4084/4558/1064 4083/4562/1068 4075/4563/1255
f 4075/4563/1255 4083/4562/1068 4090/4561/1067 4082/4560/1066
f 4090/4561/1067 4098/4564/1070 4097/4565/1071 4089/4549/1055
f 4088/4550/1056 4096/4566/1072 4095/4567/1256 4087/4553/1059
f 4086/4554/1060 4094/4568/1074 4093/4569/1257 4085/4557/1063
f 4084/4558/1064 4092/4570/1076 4091/4571/1077 4083/4562/1068
f 4083/4562/1068 4091/4571/1077 4098/4564/1070 4090/4561/1067
f 4089/4549/1055 4097/4565/1071 4096/4566/1072 4088/4550/1056
f 4087/4553/1059 4095/4567/1256 4094/4568/1074 4086/4554/1060
f 4085/4557/1063 4093/4569/1257 4092/4570/1076 4084/4558/1064
f 4093/4569/1257 4094/4568/1074 4099/4572/558 4092/4570/1076
f 4092/4570/1076 4099/4572/558 4098/4564/1070 4091/4571/1077
f 4094/4568/1074 4095/4567/1256 4096/4566/1072 4099/4572/558
f 4099/4572/558 4096/4566/1072 4097/4565/1071 4098/4564/1070
f 4082/4560/1066 4107/4573/1078 4100/4574/1258 4075/4563/1255
f 4080/4551/1057 4105/4575/1080 4106/4576/1291 4081/4548/1253
f 4078/4555/1061 4103/4577/1259 4104/4578/1083 4079/4552/1058
f 4076/4559/1065 4101/4579/1084 4102/4580/1292 4077/4556/1254
f 4081/4548/1253 4106/4576/1291 4107/4573/1078 4082/4560/1066
f 4079/4552/1058 4104/4578/1083 4105/4575/1080 4080/4551/1057
f 4077/4556/1254 4102/4580/1292 4103/4577/1259 4078/4555/1061
f 4075/4563/1255 4100/4574/1258 4101/4579/1084 4076/4559/1065
f 4114/4581/1086 4122/4582/1087 4121/4583/1088 4113/4584/1089
f 4112/4585/1090 4120/4586/1293 4119/4587/1260 4111/4588/1093
f 4110/4589/1261 4118/4590/1262 4117/4591/1096 4109/4592/1263
f 4115/4593/1098 4123/4594/1264 4122/4582/1087 4114/4581/1086
f 4113/4584/1089 4121/4583/1088 4120/4586/1293 4112/4585/1090
f 4111/4588/1093 4119/4587/1260 4118/4590/1262 4110/4589/1261
f 4109/4592/1263 4117/4591/1096 4116/4595/1265 4108/4596/1101
f 4108/4596/1101 4116/4595/1265 4123/4594/1264 4115/4593/1098
f 4123/4594/1264 4131/4597/1102 4130/4598/1103 4122/4582/1087
f 4121/4583/1088 4129/4599/1104 4128/4600/1105 4120/4586/1293
f 4119/4587/1260 4127/4601/1106 4126/4602/1266 4118/4590/1262
f 4117/4591/1096 4125/4603/1108 4124/4604/1109 4116/4595/1265
f 4116/4595/1265 4124/4604/1109 4131/4597/1102 4123/4594/1264
f 4122/4582/1087 4130/4598/1103 4129/4599/1104 4121/4583/1088
f 4120/4586/1293 4128/4600/1105 4127/4601/1106 4119/4587/1260
f 4118/4590/1262 4126/4602/1266 4125/4603/1108 4117/4591/1096
f 4126/4602/1266 4127/4601/1106 4132/4605/558 4125/4603/1108
f 4125/4603/1108 4132/4605/558 4131/4597/1102 4124/4604/1109
f 4127/4601/1106 4128/4600/1105 4129/4599/1104 4132/4605/558
f 4132/4605/558 4129/4599/1104 4130/4598/1103 4131/4597/1102
f 4115/4593/1098 4140/4606/1294 4133/4607/1111 4108/4596/1101
f 4113/4584/1089 4138/4608/1295 4139/4609/1113 4114/4581/1086
f 4111/4588/1093 4136/4610/1267 4137/4611/1115 4112/4585/1090
f 4109/4592/1263 4134/4612/1281 4135/4613/1117 4110/4589/1261
f 4114/4581/1086 4139/4609/1113 4140/4606/1294 4115/4593/1098
f 4112/4585/1090 4137/4611/1115 4138/4608/1295 4113/4584/1089
f 4110/4589/1261 4135/4613/1117 4136/4610/1267 4111/4588/1093
f 4108/4596/1101 4133/4607/1111 4134/4612/1281 4109/4592/1263
f 4147/4614/1118 4155/4615/1119 4154/4616/1120 4146/4617/1121
f 4145/4618/1122 4153/4619/1123 4152/4620/1124 4144/4621/1125
f 4143/4622/1126 4151/4623/1127 4150/4624/1128 4142/4625/1129
f 4148/4626/1130 4156/4627/1131 4155/4615/1119 4147/4614/1118
f 4146/4617/1121 4154/4616/1120 4153/4619/1123 4145/4618/1122
f 4144/4621/1125 4152/4620/1124 4151/4623/1127 4143/4622/1126
f 4142/4625/1129 4150/4624/1128 4149/4628/1132 4141/4629/1133
f 4141/4629/1133 4149/4628/1132 4156/4627/1131 4148/4626/1130
f 4156/4627/1131 4164/4630/1134 4163/4631/1282 4155/4615/1119
f 4154/4616/1120 4162/4632/1136 4161/4633/1137 4153/4619/1123
f 4152/4620/1124 4160/4634/1138 4159/4635/1296 4151/4623/1127
f 4150/4624/1128 4158/4636/1140 4157/4637/1270 4149/4628/1132
f 4149/4628/1132 4157/4637/1270 4164/4630/1134 4156/4627/1131
f 4155/4615/1119 4163/4631/1282 4162/4632/1136 4154/4616/1120
f 4153/4619/1123 4161/4633/1137 4160/4634/1138 4152/4620/1124
f 4151/4623/1127 4159/4635/1296 4158/4636/1140 4150/4624/1128
f 4159/4635/1296 4160/4634/1138 4165/4638/558 4158/4636/1140
f 4158/4636/1140 4165/4638/558 4164/4630/1134 4157/4637/1270
f 4160/4634/1138 4161/4633/1137 4162/4632/1136 4165/4638/558
f 4165/4638/558 4162/4632/1136 4163/4631/1282 4164/4630/1134
f 4148/4626/1130 4173/4639/1142 4166/4640/1143 4141/4629/1133
f 4146/4617/1121 4171/4641/1144 4172/4642/1145 4147/4614/1118
f 4144/4621/1125 4169/4643/1146 4170/4644/1147 4145/4618/1122
f 4142/4625/1129 4167/4645/1297 4168/4646/1149 4143/4622/1126
f 4147/4614/1118 4172/4642/1145 4173/4639/1142 4148/4626/1130
f 4145/4618/1122 4170/4644/1147 4171/4641/1144 4146/4617/1121
f 4143/4622/1126 4168/4646/1149 4169/4643/1146 4144/4621/1125
f 4141/4629/1133 4166/4640/1143 4167/4645/1297 4142/4625/1129
f 4180/4647/1150 4188/4648/1151 4187/4649/1152 4179/4650/1153
f 4178/4651/1154 4186/4652/1155 4185/4653/1156 4177/4654/1157
f 4176/4655/1158 4184/4656/1159 4183/4657/1160 4175/4658/1161
f 4181/4659/1162 4189/4660/1163 4188/4648/1151 4180/4647/1150
f 4179/4650/1153 4187/4649/1152 4186/4652/1155 4178/4651/1154
f 4177/4654/1157 4185/4653/1156 4184/4656/1159 4176/4655/1158
f 4175/4658/1161 4183/4657/1160 4182/4661/1164 4174/4662/1298
f 4174/4662/1298 4182/4661/1164 4189/4660/1163 4181/4659/1162
f 4189/4660/1163 4197/4663/1299 4196/4664/1167 4188/4648/1151
f 4187/4649/1152 4195/4665/1284 4194/4666/1169 4186/4652/1155
f 4185/4653/1156 4193/4667/1170 4192/4668/1171 4184/4656/1159
f 4183/4657/1160 4191/4669/1172 4190/4670/1173 4182/4661/1164
f 4182/4661/1164 4190/4670/1173 4197/4663/1299 4189/4660/1163
f 4188/4648/1151 4196/4664/1167 4195/4665/1284 4187/4649/1152
f 4186/4652/1155 4194/4666/1169 4193/4667/1170 4185/4653/1156
f 4184/4656/1159 4192/4668/1171 4191/4669/1172 4183/4657/1160
f 4192/4668/1171 4193/4667/1170 4198/4671/558 4191/4669/1172
f 4191/4669/1172 4198/4671/558 4197/4663/1299 4190/4670/1173
f 4193/4667/1170 4194/4666/1169 4195/4665/1284 4198/4671/558
f 4198/4671/558 4195/4665/1284 4196/4664/1167 4197/4663/1299
f 4181/4659/1162 4206/4672/1174 4199/4673/1175 4174/4662/1298
f 4179/4650/1153 4204/4674/1176 4205/4675/1177 4180/4647/1150
f 4177/4654/1157 4202/4676/1178 4203/4677/1179 4178/4651/1154
f 4175/4658/1161 4200/4678/1180 4201/4679/1181 4176/4655/1158
f 4180/4647/1150 4205/4675/1177 4206/4672/1174 4181/4659/1162
f 4178/4651/1154 4203/4677/1179 4204/4674/1176 4179/4650/1153
f 4176/4655/1158 4201/4679/1181 4202/4676/1178 4177/4654/1157
f 4174/4662/1298 4199/4673/1175 4200/4678/1180 4175/4658/1161
f 4213/4680/1182 4221/4681/1183 4220/4682/1184 4212/4683/1185
f 4211/4684/1186 4219/4685/1300 4218/4686/1188 4210/4687/1189
f 4209/4688/1190 4217/4689/1191 4216/4690/1192 4208/4691/1193
f 4214/4692/1194 4222/4693/1195 4221/4681/1183 4213/4680/1182
f 4212/4683/1185 4220/4682/1184 4219/4685/1300 4211/4684/1186
f 4210/4687/1189 4218/4686/1188 4217/4689/1191 4209/4688/1190
f 4208/4691/1193 4216/4690/1192 4215/4694/1301 4207/4695/1197
f 4207/4695/1197 4215/4694/1301 4222/4693/1195 4214/4692/1194
f 4222/4693/1195 4230/4696/1198 4229/4697/1199 4221/4681/1183
f 4220/4682/1184 4228/4698/1200 4227/4699/1201 4219/4685/1300
f 4218/4686/1188 4226/4700/1202 4225/4701/1203 4217/4689/1191
f 4216/4690/1192 4224/4702/1204 4223/4703/1205 4215/4694/1301
f 4215/4694/1301 4223/4703/1205 4230/4696/1198 4222/4693/1195
f 4221/4681/1183 4229/4697/1199 4228/4698/1200 4220/4682/1184
f 4219/4685/1300 4227/4699/1201 4226/4700/1202 4218/4686/1188
f 4217/4689/1191 4225/4701/1203 4224/4702/1204 4216/4690/1192
f 4225/4701/1203 4226/4700/1202 4231/4704/558 4224/4702/1204
f 4224/4702/1204 4231/4704/558 4230/4696/1198 4223/4703/1205
f 4226/4700/1202 4227/4699/1201 4228/4698/1200 4231/4704/558
f 4231/4704/558 4228/4698/1200 4229/4697/1199 4230/4696/1198
f 4214/4692/1194 4239/4705/1206 4232/4706/1207 4207/4695/1197
f 4212/4683/1185 4237/4707/1208 4238/4708/1209 4213/4680/1182
f 4210/4687/1189 4235/4709/1210 4236/4710/1211 4211/4684/1186
f 4208/4691/1193 4233/4711/1212 4234/4712/1213 4209/4688/1190
f 4213/4680/1182 4238/4708/1209 4239/4705/1206 4214/4692/1194
f 4211/4684/1186 4236/4710/1211 4237/4707/1208 4212/4683/1185
f 4209/4688/1190 4234/4712/1213 4235/4709/1210 4210/4687/1189
f 4207/4695/1197 4232/4706/1207 4233/4711/1212 4208/4691/1193
f 4246/4713/1302 4254/4714/1303 4253/4715/1216 4245/4716/1217
f 4244/4717/1304 4252/4718/1219 4251/4719/1220 4243/4720/1221
f 4242/4721/1222 4250/4722/1273 4249/4723/1224 4241/4724/1225
f 4247/4725/1305 4255/4726/1227 4254/4714/1303 4246/4713/1302
f 4245/4716/1217 4253/4715/1216 4252/4718/1219 4244/4717/1304
f 4243/4720/1221 4251/4719/1220 4250/4722/1273 4242/4721/1222
f 4241/4724/1225 4249/4723/1224 4248/4727/1228 4240/4728/1229
f 4240/4728/1229 4248/4727/1228 4255/4726/1227 4247/4725/1305
f 4255/4726/1227 4263/4729/1230 4262/4730/1306 4254/4714/1303
f 4253/4715/1216 4261/4731/1232 4260/4732/1276 4252/4718/1219
f 4251/4719/1220 4259/4733/1234 4258/4734/1307 4250/4722/1273
f 4249/4723/1224 4257/4735/1236 4256/4736/1308 4248/4727/1228
f 4248/4727/1228 4256/4736/1308 4263/4729/1230 4255/4726/1227
f 4254/4714/1303 4262/4730/1306 4261/4731/1232 4253/4715/1216
f 4252/4718/1219 4260/4732/1276 4259/4733/1234 4251/4719/1220
f 4250/4722/1273 4258/4734/1307 4257/4735/1236 4249/4723/1224
f 4258/4734/1307 4259/4733/1234 4264/4737/558 4257/4735/1236
f 4257/4735/1236 4264/4737/558 4263/4729/1230 4256/4736/1308
f 4259/4733/1234 4260/4732/1276 4261/4731/1232 4264/4737/558
f 4264/4737/558 4261/4731/1232 4262/4730/1306 4263/4729/1230
f 4247/4725/1305 4272/4738/1238 4265/4739/1309 4240/4728/1229
f 4245/4716/1217 4270/4740/1240 4271/4741/1241 4246/4713/1302
f 4243/4720/1221 4268/4742/1242 4269/4743/1243 4244/4717/1304
f 4241/4724/1225 4266/4744/1244 4267/4745/1245 4242/4721/1222
f 4246/4713/1302 4271/4741/1241 4272/4738/1238 4247/4725/1305
f 4244/4717/1304 4269/4743/1243 4270/4740/1240 4245/4716/1217
f 4242/4721/1222 4267/4745/1245 4268/4742/1242 4243/4720/1221
f 4240/4728/1229 4265/4739/1309 4266/4744/1244 4241/4724/1225
f 4642/4746/1310 4647/4747/1311 4276/4748/1312 4274/4749/1313
f 4297/4750/1314 4594/4751/1315 4611/4752/1316 4304/4753/1317
f 4287/4754/1318 4289/4755/1319 4646/4756/1320 4643/4757/1310
f 4637/4758/1321 4282/4759/1322 4277/4760/1323 4648/4761/1324
f 4292/4762/1325 4295/4763/1326 4290/4764/1327 4286/4765/1328
f 4281/4766/1329 4283/4767/1330 4638/4768/1331 4635/4769/1332
f 4319/4770/1333 4307/4771/1334 4301/4772/1335 4313/4773/1336
f 4317/4774/1337 4622/4775/1338 4631/4776/1339 4310/4777/1340
f 4321/4778/1341 4554/4779/1342 4571/4780/1343 4328/4781/1344
f 4601/4782/1345 4302/4783/1346 4306/4784/1347 4604/4785/1348
f 4311/4786/1349 4632/4787/1350 4593/4788/1351 4299/4789/1352
f 4305/4790/1353 4612/4791/1354 4621/4792/1355 4316/4793/1356
f 4343/4794/1357 4331/4795/1358 4325/4796/1359 4337/4797/415
f 4341/4798/1360 4582/4799/429 4591/4800/429 4334/4801/1361
f 4345/4802/1362 4551/4803/1363 4545/4804/1364 4352/4805/1365
f 4561/4806/1366 4326/4807/1367 4330/4808/1368 4564/4809/1369
f 4335/4810/1370 4592/4811/1371 4553/4812/1372 4323/4813/1313
f 4329/4814/1329 4572/4815/1373 4581/4816/1374 4340/4817/1375
f 4367/4818/1376 4355/4819/1377 4349/4820/1378 4361/4821/1379
f 4365/4822/1380 4548/4823/1381 4549/4824/1382 4358/4825/1383
f 4551/4803/1363 4370/4826/1384 4412/4827/1385 4545/4804/1364
f 4457/4828/1386 4350/4829/1387 4354/4830/1388 4459/4831/1389
f 4359/4832/1390 4550/4833/1391 4552/4834/1392 4347/4835/1393
f 4353/4836/1394 4546/4837/1395 4547/4838/1396 4364/4839/1397
f 4455/4840/1398 4544/4841/1399 4538/4842/1400 4369/4843/1401
f 4453/4844/1402 4536/4845/1403 4530/4846/1404 4371/4847/1405
f 4451/4848/1406 4528/4849/1407 4522/4850/1408 4373/4851/1409
f 4449/4852/1410 4520/4853/1411 4514/4854/1412 4375/4855/1413
f 4447/4856/1414 4512/4857/1415 4506/4858/1416 4377/4859/1417
f 4445/4860/1418 4504/4861/1419 4498/4862/1420 4379/4863/1421
f 4443/4864/1422 4496/4865/1423 4490/4866/1424 4381/4867/1425
f 4441/4868/1426 4488/4869/1427 4482/4870/1428 4383/4871/1429
f 4439/4872/1430 4480/4873/1431 4474/4874/1432 4385/4875/1433
f 4437/4876/1434 4472/4877/1435 4466/4878/1436 4387/4879/1437
f 4435/4880/1438 4464/4881/1439 4458/4882/1440 4389/4883/1441
f 4554/4779/1342 4556/4884/1442 4570/4885/1443 4571/4780/1343
f 4433/4886/1444 4542/4887/1445 4543/4888/1446 4456/4889/1447
f 4431/4890/1448 4534/4891/1449 4535/4892/1450 4454/4893/1451
f 4429/4894/1452 4526/4895/1453 4527/4896/1454 4452/4897/1455
f 4427/4898/1456 4518/4899/1457 4519/4900/1458 4450/4901/1459
f 4425/4902/1460 4510/4903/1461 4511/4904/1462 4448/4905/1463
f 4423/4906/1464 4502/4907/1465 4503/4908/1466 4446/4909/1467
f 4421/4910/1468 4494/4911/1469 4495/4912/1470 4444/4913/1471
f 4419/4914/1472 4486/4915/1473 4487/4916/1474 4442/4917/1475
f 4417/4918/1476 4478/4919/1477 4479/4920/1478 4440/4921/1479
f 4415/4922/1480 4470/4923/1481 4471/4924/1482 4438/4925/1483
f 4413/4926/1484 4462/4927/1485 4463/4928/1486 4436/4929/1487
f 4411/4930/1488 4540/4931/1489 4541/4932/1490 4434/4933/1491
f 4409/4934/1492 4532/4935/1493 4533/4936/1494 4432/4937/1495
f 4407/4938/1496 4524/4939/1497 4525/4940/1498 4430/4941/1499
f 4405/4942/1500 4516/4943/1501 4517/4944/1502 4428/4945/1503
f 4403/4946/1504 4508/4947/1505 4509/4948/1506 4426/4949/1507
f 4401/4950/1508 4500/4951/1509 4501/4952/1510 4424/4953/1511
f 4399/4954/1512 4492/4955/1513 4493/4956/1514 4422/4957/1515
f 4397/4958/1516 4484/4959/1517 4485/4960/1518 4420/4961/1519
f 4395/4962/1520 4476/4963/1521 4477/4964/1522 4418/4965/1523
f 4393/4966/1524 4468/4967/1525 4469/4968/1526 4416/4969/1527
f 4370/4826/1384 4537/4970/1528 4539/4971/1529 4412/4827/1385
f 4372/4972/1530 4529/4973/1531 4531/4974/1532 4410/4975/1533
f 4374/4976/1534 4521/4977/1535 4523/4978/1536 4408/4979/1537
f 4376/4980/1538 4513/4981/1539 4515/4982/1540 4406/4983/1541
f 4378/4984/1542 4505/4985/1543 4507/4986/1544 4404/4987/1545
f 4380/4988/1546 4497/4989/1547 4499/4990/1548 4402/4991/1549
f 4382/4992/1550 4489/4993/1551 4491/4994/1552 4400/4995/1553
f 4384/4996/1554 4481/4997/1555 4483/4998/1556 4398/4999/1557
f 4386/5000/1558 4473/5001/1559 4475/5002/1560 4396/5003/1561
f 4388/5004/1562 4465/5005/1563 4467/5006/1564 4394/5007/1565
f 4390/5008/1566 4457/4828/1386 4459/4831/1389 4392/5009/1567
f 4391/5010/1568 4460/5011/1569 4461/5012/1570 4414/5013/1571
f 4470/4923/1481 4413/4926/1484 4436/4929/1487 4471/4924/1482
f 4468/4967/1525 4391/5010/1568 4414/5013/1571 4469/4968/1526
f 4472/4877/1435 4435/4880/1438 4389/4883/1441 4466/4878/1436
f 4480/4873/1431 4437/4876/1434 4387/4879/1437 4474/4874/1432
f 4476/4963/1521 4393/4966/1524 4416/4969/1527 4477/4964/1522
f 4478/4919/1477 4415/4922/1480 4438/4925/1483 4479/4920/1478
f 4465/5005/1563 4390/5008/1566 4392/5009/1567 4467/5006/1564
f 4488/4869/1427 4439/4872/1430 4385/4875/1433 4482/4870/1428
f 4484/4959/1517 4395/4962/1520 4418/4965/1523 4485/4960/1518
f 4486/4915/1473 4417/4918/1476 4440/4921/1479 4487/4916/1474
f 4473/5001/1559 4388/5004/1562 4394/5007/1565 4475/5002/1560
f 4496/4865/1423 4441/4868/1426 4383/4871/1429 4490/4866/1424
f 4492/4955/1513 4397/4958/1516 4420/4961/1519 4493/4956/1514
f 4494/4911/1469 4419/4914/1472 4442/4917/1475 4495/4912/1470
f 4481/4997/1555 4386/5000/1558 4396/5003/1561 4483/4998/1556
f 4504/4861/1419 4443/4864/1422 4381/4867/1425 4498/4862/1420
f 4500/4951/1509 4399/4954/1512 4422/4957/1515 4501/4952/1510
f 4502/4907/1465 4421/4910/1468 4444/4913/1471 4503/4908/1466
f 4489/4993/1551 4384/4996/1554 4398/4999/1557 4491/4994/1552
f 4512/4857/1415 4445/4860/1418 4379/4863/1421 4506/4858/1416
f 4508/4947/1505 4401/4950/1508 4424/4953/1511 4509/4948/1506
f 4510/4903/1461 4423/4906/1464 4446/4909/1467 4511/4904/1462
f 4497/4989/1547 4382/4992/1550 4400/4995/1553 4499/4990/1548
f 4520/4853/1411 4447/4856/1414 4377/4859/1417 4514/4854/1412
f 4516/4943/1501 4403/4946/1504 4426/4949/1507 4517/4944/1502
f 4518/4899/1457 4425/4902/1460 4448/4905/1463 4519/4900/1458
f 4505/4985/1543 4380/4988/1546 4402/4991/1549 4507/4986/1544
f 4528/4849/1407 4449/4852/1410 4375/4855/1413 4522/4850/1408
f 4524/4939/1497 4405/4942/1500 4428/4945/1503 4525/4940/1498
f 4526/4895/1453 4427/4898/1456 4450/4901/1459 4527/4896/1454
f 4513/4981/1539 4378/4984/1542 4404/4987/1545 4515/4982/1540
f 4536/4845/1403 4451/4848/1406 4373/4851/1409 4530/4846/1404
f 4532/4935/1493 4407/4938/1496 4430/4941/1499 4533/4936/1494
f 4534/4891/1449 4429/4894/1452 4452/4897/1455 4535/4892/1450
f 4521/4977/1535 4376/4980/1538 4406/4983/1541 4523/4978/1536
f 4544/4841/1399 4453/4844/1402 4371/4847/1405 4538/4842/1400
f 4540/4931/1489 4409/4934/1492 4432/4937/1495 4541/4932/1490
f 4542/4887/1445 4431/4890/1448 4454/4893/1451 4543/4888/1446
f 4529/4973/1531 4374/4976/1534 4408/4979/1537 4531/4974/1532
f 4550/4833/1391 4455/4840/1398 4369/4843/1401 4552/4834/1392
f 4546/4837/1395 4411/4930/1488 4434/4933/1491 4547/4838/1396
f 4548/4823/1381 4433/4886/1444 4456/4889/1447 4549/4824/1382
f 4537/4970/1528 4372/4972/1530 4410/4975/1533 4539/4971/1529
f 4351/5014/1572 4363/5015/1573 4357/5016/1574 4346/5017/1575
f 4460/5011/1569 4356/5018/1576 4366/5019/1577 4461/5012/1570
f 4462/4927/1485 4368/5020/1578 4360/5021/1579 4463/4928/1486
f 4464/4881/1439 4362/5022/1580 4348/5023/1581 4458/4882/1440
f 4583/5024/1582 4338/5025/1583 4324/5026/1584 4562/5027/1585
f 4556/4884/1442 4558/5028/1586 4568/5029/1587 4570/4885/1443
f 4558/5028/1586 4560/5030/1588 4566/5031/1589 4568/5029/1587
f 4560/5030/1588 4561/4806/1366 4564/4809/1369 4566/5031/1589
f 4565/5032/1590 4563/5033/1591 4574/5034/1592 4576/5035/1593
f 4573/5036/1594 4344/5037/1595 4336/5038/1596 4584/5039/1597
f 4594/4751/1315 4596/5040/1598 4610/5041/1598 4611/4752/1316
f 4582/4799/429 4579/5042/429 4590/5043/429 4591/4800/429
f 4579/5042/429 4577/5044/429 4588/5045/429 4590/5043/429
f 4577/5044/429 4575/5046/1599 4586/5047/1600 4588/5045/429
f 4563/5033/1591 4332/5048/1601 4342/5049/1602 4574/5034/1592
f 4575/5046/1599 4573/5036/1594 4584/5039/1597 4586/5047/1600
f 4572/4815/1373 4569/5050/1603 4580/5051/1604 4581/4816/1374
f 4569/5050/1603 4567/5052/1605 4578/5053/1606 4580/5051/1604
f 4567/5052/1605 4565/5032/1590 4576/5035/1593 4578/5053/1606
f 4327/5054/1607 4339/5055/1608 4333/5056/1609 4322/5057/1610
f 4592/4811/1371 4589/5058/1611 4555/5059/1612 4553/4812/1372
f 4589/5058/1611 4587/5060/1613 4557/5061/1614 4555/5059/1612
f 4587/5060/1613 4585/5062/1615 4559/5063/1616 4557/5061/1614
f 4585/5062/1615 4583/5024/1582 4562/5027/1585 4559/5063/1616
f 4623/5064/1617 4314/5065/1618 4300/5066/1619 4602/5067/1620
f 4596/5040/1598 4598/5068/1621 4608/5069/1622 4610/5041/1598
f 4598/5068/1621 4600/5070/1623 4606/5071/1624 4608/5069/1622
f 4600/5070/1623 4601/4782/1345 4604/4785/1348 4606/5071/1624
f 4605/5072/1625 4603/5073/1626 4614/5074/1627 4616/5075/1628
f 4613/5076/1629 4320/5077/1630 4312/5078/1631 4624/5079/1632
f 4635/4769/1332 4638/4768/1331 4639/5080/1633 4634/5081/1332
f 4622/4775/1338 4619/5082/1634 4630/5083/1635 4631/4776/1339
f 4619/5082/1634 4617/5084/1636 4628/5085/1637 4630/5083/1635
f 4617/5084/1636 4615/5086/1638 4626/5087/1639 4628/5085/1637
f 4603/5073/1626 4308/5088/1640 4318/5089/1641 4614/5074/1627
f 4615/5086/1638 4613/5076/1629 4624/5079/1632 4626/5087/1639
f 4612/4791/1354 4609/5090/1642 4620/5091/1643 4621/4792/1355
f 4609/5090/1642 4607/5092/1644 4618/5093/1645 4620/5091/1643
f 4607/5092/1644 4605/5072/1625 4616/5075/1628 4618/5093/1645
f 4303/5094/1646 4315/5095/1647 4309/5096/1648 4298/5097/1649
f 4632/4787/1350 4629/5098/1650 4595/5099/1651 4593/4788/1351
f 4629/5098/1650 4627/5100/1652 4597/5101/1653 4595/5099/1651
f 4627/5100/1652 4625/5102/1654 4599/5103/1655 4597/5101/1653
f 4625/5102/1654 4623/5064/1617 4602/5067/1620 4599/5103/1655
f 4634/5081/1332 4639/5080/1633 4296/5104/1656 4291/5105/1657
f 4643/4757/1310 4646/4756/1320 4647/4747/1311 4642/4746/1310
f 4275/5106/1341 4278/5107/1658 4284/5108/1659 4280/5109/1344
f 4640/5110/1660 4637/4758/1321 4648/4761/1324 4645/5111/1661
f 4294/5112/1662 4640/5110/1660 4645/5111/1661 4288/5113/1663
f 4633/5114/1664 4293/5115/1608 4285/5116/1609 4644/5117/1665
f 4636/5118/1664 4633/5114/1664 4644/5117/1665 4641/5119/1665
f 4273/5120/1610 4274/5121/1313 4275/5106/1341
f 4276/5122/1312 4277/5123/1323 4278/5107/1658
f 4279/5124/1607 4280/5109/1344 4281/5125/1329
f 4282/5126/1322 4283/5127/1330 4284/5108/1659
f 4285/5128/1609 4286/4765/1328 4287/5129/1318
f 4288/5130/1663 4289/5131/1319 4290/4764/1327
f 4291/5132/1657 4292/4762/1325 4293/5133/1608
f 4294/5134/1662 4295/4763/1326 4296/5135/1656
f 4297/4750/1314 4298/5136/1649 4299/4789/1352
f 4300/5137/1619 4301/4772/1335 4302/5138/1346
f 4303/5139/1646 4304/4753/1317 4305/4790/1353
f 4306/5140/1347 4307/4771/1334 4308/5141/1640
f 4309/5142/1648 4310/5143/1340 4311/4786/1349
f 4312/5144/1631 4313/4773/1336 4314/5145/1618
f 4315/5146/1647 4316/4793/1356 4317/5147/1337
f 4318/5148/1641 4319/4770/1333 4320/5149/1630
f 4321/5150/1341 4322/5151/1610 4323/4813/1313
f 4324/5152/1584 4325/4796/1359 4326/5153/1367
f 4327/5154/1607 4328/5155/1344 4329/4814/1329
f 4330/5156/1368 4331/4795/1358 4332/5157/1601
f 4333/5158/1609 4334/4801/1361 4335/4810/1370
f 4336/5159/1666 4337/4797/1667 4338/5160/1583
f 4339/5161/1608 4340/4817/1375 4341/4798/1360
f 4342/5162/1602 4343/4794/1357 4344/5163/1595
f 4345/5164/1362 4346/5017/1575 4347/5165/1393
f 4348/5166/1581 4349/4820/1378 4350/5167/1387
f 4351/5014/1572 4352/5168/1365 4353/5169/1394
f 4354/5170/1388 4355/4819/1377 4356/5171/1576
f 4357/5016/1574 4358/5172/1383 4359/5173/1390
f 4360/5174/1579 4361/4821/1379 4362/5175/1580
f 4363/5015/1573 4364/5176/1397 4365/5177/1380
f 4366/5178/1577 4367/4818/1376 4368/5179/1578
f 4279/5124/1607 4273/5120/1610 4275/5106/1341 4280/5109/1344
f 4274/5121/1313 4276/5122/1312 4278/5107/1658 4275/5106/1341
f 4277/5123/1323 4282/5126/1322 4284/5108/1659 4278/5107/1658
f 4283/5127/1330 4281/5125/1329 4280/5109/1344 4284/5108/1659
f 4636/5180/1664 4279/5181/1607 4281/4766/1329 4635/4769/1332
f 4640/5110/1660 4294/5112/1662 4296/5104/1656 4639/5080/1633
f 4295/4763/1326 4292/4762/1325 4291/5132/1657 4296/5135/1656
f 4285/5128/1609 4293/5133/1608 4292/4762/1325 4286/4765/1328
f 4294/5134/1662 4288/5130/1663 4290/4764/1327 4295/4763/1326
f 4289/5131/1319 4287/5129/1318 4286/4765/1328 4290/4764/1327
f 4644/5182/1665 4285/5183/1609 4287/4754/1318 4643/4757/1310
f 4648/4761/1324 4277/4760/1323 4276/4748/1312 4647/4747/1311
f 4303/5139/1646 4298/5136/1649 4297/4750/1314 4304/4753/1317
f 4602/5067/1620 4300/5066/1619 4302/4783/1346 4601/4782/1345
f 4301/4772/1335 4307/4771/1334 4306/5140/1347 4302/5138/1346
f 4612/4791/1354 4305/4790/1353 4304/4753/1317 4611/4752/1316
f 4315/5146/1647 4303/5139/1646 4305/4790/1353 4316/4793/1356
f 4307/4771/1334 4319/4770/1333 4318/5148/1641 4308/5141/1640
f 4622/5184/1338 4317/5147/1337 4316/4793/1356 4621/4792/1355
f 4309/5185/1648 4315/5186/1647 4317/5187/1337 4310/5188/1340
f 4319/4770/1333 4313/4773/1336 4312/5144/1631 4320/5149/1630
f 4632/4787/1350 4311/4786/1349 4310/5143/1340 4631/5189/1339
f 4298/5136/1649 4309/5142/1648 4311/4786/1349 4299/4789/1352
f 4313/4773/1336 4301/4772/1335 4300/5137/1619 4314/5145/1618
f 4327/5190/1607 4322/5191/1610 4321/5192/1341 4328/5193/1344
f 4562/5027/1585 4324/5026/1584 4326/5194/1367 4561/5195/1366
f 4325/4796/1359 4331/4795/1358 4330/5156/1368 4326/5153/1367
f 4572/4815/1373 4329/4814/1329 4328/5155/1344 4571/5196/1343
f 4339/5161/1608 4327/5154/1607 4329/4814/1329 4340/4817/1375
f 4331/4795/1358 4343/4794/1357 4342/5162/1602 4332/5157/1601
f 4582/4799/1668 4341/4798/1360 4340/4817/1375 4581/4816/1374
f 4333/5158/1609 4339/5161/1608 4341/4798/1360 4334/4801/1361
f 4343/4794/1357 4337/4797/1669 4336/5159/1596 4344/5163/1595
f 4592/4811/1371 4335/4810/1370 4334/4801/1361 4591/4800/1670
f 4322/5151/1610 4333/5158/1609 4335/4810/1370 4323/4813/1313
f 4337/4797/1667 4325/4796/1359 4324/5152/1584 4338/5160/1583
f 4351/5014/1572 4346/5017/1575 4345/5164/1362 4352/5168/1365
f 4458/4882/1440 4348/5023/1581 4350/4829/1387 4457/4828/1386
f 4349/4820/1378 4355/4819/1377 4354/5170/1388 4350/5167/1387
f 4546/4837/1395 4353/4836/1394 4352/4805/1365 4545/4804/1364
f 4363/5015/1573 4351/5014/1572 4353/5169/1394 4364/5176/1397
f 4355/4819/1377 4367/4818/1376 4366/5178/1577 4356/5171/1576
f 4548/5197/1381 4365/5198/1380 4364/4839/1397 4547/4838/1396
f 4357/5016/1574 4363/5015/1573 4365/5177/1380 4358/5172/1383
f 4367/4818/1376 4361/4821/1379 4360/5174/1579 4368/5179/1578
f 4550/4833/1391 4359/4832/1390 4358/5199/1383 4549/5200/1382
f 4346/5017/1575 4357/5016/1574 4359/5173/1390 4347/5165/1393
f 4361/4821/1379 4349/4820/1378 4348/5166/1581 4362/5175/1580
f 4552/4834/1392 4369/4843/1401 4370/4826/1384 4551/4803/1363
f 4538/4842/1400 4371/4847/1405 4372/4972/1530 4537/4970/1528
f 4530/4846/1404 4373/4851/1409 4374/4976/1534 4529/4973/1531
f 4522/4850/1408 4375/4855/1413 4376/4980/1538 4521/4977/1535
f 4514/4854/1412 4377/4859/1417 4378/4984/1542 4513/4981/1539
f 4506/4858/1416 4379/4863/1421 4380/4988/1546 4505/4985/1543
f 4498/4862/1420 4381/4867/1425 4382/4992/1550 4497/4989/1547
f 4490/4866/1424 4383/4871/1429 4384/4996/1554 4489/4993/1551
f 4482/4870/1428 4385/4875/1433 4386/5000/1558 4481/4997/1555
f 4474/4874/1432 4387/4879/1437 4388/5004/1562 4473/5001/1559
f 4466/4878/1436 4389/4883/1441 4390/5008/1566 4465/5005/1563
f 4460/5011/1569 4391/5010/1568 4392/5009/1567 4459/4831/1389
f 4468/4967/1525 4393/4966/1524 4394/5007/1565 4467/5006/1564
f 4476/4963/1521 4395/4962/1520 4396/5003/1561 4475/5002/1560
f 4484/4959/1517 4397/4958/1516 4398/4999/1557 4483/4998/1556
f 4492/4955/1513 4399/4954/1512 4400/4995/1553 4491/4994/1552
f 4500/4951/1509 4401/4950/1508 4402/4991/1549 4499/4990/1548
f 4508/4947/1505 4403/4946/1504 4404/4987/1545 4507/4986/1544
f 4516/4943/1501 4405/4942/1500 4406/4983/1541 4515/4982/1540
f 4524/4939/1497 4407/4938/1496 4408/4979/1537 4523/4978/1536
f 4532/4935/1493 4409/4934/1492 4410/4975/1533 4531/4974/1532
f 4540/4931/1489 4411/4930/1488 4412/4827/1385 4539/4971/1529
f 4462/5201/1485 4413/5202/1484 4414/5013/1571 4461/5012/1570
f 4470/5203/1481 4415/5204/1480 4416/4969/1527 4469/4968/1526
f 4478/5205/1477 4417/5206/1476 4418/4965/1523 4477/4964/1522
f 4486/5207/1473 4419/5208/1472 4420/4961/1519 4485/4960/1518
f 4494/5209/1469 4421/5210/1468 4422/4957/1515 4493/4956/1514
f 4502/5211/1465 4423/5212/1464 4424/4953/1511 4501/4952/1510
f 4510/5213/1461 4425/5214/1460 4426/4949/1507 4509/4948/1506
f 4518/5215/1457 4427/5216/1456 4428/4945/1503 4517/4944/1502
f 4526/5217/1453 4429/5218/1452 4430/4941/1499 4525/4940/1498
f 4534/5219/1449 4431/5220/1448 4432/4937/1495 4533/4936/1494
f 4542/5221/1445 4433/5222/1444 4434/4933/1491 4541/4932/1490
f 4464/4881/1439 4435/4880/1438 4436/5223/1487 4463/5224/1486
f 4472/4877/1435 4437/4876/1434 4438/5225/1483 4471/5226/1482
f 4480/4873/1431 4439/4872/1430 4440/5227/1479 4479/5228/1478
f 4488/4869/1427 4441/4868/1426 4442/5229/1475 4487/5230/1474
f 4496/4865/1423 4443/4864/1422 4444/5231/1471 4495/5232/1470
f 4504/4861/1419 4445/4860/1418 4446/5233/1467 4503/5234/1466
f 4512/4857/1415 4447/4856/1414 4448/5235/1463 4511/5236/1462
f 4520/4853/1411 4449/4852/1410 4450/5237/1459 4519/5238/1458
f 4528/4849/1407 4451/4848/1406 4452/5239/1455 4527/5240/1454
f 4536/4845/1403 4453/4844/1402 4454/5241/1451 4535/5242/1450
f 4544/4841/1399 4455/4840/1398 4456/5243/1447 4543/5244/1446
f 4389/4883/1441 4458/4882/1440 4457/4828/1386 4390/5008/1566
f 4356/5018/1576 4460/5011/1569 4459/4831/1389 4354/4830/1388
f 4368/5245/1578 4462/5201/1485 4461/5012/1570 4366/5019/1577
f 4362/5022/1580 4464/4881/1439 4463/5224/1486 4360/5246/1579
f 4387/4879/1437 4466/4878/1436 4465/5005/1563 4388/5004/1562
f 4391/5010/1568 4468/4967/1525 4467/5006/1564 4392/5009/1567
f 4413/5202/1484 4470/5203/1481 4469/4968/1526 4414/5013/1571
f 4435/4880/1438 4472/4877/1435 4471/5226/1482 4436/5223/1487
f 4385/4875/1433 4474/4874/1432 4473/5001/1559 4386/5000/1558
f 4393/4966/1524 4476/4963/1521 4475/5002/1560 4394/5007/1565
f 4415/5204/1480 4478/5205/1477 4477/4964/1522 4416/4969/1527
f 4437/4876/1434 4480/4873/1431 4479/5228/1478 4438/5225/1483
f 4383/4871/1429 4482/4870/1428 4481/4997/1555 4384/4996/1554
f 4395/4962/1520 4484/4959/1517 4483/4998/1556 4396/5003/1561
f 4417/5206/1476 4486/5207/1473 4485/4960/1518 4418/4965/1523
f 4439/4872/1430 4488/4869/1427 4487/5230/1474 4440/5227/1479
f 4381/4867/1425 4490/4866/1424 4489/4993/1551 4382/4992/1550
f 4397/4958/1516 4492/4955/1513 4491/4994/1552 4398/4999/1557
f 4419/5208/1472 4494/5209/1469 4493/4956/1514 4420/4961/1519
f 4441/4868/1426 4496/4865/1423 4495/5232/1470 4442/5229/1475
f 4379/4863/1421 4498/4862/1420 4497/4989/1547 4380/4988/1546
f 4399/4954/1512 4500/4951/1509 4499/4990/1548 4400/4995/1553
f 4421/5210/1468 4502/5211/1465 4501/4952/1510 4422/4957/1515
f 4443/4864/1422 4504/4861/1419 4503/5234/1466 4444/5231/1471
f 4377/4859/1417 4506/4858/1416 4505/4985/1543 4378/4984/1542
f 4401/4950/1508 4508/4947/1505 4507/4986/1544 4402/4991/1549
f 4423/5212/1464 4510/5213/1461 4509/4948/1506 4424/4953/1511
f 4445/4860/1418 4512/4857/1415 4511/5236/1462 4446/5233/1467
f 4375/4855/1413 4514/4854/1412 4513/4981/1539 4376/4980/1538
f 4403/4946/1504 4516/4943/1501 4515/4982/1540 4404/4987/1545
f 4425/5214/1460 4518/5215/1457 4517/4944/1502 4426/4949/1507
f 4447/4856/1414 4520/4853/1411 4519/5238/1458 4448/5235/1463
f 4373/4851/1409 4522/4850/1408 4521/4977/1535 4374/4976/1534
f 4405/4942/1500 4524/4939/1497 4523/4978/1536 4406/4983/1541
f 4427/5216/1456 4526/5217/1453 4525/4940/1498 4428/4945/1503
f 4449/4852/1410 4528/4849/1407 4527/5240/1454 4450/5237/1459
f 4371/4847/1405 4530/4846/1404 4529/4973/1531 4372/4972/1530
f 4407/4938/1496 4532/4935/1493 4531/4974/1532 4408/4979/1537
f 4429/5218/1452 4534/5219/1449 4533/4936/1494 4430/4941/1499
f 4451/4848/1406 4536/4845/1403 4535/5242/1450 4452/5239/1455
f 4369/4843/1401 4538/4842/1400 4537/4970/1528 4370/4826/1384
f 4409/4934/1492 4540/4931/1489 4539/4971/1529 4410/4975/1533
f 4431/5220/1448 4542/5221/1445 4541/4932/1490 4432/4937/1495
f 4453/4844/1402 4544/4841/1399 4543/5244/1446 4454/5241/1451
f 4411/4930/1488 4546/4837/1395 4545/4804/1364 4412/4827/1385
f 4433/5222/1444 4548/5197/1381 4547/4838/1396 4434/4933/1491
f 4455/4840/1398 4550/4833/1391 4549/5200/1382 4456/5243/1447
f 4347/4835/1393 4552/4834/1392 4551/4803/1363 4345/4802/1362
f 4323/4813/1313 4553/4812/1372 4554/5247/1342 4321/5150/1341
f 4553/4812/1372 4555/5059/1612 4556/5248/1442 4554/5247/1342
f 4555/5059/1612 4557/5061/1614 4558/5249/1586 4556/5248/1442
f 4557/5061/1614 4559/5063/1616 4560/5250/1588 4558/5249/1586
f 4559/5063/1616 4562/5027/1585 4561/5195/1366 4560/5250/1588
f 4332/5048/1601 4563/5033/1591 4564/5251/1369 4330/5252/1368
f 4563/5033/1591 4565/5032/1590 4566/5253/1589 4564/5251/1369
f 4565/5032/1590 4567/5052/1605 4568/5254/1587 4566/5253/1589
f 4567/5052/1605 4569/5050/1603 4570/5255/1443 4568/5254/1587
f 4569/5050/1603 4572/4815/1373 4571/5196/1343 4570/5255/1443
f 4344/5037/1595 4573/5036/1594 4574/5034/1592 4342/5049/1602
f 4573/5036/1594 4575/5046/1599 4576/5035/1593 4574/5034/1592
f 4575/5046/1599 4577/5044/1671 4578/5053/1606 4576/5035/1593
f 4577/5044/1671 4579/5042/1672 4580/5051/1604 4578/5053/1606
f 4579/5042/1672 4582/4799/1668 4581/4816/1374 4580/5051/1604
f 4338/5025/1583 4583/5024/1582 4584/5039/1597 4336/5038/1666
f 4583/5024/1582 4585/5062/1615 4586/5047/1600 4584/5039/1597
f 4585/5062/1615 4587/5060/1613 4588/5045/1673 4586/5047/1600
f 4587/5060/1613 4589/5058/1611 4590/5043/1674 4588/5045/1673
f 4589/5058/1611 4592/4811/1371 4591/4800/1670 4590/5043/1674
f 4299/4789/1352 4593/4788/1351 4594/4751/1315 4297/4750/1314
f 4593/4788/1351 4595/5099/1651 4596/5040/1675 4594/4751/1315
f 4595/5099/1651 4597/5101/1653 4598/5068/1621 4596/5040/1675
f 4597/5101/1653 4599/5103/1655 4600/5070/1623 4598/5068/1621
f 4599/5103/1655 4602/5067/1620 4601/4782/1345 4600/5070/1623
f 4308/5088/1640 4603/5073/1626 4604/4785/1348 4306/4784/1347
f 4603/5073/1626 4605/5072/1625 4606/5071/1624 4604/4785/1348
f 4605/5072/1625 4607/5092/1644 4608/5069/1622 4606/5071/1624
f 4607/5092/1644 4609/5090/1642 4610/5041/1676 4608/5069/1622
f 4609/5090/1642 4612/4791/1354 4611/4752/1316 4610/5041/1676
f 4320/5256/1630 4613/5257/1629 4614/5074/1627 4318/5089/1641
f 4613/5257/1629 4615/5258/1638 4616/5075/1628 4614/5074/1627
f 4615/5258/1638 4617/5259/1636 4618/5093/1645 4616/5075/1628
f 4617/5259/1636 4619/5260/1634 4620/5091/1643 4618/5093/1645
f 4619/5260/1634 4622/5184/1338 4621/4792/1355 4620/5091/1643
f 4314/5065/1618 4623/5064/1617 4624/5261/1632 4312/5262/1631
f 4623/5064/1617 4625/5102/1654 4626/5263/1639 4624/5261/1632
f 4625/5102/1654 4627/5100/1652 4628/5264/1637 4626/5263/1639
f 4627/5100/1652 4629/5098/1650 4630/5265/1635 4628/5264/1637
f 4629/5098/1650 4632/4787/1350 4631/5189/1339 4630/5265/1635
f 4293/5266/1608 4633/5267/1664 4634/5081/1332 4291/5105/1657
f 4633/5267/1664 4636/5180/1664 4635/4769/1332 4634/5081/1332
f 4282/4759/1322 4637/4758/1321 4638/4768/1331 4283/4767/1330
f 4637/4758/1321 4640/5110/1660 4639/5080/1633 4638/4768/1331
f 4273/5268/1610 4641/5269/1665 4642/4746/1310 4274/4749/1313
f 4641/5269/1665 4644/5182/1665 4643/4757/1310 4642/4746/1310
f 4288/5113/1663 4645/5111/1661 4646/4756/1320 4289/4755/1319
f 4645/5111/1661 4648/4761/1324 4647/4747/1311 4646/4756/1320
f 4279/5270/1607 4636/5118/1664 4641/5119/1665 4273/5271/1610
f 5152/5272/1677 5157/5273/1678 4652/5274/1679 4650/5275/1680
f 5137/5276/1681 4658/5277/1682 4653/5278/1683 5156/5279/1684
f 5136/5280/1685 5141/5281/1686 4672/5282/1687 4668/5283/1688
f 5215/5284/1689 4689/5285/1690 4676/5286/1691 5194/5287/1692
f 5207/5288/1693 4695/5289/1694 4690/5290/1695 5222/5291/1696
f 5195/5292/1697 4678/5293/1698 4684/5294/1699 5206/5295/1700
f 5199/5296/1701 4683/5297/1702 4696/5298/1703 5214/5299/1704
f 5247/5300/1705 4713/5301/1706 4700/5302/1707 5226/5303/1708
f 5239/5304/1709 4719/5305/1710 4714/5306/1711 5254/5307/1712
f 4721/5308/1713 4927/5309/1714 4921/5310/1715 4728/5311/1716
f 5227/5312/1717 4702/5313/1718 4708/5314/1719 5238/5315/1720
f 5231/5316/1721 4707/5317/1722 4720/5318/1723 5246/5319/1724
f 4741/5320/1725 4924/5321/1726 4925/5322/1727 4734/5323/1728
f 4927/5309/1714 4746/5324/1729 4788/5325/1730 4921/5310/1715
f 4833/5326/1731 4726/5327/1732 4730/5328/1733 4835/5329/1734
f 4735/5330/1735 4926/5331/1736 4928/5332/1737 4723/5333/1738
f 4729/5334/1739 4922/5335/1740 4923/5336/1741 4740/5337/1742
f 4831/5338/1743 4920/5339/1744 4914/5340/1745 4745/5341/1746
f 4829/5342/1747 4912/5343/1748 4906/5344/1749 4747/5345/1750
f 4827/5346/1751 4904/5347/1752 4898/5348/1753 4749/5349/1754
f 4825/5350/1755 4896/5351/1756 4890/5352/1757 4751/5353/1758
f 4823/5354/1759 4888/5355/1760 4882/5356/1761 4753/5357/1762
f 4821/5358/1763 4880/5359/1764 4874/5360/1765 4755/5361/1766
f 4819/5362/1767 4872/5363/1768 4866/5364/1769 4757/5365/1770
f 4817/5366/1771 4864/5367/1772 4858/5368/1773 4759/5369/1774
f 4815/5370/1775 4856/5371/1776 4850/5372/1777 4761/5373/1778
f 4813/5374/1779 4848/5375/1780 4842/5376/1781 4763/5377/1782
f 4811/5378/1783 4840/5379/1784 4834/5380/1785 4765/5381/1786
f 5097/5382/1787 4947/5383/1788 4941/5384/1789 5116/5385/1790
f 4809/5386/1791 4918/5387/1792 4919/5388/1793 4832/5389/1794
f 4807/5390/1795 4910/5391/1796 4911/5392/1797 4830/5393/1798
f 4805/5394/1799 4902/5395/1800 4903/5396/1801 4828/5397/1802
f 4803/5398/1803 4894/5399/1804 4895/5400/1805 4826/5401/1806
f 4801/5402/1807 4886/5403/1808 4887/5404/1809 4824/5405/1810
f 4799/5406/1811 4878/5407/1812 4879/5408/1813 4822/5409/1814
f 4797/5410/1815 4870/5411/1816 4871/5412/1817 4820/5413/1818
f 4795/5414/1819 4862/5415/1820 4863/5416/1821 4818/5417/1822
f 4793/5418/1823 4854/5419/1824 4855/5420/1825 4816/5421/1826
f 4791/5422/1827 4846/5423/1828 4847/5424/1829 4814/5425/1830
f 4789/5426/1831 4838/5427/1832 4839/5428/1833 4812/5429/1834
f 4787/5430/1835 4916/5431/1836 4917/5432/1837 4810/5433/1838
f 4785/5434/1839 4908/5435/1840 4909/5436/1841 4808/5437/1842
f 4783/5438/1843 4900/5439/1844 4901/5440/1845 4806/5441/1846
f 4781/5442/1847 4892/5443/1848 4893/5444/1849 4804/5445/1850
f 4779/5446/1851 4884/5447/1852 4885/5448/1853 4802/5449/1854
f 4777/5450/1855 4876/5451/1856 4877/5452/1857 4800/5453/1858
f 4775/5454/1859 4868/5455/1860 4869/5456/1861 4798/5457/1862
f 4773/5458/1863 4860/5459/1864 4861/5460/1865 4796/5461/1866
f 4771/5462/1867 4852/5463/1868 4853/5464/1869 4794/5465/1870
f 4769/5466/1871 4844/5467/1872 4845/5468/1873 4792/5469/1874
f 4746/5324/1729 4913/5470/1875 4915/5471/1876 4788/5325/1730
f 4748/5472/1877 4905/5473/1878 4907/5474/1879 4786/5475/1880
f 4750/5476/1881 4897/5477/1882 4899/5478/1883 4784/5479/1884
f 4752/5480/1885 4889/5481/1886 4891/5482/1887 4782/5483/1888
f 4754/5484/1889 4881/5485/1890 4883/5486/1891 4780/5487/1892
f 4756/5488/1893 4873/5489/1894 4875/5490/1895 4778/5491/1896
f 4758/5492/1897 4865/5493/1898 4867/5494/1899 4776/5495/1900
f 4760/5496/1901 4857/5497/1902 4859/5498/1903 4774/5499/1904
f 4762/5500/1905 4849/5501/1906 4851/5502/1907 4772/5503/1908
f 4764/5504/1909 4841/5505/1910 4843/5506/1911 4770/5507/1912
f 4766/5508/1913 4833/5326/1731 4835/5329/1734 4768/5509/1914
f 4767/5510/1915 4836/5511/1916 4837/5512/1917 4790/5513/1918
f 4846/5423/1828 4789/5426/1831 4812/5429/1834 4847/5424/1829
f 4844/5467/1872 4767/5510/1915 4790/5513/1918 4845/5468/1873
f 4848/5375/1780 4811/5378/1783 4765/5381/1786 4842/5376/1781
f 4856/5371/1776 4813/5374/1779 4763/5377/1782 4850/5372/1777
f 4852/5463/1868 4769/5466/1871 4792/5469/1874 4853/5464/1869
f 4854/5419/1824 4791/5422/1827 4814/5425/1830 4855/5420/1825
f 4841/5505/1910 4766/5508/1913 4768/5509/1914 4843/5506/1911
f 4864/5367/1772 4815/5370/1775 4761/5373/1778 4858/5368/1773
f 4860/5459/1864 4771/5462/1867 4794/5465/1870 4861/5460/1865
f 4862/5415/1820 4793/5418/1823 4816/5421/1826 4863/5416/1821
f 4849/5501/1906 4764/5504/1909 4770/5507/1912 4851/5502/1907
f 4872/5363/1768 4817/5366/1771 4759/5369/1774 4866/5364/1769
f 4868/5455/1860 4773/5458/1863 4796/5461/1866 4869/5456/1861
f 4870/5411/1816 4795/5414/1819 4818/5417/1822 4871/5412/1817
f 4857/5497/1902 4762/5500/1905 4772/5503/1908 4859/5498/1903
f 4880/5359/1764 4819/5362/1767 4757/5365/1770 4874/5360/1765
f 4876/5451/1856 4775/5454/1859 4798/5457/1862 4877/5452/1857
f 4878/5407/1812 4797/5410/1815 4820/5413/1818 4879/5408/1813
f 4865/5493/1898 4760/5496/1901 4774/5499/1904 4867/5494/1899
f 4888/5355/1760 4821/5358/1763 4755/5361/1766 4882/5356/1761
f 4884/5447/1852 4777/5450/1855 4800/5453/1858 4885/5448/1853
f 4886/5403/1808 4799/5406/1811 4822/5409/1814 4887/5404/1809
f 4873/5489/1894 4758/5492/1897 4776/5495/1900 4875/5490/1895
f 4896/5351/1756 4823/5354/1759 4753/5357/1762 4890/5352/1757
f 4892/5443/1848 4779/5446/1851 4802/5449/1854 4893/5444/1849
f 4894/5399/1804 4801/5402/1807 4824/5405/1810 4895/5400/1805
f 4881/5485/1890 4756/5488/1893 4778/5491/1896 4883/5486/1891
f 4904/5347/1752 4825/5350/1755 4751/5353/1758 4898/5348/1753
f 4900/5439/1844 4781/5442/1847 4804/5445/1850 4901/5440/1845
f 4902/5395/1800 4803/5398/1803 4826/5401/1806 4903/5396/1801
f 4889/5481/1886 4754/5484/1889 4780/5487/1892 4891/5482/1887
f 4912/5343/1748 4827/5346/1751 4749/5349/1754 4906/5344/1749
f 4908/5435/1840 4783/5438/1843 4806/5441/1846 4909/5436/1841
f 4910/5391/1796 4805/5394/1799 4828/5397/1802 4911/5392/1797
f 4897/5477/1882 4752/5480/1885 4782/5483/1888 4899/5478/1883
f 4920/5339/1744 4829/5342/1747 4747/5345/1750 4914/5340/1745
f 4916/5431/1836 4785/5434/1839 4808/5437/1842 4917/5432/1837
f 4918/5387/1792 4807/5390/1795 4830/5393/1798 4919/5388/1793
f 4905/5473/1878 4750/5476/1881 4784/5479/1884 4907/5474/1879
f 4926/5331/1736 4831/5338/1743 4745/5341/1746 4928/5332/1737
f 4922/5335/1740 4787/5430/1835 4810/5433/1838 4923/5336/1741
f 4924/5321/1726 4809/5386/1791 4832/5389/1794 4925/5322/1727
f 4913/5470/1875 4748/5472/1877 4786/5475/1880 4915/5471/1876
f 4836/5511/1916 4732/5514/1919 4742/5515/1920 4837/5512/1917
f 4838/5427/1832 4744/5516/1921 4736/5517/1922 4839/5428/1833
f 4840/5379/1784 4738/5518/1923 4724/5519/1924 4834/5380/1785
f 5120/5520/1925 5125/5521/1926 4932/5522/1927 4930/5523/1928
f 5065/5524/1929 4971/5525/1930 4965/5526/1931 5084/5527/1932
f 5105/5528/1933 4938/5529/1934 4933/5530/1935 5124/5531/1936
f 5104/5532/1937 5109/5533/1938 4952/5534/1939 4948/5535/1940
f 5088/5536/1941 5093/5537/1942 4956/5538/1943 4954/5539/1944
f 5033/5540/1945 4995/5541/1946 4989/5542/1947 5052/5543/1948
f 5073/5544/1949 4962/5545/1950 4957/5546/1951 5092/5547/1952
f 5072/5548/1953 5077/5549/1954 4976/5550/1955 4972/5551/1956
f 5056/5552/1957 5061/5553/1958 4980/5554/1959 4978/5555/1960
f 5041/5556/1961 4986/5557/1962 4981/5558/1963 5060/5559/1964
f 5040/5560/1965 5045/5561/1966 5000/5562/1967 4996/5563/1968
f 5167/5564/1969 5010/5565/1969 5005/5566/1969 5181/5567/1969
f 5178/5568/1970 5187/5569/86 5023/5570/1971 5003/5571/1972
f 5166/5572/1973 5190/5573/1974 5027/5574/1975 5016/5575/1976
f 5187/5569/86 5182/5576/1977 5004/5577/1978 5023/5570/1971
f 5190/5573/1974 5170/5578/1979 5018/5579/1980 5027/5574/1975
f 5161/5580/1981 5017/5581/1981 5012/5582/1981 5175/5583/1981
f 4649/5584/1982 4650/5275/1680 4651/5585/1983
f 4652/5586/1679 4653/5278/1683 4654/5587/1984
f 4655/5588/1985 4656/5589/1986 4657/5590/1987
f 4658/5277/1682 4659/5591/1988 4660/5592/1989
f 4661/5593/1990 4662/5594/1991 4663/5595/1992
f 4664/5596/1993 4665/5597/1994 4666/5598/1995
f 4667/5599/1996 4668/5283/1688 4669/5600/1997
f 4670/5601/1998 4671/5602/1999 4672/5282/1687
f 4673/5603/2000 4674/5604/2001 4675/5605/2002
f 4676/5286/1691 4677/5606/2003 4678/5293/1698
f 4679/5607/2004 4680/5608/2005 4681/5609/2006
f 4682/5610/2007 4683/5297/1702 4684/5294/1699
f 4685/5611/2008 4686/5612/2009 4687/5613/2010
f 4688/5614/2011 4689/5285/1690 4690/5615/1695
f 4691/5616/2012 4692/5617/2013 4693/5618/2014
f 4694/5619/2015 4695/5289/1694 4696/5298/1703
f 4697/5620/2016 4698/5621/2017 4699/5622/2018
f 4700/5302/1707 4701/5623/2019 4702/5624/1718
f 4703/5625/2020 4704/5626/2021 4705/5627/2022
f 4706/5628/2023 4707/5317/1722 4708/5314/1719
f 4709/5629/2024 4710/5630/2025 4711/5631/2026
f 4712/5632/2011 4713/5301/1706 4714/5306/1711
f 4715/5633/2027 4716/5634/2028 4717/5635/2029
f 4718/5636/2015 4719/5305/1710 4720/5318/1723
f 4721/5308/1713 4722/5637/2030 4723/5638/1738
f 4724/5639/1924 4725/5640/2031 4726/5327/1732
f 4727/5641/2032 4728/5311/1716 4729/5642/1739
f 4730/5328/1733 4731/5643/2033 4732/5644/1919
f 4733/5645/2034 4734/5323/1728 4735/5330/1735
f 4736/5517/1922 4737/5646/2035 4738/5518/1923
f 4739/5647/2036 4740/5337/1742 4741/5320/1725
f 4742/5515/1920 4743/5648/2037 4744/5516/1921
f 4929/5649/2038 4930/5523/1928 4931/5650/2039
f 4932/5651/1927 4933/5530/1935 4934/5652/2040
f 4935/5653/2041 4936/5654/2042 4937/5655/2043
f 4938/5529/1934 4939/5656/2044 4940/5657/2045
f 4941/5384/1789 4942/5658/2046 4943/5659/2047
f 4944/5660/2048 4945/5661/2049 4946/5662/2050
f 4947/5383/1788 4948/5535/1940 4949/5663/2051
f 4950/5664/2052 4951/5665/2053 4952/5534/1939
f 4953/5666/2054 4954/5539/1944 4955/5667/2055
f 4956/5668/1943 4957/5546/1951 4958/5669/2056
f 4959/5670/2057 4960/5671/2058 4961/5672/2059
f 4962/5545/1950 4963/5673/2060 4964/5674/2061
f 4965/5526/1931 4966/5675/2062 4967/5676/2063
f 4968/5677/2064 4969/5678/2065 4970/5679/2066
f 4971/5525/1930 4972/5551/1956 4973/5680/2067
f 4974/5681/2068 4975/5682/2069 4976/5550/1955
f 4977/5683/2070 4978/5555/1960 4979/5684/2039
f 4980/5685/1959 4981/5558/1963 4982/5686/2071
f 4983/5687/2072 4984/5688/2042 4985/5689/1329
f 4986/5557/1962 4987/5690/2073 4988/5691/2045
f 4989/5542/1947 4990/5692/2074 4991/5693/2075
f 4992/5694/2076 4993/5695/2077 4994/5696/2078
f 4995/5541/1946 4996/5563/1968 4997/5697/2079
f 4998/5698/2080 4999/5699/2081 5000/5562/1967
f 5001/5700/2082 5002/5701/2083 5003/5571/1972
f 5006/5702/2084 5007/5703/2085 5008/5704/2086
f 5013/5705/2087 5014/5706/2088 5015/5707/2089
f 5018/5579/1980 5019/5708/2090 5020/5709/2091
f 5021/5710/2092 5022/5711/2093 5023/5570/1971
f 5024/5712/2094 5025/5713/2095 5026/5714/2096
f 5027/5574/1975 5028/5715/2097 5029/5716/2098
f 5030/5717/2099 5031/5718/2100 5032/5719/2101
f 4655/5588/1985 4649/5584/1982 4651/5585/1983 4656/5589/1986
f 4650/5275/1680 4652/5274/1679 4654/5720/1984 4651/5585/1983
f 4653/5278/1683 4658/5277/1682 4660/5592/1989 4654/5587/1984
f 4659/5591/1988 4657/5590/1987 4656/5589/1986 4660/5592/1989
f 5132/5721/2102 4655/5588/1985 4657/5590/1987 5133/5722/2103
f 5140/5723/2104 4670/5601/1998 4672/5282/1687 5141/5281/1686
f 4671/5602/1999 4669/5600/1997 4668/5283/1688 4672/5282/1687
f 4661/5593/1990 4667/5599/1996 4669/5600/1997 4662/5594/1991
f 4670/5601/1998 4664/5596/1993 4666/5598/1995 4671/5602/1999
f 4665/5724/1994 4663/5595/1992 4662/5594/1991 4666/5725/1995
f 5148/5726/2105 4661/5593/1990 4663/5595/1992 5149/5727/2106
f 5156/5279/1684 4653/5278/1683 4652/5586/1679 5157/5728/1678
f 4679/5607/2004 4673/5603/2000 4675/5605/2002 4680/5608/2005
f 5194/5287/1692 4676/5286/1691 4678/5293/1698 5195/5292/1697
f 4677/5606/2003 4682/5610/2007 4684/5294/1699 4678/5293/1698
f 5202/5729/2107 4681/5609/2006 4680/5608/2005 5203/5730/2108
f 4691/5616/2012 4679/5607/2004 4681/5609/2006 4692/5617/2013
f 4682/5610/2007 4694/5619/2015 4696/5298/1703 4683/5297/1702
f 5210/5731/2109 4693/5618/2014 4692/5617/2013 5211/5732/2110
f 4685/5733/2008 4691/5616/2012 4693/5618/2014 4686/5734/2009
f 4694/5619/2015 4688/5735/2011 4690/5290/1695 4695/5289/1694
f 5218/5736/2111 4687/5613/2010 4686/5612/2009 5219/5737/2112
f 4673/5603/2000 4685/5611/2008 4687/5613/2010 4674/5604/2001
f 4688/5614/2011 4677/5606/2003 4676/5286/1691 4689/5285/1690
f 4703/5625/2020 4697/5738/2016 4699/5739/2018 4704/5626/2021
f 5226/5303/1708 4700/5302/1707 4702/5624/1718 5227/5740/1717
f 4701/5741/2019 4706/5628/2023 4708/5314/1719 4702/5313/1718
f 5234/5742/2113 4705/5627/2022 4704/5626/2021 5235/5743/2114
f 4715/5633/2027 4703/5625/2020 4705/5627/2022 4716/5634/2028
f 4706/5628/2023 4718/5636/2015 4720/5318/1723 4707/5317/1722
f 5242/5744/2115 4717/5635/2029 4716/5634/2028 5243/5745/2116
f 4709/5629/2024 4715/5633/2027 4717/5635/2029 4710/5630/2025
f 4718/5636/2015 4712/5632/2011 4714/5306/1711 4719/5305/1710
f 5250/5746/2117 4711/5631/2026 4710/5630/2025 5251/5747/2118
f 4697/5620/2016 4709/5629/2024 4711/5631/2026 4698/5621/2017
f 4712/5632/2011 4701/5623/2019 4700/5302/1707 4713/5301/1706
f 4727/5641/2032 4722/5637/2030 4721/5308/1713 4728/5311/1716
f 4834/5748/1785 4724/5639/1924 4726/5327/1732 4833/5326/1731
f 4725/5640/2031 4731/5643/2033 4730/5328/1733 4726/5327/1732
f 4922/5749/1740 4729/5642/1739 4728/5311/1716 4921/5310/1715
f 4739/5647/2036 4727/5750/2032 4729/5334/1739 4740/5337/1742
f 4731/5751/2033 4743/5648/2037 4742/5515/1920 4732/5514/1919
f 4924/5321/1726 4741/5320/1725 4740/5337/1742 4923/5336/1741
f 4733/5645/2034 4739/5647/2036 4741/5320/1725 4734/5323/1728
f 4743/5648/2037 4737/5646/2035 4736/5517/1922 4744/5516/1921
f 4926/5331/1736 4735/5330/1735 4734/5323/1728 4925/5322/1727
f 4722/5752/2030 4733/5645/2034 4735/5330/1735 4723/5333/1738
f 4737/5646/2035 4725/5753/2031 4724/5519/1924 4738/5518/1923
f 4928/5754/1737 4745/5755/1746 4746/5324/1729 4927/5309/1714
f 4914/5756/1745 4747/5757/1750 4748/5472/1877 4913/5470/1875
f 4906/5758/1749 4749/5759/1754 4750/5476/1881 4905/5473/1878
f 4898/5760/1753 4751/5761/1758 4752/5480/1885 4897/5477/1882
f 4890/5762/1757 4753/5763/1762 4754/5484/1889 4889/5481/1886
f 4882/5764/1761 4755/5765/1766 4756/5488/1893 4881/5485/1890
f 4874/5766/1765 4757/5767/1770 4758/5492/1897 4873/5489/1894
f 4866/5768/1769 4759/5769/1774 4760/5496/1901 4865/5493/1898
f 4858/5770/1773 4761/5771/1778 4762/5500/1905 4857/5497/1902
f 4850/5772/1777 4763/5773/1782 4764/5504/1909 4849/5501/1906
f 4842/5774/1781 4765/5775/1786 4766/5508/1913 4841/5505/1910
f 4836/5776/1916 4767/5777/1915 4768/5509/1914 4835/5329/1734
f 4844/5778/1872 4769/5779/1871 4770/5507/1912 4843/5506/1911
f 4852/5780/1868 4771/5781/1867 4772/5503/1908 4851/5502/1907
f 4860/5782/1864 4773/5783/1863 4774/5499/1904 4859/5498/1903
f 4868/5784/1860 4775/5785/1859 4776/5495/1900 4867/5494/1899
f 4876/5786/1856 4777/5787/1855 4778/5491/1896 4875/5490/1895
f 4884/5788/1852 4779/5789/1851 4780/5487/1892 4883/5486/1891
f 4892/5790/1848 4781/5791/1847 4782/5483/1888 4891/5482/1887
f 4900/5792/1844 4783/5793/1843 4784/5479/1884 4899/5478/1883
f 4908/5794/1840 4785/5795/1839 4786/5475/1880 4907/5474/1879
f 4916/5796/1836 4787/5797/1835 4788/5325/1730 4915/5471/1876
f 4838/5427/1832 4789/5426/1831 4790/5513/1918 4837/5512/1917
f 4846/5423/1828 4791/5422/1827 4792/5469/1874 4845/5468/1873
f 4854/5419/1824 4793/5418/1823 4794/5465/1870 4853/5464/1869
f 4862/5415/1820 4795/5414/1819 4796/5461/1866 4861/5460/1865
f 4870/5411/1816 4797/5410/1815 4798/5457/1862 4869/5456/1861
f 4878/5407/1812 4799/5406/1811 4800/5453/1858 4877/5452/1857
f 4886/5403/1808 4801/5402/1807 4802/5449/1854 4885/5448/1853
f 4894/5399/1804 4803/5398/1803 4804/5445/1850 4893/5444/1849
f 4902/5395/1800 4805/5394/1799 4806/5441/1846 4901/5440/1845
f 4910/5391/1796 4807/5390/1795 4808/5437/1842 4909/5436/1841
f 4918/5387/1792 4809/5386/1791 4810/5433/1838 4917/5432/1837
f 4840/5379/1784 4811/5378/1783 4812/5429/1834 4839/5428/1833
f 4848/5375/1780 4813/5374/1779 4814/5425/1830 4847/5424/1829
f 4856/5371/1776 4815/5370/1775 4816/5421/1826 4855/5420/1825
f 4864/5367/1772 4817/5366/1771 4818/5417/1822 4863/5416/1821
f 4872/5363/1768 4819/5362/1767 4820/5413/1818 4871/5412/1817
f 4880/5359/1764 4821/5358/1763 4822/5409/1814 4879/5408/1813
f 4888/5355/1760 4823/5354/1759 4824/5405/1810 4887/5404/1809
f 4896/5351/1756 4825/5350/1755 4826/5401/1806 4895/5400/1805
f 4904/5347/1752 4827/5346/1751 4828/5397/1802 4903/5396/1801
f 4912/5343/1748 4829/5342/1747 4830/5393/1798 4911/5392/1797
f 4920/5339/1744 4831/5338/1743 4832/5389/1794 4919/5388/1793
f 4765/5775/1786 4834/5748/1785 4833/5326/1731 4766/5508/1913
f 4732/5644/1919 4836/5776/1916 4835/5329/1734 4730/5328/1733
f 4744/5516/1921 4838/5427/1832 4837/5512/1917 4742/5515/1920
f 4738/5518/1923 4840/5379/1784 4839/5428/1833 4736/5517/1922
f 4763/5773/1782 4842/5774/1781 4841/5505/1910 4764/5504/1909
f 4767/5777/1915 4844/5778/1872 4843/5506/1911 4768/5509/1914
f 4789/5426/1831 4846/5423/1828 4845/5468/1873 4790/5513/1918
f 4811/5378/1783 4848/5375/1780 4847/5424/1829 4812/5429/1834
f 4761/5771/1778 4850/5772/1777 4849/5501/1906 4762/5500/1905
f 4769/5779/1871 4852/5780/1868 4851/5502/1907 4770/5507/1912
f 4791/5422/1827 4854/5419/1824 4853/5464/1869 4792/5469/1874
f 4813/5374/1779 4856/5371/1776 4855/5420/1825 4814/5425/1830
f 4759/5769/1774 4858/5770/1773 4857/5497/1902 4760/5496/1901
f 4771/5781/1867 4860/5782/1864 4859/5498/1903 4772/5503/1908
f 4793/5418/1823 4862/5415/1820 4861/5460/1865 4794/5465/1870
f 4815/5370/1775 4864/5367/1772 4863/5416/1821 4816/5421/1826
f 4757/5767/1770 4866/5768/1769 4865/5493/1898 4758/5492/1897
f 4773/5783/1863 4868/5784/1860 4867/5494/1899 4774/5499/1904
f 4795/5414/1819 4870/5411/1816 4869/5456/1861 4796/5461/1866
f 4817/5366/1771 4872/5363/1768 4871/5412/1817 4818/5417/1822
f 4755/5765/1766 4874/5766/1765 4873/5489/1894 4756/5488/1893
f 4775/5785/1859 4876/5786/1856 4875/5490/1895 4776/5495/1900
f 4797/5410/1815 4878/5407/1812 4877/5452/1857 4798/5457/1862
f 4819/5362/1767 4880/5359/1764 4879/5408/1813 4820/5413/1818
f 4753/5763/1762 4882/5764/1761 4881/5485/1890 4754/5484/1889
f 4777/5787/1855 4884/5788/1852 4883/5486/1891 4778/5491/1896
f 4799/5406/1811 4886/5403/1808 4885/5448/1853 4800/5453/1858
f 4821/5358/1763 4888/5355/1760 4887/5404/1809 4822/5409/1814
f 4751/5761/1758 4890/5762/1757 4889/5481/1886 4752/5480/1885
f 4779/5789/1851 4892/5790/1848 4891/5482/1887 4780/5487/1892
f 4801/5402/1807 4894/5399/1804 4893/5444/1849 4802/5449/1854
f 4823/5354/1759 4896/5351/1756 4895/5400/1805 4824/5405/1810
f 4749/5759/1754 4898/5760/1753 4897/5477/1882 4750/5476/1881
f 4781/5791/1847 4900/5792/1844 4899/5478/1883 4782/5483/1888
f 4803/5398/1803 4902/5395/1800 4901/5440/1845 4804/5445/1850
f 4825/5350/1755 4904/5347/1752 4903/5396/1801 4826/5401/1806
f 4747/5757/1750 4906/5758/1749 4905/5473/1878 4748/5472/1877
f 4783/5793/1843 4908/5794/1840 4907/5474/1879 4784/5479/1884
f 4805/5394/1799 4910/5391/1796 4909/5436/1841 4806/5441/1846
f 4827/5346/1751 4912/5343/1748 4911/5392/1797 4828/5397/1802
f 4745/5755/1746 4914/5756/1745 4913/5470/1875 4746/5324/1729
f 4785/5795/1839 4916/5796/1836 4915/5471/1876 4786/5475/1880
f 4807/5390/1795 4918/5387/1792 4917/5432/1837 4808/5437/1842
f 4829/5342/1747 4920/5339/1744 4919/5388/1793 4830/5393/1798
f 4787/5797/1835 4922/5749/1740 4921/5310/1715 4788/5325/1730
f 4809/5386/1791 4924/5321/1726 4923/5336/1741 4810/5433/1838
f 4831/5338/1743 4926/5331/1736 4925/5322/1727 4832/5389/1794
f 4723/5638/1738 4928/5754/1737 4927/5309/1714 4721/5308/1713
f 4935/5653/2041 4929/5649/2038 4931/5650/2039 4936/5654/2042
f 4930/5523/1928 4932/5522/1927 4934/5798/2040 4931/5650/2039
f 4933/5530/1935 4938/5529/1934 4940/5657/2045 4934/5652/2119
f 4939/5656/2044 4937/5655/2043 4936/5654/2042 4940/5657/2045
f 5100/5799/2120 4935/5653/2041 4937/5655/2043 5101/5800/2121
f 5108/5801/2122 4950/5664/2052 4952/5534/1939 5109/5533/1938
f 4951/5665/2053 4949/5663/2051 4948/5535/1940 4952/5534/1939
f 4941/5384/1789 4947/5383/1788 4949/5663/2051 4942/5658/2046
f 4950/5664/2052 4944/5660/2048 4946/5662/2050 4951/5665/2053
f 4945/5802/2049 4943/5659/2047 4942/5658/2046 4946/5803/2050
f 5116/5385/1790 4941/5384/1789 4943/5659/2047 5117/5804/2123
f 5124/5531/1936 4933/5530/1935 4932/5651/1927 5125/5805/1926
f 4959/5670/2057 4953/5666/2054 4955/5667/2055 4960/5671/2058
f 4954/5539/1944 4956/5538/1943 4958/5806/2056 4955/5667/2055
f 4957/5546/1951 4962/5545/1950 4964/5674/2061 4958/5669/2056
f 4963/5673/2060 4961/5672/2059 4960/5671/2058 4964/5674/2061
f 5068/5807/2124 4959/5670/2057 4961/5672/2059 5069/5808/2125
f 5076/5809/2126 4974/5681/2068 4976/5550/1955 5077/5549/1954
f 4975/5682/2069 4973/5680/2127 4972/5551/1956 4976/5550/1955
f 4965/5526/1931 4971/5525/1930 4973/5680/2128 4966/5675/2128
f 4974/5681/2068 4968/5677/2129 4970/5679/2130 4975/5682/2069
f 4969/5810/2065 4967/5676/2063 4966/5675/2062 4970/5811/2131
f 5084/5527/1932 4965/5526/1931 4967/5676/2063 5085/5812/2132
f 5092/5547/1952 4957/5546/1951 4956/5668/1943 5093/5813/1942
f 4983/5687/2072 4977/5683/2070 4979/5684/2039 4984/5688/2042
f 4978/5555/1960 4980/5554/1959 4982/5814/2071 4979/5684/2039
f 4981/5558/1963 4986/5557/1962 4988/5691/2045 4982/5686/2071
f 4987/5690/2073 4985/5689/1329 4984/5688/2042 4988/5691/2045
f 5036/5815/2133 4983/5687/2072 4985/5689/1329 5037/5816/1332
f 5044/5817/2134 4998/5698/2080 5000/5562/1967 5045/5561/1966
f 4999/5699/2081 4997/5697/2079 4996/5563/1968 5000/5562/1967
f 4989/5542/1947 4995/5541/1946 4997/5697/2079 4990/5692/2074
f 4998/5698/2080 4992/5694/2076 4994/5696/2078 4999/5699/2081
f 4993/5818/2077 4991/5693/2075 4990/5692/2074 4994/5819/2078
f 5052/5543/1948 4989/5542/1947 4991/5693/2075 5053/5820/2135
f 5060/5559/1964 4981/5558/1963 4980/5685/1959 5061/5821/1958
f 5006/5702/2084 5002/5701/2083 5001/5700/2082 5007/5703/2085
f 5023/5570/1971 5004/5577/1978 5005/5822/2136 5021/5710/2092
f 5026/5714/2096 5008/5704/2086 5007/5703/2085 5024/5712/2094
f 5163/5823/2137 5006/5702/2084 5008/5704/2086 5164/5824/2138
f 5169/5825/2139 5019/5708/2090 5018/5579/1980 5170/5578/1979
f 5029/5716/2098 5017/5581/2140 5016/5575/1976 5027/5574/1975
f 5019/5708/2090 5014/5826/2088 5013/5827/2087 5020/5709/2091
f 5032/5719/2101 5011/5828/2141 5012/5582/2142 5030/5717/2099
f 5175/5583/2143 5012/5582/2142 5011/5828/2141 5176/5829/2144
f 5181/5830/2145 5005/5822/2136 5004/5577/1978 5182/5576/1977
f 5003/5571/1972 5023/5570/1971 5022/5711/2093 5001/5700/2082
f 5009/5831/2146 5026/5714/2096 5025/5713/2095 5010/5565/2147
f 5020/5709/2091 5028/5715/2097 5027/5574/1975 5018/5579/1980
f 5015/5707/2089 5032/5719/2101 5031/5718/2100 5013/5705/2087
f 5129/5832/2148 4667/5599/1996 4661/5593/1990 5148/5726/2105
f 4992/5694/2076 5057/5833/2149 5064/5834/2150 4993/5695/2077
f 5057/5833/2149 5058/5835/2151 5063/5836/2152 5064/5834/2150
f 5058/5835/2151 5059/5837/2153 5062/5838/2154 5063/5836/2152
f 5059/5837/2153 5060/5559/1964 5061/5821/1958 5062/5838/2154
f 4977/5683/2070 5049/5839/2155 5056/5552/1957 4978/5555/1960
f 5049/5839/2155 5050/5840/2156 5055/5841/2157 5056/5552/1957
f 5050/5840/2156 5051/5842/2158 5054/5843/2159 5055/5841/2157
f 5051/5842/2158 5052/5543/1948 5053/5820/2135 5054/5843/2159
f 4986/5557/1962 5041/5556/1961 5048/5844/2160 4987/5690/2073
f 5041/5556/1961 5042/5845/2161 5047/5846/2162 5048/5844/2160
f 5042/5845/2161 5043/5847/2163 5046/5848/2164 5047/5846/2162
f 5043/5847/2163 5044/5817/2134 5045/5561/1966 5046/5848/2164
f 4995/5541/1946 5033/5540/1945 5040/5560/1965 4996/5563/1968
f 5033/5540/1945 5034/5849/2165 5039/5850/1332 5040/5560/1965
f 5034/5849/2165 5035/5851/2166 5038/5852/1332 5039/5850/1332
f 5035/5851/2166 5036/5815/2133 5037/5816/1332 5038/5852/1332
f 4985/5689/1329 4987/5690/2073 5048/5844/2160 5037/5816/1332
f 5037/5816/1332 5048/5844/2160 5047/5846/2162 5038/5852/1332
f 5038/5852/1332 5047/5846/2162 5046/5848/2164 5039/5850/1332
f 5039/5850/1332 5046/5848/2164 5045/5561/1966 5040/5560/1965
f 4998/5698/2080 5044/5817/2134 5057/5833/2149 4992/5694/2076
f 5044/5817/2134 5043/5847/2163 5058/5835/2151 5057/5833/2149
f 5043/5847/2163 5042/5845/2161 5059/5837/2153 5058/5835/2151
f 5042/5845/2161 5041/5556/1961 5060/5559/1964 5059/5837/2153
f 4991/5693/2075 4993/5818/2077 5064/5853/2150 5053/5820/2135
f 5053/5820/2135 5064/5853/2150 5063/5854/2152 5054/5843/2159
f 5054/5843/2159 5063/5854/2152 5062/5855/2154 5055/5841/2157
f 5055/5841/2157 5062/5855/2154 5061/5553/1958 5056/5552/1957
f 4983/5687/2072 5036/5815/2133 5049/5839/2167 4977/5683/2070
f 5036/5815/2133 5035/5851/2166 5050/5840/2156 5049/5839/2167
f 5035/5851/2166 5034/5849/2165 5051/5842/2158 5050/5840/2156
f 5034/5849/2165 5033/5540/1945 5052/5543/1948 5051/5842/2158
f 4968/5677/2064 5089/5856/2168 5096/5857/2169 4969/5678/2065
f 5089/5856/2168 5090/5858/2170 5095/5859/2171 5096/5857/2169
f 5090/5858/2170 5091/5860/2172 5094/5861/2173 5095/5859/2171
f 5091/5860/2172 5092/5547/1952 5093/5813/1942 5094/5861/2173
f 4953/5666/2054 5081/5862/2174 5088/5536/1941 4954/5539/1944
f 5081/5862/2174 5082/5863/2175 5087/5864/2176 5088/5536/1941
f 5082/5863/2175 5083/5865/2177 5086/5866/2178 5087/5864/2176
f 5083/5865/2177 5084/5527/1932 5085/5812/2132 5086/5866/2178
f 4962/5545/1950 5073/5544/1949 5080/5867/2179 4963/5673/2060
f 5073/5544/1949 5074/5868/2180 5079/5869/2181 5080/5867/2179
f 5074/5868/2180 5075/5870/2182 5078/5871/2183 5079/5869/2181
f 5075/5870/2182 5076/5809/2126 5077/5549/1954 5078/5871/2183
f 4971/5525/1930 5065/5524/1929 5072/5548/1953 4972/5551/1956
f 5065/5524/1929 5066/5872/2184 5071/5873/2185 5072/5548/1953
f 5066/5872/2184 5067/5874/2186 5070/5875/2187 5071/5873/2185
f 5067/5874/2186 5068/5807/2124 5069/5808/2125 5070/5875/2187
f 4961/5672/2059 4963/5673/2060 5080/5867/2179 5069/5808/2125
f 5069/5808/2125 5080/5867/2179 5079/5869/2181 5070/5875/2187
f 5070/5875/2187 5079/5869/2181 5078/5871/2183 5071/5873/2185
f 5071/5873/2185 5078/5871/2183 5077/5549/1954 5072/5548/1953
f 4974/5681/2068 5076/5809/2126 5089/5856/2168 4968/5677/2129
f 5076/5809/2126 5075/5870/2182 5090/5858/2170 5089/5856/2168
f 5075/5870/2182 5074/5868/2180 5091/5860/2172 5090/5858/2170
f 5074/5868/2180 5073/5544/1949 5092/5547/1952 5091/5860/2172
f 4967/5676/2063 4969/5810/2065 5096/5876/2169 5085/5812/2132
f 5085/5812/2132 5096/5876/2169 5095/5877/2171 5086/5866/2178
f 5086/5866/2178 5095/5877/2171 5094/5878/2173 5087/5864/2176
f 5087/5864/2176 5094/5878/2173 5093/5537/1942 5088/5536/1941
f 4959/5670/2057 5068/5807/2124 5081/5862/2174 4953/5666/2054
f 5068/5807/2124 5067/5874/2186 5082/5863/2175 5081/5862/2174
f 5067/5874/2186 5066/5872/2184 5083/5865/2177 5082/5863/2175
f 5066/5872/2184 5065/5524/1929 5084/5527/1932 5083/5865/2177
f 4944/5660/2048 5121/5879/2188 5128/5880/2189 4945/5661/2049
f 5121/5879/2188 5122/5881/2190 5127/5882/2191 5128/5880/2189
f 5122/5881/2190 5123/5883/2192 5126/5884/2193 5127/5882/2191
f 5123/5883/2192 5124/5531/1936 5125/5805/1926 5126/5884/2193
f 4929/5649/2038 5113/5885/2194 5120/5520/1925 4930/5523/1928
f 5113/5885/2194 5114/5886/2195 5119/5887/2196 5120/5520/1925
f 5114/5886/2195 5115/5888/2197 5118/5889/2198 5119/5887/2196
f 5115/5888/2197 5116/5385/1790 5117/5804/2123 5118/5889/2198
f 4938/5529/1934 5105/5528/1933 5112/5890/2199 4939/5656/2044
f 5105/5528/1933 5106/5891/2200 5111/5892/2201 5112/5890/2199
f 5106/5891/2200 5107/5893/2202 5110/5894/2203 5111/5892/2201
f 5107/5893/2202 5108/5801/2122 5109/5533/1938 5110/5894/2203
f 4947/5383/1788 5097/5382/1787 5104/5532/1937 4948/5535/1940
f 5097/5382/1787 5098/5895/2204 5103/5896/2205 5104/5532/1937
f 5098/5895/2204 5099/5897/2206 5102/5898/2207 5103/5896/2205
f 5099/5897/2206 5100/5799/2120 5101/5800/2121 5102/5898/2207
f 4937/5655/2043 4939/5656/2044 5112/5890/2199 5101/5800/2121
f 5101/5800/2121 5112/5890/2199 5111/5892/2201 5102/5898/2207
f 5102/5898/2207 5111/5892/2201 5110/5894/2203 5103/5896/2205
f 5103/5896/2205 5110/5894/2203 5109/5533/1938 5104/5532/1937
f 4950/5664/2052 5108/5801/2122 5121/5879/2188 4944/5660/2048
f 5108/5801/2122 5107/5893/2202 5122/5881/2190 5121/5879/2188
f 5107/5893/2202 5106/5891/2200 5123/5883/2192 5122/5881/2190
f 5106/5891/2200 5105/5528/1933 5124/5531/1936 5123/5883/2192
f 4943/5659/2047 4945/5802/2049 5128/5899/2189 5117/5804/2123
f 5117/5804/2123 5128/5899/2189 5127/5900/2191 5118/5889/2198
f 5118/5889/2198 5127/5900/2191 5126/5901/2193 5119/5887/2196
f 5119/5887/2196 5126/5901/2193 5125/5521/1926 5120/5520/1925
f 4935/5653/2041 5100/5799/2120 5113/5885/2194 4929/5649/2038
f 5100/5799/2120 5099/5897/2206 5114/5886/2195 5113/5885/2194
f 5099/5897/2206 5098/5895/2204 5115/5888/2197 5114/5886/2195
f 5098/5895/2204 5097/5382/1787 5116/5385/1790 5115/5888/2197
f 4655/5588/1985 5132/5721/2102 5145/5902/2208 4649/5584/1982
f 5132/5721/2102 5131/5903/2209 5146/5904/2210 5145/5902/2208
f 5131/5903/2209 5130/5905/2211 5147/5906/2212 5146/5904/2210
f 5130/5905/2211 5129/5832/2148 5148/5726/2105 5147/5906/2212
f 4664/5596/1993 5153/5907/2213 5160/5908/2214 4665/5597/1994
f 5153/5907/2213 5154/5909/2215 5159/5910/2216 5160/5908/2214
f 5154/5909/2215 5155/5911/2217 5158/5912/2218 5159/5910/2216
f 5155/5911/2217 5156/5279/1684 5157/5728/1678 5158/5912/2218
f 4649/5584/1982 5145/5902/2208 5152/5272/1677 4650/5275/1680
f 5145/5902/2208 5146/5904/2210 5151/5913/2219 5152/5272/1677
f 5146/5904/2210 5147/5906/2212 5150/5914/2220 5151/5913/2219
f 5147/5906/2212 5148/5726/2105 5149/5727/2106 5150/5914/2220
f 4658/5277/1682 5137/5276/1681 5144/5915/2221 4659/5591/1988
f 5137/5276/1681 5138/5916/2222 5143/5917/2223 5144/5915/2221
f 5138/5916/2222 5139/5918/2224 5142/5919/2225 5143/5917/2223
f 5139/5918/2224 5140/5723/2104 5141/5281/1686 5142/5919/2225
f 4667/5599/1996 5129/5832/2148 5136/5280/1685 4668/5283/1688
f 5129/5832/2148 5130/5905/2211 5135/5920/2226 5136/5280/1685
f 5130/5905/2211 5131/5903/2209 5134/5921/2227 5135/5920/2226
f 5131/5903/2209 5132/5721/2102 5133/5722/2103 5134/5921/2227
f 4657/5590/1987 4659/5591/1988 5144/5915/2221 5133/5722/2103
f 5133/5722/2103 5144/5915/2221 5143/5917/2223 5134/5921/2227
f 5134/5921/2227 5143/5917/2223 5142/5919/2225 5135/5920/2226
f 5135/5920/2226 5142/5919/2225 5141/5281/1686 5136/5280/1685
f 4670/5601/1998 5140/5723/2104 5153/5907/2213 4664/5596/1993
f 5140/5723/2104 5139/5918/2224 5154/5909/2215 5153/5907/2213
f 5139/5918/2224 5138/5916/2222 5155/5911/2217 5154/5909/2215
f 5138/5916/2222 5137/5276/1681 5156/5279/1684 5155/5911/2217
f 4663/5595/1992 4665/5724/1994 5160/5922/2214 5149/5727/2106
f 5149/5727/2106 5160/5922/2214 5159/5923/2216 5150/5914/2220
f 5150/5914/2220 5159/5923/2216 5158/5924/2218 5151/5913/2219
f 5151/5913/2219 5158/5924/2218 5157/5273/1678 5152/5272/1677
f 5014/5706/2088 5179/5925/2228 5184/5926/2229 5015/5707/2089
f 5179/5925/2228 5180/5927/2230 5183/5928/2231 5184/5926/2229
f 5180/5927/2230 5181/5830/2145 5182/5576/1977 5183/5928/2231
f 5002/5701/2083 5173/5929/2232 5178/5568/1970 5003/5571/1972
f 5173/5929/2232 5174/5930/2233 5177/5931/2234 5178/5568/1970
f 5174/5930/2233 5175/5583/2143 5176/5829/2144 5177/5931/2234
f 5010/5565/2235 5167/5564/2236 5172/5932/2237 5009/5831/2146
f 5167/5564/2236 5168/5933/2238 5171/5934/2239 5172/5932/2237
f 5168/5933/2238 5169/5825/2139 5170/5578/1979 5171/5934/2239
f 5017/5581/2240 5161/5580/2241 5166/5572/1973 5016/5575/1976
f 5161/5580/2241 5162/5935/2242 5165/5936/2243 5166/5572/1973
f 5162/5935/2242 5163/5823/2137 5164/5824/2138 5165/5936/2243
f 5006/5702/2084 5163/5823/2137 5173/5929/2232 5002/5701/2083
f 5163/5823/2137 5162/5935/2242 5174/5930/2233 5173/5929/2232
f 5162/5935/2242 5161/5580/1981 5175/5583/1981 5174/5930/2233
f 5026/5714/2096 5009/5831/2146 5172/5932/2237 5188/5937/558
f 5188/5937/558 5172/5932/2237 5171/5934/2239 5189/5938/2244
f 5189/5938/2244 5171/5934/2239 5170/5578/1979 5190/5573/1974
f 5032/5719/2101 5015/5707/2089 5184/5926/2229 5185/5939/2245
f 5185/5939/2245 5184/5926/2229 5183/5928/2231 5186/5940/2246
f 5186/5940/2246 5183/5928/2231 5182/5576/1977 5187/5569/86
f 5008/5704/2086 5026/5714/2096 5188/5937/558 5164/5824/2138
f 5164/5824/2138 5188/5937/558 5189/5938/2244 5165/5936/2243
f 5165/5936/2243 5189/5938/2244 5190/5573/1974 5166/5572/1973
f 5011/5828/2141 5032/5719/2101 5185/5939/2245 5176/5829/2144
f 5176/5829/2144 5185/5939/2245 5186/5940/2246 5177/5931/2234
f 5177/5931/2234 5186/5940/2246 5187/5569/86 5178/5568/1970
f 5019/5708/2090 5169/5825/2139 5179/5941/2228 5014/5826/2088
f 5169/5825/2139 5168/5933/2238 5180/5942/2230 5179/5941/2228
f 5168/5933/2238 5167/5564/1969 5181/5567/1969 5180/5942/2230
f 4689/5285/1690 5215/5284/1689 5222/5943/1696 4690/5615/1695
f 5215/5284/1689 5216/5944/2247 5221/5945/2248 5222/5943/1696
f 5216/5944/2247 5217/5946/2249 5220/5947/2250 5221/5945/2248
f 5217/5946/2249 5218/5736/2111 5219/5737/2112 5220/5947/2250
f 4695/5289/1694 5207/5288/1693 5214/5299/1704 4696/5298/1703
f 5207/5288/1693 5208/5948/2251 5213/5949/2252 5214/5299/1704
f 5208/5948/2251 5209/5950/1594 5212/5951/1592 5213/5949/2252
f 5209/5950/1594 5210/5731/2109 5211/5732/2110 5212/5951/1592
f 4683/5297/1702 5199/5296/1701 5206/5295/1700 4684/5294/1699
f 5199/5296/1701 5200/5952/2253 5205/5953/2254 5206/5295/1700
f 5200/5952/2253 5201/5954/2255 5204/5955/2256 5205/5953/2254
f 5201/5954/2255 5202/5729/2107 5203/5730/2108 5204/5955/2256
f 4674/5604/2001 5191/5956/2257 5198/5957/2258 4675/5605/2002
f 5191/5956/2257 5192/5958/2259 5197/5959/2260 5198/5957/2258
f 5192/5958/2259 5193/5960/2261 5196/5961/2262 5197/5959/2260
f 5193/5960/2261 5194/5287/1692 5195/5292/1697 5196/5961/2262
f 4681/5609/2006 5202/5729/2107 5211/5732/2110 4692/5617/2013
f 5202/5729/2107 5201/5954/2255 5212/5951/1592 5211/5732/2110
f 5201/5954/2255 5200/5952/2253 5213/5949/2252 5212/5951/1592
f 5200/5952/2253 5199/5296/1701 5214/5299/1704 5213/5949/2252
f 4675/5605/2002 5198/5957/2258 5203/5730/2108 4680/5608/2005
f 5198/5957/2258 5197/5959/2260 5204/5955/2256 5203/5730/2108
f 5197/5959/2260 5196/5961/2262 5205/5953/2254 5204/5955/2256
f 5196/5961/2262 5195/5292/1697 5206/5295/1700 5205/5953/2254
f 4693/5618/2014 5210/5731/2109 5219/5962/2112 4686/5734/2009
f 5210/5731/2109 5209/5950/1594 5220/5963/2250 5219/5962/2112
f 5209/5950/1594 5208/5948/2251 5221/5964/2248 5220/5963/2250
f 5208/5948/2251 5207/5288/1693 5222/5291/1696 5221/5964/2248
f 4687/5613/2010 5218/5736/2111 5191/5956/2257 4674/5604/2001
f 5218/5736/2111 5217/5946/2249 5192/5958/2259 5191/5956/2257
f 5217/5946/2249 5216/5944/2247 5193/5960/2261 5192/5958/2259
f 5216/5944/2247 5215/5284/1689 5194/5287/1692 5193/5960/2261
f 4713/5301/1706 5247/5300/1705 5254/5307/1712 4714/5306/1711
f 5247/5300/1705 5248/5965/2263 5253/5966/2264 5254/5307/1712
f 5248/5965/2263 5249/5967/2265 5252/5968/2266 5253/5966/2264
f 5249/5967/2265 5250/5746/2117 5251/5747/2118 5252/5968/2266
f 4719/5305/1710 5239/5304/1709 5246/5319/1724 4720/5318/1723
f 5239/5304/1709 5240/5969/2267 5245/5970/2268 5246/5319/1724
f 5240/5969/2267 5241/5971/2269 5244/5972/2270 5245/5970/2268
f 5241/5971/2269 5242/5744/2115 5243/5745/2116 5244/5972/2270
f 4707/5317/1722 5231/5316/1721 5238/5315/1720 4708/5314/1719
f 5231/5316/1721 5232/5973/2271 5237/5974/2272 5238/5315/1720
f 5232/5973/2271 5233/5975/2273 5236/5976/2274 5237/5974/2272
f 5233/5975/2273 5234/5742/2113 5235/5743/2114 5236/5976/2274
f 4698/5621/2017 5223/5977/2275 5230/5978/2276 4699/5622/2018
f 5223/5977/2275 5224/5979/2277 5229/5980/2278 5230/5978/2276
f 5224/5979/2277 5225/5981/2279 5228/5982/2280 5229/5980/2278
f 5225/5981/2279 5226/5303/1708 5227/5740/1717 5228/5982/2280
f 4705/5627/2022 5234/5742/2113 5243/5745/2116 4716/5634/2028
f 5234/5742/2113 5233/5975/2273 5244/5972/2270 5243/5745/2116
f 5233/5975/2273 5232/5973/2271 5245/5970/2268 5244/5972/2270
f 5232/5973/2271 5231/5316/1721 5246/5319/1724 5245/5970/2268
f 4699/5739/2018 5230/5983/2276 5235/5743/2114 4704/5626/2021
f 5230/5983/2276 5229/5984/783 5236/5976/783 5235/5743/2114
f 5229/5984/783 5228/5985/2280 5237/5974/2272 5236/5976/783
f 5228/5985/2280 5227/5312/1717 5238/5315/1720 5237/5974/2272
f 4717/5635/2029 5242/5744/2115 5251/5747/2118 4710/5630/2025
f 5242/5744/2115 5241/5971/2269 5252/5968/2266 5251/5747/2118
f 5241/5971/2269 5240/5969/2267 5253/5966/2264 5252/5968/2266
f 5240/5969/2267 5239/5304/1709 5254/5307/1712 5253/5966/2264
f 4711/5631/2026 5250/5746/2117 5223/5977/2275 4698/5621/2017
f 5250/5746/2117 5249/5967/2265 5224/5979/2277 5223/5977/2275
f 5249/5967/2265 5248/5965/2263 5225/5981/2279 5224/5979/2277
f 5248/5965/2263 5247/5300/1705 5226/5303/1708 5225/5981/2279
f 5285/5986/1332 5262/5987/558 5315/5988/2281 5279/5989/2282
f 5270/5990/1329 5308/5991/1591 5262/5987/558 5285/5986/1332
f 5341/5992/2283 5278/5993/2284 5291/5994/2285 5343/5995/2286
f 5289/5996/1310 5258/5997/2287 5293/5998/2288 5265/5999/1313
f 5339/6000/2289 5284/6001/2290 5276/6002/2290 5342/6003/2289
f 5280/6004/2291 5316/6005/2292 5323/6006/2293 5274/6007/2294
f 5337/6008/1591 5271/6009/2295 5287/6010/2296 5344/6011/2297
f 5260/6012/2298 5259/6013/2299 5310/6014/2300 5312/6015/2301
f 5329/6016/1591 5305/6017/1591 5261/6018/2302 5326/6019/558
f 5305/6017/1591 5303/6020/1591 5260/6012/2298 5261/6018/2302
f 5333/6021/2303 5321/6022/2304 5257/6023/2305 5325/6024/2306
f 5321/6022/2304 5319/6025/2307 5256/6026/2308 5257/6023/2305
f 5343/5995/2286 5291/5994/2285 5266/6027/2309 5335/6028/2310
f 5303/6020/1591 5301/6029/1591 5259/6013/2299 5260/6012/2298
f 5275/6030/2311 5324/6031/2312 5258/5997/2287 5289/5996/1310
f 5319/6025/2307 5317/6032/2313 5255/6033/2314 5256/6026/2308
f 5326/6019/558 5261/6018/2302 5314/6034/2315 5332/6035/2316
f 5261/6018/2302 5260/6012/2298 5312/6015/2301 5314/6034/2315
f 5344/6011/2297 5287/6010/2296 5282/6036/2317 5340/6037/2318
f 5331/6038/2319 5313/6039/2320 5322/6040/2320 5334/6041/2319
f 5313/6039/2320 5311/6042/2321 5320/6043/2322 5322/6040/2320
f 5311/6042/2321 5309/6044/2323 5318/6045/2324 5320/6043/2322
f 5325/6024/2306 5257/6023/2305 5295/6046/2325 5327/6047/2326
f 5257/6023/2305 5256/6026/2308 5297/6048/2327 5295/6046/2325
f 5256/6026/2308 5255/6033/2314 5300/6049/2328 5297/6048/2327
f 5263/6050/2329 5264/6051/2330 5265/5999/1313
f 5268/6052/2331 5269/6053/2332 5270/5990/1329
f 5273/6054/2333 5274/6007/2294 5275/6030/2311
f 5276/6002/2334 5277/6055/2335 5278/5993/2284
f 5279/5989/2282 5280/6004/2291 5281/6056/2336
f 5282/6036/2317 5283/6057/2337 5284/6001/2338
f 5335/6028/2310 5266/6027/2309 5267/6058/2339 5336/6059/2340
f 5308/5991/1591 5270/5990/1329 5269/6053/2332 5307/6060/2341
f 5286/6061/2342 5268/6052/2331 5270/5990/1329 5285/5986/1332
f 5288/6062/2343 5283/6057/2337 5282/6036/2317 5287/6010/2296
f 5316/6005/2344 5280/6004/2291 5279/5989/2282 5315/5988/2281
f 5273/6054/2333 5281/6056/2336 5280/6004/2291 5274/6007/2294
f 5283/6057/2337 5277/6055/2345 5276/6002/2345 5284/6001/2338
f 5324/6031/2312 5275/6030/2311 5274/6007/2294 5323/6006/2293
f 5290/6063/2346 5273/6054/2333 5275/6030/2311 5289/5996/1310
f 5292/6064/2347 5267/6058/2339 5266/6027/2309 5291/5994/2285
f 5281/6056/2336 5286/6061/2342 5285/5986/1332 5279/5989/2282
f 5272/6065/2348 5288/6062/2343 5287/6010/2296 5271/6009/2295
f 5264/6051/2330 5290/6063/2346 5289/5996/1310 5265/5999/1313
f 5277/6055/2335 5292/6064/2347 5291/5994/2285 5278/5993/2284
f 5265/5999/1313 5293/5998/2288 5294/6066/2349 5263/6050/2329
f 5327/6047/2326 5295/6046/2325 5296/6067/2349 5328/6068/2349
f 5295/6046/2325 5297/6048/2327 5298/6069/2350 5296/6067/2349
f 5297/6048/2327 5300/6049/2328 5299/6070/2351 5298/6069/2350
f 5337/6008/1591 5301/6029/1591 5302/6071/2341 5338/6072/2341
f 5301/6029/1591 5303/6020/1591 5304/6073/2341 5302/6071/2341
f 5303/6020/1591 5305/6017/1591 5306/6074/2341 5304/6073/2341
f 5329/6016/1591 5308/5991/1591 5307/6060/2341 5330/6075/2341
f 5339/6000/2352 5309/6044/2323 5310/6014/2300 5340/6037/2318
f 5309/6044/2323 5311/6042/2321 5312/6015/2301 5310/6014/2300
f 5311/6042/2321 5313/6039/2353 5314/6034/2315 5312/6015/2301
f 5331/6038/2354 5316/6005/2344 5315/5988/2281 5332/6035/2316
f 5341/5992/2283 5317/6032/2313 5318/6045/2355 5342/6003/2356
f 5317/6032/2313 5319/6025/2307 5320/6043/2357 5318/6045/2355
f 5319/6025/2307 5321/6022/2304 5322/6040/2358 5320/6043/2357
f 5333/6021/2303 5324/6031/2312 5323/6006/2293 5334/6041/2359
f 5321/6022/2304 5333/6021/2303 5334/6041/2359 5322/6040/2358
f 5313/6039/2353 5331/6038/2354 5332/6035/2316 5314/6034/2315
f 5305/6017/1591 5329/6016/1591 5330/6075/2341 5306/6074/2341
f 5293/5998/2288 5327/6047/2326 5328/6068/2349 5294/6066/2349
f 5258/5997/2287 5325/6024/2306 5327/6047/2326 5293/5998/2288
f 5316/6005/2292 5331/6038/2319 5334/6041/2319 5323/6006/2293
f 5262/5987/558 5326/6019/558 5332/6035/2316 5315/5988/2281
f 5324/6031/2312 5333/6021/2303 5325/6024/2306 5258/5997/2287
f 5308/5991/1591 5329/6016/1591 5326/6019/558 5262/5987/558
f 5278/5993/2284 5341/5992/2283 5342/6003/2356 5276/6002/2334
f 5284/6001/2338 5339/6000/2352 5340/6037/2318 5282/6036/2317
f 5271/6009/2295 5337/6008/1591 5338/6072/2341 5272/6065/2348
f 5300/6049/2328 5335/6028/2310 5336/6059/2340 5299/6070/2351
f 5259/6013/2299 5344/6011/2297 5340/6037/2318 5310/6014/2300
f 5255/6033/2314 5343/5995/2286 5335/6028/2310 5300/6049/2328
f 5301/6029/1591 5337/6008/1591 5344/6011/2297 5259/6013/2299
f 5309/6044/2323 5339/6000/2289 5342/6003/2289 5318/6045/2324
f 5317/6032/2313 5341/5992/2283 5343/5995/2286 5255/6033/2314
f 5444/6076/2360 5352/6077/2361 5409/6078/2362 5438/6079/2363
f 5435/6080/2364 5402/6081/2365 5352/6077/2361 5444/6076/2360
f 5426/6082/2366 5372/6083/2367 5385/6084/2368 5353/6085/2369
f 5443/6086/2370 5348/6087/2371 5387/6088/2372 5441/6089/2373
f 5424/6090/2374 5378/6091/2375 5370/6092/2376 5425/6093/2377
f 5437/6094/2378 5410/6095/2379 5417/6096/2380 5440/6097/2381
f 5422/6098/2382 5365/6099/2383 5381/6100/2384 5354/6101/86
f 5349/6102/2385 5354/6101/86 5423/6103/2386 5404/6104/2387
f 5449/6105/2388 5399/6106/2389 5351/6107/2390 5446/6108/2391
f 5397/6109/2392 5430/6110/2393 5356/6111/2394 5350/6112/2395
f 5453/6113/2396 5415/6114/2397 5347/6115/558 5445/6116/2398
f 5413/6117/2399 5434/6118/2400 5355/6119/2401 5346/6120/2402
f 5353/6085/2369 5385/6084/2368 5360/6121/2403 5420/6122/2404
f 5346/6120/2402 5355/6119/2401 5428/6123/2405 5391/6124/2406
f 5345/6125/2407 5353/6085/2369 5420/6122/2404 5393/6126/2408
f 5439/6127/2409 5418/6128/2410 5348/6087/2371 5443/6086/2370
f 5411/6129/2411 5426/6082/2366 5353/6085/2369 5345/6125/2407
f 5350/6112/2395 5356/6111/2394 5431/6130/2412 5406/6131/2413
f 5405/6132/2414 5432/6133/2415 5433/6134/2416 5414/6135/2417
f 5354/6101/86 5381/6100/2384 5376/6136/2418 5423/6103/2386
f 5451/6137/2419 5407/6138/2420 5416/6139/2420 5454/6140/2419
f 5407/6138/2420 5405/6132/2414 5414/6135/2417 5416/6139/2420
f 5403/6141/2421 5424/6090/2374 5425/6093/2377 5412/6142/2422
f 5445/6116/2398 5347/6115/558 5389/6143/2423 5447/6144/2424
f 5347/6115/558 5346/6120/2402 5391/6124/2406 5389/6143/2423
f 5430/6110/2393 5395/6145/2425 5349/6102/2385 5356/6111/2394
f 5434/6118/2400 5411/6129/2411 5345/6125/2407 5355/6119/2401
f 5395/6145/2425 5422/6098/2382 5354/6101/86 5349/6102/2385
f 5432/6133/2415 5403/6141/2421 5412/6142/2422 5433/6134/2416
f 5356/6111/2394 5349/6102/2385 5404/6104/2387 5431/6130/2412
f 5355/6119/2401 5345/6125/2407 5393/6126/2408 5428/6123/2405
f 5446/6108/2391 5351/6107/2390 5408/6146/2426 5452/6147/2427
f 5351/6107/2390 5350/6112/2395 5406/6131/2413 5408/6146/2426
f 5415/6114/2397 5413/6117/2399 5346/6120/2402 5347/6115/558
f 5399/6106/2389 5397/6109/2392 5350/6112/2395 5351/6107/2390
f 5357/6148/2428 5358/6149/2429 5359/6150/2430
f 5362/6151/2431 5363/6152/2432 5364/6153/2433
f 5367/6154/2434 5368/6155/2435 5369/6156/2436
f 5370/6092/2376 5371/6157/2437 5372/6083/2367
f 5373/6158/2438 5374/6159/2439 5375/6160/2440
f 5376/6136/2418 5377/6161/2441 5378/6091/2375
f 5420/6122/2404 5360/6121/2403 5361/6162/2442 5419/6163/2443
f 5435/6080/2364 5364/6153/2433 5363/6152/2432 5436/6164/2444
f 5380/6165/2346 5362/6151/2431 5364/6153/2433 5379/6166/2445
f 5382/6167/2446 5377/6161/2441 5376/6136/2418 5381/6100/2384
f 5437/6094/2378 5374/6159/2439 5373/6158/2438 5438/6079/2363
f 5367/6154/2434 5375/6160/2440 5374/6159/2439 5368/6155/2435
f 5377/6161/2441 5371/6157/2437 5370/6092/2376 5378/6091/2375
f 5439/6127/2409 5369/6156/2436 5368/6155/2435 5440/6097/2381
f 5384/6168/2342 5367/6154/2434 5369/6156/2436 5383/6169/2447
f 5386/6170/2448 5361/6162/2442 5360/6121/2403 5385/6084/2368
f 5375/6160/2440 5380/6165/2346 5379/6166/2445 5373/6158/2438
f 5366/6171/2449 5382/6167/2446 5381/6100/2384 5365/6099/2383
f 5358/6149/2429 5384/6168/2342 5383/6169/2447 5359/6150/2430
f 5371/6157/2437 5386/6170/2448 5385/6084/2368 5372/6083/2367
f 5441/6089/2373 5387/6088/2372 5388/6172/2450 5442/6173/2451
f 5447/6144/2424 5389/6143/2423 5390/6174/2452 5448/6175/2453
f 5389/6143/2423 5391/6124/2406 5392/6176/2454 5390/6174/2452
f 5428/6123/2405 5393/6126/2408 5394/6177/2455 5427/6178/2456
f 5422/6098/2382 5395/6145/2425 5396/6179/2457 5421/6180/2458
f 5430/6110/2393 5397/6109/2392 5398/6181/2459 5429/6182/2460
f 5397/6109/2392 5399/6106/2389 5400/6183/2461 5398/6181/2459
f 5449/6105/2388 5402/6081/2365 5401/6184/2462 5450/6185/2463
f 5424/6090/2374 5403/6141/2464 5404/6104/2387 5423/6103/2386
f 5432/6133/2415 5405/6132/2414 5406/6131/2413 5431/6130/2412
f 5405/6132/2414 5407/6138/2465 5408/6146/2426 5406/6131/2413
f 5451/6137/2466 5410/6095/2379 5409/6078/2362 5452/6147/2427
f 5426/6082/2366 5411/6129/2411 5412/6142/2422 5425/6093/2377
f 5434/6118/2400 5413/6117/2399 5414/6135/2417 5433/6134/2416
f 5413/6117/2399 5415/6114/2397 5416/6139/2467 5414/6135/2417
f 5453/6113/2396 5418/6128/2410 5417/6096/2380 5454/6140/2468
f 5393/6126/2408 5420/6122/2404 5419/6163/2443 5394/6177/2455
f 5365/6099/2383 5422/6098/2382 5421/6180/2458 5366/6171/2449
f 5378/6091/2375 5424/6090/2374 5423/6103/2386 5376/6136/2418
f 5372/6083/2367 5426/6082/2366 5425/6093/2377 5370/6092/2376
f 5391/6124/2406 5428/6123/2405 5427/6178/2456 5392/6176/2454
f 5395/6145/2425 5430/6110/2393 5429/6182/2460 5396/6179/2457
f 5403/6141/2464 5432/6133/2415 5431/6130/2412 5404/6104/2387
f 5411/6129/2411 5434/6118/2400 5433/6134/2416 5412/6142/2422
f 5359/6150/2430 5441/6089/2373 5442/6173/2451 5357/6148/2428
f 5418/6128/2410 5439/6127/2409 5440/6097/2381 5417/6096/2380
f 5410/6095/2379 5437/6094/2378 5438/6079/2363 5409/6078/2362
f 5402/6081/2365 5435/6080/2364 5436/6164/2444 5401/6184/2462
f 5369/6156/2436 5439/6127/2409 5443/6086/2370 5383/6169/2447
f 5374/6159/2439 5437/6094/2378 5440/6097/2381 5368/6155/2435
f 5383/6169/2447 5443/6086/2370 5441/6089/2373 5359/6150/2430
f 5364/6153/2433 5435/6080/2364 5444/6076/2360 5379/6166/2445
f 5379/6166/2445 5444/6076/2360 5438/6079/2363 5373/6158/2438
f 5415/6114/2397 5453/6113/2396 5454/6140/2468 5416/6139/2467
f 5407/6138/2465 5451/6137/2466 5452/6147/2427 5408/6146/2426
f 5399/6106/2389 5449/6105/2388 5450/6185/2463 5400/6183/2461
f 5387/6088/2372 5447/6144/2424 5448/6175/2453 5388/6172/2450
f 5352/6077/2361 5446/6108/2391 5452/6147/2427 5409/6078/2362
f 5348/6087/2371 5445/6116/2398 5447/6144/2424 5387/6088/2372
f 5410/6095/2379 5451/6137/2419 5454/6140/2419 5417/6096/2380
f 5418/6128/2410 5453/6113/2396 5445/6116/2398 5348/6087/2371
f 5402/6081/2365 5449/6105/2388 5446/6108/2391 5352/6077/2361
f 5509/6186/2469 5456/6187/86 5511/6188/2470 5493/6189/2471
f 5501/6190/1332 5468/6191/558 5545/6192/2472 5487/6193/2473
f 5513/6194/2474 5474/6195/2475 5478/6196/2476 5516/6197/2474
f 5477/6198/2477 5536/6199/2478 5468/6191/558 5501/6190/1332
f 5499/6200/2479 5526/6201/2480 5456/6187/86 5509/6186/2469
f 5512/6202/2481 5513/6194/2474 5516/6197/2474 5517/6203/2481
f 5523/6204/2482 5486/6205/2483 5507/6206/2484 5455/6207/86
f 5505/6208/2485 5463/6209/2486 5557/6210/2487 5471/6211/2488
f 5494/6212/2489 5512/6202/2481 5517/6203/2481 5496/6213/2489
f 5510/6214/2490 5458/6215/2491 5521/6216/2492 5498/6217/2493
f 5458/6215/2491 5457/6218/2494 5520/6219/2495 5521/6216/2492
f 5564/6220/2496 5565/6221/2497 5528/6222/2498 5530/6223/2499
f 5750/6224/2500 5747/6225/2501 5493/6226/2471 5494/6227/2502
f 5518/6228/2503 5515/6229/2504 5457/6218/2494 5458/6215/2491
f 5526/6201/2480 5523/6204/2482 5455/6207/86 5456/6187/86
f 5495/6230/2505 5518/6228/2503 5458/6215/2491 5510/6214/2490
f 5456/6187/86 5455/6207/86 5514/6231/2506 5511/6188/2470
f 5515/6229/2504 5480/6232/2507 5503/6233/2508 5457/6218/2494
f 5465/6234/2509 5464/6235/2510 5538/6236/2511 5540/6237/2512
f 5558/6238/2513 5560/6239/2514 5534/6240/2514 5535/6241/2515
f 5560/6239/2514 5562/6242/2516 5532/6243/2517 5534/6240/2514
f 5562/6242/2516 5564/6220/2496 5530/6223/2499 5532/6243/2517
f 5463/6209/2486 5462/6244/2518 5559/6245/2519 5557/6210/2487
f 5556/6246/2520 5553/6247/2521 5462/6244/2518 5463/6209/2486
f 5553/6247/2521 5551/6248/2522 5461/6249/2523 5462/6244/2518
f 5551/6248/2522 5549/6250/2524 5460/6251/2525 5461/6249/2523
f 5455/6207/86 5507/6206/2484 5472/6252/2526 5514/6231/2506
f 5462/6244/2518 5461/6249/2523 5561/6253/2527 5559/6245/2519
f 5461/6249/2523 5460/6251/2525 5563/6254/2528 5561/6253/2527
f 5460/6251/2525 5459/6255/2529 5566/6256/2530 5563/6254/2528
f 5483/6257/2531 5556/6246/2520 5463/6209/2486 5505/6208/2485
f 5549/6250/2524 5547/6258/2532 5459/6255/2529 5460/6251/2525
f 5468/6191/558 5467/6259/558 5544/6260/2533 5545/6192/2472
f 5467/6259/558 5466/6261/2534 5542/6262/2535 5544/6260/2533
f 5466/6261/2534 5465/6234/2509 5540/6237/2512 5542/6262/2535
f 5457/6218/2494 5503/6233/2508 5490/6263/2536 5520/6219/2495
f 5536/6199/2478 5533/6264/2537 5467/6259/558 5468/6191/558
f 5533/6264/2537 5531/6265/2538 5466/6261/2534 5467/6259/558
f 5531/6265/2538 5529/6266/2539 5465/6234/2509 5466/6261/2534
f 5529/6266/2539 5527/6267/2540 5464/6235/2510 5465/6234/2509
f 5469/6268/2541 5470/6269/2542 5471/6211/2488
f 5472/6252/2526 5473/6270/2543 5474/6195/2475
f 5475/6271/2544 5476/6272/2545 5477/6198/2477
f 5478/6196/2546 5479/6273/2547 5480/6232/2507
f 5481/6274/2548 5482/6275/2549 5483/6257/2531
f 5484/6276/2550 5485/6277/2551 5486/6205/2483
f 5487/6193/2473 5488/6278/2552 5489/6279/2553
f 5490/6263/2536 5491/6280/2554 5492/6281/2555
f 5749/6282/558 5742/6283/2556 5495/6284/2505 5510/6214/2490
f 5744/6285/2557 5743/6286/2558 5498/6217/2493 5497/6287/2559
f 5746/6288/2560 5745/6289/2561 5499/6200/2479 5509/6186/2469
f 5741/6290/2562 5750/6224/2562 5494/6227/2489 5496/6291/2489
f 5475/6271/2544 5470/6269/2542 5469/6268/2541 5476/6272/2545
f 5514/6231/2506 5472/6252/2526 5474/6195/2475 5513/6194/2563
f 5473/6270/2543 5479/6273/2564 5478/6196/2476 5474/6195/2475
f 5536/6199/2478 5477/6198/2477 5476/6272/2545 5535/6241/2515
f 5502/6292/2342 5475/6271/2544 5477/6198/2477 5501/6190/1332
f 5504/6293/2565 5491/6280/2554 5490/6263/2536 5503/6233/2508
f 5546/6294/2566 5488/6278/2552 5487/6193/2473 5545/6192/2472
f 5556/6246/2520 5483/6257/2531 5482/6275/2549 5555/6295/2567
f 5506/6296/2346 5481/6274/2548 5483/6257/2531 5505/6208/2485
f 5508/6297/2568 5473/6270/2543 5472/6252/2526 5507/6206/2484
f 5745/6289/2561 5748/6298/2569 5500/6299/2570 5499/6200/2479
f 5518/6228/2503 5495/6230/2505 5496/6213/2571 5517/6203/2572
f 5522/6300/2573 5497/6287/2559 5498/6217/2493 5521/6216/2492
f 5526/6201/2480 5499/6200/2479 5500/6299/2570 5525/6301/2574
f 5747/6225/2501 5746/6288/2560 5509/6186/2469 5493/6226/2471
f 5743/6286/2558 5749/6282/558 5510/6214/2490 5498/6217/2493
f 5489/6279/2553 5502/6292/2342 5501/6190/1332 5487/6193/2473
f 5479/6273/2547 5504/6293/2565 5503/6233/2508 5480/6232/2507
f 5470/6269/2542 5506/6296/2346 5505/6208/2485 5471/6211/2488
f 5485/6277/2551 5508/6297/2568 5507/6206/2484 5486/6205/2483
f 5742/6283/2556 5741/6290/2575 5496/6291/2571 5495/6284/2505
f 5493/6189/2471 5511/6188/2470 5512/6202/2576 5494/6212/2502
f 5511/6188/2470 5514/6231/2506 5513/6194/2563 5512/6202/2576
f 5480/6232/2507 5515/6229/2504 5516/6197/2577 5478/6196/2546
f 5515/6229/2504 5518/6228/2503 5517/6203/2572 5516/6197/2577
f 5492/6281/2555 5519/6302/2578 5520/6219/2495 5490/6263/2536
f 5519/6302/2578 5522/6300/2573 5521/6216/2492 5520/6219/2495
f 5486/6205/2483 5523/6204/2482 5524/6303/2579 5484/6276/2550
f 5523/6204/2482 5526/6201/2480 5525/6301/2574 5524/6303/2579
f 5527/6267/2540 5529/6266/2539 5530/6223/2499 5528/6222/2580
f 5529/6266/2539 5531/6265/2538 5532/6243/2517 5530/6223/2499
f 5531/6265/2538 5533/6264/2537 5534/6240/2581 5532/6243/2517
f 5533/6264/2537 5536/6199/2478 5535/6241/2515 5534/6240/2581
f 5537/6304/2582 5539/6305/2583 5540/6237/2512 5538/6236/2511
f 5539/6305/2583 5541/6306/2584 5542/6262/2535 5540/6237/2512
f 5541/6306/2584 5543/6307/2585 5544/6260/2533 5542/6262/2535
f 5543/6307/2585 5546/6294/2566 5545/6192/2472 5544/6260/2533
f 5547/6258/2532 5549/6250/2524 5550/6308/2586 5548/6309/2587
f 5549/6250/2524 5551/6248/2522 5552/6310/2588 5550/6308/2586
f 5551/6248/2522 5553/6247/2521 5554/6311/2589 5552/6310/2588
f 5553/6247/2521 5556/6246/2520 5555/6295/2567 5554/6311/2589
f 5471/6211/2488 5557/6210/2487 5558/6238/2590 5469/6268/2541
f 5557/6210/2487 5559/6245/2519 5560/6239/2591 5558/6238/2590
f 5559/6245/2519 5561/6253/2527 5562/6242/2592 5560/6239/2591
f 5561/6253/2527 5563/6254/2528 5564/6220/2496 5562/6242/2592
f 5563/6254/2528 5566/6256/2530 5565/6221/2497 5564/6220/2496
f 5469/6268/2541 5558/6238/2513 5535/6241/2515 5476/6272/2545
f 5647/6312/2593 5597/6313/2594 5667/6314/2595 5573/6315/2596
f 5589/6316/2597 5632/6317/2598 5574/6318/558 5661/6319/1332
f 5573/6315/2596 5667/6314/2595 5584/6320/2599 5618/6321/2600
f 5621/6322/2601 5619/6323/2602 5580/6324/2603 5579/6325/2604
f 5595/6326/2605 5660/6327/2606 5567/6328/86 5665/6329/1310
f 5649/6330/2607 5647/6312/2593 5573/6315/2596 5572/6331/2608
f 5574/6318/558 5575/6332/2609 5644/6333/2610 5645/6334/2611
f 5575/6332/2609 5576/6335/2612 5642/6336/2613 5644/6333/2610
f 5576/6335/2612 5577/6337/2614 5640/6338/2615 5642/6336/2613
f 5577/6337/2614 5578/6339/2616 5638/6340/2617 5640/6338/2615
f 5578/6339/2616 5579/6325/2604 5636/6341/2618 5638/6340/2617
f 5580/6324/2603 5663/6342/2619 5602/6343/2620 5634/6344/2621
f 5646/6345/2622 5643/6346/2623 5658/6347/2624 5659/6348/2625
f 5643/6346/2623 5641/6349/2626 5656/6350/2627 5658/6347/2624
f 5641/6349/2626 5639/6351/2628 5654/6352/2629 5656/6350/2627
f 5639/6351/2628 5637/6353/2630 5652/6354/2631 5654/6352/2629
f 5637/6353/2630 5635/6355/2632 5650/6356/2633 5652/6354/2631
f 5635/6355/2632 5633/6357/2634 5648/6358/2635 5650/6356/2633
f 5665/6329/1310 5567/6328/86 5605/6359/2636 5582/6360/2637
f 5567/6328/86 5568/6361/86 5607/6362/2638 5605/6359/2636
f 5568/6361/86 5569/6363/2639 5609/6364/2640 5607/6362/2638
f 5569/6363/2639 5570/6365/2641 5611/6366/2642 5609/6364/2640
f 5570/6365/2641 5571/6367/2643 5613/6368/2644 5611/6366/2642
f 5571/6367/2643 5572/6331/2608 5615/6369/2645 5613/6368/2644
f 5572/6331/2608 5573/6315/2596 5618/6321/2600 5615/6369/2645
f 5623/6370/2646 5621/6322/2601 5579/6325/2604 5578/6339/2616
f 5625/6371/2647 5623/6370/2646 5578/6339/2616 5577/6337/2614
f 5627/6372/2648 5625/6371/2647 5577/6337/2614 5576/6335/2612
f 5629/6373/2649 5627/6372/2648 5576/6335/2612 5575/6332/2609
f 5632/6317/2598 5629/6373/2649 5575/6332/2609 5574/6318/558
f 5579/6325/2604 5580/6324/2603 5634/6344/2621 5636/6341/2618
f 5619/6323/2602 5591/6374/2650 5663/6342/2619 5580/6324/2603
f 5651/6375/2651 5649/6330/2607 5572/6331/2608 5571/6367/2643
f 5653/6376/2652 5651/6375/2651 5571/6367/2643 5570/6365/2641
f 5655/6377/2653 5653/6376/2652 5570/6365/2641 5569/6363/2639
f 5657/6378/2654 5655/6377/2653 5569/6363/2639 5568/6361/86
f 5660/6327/2606 5657/6378/2654 5568/6361/86 5567/6328/86
f 5633/6357/2634 5604/6379/2655 5598/6380/2656 5648/6358/2635
f 5661/6319/1332 5574/6318/558 5645/6334/2611 5599/6381/2657
f 5600/6382/2658 5646/6345/2622 5659/6348/2625 5594/6383/2659
f 5581/6384/2660 5582/6360/2637 5583/6385/2661
f 5584/6320/2599 5585/6386/2662 5586/6387/2663
f 5587/6388/2664 5588/6389/2665 5589/6316/2597
f 5590/6390/2666 5591/6374/2650 5592/6391/2667
f 5593/6392/2668 5594/6383/2659 5595/6326/2605
f 5596/6393/2669 5597/6313/2594 5598/6380/2670
f 5599/6381/2657 5600/6382/2658 5601/6394/2671
f 5602/6343/2620 5603/6395/2672 5604/6379/2655
f 5618/6321/2600 5584/6320/2599 5586/6387/2663 5617/6396/2673
f 5632/6317/2598 5589/6316/2597 5588/6389/2665 5631/6397/2674
f 5662/6398/2342 5587/6388/2664 5589/6316/2597 5661/6319/1332
f 5664/6399/2675 5603/6395/2672 5602/6343/2620 5663/6342/2619
f 5646/6345/2622 5600/6382/2658 5599/6381/2657 5645/6334/2611
f 5593/6392/2668 5601/6394/2671 5600/6382/2658 5594/6383/2659
f 5603/6395/2672 5596/6393/2669 5598/6380/2670 5604/6379/2655
f 5660/6327/2606 5595/6326/2605 5594/6383/2659 5659/6348/2676
f 5666/6400/2346 5593/6392/2668 5595/6326/2605 5665/6329/1310
f 5668/6401/2677 5585/6386/2662 5584/6320/2599 5667/6314/2595
f 5582/6360/2637 5605/6359/2636 5606/6402/2678 5583/6385/2661
f 5605/6359/2636 5607/6362/2638 5608/6403/2679 5606/6402/2678
f 5607/6362/2638 5609/6364/2640 5610/6404/2680 5608/6403/2679
f 5609/6364/2640 5611/6366/2642 5612/6405/2681 5610/6404/2680
f 5611/6366/2642 5613/6368/2644 5614/6406/2682 5612/6405/2681
f 5613/6368/2644 5615/6369/2645 5616/6407/2683 5614/6406/2682
f 5615/6369/2645 5618/6321/2600 5617/6396/2673 5616/6407/2683
f 5591/6374/2650 5619/6323/2602 5620/6408/2684 5592/6391/2667
f 5619/6323/2602 5621/6322/2601 5622/6409/2685 5620/6408/2684
f 5621/6322/2601 5623/6370/2646 5624/6410/2686 5622/6409/2685
f 5623/6370/2646 5625/6371/2647 5626/6411/2687 5624/6410/2686
f 5625/6371/2647 5627/6372/2648 5628/6412/2688 5626/6411/2687
f 5627/6372/2648 5629/6373/2649 5630/6413/2689 5628/6412/2688
f 5629/6373/2649 5632/6317/2598 5631/6397/2674 5630/6413/2689
f 5604/6379/2655 5633/6357/2634 5634/6344/2621 5602/6343/2620
f 5633/6357/2634 5635/6355/2632 5636/6341/2618 5634/6344/2621
f 5635/6355/2632 5637/6353/2630 5638/6340/2617 5636/6341/2618
f 5637/6353/2630 5639/6351/2690 5640/6338/2615 5638/6340/2617
f 5639/6351/2690 5641/6349/2691 5642/6336/2613 5640/6338/2615
f 5641/6349/2691 5643/6346/2623 5644/6333/2610 5642/6336/2613
f 5643/6346/2623 5646/6345/2622 5645/6334/2611 5644/6333/2610
f 5597/6313/2594 5647/6312/2593 5648/6358/2692 5598/6380/2670
f 5647/6312/2593 5649/6330/2607 5650/6356/2693 5648/6358/2692
f 5649/6330/2607 5651/6375/2651 5652/6354/2631 5650/6356/2693
f 5651/6375/2651 5653/6376/2652 5654/6352/2629 5652/6354/2631
f 5653/6376/2652 5655/6377/2653 5656/6350/2627 5654/6352/2629
f 5655/6377/2653 5657/6378/2654 5658/6347/2624 5656/6350/2627
f 5657/6378/2654 5660/6327/2606 5659/6348/2676 5658/6347/2624
f 5601/6394/2671 5662/6398/2342 5661/6319/1332 5599/6381/2657
f 5590/6390/2666 5664/6399/2675 5663/6342/2619 5591/6374/2650
f 5581/6384/2660 5666/6400/2346 5665/6329/1310 5582/6360/2637
f 5596/6393/2669 5668/6401/2677 5667/6314/2595 5597/6313/2594
f 5736/6414/2694 5686/6415/2695 5681/6416/2696 5740/6417/2697
f 5702/6418/2698 5704/6419/2699 5714/6420/2700 5715/6421/2701
f 5763/6422/2702 5693/6423/2703 5739/6424/2704 5768/6425/2705
f 5753/6426/2706 5682/6427/2707 5688/6428/2708 5758/6429/2709
f 5699/6430/2710 5736/6414/2694 5740/6417/2697 5692/6431/2711
f 5685/6432/2712 5716/6433/2713 5673/6434/2714 5733/6435/2715
f 5768/6425/2705 5739/6424/2704 5680/6436/2716 5752/6437/2717
f 5704/6419/2699 5706/6438/2718 5712/6439/2719 5714/6420/2700
f 5706/6438/2718 5707/6440/2720 5710/6441/2721 5712/6439/2719
f 5711/6442/2722 5709/6443/2723 5676/6444/558 5675/6445/2724
f 5691/6446/2725 5732/6447/2726 5669/6448/86 5737/6449/2727
f 5727/6450/2728 5725/6451/2729 5672/6452/2730 5671/6453/2731
f 5673/6434/2714 5674/6454/2732 5722/6455/2733 5723/6456/2734
f 5674/6454/2732 5675/6445/2724 5720/6457/2735 5722/6455/2733
f 5769/6458/558 5735/6459/2736 5698/6460/2737 5762/6461/2738
f 5737/6449/2727 5669/6448/86 5701/6462/2739 5678/6463/2740
f 5669/6448/86 5670/6464/86 5703/6465/2741 5701/6462/2739
f 5670/6464/86 5671/6453/2731 5705/6466/2742 5703/6465/2741
f 5671/6453/2731 5672/6452/2730 5708/6467/2743 5705/6466/2742
f 5713/6468/2744 5711/6442/2722 5675/6445/2724 5674/6454/2732
f 5716/6433/2713 5713/6468/2744 5674/6454/2732 5673/6434/2714
f 5675/6445/2724 5676/6444/558 5718/6469/2745 5720/6457/2735
f 5755/6470/2746 5687/6471/2747 5735/6459/2736 5769/6458/558
f 5729/6472/2748 5727/6450/2728 5671/6453/2731 5670/6464/86
f 5732/6447/2726 5729/6472/2748 5670/6464/86 5669/6448/86
f 5679/6473/2749 5702/6418/2698 5715/6421/2701 5684/6474/2750
f 5733/6435/2715 5673/6434/2714 5723/6456/2734 5695/6475/2751
f 5677/6476/2752 5678/6463/2740 5679/6473/2753
f 5680/6477/2716 5681/6416/2696 5682/6478/2754
f 5683/6479/2755 5684/6474/2750 5685/6432/2712
f 5686/6415/2756 5687/6480/2747 5688/6481/2708
f 5689/6482/2757 5690/6483/2758 5691/6446/2725
f 5692/6431/2711 5693/6484/2703 5694/6485/2759
f 5695/6475/2751 5696/6486/2760 5697/6487/2761
f 5698/6488/2737 5699/6430/2762 5700/6489/2763
f 5683/6479/2755 5677/6476/2752 5679/6473/2753 5684/6474/2750
f 5752/6437/2717 5680/6436/2716 5682/6427/2754 5753/6426/2764
f 5681/6416/2696 5686/6415/2695 5688/6481/2765 5682/6478/2754
f 5716/6433/2713 5685/6432/2712 5684/6474/2750 5715/6421/2701
f 5734/6490/2766 5683/6479/2755 5685/6432/2712 5733/6435/2715
f 5736/6414/2767 5699/6430/2762 5698/6488/2737 5735/6491/2736
f 5724/6492/2768 5696/6486/2760 5695/6475/2751 5723/6456/2734
f 5699/6430/2710 5692/6431/2711 5694/6485/2759 5700/6489/2769
f 5732/6447/2726 5691/6446/2725 5690/6483/2758 5731/6493/2770
f 5738/6494/2771 5689/6482/2757 5691/6446/2725 5737/6449/2727
f 5740/6417/2697 5681/6416/2696 5680/6477/2716 5739/6495/2704
f 5678/6463/2740 5701/6462/2739 5702/6418/2772 5679/6473/2753
f 5701/6462/2739 5703/6465/2741 5704/6419/2773 5702/6418/2772
f 5703/6465/2741 5705/6466/2742 5706/6438/2774 5704/6419/2773
f 5705/6466/2742 5708/6467/2743 5707/6440/2775 5706/6438/2774
f 5756/6496/2776 5709/6443/2723 5710/6441/2721 5757/6497/2777
f 5709/6443/2723 5711/6442/2722 5712/6439/2719 5710/6441/2721
f 5711/6442/2722 5713/6468/2744 5714/6420/2700 5712/6439/2719
f 5713/6468/2744 5716/6433/2713 5715/6421/2701 5714/6420/2700
f 5760/6498/2778 5717/6499/2779 5718/6469/2745 5761/6500/2780
f 5717/6499/2779 5719/6501/2781 5720/6457/2735 5718/6469/2745
f 5719/6501/2781 5721/6502/2782 5722/6455/2733 5720/6457/2735
f 5721/6502/2782 5724/6492/2768 5723/6456/2734 5722/6455/2733
f 5764/6503/2783 5725/6451/2729 5726/6504/2784 5765/6505/2785
f 5725/6451/2729 5727/6450/2728 5728/6506/2786 5726/6504/2784
f 5727/6450/2728 5729/6472/2748 5730/6507/2787 5728/6506/2786
f 5729/6472/2748 5732/6447/2726 5731/6493/2770 5730/6507/2787
f 5697/6487/2761 5734/6490/2766 5733/6435/2715 5695/6475/2751
f 5686/6415/2756 5736/6414/2767 5735/6491/2736 5687/6480/2747
f 5677/6476/2752 5738/6494/2771 5737/6449/2727 5678/6463/2740
f 5692/6431/2711 5740/6417/2697 5739/6495/2704 5693/6484/2703
f 5527/6267/2540 5528/6222/2580 5741/6290/2575 5742/6283/2556
f 5538/6236/2511 5464/6235/2510 5749/6282/558 5743/6286/2558
f 5566/6256/2530 5459/6255/2529 5746/6288/2560 5747/6225/2501
f 5547/6258/2532 5548/6309/2587 5748/6298/2569 5745/6289/2561
f 5528/6222/2498 5565/6221/2497 5750/6224/2562 5741/6290/2562
f 5459/6255/2529 5547/6258/2532 5745/6289/2561 5746/6288/2560
f 5537/6304/2582 5538/6236/2511 5743/6286/2558 5744/6285/2557
f 5464/6235/2510 5527/6267/2540 5742/6283/2556 5749/6282/558
f 5565/6221/2497 5566/6256/2530 5747/6225/2501 5750/6224/2500
f 5693/6423/2703 5763/6422/2702 5766/6508/2788 5694/6509/2759
f 5763/6422/2702 5764/6503/2783 5765/6505/2785 5766/6508/2788
f 5700/6510/2763 5759/6511/2789 5762/6461/2738 5698/6460/2737
f 5759/6511/2789 5760/6498/2778 5761/6500/2780 5762/6461/2738
f 5687/6471/2747 5755/6470/2746 5758/6429/2709 5688/6428/2708
f 5755/6470/2746 5756/6496/2776 5757/6497/2777 5758/6429/2709
f 5708/6467/2743 5751/6512/2790 5754/6513/2791 5707/6440/2775
f 5751/6512/2790 5752/6437/2717 5753/6426/2764 5754/6513/2791
f 5709/6443/2723 5756/6496/2776 5770/6514/558 5676/6444/558
f 5756/6496/2776 5755/6470/2746 5769/6458/558 5770/6514/558
f 5676/6444/558 5770/6514/558 5761/6500/2780 5718/6469/2745
f 5770/6514/558 5769/6458/558 5762/6461/2738 5761/6500/2780
f 5672/6452/2730 5767/6515/2792 5751/6512/2790 5708/6467/2743
f 5767/6515/2792 5768/6425/2705 5752/6437/2717 5751/6512/2790
f 5707/6440/2720 5754/6513/2793 5757/6497/2777 5710/6441/2721
f 5754/6513/2793 5753/6426/2706 5758/6429/2709 5757/6497/2777
f 5725/6451/2729 5764/6503/2783 5767/6515/2792 5672/6452/2730
f 5764/6503/2783 5763/6422/2702 5768/6425/2705 5767/6515/2792
