# Blender 5.1.1
# www.blender.org
mtllib table.mtl
o Sphere
v 11.152156 7.241519 2.491651
v 11.152156 7.241519 2.491651
v 11.152156 7.180408 2.400192
v 11.152156 7.142525 2.392657
v 11.152156 7.104641 2.400192
v 11.152156 7.051065 2.453768
v 11.152156 7.043530 2.491651
v 11.152156 7.043530 2.491651
v 11.166653 7.233984 2.456651
v 11.178944 7.212524 2.426980
v 11.187156 7.180408 2.407154
v 11.190040 7.142525 2.400192
v 11.187156 7.104641 2.407154
v 11.178944 7.072525 2.426980
v 11.166653 7.051065 2.456651
v 11.178944 7.233984 2.464863
v 11.201653 7.212524 2.442154
v 11.216826 7.180408 2.426980
v 11.222156 7.142525 2.421651
v 11.216826 7.104641 2.426980
v 11.201653 7.072525 2.442154
v 11.178944 7.051065 2.464863
v 11.187156 7.233984 2.477154
v 11.216826 7.212524 2.464863
v 11.236652 7.180408 2.456651
v 11.243614 7.142525 2.453768
v 11.236652 7.104641 2.456651
v 11.216826 7.072525 2.464863
v 11.187156 7.051065 2.477154
v 11.190040 7.233984 2.491651
v 11.190040 7.233984 2.491651
v 11.222156 7.212524 2.491651
v 11.222156 7.212524 2.491651
v 11.243614 7.180408 2.491651
v 11.243614 7.180408 2.491651
v 11.251150 7.142525 2.491651
v 11.251150 7.142525 2.491651
v 11.243614 7.104641 2.491651
v 11.243614 7.104641 2.491651
v 11.222156 7.072525 2.491651
v 11.222156 7.072525 2.491651
v 11.190040 7.051065 2.491651
v 11.190040 7.051065 2.491651
v 11.187156 7.233984 2.506149
v 11.216826 7.212524 2.518439
v 11.236652 7.180408 2.526651
v 11.243614 7.142525 2.529535
v 11.236652 7.104641 2.526651
v 11.216826 7.072525 2.518439
v 11.187156 7.051065 2.506149
v 11.178944 7.233984 2.518439
v 11.201653 7.212524 2.541148
v 11.216826 7.180408 2.556322
v 11.222156 7.142525 2.561651
v 11.216826 7.104641 2.556322
v 11.201653 7.072525 2.541148
v 11.178944 7.051065 2.518439
v 11.166653 7.233984 2.526651
v 11.178944 7.212524 2.556322
v 11.187156 7.180408 2.576148
v 11.190040 7.142525 2.583110
v 11.187156 7.104641 2.576148
v 11.178944 7.072525 2.556322
v 11.166653 7.051065 2.526651
v 11.152156 7.233984 2.529535
v 11.152156 7.212524 2.561651
v 11.152156 7.180408 2.583110
v 11.152156 7.142525 2.590646
v 11.152156 7.104641 2.583110
v 11.152156 7.072525 2.561651
v 11.152156 7.051065 2.529535
v 11.152156 7.233984 2.453768
v 11.152156 7.212524 2.421652
v 11.152156 7.072525 2.421652
v 11.152156 2.662208 4.829679
v 11.152156 2.662208 4.829679
v 11.152156 2.601097 4.738221
v 11.152156 2.563214 4.730685
v 11.152156 2.525330 4.738221
v 11.152156 2.471755 4.791796
v 11.152156 2.464219 4.829679
v 11.152156 2.464219 4.829679
v 11.166653 2.654672 4.794680
v 11.178944 2.633213 4.765008
v 11.187156 2.601097 4.745183
v 11.190040 2.563214 4.738221
v 11.187156 2.525330 4.745183
v 11.178944 2.493214 4.765008
v 11.166653 2.471755 4.794680
v 11.178944 2.654672 4.802892
v 11.201653 2.633213 4.780182
v 11.216826 2.601097 4.765008
v 11.222156 2.563214 4.759680
v 11.216826 2.525330 4.765008
v 11.201653 2.493214 4.780182
v 11.178944 2.471755 4.802892
v 11.187156 2.654672 4.815182
v 11.216826 2.633213 4.802892
v 11.236652 2.601097 4.794680
v 11.243614 2.563214 4.791796
v 11.236652 2.525330 4.794680
v 11.216826 2.493214 4.802892
v 11.187156 2.471755 4.815182
v 11.190040 2.654672 4.829679
v 11.190040 2.654672 4.829679
v 11.222156 2.633213 4.829679
v 11.222156 2.633213 4.829679
v 11.243614 2.601097 4.829679
v 11.243614 2.601097 4.829679
v 11.251150 2.563214 4.829679
v 11.251150 2.563214 4.829679
v 11.243614 2.525330 4.829679
v 11.243614 2.525330 4.829679
v 11.222156 2.493214 4.829679
v 11.222156 2.493214 4.829679
v 11.190040 2.471755 4.829679
v 11.190040 2.471755 4.829679
v 11.187156 2.654672 4.844177
v 11.216826 2.633213 4.856467
v 11.236652 2.601097 4.864679
v 11.243614 2.563214 4.867563
v 11.236652 2.525330 4.864679
v 11.216826 2.493214 4.856467
v 11.187156 2.471755 4.844177
v 11.178944 2.654672 4.856467
v 11.201653 2.633213 4.879177
v 11.216826 2.601097 4.894351
v 11.222156 2.563214 4.899679
v 11.216826 2.525330 4.894351
v 11.201653 2.493214 4.879177
v 11.178944 2.471755 4.856467
v 11.166653 2.654672 4.864679
v 11.178944 2.633213 4.894351
v 11.187156 2.601097 4.914177
v 11.190040 2.563214 4.921139
v 11.187156 2.525330 4.914177
v 11.178944 2.493214 4.894351
v 11.166653 2.471755 4.864679
v 11.152156 2.654672 4.867563
v 11.152156 2.633213 4.899679
v 11.152156 2.601097 4.921139
v 11.152156 2.563214 4.928674
v 11.152156 2.525330 4.921139
v 11.152156 2.493214 4.899679
v 11.152156 2.471755 4.867563
v 11.152156 2.654672 4.791796
v 11.152156 2.633213 4.759680
v 11.152156 2.493214 4.759680
v 11.152156 2.275224 5.474653
v 11.152156 2.275224 5.474653
v 11.152156 2.214113 5.383194
v 11.152156 2.176230 5.375659
v 11.152156 2.138346 5.383194
v 11.152156 2.084771 5.436769
v 11.152156 2.077235 5.474653
v 11.152156 2.077235 5.474653
v 11.166653 2.267689 5.439653
v 11.178944 2.246229 5.409982
v 11.187156 2.214113 5.390156
v 11.190040 2.176230 5.383194
v 11.187156 2.138346 5.390156
v 11.178944 2.106230 5.409982
v 11.166653 2.084771 5.439653
v 11.178944 2.267689 5.447865
v 11.201653 2.246229 5.425156
v 11.216826 2.214113 5.409982
v 11.222156 2.176230 5.404654
v 11.216826 2.138346 5.409982
v 11.201653 2.106230 5.425156
v 11.178944 2.084771 5.447865
v 11.187156 2.267689 5.460155
v 11.216826 2.246229 5.447865
v 11.236652 2.214113 5.439653
v 11.243614 2.176230 5.436769
v 11.236652 2.138346 5.439653
v 11.216826 2.106230 5.447865
v 11.187156 2.084771 5.460155
v 11.190040 2.267689 5.474653
v 11.190040 2.267689 5.474653
v 11.222156 2.246229 5.474653
v 11.222156 2.246229 5.474653
v 11.243614 2.214113 5.474653
v 11.243614 2.214113 5.474653
v 11.251150 2.176230 5.474653
v 11.251150 2.176230 5.474653
v 11.243614 2.138346 5.474653
v 11.243614 2.138346 5.474653
v 11.222156 2.106230 5.474653
v 11.222156 2.106230 5.474653
v 11.190040 2.084771 5.474653
v 11.190040 2.084771 5.474653
v 11.187156 2.267689 5.489150
v 11.216826 2.246229 5.501441
v 11.236652 2.214113 5.509653
v 11.243614 2.176230 5.512536
v 11.236652 2.138346 5.509653
v 11.216826 2.106230 5.501441
v 11.187156 2.084771 5.489150
v 11.178944 2.267689 5.501441
v 11.201653 2.246229 5.524150
v 11.216826 2.214113 5.539324
v 11.222156 2.176230 5.544653
v 11.216826 2.138346 5.539324
v 11.201653 2.106230 5.524150
v 11.178944 2.084771 5.501441
v 11.166653 2.267689 5.509653
v 11.178944 2.246229 5.539324
v 11.187156 2.214113 5.559150
v 11.190040 2.176230 5.566112
v 11.187156 2.138346 5.559150
v 11.178944 2.106230 5.539324
v 11.166653 2.084771 5.509653
v 11.152156 2.267689 5.512536
v 11.152156 2.246229 5.544653
v 11.152156 2.214113 5.566112
v 11.152156 2.176230 5.573647
v 11.152156 2.138346 5.566112
v 11.152156 2.106230 5.544653
v 11.152156 2.084771 5.512536
v 11.152156 2.267689 5.436769
v 11.152156 2.246229 5.404654
v 11.152156 2.106230 5.404654
v 10.769968 2.676466 6.306251
v 10.769968 2.676466 6.306251
v 10.769968 2.615355 6.214792
v 10.769968 2.577471 6.207256
v 10.769968 2.539588 6.214792
v 10.769968 2.486013 6.268367
v 10.769968 2.478477 6.306251
v 10.769968 2.478477 6.306251
v 10.784465 2.668930 6.271251
v 10.796756 2.647471 6.241579
v 10.804968 2.615355 6.221753
v 10.807851 2.577471 6.214792
v 10.804968 2.539588 6.221753
v 10.796756 2.507472 6.241579
v 10.784465 2.486013 6.271251
v 10.796756 2.668930 6.279463
v 10.819465 2.647471 6.256753
v 10.834639 2.615355 6.241579
v 10.839968 2.577471 6.236251
v 10.834639 2.539588 6.241579
v 10.819465 2.507472 6.256753
v 10.796756 2.486013 6.279463
v 10.804968 2.668930 6.291753
v 10.834639 2.647471 6.279463
v 10.854465 2.615355 6.271251
v 10.861426 2.577471 6.268367
v 10.854465 2.539588 6.271251
v 10.834639 2.507472 6.279463
v 10.804968 2.486013 6.291753
v 10.807851 2.668930 6.306251
v 10.807851 2.668930 6.306251
v 10.839968 2.647471 6.306251
v 10.839968 2.647471 6.306251
v 10.861426 2.615355 6.306251
v 10.861426 2.615355 6.306251
v 10.868962 2.577471 6.306251
v 10.868962 2.577471 6.306251
v 10.861426 2.539588 6.306251
v 10.861426 2.539588 6.306251
v 10.839968 2.507472 6.306251
v 10.839968 2.507472 6.306251
v 10.807851 2.486013 6.306251
v 10.807851 2.486013 6.306251
v 10.804968 2.668930 6.320748
v 10.834639 2.647471 6.333038
v 10.854465 2.615355 6.341250
v 10.861426 2.577471 6.344134
v 10.854465 2.539588 6.341250
v 10.834639 2.507472 6.333038
v 10.804968 2.486013 6.320748
v 10.796756 2.668930 6.333038
v 10.819465 2.647471 6.355748
v 10.834639 2.615355 6.370922
v 10.839968 2.577471 6.376250
v 10.834639 2.539588 6.370922
v 10.819465 2.507472 6.355748
v 10.796756 2.486013 6.333038
v 10.784465 2.668930 6.341250
v 10.796756 2.647471 6.370922
v 10.804968 2.615355 6.390748
v 10.807851 2.577471 6.397709
v 10.804968 2.539588 6.390748
v 10.796756 2.507472 6.370922
v 10.784465 2.486013 6.341250
v 10.769968 2.668930 6.344134
v 10.769968 2.647471 6.376250
v 10.769968 2.615355 6.397709
v 10.769968 2.577471 6.405245
v 10.769968 2.539588 6.397709
v 10.769968 2.507472 6.376250
v 10.769968 2.486013 6.344134
v 10.769968 2.668930 6.268367
v 10.769968 2.647471 6.236251
v 10.769968 2.507472 6.236251
v 10.769968 2.676466 8.861882
v 10.769968 2.676466 8.861882
v 10.769968 2.615355 8.770423
v 10.769968 2.577471 8.762888
v 10.769968 2.539588 8.770423
v 10.769968 2.486013 8.823998
v 10.769968 2.478477 8.861882
v 10.769968 2.478477 8.861882
v 10.784465 2.668930 8.826882
v 10.796756 2.647471 8.797211
v 10.804968 2.615355 8.777385
v 10.807851 2.577471 8.770423
v 10.804968 2.539588 8.777385
v 10.796756 2.507472 8.797211
v 10.784465 2.486013 8.826882
v 10.796756 2.668930 8.835094
v 10.819465 2.647471 8.812385
v 10.834639 2.615355 8.797211
v 10.839968 2.577471 8.791883
v 10.834639 2.539588 8.797211
v 10.819465 2.507472 8.812385
v 10.796756 2.486013 8.835094
v 10.804968 2.668930 8.847384
v 10.834639 2.647471 8.835094
v 10.854465 2.615355 8.826882
v 10.861426 2.577471 8.823998
v 10.854465 2.539588 8.826882
v 10.834639 2.507472 8.835094
v 10.804968 2.486013 8.847384
v 10.807851 2.668930 8.861882
v 10.807851 2.668930 8.861882
v 10.839968 2.647471 8.861882
v 10.839968 2.647471 8.861882
v 10.861426 2.615355 8.861882
v 10.861426 2.615355 8.861882
v 10.868962 2.577471 8.861882
v 10.868962 2.577471 8.861882
v 10.861426 2.539588 8.861882
v 10.861426 2.539588 8.861882
v 10.839968 2.507472 8.861882
v 10.839968 2.507472 8.861882
v 10.807851 2.486013 8.861882
v 10.807851 2.486013 8.861882
v 10.804968 2.668930 8.876379
v 10.834639 2.647471 8.888670
v 10.854465 2.615355 8.896881
v 10.861426 2.577471 8.899765
v 10.854465 2.539588 8.896881
v 10.834639 2.507472 8.888670
v 10.804968 2.486013 8.876379
v 10.796756 2.668930 8.888670
v 10.819465 2.647471 8.911379
v 10.834639 2.615355 8.926554
v 10.839968 2.577471 8.931881
v 10.834639 2.539588 8.926554
v 10.819465 2.507472 8.911379
v 10.796756 2.486013 8.888670
v 10.784465 2.668930 8.896881
v 10.796756 2.647471 8.926554
v 10.804968 2.615355 8.946379
v 10.807851 2.577471 8.953341
v 10.804968 2.539588 8.946379
v 10.796756 2.507472 8.926554
v 10.784465 2.486013 8.896881
v 10.769968 2.668930 8.899765
v 10.769968 2.647471 8.931881
v 10.769968 2.615355 8.953341
v 10.769968 2.577471 8.960876
v 10.769968 2.539588 8.953341
v 10.769968 2.507472 8.931881
v 10.769968 2.486013 8.899765
v 10.769968 2.668930 8.823998
v 10.769968 2.647471 8.791883
v 10.769968 2.507472 8.791883
v -11.187426 7.241519 2.491651
v -11.187426 7.241519 2.491651
v -11.187426 7.180408 2.400192
v -11.187426 7.142525 2.392657
v -11.187426 7.104641 2.400192
v -11.187426 7.051065 2.453768
v -11.187426 7.043530 2.491651
v -11.187426 7.043530 2.491651
v -11.201923 7.233984 2.456651
v -11.214212 7.212524 2.426980
v -11.222425 7.180408 2.407154
v -11.225309 7.142525 2.400192
v -11.222425 7.104641 2.407154
v -11.214212 7.072525 2.426980
v -11.201923 7.051065 2.456651
v -11.214212 7.233984 2.464864
v -11.236923 7.212524 2.442154
v -11.252096 7.180408 2.426980
v -11.257425 7.142525 2.421652
v -11.252096 7.104641 2.426980
v -11.236923 7.072525 2.442154
v -11.214212 7.051065 2.464864
v -11.222425 7.233984 2.477154
v -11.252096 7.212524 2.464864
v -11.271923 7.180408 2.456651
v -11.278885 7.142525 2.453768
v -11.271923 7.104641 2.456651
v -11.252096 7.072525 2.464864
v -11.222425 7.051065 2.477154
v -11.225309 7.233984 2.491651
v -11.225309 7.233984 2.491651
v -11.257425 7.212524 2.491651
v -11.257425 7.212524 2.491651
v -11.278885 7.180408 2.491651
v -11.278885 7.180408 2.491651
v -11.286421 7.142525 2.491651
v -11.286421 7.142525 2.491651
v -11.278885 7.104641 2.491651
v -11.278885 7.104641 2.491651
v -11.257425 7.072525 2.491651
v -11.257425 7.072525 2.491651
v -11.225309 7.051065 2.491651
v -11.225309 7.051065 2.491651
v -11.222425 7.233984 2.506149
v -11.252096 7.212524 2.518439
v -11.271923 7.180408 2.526651
v -11.278885 7.142525 2.529535
v -11.271923 7.104641 2.526651
v -11.252096 7.072525 2.518439
v -11.222425 7.051065 2.506149
v -11.214212 7.233984 2.518439
v -11.236921 7.212524 2.541148
v -11.252096 7.180408 2.556323
v -11.257425 7.142525 2.561651
v -11.252096 7.104641 2.556323
v -11.236921 7.072525 2.541148
v -11.214212 7.051065 2.518439
v -11.201923 7.233984 2.526651
v -11.214212 7.212524 2.556323
v -11.222425 7.180408 2.576148
v -11.225309 7.142525 2.583110
v -11.222425 7.104641 2.576148
v -11.214212 7.072525 2.556323
v -11.201923 7.051065 2.526651
v -11.187426 7.233984 2.529535
v -11.187426 7.212524 2.561651
v -11.187426 7.180408 2.583110
v -11.187426 7.142525 2.590646
v -11.187426 7.104641 2.583110
v -11.187426 7.072525 2.561651
v -11.187426 7.051065 2.529535
v -11.187426 7.233984 2.453768
v -11.187426 7.212524 2.421652
v -11.187426 7.072525 2.421652
v -11.187426 2.662208 4.829679
v -11.187426 2.662208 4.829679
v -11.187426 2.601097 4.738221
v -11.187426 2.563214 4.730685
v -11.187426 2.525330 4.738221
v -11.187426 2.471755 4.791796
v -11.187426 2.464219 4.829679
v -11.187426 2.464219 4.829679
v -11.201923 2.654672 4.794680
v -11.214212 2.633213 4.765008
v -11.222425 2.601097 4.745183
v -11.225309 2.563214 4.738221
v -11.222425 2.525330 4.745183
v -11.214212 2.493214 4.765008
v -11.201923 2.471755 4.794680
v -11.214212 2.654672 4.802892
v -11.236923 2.633213 4.780183
v -11.252096 2.601097 4.765008
v -11.257425 2.563214 4.759680
v -11.252096 2.525330 4.765008
v -11.236923 2.493214 4.780183
v -11.214212 2.471755 4.802892
v -11.222425 2.654672 4.815183
v -11.252096 2.633213 4.802892
v -11.271923 2.601097 4.794680
v -11.278885 2.563214 4.791796
v -11.271923 2.525330 4.794680
v -11.252096 2.493214 4.802892
v -11.222425 2.471755 4.815183
v -11.225309 2.654672 4.829679
v -11.225309 2.654672 4.829679
v -11.257425 2.633213 4.829679
v -11.257425 2.633213 4.829679
v -11.278885 2.601097 4.829679
v -11.278885 2.601097 4.829679
v -11.286421 2.563214 4.829679
v -11.286421 2.563214 4.829679
v -11.278885 2.525330 4.829679
v -11.278885 2.525330 4.829679
v -11.257425 2.493214 4.829679
v -11.257425 2.493214 4.829679
v -11.225309 2.471755 4.829679
v -11.225309 2.471755 4.829679
v -11.222425 2.654672 4.844177
v -11.252096 2.633213 4.856467
v -11.271923 2.601097 4.864679
v -11.278885 2.563214 4.867563
v -11.271923 2.525330 4.864679
v -11.252096 2.493214 4.856467
v -11.222425 2.471755 4.844177
v -11.214212 2.654672 4.856467
v -11.236921 2.633213 4.879177
v -11.252096 2.601097 4.894351
v -11.257425 2.563214 4.899679
v -11.252096 2.525330 4.894351
v -11.236921 2.493214 4.879177
v -11.214212 2.471755 4.856467
v -11.201923 2.654672 4.864679
v -11.214212 2.633213 4.894351
v -11.222425 2.601097 4.914177
v -11.225309 2.563214 4.921139
v -11.222425 2.525330 4.914177
v -11.214212 2.493214 4.894351
v -11.201923 2.471755 4.864679
v -11.187426 2.654672 4.867563
v -11.187426 2.633213 4.899679
v -11.187426 2.601097 4.921139
v -11.187426 2.563214 4.928674
v -11.187426 2.525330 4.921139
v -11.187426 2.493214 4.899679
v -11.187426 2.471755 4.867563
v -11.187426 2.654672 4.791796
v -11.187426 2.633213 4.759680
v -11.187426 2.493214 4.759680
v -11.187426 2.275224 5.474653
v -11.187426 2.275224 5.474653
v -11.187426 2.214113 5.383194
v -11.187426 2.176230 5.375659
v -11.187426 2.138346 5.383194
v -11.187426 2.084771 5.436769
v -11.187426 2.077235 5.474653
v -11.187426 2.077235 5.474653
v -11.201923 2.267689 5.439653
v -11.214212 2.246229 5.409982
v -11.222425 2.214113 5.390156
v -11.225309 2.176230 5.383194
v -11.222425 2.138346 5.390156
v -11.214212 2.106230 5.409982
v -11.201923 2.084771 5.439653
v -11.214212 2.267689 5.447865
v -11.236923 2.246229 5.425156
v -11.252096 2.214113 5.409982
v -11.257425 2.176230 5.404654
v -11.252096 2.138346 5.409982
v -11.236923 2.106230 5.425156
v -11.214212 2.084771 5.447865
v -11.222425 2.267689 5.460155
v -11.252096 2.246229 5.447865
v -11.271923 2.214113 5.439653
v -11.278885 2.176230 5.436769
v -11.271923 2.138346 5.439653
v -11.252096 2.106230 5.447865
v -11.222425 2.084771 5.460155
v -11.225309 2.267689 5.474653
v -11.225309 2.267689 5.474653
v -11.257425 2.246229 5.474653
v -11.257425 2.246229 5.474653
v -11.278885 2.214113 5.474653
v -11.278885 2.214113 5.474653
v -11.286421 2.176230 5.474653
v -11.286421 2.176230 5.474653
v -11.278885 2.138346 5.474653
v -11.278885 2.138346 5.474653
v -11.257425 2.106230 5.474653
v -11.257425 2.106230 5.474653
v -11.225309 2.084771 5.474653
v -11.225309 2.084771 5.474653
v -11.222425 2.267689 5.489151
v -11.252096 2.246229 5.501441
v -11.271923 2.214113 5.509653
v -11.278885 2.176230 5.512537
v -11.271923 2.138346 5.509653
v -11.252096 2.106230 5.501441
v -11.222425 2.084771 5.489151
v -11.214212 2.267689 5.501441
v -11.236921 2.246229 5.524150
v -11.252096 2.214113 5.539325
v -11.257425 2.176230 5.544653
v -11.252096 2.138346 5.539325
v -11.236921 2.106230 5.524150
v -11.214212 2.084771 5.501441
v -11.201923 2.267689 5.509653
v -11.214212 2.246229 5.539325
v -11.222425 2.214113 5.559150
v -11.225309 2.176230 5.566112
v -11.222425 2.138346 5.559150
v -11.214212 2.106230 5.539325
v -11.201923 2.084771 5.509653
v -11.187426 2.267689 5.512537
v -11.187426 2.246229 5.544653
v -11.187426 2.214113 5.566112
v -11.187426 2.176230 5.573647
v -11.187426 2.138346 5.566112
v -11.187426 2.106230 5.544653
v -11.187426 2.084771 5.512537
v -11.187426 2.267689 5.436769
v -11.187426 2.246229 5.404654
v -11.187426 2.106230 5.404654
v -10.805237 2.676466 6.306251
v -10.805237 2.676466 6.306251
v -10.805237 2.615355 6.214792
v -10.805237 2.577471 6.207256
v -10.805237 2.539588 6.214792
v -10.805237 2.486013 6.268367
v -10.805237 2.478477 6.306251
v -10.805237 2.478477 6.306251
v -10.819735 2.668930 6.271251
v -10.832024 2.647471 6.241580
v -10.840237 2.615355 6.221754
v -10.843121 2.577471 6.214792
v -10.840237 2.539588 6.221754
v -10.832024 2.507472 6.241580
v -10.819735 2.486013 6.271251
v -10.832024 2.668930 6.279463
v -10.854734 2.647471 6.256754
v -10.869909 2.615355 6.241580
v -10.875237 2.577471 6.236251
v -10.869909 2.539588 6.241580
v -10.854734 2.507472 6.256754
v -10.832024 2.486013 6.279463
v -10.840237 2.668930 6.291754
v -10.869909 2.647471 6.279463
v -10.889734 2.615355 6.271251
v -10.896696 2.577471 6.268367
v -10.889734 2.539588 6.271251
v -10.869909 2.507472 6.279463
v -10.840237 2.486013 6.291754
v -10.843121 2.668930 6.306251
v -10.843121 2.668930 6.306251
v -10.875237 2.647471 6.306251
v -10.875237 2.647471 6.306251
v -10.896696 2.615355 6.306251
v -10.896696 2.615355 6.306251
v -10.904230 2.577471 6.306251
v -10.904230 2.577471 6.306251
v -10.896696 2.539588 6.306251
v -10.896696 2.539588 6.306251
v -10.875237 2.507472 6.306251
v -10.875237 2.507472 6.306251
v -10.843121 2.486013 6.306251
v -10.843121 2.486013 6.306251
v -10.840237 2.668930 6.320748
v -10.869909 2.647471 6.333038
v -10.889734 2.615355 6.341250
v -10.896696 2.577471 6.344134
v -10.889734 2.539588 6.341250
v -10.869909 2.507472 6.333038
v -10.840237 2.486013 6.320748
v -10.832024 2.668930 6.333038
v -10.854734 2.647471 6.355748
v -10.869909 2.615355 6.370922
v -10.875237 2.577471 6.376250
v -10.869909 2.539588 6.370922
v -10.854734 2.507472 6.355748
v -10.832024 2.486013 6.333038
v -10.819735 2.668930 6.341250
v -10.832024 2.647471 6.370922
v -10.840237 2.615355 6.390748
v -10.843121 2.577471 6.397709
v -10.840237 2.539588 6.390748
v -10.832024 2.507472 6.370922
v -10.819735 2.486013 6.341250
v -10.805237 2.668930 6.344134
v -10.805237 2.647471 6.376250
v -10.805237 2.615355 6.397709
v -10.805237 2.577471 6.405245
v -10.805237 2.539588 6.397709
v -10.805237 2.507472 6.376250
v -10.805237 2.486013 6.344134
v -10.805239 2.668930 6.268367
v -10.805239 2.647471 6.236251
v -10.805239 2.507472 6.236251
v -10.805237 2.676466 8.861882
v -10.805237 2.676466 8.861882
v -10.805237 2.615355 8.770424
v -10.805237 2.577471 8.762888
v -10.805237 2.539588 8.770424
v -10.805237 2.486013 8.823998
v -10.805237 2.478477 8.861882
v -10.805237 2.478477 8.861882
v -10.819735 2.668930 8.826882
v -10.832024 2.647471 8.797211
v -10.840237 2.615355 8.777385
v -10.843121 2.577471 8.770424
v -10.840237 2.539588 8.777385
v -10.832024 2.507472 8.797211
v -10.819735 2.486013 8.826882
v -10.832024 2.668930 8.835094
v -10.854734 2.647471 8.812385
v -10.869909 2.615355 8.797211
v -10.875237 2.577471 8.791883
v -10.869909 2.539588 8.797211
v -10.854734 2.507472 8.812385
v -10.832024 2.486013 8.835094
v -10.840237 2.668930 8.847384
v -10.869909 2.647471 8.835094
v -10.889734 2.615355 8.826882
v -10.896696 2.577471 8.823998
v -10.889734 2.539588 8.826882
v -10.869909 2.507472 8.835094
v -10.840237 2.486013 8.847384
v -10.843121 2.668930 8.861882
v -10.843121 2.668930 8.861882
v -10.875237 2.647471 8.861882
v -10.875237 2.647471 8.861882
v -10.896696 2.615355 8.861882
v -10.896696 2.615355 8.861882
v -10.904230 2.577471 8.861882
v -10.904230 2.577471 8.861882
v -10.896696 2.539588 8.861882
v -10.896696 2.539588 8.861882
v -10.875237 2.507472 8.861882
v -10.875237 2.507472 8.861882
v -10.843121 2.486013 8.861882
v -10.843121 2.486013 8.861882
v -10.840237 2.668930 8.876379
v -10.869909 2.647471 8.888670
v -10.889734 2.615355 8.896881
v -10.896696 2.577471 8.899765
v -10.889734 2.539588 8.896881
v -10.869909 2.507472 8.888670
v -10.840237 2.486013 8.876379
v -10.832024 2.668930 8.888670
v -10.854734 2.647471 8.911379
v -10.869909 2.615355 8.926554
v -10.875237 2.577471 8.931881
v -10.869909 2.539588 8.926554
v -10.854734 2.507472 8.911379
v -10.832024 2.486013 8.888670
v -10.819735 2.668930 8.896881
v -10.832024 2.647471 8.926554
v -10.840237 2.615355 8.946379
v -10.843121 2.577471 8.953341
v -10.840237 2.539588 8.946379
v -10.832024 2.507472 8.926554
v -10.819735 2.486013 8.896881
v -10.805237 2.668930 8.899765
v -10.805237 2.647471 8.931881
v -10.805237 2.615355 8.953341
v -10.805237 2.577471 8.960876
v -10.805237 2.539588 8.953341
v -10.805237 2.507472 8.931881
v -10.805237 2.486013 8.899765
v -10.805239 2.668930 8.823998
v -10.805239 2.647471 8.791883
v -10.805239 2.507472 8.791883
v 11.152156 7.241519 -2.539361
v 11.152156 7.241519 -2.539361
v 11.152156 7.180408 -2.447902
v 11.152156 7.142525 -2.440367
v 11.152156 7.104641 -2.447902
v 11.152156 7.051065 -2.501478
v 11.152156 7.043530 -2.539361
v 11.152156 7.043530 -2.539361
v 11.166653 7.233984 -2.504362
v 11.178944 7.212524 -2.474691
v 11.187156 7.180408 -2.454865
v 11.190040 7.142525 -2.447902
v 11.187156 7.104641 -2.454865
v 11.178944 7.072525 -2.474691
v 11.166653 7.051065 -2.504362
v 11.178944 7.233984 -2.512574
v 11.201653 7.212524 -2.489865
v 11.216826 7.180408 -2.474691
v 11.222156 7.142525 -2.469362
v 11.216826 7.104641 -2.474691
v 11.201653 7.072525 -2.489865
v 11.178944 7.051065 -2.512574
v 11.187156 7.233984 -2.524864
v 11.216826 7.212524 -2.512574
v 11.236652 7.180408 -2.504362
v 11.243614 7.142525 -2.501478
v 11.236652 7.104641 -2.504362
v 11.216826 7.072525 -2.512574
v 11.187156 7.051065 -2.524864
v 11.190040 7.233984 -2.539361
v 11.190040 7.233984 -2.539361
v 11.222156 7.212524 -2.539361
v 11.222156 7.212524 -2.539361
v 11.243614 7.180408 -2.539361
v 11.243614 7.180408 -2.539361
v 11.251150 7.142525 -2.539361
v 11.251150 7.142525 -2.539361
v 11.243614 7.104641 -2.539361
v 11.243614 7.104641 -2.539361
v 11.222156 7.072525 -2.539361
v 11.222156 7.072525 -2.539361
v 11.190040 7.051065 -2.539361
v 11.190040 7.051065 -2.539361
v 11.187156 7.233984 -2.553859
v 11.216826 7.212524 -2.566149
v 11.236652 7.180408 -2.574361
v 11.243614 7.142525 -2.577245
v 11.236652 7.104641 -2.574361
v 11.216826 7.072525 -2.566149
v 11.187156 7.051065 -2.553859
v 11.178944 7.233984 -2.566149
v 11.201653 7.212524 -2.588859
v 11.216826 7.180408 -2.604033
v 11.222156 7.142525 -2.609361
v 11.216826 7.104641 -2.604033
v 11.201653 7.072525 -2.588859
v 11.178944 7.051065 -2.566149
v 11.166653 7.233984 -2.574361
v 11.178944 7.212524 -2.604033
v 11.187156 7.180408 -2.623858
v 11.190040 7.142525 -2.630821
v 11.187156 7.104641 -2.623858
v 11.178944 7.072525 -2.604033
v 11.166653 7.051065 -2.574361
v 11.152156 7.233984 -2.577245
v 11.152156 7.212524 -2.609361
v 11.152156 7.180408 -2.630821
v 11.152156 7.142525 -2.638356
v 11.152156 7.104641 -2.630821
v 11.152156 7.072525 -2.609361
v 11.152156 7.051065 -2.577245
v 11.152156 7.233984 -2.501478
v 11.152156 7.212524 -2.469362
v 11.152156 7.072525 -2.469362
v 11.152156 2.662208 -4.877389
v 11.152156 2.662208 -4.877389
v 11.152156 2.601097 -4.785931
v 11.152156 2.563214 -4.778395
v 11.152156 2.525330 -4.785931
v 11.152156 2.471755 -4.839507
v 11.152156 2.464219 -4.877389
v 11.152156 2.464219 -4.877389
v 11.166653 2.654672 -4.842390
v 11.178944 2.633213 -4.812719
v 11.187156 2.601097 -4.792893
v 11.190040 2.563214 -4.785931
v 11.187156 2.525330 -4.792893
v 11.178944 2.493214 -4.812719
v 11.166653 2.471755 -4.842390
v 11.178944 2.654672 -4.850602
v 11.201653 2.633213 -4.827893
v 11.216826 2.601097 -4.812719
v 11.222156 2.563214 -4.807390
v 11.216826 2.525330 -4.812719
v 11.201653 2.493214 -4.827893
v 11.178944 2.471755 -4.850602
v 11.187156 2.654672 -4.862893
v 11.216826 2.633213 -4.850602
v 11.236652 2.601097 -4.842390
v 11.243614 2.563214 -4.839507
v 11.236652 2.525330 -4.842390
v 11.216826 2.493214 -4.850602
v 11.187156 2.471755 -4.862893
v 11.190040 2.654672 -4.877389
v 11.190040 2.654672 -4.877389
v 11.222156 2.633213 -4.877389
v 11.222156 2.633213 -4.877389
v 11.243614 2.601097 -4.877389
v 11.243614 2.601097 -4.877389
v 11.251150 2.563214 -4.877389
v 11.251150 2.563214 -4.877389
v 11.243614 2.525330 -4.877389
v 11.243614 2.525330 -4.877389
v 11.222156 2.493214 -4.877389
v 11.222156 2.493214 -4.877389
v 11.190040 2.471755 -4.877389
v 11.190040 2.471755 -4.877389
v 11.187156 2.654672 -4.891887
v 11.216826 2.633213 -4.904177
v 11.236652 2.601097 -4.912389
v 11.243614 2.563214 -4.915273
v 11.236652 2.525330 -4.912389
v 11.216826 2.493214 -4.904177
v 11.187156 2.471755 -4.891887
v 11.178944 2.654672 -4.904177
v 11.201653 2.633213 -4.926887
v 11.216826 2.601097 -4.942061
v 11.222156 2.563214 -4.947389
v 11.216826 2.525330 -4.942061
v 11.201653 2.493214 -4.926887
v 11.178944 2.471755 -4.904177
v 11.166653 2.654672 -4.912389
v 11.178944 2.633213 -4.942061
v 11.187156 2.601097 -4.961887
v 11.190040 2.563214 -4.968849
v 11.187156 2.525330 -4.961887
v 11.178944 2.493214 -4.942061
v 11.166653 2.471755 -4.912389
v 11.152156 2.654672 -4.915273
v 11.152156 2.633213 -4.947389
v 11.152156 2.601097 -4.968849
v 11.152156 2.563214 -4.976385
v 11.152156 2.525330 -4.968849
v 11.152156 2.493214 -4.947389
v 11.152156 2.471755 -4.915273
v 11.152156 2.654672 -4.839507
v 11.152156 2.633213 -4.807390
v 11.152156 2.493214 -4.807390
v 11.152156 2.275224 -5.522363
v 11.152156 2.275224 -5.522363
v 11.152156 2.214113 -5.430904
v 11.152156 2.176230 -5.423369
v 11.152156 2.138346 -5.430904
v 11.152156 2.084771 -5.484480
v 11.152156 2.077235 -5.522363
v 11.152156 2.077235 -5.522363
v 11.166653 2.267689 -5.487363
v 11.178944 2.246229 -5.457692
v 11.187156 2.214113 -5.437867
v 11.190040 2.176230 -5.430904
v 11.187156 2.138346 -5.437867
v 11.178944 2.106230 -5.457692
v 11.166653 2.084771 -5.487363
v 11.178944 2.267689 -5.495575
v 11.201653 2.246229 -5.472867
v 11.216826 2.214113 -5.457692
v 11.222156 2.176230 -5.452363
v 11.216826 2.138346 -5.457692
v 11.201653 2.106230 -5.472867
v 11.178944 2.084771 -5.495575
v 11.187156 2.267689 -5.507866
v 11.216826 2.246229 -5.495575
v 11.236652 2.214113 -5.487363
v 11.243614 2.176230 -5.484480
v 11.236652 2.138346 -5.487363
v 11.216826 2.106230 -5.495575
v 11.187156 2.084771 -5.507866
v 11.190040 2.267689 -5.522363
v 11.190040 2.267689 -5.522363
v 11.222156 2.246229 -5.522363
v 11.222156 2.246229 -5.522363
v 11.243614 2.214113 -5.522363
v 11.243614 2.214113 -5.522363
v 11.251150 2.176230 -5.522363
v 11.251150 2.176230 -5.522363
v 11.243614 2.138346 -5.522363
v 11.243614 2.138346 -5.522363
v 11.222156 2.106230 -5.522363
v 11.222156 2.106230 -5.522363
v 11.190040 2.084771 -5.522363
v 11.190040 2.084771 -5.522363
v 11.187156 2.267689 -5.536861
v 11.216826 2.246229 -5.549152
v 11.236652 2.214113 -5.557363
v 11.243614 2.176230 -5.560247
v 11.236652 2.138346 -5.557363
v 11.216826 2.106230 -5.549152
v 11.187156 2.084771 -5.536861
v 11.178944 2.267689 -5.549152
v 11.201653 2.246229 -5.571861
v 11.216826 2.214113 -5.587035
v 11.222156 2.176230 -5.592363
v 11.216826 2.138346 -5.587035
v 11.201653 2.106230 -5.571861
v 11.178944 2.084771 -5.549152
v 11.166653 2.267689 -5.557363
v 11.178944 2.246229 -5.587035
v 11.187156 2.214113 -5.606861
v 11.190040 2.176230 -5.613822
v 11.187156 2.138346 -5.606861
v 11.178944 2.106230 -5.587035
v 11.166653 2.084771 -5.557363
v 11.152156 2.267689 -5.560247
v 11.152156 2.246229 -5.592363
v 11.152156 2.214113 -5.613822
v 11.152156 2.176230 -5.621358
v 11.152156 2.138346 -5.613822
v 11.152156 2.106230 -5.592363
v 11.152156 2.084771 -5.560247
v 11.152156 2.267689 -5.484480
v 11.152156 2.246229 -5.452363
v 11.152156 2.106230 -5.452363
v 10.769968 2.676466 -6.353961
v 10.769968 2.676466 -6.353961
v 10.769968 2.615355 -6.262502
v 10.769968 2.577471 -6.254966
v 10.769968 2.539588 -6.262502
v 10.769968 2.486013 -6.316078
v 10.769968 2.478477 -6.353961
v 10.769968 2.478477 -6.353961
v 10.784465 2.668930 -6.318962
v 10.796756 2.647471 -6.289290
v 10.804968 2.615355 -6.269464
v 10.807851 2.577471 -6.262502
v 10.804968 2.539588 -6.269464
v 10.796756 2.507472 -6.289290
v 10.784465 2.486013 -6.318962
v 10.796756 2.668930 -6.327173
v 10.819465 2.647471 -6.304464
v 10.834639 2.615355 -6.289290
v 10.839968 2.577471 -6.283961
v 10.834639 2.539588 -6.289290
v 10.819465 2.507472 -6.304464
v 10.796756 2.486013 -6.327173
v 10.804968 2.668930 -6.339464
v 10.834639 2.647471 -6.327173
v 10.854465 2.615355 -6.318962
v 10.861426 2.577471 -6.316078
v 10.854465 2.539588 -6.318962
v 10.834639 2.507472 -6.327173
v 10.804968 2.486013 -6.339464
v 10.807851 2.668930 -6.353961
v 10.807851 2.668930 -6.353961
v 10.839968 2.647471 -6.353961
v 10.839968 2.647471 -6.353961
v 10.861426 2.615355 -6.353961
v 10.861426 2.615355 -6.353961
v 10.868962 2.577471 -6.353961
v 10.868962 2.577471 -6.353961
v 10.861426 2.539588 -6.353961
v 10.861426 2.539588 -6.353961
v 10.839968 2.507472 -6.353961
v 10.839968 2.507472 -6.353961
v 10.807851 2.486013 -6.353961
v 10.807851 2.486013 -6.353961
v 10.804968 2.668930 -6.368459
v 10.834639 2.647471 -6.380748
v 10.854465 2.615355 -6.388961
v 10.861426 2.577471 -6.391845
v 10.854465 2.539588 -6.388961
v 10.834639 2.507472 -6.380748
v 10.804968 2.486013 -6.368459
v 10.796756 2.668930 -6.380748
v 10.819465 2.647471 -6.403458
v 10.834639 2.615355 -6.418633
v 10.839968 2.577471 -6.423960
v 10.834639 2.539588 -6.418633
v 10.819465 2.507472 -6.403458
v 10.796756 2.486013 -6.380748
v 10.784465 2.668930 -6.388961
v 10.796756 2.647471 -6.418633
v 10.804968 2.615355 -6.438459
v 10.807851 2.577471 -6.445420
v 10.804968 2.539588 -6.438459
v 10.796756 2.507472 -6.418633
v 10.784465 2.486013 -6.388961
v 10.769968 2.668930 -6.391845
v 10.769968 2.647471 -6.423960
v 10.769968 2.615355 -6.445420
v 10.769968 2.577471 -6.452955
v 10.769968 2.539588 -6.445420
v 10.769968 2.507472 -6.423960
v 10.769968 2.486013 -6.391845
v 10.769968 2.668930 -6.316078
v 10.769968 2.647471 -6.283961
v 10.769968 2.507472 -6.283961
v 10.769968 2.676466 -8.909594
v 10.769968 2.676466 -8.909594
v 10.769968 2.615355 -8.818134
v 10.769968 2.577471 -8.810598
v 10.769968 2.539588 -8.818134
v 10.769968 2.486013 -8.871710
v 10.769968 2.478477 -8.909594
v 10.769968 2.478477 -8.909594
v 10.784465 2.668930 -8.874594
v 10.796756 2.647471 -8.844921
v 10.804968 2.615355 -8.825096
v 10.807851 2.577471 -8.818134
v 10.804968 2.539588 -8.825096
v 10.796756 2.507472 -8.844921
v 10.784465 2.486013 -8.874594
v 10.796756 2.668930 -8.882805
v 10.819465 2.647471 -8.860096
v 10.834639 2.615355 -8.844921
v 10.839968 2.577471 -8.839594
v 10.834639 2.539588 -8.844921
v 10.819465 2.507472 -8.860096
v 10.796756 2.486013 -8.882805
v 10.804968 2.668930 -8.895096
v 10.834639 2.647471 -8.882805
v 10.854465 2.615355 -8.874594
v 10.861426 2.577471 -8.871710
v 10.854465 2.539588 -8.874594
v 10.834639 2.507472 -8.882805
v 10.804968 2.486013 -8.895096
v 10.807851 2.668930 -8.909594
v 10.807851 2.668930 -8.909594
v 10.839968 2.647471 -8.909594
v 10.839968 2.647471 -8.909594
v 10.861426 2.615355 -8.909594
v 10.861426 2.615355 -8.909594
v 10.868962 2.577471 -8.909594
v 10.868962 2.577471 -8.909594
v 10.861426 2.539588 -8.909594
v 10.861426 2.539588 -8.909594
v 10.839968 2.507472 -8.909594
v 10.839968 2.507472 -8.909594
v 10.807851 2.486013 -8.909594
v 10.807851 2.486013 -8.909594
v 10.804968 2.668930 -8.924089
v 10.834639 2.647471 -8.936380
v 10.854465 2.615355 -8.944593
v 10.861426 2.577471 -8.947475
v 10.854465 2.539588 -8.944593
v 10.834639 2.507472 -8.936380
v 10.804968 2.486013 -8.924089
v 10.796756 2.668930 -8.936380
v 10.819465 2.647471 -8.959089
v 10.834639 2.615355 -8.974264
v 10.839968 2.577471 -8.979593
v 10.834639 2.539588 -8.974264
v 10.819465 2.507472 -8.959089
v 10.796756 2.486013 -8.936380
v 10.784465 2.668930 -8.944593
v 10.796756 2.647471 -8.974264
v 10.804968 2.615355 -8.994089
v 10.807851 2.577471 -9.001051
v 10.804968 2.539588 -8.994089
v 10.796756 2.507472 -8.974264
v 10.784465 2.486013 -8.944593
v 10.769968 2.668930 -8.947475
v 10.769968 2.647471 -8.979593
v 10.769968 2.615355 -9.001051
v 10.769968 2.577471 -9.008587
v 10.769968 2.539588 -9.001051
v 10.769968 2.507472 -8.979593
v 10.769968 2.486013 -8.947475
v 10.769968 2.668930 -8.871710
v 10.769968 2.647471 -8.839594
v 10.769968 2.507472 -8.839594
v -11.187426 7.241519 -2.539361
v -11.187426 7.241519 -2.539361
v -11.187426 7.180408 -2.447903
v -11.187426 7.142525 -2.440367
v -11.187426 7.104641 -2.447903
v -11.187426 7.051065 -2.501479
v -11.187426 7.043530 -2.539361
v -11.187426 7.043530 -2.539361
v -11.201923 7.233984 -2.504362
v -11.214212 7.212524 -2.474691
v -11.222425 7.180408 -2.454865
v -11.225309 7.142525 -2.447903
v -11.222425 7.104641 -2.454865
v -11.214212 7.072525 -2.474691
v -11.201923 7.051065 -2.504362
v -11.214212 7.233984 -2.512574
v -11.236923 7.212524 -2.489865
v -11.252096 7.180408 -2.474691
v -11.257425 7.142525 -2.469362
v -11.252096 7.104641 -2.474691
v -11.236923 7.072525 -2.489865
v -11.214212 7.051065 -2.512574
v -11.222425 7.233984 -2.524865
v -11.252096 7.212524 -2.512574
v -11.271923 7.180408 -2.504362
v -11.278885 7.142525 -2.501479
v -11.271923 7.104641 -2.504362
v -11.252096 7.072525 -2.512574
v -11.222425 7.051065 -2.524865
v -11.225309 7.233984 -2.539361
v -11.225309 7.233984 -2.539361
v -11.257425 7.212524 -2.539361
v -11.257425 7.212524 -2.539361
v -11.278885 7.180408 -2.539361
v -11.278885 7.180408 -2.539361
v -11.286421 7.142525 -2.539361
v -11.286421 7.142525 -2.539361
v -11.278885 7.104641 -2.539361
v -11.278885 7.104641 -2.539361
v -11.257425 7.072525 -2.539361
v -11.257425 7.072525 -2.539361
v -11.225309 7.051065 -2.539361
v -11.225309 7.051065 -2.539361
v -11.222425 7.233984 -2.553859
v -11.252096 7.212524 -2.566149
v -11.271923 7.180408 -2.574361
v -11.278885 7.142525 -2.577245
v -11.271923 7.104641 -2.574361
v -11.252096 7.072525 -2.566149
v -11.222425 7.051065 -2.553859
v -11.214212 7.233984 -2.566149
v -11.236921 7.212524 -2.588859
v -11.252096 7.180408 -2.604033
v -11.257425 7.142525 -2.609361
v -11.252096 7.104641 -2.604033
v -11.236921 7.072525 -2.588859
v -11.214212 7.051065 -2.566149
v -11.201923 7.233984 -2.574361
v -11.214212 7.212524 -2.604033
v -11.222425 7.180408 -2.623859
v -11.225309 7.142525 -2.630821
v -11.222425 7.104641 -2.623859
v -11.214212 7.072525 -2.604033
v -11.201923 7.051065 -2.574361
v -11.187426 7.233984 -2.577245
v -11.187426 7.212524 -2.609361
v -11.187426 7.180408 -2.630821
v -11.187426 7.142525 -2.638356
v -11.187426 7.104641 -2.630821
v -11.187426 7.072525 -2.609361
v -11.187426 7.051065 -2.577245
v -11.187426 7.233984 -2.501479
v -11.187426 7.212524 -2.469362
v -11.187426 7.072525 -2.469362
v -11.187426 2.662208 -4.877389
v -11.187426 2.662208 -4.877389
v -11.187426 2.601097 -4.785931
v -11.187426 2.563214 -4.778395
v -11.187426 2.525330 -4.785931
v -11.187426 2.471755 -4.839508
v -11.187426 2.464219 -4.877389
v -11.187426 2.464219 -4.877389
v -11.201923 2.654672 -4.842391
v -11.214212 2.633213 -4.812719
v -11.222425 2.601097 -4.792894
v -11.225309 2.563214 -4.785931
v -11.222425 2.525330 -4.792894
v -11.214212 2.493214 -4.812719
v -11.201923 2.471755 -4.842391
v -11.214212 2.654672 -4.850603
v -11.236923 2.633213 -4.827893
v -11.252096 2.601097 -4.812719
v -11.257425 2.563214 -4.807390
v -11.252096 2.525330 -4.812719
v -11.236923 2.493214 -4.827893
v -11.214212 2.471755 -4.850603
v -11.222425 2.654672 -4.862894
v -11.252096 2.633213 -4.850603
v -11.271923 2.601097 -4.842391
v -11.278885 2.563214 -4.839508
v -11.271923 2.525330 -4.842391
v -11.252096 2.493214 -4.850603
v -11.222425 2.471755 -4.862894
v -11.225309 2.654672 -4.877389
v -11.225309 2.654672 -4.877389
v -11.257425 2.633213 -4.877389
v -11.257425 2.633213 -4.877389
v -11.278885 2.601097 -4.877389
v -11.278885 2.601097 -4.877389
v -11.286421 2.563214 -4.877389
v -11.286421 2.563214 -4.877389
v -11.278885 2.525330 -4.877389
v -11.278885 2.525330 -4.877389
v -11.257425 2.493214 -4.877389
v -11.257425 2.493214 -4.877389
v -11.225309 2.471755 -4.877389
v -11.225309 2.471755 -4.877389
v -11.222425 2.654672 -4.891888
v -11.252096 2.633213 -4.904177
v -11.271923 2.601097 -4.912390
v -11.278885 2.563214 -4.915274
v -11.271923 2.525330 -4.912390
v -11.252096 2.493214 -4.904177
v -11.222425 2.471755 -4.891888
v -11.214212 2.654672 -4.904177
v -11.236921 2.633213 -4.926887
v -11.252096 2.601097 -4.942062
v -11.257425 2.563214 -4.947389
v -11.252096 2.525330 -4.942062
v -11.236921 2.493214 -4.926887
v -11.214212 2.471755 -4.904177
v -11.201923 2.654672 -4.912390
v -11.214212 2.633213 -4.942062
v -11.222425 2.601097 -4.961888
v -11.225309 2.563214 -4.968849
v -11.222425 2.525330 -4.961888
v -11.214212 2.493214 -4.942062
v -11.201923 2.471755 -4.912390
v -11.187426 2.654672 -4.915274
v -11.187426 2.633213 -4.947389
v -11.187426 2.601097 -4.968849
v -11.187426 2.563214 -4.976385
v -11.187426 2.525330 -4.968849
v -11.187426 2.493214 -4.947389
v -11.187426 2.471755 -4.915274
v -11.187426 2.654672 -4.839508
v -11.187426 2.633213 -4.807391
v -11.187426 2.493214 -4.807391
v -11.187426 2.275224 -5.522363
v -11.187426 2.275224 -5.522363
v -11.187426 2.214113 -5.430904
v -11.187426 2.176230 -5.423369
v -11.187426 2.138346 -5.430904
v -11.187426 2.084771 -5.484480
v -11.187426 2.077235 -5.522363
v -11.187426 2.077235 -5.522363
v -11.201923 2.267689 -5.487363
v -11.214212 2.246229 -5.457692
v -11.222425 2.214113 -5.437867
v -11.225309 2.176230 -5.430904
v -11.222425 2.138346 -5.437867
v -11.214212 2.106230 -5.457692
v -11.201923 2.084771 -5.487363
v -11.214212 2.267689 -5.495576
v -11.236923 2.246229 -5.472867
v -11.252096 2.214113 -5.457692
v -11.257425 2.176230 -5.452363
v -11.252096 2.138346 -5.457692
v -11.236923 2.106230 -5.472867
v -11.214212 2.084771 -5.495576
v -11.222425 2.267689 -5.507866
v -11.252096 2.246229 -5.495576
v -11.271923 2.214113 -5.487363
v -11.278885 2.176230 -5.484480
v -11.271923 2.138346 -5.487363
v -11.252096 2.106230 -5.495576
v -11.222425 2.084771 -5.507866
v -11.225309 2.267689 -5.522363
v -11.225309 2.267689 -5.522363
v -11.257425 2.246229 -5.522363
v -11.257425 2.246229 -5.522363
v -11.278885 2.214113 -5.522363
v -11.278885 2.214113 -5.522363
v -11.286421 2.176230 -5.522363
v -11.286421 2.176230 -5.522363
v -11.278885 2.138346 -5.522363
v -11.278885 2.138346 -5.522363
v -11.257425 2.106230 -5.522363
v -11.257425 2.106230 -5.522363
v -11.225309 2.084771 -5.522363
v -11.225309 2.084771 -5.522363
v -11.222425 2.267689 -5.536861
v -11.252096 2.246229 -5.549152
v -11.271923 2.214113 -5.557363
v -11.278885 2.176230 -5.560247
v -11.271923 2.138346 -5.557363
v -11.252096 2.106230 -5.549152
v -11.222425 2.084771 -5.536861
v -11.214212 2.267689 -5.549152
v -11.236921 2.246229 -5.571861
v -11.252096 2.214113 -5.587035
v -11.257425 2.176230 -5.592363
v -11.252096 2.138346 -5.587035
v -11.236921 2.106230 -5.571861
v -11.214212 2.084771 -5.549152
v -11.201923 2.267689 -5.557363
v -11.214212 2.246229 -5.587035
v -11.222425 2.214113 -5.606861
v -11.225309 2.176230 -5.613822
v -11.222425 2.138346 -5.606861
v -11.214212 2.106230 -5.587035
v -11.201923 2.084771 -5.557363
v -11.187426 2.267689 -5.560247
v -11.187426 2.246229 -5.592363
v -11.187426 2.214113 -5.613822
v -11.187426 2.176230 -5.621358
v -11.187426 2.138346 -5.613822
v -11.187426 2.106230 -5.592363
v -11.187426 2.084771 -5.560247
v -11.187426 2.267689 -5.484480
v -11.187426 2.246229 -5.452363
v -11.187426 2.106230 -5.452363
v -10.805237 2.676466 -6.353961
v -10.805237 2.676466 -6.353961
v -10.805237 2.615355 -6.262502
v -10.805237 2.577471 -6.254967
v -10.805237 2.539588 -6.262502
v -10.805237 2.486013 -6.316078
v -10.805237 2.478477 -6.353961
v -10.805237 2.478477 -6.353961
v -10.819735 2.668930 -6.318962
v -10.832024 2.647471 -6.289290
v -10.840237 2.615355 -6.269464
v -10.843121 2.577471 -6.262502
v -10.840237 2.539588 -6.269464
v -10.832024 2.507472 -6.289290
v -10.819735 2.486013 -6.318962
v -10.832024 2.668930 -6.327174
v -10.854734 2.647471 -6.304464
v -10.869909 2.615355 -6.289290
v -10.875237 2.577471 -6.283962
v -10.869909 2.539588 -6.289290
v -10.854734 2.507472 -6.304464
v -10.832024 2.486013 -6.327174
v -10.840237 2.668930 -6.339464
v -10.869909 2.647471 -6.327174
v -10.889734 2.615355 -6.318962
v -10.896696 2.577471 -6.316078
v -10.889734 2.539588 -6.318962
v -10.869909 2.507472 -6.327174
v -10.840237 2.486013 -6.339464
v -10.843121 2.668930 -6.353961
v -10.843121 2.668930 -6.353961
v -10.875237 2.647471 -6.353961
v -10.875237 2.647471 -6.353961
v -10.896696 2.615355 -6.353961
v -10.896696 2.615355 -6.353961
v -10.904230 2.577471 -6.353961
v -10.904230 2.577471 -6.353961
v -10.896696 2.539588 -6.353961
v -10.896696 2.539588 -6.353961
v -10.875237 2.507472 -6.353961
v -10.875237 2.507472 -6.353961
v -10.843121 2.486013 -6.353961
v -10.843121 2.486013 -6.353961
v -10.840237 2.668930 -6.368459
v -10.869909 2.647471 -6.380749
v -10.889734 2.615355 -6.388961
v -10.896696 2.577471 -6.391845
v -10.889734 2.539588 -6.388961
v -10.869909 2.507472 -6.380749
v -10.840237 2.486013 -6.368459
v -10.832024 2.668930 -6.380749
v -10.854734 2.647471 -6.403459
v -10.869909 2.615355 -6.418633
v -10.875237 2.577471 -6.423961
v -10.869909 2.539588 -6.418633
v -10.854734 2.507472 -6.403459
v -10.832024 2.486013 -6.380749
v -10.819735 2.668930 -6.388961
v -10.832024 2.647471 -6.418633
v -10.840237 2.615355 -6.438459
v -10.843121 2.577471 -6.445420
v -10.840237 2.539588 -6.438459
v -10.832024 2.507472 -6.418633
v -10.819735 2.486013 -6.388961
v -10.805237 2.668930 -6.391845
v -10.805237 2.647471 -6.423961
v -10.805237 2.615355 -6.445420
v -10.805237 2.577471 -6.452956
v -10.805237 2.539588 -6.445420
v -10.805237 2.507472 -6.423961
v -10.805237 2.486013 -6.391845
v -10.805239 2.668930 -6.316078
v -10.805239 2.647471 -6.283962
v -10.805239 2.507472 -6.283962
v -10.805237 2.676466 -8.909594
v -10.805237 2.676466 -8.909594
v -10.805237 2.615355 -8.818134
v -10.805237 2.577471 -8.810598
v -10.805237 2.539588 -8.818134
v -10.805237 2.486013 -8.871710
v -10.805237 2.478477 -8.909594
v -10.805237 2.478477 -8.909594
v -10.819735 2.668930 -8.874594
v -10.832024 2.647471 -8.844921
v -10.840237 2.615355 -8.825096
v -10.843121 2.577471 -8.818134
v -10.840237 2.539588 -8.825096
v -10.832024 2.507472 -8.844921
v -10.819735 2.486013 -8.874594
v -10.832024 2.668930 -8.882805
v -10.854734 2.647471 -8.860096
v -10.869909 2.615355 -8.844921
v -10.875237 2.577471 -8.839594
v -10.869909 2.539588 -8.844921
v -10.854734 2.507472 -8.860096
v -10.832024 2.486013 -8.882805
v -10.840237 2.668930 -8.895096
v -10.869909 2.647471 -8.882805
v -10.889734 2.615355 -8.874594
v -10.896696 2.577471 -8.871710
v -10.889734 2.539588 -8.874594
v -10.869909 2.507472 -8.882805
v -10.840237 2.486013 -8.895096
v -10.843121 2.668930 -8.909594
v -10.843121 2.668930 -8.909594
v -10.875237 2.647471 -8.909594
v -10.875237 2.647471 -8.909594
v -10.896696 2.615355 -8.909594
v -10.896696 2.615355 -8.909594
v -10.904230 2.577471 -8.909594
v -10.904230 2.577471 -8.909594
v -10.896696 2.539588 -8.909594
v -10.896696 2.539588 -8.909594
v -10.875237 2.507472 -8.909594
v -10.875237 2.507472 -8.909594
v -10.843121 2.486013 -8.909594
v -10.843121 2.486013 -8.909594
v -10.840237 2.668930 -8.924089
v -10.869909 2.647471 -8.936380
v -10.889734 2.615355 -8.944593
v -10.896696 2.577471 -8.947475
v -10.889734 2.539588 -8.944593
v -10.869909 2.507472 -8.936380
v -10.840237 2.486013 -8.924089
v -10.832024 2.668930 -8.936380
v -10.854734 2.647471 -8.959089
v -10.869909 2.615355 -8.974264
v -10.875237 2.577471 -8.979593
v -10.869909 2.539588 -8.974264
v -10.854734 2.507472 -8.959089
v -10.832024 2.486013 -8.936380
v -10.819735 2.668930 -8.944593
v -10.832024 2.647471 -8.974264
v -10.840237 2.615355 -8.994089
v -10.843121 2.577471 -9.001051
v -10.840237 2.539588 -8.994089
v -10.832024 2.507472 -8.974264
v -10.819735 2.486013 -8.944593
v -10.805237 2.668930 -8.947475
v -10.805237 2.647471 -8.979593
v -10.805237 2.615355 -9.001051
v -10.805237 2.577471 -9.008587
v -10.805237 2.539588 -9.001051
v -10.805237 2.507472 -8.979593
v -10.805237 2.486013 -8.947475
v -10.805239 2.668930 -8.871710
v -10.805239 2.647471 -8.839594
v -10.805239 2.507472 -8.839594
v -11.336905 7.706787 5.744470
v -11.336905 7.756787 5.794470
v -11.386905 7.756787 5.744470
v -11.336905 7.721431 5.779826
v -11.365772 7.727919 5.773338
v -11.365772 7.727919 5.773338
v -11.372260 7.756786 5.779826
v -11.372260 7.756786 5.779826
v -11.372260 7.721431 5.744471
v -11.372260 7.721431 5.744471
v -11.336905 8.063466 5.794470
v -11.336905 8.113466 5.744470
v -11.386905 8.063466 5.744470
v -11.336905 8.098821 5.779826
v -11.365772 8.092333 5.773338
v -11.365772 8.092333 5.773338
v -11.372260 8.098821 5.744471
v -11.372260 8.098821 5.744471
v -11.372260 8.063465 5.779826
v -11.372260 8.063465 5.779826
v -11.336905 7.706787 3.997383
v -11.386905 7.756787 3.997383
v -11.336905 7.756787 3.947383
v -11.372260 7.721431 3.997383
v -11.372260 7.721431 3.997383
v -11.365772 7.727919 3.968515
v -11.365772 7.727919 3.968515
v -11.365772 7.727919 3.968515
v -11.372260 7.756786 3.962028
v -11.372260 7.756786 3.962028
v -11.336905 7.721431 3.962028
v -11.336905 7.721431 3.962028
v -11.336905 8.113466 3.997383
v -11.336905 8.063466 3.947383
v -11.386905 8.063466 3.997383
v -11.336905 8.098821 3.962028
v -11.365772 8.092333 3.968515
v -11.365772 8.092333 3.968515
v -11.372260 8.063465 3.962028
v -11.372260 8.063465 3.962028
v -11.372260 8.098821 3.997383
v -11.372260 8.098821 3.997383
v 11.301638 7.706787 5.744470
v 11.351638 7.756787 5.744470
v 11.301638 7.756787 5.794470
v 11.336993 7.721431 5.744471
v 11.336993 7.721431 5.744471
v 11.330505 7.727919 5.773338
v 11.330505 7.727919 5.773338
v 11.336993 7.756786 5.779826
v 11.336993 7.756786 5.779826
v 11.301638 7.721431 5.779826
v 11.301638 8.113466 5.744470
v 11.301638 8.063466 5.794470
v 11.351638 8.063466 5.744470
v 11.301638 8.098821 5.779826
v 11.330505 8.092333 5.773338
v 11.330505 8.092333 5.773338
v 11.336993 8.063465 5.779826
v 11.336993 8.063465 5.779826
v 11.336993 8.098821 5.744471
v 11.336993 8.098821 5.744471
v 11.301638 7.706787 3.997383
v 11.301638 7.756787 3.947383
v 11.351638 7.756787 3.997383
v 11.301638 7.721431 3.962028
v 11.301638 7.721431 3.962028
v 11.330505 7.727919 3.968515
v 11.330505 7.727919 3.968515
v 11.330505 7.727919 3.968515
v 11.336993 7.756786 3.962028
v 11.336993 7.756786 3.962028
v 11.336993 7.721431 3.997383
v 11.336993 7.721431 3.997383
v 11.301638 8.113466 3.997383
v 11.351638 8.063466 3.997383
v 11.301638 8.063466 3.947383
v 11.336993 8.098821 3.997383
v 11.336993 8.098821 3.997383
v 11.330505 8.092333 3.968515
v 11.330505 8.092333 3.968515
v 11.336993 8.063465 3.962028
v 11.336993 8.063465 3.962028
v 11.301638 8.098821 3.962028
v -11.336905 7.706787 3.786558
v -11.336905 7.756787 3.836558
v -11.386905 7.756787 3.786558
v -11.336905 7.721431 3.821913
v -11.336905 7.721431 3.821913
v -11.365772 7.727919 3.815425
v -11.365772 7.727919 3.815425
v -11.365772 7.727919 3.815425
v -11.372260 7.756786 3.821913
v -11.372260 7.756786 3.821913
v -11.372260 7.721431 3.786558
v -11.372260 7.721431 3.786558
v -11.336905 8.063466 3.836558
v -11.336905 8.113466 3.786558
v -11.386905 8.063466 3.786558
v -11.336905 8.098821 3.821913
v -11.365772 8.092333 3.815425
v -11.365772 8.092333 3.815425
v -11.372260 8.098821 3.786558
v -11.372260 8.098821 3.786558
v -11.372260 8.063465 3.821913
v -11.372260 8.063465 3.821913
v -11.336905 7.706787 2.039470
v -11.386905 7.756787 2.039470
v -11.336905 7.756787 1.989470
v -11.372260 7.721431 2.039470
v -11.372260 7.721431 2.039470
v -11.365772 7.727919 2.010603
v -11.365772 7.727919 2.010603
v -11.372260 7.756786 2.004115
v -11.372260 7.756786 2.004115
v -11.336905 7.721431 2.004115
v -11.336905 8.113466 2.039470
v -11.336905 8.063466 1.989470
v -11.386905 8.063466 2.039470
v -11.336905 8.098821 2.004115
v -11.365772 8.092333 2.010603
v -11.365772 8.092333 2.010603
v -11.372260 8.063465 2.004115
v -11.372260 8.063465 2.004115
v -11.372260 8.098821 2.039470
v -11.372260 8.098821 2.039470
v 11.301638 7.706787 3.786558
v 11.351638 7.756787 3.786558
v 11.301638 7.756787 3.836558
v 11.336993 7.721431 3.786558
v 11.336993 7.721431 3.786558
v 11.330505 7.727919 3.815425
v 11.330505 7.727919 3.815425
v 11.330505 7.727919 3.815425
v 11.336993 7.756786 3.821913
v 11.336993 7.756786 3.821913
v 11.301638 7.721431 3.821913
v 11.301638 7.721431 3.821913
v 11.301638 8.113466 3.786558
v 11.301638 8.063466 3.836558
v 11.351638 8.063466 3.786558
v 11.301638 8.098821 3.821913
v 11.330505 8.092333 3.815425
v 11.330505 8.092333 3.815425
v 11.336993 8.063465 3.821913
v 11.336993 8.063465 3.821913
v 11.336993 8.098821 3.786558
v 11.336993 8.098821 3.786558
v 11.301638 7.706787 2.039470
v 11.301638 7.756787 1.989470
v 11.351638 7.756787 2.039470
v 11.301638 7.721431 2.004115
v 11.330505 7.727919 2.010603
v 11.330505 7.727919 2.010603
v 11.336993 7.756786 2.004115
v 11.336993 7.756786 2.004115
v 11.336993 7.721431 2.039470
v 11.336993 7.721431 2.039470
v 11.301638 8.113466 2.039470
v 11.351638 8.063466 2.039470
v 11.301638 8.063466 1.989470
v 11.336993 8.098821 2.039470
v 11.336993 8.098821 2.039470
v 11.330505 8.092333 2.010603
v 11.330505 8.092333 2.010603
v 11.336993 8.063465 2.004115
v 11.336993 8.063465 2.004115
v 11.301638 8.098821 2.004115
v -11.336905 7.706787 1.828645
v -11.336905 7.756787 1.878645
v -11.386905 7.756787 1.828645
v -11.336905 7.721431 1.864001
v -11.365772 7.727919 1.857513
v -11.365772 7.727919 1.857513
v -11.372260 7.756786 1.864001
v -11.372260 7.756786 1.864001
v -11.372260 7.721431 1.828645
v -11.372260 7.721431 1.828645
v -11.336905 8.063466 1.878645
v -11.336905 8.113466 1.828645
v -11.386905 8.063466 1.828645
v -11.336905 8.098821 1.864001
v -11.365772 8.092333 1.857513
v -11.365772 8.092333 1.857513
v -11.372260 8.098821 1.828645
v -11.372260 8.098821 1.828645
v -11.372260 8.063465 1.864001
v -11.372260 8.063465 1.864001
v -11.336905 7.706787 0.081558
v -11.386905 7.756787 0.081558
v -11.336905 7.756787 0.031558
v -11.372260 7.721431 0.081559
v -11.372260 7.721431 0.081559
v -11.365772 7.727919 0.052691
v -11.365772 7.727919 0.052691
v -11.372260 7.756786 0.046203
v -11.336905 7.721431 0.046203
v -11.336905 7.721431 0.046203
v -11.336905 8.113466 0.081558
v -11.336905 8.063466 0.031558
v -11.386905 8.063466 0.081558
v -11.336905 8.098821 0.046203
v -11.365772 8.092333 0.052691
v -11.372260 8.063465 0.046203
v -11.372260 8.098821 0.081559
v 11.301638 7.706787 1.828645
v 11.351638 7.756787 1.828645
v 11.301638 7.756787 1.878645
v 11.336993 7.721431 1.828645
v 11.336993 7.721431 1.828645
v 11.330505 7.727919 1.857513
v 11.330505 7.727919 1.857513
v 11.336993 7.756786 1.864001
v 11.336993 7.756786 1.864001
v 11.301638 7.721431 1.864001
v 11.301638 8.113466 1.828645
v 11.301638 8.063466 1.878645
v 11.351638 8.063466 1.828645
v 11.301638 8.098821 1.864001
v 11.330505 8.092333 1.857513
v 11.330505 8.092333 1.857513
v 11.336993 8.063465 1.864001
v 11.336993 8.063465 1.864001
v 11.336993 8.098821 1.828645
v 11.336993 8.098821 1.828645
v 11.301638 7.706787 0.081558
v 11.301638 7.756787 0.031558
v 11.351638 7.756787 0.081558
v 11.301638 7.721431 0.046203
v 11.301638 7.721431 0.046203
v 11.330505 7.727919 0.052691
v 11.330505 7.727919 0.052691
v 11.330505 7.727919 0.052691
v 11.336993 7.756786 0.046203
v 11.336993 7.756786 0.046203
v 11.336993 7.721431 0.081559
v 11.336993 7.721431 0.081559
v 11.301638 8.113466 0.081558
v 11.351638 8.063466 0.081558
v 11.301638 8.063466 0.031558
v 11.336993 8.098821 0.081559
v 11.336993 8.098821 0.081559
v 11.330505 8.092333 0.052691
v 11.330505 8.092333 0.052691
v 11.336993 8.063465 0.046203
v 11.336993 8.063465 0.046203
v 11.301638 8.098821 0.046203
v -11.336905 7.706787 -0.129268
v -11.336905 7.756787 -0.079268
v -11.386905 7.756787 -0.129268
v -11.336905 7.721431 -0.093913
v -11.336905 7.721431 -0.093913
v -11.365772 7.727919 -0.100400
v -11.365772 7.727919 -0.100400
v -11.365772 7.727919 -0.100400
v -11.372260 7.756786 -0.093913
v -11.372260 7.756786 -0.093913
v -11.372260 7.721431 -0.129268
v -11.372260 7.721431 -0.129268
v -11.336905 8.063466 -0.079268
v -11.336905 8.113466 -0.129268
v -11.386905 8.063466 -0.129268
v -11.336905 8.098821 -0.093913
v -11.365772 8.092333 -0.100400
v -11.365772 8.092333 -0.100400
v -11.372260 8.098821 -0.129268
v -11.372260 8.098821 -0.129268
v -11.372260 8.063465 -0.093913
v -11.372260 8.063465 -0.093913
v -11.336905 7.706787 -1.876355
v -11.386905 7.756787 -1.876355
v -11.336905 7.756787 -1.926355
v -11.372260 7.721431 -1.876356
v -11.372260 7.721431 -1.876356
v -11.365772 7.727919 -1.905223
v -11.365772 7.727919 -1.905223
v -11.372260 7.756786 -1.911711
v -11.372260 7.756786 -1.911711
v -11.336905 7.721431 -1.911711
v -11.336905 8.113466 -1.876355
v -11.336905 8.063466 -1.926355
v -11.386905 8.063466 -1.876355
v -11.336905 8.098821 -1.911711
v -11.365772 8.092333 -1.905223
v -11.365772 8.092333 -1.905223
v -11.372260 8.063465 -1.911711
v -11.372260 8.063465 -1.911711
v -11.372260 8.098821 -1.876356
v -11.372260 8.098821 -1.876356
v 11.301638 7.706787 -0.129268
v 11.351638 7.756787 -0.129268
v 11.301638 7.756787 -0.079268
v 11.336993 7.721431 -0.129268
v 11.336993 7.721431 -0.129268
v 11.330505 7.727919 -0.100400
v 11.330505 7.727919 -0.100400
v 11.330505 7.727919 -0.100400
v 11.336993 7.756786 -0.093913
v 11.336993 7.756786 -0.093913
v 11.301638 7.721431 -0.093913
v 11.301638 7.721431 -0.093913
v 11.301638 8.113466 -0.129268
v 11.301638 8.063466 -0.079268
v 11.351638 8.063466 -0.129268
v 11.301638 8.098821 -0.093913
v 11.330505 8.092333 -0.100400
v 11.330505 8.092333 -0.100400
v 11.336993 8.063465 -0.093913
v 11.336993 8.063465 -0.093913
v 11.336993 8.098821 -0.129268
v 11.336993 8.098821 -0.129268
v 11.301638 7.706787 -1.876355
v 11.301638 7.756787 -1.926355
v 11.351638 7.756787 -1.876355
v 11.301638 7.721431 -1.911711
v 11.330505 7.727919 -1.905223
v 11.330505 7.727919 -1.905223
v 11.336993 7.756786 -1.911711
v 11.336993 7.756786 -1.911711
v 11.336993 7.721431 -1.876356
v 11.336993 7.721431 -1.876356
v 11.301638 8.113466 -1.876355
v 11.351638 8.063466 -1.876355
v 11.301638 8.063466 -1.926355
v 11.336993 8.098821 -1.876356
v 11.336993 8.098821 -1.876356
v 11.330505 8.092333 -1.905223
v 11.330505 8.092333 -1.905223
v 11.336993 8.063465 -1.911711
v 11.336993 8.063465 -1.911711
v 11.301638 8.098821 -1.911711
v -11.336905 7.706787 -2.087180
v -11.336905 7.756787 -2.037179
v -11.386905 7.756787 -2.087180
v -11.336905 7.721431 -2.051824
v -11.365772 7.727919 -2.058312
v -11.365772 7.727919 -2.058312
v -11.372260 7.756786 -2.051824
v -11.372260 7.756786 -2.051824
v -11.372260 7.721431 -2.087180
v -11.372260 7.721431 -2.087180
v -11.336905 8.063466 -2.037179
v -11.336905 8.113466 -2.087180
v -11.386905 8.063466 -2.087180
v -11.336905 8.098821 -2.051824
v -11.365772 8.092333 -2.058312
v -11.365772 8.092333 -2.058312
v -11.372260 8.098821 -2.087180
v -11.372260 8.098821 -2.087180
v -11.372260 8.063465 -2.051824
v -11.372260 8.063465 -2.051824
v -11.336905 7.706787 -3.834267
v -11.386905 7.756787 -3.834267
v -11.336905 7.756787 -3.884267
v -11.372260 7.721431 -3.834267
v -11.372260 7.721431 -3.834267
v -11.365772 7.727919 -3.863135
v -11.365772 7.727919 -3.863135
v -11.365772 7.727919 -3.863135
v -11.372260 7.756786 -3.869623
v -11.372260 7.756786 -3.869623
v -11.336905 7.721431 -3.869623
v -11.336905 7.721431 -3.869623
v -11.336905 8.113466 -3.834267
v -11.336905 8.063466 -3.884267
v -11.386905 8.063466 -3.834267
v -11.336905 8.098821 -3.869623
v -11.365772 8.092333 -3.863135
v -11.365772 8.092333 -3.863135
v -11.372260 8.063465 -3.869623
v -11.372260 8.063465 -3.869623
v -11.372260 8.098821 -3.834267
v -11.372260 8.098821 -3.834267
v 11.301638 7.706787 -2.087180
v 11.351638 7.756787 -2.087180
v 11.301638 7.756787 -2.037179
v 11.336993 7.721431 -2.087180
v 11.336993 7.721431 -2.087180
v 11.330505 7.727919 -2.058312
v 11.330505 7.727919 -2.058312
v 11.336993 7.756786 -2.051824
v 11.336993 7.756786 -2.051824
v 11.301638 7.721431 -2.051824
v 11.301638 8.113466 -2.087180
v 11.301638 8.063466 -2.037179
v 11.351638 8.063466 -2.087180
v 11.301638 8.098821 -2.051824
v 11.330505 8.092333 -2.058312
v 11.330505 8.092333 -2.058312
v 11.336993 8.063465 -2.051824
v 11.336993 8.063465 -2.051824
v 11.336993 8.098821 -2.087180
v 11.336993 8.098821 -2.087180
v 11.301638 7.706787 -3.834267
v 11.301638 7.756787 -3.884267
v 11.351638 7.756787 -3.834267
v 11.301638 7.721431 -3.869623
v 11.301638 7.721431 -3.869623
v 11.330505 7.727919 -3.863135
v 11.330505 7.727919 -3.863135
v 11.330505 7.727919 -3.863135
v 11.336993 7.756786 -3.869623
v 11.336993 7.756786 -3.869623
v 11.336993 7.721431 -3.834267
v 11.336993 7.721431 -3.834267
v 11.301638 8.113466 -3.834267
v 11.351638 8.063466 -3.834267
v 11.301638 8.063466 -3.884267
v 11.336993 8.098821 -3.834267
v 11.336993 8.098821 -3.834267
v 11.330505 8.092333 -3.863135
v 11.330505 8.092333 -3.863135
v 11.336993 8.063465 -3.869623
v 11.336993 8.063465 -3.869623
v 11.301638 8.098821 -3.869623
v -11.336905 7.706787 -4.045092
v -11.336905 7.756787 -3.995092
v -11.386905 7.756787 -4.045092
v -11.336905 7.721431 -4.009737
v -11.336905 7.721431 -4.009737
v -11.365772 7.727919 -4.016224
v -11.365772 7.727919 -4.016224
v -11.365772 7.727919 -4.016224
v -11.372260 7.756786 -4.009737
v -11.372260 7.756786 -4.009737
v -11.372260 7.721431 -4.045092
v -11.372260 7.721431 -4.045092
v -11.336905 8.063466 -3.995092
v -11.336905 8.113466 -4.045092
v -11.386905 8.063466 -4.045092
v -11.336905 8.098821 -4.009737
v -11.365772 8.092333 -4.016224
v -11.365772 8.092333 -4.016224
v -11.372260 8.098821 -4.045092
v -11.372260 8.098821 -4.045092
v -11.372260 8.063465 -4.009737
v -11.372260 8.063465 -4.009737
v -11.336905 7.706787 -5.792180
v -11.386905 7.756787 -5.792180
v -11.336905 7.756787 -5.842180
v -11.372260 7.721431 -5.792180
v -11.372260 7.721431 -5.792180
v -11.365772 7.727919 -5.821047
v -11.365772 7.727919 -5.821047
v -11.372260 7.756786 -5.827535
v -11.372260 7.756786 -5.827535
v -11.336905 7.721431 -5.827535
v -11.336905 8.113466 -5.792180
v -11.336905 8.063466 -5.842180
v -11.386905 8.063466 -5.792180
v -11.336905 8.098821 -5.827535
v -11.365772 8.092333 -5.821047
v -11.365772 8.092333 -5.821047
v -11.372260 8.063465 -5.827535
v -11.372260 8.063465 -5.827535
v -11.372260 8.098821 -5.792180
v -11.372260 8.098821 -5.792180
v 11.301638 7.706787 -4.045092
v 11.351638 7.756787 -4.045092
v 11.301638 7.756787 -3.995092
v 11.336993 7.721431 -4.045092
v 11.336993 7.721431 -4.045092
v 11.330505 7.727919 -4.016224
v 11.330505 7.727919 -4.016224
v 11.330505 7.727919 -4.016224
v 11.336993 7.756786 -4.009737
v 11.336993 7.756786 -4.009737
v 11.301638 7.721431 -4.009737
v 11.301638 7.721431 -4.009737
v 11.301638 8.113466 -4.045092
v 11.301638 8.063466 -3.995092
v 11.351638 8.063466 -4.045092
v 11.301638 8.098821 -4.009737
v 11.330505 8.092333 -4.016224
v 11.330505 8.092333 -4.016224
v 11.336993 8.063465 -4.009737
v 11.336993 8.063465 -4.009737
v 11.336993 8.098821 -4.045092
v 11.336993 8.098821 -4.045092
v 11.301638 7.706787 -5.792180
v 11.301638 7.756787 -5.842180
v 11.351638 7.756787 -5.792180
v 11.301638 7.721431 -5.827535
v 11.330505 7.727919 -5.821047
v 11.330505 7.727919 -5.821047
v 11.336993 7.756786 -5.827535
v 11.336993 7.756786 -5.827535
v 11.336993 7.721431 -5.792180
v 11.336993 7.721431 -5.792180
v 11.301638 8.113466 -5.792180
v 11.351638 8.063466 -5.792180
v 11.301638 8.063466 -5.842180
v 11.336993 8.098821 -5.792180
v 11.336993 8.098821 -5.792180
v 11.330505 8.092333 -5.821047
v 11.330505 8.092333 -5.821047
v 11.336993 8.063465 -5.827535
v 11.336993 8.063465 -5.827535
v 11.301638 8.098821 -5.827535
v -11.336905 2.765017 9.493444
v -11.336905 2.815017 9.543446
v -11.386905 2.815017 9.493444
v -11.336905 2.779661 9.528801
v -11.365772 2.786149 9.522312
v -11.365772 2.786149 9.522312
v -11.372260 2.815017 9.528801
v -11.372260 2.815017 9.528801
v -11.372260 2.779661 9.493444
v -11.372260 2.779661 9.493444
v -11.336905 3.121696 9.543446
v -11.336905 3.171696 9.493444
v -11.386905 3.121696 9.493444
v -11.336905 3.157052 9.528801
v -11.365772 3.150564 9.522312
v -11.365772 3.150564 9.522312
v -11.372260 3.157052 9.493444
v -11.372260 3.157052 9.493444
v -11.372260 3.121696 9.528801
v -11.372260 3.121696 9.528801
v -11.336905 2.765017 7.746358
v -11.386905 2.815017 7.746358
v -11.336905 2.815017 7.696358
v -11.372260 2.779661 7.746358
v -11.372260 2.779661 7.746358
v -11.365772 2.786149 7.717490
v -11.365772 2.786149 7.717490
v -11.365772 2.786149 7.717490
v -11.372260 2.815017 7.711002
v -11.372260 2.815017 7.711002
v -11.336905 2.779661 7.711002
v -11.336905 2.779661 7.711002
v -11.336905 3.171696 7.746358
v -11.336905 3.121696 7.696358
v -11.386905 3.121696 7.746358
v -11.336905 3.157052 7.711002
v -11.365772 3.150564 7.717490
v -11.365772 3.150564 7.717490
v -11.372260 3.121696 7.711002
v -11.372260 3.121696 7.711002
v -11.372260 3.157052 7.746358
v -11.372260 3.157052 7.746358
v 11.301638 2.765017 9.493444
v 11.351638 2.815017 9.493444
v 11.301638 2.815017 9.543446
v 11.336993 2.779661 9.493444
v 11.336993 2.779661 9.493444
v 11.330505 2.786149 9.522312
v 11.330505 2.786149 9.522312
v 11.336993 2.815017 9.528801
v 11.336993 2.815017 9.528801
v 11.301638 2.779661 9.528801
v 11.301638 3.171696 9.493444
v 11.301638 3.121696 9.543446
v 11.351638 3.121696 9.493444
v 11.301638 3.157052 9.528801
v 11.330505 3.150564 9.522312
v 11.330505 3.150564 9.522312
v 11.336993 3.121696 9.528801
v 11.336993 3.121696 9.528801
v 11.336993 3.157052 9.493444
v 11.336993 3.157052 9.493444
v 11.301638 2.765017 7.746358
v 11.301638 2.815017 7.696358
v 11.351638 2.815017 7.746358
v 11.301638 2.779661 7.711002
v 11.301638 2.779661 7.711002
v 11.330505 2.786149 7.717490
v 11.330505 2.786149 7.717490
v 11.330505 2.786149 7.717490
v 11.336993 2.815017 7.711002
v 11.336993 2.815017 7.711002
v 11.336993 2.779661 7.746358
v 11.336993 2.779661 7.746358
v 11.301638 3.171696 7.746358
v 11.351638 3.121696 7.746358
v 11.301638 3.121696 7.696358
v 11.336993 3.157052 7.746358
v 11.336993 3.157052 7.746358
v 11.330505 3.150564 7.717490
v 11.330505 3.150564 7.717490
v 11.336993 3.121696 7.711002
v 11.336993 3.121696 7.711002
v 11.301638 3.157052 7.711002
v -11.336905 2.765017 7.535533
v -11.336905 2.815017 7.585533
v -11.386905 2.815017 7.535533
v -11.336905 2.779661 7.570888
v -11.336905 2.779661 7.570888
v -11.365772 2.786149 7.564400
v -11.365772 2.786149 7.564400
v -11.365772 2.786149 7.564400
v -11.372260 2.815017 7.570888
v -11.372260 2.815017 7.570888
v -11.372260 2.779661 7.535532
v -11.372260 2.779661 7.535532
v -11.336905 3.121696 7.585533
v -11.336905 3.171696 7.535533
v -11.386905 3.121696 7.535533
v -11.336905 3.157052 7.570888
v -11.365772 3.150564 7.564400
v -11.365772 3.150564 7.564400
v -11.372260 3.157052 7.535532
v -11.372260 3.157052 7.535532
v -11.372260 3.121696 7.570888
v -11.372260 3.121696 7.570888
v -11.336905 2.765017 5.788445
v -11.386905 2.815017 5.788445
v -11.336905 2.815017 5.738445
v -11.372260 2.779661 5.788445
v -11.372260 2.779661 5.788445
v -11.365772 2.786149 5.759578
v -11.365772 2.786149 5.759578
v -11.372260 2.815017 5.753090
v -11.372260 2.815017 5.753090
v -11.336905 2.779661 5.753090
v -11.336905 3.171696 5.788445
v -11.336905 3.121696 5.738445
v -11.386905 3.121696 5.788445
v -11.336905 3.157052 5.753090
v -11.365772 3.150564 5.759578
v -11.365772 3.150564 5.759578
v -11.372260 3.121696 5.753090
v -11.372260 3.121696 5.753090
v -11.372260 3.157052 5.788445
v -11.372260 3.157052 5.788445
v 11.301638 2.765017 7.535533
v 11.351638 2.815017 7.535533
v 11.301638 2.815017 7.585533
v 11.336993 2.779661 7.535533
v 11.336993 2.779661 7.535533
v 11.330505 2.786149 7.564401
v 11.330505 2.786149 7.564401
v 11.330505 2.786149 7.564401
v 11.336993 2.815017 7.570889
v 11.336993 2.815017 7.570889
v 11.301638 2.779661 7.570889
v 11.301638 2.779661 7.570889
v 11.301638 3.171696 7.535533
v 11.301638 3.121696 7.585533
v 11.351638 3.121696 7.535533
v 11.301638 3.157052 7.570888
v 11.330505 3.150564 7.564400
v 11.330505 3.150564 7.564400
v 11.336993 3.121696 7.570888
v 11.336993 3.121696 7.570888
v 11.336993 3.157052 7.535532
v 11.336993 3.157052 7.535532
v 11.301638 2.765017 5.788445
v 11.301638 2.815017 5.738445
v 11.351638 2.815017 5.788445
v 11.301638 2.779661 5.753090
v 11.330505 2.786149 5.759578
v 11.330505 2.786149 5.759578
v 11.336993 2.815017 5.753090
v 11.336993 2.815017 5.753090
v 11.336993 2.779661 5.788445
v 11.336993 2.779661 5.788445
v 11.301638 3.171696 5.788445
v 11.351638 3.121696 5.788445
v 11.301638 3.121696 5.738445
v 11.336993 3.157052 5.788445
v 11.336993 3.157052 5.788445
v 11.330505 3.150564 5.759578
v 11.330505 3.150564 5.759578
v 11.336993 3.121696 5.753090
v 11.336993 3.121696 5.753090
v 11.301638 3.157052 5.753090
v -11.336904 2.765017 -9.541155
v -11.386904 2.815017 -9.541155
v -11.336904 2.815017 -9.591154
v -11.372260 2.779661 -9.541155
v -11.372260 2.779661 -9.541155
v -11.365772 2.786149 -9.570023
v -11.365772 2.786149 -9.570023
v -11.372260 2.815017 -9.576509
v -11.372260 2.815017 -9.576509
v -11.336905 2.779661 -9.576509
v -11.336904 3.121696 -9.591154
v -11.386904 3.121696 -9.541155
v -11.336904 3.171696 -9.541155
v -11.372260 3.121696 -9.576508
v -11.372260 3.121696 -9.576508
v -11.365772 3.150564 -9.570021
v -11.365772 3.150564 -9.570021
v -11.372260 3.157052 -9.541153
v -11.372260 3.157052 -9.541153
v -11.336905 3.157052 -9.576508
v -11.336904 2.765017 -7.794069
v -11.336904 2.815017 -7.744069
v -11.386904 2.815017 -7.794069
v -11.336905 2.779661 -7.758713
v -11.336905 2.779661 -7.758713
v -11.365772 2.786149 -7.765201
v -11.365772 2.786149 -7.765201
v -11.365772 2.786149 -7.765201
v -11.372260 2.815017 -7.758713
v -11.372260 2.815017 -7.758713
v -11.372260 2.779661 -7.794069
v -11.372260 2.779661 -7.794069
v -11.336904 3.171696 -7.794069
v -11.386904 3.121696 -7.794069
v -11.336904 3.121696 -7.744069
v -11.372260 3.157052 -7.794069
v -11.372260 3.157052 -7.794069
v -11.365772 3.150564 -7.765201
v -11.365772 3.150564 -7.765201
v -11.372260 3.121696 -7.758713
v -11.372260 3.121696 -7.758713
v -11.336905 3.157052 -7.758713
v 11.301637 2.765017 -9.541155
v 11.301637 2.815017 -9.591154
v 11.351637 2.815017 -9.541155
v 11.301638 2.779661 -9.576508
v 11.330505 2.786149 -9.570021
v 11.330505 2.786149 -9.570021
v 11.336993 2.815017 -9.576508
v 11.336993 2.815017 -9.576508
v 11.336993 2.779661 -9.541153
v 11.336993 2.779661 -9.541153
v 11.301637 3.171696 -9.541155
v 11.351637 3.121696 -9.541155
v 11.301637 3.121696 -9.591154
v 11.336993 3.157052 -9.541155
v 11.336993 3.157052 -9.541155
v 11.330505 3.150564 -9.570023
v 11.330505 3.150564 -9.570023
v 11.336993 3.121696 -9.576509
v 11.336993 3.121696 -9.576509
v 11.301638 3.157052 -9.576509
v 11.301637 2.765017 -7.794069
v 11.351637 2.815017 -7.794069
v 11.301637 2.815017 -7.744069
v 11.336993 2.779661 -7.794069
v 11.336993 2.779661 -7.794069
v 11.330505 2.786149 -7.765201
v 11.330505 2.786149 -7.765201
v 11.330505 2.786149 -7.765201
v 11.336993 2.815017 -7.758713
v 11.336993 2.815017 -7.758713
v 11.301638 2.779661 -7.758713
v 11.301638 2.779661 -7.758713
v 11.301637 3.171696 -7.794069
v 11.301637 3.121696 -7.744069
v 11.351637 3.121696 -7.794069
v 11.301638 3.157052 -7.758713
v 11.330505 3.150564 -7.765201
v 11.330505 3.150564 -7.765201
v 11.336993 3.121696 -7.758713
v 11.336993 3.121696 -7.758713
v 11.336993 3.157052 -7.794069
v 11.336993 3.157052 -7.794069
v -11.336904 2.765017 -7.583242
v -11.386904 2.815017 -7.583242
v -11.336904 2.815017 -7.633242
v -11.372260 2.779661 -7.583242
v -11.372260 2.779661 -7.583242
v -11.365772 2.786149 -7.612110
v -11.365772 2.786149 -7.612110
v -11.365772 2.786149 -7.612110
v -11.372260 2.815017 -7.618598
v -11.372260 2.815017 -7.618598
v -11.336905 2.779661 -7.618598
v -11.336905 2.779661 -7.618598
v -11.336904 3.121696 -7.633242
v -11.386904 3.121696 -7.583242
v -11.336904 3.171696 -7.583242
v -11.372260 3.121696 -7.618598
v -11.372260 3.121696 -7.618598
v -11.365772 3.150564 -7.612110
v -11.365772 3.150564 -7.612110
v -11.372260 3.157052 -7.583242
v -11.372260 3.157052 -7.583242
v -11.336905 3.157052 -7.618598
v -11.336904 2.765017 -5.836156
v -11.336904 2.815017 -5.786156
v -11.386904 2.815017 -5.836156
v -11.336905 2.779661 -5.800803
v -11.365772 2.786149 -5.807291
v -11.365772 2.786149 -5.807291
v -11.372260 2.815017 -5.800803
v -11.372260 2.815017 -5.800803
v -11.372260 2.779661 -5.836158
v -11.372260 2.779661 -5.836158
v -11.336904 3.171696 -5.836156
v -11.386904 3.121696 -5.836156
v -11.336904 3.121696 -5.786156
v -11.372260 3.157052 -5.836156
v -11.372260 3.157052 -5.836156
v -11.365772 3.150564 -5.807289
v -11.365772 3.150564 -5.807289
v -11.372260 3.121696 -5.800801
v -11.372260 3.121696 -5.800801
v -11.336905 3.157052 -5.800801
v 11.301637 2.765017 -7.583242
v 11.301637 2.815017 -7.633242
v 11.351637 2.815017 -7.583242
v 11.301638 2.779661 -7.618598
v 11.301638 2.779661 -7.618598
v 11.330505 2.786149 -7.612110
v 11.330505 2.786149 -7.612110
v 11.330505 2.786149 -7.612110
v 11.336993 2.815017 -7.618598
v 11.336993 2.815017 -7.618598
v 11.336993 2.779661 -7.583242
v 11.336993 2.779661 -7.583242
v 11.301637 3.171696 -7.583242
v 11.351637 3.121696 -7.583242
v 11.301637 3.121696 -7.633242
v 11.336993 3.157052 -7.583242
v 11.336993 3.157052 -7.583242
v 11.330505 3.150564 -7.612110
v 11.330505 3.150564 -7.612110
v 11.336993 3.121696 -7.618598
v 11.336993 3.121696 -7.618598
v 11.301638 3.157052 -7.618598
v 11.301637 2.765017 -5.836156
v 11.351637 2.815017 -5.836156
v 11.301637 2.815017 -5.786156
v 11.336993 2.779661 -5.836156
v 11.336993 2.779661 -5.836156
v 11.330505 2.786149 -5.807289
v 11.330505 2.786149 -5.807289
v 11.336993 2.815017 -5.800801
v 11.336993 2.815017 -5.800801
v 11.301638 2.779661 -5.800801
v 11.301637 3.171696 -5.836156
v 11.301637 3.121696 -5.786156
v 11.351637 3.121696 -5.836156
v 11.301638 3.157052 -5.800803
v 11.330505 3.150564 -5.807291
v 11.330505 3.150564 -5.807291
v 11.336993 3.121696 -5.800803
v 11.336993 3.121696 -5.800803
v 11.336993 3.157052 -5.836158
v 11.336993 3.157052 -5.836158
v 10.377358 7.637664 5.548625
v 10.427359 7.637664 5.598625
v 10.427359 7.687664 5.548625
v 10.392003 7.637664 5.583980
v 10.392003 7.637664 5.583980
v 10.398491 7.666532 5.577492
v 10.398491 7.666532 5.577492
v 10.398491 7.666532 5.577492
v 10.427359 7.673019 5.583980
v 10.427359 7.673019 5.583980
v 10.392003 7.673019 5.548625
v 10.392003 7.673019 5.548625
v 10.377358 7.637664 -5.596334
v 10.427359 7.687664 -5.596334
v 10.427359 7.637664 -5.646334
v 10.392003 7.673019 -5.596334
v 10.392003 7.673019 -5.596334
v 10.398491 7.666532 -5.625202
v 10.398491 7.666532 -5.625202
v 10.398491 7.666532 -5.625202
v 10.427359 7.673019 -5.631690
v 10.427359 7.673019 -5.631690
v 10.392003 7.637664 -5.631690
v 10.392003 7.637664 -5.631690
v 10.784333 7.637664 5.548625
v 10.734333 7.687664 5.548625
v 10.734333 7.637664 5.598625
v 10.769689 7.673019 5.548625
v 10.769689 7.673019 5.548625
v 10.763201 7.666532 5.577492
v 10.763201 7.666532 5.577492
v 10.763201 7.666532 5.577492
v 10.734333 7.673019 5.583980
v 10.734333 7.673019 5.583980
v 10.769689 7.637664 5.583980
v 10.769689 7.637664 5.583980
v 10.734333 7.637664 -5.646334
v 10.734333 7.687664 -5.596334
v 10.784333 7.637664 -5.596334
v 10.734333 7.673019 -5.631690
v 10.734333 7.673019 -5.631690
v 10.763201 7.666532 -5.625202
v 10.763201 7.666532 -5.625202
v 10.763201 7.666532 -5.625202
v 10.769689 7.673019 -5.596334
v 10.769689 7.673019 -5.596334
v 10.769689 7.637664 -5.631690
v 10.769689 7.637664 -5.631690
v 10.377358 6.865570 5.204637
v 10.427359 6.815570 5.175348
v 10.427359 6.850925 5.260703
v 10.392005 6.830215 5.189992
v 10.392005 6.830215 5.189992
v 10.398490 6.832087 5.218507
v 10.398490 6.832087 5.218507
v 10.427359 6.825926 5.221058
v 10.392004 6.850925 5.239993
v 10.392004 6.850925 5.239993
v 10.377358 7.209558 5.548625
v 10.427359 7.153491 5.563270
v 10.427359 7.238847 5.598625
v 10.392004 7.174202 5.563269
v 10.392004 7.174202 5.563269
v 10.398490 7.195688 5.582108
v 10.398490 7.195688 5.582108
v 10.398490 7.195688 5.582108
v 10.427359 7.193136 5.588269
v 10.427359 7.193136 5.588269
v 10.392004 7.224202 5.583980
v 10.392004 7.224202 5.583980
v 10.377358 7.209558 -5.596334
v 10.427359 7.238847 -5.646334
v 10.427359 7.153491 -5.610979
v 10.392004 7.224202 -5.631689
v 10.392004 7.224202 -5.631689
v 10.398490 7.195688 -5.629817
v 10.398490 7.195688 -5.629817
v 10.427359 7.193136 -5.635978
v 10.392004 7.174202 -5.610979
v 10.392004 7.174202 -5.610979
v 10.427359 6.815570 -5.223057
v 10.377358 6.865570 -5.252347
v 10.427359 6.850925 -5.308413
v 10.392004 6.830215 -5.237702
v 10.392004 6.830215 -5.237702
v 10.398490 6.832087 -5.266217
v 10.398490 6.832087 -5.266217
v 10.398490 6.832087 -5.266217
v 10.392004 6.850925 -5.287702
v 10.392004 6.850925 -5.287702
v 10.427359 6.825926 -5.268768
v 10.427359 6.825926 -5.268768
v 10.784333 7.209558 5.548625
v 10.734333 7.238847 5.598625
v 10.734333 7.153491 5.563270
v 10.769688 7.224202 5.583980
v 10.769688 7.224202 5.583980
v 10.763201 7.195688 5.582108
v 10.763201 7.195688 5.582108
v 10.763201 7.195688 5.582108
v 10.734333 7.193136 5.588269
v 10.734333 7.193136 5.588269
v 10.769688 7.174202 5.563269
v 10.769688 7.174202 5.563269
v 10.734333 6.815570 5.175348
v 10.784333 6.865570 5.204637
v 10.734333 6.850925 5.260703
v 10.769688 6.830215 5.189993
v 10.769688 6.830215 5.189993
v 10.763201 6.832087 5.218507
v 10.763201 6.832087 5.218507
v 10.769688 6.850925 5.239993
v 10.769688 6.850925 5.239993
v 10.734333 6.825926 5.221058
v 10.784333 6.865570 -5.252347
v 10.734333 6.815570 -5.223057
v 10.734333 6.850925 -5.308413
v 10.769688 6.830215 -5.237702
v 10.769688 6.830215 -5.237702
v 10.763201 6.832087 -5.266217
v 10.763201 6.832087 -5.266217
v 10.763201 6.832087 -5.266217
v 10.734333 6.825926 -5.268768
v 10.734333 6.825926 -5.268768
v 10.769688 6.850925 -5.287702
v 10.769688 6.850925 -5.287702
v 10.784333 7.209558 -5.596334
v 10.734333 7.153491 -5.610979
v 10.734333 7.238847 -5.646334
v 10.769687 7.174202 -5.610979
v 10.769687 7.174202 -5.610979
v 10.763201 7.195688 -5.629817
v 10.763201 7.195688 -5.629817
v 10.734333 7.193136 -5.635978
v 10.769688 7.224202 -5.631689
v 10.769688 7.224202 -5.631689
v -10.412625 7.637664 5.548625
v -10.462626 7.687664 5.548625
v -10.462626 7.637664 5.598625
v -10.427270 7.673019 5.548625
v -10.427270 7.673019 5.548625
v -10.433758 7.666532 5.577492
v -10.433758 7.666532 5.577492
v -10.433758 7.666532 5.577492
v -10.462626 7.673019 5.583980
v -10.462626 7.673019 5.583980
v -10.427270 7.637664 5.583980
v -10.427270 7.637664 5.583980
v -10.412625 7.637664 -5.596334
v -10.462626 7.637664 -5.646334
v -10.462626 7.687664 -5.596334
v -10.427270 7.637664 -5.631690
v -10.427270 7.637664 -5.631690
v -10.433758 7.666532 -5.625202
v -10.433758 7.666532 -5.625202
v -10.433758 7.666532 -5.625202
v -10.462626 7.673019 -5.631690
v -10.462626 7.673019 -5.631690
v -10.427270 7.673019 -5.596334
v -10.427270 7.673019 -5.596334
v -10.819600 7.637664 5.548625
v -10.769600 7.637664 5.598625
v -10.769600 7.687664 5.548625
v -10.804955 7.637664 5.583980
v -10.804955 7.637664 5.583980
v -10.798468 7.666532 5.577492
v -10.798468 7.666532 5.577492
v -10.798468 7.666532 5.577492
v -10.769600 7.673019 5.583980
v -10.769600 7.673019 5.583980
v -10.804955 7.673019 5.548625
v -10.804955 7.673019 5.548625
v -10.769600 7.637664 -5.646334
v -10.819600 7.637664 -5.596334
v -10.769600 7.687664 -5.596334
v -10.804955 7.637664 -5.631690
v -10.804955 7.637664 -5.631690
v -10.798468 7.666532 -5.625202
v -10.798468 7.666532 -5.625202
v -10.798468 7.666532 -5.625202
v -10.804955 7.673019 -5.596334
v -10.804955 7.673019 -5.596334
v -10.769600 7.673019 -5.631690
v -10.769600 7.673019 -5.631690
v -10.412625 6.865570 5.204637
v -10.462626 6.850925 5.260703
v -10.462626 6.815570 5.175348
v -10.427272 6.850925 5.239993
v -10.427272 6.850925 5.239993
v -10.433757 6.832087 5.218507
v -10.433757 6.832087 5.218507
v -10.462626 6.825926 5.221058
v -10.427271 6.830215 5.189992
v -10.427271 6.830215 5.189992
v -10.412625 7.209558 5.548625
v -10.462626 7.238847 5.598625
v -10.462626 7.153491 5.563270
v -10.427271 7.224202 5.583980
v -10.427271 7.224202 5.583980
v -10.433757 7.195688 5.582108
v -10.433757 7.195688 5.582108
v -10.433757 7.195688 5.582108
v -10.462626 7.193136 5.588269
v -10.462626 7.193136 5.588269
v -10.427271 7.174202 5.563269
v -10.427271 7.174202 5.563269
v -10.412625 7.209558 -5.596334
v -10.462626 7.153491 -5.610979
v -10.462626 7.238847 -5.646334
v -10.427271 7.174202 -5.610979
v -10.427271 7.174202 -5.610979
v -10.433757 7.195688 -5.629817
v -10.433757 7.195688 -5.629817
v -10.462626 7.193136 -5.635978
v -10.427271 7.224202 -5.631689
v -10.427271 7.224202 -5.631689
v -10.462626 6.815570 -5.223057
v -10.462626 6.850925 -5.308413
v -10.412625 6.865570 -5.252347
v -10.462626 6.825926 -5.268768
v -10.462626 6.825926 -5.268768
v -10.433757 6.832087 -5.266217
v -10.433757 6.832087 -5.266217
v -10.433757 6.832087 -5.266217
v -10.427271 6.850925 -5.287702
v -10.427271 6.850925 -5.287702
v -10.427271 6.830215 -5.237701
v -10.427271 6.830215 -5.237701
v -10.819600 7.209558 5.548625
v -10.769600 7.153491 5.563270
v -10.769600 7.238847 5.598625
v -10.804955 7.174202 5.563269
v -10.804955 7.174202 5.563269
v -10.798468 7.195688 5.582108
v -10.798468 7.195688 5.582108
v -10.798468 7.195688 5.582108
v -10.769600 7.193136 5.588269
v -10.769600 7.193136 5.588269
v -10.804955 7.224202 5.583980
v -10.804955 7.224202 5.583980
v -10.769600 6.815570 5.175348
v -10.769600 6.850925 5.260703
v -10.819600 6.865570 5.204637
v -10.769600 6.825926 5.221058
v -10.798468 6.832087 5.218507
v -10.798468 6.832087 5.218507
v -10.804955 6.850925 5.239993
v -10.804955 6.850925 5.239993
v -10.804955 6.830215 5.189993
v -10.804955 6.830215 5.189993
v -10.819600 6.865570 -5.252347
v -10.769600 6.850925 -5.308413
v -10.769600 6.815570 -5.223057
v -10.804955 6.850925 -5.287702
v -10.804955 6.850925 -5.287702
v -10.798468 6.832087 -5.266217
v -10.798468 6.832087 -5.266217
v -10.798468 6.832087 -5.266217
v -10.769600 6.825926 -5.268768
v -10.769600 6.825926 -5.268768
v -10.804954 6.830215 -5.237702
v -10.804954 6.830215 -5.237702
v -10.819600 7.209558 -5.596334
v -10.769600 7.238847 -5.646334
v -10.769600 7.153491 -5.610979
v -10.804955 7.224202 -5.631689
v -10.804955 7.224202 -5.631689
v -10.798468 7.195688 -5.629817
v -10.798468 7.195688 -5.629817
v -10.769600 7.193136 -5.635978
v -10.804955 7.174202 -5.610979
v -10.804955 7.174202 -5.610979
v 10.377358 2.740217 9.227911
v 10.427359 2.740217 9.277911
v 10.427359 2.790217 9.227911
v 10.392003 2.740217 9.263268
v 10.392003 2.740217 9.263268
v 10.398491 2.769084 9.256779
v 10.398491 2.769084 9.256779
v 10.398491 2.769084 9.256779
v 10.427359 2.775572 9.263268
v 10.427359 2.775572 9.263268
v 10.392003 2.775572 9.227911
v 10.392003 2.775572 9.227911
v 10.377358 2.740217 -9.275623
v 10.427359 2.790217 -9.275623
v 10.427359 2.740217 -9.325624
v 10.392003 2.775572 -9.275623
v 10.392003 2.775572 -9.275623
v 10.398491 2.769084 -9.304491
v 10.398491 2.769084 -9.304491
v 10.427359 2.775572 -9.310980
v 10.392003 2.740217 -9.310980
v 10.392003 2.740217 -9.310980
v 10.784333 2.740217 9.227911
v 10.734333 2.790217 9.227911
v 10.734333 2.740217 9.277911
v 10.769689 2.775572 9.227911
v 10.769689 2.775572 9.227911
v 10.763201 2.769084 9.256779
v 10.763201 2.769084 9.256779
v 10.763201 2.769084 9.256779
v 10.734333 2.775572 9.263268
v 10.734333 2.775572 9.263268
v 10.769689 2.740217 9.263268
v 10.769689 2.740217 9.263268
v 10.734333 2.740217 -9.325624
v 10.734333 2.790217 -9.275623
v 10.784333 2.740217 -9.275623
v 10.734333 2.775572 -9.310980
v 10.763201 2.769084 -9.304491
v 10.763201 2.769084 -9.304491
v 10.769689 2.775572 -9.275623
v 10.769689 2.775572 -9.275623
v 10.769689 2.740217 -9.310980
v 10.769689 2.740217 -9.310980
v 10.377358 1.968122 8.646430
v 10.427359 1.918123 8.610367
v 10.427359 1.943987 8.703157
v 10.392004 1.932767 8.628398
v 10.392004 1.932767 8.628398
v 10.398490 1.932313 8.656412
v 10.398490 1.932313 8.656412
v 10.427359 1.925698 8.658255
v 10.392004 1.947193 8.680151
v 10.392004 1.947193 8.680151
v 10.377358 2.319601 9.227911
v 10.427359 2.265534 9.235121
v 10.427359 2.341399 9.277911
v 10.392003 2.282212 9.231516
v 10.392003 2.282212 9.231516
v 10.398491 2.302459 9.258303
v 10.398491 2.302459 9.258303
v 10.427359 2.297626 9.266872
v 10.392003 2.335857 9.261774
v 10.392003 2.335857 9.261774
v 10.377358 2.319601 -9.275623
v 10.427359 2.341399 -9.325624
v 10.427359 2.265535 -9.282833
v 10.392003 2.335857 -9.309486
v 10.392003 2.335857 -9.309486
v 10.398491 2.302459 -9.306015
v 10.398491 2.302459 -9.306015
v 10.427359 2.297626 -9.314585
v 10.392003 2.282212 -9.279228
v 10.392003 2.282212 -9.279228
v 10.427359 1.918123 -8.658077
v 10.377358 1.968122 -8.694141
v 10.427359 1.943987 -8.750868
v 10.392004 1.932767 -8.676109
v 10.392004 1.932767 -8.676109
v 10.398490 1.932313 -8.704123
v 10.398490 1.932313 -8.704123
v 10.392004 1.947193 -8.727861
v 10.392004 1.947193 -8.727861
v 10.427359 1.925698 -8.705967
v 10.784333 2.319601 9.227911
v 10.734333 2.341399 9.277911
v 10.734333 2.265535 9.235121
v 10.769689 2.335857 9.261774
v 10.769689 2.335857 9.261774
v 10.763201 2.302459 9.258303
v 10.763201 2.302459 9.258303
v 10.734333 2.297626 9.266872
v 10.769689 2.282212 9.231516
v 10.769689 2.282212 9.231516
v 10.734333 1.918123 8.610367
v 10.784333 1.968122 8.646430
v 10.734333 1.943987 8.703157
v 10.769687 1.932767 8.628399
v 10.769687 1.932767 8.628399
v 10.763201 1.932313 8.656412
v 10.763201 1.932313 8.656412
v 10.769688 1.947193 8.680151
v 10.769688 1.947193 8.680151
v 10.734333 1.925698 8.658255
v 10.784333 1.968122 -8.694141
v 10.734333 1.918123 -8.658077
v 10.734333 1.943987 -8.750868
v 10.769688 1.932767 -8.676109
v 10.769688 1.932767 -8.676109
v 10.763201 1.932313 -8.704124
v 10.763201 1.932313 -8.704124
v 10.734333 1.925698 -8.705967
v 10.769688 1.947193 -8.727861
v 10.769688 1.947193 -8.727861
v 10.784333 2.319601 -9.275623
v 10.734333 2.265535 -9.282833
v 10.734333 2.341399 -9.325624
v 10.769689 2.282212 -9.279228
v 10.769689 2.282212 -9.279228
v 10.763201 2.302459 -9.306015
v 10.763201 2.302459 -9.306015
v 10.734333 2.297626 -9.314585
v 10.769689 2.335857 -9.309486
v 10.769689 2.335857 -9.309486
v -10.412625 2.740217 9.227911
v -10.462626 2.790217 9.227911
v -10.462626 2.740217 9.277911
v -10.427270 2.775572 9.227911
v -10.427270 2.775572 9.227911
v -10.433758 2.769084 9.256779
v -10.433758 2.769084 9.256779
v -10.433758 2.769084 9.256779
v -10.462626 2.775572 9.263268
v -10.462626 2.775572 9.263268
v -10.427270 2.740217 9.263268
v -10.427270 2.740217 9.263268
v -10.412625 2.740217 -9.275623
v -10.462626 2.740217 -9.325624
v -10.462626 2.790217 -9.275623
v -10.427270 2.740217 -9.310980
v -10.427270 2.740217 -9.310980
v -10.433758 2.769084 -9.304491
v -10.433758 2.769084 -9.304491
v -10.462626 2.775572 -9.310980
v -10.427270 2.775572 -9.275623
v -10.427270 2.775572 -9.275623
v -10.819600 2.740217 9.227911
v -10.769600 2.740217 9.277911
v -10.769600 2.790217 9.227911
v -10.804955 2.740217 9.263268
v -10.804955 2.740217 9.263268
v -10.798468 2.769084 9.256779
v -10.798468 2.769084 9.256779
v -10.798468 2.769084 9.256779
v -10.769600 2.775572 9.263268
v -10.769600 2.775572 9.263268
v -10.804955 2.775572 9.227911
v -10.804955 2.775572 9.227911
v -10.769600 2.740217 -9.325624
v -10.819600 2.740217 -9.275623
v -10.769600 2.790217 -9.275623
v -10.804955 2.740217 -9.310980
v -10.804955 2.740217 -9.310980
v -10.798468 2.769084 -9.304491
v -10.798468 2.769084 -9.304491
v -10.804955 2.775572 -9.275623
v -10.804955 2.775572 -9.275623
v -10.769600 2.775572 -9.310980
v -10.412625 1.968122 8.646430
v -10.462626 1.943987 8.703157
v -10.462626 1.918123 8.610367
v -10.427271 1.947193 8.680151
v -10.427271 1.947193 8.680151
v -10.433757 1.932313 8.656412
v -10.433757 1.932313 8.656412
v -10.462626 1.925698 8.658255
v -10.427271 1.932767 8.628398
v -10.427271 1.932767 8.628398
v -10.412625 2.319601 9.227911
v -10.462626 2.341399 9.277911
v -10.462626 2.265535 9.235121
v -10.427270 2.335857 9.261774
v -10.427270 2.335857 9.261774
v -10.433758 2.302459 9.258303
v -10.433758 2.302459 9.258303
v -10.462626 2.297626 9.266872
v -10.427270 2.282212 9.231516
v -10.427270 2.282212 9.231516
v -10.412625 2.319601 -9.275623
v -10.462626 2.265535 -9.282833
v -10.462626 2.341399 -9.325624
v -10.427270 2.282212 -9.279228
v -10.427270 2.282212 -9.279228
v -10.433758 2.302459 -9.306015
v -10.433758 2.302459 -9.306015
v -10.462626 2.297626 -9.314585
v -10.427270 2.335857 -9.309486
v -10.427270 2.335857 -9.309486
v -10.462626 1.918123 -8.658077
v -10.462626 1.943987 -8.750868
v -10.412625 1.968122 -8.694141
v -10.462626 1.925698 -8.705967
v -10.433757 1.932313 -8.704124
v -10.433757 1.932313 -8.704124
v -10.427271 1.947193 -8.727861
v -10.427271 1.947193 -8.727861
v -10.427271 1.932767 -8.676107
v -10.427271 1.932767 -8.676107
v -10.819600 2.319601 9.227911
v -10.769600 2.265534 9.235121
v -10.769600 2.341399 9.277911
v -10.804955 2.282212 9.231516
v -10.804955 2.282212 9.231516
v -10.798468 2.302459 9.258303
v -10.798468 2.302459 9.258303
v -10.769600 2.297626 9.266872
v -10.804955 2.335857 9.261774
v -10.804955 2.335857 9.261774
v -10.769600 1.918123 8.610367
v -10.769600 1.943987 8.703157
v -10.819600 1.968122 8.646430
v -10.769600 1.925698 8.658255
v -10.798468 1.932313 8.656412
v -10.798468 1.932313 8.656412
v -10.804955 1.947193 8.680151
v -10.804955 1.947193 8.680151
v -10.804955 1.932767 8.628398
v -10.804955 1.932767 8.628398
v -10.819600 1.968122 -8.694141
v -10.769600 1.943987 -8.750868
v -10.769600 1.918123 -8.658077
v -10.804954 1.947193 -8.727861
v -10.804954 1.947193 -8.727861
v -10.798468 1.932313 -8.704123
v -10.798468 1.932313 -8.704123
v -10.769600 1.925698 -8.705967
v -10.804955 1.932767 -8.676109
v -10.804955 1.932767 -8.676109
v -10.819600 2.319601 -9.275623
v -10.769600 2.341399 -9.325624
v -10.769600 2.265535 -9.282833
v -10.804955 2.335857 -9.309486
v -10.804955 2.335857 -9.309486
v -10.798468 2.302459 -9.306015
v -10.798468 2.302459 -9.306015
v -10.769600 2.297626 -9.314585
v -10.804955 2.282212 -9.279228
v -10.804955 2.282212 -9.279228
v 10.934166 -0.525186 -6.253225
v 10.934166 -0.481366 -6.179145
v 10.884166 -0.475186 -6.232800
v 10.934166 -0.513631 -6.210061
v 10.934166 -0.513631 -6.210061
v 10.905298 -0.505359 -6.214953
v 10.905298 -0.505359 -6.214953
v 10.905298 -0.505359 -6.214953
v 10.898810 -0.478276 -6.195618
v 10.898810 -0.478276 -6.195618
v 10.898810 -0.509261 -6.248001
v 10.898810 -0.509261 -6.248001
v 10.934166 7.632407 -1.720554
v 10.934166 7.676227 -1.746475
v 10.884166 7.626226 -1.781003
v 10.934166 7.664673 -1.716008
v 10.934166 7.664673 -1.716008
v 10.905298 7.656401 -1.729992
v 10.905298 7.656401 -1.729992
v 10.905298 7.656401 -1.729992
v 10.898810 7.660302 -1.758752
v 10.898810 7.660302 -1.758752
v 10.898810 7.629317 -1.740423
v 10.898810 7.629317 -1.740423
v 10.934166 -0.525186 -7.288018
v 10.884166 -0.475186 -7.253491
v 10.934166 -0.481366 -7.313939
v 10.898810 -0.509261 -7.275742
v 10.898810 -0.509261 -7.275742
v 10.905298 -0.505359 -7.304501
v 10.905298 -0.505359 -7.304501
v 10.905298 -0.505359 -7.304501
v 10.898810 -0.478276 -7.294071
v 10.898810 -0.478276 -7.294071
v 10.934166 -0.513631 -7.318485
v 10.934166 -0.513631 -7.318485
v 10.934166 7.676227 -2.781269
v 10.934166 7.632407 -2.855349
v 10.884166 7.626226 -2.801693
v 10.934166 7.664673 -2.824434
v 10.934166 7.664673 -2.824434
v 10.905298 7.656401 -2.819541
v 10.905298 7.656401 -2.819541
v 10.905298 7.656401 -2.819541
v 10.898810 7.629317 -2.838876
v 10.898810 7.629317 -2.838876
v 10.898810 7.660302 -2.786494
v 10.898810 7.660302 -2.786494
v 11.120258 -0.525186 -6.253225
v 11.170259 -0.475186 -6.232800
v 11.120258 -0.481366 -6.179145
v 11.155614 -0.509261 -6.248001
v 11.155614 -0.509261 -6.248001
v 11.149126 -0.505359 -6.214953
v 11.149126 -0.505359 -6.214953
v 11.149126 -0.505359 -6.214953
v 11.155614 -0.478276 -6.195618
v 11.155614 -0.478276 -6.195618
v 11.120258 -0.513631 -6.210061
v 11.120258 -0.513631 -6.210061
v 11.120258 7.676227 -1.746475
v 11.120258 7.632407 -1.720554
v 11.170259 7.626226 -1.781003
v 11.120258 7.664673 -1.716008
v 11.120258 7.664673 -1.716008
v 11.149126 7.656401 -1.729992
v 11.149126 7.656401 -1.729992
v 11.149126 7.656401 -1.729992
v 11.155614 7.629317 -1.740423
v 11.155614 7.629317 -1.740423
v 11.155614 7.660302 -1.758752
v 11.155614 7.660302 -1.758752
v 11.120258 -0.525186 -7.288018
v 11.120258 -0.481366 -7.313939
v 11.170259 -0.475186 -7.253491
v 11.120258 -0.513631 -7.318485
v 11.120258 -0.513631 -7.318485
v 11.149126 -0.505359 -7.304501
v 11.149126 -0.505359 -7.304501
v 11.149126 -0.505359 -7.304501
v 11.155614 -0.478276 -7.294071
v 11.155614 -0.478276 -7.294071
v 11.155614 -0.509261 -7.275742
v 11.155614 -0.509261 -7.275742
v 11.120258 7.676227 -2.781269
v 11.170259 7.626226 -2.801693
v 11.120258 7.632407 -2.855349
v 11.155614 7.660302 -2.786494
v 11.155614 7.660302 -2.786494
v 11.149126 7.656401 -2.819541
v 11.149126 7.656401 -2.819541
v 11.149126 7.656401 -2.819541
v 11.155614 7.629317 -2.838876
v 11.155614 7.629317 -2.838876
v 11.120258 7.664673 -2.824434
v 11.120258 7.664673 -2.824434
v -10.969434 -0.525186 -6.253225
v -10.919434 -0.475186 -6.232800
v -10.969434 -0.481366 -6.179145
v -10.934078 -0.509261 -6.248001
v -10.934078 -0.509261 -6.248001
v -10.940566 -0.505359 -6.214953
v -10.940566 -0.505359 -6.214953
v -10.940566 -0.505359 -6.214953
v -10.934078 -0.478276 -6.195618
v -10.934078 -0.478276 -6.195618
v -10.969434 -0.513631 -6.210061
v -10.969434 -0.513631 -6.210061
v -10.969434 7.632407 -1.720555
v -10.919434 7.626226 -1.781003
v -10.969434 7.676227 -1.746476
v -10.934078 7.629316 -1.740424
v -10.934078 7.629316 -1.740424
v -10.940566 7.656400 -1.729993
v -10.940566 7.656400 -1.729993
v -10.940566 7.656400 -1.729993
v -10.934078 7.660302 -1.758753
v -10.934078 7.660302 -1.758753
v -10.969434 7.664672 -1.716009
v -10.969434 7.664672 -1.716009
v -10.969434 -0.525186 -7.288018
v -10.969434 -0.481366 -7.313939
v -10.919434 -0.475186 -7.253491
v -10.969434 -0.513631 -7.318485
v -10.969434 -0.513631 -7.318485
v -10.940566 -0.505359 -7.304501
v -10.940566 -0.505359 -7.304501
v -10.940566 -0.505359 -7.304501
v -10.934078 -0.478276 -7.294071
v -10.934078 -0.478276 -7.294071
v -10.934078 -0.509261 -7.275742
v -10.934078 -0.509261 -7.275742
v -10.969434 7.676227 -2.781269
v -10.919434 7.626226 -2.801693
v -10.969434 7.632407 -2.855349
v -10.934078 7.660302 -2.786494
v -10.934078 7.660302 -2.786494
v -10.940566 7.656401 -2.819541
v -10.940566 7.656401 -2.819541
v -10.940566 7.656401 -2.819541
v -10.934078 7.629317 -2.838876
v -10.934078 7.629317 -2.838876
v -10.969434 7.664673 -2.824434
v -10.969434 7.664673 -2.824434
v -11.155526 -0.525186 -6.253225
v -11.155526 -0.481366 -6.179145
v -11.205526 -0.475186 -6.232800
v -11.155525 -0.513631 -6.210061
v -11.155525 -0.513631 -6.210061
v -11.184393 -0.505359 -6.214953
v -11.184393 -0.505359 -6.214953
v -11.184393 -0.505359 -6.214953
v -11.190881 -0.478276 -6.195618
v -11.190881 -0.478276 -6.195618
v -11.190881 -0.509261 -6.248001
v -11.190881 -0.509261 -6.248001
v -11.155526 7.676227 -1.746476
v -11.205526 7.626226 -1.781003
v -11.155526 7.632407 -1.720555
v -11.190883 7.660302 -1.758753
v -11.190883 7.660302 -1.758753
v -11.184395 7.656401 -1.729993
v -11.184395 7.656401 -1.729993
v -11.184395 7.656401 -1.729993
v -11.190883 7.629317 -1.740424
v -11.190883 7.629317 -1.740424
v -11.155527 7.664673 -1.716009
v -11.155527 7.664673 -1.716009
v -11.155526 -0.525186 -7.288018
v -11.205526 -0.475186 -7.253491
v -11.155526 -0.481366 -7.313939
v -11.190883 -0.509261 -7.275742
v -11.190883 -0.509261 -7.275742
v -11.184395 -0.505359 -7.304501
v -11.184395 -0.505359 -7.304501
v -11.184395 -0.505359 -7.304501
v -11.190883 -0.478276 -7.294071
v -11.190883 -0.478276 -7.294071
v -11.155527 -0.513631 -7.318485
v -11.155527 -0.513631 -7.318485
v -11.155526 7.676227 -2.781269
v -11.155526 7.632407 -2.855349
v -11.205526 7.626226 -2.801693
v -11.155525 7.664673 -2.824434
v -11.155525 7.664673 -2.824434
v -11.184393 7.656401 -2.819541
v -11.184393 7.656401 -2.819541
v -11.184393 7.656401 -2.819541
v -11.190881 7.629317 -2.838876
v -11.190881 7.629317 -2.838876
v -11.190881 7.660302 -2.786494
v -11.190881 7.660302 -2.786494
v 10.934166 -0.525186 6.205514
v 10.884166 -0.475186 6.185090
v 10.934166 -0.481366 6.131434
v 10.898810 -0.509261 6.200289
v 10.898810 -0.509261 6.200289
v 10.905298 -0.505359 6.167242
v 10.905298 -0.505359 6.167242
v 10.905298 -0.505359 6.167242
v 10.898810 -0.478276 6.147907
v 10.898810 -0.478276 6.147907
v 10.934166 -0.513631 6.162349
v 10.934166 -0.513631 6.162349
v 10.934166 7.632407 1.672844
v 10.884166 7.626226 1.733292
v 10.934166 7.676227 1.698764
v 10.898810 7.629316 1.692713
v 10.898810 7.629316 1.692713
v 10.905298 7.656400 1.682282
v 10.905298 7.656400 1.682282
v 10.905298 7.656400 1.682282
v 10.898810 7.660302 1.711041
v 10.898810 7.660302 1.711041
v 10.934166 7.664672 1.668298
v 10.934166 7.664672 1.668298
v 10.934166 -0.525186 7.240308
v 10.934166 -0.481366 7.266229
v 10.884166 -0.475186 7.205781
v 10.934166 -0.513631 7.270774
v 10.934166 -0.513631 7.270774
v 10.905298 -0.505359 7.256790
v 10.905298 -0.505359 7.256790
v 10.905298 -0.505359 7.256790
v 10.898810 -0.478276 7.246360
v 10.898810 -0.478276 7.246360
v 10.898810 -0.509261 7.228031
v 10.898810 -0.509261 7.228031
v 10.934166 7.676227 2.733558
v 10.884166 7.626226 2.753982
v 10.934166 7.632407 2.807638
v 10.898810 7.660302 2.738783
v 10.898810 7.660302 2.738783
v 10.905298 7.656401 2.771831
v 10.905298 7.656401 2.771831
v 10.905298 7.656401 2.771831
v 10.898810 7.629317 2.791165
v 10.898810 7.629317 2.791165
v 10.934166 7.664673 2.776723
v 10.934166 7.664673 2.776723
v 11.120258 -0.525186 6.205514
v 11.120258 -0.481366 6.131434
v 11.170259 -0.475186 6.185090
v 11.120258 -0.513631 6.162349
v 11.120258 -0.513631 6.162349
v 11.149126 -0.505359 6.167242
v 11.149126 -0.505359 6.167242
v 11.149126 -0.505359 6.167242
v 11.155614 -0.478276 6.147907
v 11.155614 -0.478276 6.147907
v 11.155614 -0.509261 6.200289
v 11.155614 -0.509261 6.200289
v 11.120258 7.676227 1.698764
v 11.170259 7.626226 1.733292
v 11.120258 7.632407 1.672844
v 11.155614 7.660302 1.711041
v 11.155614 7.660302 1.711041
v 11.149126 7.656401 1.682282
v 11.149126 7.656401 1.682282
v 11.149126 7.656401 1.682282
v 11.155614 7.629317 1.692713
v 11.155614 7.629317 1.692713
v 11.120258 7.664673 1.668298
v 11.120258 7.664673 1.668298
v 11.120258 -0.525186 7.240308
v 11.170259 -0.475186 7.205781
v 11.120258 -0.481366 7.266229
v 11.155614 -0.509261 7.228031
v 11.155614 -0.509261 7.228031
v 11.149126 -0.505359 7.256790
v 11.149126 -0.505359 7.256790
v 11.149126 -0.505359 7.256790
v 11.155614 -0.478276 7.246360
v 11.155614 -0.478276 7.246360
v 11.120258 -0.513631 7.270774
v 11.120258 -0.513631 7.270774
v 11.120258 7.676227 2.733558
v 11.120258 7.632407 2.807638
v 11.170259 7.626226 2.753982
v 11.120258 7.664673 2.776723
v 11.120258 7.664673 2.776723
v 11.149126 7.656401 2.771830
v 11.149126 7.656401 2.771830
v 11.149126 7.656401 2.771830
v 11.155614 7.629317 2.791165
v 11.155614 7.629317 2.791165
v 11.155614 7.660302 2.738783
v 11.155614 7.660302 2.738783
v -10.969430 -0.525186 6.205515
v -10.969430 -0.481366 6.131435
v -10.919430 -0.475186 6.185091
v -10.969430 -0.513631 6.162350
v -10.969430 -0.513631 6.162350
v -10.940562 -0.505359 6.167243
v -10.940562 -0.505359 6.167243
v -10.940562 -0.505359 6.167243
v -10.934074 -0.478276 6.147908
v -10.934074 -0.478276 6.147908
v -10.934074 -0.509261 6.200290
v -10.934074 -0.509261 6.200290
v -10.969430 7.632407 1.672844
v -10.969430 7.676227 1.698764
v -10.919430 7.626226 1.733292
v -10.969430 7.664673 1.668298
v -10.969430 7.664673 1.668298
v -10.940562 7.656401 1.682282
v -10.940562 7.656401 1.682282
v -10.940562 7.656401 1.682282
v -10.934074 7.660302 1.711041
v -10.934074 7.660302 1.711041
v -10.934074 7.629317 1.692713
v -10.934074 7.629317 1.692713
v -10.969430 -0.525186 7.240308
v -10.919430 -0.475186 7.205781
v -10.969430 -0.481366 7.266229
v -10.934074 -0.509261 7.228031
v -10.934074 -0.509261 7.228031
v -10.940562 -0.505359 7.256790
v -10.940562 -0.505359 7.256790
v -10.940562 -0.505359 7.256790
v -10.934074 -0.478276 7.246360
v -10.934074 -0.478276 7.246360
v -10.969430 -0.513631 7.270774
v -10.969430 -0.513631 7.270774
v -10.969430 7.676227 2.733558
v -10.969430 7.632407 2.807638
v -10.919430 7.626226 2.753982
v -10.969430 7.664673 2.776723
v -10.969430 7.664673 2.776723
v -10.940562 7.656401 2.771830
v -10.940562 7.656401 2.771830
v -10.940562 7.656401 2.771830
v -10.934074 7.629317 2.791165
v -10.934074 7.629317 2.791165
v -10.934074 7.660302 2.738783
v -10.934074 7.660302 2.738783
v -11.155524 -0.525186 6.205515
v -11.205524 -0.475186 6.185091
v -11.155524 -0.481366 6.131435
v -11.190880 -0.509261 6.200290
v -11.190880 -0.509261 6.200290
v -11.184392 -0.505359 6.167243
v -11.184392 -0.505359 6.167243
v -11.184392 -0.505359 6.167243
v -11.190880 -0.478276 6.147908
v -11.190880 -0.478276 6.147908
v -11.155524 -0.513631 6.162350
v -11.155524 -0.513631 6.162350
v -11.155524 7.676227 1.698764
v -11.155524 7.632407 1.672844
v -11.205524 7.626226 1.733292
v -11.155524 7.664673 1.668298
v -11.155524 7.664673 1.668298
v -11.184392 7.656401 1.682282
v -11.184392 7.656401 1.682282
v -11.184392 7.656401 1.682282
v -11.190880 7.629317 1.692713
v -11.190880 7.629317 1.692713
v -11.190880 7.660302 1.711041
v -11.190880 7.660302 1.711041
v -11.155524 -0.525186 7.240308
v -11.155524 -0.481366 7.266229
v -11.205524 -0.475186 7.205781
v -11.155524 -0.513631 7.270774
v -11.155524 -0.513631 7.270774
v -11.184392 -0.505359 7.256790
v -11.184392 -0.505359 7.256790
v -11.184392 -0.505359 7.256790
v -11.190880 -0.478276 7.246360
v -11.190880 -0.478276 7.246360
v -11.190880 -0.509261 7.228031
v -11.190880 -0.509261 7.228031
v -11.155524 7.676227 2.733558
v -11.205524 7.626226 2.753982
v -11.155524 7.632407 2.807638
v -11.190880 7.660302 2.738783
v -11.190880 7.660302 2.738783
v -11.184392 7.656401 2.771831
v -11.184392 7.656401 2.771831
v -11.184392 7.656401 2.771831
v -11.190880 7.629317 2.791165
v -11.190880 7.629317 2.791165
v -11.155524 7.664673 2.776723
v -11.155524 7.664673 2.776723
vn 0.1814 -0.3681 -0.9119
vn 0.1951 -0.0000 -0.9808
vn 0.3827 -0.0000 -0.9239
vn 0.3549 -0.3744 -0.8567
vn 0.1814 0.3682 -0.9119
vn 0.1415 0.6882 -0.7116
vn 0.2751 0.6952 -0.6641
vn 0.3549 0.3744 -0.8567
vn 0.0799 0.9122 -0.4018
vn 0.1289 0.9917 -0.0000
vn 0.1543 0.9152 -0.3724
vn 0.1289 -0.9917 -0.0000
vn 0.0799 -0.9122 -0.4018
vn 0.1543 -0.9152 -0.3724
vn 0.1415 -0.6882 -0.7116
vn 0.2751 -0.6952 -0.6641
vn 0.2850 -0.9152 -0.2850
vn 0.6557 -0.3744 -0.6557
vn 0.5083 -0.6952 -0.5083
vn 0.6557 0.3744 -0.6557
vn 0.7071 -0.0000 -0.7071
vn 0.2850 0.9152 -0.2850
vn 0.5083 0.6952 -0.5083
vn 0.3724 0.9152 -0.1543
vn 0.6641 0.6952 -0.2751
vn 0.6641 -0.6951 -0.2751
vn 0.3724 -0.9152 -0.1543
vn 0.9239 -0.0000 -0.3827
vn 0.8567 -0.3744 -0.3549
vn 0.8567 0.3744 -0.3548
vn 0.7189 -0.6952 -0.0000
vn 0.4031 -0.9152 -0.0000
vn 1.0000 -0.0000 -0.0001
vn 0.9273 -0.3744 -0.0000
vn 0.7189 0.6952 -0.0000
vn 0.9273 0.3744 -0.0001
vn 0.4031 0.9152 -0.0000
vn 0.3724 0.9152 0.1543
vn 0.3724 -0.9152 0.1543
vn 0.9273 -0.3744 0.0001
vn 0.8567 -0.3744 0.3548
vn 0.6641 -0.6952 0.2751
vn 1.0000 -0.0000 0.0001
vn 0.9273 0.3744 -0.0000
vn 0.8567 0.3744 0.3549
vn 0.9239 -0.0000 0.3827
vn 0.6641 0.6951 0.2751
vn 0.6557 -0.3744 0.6557
vn 0.5083 -0.6952 0.5083
vn 0.6557 0.3744 0.6557
vn 0.7071 -0.0000 0.7071
vn 0.2850 0.9152 0.2850
vn 0.5083 0.6952 0.5083
vn 0.2850 -0.9152 0.2850
vn 0.2751 -0.6952 0.6641
vn 0.1543 -0.9152 0.3724
vn 0.3827 -0.0000 0.9239
vn 0.3549 -0.3744 0.8567
vn 0.2751 0.6952 0.6641
vn 0.3549 0.3744 0.8567
vn 0.1543 0.9152 0.3724
vn 0.1951 -0.0000 0.9808
vn 0.1814 -0.3682 0.9119
vn 0.1416 0.6882 0.7116
vn 0.1814 0.3682 0.9119
vn 0.0799 0.9122 0.4018
vn 0.0799 -0.9122 0.4018
vn 0.1416 -0.6882 0.7116
vn 0.1814 -0.3682 -0.9119
vn 0.2751 0.6951 -0.6641
vn 0.1542 0.9152 -0.3724
vn 0.6641 -0.6952 -0.2751
vn 0.4031 -0.9152 -0.0001
vn 0.4031 0.9152 0.0001
vn 0.7188 0.6952 -0.0000
vn 0.6641 0.6952 0.2751
vn 0.1415 0.6882 0.7116
vn 0.1415 -0.6882 0.7116
vn 0.9273 -0.3744 -0.0001
vn 0.3724 -0.9151 0.1543
vn 0.1542 0.9152 0.3724
vn 0.1814 0.3681 0.9119
vn 0.0799 -0.9123 0.4018
vn 0.1416 -0.6881 0.7116
vn 0.1415 -0.6881 -0.7116
vn 0.2751 -0.6951 -0.6641
vn 0.5083 -0.6951 -0.5083
vn 0.3724 0.9152 -0.1542
vn 0.3724 -0.9152 -0.1542
vn 0.8567 -0.3744 -0.3548
vn 0.8567 0.3744 -0.3549
vn 0.7188 -0.6952 -0.0000
vn 0.4031 -0.9152 0.0001
vn 1.0000 -0.0000 -0.0000
vn 0.7189 0.6951 -0.0000
vn 0.4031 0.9152 -0.0001
vn 0.3724 0.9152 0.1542
vn 0.3724 -0.9152 0.1542
vn 0.7189 -0.6951 -0.0000
vn 0.8567 -0.3744 0.3549
vn 0.8567 0.3744 0.3548
vn 0.5083 0.6951 0.5083
vn 0.1542 -0.9152 0.3724
vn 0.2751 0.6951 0.6641
vn 0.1415 0.6881 0.7116
vn 0.1415 -0.6881 0.7116
vn 0.1814 0.3681 -0.9119
vn 0.6641 0.6951 -0.2751
vn 0.9273 0.3744 0.0001
vn 0.1814 -0.3681 0.9119
vn -0.1814 -0.3681 -0.9119
vn -0.3549 -0.3744 -0.8567
vn -0.3827 -0.0000 -0.9239
vn -0.1951 -0.0000 -0.9808
vn -0.1814 0.3682 -0.9119
vn -0.3549 0.3744 -0.8567
vn -0.2751 0.6952 -0.6641
vn -0.1416 0.6881 -0.7116
vn -0.0799 0.9122 -0.4018
vn -0.1543 0.9152 -0.3724
vn -0.1289 0.9917 -0.0000
vn -0.1289 -0.9917 -0.0000
vn -0.1543 -0.9152 -0.3724
vn -0.0799 -0.9122 -0.4018
vn -0.1416 -0.6882 -0.7116
vn -0.2751 -0.6952 -0.6641
vn -0.2850 -0.9152 -0.2850
vn -0.5083 -0.6952 -0.5083
vn -0.6557 -0.3744 -0.6557
vn -0.7071 -0.0000 -0.7071
vn -0.6557 0.3744 -0.6557
vn -0.5083 0.6951 -0.5083
vn -0.2850 0.9152 -0.2850
vn -0.6641 0.6952 -0.2751
vn -0.3724 0.9152 -0.1543
vn -0.3724 -0.9152 -0.1543
vn -0.6641 -0.6952 -0.2751
vn -0.8567 -0.3744 -0.3549
vn -0.9239 -0.0000 -0.3827
vn -0.8567 0.3744 -0.3549
vn -0.4031 -0.9152 -0.0000
vn -0.7189 -0.6952 -0.0000
vn -0.9273 -0.3744 -0.0000
vn -1.0000 -0.0000 -0.0000
vn -0.9273 0.3744 -0.0000
vn -0.7188 0.6952 -0.0000
vn -0.4031 0.9152 -0.0000
vn -0.3724 0.9152 0.1543
vn -0.3724 -0.9152 0.1543
vn -0.7188 -0.6952 -0.0000
vn -0.6641 -0.6952 0.2751
vn -0.8567 -0.3744 0.3549
vn -0.9239 -0.0000 0.3827
vn -0.8567 0.3744 0.3549
vn -0.7189 0.6951 -0.0000
vn -0.6641 0.6952 0.2751
vn -0.5083 -0.6952 0.5083
vn -0.6557 -0.3744 0.6557
vn -0.7071 -0.0000 0.7071
vn -0.6557 0.3744 0.6557
vn -0.5083 0.6952 0.5083
vn -0.2850 0.9152 0.2850
vn -0.2850 -0.9152 0.2850
vn -0.1543 -0.9152 0.3724
vn -0.2751 -0.6952 0.6641
vn -0.3549 -0.3744 0.8567
vn -0.3827 -0.0000 0.9239
vn -0.3549 0.3744 0.8567
vn -0.2751 0.6952 0.6641
vn -0.1543 0.9152 0.3724
vn -0.1814 -0.3682 0.9119
vn -0.1951 -0.0000 0.9808
vn -0.1814 0.3681 0.9119
vn -0.1416 0.6882 0.7116
vn -0.0799 0.9122 0.4018
vn -0.0799 -0.9122 0.4018
vn -0.1416 -0.6881 0.7116
vn -0.1415 0.6881 -0.7116
vn -0.5083 0.6952 -0.5083
vn -0.3724 0.9152 -0.1542
vn -0.4031 -0.9152 -0.0001
vn -0.7189 -0.6952 -0.0001
vn -1.0000 -0.0000 -0.0001
vn -0.7189 0.6952 -0.0001
vn -0.4031 0.9152 0.0001
vn -0.7189 -0.6952 0.0001
vn -1.0000 -0.0000 0.0001
vn -0.7189 0.6952 0.0001
vn -0.1814 0.3682 0.9119
vn -0.1415 0.6882 0.7116
vn -0.1416 -0.6882 0.7116
vn -0.1814 -0.3682 -0.9119
vn -0.1416 0.6882 -0.7116
vn -0.1415 -0.6882 -0.7116
vn -0.6641 0.6951 -0.2751
vn -0.9273 -0.3744 0.0001
vn -0.1416 0.6881 0.7116
vn -0.1814 0.3681 -0.9119
vn -0.3548 0.3744 -0.8567
vn -0.8567 -0.3744 -0.3548
vn -0.9273 -0.3744 -0.0001
vn -0.7188 -0.6952 0.0001
vn -0.8567 0.3744 0.3548
vn -0.9273 0.3744 0.0001
vn -0.7189 0.6952 -0.0000
vn -0.3548 -0.3744 0.8567
vn -0.3548 0.3744 0.8567
vn -0.3548 -0.3744 -0.8567
vn -0.6641 -0.6951 0.2751
vn -0.8567 -0.3744 0.3548
vn -0.1415 -0.6882 0.7116
vn 0.5083 -0.6951 0.5083
vn 0.1416 0.6882 -0.7116
vn 0.1416 -0.6882 -0.7116
vn 0.1416 0.6881 0.7116
vn 0.0799 0.9123 0.4018
vn 0.2850 0.9152 -0.2851
vn 0.1542 -0.9152 -0.3724
vn 0.6641 -0.6951 0.2751
vn 0.4030 0.9152 0.0001
vn 0.1415 0.6881 -0.7116
vn 0.5083 0.6951 -0.5083
vn 0.1416 0.6881 -0.7116
vn 0.1416 -0.6881 -0.7116
vn -0.1814 -0.3681 0.9119
vn -0.5083 -0.6951 0.5083
vn -0.5083 0.6951 0.5083
vn -0.1415 0.6882 -0.7116
vn -0.1416 -0.6881 -0.7116
vn -0.2751 -0.6951 0.6641
vn -0.3724 0.9152 0.1542
vn -0.7189 -0.6951 -0.0000
vn -0.4031 -0.9152 0.0001
vn -0.4031 0.9152 -0.0001
vn -0.7188 -0.6952 -0.0001
vn -0.9273 0.3744 -0.0001
vn -0.7188 0.6952 -0.0001
vn -0.1542 -0.9152 -0.3724
vn -0.6641 0.6951 0.2751
vn -0.8567 0.3744 -0.3548
vn -0.6642 -0.6951 0.2751
vn -0.7189 0.6951 0.0001
vn -0.4031 0.9151 -0.0000
vn -0.4030 0.9152 -0.0000
vn -0.2751 -0.6951 -0.6641
vn -0.0799 -0.9123 -0.4018
vn -0.1794 -0.9673 0.1794
vn -0.1726 -0.6965 0.6965
vn -0.5774 -0.5774 0.5773
vn -0.6965 -0.6965 0.1726
vn -0.1794 -0.1794 0.9673
vn -0.6965 -0.1726 0.6965
vn -0.9673 -0.1794 0.1794
vn -0.1794 0.1794 0.9673
vn -0.1726 0.6965 0.6965
vn -0.5774 0.5774 0.5773
vn -0.6965 0.1726 0.6965
vn -0.1794 0.9673 0.1794
vn -0.6965 0.6965 0.1726
vn -0.9673 0.1794 0.1794
vn -0.5773 0.5774 0.5773
vn -0.1794 -0.9673 -0.1794
vn -0.6965 -0.6965 -0.1726
vn -0.5774 -0.5774 -0.5773
vn -0.1726 -0.6965 -0.6965
vn -0.9673 -0.1794 -0.1794
vn -0.6965 -0.1726 -0.6965
vn -0.1794 -0.1794 -0.9673
vn -0.1794 0.9673 -0.1794
vn -0.1726 0.6965 -0.6965
vn -0.5774 0.5774 -0.5773
vn -0.6965 0.6965 -0.1726
vn -0.1794 0.1794 -0.9673
vn -0.6965 0.1726 -0.6965
vn -0.9673 0.1794 -0.1794
vn 0.1794 -0.9673 0.1794
vn 0.6965 -0.6965 0.1726
vn 0.5774 -0.5774 0.5773
vn 0.1726 -0.6965 0.6965
vn 0.9673 -0.1794 0.1794
vn 0.6965 -0.1726 0.6965
vn 0.1794 -0.1794 0.9673
vn 0.1794 0.9673 0.1794
vn 0.1726 0.6965 0.6965
vn 0.5774 0.5774 0.5773
vn 0.6965 0.6965 0.1726
vn 0.1794 0.1794 0.9673
vn 0.6965 0.1726 0.6965
vn 0.9673 0.1794 0.1794
vn 0.5773 0.5774 0.5773
vn 0.1794 -0.9673 -0.1794
vn 0.1726 -0.6965 -0.6965
vn 0.5774 -0.5774 -0.5772
vn 0.6965 -0.6965 -0.1726
vn 0.1794 -0.1794 -0.9673
vn 0.6965 -0.1726 -0.6965
vn 0.5774 -0.5774 -0.5773
vn 0.9673 -0.1794 -0.1794
vn 0.1794 0.9673 -0.1794
vn 0.6965 0.6965 -0.1726
vn 0.5774 0.5774 -0.5773
vn 0.1726 0.6965 -0.6965
vn 0.9673 0.1794 -0.1794
vn 0.6965 0.1726 -0.6965
vn 0.1794 0.1794 -0.9673
vn -0.5773 -0.5774 -0.5773
vn -0.5773 0.5774 -0.5773
vn 0.5773 -0.5774 -0.5773
vn 0.5773 0.5774 -0.5773
vn -0.5773 -0.5774 0.5773
vn -0.5774 -0.5773 -0.5773
vn -0.5774 0.5773 -0.5774
vn 0.5773 -0.5774 0.5773
vn 0.5774 -0.5773 -0.5773
vn -0.5774 -0.5774 0.5772
vn -0.6965 -0.1725 -0.6965
vn 0.6965 0.1725 -0.6965
vn -0.1726 -0.6964 0.6966
vn 0.5773 -0.5775 0.5773
vn -0.5773 0.5773 0.5774
vn -0.5774 0.5773 0.5774
vn -0.5773 0.5773 -0.5774
vn 0.5773 0.5773 0.5774
vn 0.5773 0.5773 -0.5774
vn -0.5772 0.5774 0.5774
vn -0.5773 0.5774 0.5774
vn 0.5774 -0.5773 0.5773
vn 0.5772 0.5774 0.5774
vn 0.5773 0.5774 0.5774
vn 0.5772 0.5774 -0.5774
vn 0.5773 0.5774 -0.5774
vn -0.6965 -0.6965 -0.1725
vn -0.6964 -0.1726 -0.6966
vn -0.6965 0.6965 -0.1725
vn -0.6965 -0.6965 0.1725
vn -0.6965 -0.1727 0.6965
vn -0.1726 -0.6964 0.6965
vn 0.6965 -0.6965 -0.1725
vn 0.5773 -0.5773 -0.5774
vn 0.6965 -0.6965 0.1725
vn 0.5774 0.5773 0.5774
vn 0.6965 0.1726 0.6964
vn -0.5774 -0.5773 0.5773
vn -0.6965 -0.6966 0.1724
vn -0.5774 -0.5773 0.5774
vn -0.5774 0.5773 0.5773
vn 0.5774 -0.5773 -0.5774
vn 0.5774 0.5773 -0.5773
vn 0.5774 -0.5773 0.5774
vn -0.5774 0.5773 -0.5773
vn -0.9652 -0.2416 0.1000
vn -0.6775 -0.7289 0.0987
vn -0.5447 -0.7748 0.3209
vn -0.6775 -0.5852 0.4456
vn -0.1726 -0.9808 0.0905
vn -0.1382 -0.9150 0.3790
vn -0.1727 -0.7575 0.6296
vn -0.9652 -0.1001 0.2416
vn -0.6775 -0.4456 0.5852
vn -0.5447 -0.3209 0.7748
vn -0.6775 -0.0987 0.7288
vn -0.1727 -0.6296 0.7574
vn -0.1382 -0.3791 0.9150
vn -0.1726 -0.0905 0.9808
vn -0.6774 -0.0987 0.7289
vn -0.5446 -0.3209 0.7748
vn -0.1382 -0.3790 0.9150
vn -0.9652 -0.1001 -0.2416
vn -0.6775 -0.0987 -0.7289
vn -0.5446 -0.3209 -0.7749
vn -0.6775 -0.4456 -0.5852
vn -0.1726 -0.0905 -0.9808
vn -0.1382 -0.3790 -0.9150
vn -0.5447 -0.3209 -0.7748
vn -0.1727 -0.6296 -0.7574
vn -0.6774 -0.4456 -0.5852
vn -0.1725 -0.9808 -0.0906
vn -0.6775 -0.7289 -0.0987
vn -0.5447 -0.7748 -0.3209
vn -0.1382 -0.9150 -0.3790
vn -0.9652 -0.2415 -0.1001
vn -0.6775 -0.5852 -0.4456
vn -0.1728 -0.7574 -0.6297
vn 0.9652 -0.1001 0.2415
vn 0.6775 -0.0987 0.7288
vn 0.5447 -0.3209 0.7748
vn 0.6775 -0.4456 0.5852
vn 0.1726 -0.0905 0.9808
vn 0.1382 -0.3790 0.9150
vn 0.6775 -0.0987 0.7289
vn 0.1727 -0.6296 0.7575
vn 0.1725 -0.9808 0.0906
vn 0.6774 -0.7289 0.0987
vn 0.5447 -0.7748 0.3209
vn 0.1382 -0.9150 0.3790
vn 0.9652 -0.2416 0.1000
vn 0.6775 -0.5852 0.4456
vn 0.6775 -0.7289 0.0987
vn 0.1727 -0.7575 0.6296
vn 0.9652 -0.2416 -0.1000
vn 0.6775 -0.7289 -0.0987
vn 0.5447 -0.7748 -0.3209
vn 0.6775 -0.5852 -0.4456
vn 0.1726 -0.9808 -0.0905
vn 0.1382 -0.9150 -0.3790
vn 0.1727 -0.7575 -0.6296
vn 0.5447 -0.7748 -0.3210
vn 0.9652 -0.1001 -0.2416
vn 0.6775 -0.4456 -0.5852
vn 0.5447 -0.3209 -0.7748
vn 0.6775 -0.0987 -0.7288
vn 0.1727 -0.6296 -0.7574
vn 0.1382 -0.3790 -0.9150
vn 0.1726 -0.0905 -0.9808
vn 0.6775 -0.0987 -0.7289
vn 0.6965 0.6965 0.1727
vn 0.6966 0.1726 -0.6964
vn 0.9652 -0.2416 0.1001
vn 0.1726 -0.7575 0.6296
vn 0.6775 -0.5852 0.4457
vn 0.9652 -0.1001 0.2416
vn 0.1382 -0.3791 0.9150
vn 0.5446 -0.3209 -0.7748
vn 0.1727 -0.6296 -0.7575
vn 0.1728 -0.7574 -0.6297
vn 0.9652 -0.2415 -0.1001
vn -0.6775 -0.0987 0.7289
vn -0.1728 -0.6297 0.7574
vn -0.1728 -0.7574 0.6297
vn -0.9652 -0.2416 0.1001
vn -0.6775 -0.5852 0.4455
vn -0.9652 -0.2416 -0.1000
vn -0.6775 -0.5852 -0.4455
vn -0.1382 -0.9150 -0.3791
vn -0.1726 -0.9808 -0.0905
vn -0.1727 -0.6296 -0.7575
vn -0.9669 0.1793 0.1813
vn -0.6983 0.1715 0.6949
vn -0.1839 0.1791 0.9665
vn -0.1726 0.6964 0.6966
vn -0.6983 0.1715 0.6950
vn -0.9669 0.1793 -0.1813
vn -0.6983 0.1715 -0.6949
vn -0.1839 0.1791 -0.9665
vn -0.6983 0.1715 -0.6950
vn 0.9669 0.1793 0.1813
vn 0.6983 0.1715 0.6950
vn 0.1839 0.1791 0.9665
vn 0.5774 0.5772 0.5774
vn 0.1839 0.1791 -0.9665
vn 0.6983 0.1715 -0.6950
vn 0.9669 0.1793 -0.1814
vn 0.6965 0.6964 -0.1726
vn -0.9682 -0.2410 0.0676
vn -0.6852 -0.7254 0.0650
vn -0.5571 -0.7999 0.2230
vn -0.6857 -0.6539 0.3198
vn -0.1764 -0.9825 0.0601
vn -0.1447 -0.9531 0.2657
vn -0.5571 -0.8000 0.2230
vn -0.6852 -0.7255 0.0650
vn -0.1821 -0.8709 0.4564
vn -0.9593 -0.1387 0.2459
vn -0.6931 -0.5541 0.4610
vn -0.5807 -0.3999 0.7091
vn -0.6931 -0.1082 0.7127
vn -0.1906 -0.7788 0.5976
vn -0.1796 -0.4833 0.8568
vn -0.6931 -0.5542 0.4610
vn -0.1906 -0.1087 0.9756
vn -0.9593 -0.1387 -0.2458
vn -0.6931 -0.1081 -0.7127
vn -0.5807 -0.3999 -0.7091
vn -0.6931 -0.5541 -0.4610
vn -0.1906 -0.1087 -0.9756
vn -0.1796 -0.4833 -0.8568
vn -0.1906 -0.7788 -0.5975
vn -0.6931 -0.5541 -0.4611
vn -0.1763 -0.9825 -0.0602
vn -0.6851 -0.7255 -0.0651
vn -0.5571 -0.8000 -0.2230
vn -0.1447 -0.9531 -0.2657
vn -0.9682 -0.2410 -0.0677
vn -0.6857 -0.6538 -0.3198
vn -0.5571 -0.7999 -0.2230
vn -0.6852 -0.7254 -0.0651
vn -0.1821 -0.8709 -0.4564
vn -0.6857 -0.6539 -0.3198
vn 0.9593 -0.1387 0.2459
vn 0.6931 -0.1082 0.7127
vn 0.5808 -0.3999 0.7091
vn 0.6931 -0.5541 0.4610
vn 0.1906 -0.1087 0.9756
vn 0.1796 -0.4833 0.8568
vn 0.5807 -0.3999 0.7091
vn 0.1906 -0.7788 0.5976
vn 0.1764 -0.9825 0.0601
vn 0.6851 -0.7255 0.0651
vn 0.5571 -0.8000 0.2230
vn 0.1447 -0.9531 0.2657
vn 0.9681 -0.2411 0.0677
vn 0.6857 -0.6539 0.3198
vn 0.6852 -0.7255 0.0651
vn 0.1821 -0.8709 0.4564
vn 0.9681 -0.2411 -0.0677
vn 0.6852 -0.7254 -0.0651
vn 0.5571 -0.8000 -0.2230
vn 0.6857 -0.6539 -0.3197
vn 0.1764 -0.9825 -0.0601
vn 0.1447 -0.9531 -0.2657
vn 0.6852 -0.7255 -0.0651
vn 0.1821 -0.8709 -0.4564
vn 0.6857 -0.6539 -0.3198
vn 0.9593 -0.1387 -0.2458
vn 0.6931 -0.5541 -0.4610
vn 0.5808 -0.3999 -0.7091
vn 0.6931 -0.1082 -0.7126
vn 0.1906 -0.7788 -0.5975
vn 0.1796 -0.4833 -0.8568
vn 0.5807 -0.3999 -0.7091
vn 0.1906 -0.1087 -0.9756
vn 0.6931 -0.1082 -0.7127
vn 0.5774 0.5774 0.5772
vn 0.1838 0.1791 0.9665
vn 0.5774 0.5773 0.5773
vn 0.9670 0.1793 -0.1812
vn 0.6983 0.1715 -0.6949
vn 0.6982 0.1715 -0.6950
vn -0.9670 0.1793 0.1812
vn 0.6857 -0.6538 0.3198
vn 0.5571 -0.7999 0.2230
vn 0.6852 -0.7255 0.0650
vn 0.6851 -0.7255 0.0650
vn 0.9593 -0.1387 0.2458
vn 0.6931 -0.5541 0.4611
vn 0.1796 -0.4833 0.8569
vn 0.9593 -0.1387 -0.2459
vn 0.1907 -0.1087 -0.9756
vn 0.6852 -0.7255 -0.0650
vn 0.6856 -0.6539 -0.3198
vn 0.9682 -0.2410 -0.0677
vn 0.6852 -0.7254 -0.0650
vn 0.5571 -0.7999 -0.2230
vn -0.5808 -0.3999 0.7091
vn -0.6931 -0.1082 0.7126
vn -0.5808 -0.3999 0.7090
vn -0.1907 -0.1087 0.9756
vn -0.1764 -0.9825 0.0602
vn -0.6851 -0.7255 0.0651
vn -0.9681 -0.2411 0.0677
vn -0.6852 -0.7254 0.0651
vn -0.6857 -0.6539 0.3197
vn -0.6852 -0.7254 -0.0652
vn -0.1764 -0.9825 -0.0601
vn -0.9593 -0.1388 -0.2459
vn -0.6931 -0.5542 -0.4610
vn -0.1926 -0.9745 0.1150
vn -0.1765 -0.8472 0.5011
vn -0.5775 -0.7027 0.4156
vn -0.6924 -0.7125 0.1135
vn -0.1927 -0.5701 0.7987
vn -0.6924 -0.4426 0.5698
vn -0.9589 -0.2443 0.1445
vn -0.2145 -0.3107 0.9260
vn -0.2554 0.4922 0.8321
vn -0.6805 0.3731 0.6306
vn -0.7592 -0.1586 0.6312
vn -0.2145 0.9612 0.1736
vn -0.7592 0.6296 0.1650
vn -0.6805 0.3730 0.6307
vn -0.2554 0.4922 0.8322
vn -0.9810 0.0987 0.1668
vn -0.6804 0.3731 0.6307
vn -0.2145 -0.9612 -0.1736
vn -0.7592 -0.6296 -0.1650
vn -0.6805 -0.3731 -0.6307
vn -0.2554 -0.4922 -0.8322
vn -0.9810 -0.0987 -0.1668
vn -0.7592 0.1586 -0.6312
vn -0.2145 0.3107 -0.9260
vn -0.2554 -0.4922 -0.8321
vn -0.6805 -0.3731 -0.6306
vn -0.1926 0.9745 -0.1150
vn -0.1765 0.8472 -0.5011
vn -0.5775 0.7027 -0.4156
vn -0.6924 0.7125 -0.1135
vn -0.1927 0.5701 -0.7987
vn -0.6924 0.4426 -0.5698
vn -0.1765 0.8472 -0.5012
vn -0.9589 0.2443 -0.1445
vn -0.5775 0.7026 -0.4156
vn 0.1926 -0.9745 0.1151
vn 0.6924 -0.7126 0.1135
vn 0.5775 -0.7027 0.4156
vn 0.1765 -0.8472 0.5011
vn 0.9589 -0.2443 0.1445
vn 0.6924 -0.4426 0.5698
vn 0.6924 -0.7125 0.1135
vn 0.1926 -0.5701 0.7987
vn 0.1765 -0.8472 0.5012
vn 0.6924 -0.4426 0.5699
vn 0.2145 0.9612 0.1737
vn 0.2554 0.4922 0.8321
vn 0.6805 0.3730 0.6307
vn 0.7592 0.6296 0.1650
vn 0.2145 -0.3108 0.9260
vn 0.7592 -0.1586 0.6312
vn 0.6805 0.3731 0.6306
vn 0.2554 0.4923 0.8321
vn 0.9810 0.0987 0.1668
vn 0.7593 -0.1586 0.6312
vn 0.2145 -0.9612 -0.1737
vn 0.2554 -0.4921 -0.8322
vn 0.6805 -0.3731 -0.6307
vn 0.7592 -0.6296 -0.1650
vn 0.2145 0.3108 -0.9260
vn 0.7592 0.1586 -0.6312
vn 0.6805 -0.3731 -0.6306
vn 0.2554 -0.4922 -0.8322
vn 0.9810 -0.0987 -0.1668
vn 0.6805 -0.3730 -0.6307
vn 0.7593 0.1586 -0.6312
vn 0.1926 0.9745 -0.1150
vn 0.6924 0.7125 -0.1135
vn 0.5775 0.7027 -0.4156
vn 0.1765 0.8472 -0.5010
vn 0.9589 0.2443 -0.1445
vn 0.6924 0.4426 -0.5698
vn 0.5776 0.7026 -0.4157
vn 0.1926 0.5701 -0.7987
vn 0.1765 0.8472 -0.5011
vn 0.6925 -0.4426 0.5698
vn 0.6924 -0.7125 0.1134
vn 0.1927 -0.5700 0.7987
vn 0.5775 -0.7026 0.4157
vn 0.7592 -0.1586 0.6313
vn 0.6805 0.3731 0.6307
vn 0.2554 0.4922 0.8322
vn 0.7592 0.1586 -0.6313
vn 0.6806 -0.3730 -0.6307
vn 0.1925 0.9745 -0.1151
vn 0.5776 0.7026 -0.4156
vn 0.1926 0.5701 -0.7986
vn 0.1765 0.8472 -0.5012
vn 0.5775 0.7027 -0.4157
vn -0.1925 -0.9745 0.1151
vn -0.5775 -0.7026 0.4156
vn -0.6925 -0.7125 0.1135
vn -0.5776 -0.7026 0.4156
vn -0.2145 0.9612 0.1737
vn -0.7592 -0.1586 0.6313
vn -0.2554 0.4923 0.8321
vn -0.6805 -0.3730 -0.6307
vn -0.2554 -0.4921 -0.8322
vn -0.7593 0.1586 -0.6312
vn -0.7592 -0.6296 -0.1651
vn -0.2145 0.3108 -0.9260
vn -0.1926 0.9745 -0.1151
vn -0.6925 0.7125 -0.1135
vn -0.5776 0.7026 -0.4156
vn -0.1927 -0.9745 -0.1150
vn -0.6924 -0.7125 -0.1135
vn -0.5775 -0.7027 -0.4156
vn -0.1765 -0.8472 -0.5011
vn -0.9589 -0.2443 -0.1445
vn -0.6924 -0.4426 -0.5698
vn -0.5776 -0.7026 -0.4157
vn -0.1927 -0.5701 -0.7987
vn -0.2145 -0.3108 -0.9260
vn -0.7592 -0.1587 -0.6312
vn -0.6805 0.3731 -0.6307
vn -0.2554 0.4923 -0.8321
vn -0.9810 0.0987 -0.1668
vn -0.7592 0.6296 -0.1650
vn -0.7592 -0.1586 -0.6312
vn -0.2145 0.9612 -0.1737
vn -0.2554 0.4922 -0.8322
vn -0.6805 0.3730 -0.6307
vn -0.2145 -0.9612 0.1737
vn -0.2554 -0.4921 0.8322
vn -0.6805 -0.3730 0.6307
vn -0.7592 -0.6296 0.1650
vn -0.2145 0.3108 0.9260
vn -0.7592 0.1586 0.6312
vn -0.6805 -0.3731 0.6306
vn -0.2554 -0.4922 0.8322
vn -0.9810 -0.0987 0.1668
vn -0.6804 -0.3731 0.6307
vn -0.1926 0.9745 0.1150
vn -0.6924 0.7125 0.1135
vn -0.5775 0.7027 0.4156
vn -0.1765 0.8472 0.5011
vn -0.9589 0.2443 0.1445
vn -0.6924 0.4426 0.5698
vn -0.5775 0.7026 0.4157
vn -0.1928 0.5700 0.7987
vn 0.1926 -0.9745 -0.1151
vn 0.1765 -0.8472 -0.5011
vn 0.5775 -0.7027 -0.4156
vn 0.6924 -0.7125 -0.1135
vn 0.1927 -0.5701 -0.7987
vn 0.6924 -0.4426 -0.5698
vn 0.5775 -0.7027 -0.4157
vn 0.1765 -0.8472 -0.5012
vn 0.9589 -0.2443 -0.1445
vn 0.5776 -0.7026 -0.4156
vn 0.2145 0.9612 -0.1736
vn 0.7592 0.6296 -0.1650
vn 0.6805 0.3730 -0.6307
vn 0.2554 0.4922 -0.8322
vn 0.9810 0.0987 -0.1668
vn 0.7593 -0.1586 -0.6312
vn 0.6805 0.3731 -0.6307
vn 0.2145 -0.3107 -0.9260
vn 0.2554 0.4922 -0.8321
vn 0.7592 -0.1586 -0.6312
vn 0.2145 -0.9612 0.1737
vn 0.7592 -0.6296 0.1650
vn 0.6805 -0.3730 0.6307
vn 0.2554 -0.4922 0.8322
vn 0.9810 -0.0987 0.1668
vn 0.7592 0.1586 0.6312
vn 0.6805 -0.3731 0.6307
vn 0.2145 0.3108 0.9260
vn 0.2554 -0.4923 0.8321
vn 0.6805 -0.3732 0.6306
vn 0.1926 0.9745 0.1151
vn 0.1765 0.8472 0.5011
vn 0.5775 0.7027 0.4156
vn 0.6924 0.7125 0.1135
vn 0.1927 0.5701 0.7987
vn 0.6924 0.4426 0.5698
vn 0.9589 0.2443 0.1445
vn 0.5776 0.7026 0.4156
vn 0.6925 0.4426 0.5697
vn 0.1926 -0.9745 -0.1150
vn 0.1926 -0.5701 -0.7987
vn 0.6924 -0.4426 -0.5699
vn 0.5775 -0.7026 -0.4157
vn 0.7592 0.6296 -0.1649
vn 0.7592 -0.6296 0.1649
vn 0.1926 0.9745 0.1150
vn 0.1926 0.5702 0.7987
vn 0.6924 0.4426 0.5699
vn 0.5775 0.7026 0.4157
vn -0.1925 -0.9745 -0.1151
vn -0.5776 -0.7026 -0.4156
vn -0.5775 -0.7026 -0.4157
vn -0.6924 -0.4426 -0.5699
vn -0.7592 0.6296 -0.1649
vn -0.6805 0.3731 -0.6306
vn -0.7592 0.1586 0.6313
vn -0.7593 0.1586 0.6311
vn -0.1925 0.9745 0.1151
vn -0.5776 0.7026 0.4156
vn -0.1927 0.5701 0.7987
vn -0.5775 0.7027 0.4157
vt 0.403797 0.072689
vt 0.411411 0.102608
vt 0.382812 0.106065
vt 0.378680 0.079970
vt 0.411411 0.134262
vt 0.403177 0.165533
vt 0.382197 0.160397
vt 0.384134 0.132679
vt 0.387723 0.193967
vt 0.368156 0.218878
vt 0.376701 0.189274
vt 0.346820 0.000994
vt 0.369834 0.021341
vt 0.360344 0.027804
vt 0.389982 0.044836
vt 0.371007 0.054090
vt 0.349625 0.030614
vt 0.354884 0.083993
vt 0.352336 0.058228
vt 0.359990 0.134125
vt 0.357173 0.109086
vt 0.365337 0.188475
vt 0.362555 0.160282
vt 0.354368 0.191342
vt 0.343437 0.164492
vt 0.332881 0.057878
vt 0.338543 0.029874
vt 0.331474 0.111669
vt 0.330935 0.085130
vt 0.336076 0.138003
vt 0.312901 0.052544
vt 0.327884 0.025279
vt 0.302846 0.114373
vt 0.303476 0.082684
vt 0.324358 0.173895
vt 0.309267 0.145684
vt 0.344658 0.197887
vt 0.029199 0.295194
vt 0.003910 0.275053
vt 0.034052 0.283990
vt 0.222263 0.255013
vt 0.202012 0.277556
vt 0.195731 0.268200
vt 0.178908 0.297065
vt 0.151908 0.311584
vt 0.144078 0.286192
vt 0.169838 0.278749
vt 0.121727 0.319401
vt 0.089769 0.319401
vt 0.091414 0.291813
vt 0.118147 0.290497
vt 0.058105 0.311031
vt 0.063409 0.289757
vt 0.140293 0.262690
vt 0.165771 0.260134
vt 0.090135 0.267474
vt 0.115251 0.264900
vt 0.034959 0.272421
vt 0.063698 0.269865
vt 0.192989 0.257615
vt 0.166028 0.241124
vt 0.193813 0.246675
vt 0.112966 0.239413
vt 0.139250 0.238639
vt 0.059687 0.250508
vt 0.086524 0.243257
vt 0.032159 0.261206
vt 0.111050 0.210741
vt 0.141729 0.212791
vt 0.050377 0.230470
vt 0.079847 0.216583
vt 0.025525 0.251193
vt 0.198388 0.236118
vt 0.171255 0.221146
vt 0.696523 0.394348
vt 0.702825 0.425612
vt 0.674334 0.428354
vt 0.669771 0.402068
vt 0.702210 0.456933
vt 0.693770 0.487609
vt 0.672957 0.482140
vt 0.675241 0.455028
vt 0.678222 0.514874
vt 0.659279 0.539174
vt 0.667609 0.510276
vt 0.637174 0.321667
vt 0.660798 0.342170
vt 0.651186 0.348785
vt 0.681336 0.366076
vt 0.662297 0.375575
vt 0.640300 0.351809
vt 0.646075 0.405843
vt 0.643252 0.379785
vt 0.651110 0.455900
vt 0.648449 0.430947
vt 0.656492 0.509479
vt 0.653768 0.481866
vt 0.645763 0.512301
vt 0.634910 0.486047
vt 0.623527 0.379625
vt 0.629024 0.351149
vt 0.623005 0.433989
vt 0.621915 0.407253
vt 0.627434 0.460096
vt 0.603157 0.374420
vt 0.618142 0.346571
vt 0.593901 0.437619
vt 0.593901 0.405236
vt 0.616629 0.495004
vt 0.601970 0.468018
vt 0.636201 0.518789
vt 0.641960 0.286833
vt 0.617215 0.306427
vt 0.632383 0.279728
vt 0.647512 0.088833
vt 0.665448 0.114620
vt 0.654409 0.118680
vt 0.678729 0.143041
vt 0.686218 0.172901
vt 0.659585 0.174350
vt 0.658619 0.147276
vt 0.686521 0.204154
vt 0.678770 0.234889
vt 0.652697 0.226919
vt 0.657764 0.200781
vt 0.663465 0.262930
vt 0.644420 0.253044
vt 0.635429 0.172555
vt 0.639217 0.146730
vt 0.628745 0.222334
vt 0.632497 0.197480
vt 0.621576 0.276293
vt 0.625560 0.248321
vt 0.643142 0.118940
vt 0.620331 0.141953
vt 0.632369 0.115493
vt 0.606893 0.194077
vt 0.611895 0.168074
vt 0.606046 0.247922
vt 0.604649 0.220469
vt 0.610269 0.276500
vt 0.578297 0.190537
vt 0.586006 0.160048
vt 0.585048 0.252463
vt 0.578297 0.221511
vt 0.599290 0.280609
vt 0.622847 0.108396
vt 0.601388 0.132058
vt 0.199265 0.599827
vt 0.168282 0.608047
vt 0.164844 0.578268
vt 0.191055 0.573917
vt 0.136416 0.606825
vt 0.105764 0.598828
vt 0.110765 0.578131
vt 0.138270 0.580145
vt 0.077520 0.583878
vt 0.052486 0.564725
vt 0.082071 0.572897
vt 0.270115 0.540853
vt 0.250019 0.564252
vt 0.243440 0.554833
vt 0.226698 0.584606
vt 0.217147 0.566024
vt 0.240380 0.544119
vt 0.187013 0.550273
vt 0.212807 0.547211
vt 0.136906 0.555880
vt 0.161977 0.552782
vt 0.082763 0.561591
vt 0.110782 0.558581
vt 0.079807 0.550700
vt 0.106456 0.539530
vt 0.212722 0.527790
vt 0.241002 0.532981
vt 0.158802 0.527242
vt 0.185429 0.526285
vt 0.132652 0.532107
vt 0.217717 0.507648
vt 0.245436 0.522193
vt 0.155658 0.498780
vt 0.187382 0.498780
vt 0.097224 0.520900
vt 0.124790 0.505735
vt 0.073119 0.540996
vt 0.791291 0.809261
vt 0.766378 0.828918
vt 0.781712 0.802087
vt 0.798862 0.611920
vt 0.816181 0.637671
vt 0.805230 0.641559
vt 0.829084 0.665784
vt 0.836325 0.695561
vt 0.809819 0.696750
vt 0.809118 0.669797
vt 0.836325 0.726755
vt 0.828440 0.757388
vt 0.802413 0.749240
vt 0.807576 0.723144
vt 0.812936 0.785452
vt 0.793903 0.775450
vt 0.785916 0.694817
vt 0.789798 0.669112
vt 0.778621 0.744641
vt 0.782077 0.719564
vt 0.770870 0.798581
vt 0.774930 0.770605
vt 0.794079 0.641593
vt 0.770940 0.664063
vt 0.783456 0.638030
vt 0.756759 0.716214
vt 0.762392 0.690167
vt 0.755356 0.769976
vt 0.754532 0.742616
vt 0.759508 0.798808
vt 0.727645 0.712363
vt 0.735901 0.681135
vt 0.735044 0.774142
vt 0.727661 0.743893
vt 0.748362 0.802869
vt 0.774175 0.630854
vt 0.752660 0.653859
vt 0.148293 0.917116
vt 0.117299 0.926689
vt 0.112776 0.896662
vt 0.139049 0.891304
vt 0.084925 0.926542
vt 0.054606 0.918723
vt 0.058895 0.898636
vt 0.086214 0.899386
vt 0.026762 0.905246
vt 0.001662 0.887718
vt 0.030775 0.894425
vt 0.217220 0.855237
vt 0.197814 0.879462
vt 0.190857 0.870242
vt 0.175221 0.900747
vt 0.164922 0.882465
vt 0.187462 0.859574
vt 0.133848 0.867552
vt 0.159741 0.863772
vt 0.083941 0.875493
vt 0.108799 0.871143
vt 0.030936 0.883367
vt 0.058256 0.879220
vt 0.027549 0.872860
vt 0.053078 0.860685
vt 0.159039 0.844193
vt 0.187629 0.848349
vt 0.104833 0.846098
vt 0.131420 0.843247
vt 0.078733 0.851756
vt 0.163242 0.823401
vt 0.191725 0.837308
vt 0.100129 0.816443
vt 0.132262 0.816443
vt 0.042778 0.842653
vt 0.069379 0.826197
vt 0.020641 0.863809
vt 0.861960 0.468580
vt 0.837464 0.487527
vt 0.852744 0.461421
vt 0.869292 0.271596
vt 0.886595 0.297111
vt 0.875811 0.301020
vt 0.900203 0.324748
vt 0.907832 0.354949
vt 0.880983 0.356425
vt 0.879915 0.329196
vt 0.908016 0.386422
vt 0.900070 0.417447
vt 0.873798 0.409090
vt 0.878981 0.382861
vt 0.884100 0.445851
vt 0.864960 0.435364
vt 0.856908 0.354533
vt 0.860571 0.328685
vt 0.850060 0.404593
vt 0.853458 0.379709
vt 0.842085 0.457972
vt 0.846135 0.430328
vt 0.864671 0.301133
vt 0.841900 0.323815
vt 0.854029 0.297629
vt 0.827973 0.375968
vt 0.833175 0.349875
vt 0.826844 0.429816
vt 0.825885 0.402596
vt 0.830926 0.458075
vt 0.798976 0.372369
vt 0.807009 0.341560
vt 0.806508 0.434227
vt 0.798976 0.403936
vt 0.820117 0.461984
vt 0.844810 0.290509
vt 0.822796 0.313371
vt 0.333642 0.515869
vt 0.303277 0.523810
vt 0.299474 0.494930
vt 0.325569 0.490332
vt 0.271433 0.523810
vt 0.240298 0.515722
vt 0.245219 0.494795
vt 0.272788 0.496446
vt 0.211949 0.500615
vt 0.187011 0.481449
vt 0.216501 0.489626
vt 0.404704 0.457842
vt 0.384255 0.481040
vt 0.377774 0.471568
vt 0.360863 0.501056
vt 0.351499 0.482582
vt 0.374875 0.460806
vt 0.321217 0.466662
vt 0.347106 0.463840
vt 0.271065 0.472173
vt 0.296192 0.469418
vt 0.217190 0.478332
vt 0.245107 0.475263
vt 0.214156 0.467480
vt 0.240772 0.456338
vt 0.347184 0.444298
vt 0.375539 0.449627
vt 0.292993 0.443935
vt 0.319638 0.442495
vt 0.266926 0.448480
vt 0.352194 0.423528
vt 0.380120 0.438777
vt 0.289299 0.415000
vt 0.321154 0.415180
vt 0.231330 0.437668
vt 0.258836 0.422820
vt 0.207597 0.457909
vt 0.462102 0.953482
vt 0.442727 0.928791
vt 0.469244 0.944085
vt 0.658138 0.960173
vt 0.633427 0.977253
vt 0.629516 0.966730
vt 0.606406 0.990868
vt 0.576540 0.998668
vt 0.574976 0.972010
vt 0.601893 0.970894
vt 0.545123 0.999023
vt 0.513997 0.991239
vt 0.522162 0.964829
vt 0.548592 0.969977
vt 0.485430 0.975571
vt 0.495849 0.956199
vt 0.576928 0.948198
vt 0.602395 0.951853
vt 0.526808 0.940792
vt 0.551899 0.944339
vt 0.472738 0.933280
vt 0.500696 0.937349
vt 0.629351 0.955836
vt 0.607407 0.933364
vt 0.632708 0.945457
vt 0.555626 0.919117
vt 0.581708 0.924534
vt 0.501160 0.917658
vt 0.528939 0.916607
vt 0.472554 0.921968
vt 0.560196 0.889003
vt 0.591096 0.898889
vt 0.496548 0.896944
vt 0.527559 0.889003
vt 0.468497 0.911026
vt 0.639575 0.936534
vt 0.617690 0.915421
vt 0.147868 0.496629
vt 0.140586 0.471512
vt 0.114492 0.475644
vt 0.117948 0.504242
vt 0.086295 0.504242
vt 0.087878 0.476966
vt 0.060159 0.475029
vt 0.055024 0.496009
vt 0.026590 0.480555
vt 0.031283 0.469532
vt 0.001679 0.460987
vt 0.219563 0.439651
vt 0.192752 0.453176
vt 0.199215 0.462665
vt 0.175721 0.482814
vt 0.166466 0.463839
vt 0.189942 0.442457
vt 0.162329 0.445167
vt 0.136564 0.447716
vt 0.111470 0.450004
vt 0.086432 0.452822
vt 0.060274 0.455386
vt 0.032082 0.458168
vt 0.056065 0.436268
vt 0.029215 0.447200
vt 0.190682 0.431374
vt 0.162678 0.425713
vt 0.135426 0.423767
vt 0.108888 0.424306
vt 0.082554 0.428907
vt 0.195277 0.420716
vt 0.168012 0.405733
vt 0.137872 0.396308
vt 0.106184 0.395677
vt 0.074873 0.402098
vt 0.046662 0.417189
vt 0.022670 0.437490
vt 0.197227 0.194060
vt 0.186023 0.189207
vt 0.177086 0.219349
vt 0.157046 0.000996
vt 0.170233 0.027527
vt 0.179589 0.021246
vt 0.199098 0.044351
vt 0.180782 0.053420
vt 0.188226 0.079180
vt 0.213617 0.071351
vt 0.221434 0.101532
vt 0.192530 0.105112
vt 0.193846 0.131845
vt 0.221434 0.133490
vt 0.213065 0.165154
vt 0.191791 0.159850
vt 0.162167 0.057487
vt 0.164723 0.082965
vt 0.166933 0.108008
vt 0.169507 0.133124
vt 0.171898 0.159561
vt 0.174454 0.188299
vt 0.159648 0.030270
vt 0.148708 0.029445
vt 0.143157 0.057230
vt 0.140672 0.084008
vt 0.141446 0.110293
vt 0.145290 0.136735
vt 0.152541 0.163571
vt 0.163239 0.191100
vt 0.114824 0.081530
vt 0.112774 0.112208
vt 0.118616 0.143412
vt 0.132503 0.172882
vt 0.153226 0.197734
vt 0.138151 0.024870
vt 0.123179 0.052003
vt 0.767853 0.269380
vt 0.741101 0.277099
vt 0.745664 0.303386
vt 0.774155 0.300644
vt 0.773540 0.331965
vt 0.746571 0.330060
vt 0.744287 0.357172
vt 0.765100 0.362640
vt 0.749552 0.389906
vt 0.738939 0.385307
vt 0.730609 0.414205
vt 0.708504 0.196699
vt 0.722517 0.223817
vt 0.732129 0.217202
vt 0.752666 0.241108
vt 0.733628 0.250607
vt 0.711630 0.226841
vt 0.714582 0.254817
vt 0.717405 0.280874
vt 0.719779 0.305979
vt 0.722441 0.330932
vt 0.725098 0.356897
vt 0.727822 0.384511
vt 0.706240 0.361079
vt 0.717093 0.387332
vt 0.700354 0.226181
vt 0.694857 0.254657
vt 0.693245 0.282285
vt 0.694335 0.309020
vt 0.698764 0.335128
vt 0.689472 0.221603
vt 0.674487 0.249452
vt 0.665231 0.280267
vt 0.665231 0.312651
vt 0.673300 0.343050
vt 0.687959 0.370036
vt 0.707531 0.393821
vt 0.390333 0.665172
vt 0.397437 0.655595
vt 0.370738 0.640427
vt 0.588333 0.670723
vt 0.558486 0.677621
vt 0.562546 0.688660
vt 0.534125 0.701941
vt 0.529890 0.681831
vt 0.502816 0.682797
vt 0.504265 0.709430
vt 0.473012 0.709733
vt 0.476385 0.680976
vt 0.450247 0.675909
vt 0.442277 0.701982
vt 0.414236 0.686677
vt 0.424122 0.667632
vt 0.530436 0.662429
vt 0.504611 0.658641
vt 0.479686 0.655708
vt 0.454832 0.651957
vt 0.428845 0.648772
vt 0.400873 0.644788
vt 0.558226 0.666354
vt 0.561673 0.655581
vt 0.535213 0.643543
vt 0.509092 0.635107
vt 0.483088 0.630105
vt 0.456697 0.627861
vt 0.429244 0.629258
vt 0.400666 0.633481
vt 0.517118 0.609217
vt 0.486629 0.601509
vt 0.455655 0.601509
vt 0.424703 0.608260
vt 0.396557 0.622502
vt 0.568770 0.646058
vt 0.545109 0.624600
vt 0.418172 0.608051
vt 0.409962 0.582141
vt 0.383751 0.586492
vt 0.387190 0.616271
vt 0.355323 0.615049
vt 0.357178 0.588370
vt 0.329672 0.586356
vt 0.324672 0.607053
vt 0.296428 0.592102
vt 0.300978 0.581121
vt 0.271394 0.572950
vt 0.489022 0.549077
vt 0.462347 0.563058
vt 0.468926 0.572476
vt 0.445605 0.592830
vt 0.436054 0.574249
vt 0.459287 0.552343
vt 0.431714 0.555436
vt 0.405920 0.558497
vt 0.380884 0.561006
vt 0.355814 0.564104
vt 0.329690 0.566805
vt 0.301670 0.569815
vt 0.325364 0.547754
vt 0.298715 0.558924
vt 0.459909 0.541206
vt 0.431629 0.536015
vt 0.404336 0.534510
vt 0.377709 0.535466
vt 0.351560 0.540331
vt 0.464343 0.530418
vt 0.436624 0.515872
vt 0.406290 0.507004
vt 0.374565 0.507004
vt 0.343697 0.513959
vt 0.316132 0.529125
vt 0.292027 0.549220
vt 0.506152 0.758323
vt 0.513326 0.748745
vt 0.486495 0.733410
vt 0.703493 0.765894
vt 0.673854 0.772263
vt 0.677742 0.783214
vt 0.649629 0.796117
vt 0.645616 0.776150
vt 0.618663 0.776852
vt 0.619852 0.803357
vt 0.588658 0.803357
vt 0.592269 0.774609
vt 0.566173 0.769446
vt 0.558025 0.795473
vt 0.529961 0.779969
vt 0.539963 0.760935
vt 0.646301 0.756831
vt 0.620596 0.752948
vt 0.595849 0.749109
vt 0.570772 0.745654
vt 0.544808 0.741963
vt 0.516832 0.737903
vt 0.673821 0.761112
vt 0.677383 0.750489
vt 0.651350 0.737973
vt 0.625246 0.729424
vt 0.599199 0.723792
vt 0.572797 0.721565
vt 0.545437 0.722388
vt 0.516605 0.726540
vt 0.634278 0.702933
vt 0.603050 0.694678
vt 0.571520 0.694693
vt 0.541271 0.702076
vt 0.512543 0.715395
vt 0.684559 0.741208
vt 0.661554 0.719692
vt 0.908565 0.553809
vt 0.882753 0.563053
vt 0.888111 0.589325
vt 0.918138 0.584803
vt 0.917991 0.617177
vt 0.890835 0.615888
vt 0.890085 0.643207
vt 0.910172 0.647496
vt 0.896695 0.675339
vt 0.885874 0.671327
vt 0.879167 0.700440
vt 0.846686 0.484882
vt 0.861691 0.511245
vt 0.870911 0.504288
vt 0.892196 0.526881
vt 0.873914 0.537179
vt 0.851023 0.514640
vt 0.855221 0.542361
vt 0.859001 0.568253
vt 0.862592 0.593302
vt 0.866942 0.618160
vt 0.870669 0.643845
vt 0.874816 0.671165
vt 0.852134 0.649023
vt 0.864309 0.674553
vt 0.839798 0.514472
vt 0.835642 0.543063
vt 0.834696 0.570681
vt 0.837547 0.597269
vt 0.843205 0.623369
vt 0.828757 0.510376
vt 0.814850 0.538859
vt 0.807892 0.569840
vt 0.807892 0.601973
vt 0.817646 0.632722
vt 0.834102 0.659324
vt 0.855258 0.681461
vt 0.136516 0.793717
vt 0.143676 0.784500
vt 0.117570 0.769220
vt 0.333501 0.801049
vt 0.304077 0.807567
vt 0.307986 0.818351
vt 0.280349 0.831959
vt 0.275901 0.811672
vt 0.248672 0.812739
vt 0.250148 0.839589
vt 0.218675 0.839773
vt 0.222235 0.810737
vt 0.196006 0.805554
vt 0.187650 0.831826
vt 0.159245 0.815856
vt 0.169733 0.796716
vt 0.276412 0.792327
vt 0.250564 0.788664
vt 0.225387 0.785214
vt 0.200503 0.781816
vt 0.174768 0.777891
vt 0.147125 0.773842
vt 0.303964 0.796428
vt 0.307468 0.785786
vt 0.281282 0.773656
vt 0.255222 0.764931
vt 0.229128 0.759730
vt 0.202500 0.757641
vt 0.175280 0.758600
vt 0.147022 0.762682
vt 0.263537 0.738765
vt 0.232727 0.730732
vt 0.201161 0.730732
vt 0.170870 0.738264
vt 0.143112 0.751873
vt 0.314588 0.776566
vt 0.291726 0.754552
vt 0.518078 0.393150
vt 0.492542 0.401223
vt 0.497140 0.427318
vt 0.526019 0.423516
vt 0.526019 0.455359
vt 0.498656 0.454004
vt 0.497004 0.481573
vt 0.517931 0.486495
vt 0.502825 0.514843
vt 0.491835 0.510292
vt 0.483658 0.539781
vt 0.460051 0.322089
vt 0.473777 0.349019
vt 0.483249 0.342537
vt 0.503265 0.365930
vt 0.484792 0.375294
vt 0.463015 0.351918
vt 0.466049 0.379686
vt 0.468871 0.405576
vt 0.471627 0.430600
vt 0.474382 0.455727
vt 0.477472 0.481685
vt 0.480541 0.509602
vt 0.458548 0.486020
vt 0.469689 0.512636
vt 0.451837 0.351254
vt 0.446507 0.379609
vt 0.444704 0.407154
vt 0.446144 0.433799
vt 0.450689 0.459867
vt 0.440986 0.346672
vt 0.425737 0.374598
vt 0.417389 0.405639
vt 0.417210 0.437494
vt 0.425029 0.467956
vt 0.439877 0.495462
vt 0.460118 0.519195
vt 0.255089 0.887463
vt 0.262230 0.878065
vt 0.235713 0.862772
vt 0.451125 0.894154
vt 0.422503 0.900711
vt 0.426414 0.911233
vt 0.399394 0.924848
vt 0.394880 0.904875
vt 0.367963 0.905991
vt 0.369527 0.932649
vt 0.338110 0.933004
vt 0.341579 0.903958
vt 0.315149 0.898809
vt 0.306984 0.925219
vt 0.278417 0.909552
vt 0.288836 0.890179
vt 0.395382 0.885833
vt 0.369916 0.882178
vt 0.344886 0.878320
vt 0.319795 0.874772
vt 0.293683 0.871329
vt 0.265724 0.867260
vt 0.422338 0.889817
vt 0.425696 0.879437
vt 0.400394 0.867344
vt 0.374695 0.858515
vt 0.348614 0.853098
vt 0.321926 0.850588
vt 0.294147 0.851638
vt 0.265541 0.855948
vt 0.384084 0.832869
vt 0.353183 0.822983
vt 0.320546 0.822983
vt 0.289535 0.830925
vt 0.261484 0.845007
vt 0.432562 0.870515
vt 0.410677 0.849402
vt 0.245948 0.398406
vt 0.238666 0.373289
vt 0.212571 0.377420
vt 0.216028 0.406019
vt 0.184375 0.406019
vt 0.185958 0.378743
vt 0.158239 0.376806
vt 0.153103 0.397786
vt 0.124669 0.382332
vt 0.129362 0.371309
vt 0.099759 0.362764
vt 0.317643 0.341428
vt 0.290832 0.354953
vt 0.297295 0.364442
vt 0.273801 0.384591
vt 0.264546 0.365615
vt 0.288022 0.344233
vt 0.260408 0.346944
vt 0.234644 0.349493
vt 0.209550 0.351781
vt 0.184511 0.354599
vt 0.158354 0.357163
vt 0.130161 0.359945
vt 0.154144 0.338045
vt 0.127294 0.348976
vt 0.288762 0.333151
vt 0.260758 0.327490
vt 0.233506 0.325544
vt 0.206967 0.326082
vt 0.180634 0.330684
vt 0.293357 0.322493
vt 0.266092 0.307509
vt 0.235952 0.298084
vt 0.204263 0.297454
vt 0.172953 0.303875
vt 0.144741 0.318966
vt 0.120750 0.339267
vt 0.297191 0.283092
vt 0.285987 0.278239
vt 0.277050 0.308380
vt 0.257010 0.090028
vt 0.270197 0.116559
vt 0.279553 0.110278
vt 0.299062 0.133382
vt 0.280746 0.142452
vt 0.288190 0.168212
vt 0.313581 0.160383
vt 0.321398 0.190563
vt 0.292494 0.194143
vt 0.293811 0.220877
vt 0.321398 0.222521
vt 0.313029 0.254185
vt 0.291755 0.248881
vt 0.262131 0.146519
vt 0.264687 0.171997
vt 0.266897 0.197039
vt 0.269471 0.222155
vt 0.271863 0.248592
vt 0.274418 0.277331
vt 0.259612 0.119301
vt 0.248673 0.118477
vt 0.243121 0.146262
vt 0.240636 0.173040
vt 0.241411 0.199325
vt 0.245255 0.225766
vt 0.252505 0.252603
vt 0.263203 0.280131
vt 0.214789 0.170562
vt 0.212739 0.201240
vt 0.218580 0.232443
vt 0.232468 0.261913
vt 0.253190 0.286765
vt 0.238116 0.113902
vt 0.223143 0.141035
vt 0.732188 0.599574
vt 0.705436 0.607293
vt 0.709999 0.633579
vt 0.738490 0.630838
vt 0.737875 0.662159
vt 0.710906 0.660254
vt 0.708622 0.687366
vt 0.729435 0.692834
vt 0.713887 0.720100
vt 0.703274 0.715502
vt 0.694944 0.744399
vt 0.672839 0.526893
vt 0.686852 0.554011
vt 0.696464 0.547395
vt 0.717001 0.571301
vt 0.697963 0.580801
vt 0.675965 0.557035
vt 0.678917 0.585011
vt 0.681740 0.611068
vt 0.684114 0.636173
vt 0.686776 0.661126
vt 0.689433 0.687092
vt 0.692157 0.714705
vt 0.670575 0.691273
vt 0.681428 0.717527
vt 0.664689 0.556375
vt 0.659192 0.584851
vt 0.657580 0.612479
vt 0.658670 0.639214
vt 0.663099 0.665322
vt 0.653807 0.551797
vt 0.638822 0.579646
vt 0.629566 0.610461
vt 0.629566 0.642845
vt 0.637635 0.673244
vt 0.652294 0.700230
vt 0.671866 0.724015
vt 0.021257 0.700759
vt 0.028362 0.691182
vt 0.001663 0.676014
vt 0.219258 0.706311
vt 0.189410 0.713208
vt 0.193471 0.724247
vt 0.165049 0.737528
vt 0.160815 0.717418
vt 0.133741 0.718384
vt 0.135190 0.745017
vt 0.103937 0.745320
vt 0.107310 0.716563
vt 0.081171 0.711496
vt 0.073202 0.737569
vt 0.045161 0.722264
vt 0.055047 0.703219
vt 0.161361 0.698016
vt 0.135535 0.694228
vt 0.110610 0.691296
vt 0.085756 0.687545
vt 0.059769 0.684359
vt 0.031798 0.680375
vt 0.189150 0.701941
vt 0.192597 0.691169
vt 0.166137 0.679131
vt 0.140017 0.670694
vt 0.114013 0.665692
vt 0.087622 0.663449
vt 0.060168 0.664845
vt 0.031591 0.669068
vt 0.148042 0.644805
vt 0.117554 0.637097
vt 0.086580 0.637097
vt 0.055627 0.643847
vt 0.027482 0.658090
vt 0.199694 0.681646
vt 0.176033 0.660187
vt 0.598852 0.287681
vt 0.572942 0.295891
vt 0.577293 0.322102
vt 0.607072 0.318664
vt 0.605850 0.350530
vt 0.579170 0.348676
vt 0.577156 0.376181
vt 0.597853 0.381182
vt 0.582903 0.409426
vt 0.571922 0.404876
vt 0.563751 0.434460
vt 0.539878 0.216831
vt 0.553859 0.243506
vt 0.563277 0.236927
vt 0.583631 0.260248
vt 0.565050 0.269799
vt 0.543144 0.246566
vt 0.546237 0.274140
vt 0.549298 0.299933
vt 0.551807 0.324969
vt 0.554905 0.350040
vt 0.557606 0.376164
vt 0.560616 0.404183
vt 0.538555 0.380490
vt 0.549725 0.407139
vt 0.532007 0.245944
vt 0.526816 0.274224
vt 0.525311 0.301517
vt 0.526267 0.328144
vt 0.531132 0.354294
vt 0.521218 0.241510
vt 0.506673 0.269229
vt 0.497805 0.299564
vt 0.497805 0.331288
vt 0.504760 0.362156
vt 0.519925 0.389722
vt 0.540021 0.413827
vt 0.764542 0.579419
vt 0.754964 0.572245
vt 0.739629 0.599077
vt 0.772113 0.382078
vt 0.778481 0.411718
vt 0.789432 0.407830
vt 0.802335 0.435943
vt 0.782369 0.439956
vt 0.783070 0.466908
vt 0.809576 0.465719
vt 0.809576 0.496913
vt 0.780827 0.493303
vt 0.775664 0.519399
vt 0.801691 0.527546
vt 0.786187 0.555611
vt 0.767154 0.545608
vt 0.763050 0.439270
vt 0.759167 0.464975
vt 0.755328 0.489722
vt 0.751872 0.514800
vt 0.748182 0.540763
vt 0.744121 0.568739
vt 0.767330 0.411751
vt 0.756707 0.408188
vt 0.744191 0.434222
vt 0.735643 0.460326
vt 0.730010 0.486373
vt 0.727783 0.512775
vt 0.728607 0.540134
vt 0.732759 0.568967
vt 0.709152 0.451293
vt 0.700897 0.482521
vt 0.700912 0.514052
vt 0.708295 0.544300
vt 0.721613 0.573028
vt 0.747426 0.401013
vt 0.725911 0.424017
vt 0.921939 0.779929
vt 0.896128 0.789173
vt 0.901485 0.815445
vt 0.931512 0.810922
vt 0.931366 0.843297
vt 0.904209 0.842007
vt 0.903459 0.869326
vt 0.923546 0.873616
vt 0.910069 0.901459
vt 0.899248 0.897446
vt 0.892541 0.926559
vt 0.860061 0.711002
vt 0.875066 0.737365
vt 0.884286 0.730408
vt 0.905570 0.753001
vt 0.887288 0.763299
vt 0.864398 0.740760
vt 0.868595 0.768480
vt 0.872375 0.794373
vt 0.875966 0.819422
vt 0.880316 0.844280
vt 0.884044 0.869965
vt 0.888190 0.897285
vt 0.865508 0.875143
vt 0.877684 0.900672
vt 0.853173 0.740592
vt 0.849016 0.769183
vt 0.848071 0.796801
vt 0.850921 0.823389
vt 0.856580 0.849488
vt 0.842131 0.736496
vt 0.828224 0.764979
vt 0.821266 0.795960
vt 0.821266 0.828092
vt 0.831020 0.858842
vt 0.847476 0.885443
vt 0.868633 0.907580
vt 0.407423 0.841547
vt 0.414583 0.832330
vt 0.388477 0.817051
vt 0.604409 0.848879
vt 0.574984 0.855397
vt 0.578893 0.866182
vt 0.551256 0.879789
vt 0.546808 0.859502
vt 0.519579 0.860569
vt 0.521055 0.887419
vt 0.489582 0.887603
vt 0.493143 0.858567
vt 0.466913 0.853385
vt 0.458557 0.879657
vt 0.430152 0.863686
vt 0.440640 0.844547
vt 0.547319 0.840158
vt 0.521471 0.836494
vt 0.496295 0.833044
vt 0.471410 0.829646
vt 0.445676 0.825721
vt 0.418032 0.821672
vt 0.574871 0.844258
vt 0.578376 0.833616
vt 0.552189 0.821486
vt 0.526129 0.812762
vt 0.500035 0.807560
vt 0.473408 0.805471
vt 0.446187 0.806430
vt 0.417929 0.810513
vt 0.534444 0.786595
vt 0.503634 0.778562
vt 0.472068 0.778562
vt 0.441777 0.786094
vt 0.414020 0.799703
vt 0.585495 0.824396
vt 0.562633 0.802383
vt 0.581528 0.072056
vt 0.555992 0.080129
vt 0.560590 0.106224
vt 0.589470 0.102422
vt 0.589470 0.134265
vt 0.562106 0.132910
vt 0.560455 0.160479
vt 0.581382 0.165401
vt 0.566275 0.193749
vt 0.555285 0.189197
vt 0.547109 0.218687
vt 0.523502 0.000994
vt 0.537227 0.027925
vt 0.546700 0.021443
vt 0.566715 0.044836
vt 0.548242 0.054200
vt 0.526465 0.030824
vt 0.529500 0.058592
vt 0.532322 0.084482
vt 0.535078 0.109506
vt 0.537833 0.134633
vt 0.540923 0.160591
vt 0.543992 0.188508
vt 0.521998 0.164926
vt 0.533140 0.191542
vt 0.515287 0.030160
vt 0.509958 0.058515
vt 0.508154 0.086060
vt 0.509594 0.112705
vt 0.514140 0.138772
vt 0.504437 0.025578
vt 0.489188 0.053504
vt 0.480839 0.084544
vt 0.480660 0.116399
vt 0.488479 0.146862
vt 0.503328 0.174368
vt 0.523569 0.198101
vt 0.952618 0.556476
vt 0.943220 0.549334
vt 0.927927 0.575852
vt 0.959309 0.360440
vt 0.965866 0.389062
vt 0.976389 0.385151
vt 0.990003 0.412172
vt 0.970030 0.416685
vt 0.971146 0.443602
vt 0.997804 0.442038
vt 0.998159 0.473455
vt 0.969113 0.469986
vt 0.963964 0.496416
vt 0.990375 0.504581
vt 0.974707 0.533148
vt 0.955335 0.522729
vt 0.950989 0.416183
vt 0.947334 0.441650
vt 0.943475 0.466679
vt 0.939928 0.491770
vt 0.936484 0.517882
vt 0.932415 0.545840
vt 0.954972 0.389227
vt 0.944592 0.385870
vt 0.932500 0.411171
vt 0.923670 0.436870
vt 0.918253 0.462952
vt 0.915743 0.489639
vt 0.916793 0.517419
vt 0.921103 0.546024
vt 0.898025 0.427482
vt 0.888139 0.458382
vt 0.888139 0.491019
vt 0.896080 0.522030
vt 0.910162 0.550081
vt 0.935670 0.379003
vt 0.914557 0.400888
vt 0.420678 0.290821
vt 0.428292 0.320741
vt 0.399693 0.324197
vt 0.395561 0.298103
vt 0.428292 0.352394
vt 0.420058 0.383666
vt 0.399078 0.378530
vt 0.401015 0.350811
vt 0.404604 0.412100
vt 0.385037 0.437010
vt 0.393582 0.407406
vt 0.363701 0.219126
vt 0.386715 0.239474
vt 0.377225 0.245937
vt 0.406863 0.262968
vt 0.387888 0.272223
vt 0.366506 0.248747
vt 0.371765 0.302125
vt 0.369217 0.276361
vt 0.376871 0.352258
vt 0.374054 0.327219
vt 0.382218 0.406607
vt 0.379436 0.378415
vt 0.371249 0.409474
vt 0.360318 0.382624
vt 0.349763 0.276011
vt 0.355424 0.248007
vt 0.348355 0.329802
vt 0.347817 0.303263
vt 0.352957 0.356135
vt 0.329782 0.270677
vt 0.344766 0.243412
vt 0.319727 0.332506
vt 0.320357 0.300817
vt 0.341239 0.392028
vt 0.326148 0.363816
vt 0.361540 0.416019
vt 0.085429 0.194060
vt 0.065288 0.219349
vt 0.074225 0.189207
vt 0.045248 0.000996
vt 0.067792 0.021246
vt 0.058435 0.027527
vt 0.087300 0.044351
vt 0.101820 0.071351
vt 0.076428 0.079181
vt 0.068984 0.053420
vt 0.109636 0.101532
vt 0.109636 0.133490
vt 0.082049 0.131845
vt 0.080733 0.105112
vt 0.101267 0.165154
vt 0.079993 0.159850
vt 0.052925 0.082965
vt 0.050369 0.057487
vt 0.057709 0.133124
vt 0.055135 0.108008
vt 0.062656 0.188299
vt 0.060101 0.159561
vt 0.047850 0.030270
vt 0.031359 0.057230
vt 0.036911 0.029445
vt 0.029648 0.110293
vt 0.028874 0.084008
vt 0.040743 0.163571
vt 0.033493 0.136735
vt 0.051441 0.191100
vt 0.000977 0.112208
vt 0.003027 0.081530
vt 0.020706 0.172882
vt 0.006818 0.143412
vt 0.041428 0.197734
vt 0.026354 0.024870
vt 0.011381 0.052003
vt 0.777661 0.073673
vt 0.783964 0.104937
vt 0.755473 0.107678
vt 0.750910 0.081392
vt 0.783349 0.136257
vt 0.774908 0.166933
vt 0.754095 0.161464
vt 0.756380 0.134352
vt 0.759361 0.194198
vt 0.740418 0.218497
vt 0.748748 0.189600
vt 0.718313 0.000992
vt 0.741937 0.021494
vt 0.732325 0.028110
vt 0.762475 0.045400
vt 0.743436 0.054900
vt 0.721439 0.031134
vt 0.727214 0.085167
vt 0.724391 0.059110
vt 0.732249 0.135224
vt 0.729588 0.110271
vt 0.737631 0.188803
vt 0.734907 0.161190
vt 0.726902 0.191625
vt 0.716049 0.165371
vt 0.704666 0.058950
vt 0.710163 0.030474
vt 0.704144 0.113313
vt 0.703054 0.086577
vt 0.708573 0.139420
vt 0.684296 0.053745
vt 0.699281 0.025896
vt 0.675040 0.116944
vt 0.675040 0.084560
vt 0.697768 0.174328
vt 0.683109 0.147342
vt 0.717340 0.198113
vt 0.175064 0.655106
vt 0.155469 0.630361
vt 0.182168 0.645530
vt 0.373065 0.660658
vt 0.347278 0.678595
vt 0.343217 0.667556
vt 0.318856 0.691876
vt 0.288996 0.699365
vt 0.287548 0.672732
vt 0.314621 0.671766
vt 0.257743 0.699668
vt 0.227008 0.691916
vt 0.234978 0.665844
vt 0.261117 0.670910
vt 0.198967 0.676611
vt 0.208853 0.657566
vt 0.289342 0.648575
vt 0.315168 0.652363
vt 0.239563 0.641892
vt 0.264417 0.645643
vt 0.185604 0.634723
vt 0.213576 0.638706
vt 0.342957 0.656289
vt 0.319944 0.633478
vt 0.346404 0.645516
vt 0.267820 0.620040
vt 0.293824 0.625041
vt 0.213975 0.619193
vt 0.241429 0.617796
vt 0.185397 0.623415
vt 0.271360 0.591444
vt 0.301849 0.599152
vt 0.209434 0.598195
vt 0.240387 0.591444
vt 0.181288 0.612437
vt 0.353502 0.635993
vt 0.329840 0.614535
vt 0.614074 0.502556
vt 0.622293 0.533538
vt 0.592515 0.536977
vt 0.588163 0.510766
vt 0.621071 0.565405
vt 0.613075 0.596056
vt 0.592378 0.591056
vt 0.594392 0.563550
vt 0.598124 0.624300
vt 0.578972 0.649334
vt 0.587144 0.619750
vt 0.555099 0.431706
vt 0.578498 0.451802
vt 0.569080 0.458381
vt 0.598853 0.475123
vt 0.580271 0.484674
vt 0.558366 0.461441
vt 0.564520 0.514808
vt 0.561458 0.489014
vt 0.570127 0.564914
vt 0.567028 0.539844
vt 0.575837 0.619058
vt 0.572828 0.591038
vt 0.564947 0.622013
vt 0.553777 0.595364
vt 0.542037 0.489099
vt 0.547228 0.460819
vt 0.541488 0.543019
vt 0.540532 0.516392
vt 0.546354 0.569168
vt 0.521895 0.484104
vt 0.536440 0.456385
vt 0.513027 0.546163
vt 0.513027 0.514438
vt 0.535147 0.604596
vt 0.519982 0.577030
vt 0.555243 0.628701
vt 0.290725 0.748332
vt 0.271068 0.723419
vt 0.297899 0.738753
vt 0.488066 0.755903
vt 0.462315 0.773222
vt 0.458427 0.762271
vt 0.434202 0.786125
vt 0.404425 0.793366
vt 0.403236 0.766860
vt 0.430189 0.766159
vt 0.373231 0.793366
vt 0.342598 0.785481
vt 0.350746 0.759454
vt 0.376842 0.764617
vt 0.314534 0.769977
vt 0.324536 0.750944
vt 0.405169 0.742957
vt 0.430874 0.746839
vt 0.355345 0.735662
vt 0.380422 0.739118
vt 0.301405 0.727911
vt 0.329381 0.731971
vt 0.458394 0.751120
vt 0.435923 0.727981
vt 0.461956 0.740497
vt 0.383772 0.713800
vt 0.409819 0.719432
vt 0.330010 0.712397
vt 0.357370 0.711573
vt 0.301178 0.716549
vt 0.387623 0.684686
vt 0.418851 0.692942
vt 0.325844 0.692085
vt 0.356093 0.684702
vt 0.297116 0.705403
vt 0.469132 0.731216
vt 0.446127 0.709701
vt 0.724385 0.914200
vt 0.693392 0.923773
vt 0.688869 0.893746
vt 0.715142 0.888388
vt 0.661017 0.923626
vt 0.630698 0.915807
vt 0.634988 0.895719
vt 0.662307 0.896469
vt 0.602855 0.902330
vt 0.577755 0.884802
vt 0.606868 0.891508
vt 0.793312 0.852321
vt 0.773906 0.876546
vt 0.766950 0.867326
vt 0.751314 0.897830
vt 0.741015 0.879548
vt 0.763555 0.856658
vt 0.709941 0.864635
vt 0.735834 0.860856
vt 0.660034 0.872576
vt 0.684892 0.868227
vt 0.607029 0.880451
vt 0.634349 0.876304
vt 0.603641 0.869944
vt 0.629171 0.857768
vt 0.735132 0.841277
vt 0.763722 0.845433
vt 0.680925 0.843181
vt 0.707513 0.840331
vt 0.654826 0.848840
vt 0.739335 0.820484
vt 0.767818 0.834391
vt 0.676222 0.813527
vt 0.708355 0.813527
vt 0.618871 0.839737
vt 0.645472 0.823281
vt 0.596733 0.860893
vt 0.828524 0.302743
vt 0.804028 0.321690
vt 0.819308 0.295584
vt 0.835856 0.105758
vt 0.853159 0.131273
vt 0.842375 0.135182
vt 0.866767 0.158910
vt 0.874396 0.189111
vt 0.847547 0.190587
vt 0.846480 0.163358
vt 0.874580 0.220585
vt 0.866634 0.251610
vt 0.840362 0.243253
vt 0.845545 0.217024
vt 0.850664 0.280014
vt 0.831524 0.269527
vt 0.823472 0.188695
vt 0.827135 0.162848
vt 0.816624 0.238756
vt 0.820022 0.213872
vt 0.808649 0.292135
vt 0.812699 0.264491
vt 0.831235 0.135296
vt 0.808464 0.157977
vt 0.820593 0.131791
vt 0.794537 0.210131
vt 0.799739 0.184038
vt 0.793407 0.263979
vt 0.792449 0.236759
vt 0.797490 0.292238
vt 0.765540 0.206532
vt 0.773573 0.175723
vt 0.773072 0.268390
vt 0.765540 0.238098
vt 0.786681 0.296147
vt 0.811374 0.124671
vt 0.789360 0.147534
vt 0.500841 0.176343
vt 0.508782 0.206709
vt 0.479902 0.210511
vt 0.475304 0.184416
vt 0.508782 0.238552
vt 0.500694 0.269688
vt 0.479767 0.264766
vt 0.481418 0.237197
vt 0.485587 0.298036
vt 0.466421 0.322974
vt 0.474597 0.293485
vt 0.442814 0.105282
vt 0.466012 0.125730
vt 0.456540 0.132212
vt 0.486028 0.149123
vt 0.467554 0.158487
vt 0.445778 0.135111
vt 0.451634 0.188769
vt 0.448812 0.162879
vt 0.457145 0.238920
vt 0.454390 0.213793
vt 0.463304 0.292795
vt 0.460235 0.264878
vt 0.452452 0.295829
vt 0.441310 0.269213
vt 0.429270 0.162802
vt 0.434599 0.134447
vt 0.428907 0.216992
vt 0.427467 0.190347
vt 0.433452 0.243060
vt 0.408500 0.157791
vt 0.423749 0.129865
vt 0.399972 0.220686
vt 0.400152 0.188832
vt 0.422640 0.278655
vt 0.407792 0.251149
vt 0.442881 0.302388
vt 0.927471 0.197013
vt 0.902780 0.216388
vt 0.918073 0.189871
vt 0.934162 0.000977
vt 0.951242 0.025688
vt 0.940719 0.029599
vt 0.964857 0.052708
vt 0.972657 0.082574
vt 0.945999 0.084138
vt 0.944883 0.057222
vt 0.973012 0.113991
vt 0.965228 0.145117
vt 0.938818 0.136953
vt 0.943966 0.110522
vt 0.949560 0.173685
vt 0.930188 0.163266
vt 0.922187 0.082186
vt 0.925842 0.056720
vt 0.914781 0.132307
vt 0.918328 0.107216
vt 0.907268 0.186377
vt 0.911337 0.158419
vt 0.929825 0.029763
vt 0.907353 0.051708
vt 0.919446 0.026406
vt 0.893106 0.103488
vt 0.898523 0.077407
vt 0.891646 0.157955
vt 0.890596 0.130175
vt 0.895956 0.186561
vt 0.862992 0.098919
vt 0.872878 0.068018
vt 0.870933 0.162567
vt 0.862992 0.131556
vt 0.885015 0.190618
vt 0.910523 0.019539
vt 0.889410 0.041424
vt 0.685219 0.167285
vt 0.684149 0.167285
vt 0.683857 0.165962
vt 0.685219 0.165608
vt 0.682764 0.167285
vt 0.682764 0.165608
vt 0.099559 0.884059
vt 0.101678 0.884059
vt 0.101678 0.885003
vt 0.099559 0.885695
vt 0.674268 0.167285
vt 0.672882 0.167285
vt 0.672656 0.165962
vt 0.674268 0.165608
vt 0.671812 0.167285
vt 0.671812 0.165608
vt 0.086563 0.884059
vt 0.086563 0.885695
vt 0.085340 0.885695
vt 0.084444 0.884059
vt 0.722602 0.167285
vt 0.722602 0.165608
vt 0.723220 0.165608
vt 0.723672 0.167285
vt 0.099559 0.826881
vt 0.099559 0.825245
vt 0.100782 0.825245
vt 0.101678 0.826881
vt 0.623478 0.167285
vt 0.622093 0.167285
vt 0.622093 0.166316
vt 0.623478 0.165608
vt 0.634430 0.167285
vt 0.633360 0.167285
vt 0.633067 0.165962
vt 0.634430 0.165608
vt 0.631974 0.167285
vt 0.631974 0.165608
vt 0.086563 0.826881
vt 0.084444 0.826881
vt 0.084444 0.825936
vt 0.086563 0.825245
vt 0.685219 0.926775
vt 0.685219 0.928453
vt 0.684375 0.928098
vt 0.684149 0.926775
vt 0.044829 0.884059
vt 0.044829 0.885695
vt 0.043606 0.885695
vt 0.042711 0.884059
vt 0.682764 0.926775
vt 0.682764 0.928453
vt 0.671812 0.926775
vt 0.672882 0.926775
vt 0.673175 0.928098
vt 0.671812 0.928453
vt 0.674268 0.926775
vt 0.674268 0.928453
vt 0.057825 0.884059
vt 0.059944 0.884059
vt 0.059944 0.885003
vt 0.057825 0.885695
vt 0.722602 0.926775
vt 0.723672 0.926775
vt 0.723672 0.927744
vt 0.722602 0.928453
vt 0.623478 0.926775
vt 0.623478 0.928453
vt 0.622678 0.928453
vt 0.622093 0.926775
vt 0.044829 0.826881
vt 0.042711 0.826881
vt 0.042711 0.825936
vt 0.044829 0.825245
vt 0.634430 0.926775
vt 0.634430 0.928453
vt 0.633586 0.928098
vt 0.633360 0.926775
vt 0.057825 0.826881
vt 0.057825 0.825245
vt 0.059048 0.825245
vt 0.059944 0.826881
vt 0.631974 0.926775
vt 0.631974 0.928453
vt 0.611840 0.766012
vt 0.612913 0.766012
vt 0.612913 0.766984
vt 0.611840 0.767695
vt 0.512398 0.766012
vt 0.512398 0.767695
vt 0.511596 0.767695
vt 0.511009 0.766012
vt 0.099559 0.948143
vt 0.101678 0.948143
vt 0.101678 0.949088
vt 0.099559 0.949779
vt 0.520922 0.766012
vt 0.522312 0.766012
vt 0.522538 0.767339
vt 0.520922 0.767695
vt 0.523385 0.766012
vt 0.523385 0.767695
vt 0.086563 0.948143
vt 0.086563 0.949779
vt 0.085340 0.949779
vt 0.084444 0.948143
vt 0.574337 0.766012
vt 0.574337 0.767695
vt 0.573491 0.767339
vt 0.573264 0.766012
vt 0.099559 0.890965
vt 0.099559 0.889329
vt 0.100782 0.889329
vt 0.101678 0.890965
vt 0.571874 0.766012
vt 0.571874 0.767695
vt 0.560887 0.766012
vt 0.561961 0.766012
vt 0.562254 0.767339
vt 0.560888 0.767695
vt 0.563350 0.766012
vt 0.563350 0.767695
vt 0.086563 0.890965
vt 0.084444 0.890965
vt 0.084444 0.890020
vt 0.086563 0.889329
vt 0.611840 0.004089
vt 0.611840 0.002407
vt 0.612459 0.002407
vt 0.612913 0.004089
vt 0.044829 0.948143
vt 0.044829 0.949779
vt 0.043606 0.949779
vt 0.042711 0.948143
vt 0.512398 0.004089
vt 0.511009 0.004089
vt 0.511009 0.003118
vt 0.512398 0.002407
vt 0.523385 0.004089
vt 0.522312 0.004089
vt 0.522018 0.002762
vt 0.523385 0.002407
vt 0.520922 0.004089
vt 0.520922 0.002407
vt 0.057825 0.948143
vt 0.059944 0.948143
vt 0.059944 0.949088
vt 0.057825 0.949779
vt 0.574337 0.004089
vt 0.573264 0.004089
vt 0.572970 0.002762
vt 0.574337 0.002407
vt 0.571874 0.004089
vt 0.571874 0.002407
vt 0.044829 0.890965
vt 0.042711 0.890965
vt 0.042711 0.890020
vt 0.044829 0.889329
vt 0.560888 0.004089
vt 0.560888 0.002407
vt 0.561734 0.002762
vt 0.561961 0.004089
vt 0.057825 0.890965
vt 0.057825 0.889329
vt 0.059048 0.889329
vt 0.059944 0.890965
vt 0.563351 0.004089
vt 0.563350 0.002407
vt 0.437087 0.927931
vt 0.438156 0.927931
vt 0.438448 0.929253
vt 0.437087 0.929607
vt 0.439540 0.927931
vt 0.439540 0.929607
vt 0.498774 0.990399
vt 0.500158 0.990399
vt 0.500158 0.991375
vt 0.498774 0.992090
vt 0.448029 0.927931
vt 0.449413 0.927931
vt 0.449639 0.929253
vt 0.448029 0.929607
vt 0.450482 0.927931
vt 0.450482 0.929607
vt 0.490285 0.990399
vt 0.490285 0.992090
vt 0.489486 0.992090
vt 0.488901 0.990399
vt 0.399737 0.927931
vt 0.399737 0.929607
vt 0.399120 0.929607
vt 0.398668 0.927931
vt 0.498774 0.931298
vt 0.498774 0.929607
vt 0.499865 0.929253
vt 0.500158 0.931298
vt 0.498774 0.927931
vt 0.500158 0.927931
vt 0.487832 0.927931
vt 0.488901 0.927931
vt 0.489096 0.929609
vt 0.488366 0.930452
vt 0.490285 0.927931
vt 0.490285 0.929607
vt 0.490285 0.931298
vt 0.437087 0.169105
vt 0.437087 0.167429
vt 0.437930 0.167783
vt 0.438156 0.169105
vt 0.065696 0.884059
vt 0.065696 0.885695
vt 0.064473 0.885695
vt 0.063578 0.884059
vt 0.439540 0.169105
vt 0.439540 0.167429
vt 0.450482 0.169105
vt 0.449413 0.169105
vt 0.449120 0.167783
vt 0.450482 0.167429
vt 0.448029 0.169105
vt 0.448029 0.167429
vt 0.078692 0.884059
vt 0.080811 0.884059
vt 0.080811 0.885003
vt 0.078692 0.885695
vt 0.399737 0.169105
vt 0.398668 0.169105
vt 0.398668 0.168137
vt 0.399737 0.167429
vt 0.498774 0.169105
vt 0.498774 0.167429
vt 0.499573 0.167429
vt 0.500158 0.169105
vt 0.065696 0.826881
vt 0.063578 0.826881
vt 0.063578 0.825936
vt 0.065696 0.825245
vt 0.487832 0.169105
vt 0.487832 0.167429
vt 0.488675 0.167783
vt 0.488901 0.169105
vt 0.078692 0.826881
vt 0.078692 0.825245
vt 0.079915 0.825245
vt 0.080811 0.826881
vt 0.490285 0.169105
vt 0.490285 0.167429
vt 0.164613 0.766609
vt 0.165683 0.766609
vt 0.165683 0.767578
vt 0.164613 0.768287
vt 0.065489 0.766609
vt 0.065489 0.768287
vt 0.064689 0.768287
vt 0.064104 0.766609
vt 0.036958 0.948143
vt 0.039077 0.948143
vt 0.039077 0.949088
vt 0.036958 0.949779
vt 0.073985 0.766609
vt 0.075371 0.766609
vt 0.075597 0.767932
vt 0.073985 0.768287
vt 0.076440 0.766609
vt 0.076441 0.768287
vt 0.023962 0.948143
vt 0.023962 0.949779
vt 0.022739 0.949779
vt 0.021844 0.948143
vt 0.127230 0.766609
vt 0.127230 0.768287
vt 0.126386 0.767932
vt 0.126160 0.766609
vt 0.036958 0.890965
vt 0.036958 0.889329
vt 0.038181 0.889329
vt 0.039077 0.890965
vt 0.124775 0.766609
vt 0.124775 0.768287
vt 0.113823 0.766609
vt 0.114893 0.766609
vt 0.115186 0.767932
vt 0.113823 0.768287
vt 0.116278 0.766609
vt 0.116278 0.768287
vt 0.023962 0.890965
vt 0.021844 0.890965
vt 0.021844 0.890020
vt 0.023962 0.889329
vt 0.164613 0.007119
vt 0.164613 0.005442
vt 0.165231 0.005442
vt 0.165683 0.007119
vt 0.065696 0.948143
vt 0.065696 0.949779
vt 0.064473 0.949779
vt 0.063577 0.948143
vt 0.065489 0.007119
vt 0.064104 0.007119
vt 0.064104 0.006151
vt 0.065489 0.005442
vt 0.076441 0.007119
vt 0.075371 0.007119
vt 0.075078 0.005796
vt 0.076441 0.005442
vt 0.073985 0.007119
vt 0.073985 0.005442
vt 0.078692 0.948143
vt 0.080811 0.948143
vt 0.080811 0.949088
vt 0.078692 0.949779
vt 0.127230 0.007119
vt 0.126160 0.007119
vt 0.125867 0.005796
vt 0.127230 0.005442
vt 0.124775 0.007119
vt 0.124775 0.005442
vt 0.065696 0.890965
vt 0.063577 0.890965
vt 0.063577 0.890020
vt 0.065696 0.889329
vt 0.113823 0.007119
vt 0.113823 0.005442
vt 0.114667 0.005796
vt 0.114893 0.007119
vt 0.078692 0.890965
vt 0.078692 0.889329
vt 0.079915 0.889329
vt 0.080811 0.890965
vt 0.116278 0.007119
vt 0.116278 0.005442
vt 0.350258 0.008096
vt 0.349188 0.008096
vt 0.348895 0.006773
vt 0.350258 0.006418
vt 0.347803 0.008096
vt 0.347803 0.006418
vt 0.003095 0.826881
vt 0.000977 0.826881
vt 0.000977 0.825936
vt 0.003095 0.825245
vt 0.339306 0.008096
vt 0.337921 0.008096
vt 0.337695 0.006773
vt 0.339306 0.006418
vt 0.336851 0.008096
vt 0.336851 0.006418
vt 0.016091 0.826881
vt 0.016091 0.825245
vt 0.017314 0.825245
vt 0.018210 0.826881
vt 0.387641 0.008096
vt 0.387641 0.006418
vt 0.388258 0.006418
vt 0.388711 0.008096
vt 0.003095 0.884059
vt 0.003095 0.885695
vt 0.001872 0.885695
vt 0.000977 0.884059
vt 0.288517 0.008096
vt 0.287131 0.008096
vt 0.287131 0.007127
vt 0.288517 0.006418
vt 0.299468 0.008096
vt 0.298398 0.008096
vt 0.298106 0.006773
vt 0.299468 0.006418
vt 0.297013 0.008096
vt 0.297013 0.006418
vt 0.016091 0.884059
vt 0.018210 0.884059
vt 0.018210 0.885003
vt 0.016091 0.885695
vt 0.350258 0.767586
vt 0.350258 0.769263
vt 0.349414 0.768909
vt 0.349188 0.767586
vt 0.003095 0.948143
vt 0.003095 0.949779
vt 0.001872 0.949779
vt 0.000977 0.948143
vt 0.347803 0.767586
vt 0.347803 0.769263
vt 0.336851 0.767586
vt 0.337921 0.767586
vt 0.338214 0.768909
vt 0.336851 0.769263
vt 0.339306 0.767586
vt 0.339306 0.769263
vt 0.016091 0.948143
vt 0.018210 0.948143
vt 0.018210 0.949088
vt 0.016091 0.949779
vt 0.387641 0.767586
vt 0.388711 0.767586
vt 0.388711 0.768554
vt 0.387641 0.769263
vt 0.288517 0.767586
vt 0.288517 0.769263
vt 0.287717 0.769263
vt 0.287131 0.767586
vt 0.003095 0.890965
vt 0.000977 0.890965
vt 0.000977 0.890020
vt 0.003095 0.889329
vt 0.299468 0.767586
vt 0.299468 0.769263
vt 0.298625 0.768909
vt 0.298398 0.767586
vt 0.016091 0.890965
vt 0.016091 0.889329
vt 0.017314 0.889329
vt 0.018210 0.890965
vt 0.297013 0.767586
vt 0.297013 0.769263
vt 0.174095 0.168199
vt 0.173025 0.168199
vt 0.173025 0.167231
vt 0.174095 0.166522
vt 0.273219 0.168199
vt 0.273219 0.166522
vt 0.274019 0.166522
vt 0.274604 0.168199
vt 0.120426 0.951334
vt 0.122545 0.951334
vt 0.122545 0.952279
vt 0.120426 0.952971
vt 0.264723 0.168199
vt 0.263337 0.168199
vt 0.263111 0.166876
vt 0.264723 0.166522
vt 0.262268 0.168199
vt 0.262268 0.166522
vt 0.107430 0.951334
vt 0.107430 0.952971
vt 0.106207 0.952971
vt 0.105311 0.951334
vt 0.211478 0.168199
vt 0.211478 0.166522
vt 0.212322 0.166876
vt 0.212548 0.168199
vt 0.120426 0.894157
vt 0.120426 0.892520
vt 0.121649 0.892520
vt 0.122545 0.894157
vt 0.213933 0.168199
vt 0.213933 0.166522
vt 0.224885 0.168199
vt 0.223815 0.168199
vt 0.223522 0.166876
vt 0.224885 0.166522
vt 0.222430 0.168199
vt 0.222430 0.166522
vt 0.107430 0.894157
vt 0.105311 0.894157
vt 0.105311 0.893212
vt 0.107430 0.892520
vt 0.174095 0.927689
vt 0.174095 0.929367
vt 0.173478 0.929367
vt 0.173025 0.927689
vt 0.023962 0.884059
vt 0.023962 0.885695
vt 0.022739 0.885695
vt 0.021844 0.884059
vt 0.273219 0.927689
vt 0.274604 0.927689
vt 0.274604 0.928658
vt 0.273219 0.929367
vt 0.262268 0.927690
vt 0.263337 0.927689
vt 0.263630 0.929012
vt 0.262268 0.929367
vt 0.264723 0.927690
vt 0.264723 0.929367
vt 0.036958 0.884059
vt 0.039077 0.884059
vt 0.039077 0.885003
vt 0.036958 0.885695
vt 0.211478 0.927689
vt 0.212548 0.927689
vt 0.212841 0.929012
vt 0.211478 0.929367
vt 0.213933 0.927689
vt 0.213933 0.929367
vt 0.023962 0.826881
vt 0.021844 0.826881
vt 0.021844 0.825936
vt 0.023962 0.825245
vt 0.224885 0.927690
vt 0.224885 0.929367
vt 0.224041 0.929012
vt 0.223815 0.927689
vt 0.036958 0.826881
vt 0.036958 0.825245
vt 0.038181 0.825245
vt 0.039077 0.826881
vt 0.222430 0.927690
vt 0.222430 0.929367
vt 0.213305 0.996829
vt 0.214249 0.996829
vt 0.214508 0.998560
vt 0.213305 0.999023
vt 0.215473 0.996829
vt 0.215473 0.999023
vt 0.700517 0.507739
vt 0.701740 0.507739
vt 0.701740 0.509018
vt 0.700517 0.509954
vt 0.222977 0.996829
vt 0.224200 0.996829
vt 0.224400 0.998560
vt 0.222977 0.999023
vt 0.225145 0.996829
vt 0.225145 0.999023
vt 0.693013 0.507739
vt 0.693013 0.509954
vt 0.692307 0.509954
vt 0.691789 0.507739
vt 0.180290 0.996829
vt 0.180290 0.999023
vt 0.179745 0.999023
vt 0.179346 0.996829
vt 0.700516 0.430349
vt 0.700517 0.428134
vt 0.701223 0.428134
vt 0.701740 0.430349
vt 0.267831 0.996829
vt 0.269054 0.996829
vt 0.269054 0.998096
vt 0.267831 0.999023
vt 0.258159 0.996829
vt 0.259104 0.996829
vt 0.259362 0.998560
vt 0.258159 0.999023
vt 0.260327 0.996829
vt 0.260327 0.999023
vt 0.693013 0.430349
vt 0.691789 0.430349
vt 0.691789 0.429070
vt 0.693013 0.428134
vt 0.213305 0.003171
vt 0.213305 0.000977
vt 0.214050 0.001440
vt 0.214249 0.003171
vt 0.693013 0.166013
vt 0.693013 0.168228
vt 0.692307 0.168228
vt 0.691789 0.166013
vt 0.215473 0.003171
vt 0.215473 0.000977
vt 0.225145 0.003171
vt 0.224200 0.003171
vt 0.223941 0.001440
vt 0.225145 0.000977
vt 0.222977 0.003171
vt 0.222976 0.000977
vt 0.700516 0.166013
vt 0.701740 0.166013
vt 0.701740 0.167292
vt 0.700516 0.168228
vt 0.180290 0.003171
vt 0.179346 0.003171
vt 0.179346 0.001904
vt 0.180290 0.000977
vt 0.267831 0.003171
vt 0.267831 0.000977
vt 0.268537 0.000977
vt 0.269054 0.003171
vt 0.693013 0.088623
vt 0.691789 0.088623
vt 0.691789 0.087344
vt 0.693013 0.086408
vt 0.258159 0.003171
vt 0.258159 0.000977
vt 0.258904 0.001440
vt 0.259104 0.003171
vt 0.700516 0.088623
vt 0.700516 0.086408
vt 0.701223 0.086408
vt 0.701740 0.088623
vt 0.260327 0.003171
vt 0.260327 0.000977
vt 0.159635 0.996829
vt 0.160579 0.996829
vt 0.160579 0.998096
vt 0.159635 0.999023
vt 0.072094 0.996829
vt 0.072094 0.999023
vt 0.071388 0.999023
vt 0.070871 0.996829
vt 0.700516 0.080582
vt 0.701740 0.080582
vt 0.701740 0.081860
vt 0.700516 0.082797
vt 0.079598 0.996829
vt 0.080821 0.996829
vt 0.081021 0.998560
vt 0.079598 0.999023
vt 0.081766 0.996829
vt 0.081766 0.999023
vt 0.693013 0.080582
vt 0.693013 0.082797
vt 0.692307 0.082797
vt 0.691789 0.080582
vt 0.126620 0.996829
vt 0.126620 0.999023
vt 0.125875 0.998560
vt 0.125675 0.996829
vt 0.700516 0.003191
vt 0.700516 0.000977
vt 0.701223 0.000977
vt 0.701740 0.003191
vt 0.124452 0.996829
vt 0.124452 0.999023
vt 0.114780 0.996829
vt 0.115725 0.996829
vt 0.115984 0.998560
vt 0.114780 0.999023
vt 0.116948 0.996829
vt 0.116948 0.999023
vt 0.693013 0.003191
vt 0.691789 0.003191
vt 0.691789 0.001913
vt 0.693013 0.000977
vt 0.159635 0.003171
vt 0.159635 0.000977
vt 0.160180 0.000977
vt 0.160579 0.003171
vt 0.478925 0.336876
vt 0.478925 0.339091
vt 0.478218 0.339091
vt 0.477701 0.336876
vt 0.072094 0.003171
vt 0.070871 0.003171
vt 0.070871 0.001904
vt 0.072094 0.000977
vt 0.081766 0.003171
vt 0.080821 0.003171
vt 0.080563 0.001440
vt 0.081766 0.000977
vt 0.079598 0.003171
vt 0.079598 0.000977
vt 0.486428 0.336876
vt 0.487652 0.336876
vt 0.487652 0.338155
vt 0.486428 0.339091
vt 0.126620 0.003171
vt 0.125675 0.003171
vt 0.125417 0.001440
vt 0.126620 0.000977
vt 0.124452 0.003171
vt 0.124452 0.000977
vt 0.478925 0.259486
vt 0.477701 0.259486
vt 0.477701 0.258207
vt 0.478925 0.257271
vt 0.114780 0.003171
vt 0.114780 0.000977
vt 0.115525 0.001440
vt 0.115725 0.003171
vt 0.486428 0.259486
vt 0.486428 0.257271
vt 0.487135 0.257271
vt 0.487652 0.259486
vt 0.116948 0.003171
vt 0.116948 0.000977
vt 0.572623 0.996829
vt 0.572623 0.999023
vt 0.571878 0.998560
vt 0.571678 0.996829
vt 0.616850 0.174054
vt 0.616850 0.171839
vt 0.617556 0.171839
vt 0.618073 0.174054
vt 0.570455 0.996829
vt 0.570455 0.999023
vt 0.562951 0.996829
vt 0.562951 0.999023
vt 0.561986 0.998560
vt 0.561728 0.996829
vt 0.609346 0.174054
vt 0.608123 0.174054
vt 0.608123 0.172776
vt 0.609346 0.171839
vt 0.560783 0.996829
vt 0.560783 0.999023
vt 0.605637 0.996829
vt 0.606582 0.996829
vt 0.606582 0.998096
vt 0.605637 0.999023
vt 0.518097 0.996829
vt 0.518097 0.999023
vt 0.517391 0.999023
vt 0.516874 0.996829
vt 0.616850 0.251445
vt 0.618073 0.251445
vt 0.618073 0.252723
vt 0.616850 0.253659
vt 0.527769 0.996829
vt 0.527769 0.999023
vt 0.527024 0.998560
vt 0.526824 0.996829
vt 0.609346 0.251445
vt 0.609346 0.253659
vt 0.608640 0.253659
vt 0.608123 0.251445
vt 0.525601 0.996829
vt 0.525600 0.999023
vt 0.572623 0.003171
vt 0.571678 0.003171
vt 0.571420 0.001440
vt 0.572623 0.000977
vt 0.570455 0.003171
vt 0.570455 0.000977
vt 0.700516 0.422307
vt 0.701740 0.422307
vt 0.701740 0.423586
vt 0.700516 0.424522
vt 0.560783 0.003171
vt 0.560783 0.000977
vt 0.561528 0.001440
vt 0.561728 0.003171
vt 0.693013 0.422307
vt 0.693013 0.424522
vt 0.692307 0.424522
vt 0.691789 0.422307
vt 0.562951 0.003171
vt 0.562951 0.000977
vt 0.605637 0.003171
vt 0.605637 0.000977
vt 0.606183 0.000977
vt 0.606582 0.003171
vt 0.700516 0.344917
vt 0.700516 0.342702
vt 0.701223 0.342702
vt 0.701740 0.344917
vt 0.518097 0.003171
vt 0.516873 0.003171
vt 0.516873 0.001904
vt 0.518097 0.000977
vt 0.527769 0.003171
vt 0.526824 0.003171
vt 0.526565 0.001440
vt 0.527769 0.000977
vt 0.525601 0.003171
vt 0.525600 0.000977
vt 0.693013 0.344917
vt 0.691789 0.344917
vt 0.691789 0.343639
vt 0.693013 0.342702
vt 0.296148 0.996829
vt 0.296148 0.999023
vt 0.295602 0.999023
vt 0.295203 0.996829
vt 0.700517 0.601211
vt 0.700517 0.598997
vt 0.701223 0.598997
vt 0.701740 0.601211
vt 0.383688 0.996829
vt 0.384911 0.996829
vt 0.384911 0.998096
vt 0.383688 0.999023
vt 0.376184 0.996829
vt 0.376184 0.999023
vt 0.375220 0.998560
vt 0.374961 0.996829
vt 0.693013 0.601211
vt 0.691789 0.601211
vt 0.691789 0.599933
vt 0.693013 0.598997
vt 0.374016 0.996829
vt 0.374016 0.999023
vt 0.329162 0.996829
vt 0.330107 0.996829
vt 0.330365 0.998560
vt 0.329162 0.999023
vt 0.331330 0.996829
vt 0.331330 0.999023
vt 0.700517 0.678602
vt 0.701740 0.678602
vt 0.701740 0.679880
vt 0.700517 0.680816
vt 0.341002 0.996829
vt 0.341002 0.999023
vt 0.340257 0.998560
vt 0.340057 0.996829
vt 0.693013 0.678602
vt 0.693013 0.680816
vt 0.692307 0.680816
vt 0.691789 0.678602
vt 0.338834 0.996829
vt 0.338834 0.999023
vt 0.296148 0.003171
vt 0.295203 0.003171
vt 0.295203 0.001904
vt 0.296148 0.000977
vt 0.383688 0.003171
vt 0.383688 0.000977
vt 0.384394 0.000977
vt 0.384911 0.003171
vt 0.700517 0.593170
vt 0.701740 0.593170
vt 0.701740 0.594449
vt 0.700517 0.595385
vt 0.374016 0.003171
vt 0.374016 0.000977
vt 0.374761 0.001440
vt 0.374961 0.003171
vt 0.693013 0.593170
vt 0.693013 0.595385
vt 0.692307 0.595385
vt 0.691789 0.593170
vt 0.376184 0.003171
vt 0.376184 0.000977
vt 0.329162 0.003171
vt 0.329162 0.000977
vt 0.329907 0.001440
vt 0.330107 0.003171
vt 0.700517 0.515780
vt 0.700517 0.513565
vt 0.701223 0.513565
vt 0.701740 0.515780
vt 0.331330 0.003171
vt 0.331330 0.000977
vt 0.341002 0.003171
vt 0.340057 0.003171
vt 0.339798 0.001440
vt 0.341002 0.000977
vt 0.338834 0.003171
vt 0.338834 0.000977
vt 0.693013 0.515780
vt 0.691789 0.515780
vt 0.691789 0.514501
vt 0.693013 0.513565
vt 0.176607 0.995553
vt 0.176607 1.000000
vt 0.174040 1.000000
vt 0.172161 0.995554
vt 0.486729 0.159555
vt 0.486730 0.155108
vt 0.489297 0.155108
vt 0.491176 0.159555
vt 0.012375 0.004446
vt 0.007929 0.004446
vt 0.007929 0.001879
vt 0.012375 0.000000
vt 0.176607 0.004446
vt 0.172161 0.004446
vt 0.172161 0.001879
vt 0.176607 0.000000
vt 0.012375 0.995554
vt 0.012375 1.000000
vt 0.009808 1.000000
vt 0.007929 0.995554
vt 0.459431 0.004446
vt 0.454984 0.004446
vt 0.454984 0.001879
vt 0.459431 0.000000
vt 0.077306 0.004446
vt 0.072859 0.004446
vt 0.072859 0.001879
vt 0.077306 0.000000
vt 0.039674 0.004446
vt 0.039674 0.000000
vt 0.042241 0.000000
vt 0.044121 0.004446
vt 0.459431 0.159555
vt 0.454984 0.159555
vt 0.454984 0.156988
vt 0.459431 0.155108
vt 0.486730 0.004446
vt 0.486730 0.000000
vt 0.489297 0.000000
vt 0.491176 0.004446
vt 0.039674 0.995554
vt 0.044121 0.995554
vt 0.044121 0.998121
vt 0.039674 1.000000
vt 0.077306 0.995553
vt 0.077306 1.000000
vt 0.074739 1.000000
vt 0.072859 0.995553
vt 0.245269 0.964963
vt 0.249715 0.963661
vt 0.249715 0.966197
vt 0.247492 0.969028
vt 0.361639 0.037641
vt 0.361639 0.033195
vt 0.365146 0.032980
vt 0.366086 0.036339
vt 0.361639 0.030051
vt 0.366086 0.030972
vt 0.214678 0.995554
vt 0.218743 0.997777
vt 0.216950 0.999570
vt 0.213376 1.000000
vt 0.361639 0.003144
vt 0.361639 0.000000
vt 0.364207 0.000000
vt 0.366086 0.002223
vt 0.486729 0.195021
vt 0.491176 0.196324
vt 0.491176 0.198859
vt 0.486730 0.199468
vt 0.214678 0.004446
vt 0.213376 0.000000
vt 0.215912 0.000000
vt 0.218743 0.002223
vt 0.459431 0.039913
vt 0.459431 0.044359
vt 0.455924 0.044574
vt 0.454984 0.041215
vt 0.459431 0.047503
vt 0.454984 0.046582
vt 0.361639 0.962359
vt 0.366086 0.963661
vt 0.366086 0.966197
vt 0.361639 0.966805
vt 0.245269 0.035037
vt 0.247492 0.030972
vt 0.249285 0.032765
vt 0.249715 0.036339
vt 0.459431 0.074410
vt 0.459431 0.077554
vt 0.456863 0.077554
vt 0.454984 0.075331
vt 0.115377 0.004446
vt 0.114074 0.000000
vt 0.116610 0.000000
vt 0.119442 0.002223
vt 0.459431 0.195021
vt 0.459431 0.199468
vt 0.456863 0.199468
vt 0.454984 0.196324
vt 0.334340 0.003144
vt 0.329894 0.002223
vt 0.329894 0.000430
vt 0.334340 0.000000
vt 0.334341 0.037641
vt 0.329894 0.036339
vt 0.330834 0.033499
vt 0.334340 0.033195
vt 0.145967 0.035037
vt 0.148190 0.030972
vt 0.149983 0.032765
vt 0.150414 0.036339
vt 0.334340 0.030051
vt 0.329894 0.030972
vt 0.145967 0.964963
vt 0.150413 0.963661
vt 0.150413 0.966197
vt 0.148190 0.969028
vt 0.334340 0.962358
vt 0.334340 0.966805
vt 0.331773 0.966805
vt 0.329894 0.963661
vt 0.486729 0.074410
vt 0.491176 0.075331
vt 0.491176 0.077124
vt 0.486730 0.077554
vt 0.115377 0.995554
vt 0.119442 0.997777
vt 0.117649 0.999570
vt 0.114074 1.000000
vt 0.486730 0.047503
vt 0.486730 0.044359
vt 0.490236 0.044055
vt 0.491176 0.046582
vt 0.486730 0.039913
vt 0.491176 0.041215
vt 0.525357 0.004446
vt 0.520911 0.004446
vt 0.520911 0.001879
vt 0.525357 0.000000
vt 0.821510 0.004446
vt 0.821510 0.000000
vt 0.824077 0.000000
vt 0.825957 0.004446
vt 0.902787 0.203914
vt 0.898340 0.203914
vt 0.898340 0.201347
vt 0.902787 0.199468
vt 0.525357 0.995553
vt 0.525357 1.000000
vt 0.522790 1.000000
vt 0.520910 0.995553
vt 0.930086 0.082001
vt 0.930086 0.077554
vt 0.932653 0.077554
vt 0.934532 0.082001
vt 0.821510 0.995554
vt 0.825957 0.995554
vt 0.825957 0.998121
vt 0.821510 1.000000
vt 0.630859 0.995553
vt 0.630859 1.000000
vt 0.628292 1.000000
vt 0.626413 0.995553
vt 0.930086 0.203914
vt 0.930086 0.199468
vt 0.932653 0.199468
vt 0.934532 0.203914
vt 0.794211 0.004446
vt 0.789765 0.004446
vt 0.789765 0.001879
vt 0.794211 0.000000
vt 0.902787 0.082001
vt 0.898340 0.082001
vt 0.898340 0.079434
vt 0.902787 0.077554
vt 0.630859 0.004446
vt 0.626413 0.004446
vt 0.626413 0.001879
vt 0.630859 -0.000000
vt 0.794211 0.995554
vt 0.794211 1.000000
vt 0.791644 1.000000
vt 0.789765 0.995554
vt 0.594018 0.035037
vt 0.596242 0.030972
vt 0.598035 0.032765
vt 0.598465 0.036339
vt 0.866595 0.030051
vt 0.866595 0.033195
vt 0.863088 0.033499
vt 0.862149 0.030972
vt 0.866595 0.037641
vt 0.862149 0.036339
vt 0.563428 0.004446
vt 0.562126 0.000000
vt 0.564661 0.000000
vt 0.567493 0.002223
vt 0.902787 0.239380
vt 0.902787 0.243827
vt 0.900220 0.243827
vt 0.898340 0.240683
vt 0.866595 0.003144
vt 0.862149 0.002223
vt 0.862149 0.000430
vt 0.866595 0.000000
vt 0.563428 0.995553
vt 0.567493 0.997777
vt 0.565700 0.999570
vt 0.562126 1.000000
vt 0.930086 0.125058
vt 0.930086 0.121913
vt 0.933592 0.121609
vt 0.934532 0.124137
vt 0.930086 0.117467
vt 0.934532 0.118769
vt 0.866595 0.962359
vt 0.866595 0.966805
vt 0.864028 0.966805
vt 0.862149 0.963661
vt 0.930086 0.151964
vt 0.934532 0.152885
vt 0.934532 0.154678
vt 0.930086 0.155108
vt 0.594018 0.964963
vt 0.598465 0.963661
vt 0.598465 0.966197
vt 0.596241 0.969028
vt 0.668930 0.995554
vt 0.672995 0.997777
vt 0.671202 0.999570
vt 0.667628 1.000000
vt 0.893894 0.003144
vt 0.893894 0.000000
vt 0.896461 0.000000
vt 0.898340 0.002223
vt 0.930086 0.239380
vt 0.934532 0.240683
vt 0.934532 0.243218
vt 0.930086 0.243827
vt 0.893894 0.037641
vt 0.893894 0.033195
vt 0.897401 0.032980
vt 0.898340 0.036339
vt 0.893894 0.030051
vt 0.898340 0.030972
vt 0.699521 0.964963
vt 0.703967 0.963661
vt 0.703967 0.966196
vt 0.701744 0.969028
vt 0.699521 0.035037
vt 0.701744 0.030972
vt 0.703537 0.032765
vt 0.703967 0.036339
vt 0.902787 0.151964
vt 0.902787 0.155108
vt 0.900220 0.155108
vt 0.898340 0.152885
vt 0.893894 0.962359
vt 0.898340 0.963661
vt 0.898340 0.966197
vt 0.893894 0.966805
vt 0.668930 0.004446
vt 0.667628 -0.000000
vt 0.670164 -0.000000
vt 0.672995 0.002223
vt 0.902787 0.117467
vt 0.902787 0.121913
vt 0.899280 0.122129
vt 0.898340 0.118769
vt 0.902787 0.125058
vt 0.898340 0.124137
vt 0.109913 0.475110
vt 0.109913 0.473843
vt 0.111124 0.473843
vt 0.112010 0.475110
vt 0.015948 0.003074
vt 0.015948 0.000977
vt 0.017159 0.000977
vt 0.018045 0.003074
vt 0.015948 0.997756
vt 0.018045 0.997756
vt 0.018045 0.998488
vt 0.015948 0.999023
vt 0.109913 0.944193
vt 0.112010 0.944194
vt 0.112010 0.944925
vt 0.109913 0.945461
vt 0.015948 0.528673
vt 0.015948 0.527405
vt 0.017602 0.526962
vt 0.018045 0.528673
vt 0.015948 0.525308
vt 0.018045 0.525308
vt 0.077531 0.002244
vt 0.075434 0.002244
vt 0.075434 0.001512
vt 0.077531 0.000977
vt 0.003074 0.997756
vt 0.003074 0.999023
vt 0.001863 0.999023
vt 0.000977 0.997756
vt 0.003074 0.003074
vt 0.000977 0.003074
vt 0.000977 0.001863
vt 0.003074 0.000977
vt 0.003074 0.525308
vt 0.003074 0.527405
vt 0.001420 0.527673
vt 0.000977 0.525308
vt 0.003074 0.528673
vt 0.000977 0.528673
vt 0.077531 0.471327
vt 0.077531 0.472595
vt 0.076321 0.472595
vt 0.075434 0.471327
vt 0.077531 0.489851
vt 0.075434 0.490309
vt 0.075434 0.489599
vt 0.076128 0.488805
vt 0.015948 0.045305
vt 0.015948 0.044037
vt 0.017602 0.043977
vt 0.018045 0.044848
vt 0.015948 0.042503
vt 0.018045 0.043056
vt 0.092272 0.475110
vt 0.090125 0.474807
vt 0.090850 0.474083
vt 0.092954 0.473843
vt 0.015948 0.023431
vt 0.015948 0.021897
vt 0.017602 0.021665
vt 0.018045 0.023261
vt 0.015948 0.019800
vt 0.018045 0.020033
vt 0.092273 0.944194
vt 0.092954 0.945461
vt 0.091554 0.945461
vt 0.090125 0.944496
vt 0.015948 0.508582
vt 0.015948 0.506485
vt 0.017602 0.506315
vt 0.018045 0.508349
vt 0.015948 0.504951
vt 0.018045 0.505121
vt 0.015948 0.483077
vt 0.018045 0.483534
vt 0.017602 0.484294
vt 0.015948 0.484345
vt 0.077531 0.929452
vt 0.076128 0.930499
vt 0.075520 0.929891
vt 0.075434 0.928995
vt 0.015948 0.485879
vt 0.018045 0.485325
vt 0.095172 0.002244
vt 0.094490 0.000977
vt 0.095891 0.000977
vt 0.097319 0.001941
vt 0.003074 0.019800
vt 0.003074 0.021897
vt 0.001420 0.022067
vt 0.000977 0.020033
vt 0.003074 0.023431
vt 0.000977 0.023261
vt 0.003074 0.045305
vt 0.000977 0.044848
vt 0.001420 0.044087
vt 0.003074 0.044037
vt 0.109913 0.016985
vt 0.111317 0.015938
vt 0.111924 0.016546
vt 0.112010 0.017442
vt 0.003074 0.042503
vt 0.000977 0.043056
vt 0.109913 0.456586
vt 0.112010 0.456129
vt 0.112010 0.456839
vt 0.111317 0.457633
vt 0.003074 0.483077
vt 0.003074 0.484345
vt 0.001420 0.484405
vt 0.000977 0.483534
vt 0.003074 0.485879
vt 0.000977 0.485325
vt 0.095172 0.471327
vt 0.097319 0.471630
vt 0.096595 0.472355
vt 0.094490 0.472595
vt 0.003074 0.504951
vt 0.003074 0.506485
vt 0.001420 0.506717
vt 0.000977 0.505121
vt 0.003074 0.508582
vt 0.000977 0.508349
vt 0.039707 0.002244
vt 0.037610 0.002244
vt 0.037610 0.001512
vt 0.039707 0.000977
vt 0.034265 0.002244
vt 0.034265 0.000977
vt 0.035476 0.000977
vt 0.036362 0.002244
vt 0.034265 0.996926
vt 0.036362 0.996926
vt 0.036362 0.998137
vt 0.034265 0.999023
vt 0.039707 0.471327
vt 0.039707 0.472595
vt 0.038497 0.472595
vt 0.037610 0.471327
vt 0.034265 0.474692
vt 0.034265 0.472595
vt 0.035919 0.472327
vt 0.036362 0.474692
vt 0.034265 0.471327
vt 0.036362 0.471327
vt 0.072089 0.475111
vt 0.072089 0.473843
vt 0.073300 0.473843
vt 0.074186 0.475110
vt 0.021390 0.996926
vt 0.021390 0.999023
vt 0.020180 0.999023
vt 0.019293 0.996926
vt 0.021390 0.002244
vt 0.019293 0.002244
vt 0.019293 0.001512
vt 0.021390 0.000977
vt 0.021390 0.474692
vt 0.019293 0.474692
vt 0.019737 0.473038
vt 0.021390 0.472595
vt 0.072089 0.944194
vt 0.074186 0.944194
vt 0.074186 0.944925
vt 0.072089 0.945461
vt 0.021390 0.471327
vt 0.019293 0.471327
vt 0.072089 0.016985
vt 0.073493 0.015938
vt 0.074100 0.016546
vt 0.074186 0.017442
vt 0.034265 0.957497
vt 0.034265 0.955963
vt 0.035919 0.955912
vt 0.036362 0.956943
vt 0.034265 0.954695
vt 0.036362 0.955152
vt 0.057348 0.002244
vt 0.056666 0.000977
vt 0.058067 0.000977
vt 0.059495 0.001941
vt 0.034265 0.980200
vt 0.034265 0.978103
vt 0.035919 0.977933
vt 0.036362 0.979967
vt 0.034265 0.976568
vt 0.036362 0.976739
vt 0.057348 0.471327
vt 0.059495 0.471630
vt 0.058771 0.472355
vt 0.056666 0.472595
vt 0.034265 0.495049
vt 0.034265 0.493515
vt 0.035919 0.493283
vt 0.036362 0.494879
vt 0.034265 0.491418
vt 0.036362 0.491651
vt 0.034265 0.516923
vt 0.034265 0.515655
vt 0.035919 0.515594
vt 0.036362 0.516466
vt 0.034265 0.514121
vt 0.036362 0.514674
vt 0.072089 0.456586
vt 0.074186 0.456129
vt 0.074186 0.456839
vt 0.073493 0.457633
vt 0.054448 0.475110
vt 0.052301 0.474807
vt 0.053026 0.474083
vt 0.055130 0.473843
vt 0.021390 0.976569
vt 0.021390 0.978103
vt 0.019737 0.978335
vt 0.019293 0.976739
vt 0.021390 0.980200
vt 0.019293 0.979967
vt 0.021390 0.954695
vt 0.021390 0.955963
vt 0.019737 0.956023
vt 0.019293 0.955152
vt 0.021390 0.957497
vt 0.019293 0.956944
vt 0.039707 0.489852
vt 0.037610 0.490309
vt 0.037610 0.489599
vt 0.038304 0.488805
vt 0.039707 0.929452
vt 0.038304 0.930499
vt 0.037696 0.929892
vt 0.037610 0.928995
vt 0.021390 0.514121
vt 0.021390 0.515655
vt 0.019737 0.515705
vt 0.019293 0.514674
vt 0.021390 0.516923
vt 0.019293 0.516466
vt 0.054448 0.944193
vt 0.055130 0.945461
vt 0.053729 0.945461
vt 0.052301 0.944497
vt 0.021390 0.491418
vt 0.021390 0.493515
vt 0.019737 0.493685
vt 0.019293 0.491651
vt 0.021390 0.495049
vt 0.019293 0.494879
vt 0.942664 0.692483
vt 0.942664 0.687434
vt 0.945579 0.687434
vt 0.947713 0.691955
vt 0.856010 0.452585
vt 0.861058 0.452839
vt 0.861058 0.454446
vt 0.856010 0.455016
vt 0.205870 0.941837
vt 0.204784 0.947000
vt 0.201860 0.945393
vt 0.200822 0.940303
vt 0.856010 0.002431
vt 0.856010 0.000000
vt 0.858925 0.000000
vt 0.861058 0.003028
vt 0.923876 0.234193
vt 0.918828 0.235432
vt 0.918828 0.232529
vt 0.923876 0.229145
vt 0.205870 0.008534
vt 0.200822 0.006287
vt 0.200822 0.003384
vt 0.206333 0.003028
vt 0.942664 0.796959
vt 0.947713 0.795719
vt 0.947713 0.798623
vt 0.942664 0.802007
vt 0.296185 0.991466
vt 0.301233 0.993712
vt 0.301233 0.996616
vt 0.295723 0.996972
vt 0.894991 0.452585
vt 0.894991 0.455016
vt 0.892077 0.455016
vt 0.889943 0.451988
vt 0.923876 0.338669
vt 0.923876 0.343717
vt 0.920961 0.343717
vt 0.918828 0.339197
vt 0.894991 0.002431
vt 0.889943 0.002177
vt 0.889943 0.000570
vt 0.894991 0.000000
vt 0.296185 0.058163
vt 0.297271 0.053000
vt 0.300196 0.054606
vt 0.301233 0.059697
vt 0.923876 0.692483
vt 0.918828 0.691955
vt 0.918828 0.688619
vt 0.923876 0.687434
vt 0.095363 0.941837
vt 0.100411 0.940303
vt 0.100411 0.943639
vt 0.096449 0.947000
vt 0.837222 0.452585
vt 0.837222 0.455016
vt 0.834307 0.455016
vt 0.832173 0.452839
vt 0.942665 0.234193
vt 0.942665 0.229145
vt 0.945579 0.229145
vt 0.947713 0.235432
vt 0.837222 0.002431
vt 0.832173 0.003028
vt 0.832173 0.001630
vt 0.837222 0.000000
vt 0.095363 0.008534
vt 0.094901 0.003028
vt 0.097445 0.001630
vt 0.100411 0.006288
vt 0.923876 0.796959
vt 0.923876 0.802007
vt 0.920961 0.802007
vt 0.918828 0.795719
vt 0.913780 0.452585
vt 0.918828 0.451988
vt 0.918828 0.453386
vt 0.913780 0.455016
vt 0.005048 0.991466
vt 0.005511 0.996972
vt 0.002966 0.998370
vt 0.000000 0.993712
vt 0.942665 0.338669
vt 0.947713 0.339197
vt 0.947713 0.342533
vt 0.942665 0.343717
vt 0.005048 0.058163
vt 0.000000 0.059697
vt 0.000000 0.056361
vt 0.003962 0.053000
vt 0.913780 0.002431
vt 0.913780 0.000000
vt 0.916694 0.000000
vt 0.918828 0.002177
vt 0.923876 0.807055
vt 0.918828 0.806528
vt 0.918828 0.803191
vt 0.923876 0.802007
vt 0.195774 0.941837
vt 0.200822 0.940303
vt 0.200822 0.943639
vt 0.196860 0.947000
vt 0.866106 0.452585
vt 0.866106 0.455016
vt 0.863192 0.455016
vt 0.861058 0.452839
vt 0.866106 0.002431
vt 0.861058 0.003028
vt 0.861058 0.001630
vt 0.866106 0.000000
vt 0.195774 0.008534
vt 0.195312 0.003028
vt 0.197856 0.001630
vt 0.200822 0.006287
vt 0.942665 0.577910
vt 0.942665 0.572862
vt 0.945579 0.572862
vt 0.947713 0.579150
vt 0.923876 0.911531
vt 0.923876 0.916579
vt 0.920961 0.916579
vt 0.918828 0.910292
vt 0.913780 0.907600
vt 0.918828 0.907003
vt 0.918828 0.908402
vt 0.913780 0.910031
vt 0.105459 0.991466
vt 0.105922 0.996972
vt 0.103377 0.998370
vt 0.100411 0.993712
vt 0.942665 0.682386
vt 0.947713 0.682914
vt 0.947713 0.686250
vt 0.942665 0.687435
vt 0.105459 0.058163
vt 0.100411 0.059697
vt 0.100411 0.056361
vt 0.104373 0.053000
vt 0.913780 0.457447
vt 0.916694 0.455016
vt 0.918828 0.457193
vt 0.942665 0.807055
vt 0.942664 0.802007
vt 0.945579 0.802007
vt 0.947713 0.806528
vt 0.884895 0.452585
vt 0.889943 0.452839
vt 0.889943 0.454446
vt 0.884895 0.455016
vt 0.707925 0.941837
vt 0.706839 0.947000
vt 0.703915 0.945393
vt 0.702877 0.940303
vt 0.923876 0.577910
vt 0.918828 0.579150
vt 0.918828 0.576246
vt 0.923876 0.572862
vt 0.707925 0.008534
vt 0.702877 0.006288
vt 0.702877 0.003384
vt 0.708388 0.003028
vt 0.884895 0.002431
vt 0.884895 0.000000
vt 0.887810 0.000000
vt 0.889943 0.003028
vt 0.942665 0.911531
vt 0.947713 0.910292
vt 0.947713 0.913195
vt 0.942665 0.916579
vt 0.798240 0.991466
vt 0.803288 0.993712
vt 0.803288 0.996616
vt 0.797778 0.996972
vt 0.894991 0.907600
vt 0.894991 0.910031
vt 0.892076 0.910031
vt 0.889943 0.907003
vt 0.923876 0.682386
vt 0.923876 0.687435
vt 0.920961 0.687435
vt 0.918828 0.682914
vt 0.894991 0.457447
vt 0.889943 0.457193
vt 0.889943 0.455586
vt 0.894991 0.455016
vt 0.798240 0.058163
vt 0.799326 0.053000
vt 0.802251 0.054606
vt 0.803288 0.059697
vt 0.942665 0.453241
vt 0.947713 0.453769
vt 0.947713 0.457106
vt 0.942664 0.458290
vt 0.489256 0.941837
vt 0.494304 0.940303
vt 0.494304 0.943639
vt 0.490342 0.947000
vt 0.877144 0.457447
vt 0.877144 0.455016
vt 0.880058 0.455016
vt 0.882192 0.457193
vt 0.877144 0.907600
vt 0.882192 0.907004
vt 0.882192 0.908402
vt 0.877144 0.910032
vt 0.489256 0.008534
vt 0.488794 0.003028
vt 0.491339 0.001630
vt 0.494304 0.006288
vt 0.923876 0.567814
vt 0.923876 0.572862
vt 0.920961 0.572862
vt 0.918828 0.566574
vt 0.942665 0.348765
vt 0.942664 0.343717
vt 0.945579 0.343717
vt 0.947713 0.350005
vt 0.829471 0.457447
vt 0.824422 0.458044
vt 0.824422 0.456645
vt 0.829471 0.455016
vt 0.398941 0.991466
vt 0.399404 0.996972
vt 0.396859 0.998370
vt 0.393893 0.993712
vt 0.923876 0.463338
vt 0.918828 0.462810
vt 0.918828 0.459474
vt 0.923876 0.458290
vt 0.398942 0.058163
vt 0.393893 0.059697
vt 0.393893 0.056361
vt 0.397855 0.053000
vt 0.829471 0.907601
vt 0.829471 0.910032
vt 0.826556 0.910032
vt 0.824422 0.907854
vt 0.923876 0.453242
vt 0.923876 0.458290
vt 0.920961 0.458290
vt 0.918828 0.453769
vt 0.858355 0.457447
vt 0.853307 0.457193
vt 0.853307 0.455586
vt 0.858355 0.455016
vt 0.298530 0.941837
vt 0.297444 0.947000
vt 0.294520 0.945394
vt 0.293482 0.940303
vt 0.942665 0.567814
vt 0.947713 0.566574
vt 0.947713 0.569478
vt 0.942665 0.572862
vt 0.298530 0.008534
vt 0.293482 0.006288
vt 0.293482 0.003384
vt 0.298993 0.003028
vt 0.858355 0.907600
vt 0.858355 0.910032
vt 0.855441 0.910032
vt 0.853307 0.907004
vt 0.923876 0.348765
vt 0.918828 0.350005
vt 0.918828 0.347101
vt 0.923876 0.343717
vt 0.388845 0.991466
vt 0.393893 0.993712
vt 0.393893 0.996616
vt 0.388383 0.996972
vt 0.848259 0.457447
vt 0.848259 0.455016
vt 0.851174 0.455016
vt 0.853307 0.458044
vt 0.942665 0.463338
vt 0.942665 0.458290
vt 0.945579 0.458290
vt 0.947713 0.462810
vt 0.848259 0.907601
vt 0.853307 0.907855
vt 0.853307 0.909461
vt 0.848259 0.910032
vt 0.388845 0.058163
vt 0.389931 0.053000
vt 0.392856 0.054607
vt 0.393893 0.059697
vt 0.923876 0.224097
vt 0.923876 0.229145
vt 0.920961 0.229145
vt 0.918828 0.224624
vt 0.808337 0.002431
vt 0.803288 0.002177
vt 0.803288 0.000570
vt 0.808336 0.000000
vt 0.507103 0.941837
vt 0.506017 0.947000
vt 0.503093 0.945394
vt 0.502055 0.940303
vt 0.808336 0.452585
vt 0.808336 0.455016
vt 0.805422 0.455016
vt 0.803288 0.451988
vt 0.942665 0.109524
vt 0.947713 0.108285
vt 0.947713 0.111188
vt 0.942665 0.114572
vt 0.507103 0.008534
vt 0.502055 0.006288
vt 0.502055 0.003384
vt 0.507566 0.003028
vt 0.923876 0.119621
vt 0.918828 0.120860
vt 0.918828 0.117956
vt 0.923876 0.114572
vt 0.597418 0.991466
vt 0.602466 0.993712
vt 0.602466 0.996616
vt 0.596956 0.996972
vt 0.827125 0.457447
vt 0.827125 0.455016
vt 0.830040 0.455016
vt 0.832173 0.458044
vt 0.942665 0.005048
vt 0.942665 0.000000
vt 0.945579 0.000000
vt 0.947713 0.004521
vt 0.827125 0.907601
vt 0.832173 0.907855
vt 0.832173 0.909461
vt 0.827125 0.910032
vt 0.597418 0.058163
vt 0.598504 0.053000
vt 0.601429 0.054607
vt 0.602466 0.059697
vt 0.942665 0.224097
vt 0.947713 0.224624
vt 0.947713 0.227961
vt 0.942665 0.229145
vt 0.697829 0.941837
vt 0.702877 0.940303
vt 0.702877 0.943639
vt 0.698915 0.947000
vt 0.827125 0.002431
vt 0.827125 0.000000
vt 0.830040 0.000000
vt 0.832173 0.002177
vt 0.923876 0.109524
vt 0.920961 0.114572
vt 0.918828 0.108285
vt 0.827125 0.452585
vt 0.832173 0.451988
vt 0.832173 0.453386
vt 0.697829 0.008534
vt 0.697367 0.003028
vt 0.699911 0.001630
vt 0.702877 0.006288
vt 0.942665 0.119621
vt 0.945579 0.114572
vt 0.947713 0.120860
vt 0.808337 0.457447
vt 0.803288 0.458044
vt 0.803288 0.456646
vt 0.808336 0.455016
vt 0.607515 0.991466
vt 0.607977 0.996972
vt 0.605432 0.998370
vt 0.602466 0.993712
vt 0.923876 0.005048
vt 0.918828 0.004521
vt 0.918828 0.001184
vt 0.923876 0.000000
vt 0.607515 0.058163
vt 0.602466 0.059697
vt 0.602466 0.056361
vt 0.606428 0.053000
vt 0.808336 0.907601
vt 0.808336 0.910032
vt 0.805422 0.910032
vt 0.803288 0.907855
s 1
usemtl nails
f 5/1/1 4/2/2 12/3/3
f 5/1/1 12/3/3 13/4/4
f 3/5/5 73/6/6 10/7/7
f 3/5/5 10/7/7 11/8/8
f 72/9/9 2/10/10 9/11/11
f 8/12/12 6/13/13 15/14/14
f 74/15/15 5/1/1 13/4/4
f 74/15/15 13/4/4 14/16/16
f 4/2/2 3/5/5 11/8/8
f 4/2/2 11/8/8 12/3/3
f 73/6/6 72/9/9 9/11/11
f 73/6/6 9/11/11 10/7/7
f 6/13/13 74/15/15 14/16/16
f 6/13/13 14/16/16 15/14/14
f 8/12/12 15/14/14 22/17/17
f 14/16/16 13/4/4 20/18/18
f 14/16/16 20/18/18 21/19/19
f 12/3/3 11/8/8 18/20/20
f 12/3/3 18/20/20 19/21/21
f 10/7/7 9/11/11 16/22/22
f 10/7/7 16/22/22 17/23/23
f 15/14/14 14/16/16 21/19/19
f 15/14/14 21/19/19 22/17/17
f 13/4/4 12/3/3 19/21/21
f 13/4/4 19/21/21 20/18/18
f 11/8/8 10/7/7 17/23/23
f 11/8/8 17/23/23 18/20/20
f 9/11/11 2/10/10 16/22/22
f 17/23/23 16/22/22 23/24/24
f 17/23/23 23/24/24 24/25/25
f 22/17/17 21/19/19 28/26/26
f 22/17/17 28/26/26 29/27/27
f 20/18/18 19/21/21 26/28/28
f 20/18/18 26/28/28 27/29/29
f 18/20/20 17/23/23 24/25/25
f 18/20/20 24/25/25 25/30/30
f 16/22/22 2/10/10 23/24/24
f 8/12/12 22/17/17 29/27/27
f 21/19/19 20/18/18 27/29/29
f 21/19/19 27/29/29 28/26/26
f 19/21/21 18/20/20 25/30/30
f 19/21/21 25/30/30 26/28/28
f 29/27/27 28/26/26 41/31/31
f 29/27/27 41/31/31 43/32/32
f 27/29/29 26/28/28 37/33/33
f 27/29/29 37/33/33 39/34/34
f 25/30/30 24/25/25 33/35/35
f 25/30/30 33/35/35 35/36/36
f 23/24/24 2/10/10 31/37/37
f 8/12/12 29/27/27 43/32/32
f 28/26/26 27/29/29 39/34/34
f 28/26/26 39/34/34 41/31/31
f 26/28/28 25/30/30 35/36/36
f 26/28/28 35/36/36 37/33/33
f 24/25/25 23/24/24 31/37/37
f 24/25/25 31/37/37 33/35/35
f 30/38/37 1/39/10 44/40/38
f 7/41/12 42/42/32 50/43/39
f 40/44/31 38/45/40 48/46/41
f 40/44/31 48/46/41 49/47/42
f 36/48/43 34/49/44 46/50/45
f 36/48/43 46/50/45 47/51/46
f 32/52/35 30/38/37 44/40/38
f 32/52/35 44/40/38 45/53/47
f 42/42/32 40/44/31 49/47/42
f 42/42/32 49/47/42 50/43/39
f 38/45/40 36/48/43 47/51/46
f 38/45/40 47/51/46 48/46/41
f 34/49/44 32/52/35 45/53/47
f 34/49/44 45/53/47 46/50/45
f 49/47/42 48/46/41 55/54/48
f 49/47/42 55/54/48 56/55/49
f 47/51/46 46/50/45 53/56/50
f 47/51/46 53/56/50 54/57/51
f 45/53/47 44/40/38 51/58/52
f 45/53/47 51/58/52 52/59/53
f 50/43/39 49/47/42 56/55/49
f 50/43/39 56/55/49 57/60/54
f 48/46/41 47/51/46 54/57/51
f 48/46/41 54/57/51 55/54/48
f 46/50/45 45/53/47 52/59/53
f 46/50/45 52/59/53 53/56/50
f 44/40/38 1/39/10 51/58/52
f 7/41/12 50/43/39 57/60/54
f 57/60/54 56/55/49 63/61/55
f 57/60/54 63/61/55 64/62/56
f 55/54/48 54/57/51 61/63/57
f 55/54/48 61/63/57 62/64/58
f 53/56/50 52/59/53 59/65/59
f 53/56/50 59/65/59 60/66/60
f 51/58/52 1/39/10 58/67/61
f 7/41/12 57/60/54 64/62/56
f 56/55/49 55/54/48 62/64/58
f 56/55/49 62/64/58 63/61/55
f 54/57/51 53/56/50 60/66/60
f 54/57/51 60/66/60 61/63/57
f 52/59/53 51/58/52 58/67/61
f 52/59/53 58/67/61 59/65/59
f 62/64/58 61/63/57 68/68/62
f 62/64/58 68/68/62 69/69/63
f 60/66/60 59/65/59 66/70/64
f 60/66/60 66/70/64 67/71/65
f 58/67/61 1/39/10 65/72/66
f 7/41/12 64/62/56 71/73/67
f 63/61/55 62/64/58 69/69/63
f 63/61/55 69/69/63 70/74/68
f 61/63/57 60/66/60 67/71/65
f 61/63/57 67/71/65 68/68/62
f 59/65/59 58/67/61 65/72/66
f 59/65/59 65/72/66 66/70/64
f 64/62/56 63/61/55 70/74/68
f 64/62/56 70/74/68 71/73/67
f 79/75/69 78/76/2 86/77/3
f 79/75/69 86/77/3 87/78/4
f 77/79/5 147/80/6 84/81/70
f 77/79/5 84/81/70 85/82/8
f 146/83/9 76/84/10 83/85/71
f 81/86/12 80/87/13 89/88/14
f 148/89/15 79/75/69 87/78/4
f 148/89/15 87/78/4 88/90/16
f 78/76/2 77/79/5 85/82/8
f 78/76/2 85/82/8 86/77/3
f 147/80/6 146/83/9 83/85/71
f 147/80/6 83/85/71 84/81/70
f 80/87/13 148/89/15 88/90/16
f 80/87/13 88/90/16 89/88/14
f 81/86/12 89/88/14 96/91/17
f 88/90/16 87/78/4 94/92/18
f 88/90/16 94/92/18 95/93/19
f 86/77/3 85/82/8 92/94/20
f 86/77/3 92/94/20 93/95/21
f 84/81/70 83/85/71 90/96/22
f 84/81/70 90/96/22 91/97/23
f 89/88/14 88/90/16 95/93/19
f 89/88/14 95/93/19 96/91/17
f 87/78/4 86/77/3 93/95/21
f 87/78/4 93/95/21 94/92/18
f 85/82/8 84/81/70 91/97/23
f 85/82/8 91/97/23 92/94/20
f 83/85/71 76/84/10 90/96/22
f 91/97/23 90/96/22 97/98/24
f 91/97/23 97/98/24 98/99/25
f 96/91/17 95/93/19 102/100/72
f 96/91/17 102/100/72 103/101/27
f 94/92/18 93/95/21 100/102/28
f 94/92/18 100/102/28 101/103/29
f 92/94/20 91/97/23 98/99/25
f 92/94/20 98/99/25 99/104/30
f 90/96/22 76/84/10 97/98/24
f 81/86/12 96/91/17 103/101/27
f 95/93/19 94/92/18 101/103/29
f 95/93/19 101/103/29 102/100/72
f 93/95/21 92/94/20 99/104/30
f 93/95/21 99/104/30 100/102/28
f 103/101/27 102/100/72 114/105/31
f 103/101/27 114/105/31 116/106/73
f 101/103/29 100/102/28 110/107/33
f 101/103/29 110/107/33 112/108/34
f 99/104/30 98/99/25 106/109/35
f 99/104/30 106/109/35 108/110/44
f 97/98/24 76/84/10 104/111/37
f 81/86/12 103/101/27 116/106/73
f 102/100/72 101/103/29 112/108/34
f 102/100/72 112/108/34 114/105/31
f 100/102/28 99/104/30 108/110/44
f 100/102/28 108/110/44 110/107/33
f 98/99/25 97/98/24 104/111/37
f 98/99/25 104/111/37 106/109/35
f 105/112/74 75/113/10 118/114/38
f 82/115/12 117/116/32 124/117/39
f 115/118/31 113/119/34 122/120/41
f 115/118/31 122/120/41 123/121/42
f 111/122/43 109/123/44 120/124/45
f 111/122/43 120/124/45 121/125/46
f 107/126/75 105/112/74 118/114/38
f 107/126/75 118/114/38 119/127/76
f 117/116/32 115/118/31 123/121/42
f 117/116/32 123/121/42 124/117/39
f 113/119/34 111/122/43 121/125/46
f 113/119/34 121/125/46 122/120/41
f 109/123/44 107/126/75 119/127/76
f 109/123/44 119/127/76 120/124/45
f 123/121/42 122/120/41 129/128/48
f 123/121/42 129/128/48 130/129/49
f 121/125/46 120/124/45 127/130/50
f 121/125/46 127/130/50 128/131/51
f 119/127/76 118/114/38 125/132/52
f 119/127/76 125/132/52 126/133/53
f 124/117/39 123/121/42 130/129/49
f 124/117/39 130/129/49 131/134/54
f 122/120/41 121/125/46 128/131/51
f 122/120/41 128/131/51 129/128/48
f 120/124/45 119/127/76 126/133/53
f 120/124/45 126/133/53 127/130/50
f 118/114/38 75/113/10 125/132/52
f 82/115/12 124/117/39 131/134/54
f 131/134/54 130/129/49 137/135/55
f 131/134/54 137/135/55 138/136/56
f 129/128/48 128/131/51 135/137/57
f 129/128/48 135/137/57 136/138/58
f 127/130/50 126/133/53 133/139/59
f 127/130/50 133/139/59 134/140/60
f 125/132/52 75/113/10 132/141/61
f 82/115/12 131/134/54 138/136/56
f 130/129/49 129/128/48 136/138/58
f 130/129/49 136/138/58 137/135/55
f 128/131/51 127/130/50 134/140/60
f 128/131/51 134/140/60 135/137/57
f 126/133/53 125/132/52 132/141/61
f 126/133/53 132/141/61 133/139/59
f 136/138/58 135/137/57 142/142/62
f 136/138/58 142/142/62 143/143/63
f 134/140/60 133/139/59 140/144/77
f 134/140/60 140/144/77 141/145/65
f 132/141/61 75/113/10 139/146/66
f 82/115/12 138/136/56 145/147/67
f 137/135/55 136/138/58 143/143/63
f 137/135/55 143/143/63 144/148/78
f 135/137/57 134/140/60 141/145/65
f 135/137/57 141/145/65 142/142/62
f 133/139/59 132/141/61 139/146/66
f 133/139/59 139/146/66 140/144/77
f 138/136/56 137/135/55 144/148/78
f 138/136/56 144/148/78 145/147/67
f 153/149/69 152/150/2 160/151/3
f 153/149/69 160/151/3 161/152/4
f 151/153/5 221/154/6 158/155/7
f 151/153/5 158/155/7 159/156/8
f 220/157/9 149/158/10 157/159/71
f 155/160/12 154/161/13 163/162/14
f 222/163/15 153/149/69 161/152/4
f 222/163/15 161/152/4 162/164/16
f 152/150/2 151/153/5 159/156/8
f 152/150/2 159/156/8 160/151/3
f 221/154/6 220/157/9 157/159/71
f 221/154/6 157/159/71 158/155/7
f 154/161/13 222/163/15 162/164/16
f 154/161/13 162/164/16 163/162/14
f 155/160/12 163/162/14 170/165/17
f 162/164/16 161/152/4 168/166/18
f 162/164/16 168/166/18 169/167/19
f 160/151/3 159/156/8 166/168/20
f 160/151/3 166/168/20 167/169/21
f 158/155/7 157/159/71 164/170/22
f 158/155/7 164/170/22 165/171/23
f 163/162/14 162/164/16 169/167/19
f 163/162/14 169/167/19 170/165/17
f 161/152/4 160/151/3 167/169/21
f 161/152/4 167/169/21 168/166/18
f 159/156/8 158/155/7 165/171/23
f 159/156/8 165/171/23 166/168/20
f 157/159/71 149/158/10 164/170/22
f 165/171/23 164/170/22 171/172/24
f 165/171/23 171/172/24 172/173/25
f 170/165/17 169/167/19 176/174/72
f 170/165/17 176/174/72 177/175/27
f 168/166/18 167/169/21 174/176/28
f 168/166/18 174/176/28 175/177/29
f 166/168/20 165/171/23 172/173/25
f 166/168/20 172/173/25 173/178/30
f 164/170/22 149/158/10 171/172/24
f 155/160/12 170/165/17 177/175/27
f 169/167/19 168/166/18 175/177/29
f 169/167/19 175/177/29 176/174/72
f 167/169/21 166/168/20 173/178/30
f 167/169/21 173/178/30 174/176/28
f 177/175/27 176/174/72 188/179/31
f 177/175/27 188/179/31 190/180/73
f 175/177/29 174/176/28 184/181/33
f 175/177/29 184/181/33 186/182/79
f 173/178/30 172/173/25 180/183/35
f 173/178/30 180/183/35 182/184/44
f 171/172/24 149/158/10 178/185/37
f 155/160/12 177/175/27 190/180/73
f 176/174/72 175/177/29 186/182/79
f 176/174/72 186/182/79 188/179/31
f 174/176/28 173/178/30 182/184/44
f 174/176/28 182/184/44 184/181/33
f 172/173/25 171/172/24 178/185/37
f 172/173/25 178/185/37 180/183/35
f 179/186/74 150/187/10 192/188/38
f 156/189/12 191/190/32 198/191/80
f 189/192/31 187/193/34 196/194/41
f 189/192/31 196/194/41 197/195/42
f 185/196/43 183/197/44 194/198/45
f 185/196/43 194/198/45 195/199/46
f 181/200/75 179/186/74 192/188/38
f 181/200/75 192/188/38 193/201/76
f 191/190/32 189/192/31 197/195/42
f 191/190/32 197/195/42 198/191/80
f 187/193/34 185/196/43 195/199/46
f 187/193/34 195/199/46 196/194/41
f 183/197/44 181/200/75 193/201/76
f 183/197/44 193/201/76 194/198/45
f 197/195/42 196/194/41 203/202/48
f 197/195/42 203/202/48 204/203/49
f 195/199/46 194/198/45 201/204/50
f 195/199/46 201/204/50 202/205/51
f 193/201/76 192/188/38 199/206/52
f 193/201/76 199/206/52 200/207/53
f 198/191/80 197/195/42 204/203/49
f 198/191/80 204/203/49 205/208/54
f 196/194/41 195/199/46 202/205/51
f 196/194/41 202/205/51 203/202/48
f 194/198/45 193/201/76 200/207/53
f 194/198/45 200/207/53 201/204/50
f 192/188/38 150/187/10 199/206/52
f 156/189/12 198/191/80 205/208/54
f 205/208/54 204/203/49 211/209/55
f 205/208/54 211/209/55 212/210/56
f 203/202/48 202/205/51 209/211/57
f 203/202/48 209/211/57 210/212/58
f 201/204/50 200/207/53 207/213/59
f 201/204/50 207/213/59 208/214/60
f 199/206/52 150/187/10 206/215/81
f 156/189/12 205/208/54 212/210/56
f 204/203/49 203/202/48 210/212/58
f 204/203/49 210/212/58 211/209/55
f 202/205/51 201/204/50 208/214/60
f 202/205/51 208/214/60 209/211/57
f 200/207/53 199/206/52 206/215/81
f 200/207/53 206/215/81 207/213/59
f 210/212/58 209/211/57 216/216/62
f 210/212/58 216/216/62 217/217/63
f 208/214/60 207/213/59 214/218/64
f 208/214/60 214/218/64 215/219/82
f 206/215/81 150/187/10 213/220/66
f 156/189/12 212/210/56 219/221/83
f 211/209/55 210/212/58 217/217/63
f 211/209/55 217/217/63 218/222/84
f 209/211/57 208/214/60 215/219/82
f 209/211/57 215/219/82 216/216/62
f 207/213/59 206/215/81 213/220/66
f 207/213/59 213/220/66 214/218/64
f 212/210/56 211/209/55 218/222/84
f 212/210/56 218/222/84 219/221/83
f 227/223/1 226/224/2 234/225/3
f 227/223/1 234/225/3 235/226/4
f 225/227/5 295/228/6 232/229/7
f 225/227/5 232/229/7 233/230/8
f 294/231/9 223/232/10 231/233/11
f 229/234/12 228/235/13 237/236/14
f 296/237/85 227/223/1 235/226/4
f 296/237/85 235/226/4 236/238/86
f 226/224/2 225/227/5 233/230/8
f 226/224/2 233/230/8 234/225/3
f 295/228/6 294/231/9 231/233/11
f 295/228/6 231/233/11 232/229/7
f 228/235/13 296/237/85 236/238/86
f 228/235/13 236/238/86 237/236/14
f 229/234/12 237/236/14 244/239/17
f 236/238/86 235/226/4 242/240/18
f 236/238/86 242/240/18 243/241/87
f 234/225/3 233/230/8 240/242/20
f 234/225/3 240/242/20 241/243/21
f 232/229/7 231/233/11 238/244/22
f 232/229/7 238/244/22 239/245/23
f 237/236/14 236/238/86 243/241/87
f 237/236/14 243/241/87 244/239/17
f 235/226/4 234/225/3 241/243/21
f 235/226/4 241/243/21 242/240/18
f 233/230/8 232/229/7 239/245/23
f 233/230/8 239/245/23 240/242/20
f 231/233/11 223/232/10 238/244/22
f 239/245/23 238/244/22 245/246/88
f 239/245/23 245/246/88 246/247/25
f 244/239/17 243/241/87 250/248/72
f 244/239/17 250/248/72 251/249/89
f 242/240/18 241/243/21 248/250/28
f 242/240/18 248/250/28 249/251/90
f 240/242/20 239/245/23 246/247/25
f 240/242/20 246/247/25 247/252/91
f 238/244/22 223/232/10 245/246/88
f 229/234/12 244/239/17 251/249/89
f 243/241/87 242/240/18 249/251/90
f 243/241/87 249/251/90 250/248/72
f 241/243/21 240/242/20 247/252/91
f 241/243/21 247/252/91 248/250/28
f 251/249/89 250/248/72 262/253/92
f 251/249/89 262/253/92 264/254/93
f 249/251/90 248/250/28 258/255/94
f 249/251/90 258/255/94 260/256/34
f 247/252/91 246/247/25 254/257/95
f 247/252/91 254/257/95 256/258/44
f 245/246/88 223/232/10 252/259/74
f 229/234/12 251/249/89 264/254/93
f 250/248/72 249/251/90 260/256/34
f 250/248/72 260/256/34 262/253/92
f 248/250/28 247/252/91 256/258/44
f 248/250/28 256/258/44 258/255/94
f 246/247/25 245/246/88 252/259/74
f 246/247/25 252/259/74 254/257/95
f 253/260/96 224/261/10 266/262/97
f 230/263/12 265/264/73 272/265/98
f 263/266/99 261/267/34 270/268/100
f 263/266/99 270/268/100 271/269/42
f 259/270/94 257/271/44 268/272/101
f 259/270/94 268/272/101 269/273/46
f 255/274/75 253/260/96 266/262/97
f 255/274/75 266/262/97 267/275/47
f 265/264/73 263/266/99 271/269/42
f 265/264/73 271/269/42 272/265/98
f 261/267/34 259/270/94 269/273/46
f 261/267/34 269/273/46 270/268/100
f 257/271/44 255/274/75 267/275/47
f 257/271/44 267/275/47 268/272/101
f 271/269/42 270/268/100 277/276/48
f 271/269/42 277/276/48 278/277/49
f 269/273/46 268/272/101 275/278/50
f 269/273/46 275/278/50 276/279/51
f 267/275/47 266/262/97 273/280/52
f 267/275/47 273/280/52 274/281/102
f 272/265/98 271/269/42 278/277/49
f 272/265/98 278/277/49 279/282/54
f 270/268/100 269/273/46 276/279/51
f 270/268/100 276/279/51 277/276/48
f 268/272/101 267/275/47 274/281/102
f 268/272/101 274/281/102 275/278/50
f 266/262/97 224/261/10 273/280/52
f 230/263/12 272/265/98 279/282/54
f 279/282/54 278/277/49 285/283/55
f 279/282/54 285/283/55 286/284/103
f 277/276/48 276/279/51 283/285/57
f 277/276/48 283/285/57 284/286/58
f 275/278/50 274/281/102 281/287/104
f 275/278/50 281/287/104 282/288/60
f 273/280/52 224/261/10 280/289/61
f 230/263/12 279/282/54 286/284/103
f 278/277/49 277/276/48 284/286/58
f 278/277/49 284/286/58 285/283/55
f 276/279/51 275/278/50 282/288/60
f 276/279/51 282/288/60 283/285/57
f 274/281/102 273/280/52 280/289/61
f 274/281/102 280/289/61 281/287/104
f 284/286/58 283/285/57 290/290/62
f 284/286/58 290/290/62 291/291/63
f 282/288/60 281/287/104 288/292/105
f 282/288/60 288/292/105 289/293/65
f 280/289/61 224/261/10 287/294/66
f 230/263/12 286/284/103 293/295/67
f 285/283/55 284/286/58 291/291/63
f 285/283/55 291/291/63 292/296/106
f 283/285/57 282/288/60 289/293/65
f 283/285/57 289/293/65 290/290/62
f 281/287/104 280/289/61 287/294/66
f 281/287/104 287/294/66 288/292/105
f 286/284/103 285/283/55 292/296/106
f 286/284/103 292/296/106 293/295/67
f 301/297/1 300/298/2 308/299/3
f 301/297/1 308/299/3 309/300/4
f 299/301/107 369/302/6 306/303/7
f 299/301/107 306/303/7 307/304/8
f 368/305/9 297/306/10 305/307/71
f 303/308/12 302/309/13 311/310/14
f 370/311/85 301/297/1 309/300/4
f 370/311/85 309/300/4 310/312/16
f 300/298/2 299/301/107 307/304/8
f 300/298/2 307/304/8 308/299/3
f 369/302/6 368/305/9 305/307/71
f 369/302/6 305/307/71 306/303/7
f 302/309/13 370/311/85 310/312/16
f 302/309/13 310/312/16 311/310/14
f 303/308/12 311/310/14 318/313/17
f 310/312/16 309/300/4 316/314/18
f 310/312/16 316/314/18 317/315/19
f 308/299/3 307/304/8 314/316/20
f 308/299/3 314/316/20 315/317/21
f 306/303/7 305/307/71 312/318/22
f 306/303/7 312/318/22 313/319/23
f 311/310/14 310/312/16 317/315/19
f 311/310/14 317/315/19 318/313/17
f 309/300/4 308/299/3 315/317/21
f 309/300/4 315/317/21 316/314/18
f 307/304/8 306/303/7 313/319/23
f 307/304/8 313/319/23 314/316/20
f 305/307/71 297/306/10 312/318/22
f 313/319/23 312/318/22 319/320/88
f 313/319/23 319/320/88 320/321/108
f 318/313/17 317/315/19 324/322/72
f 318/313/17 324/322/72 325/323/89
f 316/314/18 315/317/21 322/324/28
f 316/314/18 322/324/28 323/325/90
f 314/316/20 313/319/23 320/321/108
f 314/316/20 320/321/108 321/326/91
f 312/318/22 297/306/10 319/320/88
f 303/308/12 318/313/17 325/323/89
f 317/315/19 316/314/18 323/325/90
f 317/315/19 323/325/90 324/322/72
f 315/317/21 314/316/20 321/326/91
f 315/317/21 321/326/91 322/324/28
f 325/323/89 324/322/72 336/327/31
f 325/323/89 336/327/31 338/328/93
f 323/325/90 322/324/28 332/329/94
f 323/325/90 332/329/94 334/330/34
f 321/326/91 320/321/108 328/331/95
f 321/326/91 328/331/95 330/332/44
f 319/320/88 297/306/10 326/333/74
f 303/308/12 325/323/89 338/328/93
f 324/322/72 323/325/90 334/330/34
f 324/322/72 334/330/34 336/327/31
f 322/324/28 321/326/91 330/332/44
f 322/324/28 330/332/44 332/329/94
f 320/321/108 319/320/88 326/333/74
f 320/321/108 326/333/74 328/331/95
f 327/334/96 298/335/10 340/336/97
f 304/337/12 339/338/32 346/339/98
f 337/340/31 335/341/34 344/342/100
f 337/340/31 344/342/100 345/343/42
f 333/344/94 331/345/109 342/346/101
f 333/344/94 342/346/101 343/347/46
f 329/348/35 327/334/96 340/336/97
f 329/348/35 340/336/97 341/349/47
f 339/338/32 337/340/31 345/343/42
f 339/338/32 345/343/42 346/339/98
f 335/341/34 333/344/94 343/347/46
f 335/341/34 343/347/46 344/342/100
f 331/345/109 329/348/35 341/349/47
f 331/345/109 341/349/47 342/346/101
f 345/343/42 344/342/100 351/350/48
f 345/343/42 351/350/48 352/351/49
f 343/347/46 342/346/101 349/352/50
f 343/347/46 349/352/50 350/353/51
f 341/349/47 340/336/97 347/354/52
f 341/349/47 347/354/52 348/355/102
f 346/339/98 345/343/42 352/351/49
f 346/339/98 352/351/49 353/356/54
f 344/342/100 343/347/46 350/353/51
f 344/342/100 350/353/51 351/350/48
f 342/346/101 341/349/47 348/355/102
f 342/346/101 348/355/102 349/352/50
f 340/336/97 298/335/10 347/354/52
f 304/337/12 346/339/98 353/356/54
f 353/356/54 352/351/49 359/357/55
f 353/356/54 359/357/55 360/358/103
f 351/350/48 350/353/51 357/359/57
f 351/350/48 357/359/57 358/360/58
f 349/352/50 348/355/102 355/361/104
f 349/352/50 355/361/104 356/362/60
f 347/354/52 298/335/10 354/363/81
f 304/337/12 353/356/54 360/358/103
f 352/351/49 351/350/48 358/360/58
f 352/351/49 358/360/58 359/357/55
f 350/353/51 349/352/50 356/362/60
f 350/353/51 356/362/60 357/359/57
f 348/355/102 347/354/52 354/363/81
f 348/355/102 354/363/81 355/361/104
f 358/360/58 357/359/57 364/364/62
f 358/360/58 364/364/62 365/365/110
f 356/362/60 355/361/104 362/366/105
f 356/362/60 362/366/105 363/367/65
f 354/363/81 298/335/10 361/368/66
f 304/337/12 360/358/103 367/369/67
f 359/357/55 358/360/58 365/365/110
f 359/357/55 365/365/110 366/370/78
f 357/359/57 356/362/60 363/367/65
f 357/359/57 363/367/65 364/364/62
f 355/361/104 354/363/81 361/368/66
f 355/361/104 361/368/66 362/366/105
f 360/358/103 359/357/55 366/370/78
f 360/358/103 366/370/78 367/369/67
f 375/371/111 383/372/112 382/373/113
f 375/371/111 382/373/113 374/374/114
f 373/375/115 381/376/116 380/377/117
f 373/375/115 380/377/117 443/378/118
f 442/379/119 379/380/120 371/381/121
f 378/382/122 385/383/123 376/384/124
f 444/385/125 384/386/126 383/372/112
f 444/385/125 383/372/112 375/371/111
f 374/374/114 382/373/113 381/376/116
f 374/374/114 381/376/116 373/375/115
f 443/378/118 380/377/117 379/380/120
f 443/378/118 379/380/120 442/379/119
f 376/384/124 385/383/123 384/386/126
f 376/384/124 384/386/126 444/385/125
f 378/382/122 392/387/127 385/383/123
f 384/386/126 391/388/128 390/389/129
f 384/386/126 390/389/129 383/372/112
f 382/373/113 389/390/130 388/391/131
f 382/373/113 388/391/131 381/376/116
f 380/377/117 387/392/132 386/393/133
f 380/377/117 386/393/133 379/380/120
f 385/383/123 392/387/127 391/388/128
f 385/383/123 391/388/128 384/386/126
f 383/372/112 390/389/129 389/390/130
f 383/372/112 389/390/130 382/373/113
f 381/376/116 388/391/131 387/392/132
f 381/376/116 387/392/132 380/377/117
f 379/380/120 386/393/133 371/381/121
f 387/392/132 394/394/134 393/395/135
f 387/392/132 393/395/135 386/393/133
f 392/387/127 399/396/136 398/397/137
f 392/387/127 398/397/137 391/388/128
f 390/389/129 397/398/138 396/399/139
f 390/389/129 396/399/139 389/390/130
f 388/391/131 395/400/140 394/394/134
f 388/391/131 394/394/134 387/392/132
f 386/393/133 393/395/135 371/381/121
f 378/382/122 399/396/136 392/387/127
f 391/388/128 398/397/137 397/398/138
f 391/388/128 397/398/138 390/389/129
f 389/390/130 396/399/139 395/400/140
f 389/390/130 395/400/140 388/391/131
f 399/396/136 413/401/141 410/402/142
f 399/396/136 410/402/142 398/397/137
f 397/398/138 408/403/143 406/404/144
f 397/398/138 406/404/144 396/399/139
f 395/400/140 404/405/145 402/406/146
f 395/400/140 402/406/146 394/394/134
f 393/395/135 400/407/147 371/381/121
f 378/382/122 413/401/141 399/396/136
f 398/397/137 410/402/142 408/403/143
f 398/397/137 408/403/143 397/398/138
f 396/399/139 406/404/144 404/405/145
f 396/399/139 404/405/145 395/400/140
f 394/394/134 402/406/146 400/407/147
f 394/394/134 400/407/147 393/395/135
f 401/408/147 414/409/148 372/410/121
f 377/411/122 420/412/149 412/413/141
f 411/414/150 419/415/151 418/416/152
f 411/414/150 418/416/152 409/417/143
f 407/418/144 417/419/153 416/420/154
f 407/418/144 416/420/154 405/421/145
f 403/422/155 415/423/156 414/409/148
f 403/422/155 414/409/148 401/408/147
f 412/413/141 420/412/149 419/415/151
f 412/413/141 419/415/151 411/414/150
f 409/417/143 418/416/152 417/419/153
f 409/417/143 417/419/153 407/418/144
f 405/421/145 416/420/154 415/423/156
f 405/421/145 415/423/156 403/422/155
f 419/415/151 426/424/157 425/425/158
f 419/415/151 425/425/158 418/416/152
f 417/419/153 424/426/159 423/427/160
f 417/419/153 423/427/160 416/420/154
f 415/423/156 422/428/161 421/429/162
f 415/423/156 421/429/162 414/409/148
f 420/412/149 427/430/163 426/424/157
f 420/412/149 426/424/157 419/415/151
f 418/416/152 425/425/158 424/426/159
f 418/416/152 424/426/159 417/419/153
f 416/420/154 423/427/160 422/428/161
f 416/420/154 422/428/161 415/423/156
f 414/409/148 421/429/162 372/410/121
f 377/411/122 427/430/163 420/412/149
f 427/430/163 434/431/164 433/432/165
f 427/430/163 433/432/165 426/424/157
f 425/425/158 432/433/166 431/434/167
f 425/425/158 431/434/167 424/426/159
f 423/427/160 430/435/168 429/436/169
f 423/427/160 429/436/169 422/428/161
f 421/429/162 428/437/170 372/410/121
f 377/411/122 434/431/164 427/430/163
f 426/424/157 433/432/165 432/433/166
f 426/424/157 432/433/166 425/425/158
f 424/426/159 431/434/167 430/435/168
f 424/426/159 430/435/168 423/427/160
f 422/428/161 429/436/169 428/437/170
f 422/428/161 428/437/170 421/429/162
f 432/433/166 439/438/171 438/439/172
f 432/433/166 438/439/172 431/434/167
f 430/435/168 437/440/173 436/441/174
f 430/435/168 436/441/174 429/436/169
f 428/437/170 435/442/175 372/410/121
f 377/411/122 441/443/176 434/431/164
f 433/432/165 440/444/177 439/438/171
f 433/432/165 439/438/171 432/433/166
f 431/434/167 438/439/172 437/440/173
f 431/434/167 437/440/173 430/435/168
f 429/436/169 436/441/174 435/442/175
f 429/436/169 435/442/175 428/437/170
f 434/431/164 441/443/176 440/444/177
f 434/431/164 440/444/177 433/432/165
f 449/445/111 457/446/112 456/447/113
f 449/445/111 456/447/113 448/448/114
f 447/449/115 455/450/116 454/451/117
f 447/449/115 454/451/117 517/452/178
f 516/453/119 453/454/120 446/455/121
f 452/456/122 459/457/123 450/458/124
f 518/459/125 458/460/126 457/446/112
f 518/459/125 457/446/112 449/445/111
f 448/448/114 456/447/113 455/450/116
f 448/448/114 455/450/116 447/449/115
f 517/452/178 454/451/117 453/454/120
f 517/452/178 453/454/120 516/453/119
f 450/458/124 459/457/123 458/460/126
f 450/458/124 458/460/126 518/459/125
f 452/456/122 466/461/127 459/457/123
f 458/460/126 465/462/128 464/463/129
f 458/460/126 464/463/129 457/446/112
f 456/447/113 463/464/130 462/465/131
f 456/447/113 462/465/131 455/450/116
f 454/451/117 461/466/179 460/467/133
f 454/451/117 460/467/133 453/454/120
f 459/457/123 466/461/127 465/462/128
f 459/457/123 465/462/128 458/460/126
f 457/446/112 464/463/129 463/464/130
f 457/446/112 463/464/130 456/447/113
f 455/450/116 462/465/131 461/466/179
f 455/450/116 461/466/179 454/451/117
f 453/454/120 460/467/133 446/455/121
f 461/466/179 468/468/134 467/469/180
f 461/466/179 467/469/180 460/467/133
f 466/461/127 473/470/136 472/471/137
f 466/461/127 472/471/137 465/462/128
f 464/463/129 471/472/138 470/473/139
f 464/463/129 470/473/139 463/464/130
f 462/465/131 469/474/140 468/468/134
f 462/465/131 468/468/134 461/466/179
f 460/467/133 467/469/180 446/455/121
f 452/456/122 473/470/136 466/461/127
f 465/462/128 472/471/137 471/472/138
f 465/462/128 471/472/138 464/463/129
f 463/464/130 470/473/139 469/474/140
f 463/464/130 469/474/140 462/465/131
f 473/470/136 487/475/181 485/476/182
f 473/470/136 485/476/182 472/471/137
f 471/472/138 483/477/143 481/478/183
f 471/472/138 481/478/183 470/473/139
f 469/474/140 479/479/145 477/480/184
f 469/474/140 477/480/184 468/468/134
f 467/469/180 475/481/147 446/455/121
f 452/456/122 487/475/181 473/470/136
f 472/471/137 485/476/182 483/477/143
f 472/471/137 483/477/143 471/472/138
f 470/473/139 481/478/183 479/479/145
f 470/473/139 479/479/145 469/474/140
f 468/468/134 477/480/184 475/481/147
f 468/468/134 475/481/147 467/469/180
f 474/482/185 488/483/148 445/484/121
f 451/485/122 494/486/149 486/487/141
f 484/488/186 493/489/151 492/490/152
f 484/488/186 492/490/152 482/491/143
f 480/492/187 491/493/153 490/494/154
f 480/492/187 490/494/154 478/495/145
f 476/496/188 489/497/156 488/483/148
f 476/496/188 488/483/148 474/482/185
f 486/487/141 494/486/149 493/489/151
f 486/487/141 493/489/151 484/488/186
f 482/491/143 492/490/152 491/493/153
f 482/491/143 491/493/153 480/492/187
f 478/495/145 490/494/154 489/497/156
f 478/495/145 489/497/156 476/496/188
f 493/489/151 500/498/157 499/499/158
f 493/489/151 499/499/158 492/490/152
f 491/493/153 498/500/159 497/501/160
f 491/493/153 497/501/160 490/494/154
f 489/497/156 496/502/161 495/503/162
f 489/497/156 495/503/162 488/483/148
f 494/486/149 501/504/163 500/498/157
f 494/486/149 500/498/157 493/489/151
f 492/490/152 499/499/158 498/500/159
f 492/490/152 498/500/159 491/493/153
f 490/494/154 497/501/160 496/502/161
f 490/494/154 496/502/161 489/497/156
f 488/483/148 495/503/162 445/484/121
f 451/485/122 501/504/163 494/486/149
f 501/504/163 508/505/164 507/506/165
f 501/504/163 507/506/165 500/498/157
f 499/499/158 506/507/166 505/508/167
f 499/499/158 505/508/167 498/500/159
f 497/501/160 504/509/168 503/510/169
f 497/501/160 503/510/169 496/502/161
f 495/503/162 502/511/170 445/484/121
f 451/485/122 508/505/164 501/504/163
f 500/498/157 507/506/165 506/507/166
f 500/498/157 506/507/166 499/499/158
f 498/500/159 505/508/167 504/509/168
f 498/500/159 504/509/168 497/501/160
f 496/502/161 503/510/169 502/511/170
f 496/502/161 502/511/170 495/503/162
f 506/507/166 513/512/171 512/513/172
f 506/507/166 512/513/172 505/508/167
f 504/509/168 511/514/189 510/515/190
f 504/509/168 510/515/190 503/510/169
f 502/511/170 509/516/175 445/484/121
f 451/485/122 515/517/176 508/505/164
f 507/506/165 514/518/191 513/512/171
f 507/506/165 513/512/171 506/507/166
f 505/508/167 512/513/172 511/514/189
f 505/508/167 511/514/189 504/509/168
f 503/510/169 510/515/190 509/516/175
f 503/510/169 509/516/175 502/511/170
f 508/505/164 515/517/176 514/518/191
f 508/505/164 514/518/191 507/506/165
f 523/519/192 531/520/112 530/521/113
f 523/519/192 530/521/113 522/522/114
f 521/523/115 529/524/116 528/525/117
f 521/523/115 528/525/117 591/526/193
f 590/527/119 527/528/120 519/529/121
f 525/530/122 533/531/123 524/532/124
f 592/533/194 532/534/126 531/520/112
f 592/533/194 531/520/112 523/519/192
f 522/522/114 530/521/113 529/524/116
f 522/522/114 529/524/116 521/523/115
f 591/526/193 528/525/117 527/528/120
f 591/526/193 527/528/120 590/527/119
f 524/532/124 533/531/123 532/534/126
f 524/532/124 532/534/126 592/533/194
f 525/530/122 540/535/127 533/531/123
f 532/534/126 539/536/128 538/537/129
f 532/534/126 538/537/129 531/520/112
f 530/521/113 537/538/130 536/539/131
f 530/521/113 536/539/131 529/524/116
f 528/525/117 535/540/132 534/541/133
f 528/525/117 534/541/133 527/528/120
f 533/531/123 540/535/127 539/536/128
f 533/531/123 539/536/128 532/534/126
f 531/520/112 538/537/129 537/538/130
f 531/520/112 537/538/130 530/521/113
f 529/524/116 536/539/131 535/540/132
f 529/524/116 535/540/132 528/525/117
f 527/528/120 534/541/133 519/529/121
f 535/540/132 542/542/195 541/543/180
f 535/540/132 541/543/180 534/541/133
f 540/535/127 547/544/136 546/545/137
f 540/535/127 546/545/137 539/536/128
f 538/537/129 545/546/138 544/547/139
f 538/537/129 544/547/139 537/538/130
f 536/539/131 543/548/140 542/542/195
f 536/539/131 542/542/195 535/540/132
f 534/541/133 541/543/180 519/529/121
f 525/530/122 547/544/136 540/535/127
f 539/536/128 546/545/137 545/546/138
f 539/536/128 545/546/138 538/537/129
f 537/538/130 544/547/139 543/548/140
f 537/538/130 543/548/140 536/539/131
f 547/544/136 560/549/181 558/550/182
f 547/544/136 558/550/182 546/545/137
f 545/546/138 556/551/143 554/552/183
f 545/546/138 554/552/183 544/547/139
f 543/548/140 552/553/145 550/554/184
f 543/548/140 550/554/184 542/542/195
f 541/543/180 548/555/147 519/529/121
f 525/530/122 560/549/181 547/544/136
f 546/545/137 558/550/182 556/551/143
f 546/545/137 556/551/143 545/546/138
f 544/547/139 554/552/183 552/553/145
f 544/547/139 552/553/145 543/548/140
f 542/542/195 550/554/184 548/555/147
f 542/542/195 548/555/147 541/543/180
f 549/556/185 562/557/148 520/558/121
f 526/559/122 568/560/149 561/561/141
f 559/562/186 567/563/151 566/564/152
f 559/562/186 566/564/152 557/565/196
f 555/566/144 565/567/153 564/568/154
f 555/566/144 564/568/154 553/569/145
f 551/570/188 563/571/156 562/557/148
f 551/570/188 562/557/148 549/556/185
f 561/561/141 568/560/149 567/563/151
f 561/561/141 567/563/151 559/562/186
f 557/565/196 566/564/152 565/567/153
f 557/565/196 565/567/153 555/566/144
f 553/569/145 564/568/154 563/571/156
f 553/569/145 563/571/156 551/570/188
f 567/563/151 574/572/157 573/573/158
f 567/563/151 573/573/158 566/564/152
f 565/567/153 572/574/159 571/575/160
f 565/567/153 571/575/160 564/568/154
f 563/571/156 570/576/161 569/577/162
f 563/571/156 569/577/162 562/557/148
f 568/560/149 575/578/163 574/572/157
f 568/560/149 574/572/157 567/563/151
f 566/564/152 573/573/158 572/574/159
f 566/564/152 572/574/159 565/567/153
f 564/568/154 571/575/160 570/576/161
f 564/568/154 570/576/161 563/571/156
f 562/557/148 569/577/162 520/558/121
f 526/559/122 575/578/163 568/560/149
f 575/578/163 582/579/164 581/580/165
f 575/578/163 581/580/165 574/572/157
f 573/573/158 580/581/166 579/582/167
f 573/573/158 579/582/167 572/574/159
f 571/575/160 578/583/168 577/584/169
f 571/575/160 577/584/169 570/576/161
f 569/577/162 576/585/170 520/558/121
f 526/559/122 582/579/164 575/578/163
f 574/572/157 581/580/165 580/581/166
f 574/572/157 580/581/166 573/573/158
f 572/574/159 579/582/167 578/583/168
f 572/574/159 578/583/168 571/575/160
f 570/576/161 577/584/169 576/585/170
f 570/576/161 576/585/170 569/577/162
f 580/581/166 587/586/171 586/587/172
f 580/581/166 586/587/172 579/582/167
f 578/583/168 585/588/189 584/589/197
f 578/583/168 584/589/197 577/584/169
f 576/585/170 583/590/175 520/558/121
f 526/559/122 589/591/176 582/579/164
f 581/580/165 588/592/191 587/586/171
f 581/580/165 587/586/171 580/581/166
f 579/582/167 586/587/172 585/588/189
f 579/582/167 585/588/189 578/583/168
f 577/584/169 584/589/197 583/590/175
f 577/584/169 583/590/175 576/585/170
f 582/579/164 589/591/176 588/592/191
f 582/579/164 588/592/191 581/580/165
f 597/593/111 605/594/112 604/595/113
f 597/593/111 604/595/113 596/596/114
f 595/597/198 603/598/199 602/599/117
f 595/597/198 602/599/117 665/600/118
f 664/601/119 601/602/120 594/603/121
f 600/604/122 607/605/123 598/606/124
f 666/607/125 606/608/126 605/594/112
f 666/607/125 605/594/112 597/593/111
f 596/596/114 604/595/113 603/598/199
f 596/596/114 603/598/199 595/597/198
f 665/600/118 602/599/117 601/602/120
f 665/600/118 601/602/120 664/601/119
f 598/606/124 607/605/123 606/608/126
f 598/606/124 606/608/126 666/607/125
f 600/604/122 614/609/127 607/605/123
f 606/608/126 613/610/128 612/611/129
f 606/608/126 612/611/129 605/594/112
f 604/595/113 611/612/130 610/613/131
f 604/595/113 610/613/131 603/598/199
f 602/599/117 609/614/179 608/615/133
f 602/599/117 608/615/133 601/602/120
f 607/605/123 614/609/127 613/610/128
f 607/605/123 613/610/128 606/608/126
f 605/594/112 612/611/129 611/612/130
f 605/594/112 611/612/130 604/595/113
f 603/598/199 610/613/131 609/614/179
f 603/598/199 609/614/179 602/599/117
f 601/602/120 608/615/133 594/603/121
f 609/614/179 616/616/134 615/617/135
f 609/614/179 615/617/135 608/615/133
f 614/609/127 621/618/136 620/619/137
f 614/609/127 620/619/137 613/610/128
f 612/611/129 619/620/200 618/621/139
f 612/611/129 618/621/139 611/612/130
f 610/613/131 617/622/140 616/616/134
f 610/613/131 616/616/134 609/614/179
f 608/615/133 615/617/135 594/603/121
f 600/604/122 621/618/136 614/609/127
f 613/610/128 620/619/137 619/620/200
f 613/610/128 619/620/200 612/611/129
f 611/612/130 618/621/139 617/622/140
f 611/612/130 617/622/140 610/613/131
f 621/618/136 635/623/141 633/624/142
f 621/618/136 633/624/142 620/619/137
f 619/620/200 631/625/201 629/626/144
f 619/620/200 629/626/144 618/621/139
f 617/622/140 627/627/145 625/628/184
f 617/622/140 625/628/184 616/616/134
f 615/617/135 623/629/147 594/603/121
f 600/604/122 635/623/141 621/618/136
f 620/619/137 633/624/142 631/625/201
f 620/619/137 631/625/201 619/620/200
f 618/621/139 629/626/144 627/627/145
f 618/621/139 627/627/145 617/622/140
f 616/616/134 625/628/184 623/629/147
f 616/616/134 623/629/147 615/617/135
f 622/630/147 636/631/148 593/632/121
f 599/633/122 642/634/149 634/635/141
f 632/636/202 641/637/151 640/638/152
f 632/636/202 640/638/152 630/639/143
f 628/640/144 639/641/153 638/642/203
f 628/640/144 638/642/203 626/643/204
f 624/644/205 637/645/156 636/631/148
f 624/644/205 636/631/148 622/630/147
f 634/635/141 642/634/149 641/637/151
f 634/635/141 641/637/151 632/636/202
f 630/639/143 640/638/152 639/641/153
f 630/639/143 639/641/153 628/640/144
f 626/643/204 638/642/203 637/645/156
f 626/643/204 637/645/156 624/644/205
f 641/637/151 648/646/157 647/647/158
f 641/637/151 647/647/158 640/638/152
f 639/641/153 646/648/159 645/649/160
f 639/641/153 645/649/160 638/642/203
f 637/645/156 644/650/161 643/651/162
f 637/645/156 643/651/162 636/631/148
f 642/634/149 649/652/163 648/646/157
f 642/634/149 648/646/157 641/637/151
f 640/638/152 647/647/158 646/648/159
f 640/638/152 646/648/159 639/641/153
f 638/642/203 645/649/160 644/650/161
f 638/642/203 644/650/161 637/645/156
f 636/631/148 643/651/162 593/632/121
f 599/633/122 649/652/163 642/634/149
f 649/652/163 656/653/164 655/654/165
f 649/652/163 655/654/165 648/646/157
f 647/647/158 654/655/206 653/656/167
f 647/647/158 653/656/167 646/648/159
f 645/649/160 652/657/207 651/658/169
f 645/649/160 651/658/169 644/650/161
f 643/651/162 650/659/170 593/632/121
f 599/633/122 656/653/164 649/652/163
f 648/646/157 655/654/165 654/655/206
f 648/646/157 654/655/206 647/647/158
f 646/648/159 653/656/167 652/657/207
f 646/648/159 652/657/207 645/649/160
f 644/650/161 651/658/169 650/659/170
f 644/650/161 650/659/170 643/651/162
f 654/655/206 661/660/171 660/661/172
f 654/655/206 660/661/172 653/656/167
f 652/657/207 659/662/173 658/663/190
f 652/657/207 658/663/190 651/658/169
f 650/659/170 657/664/175 593/632/121
f 599/633/122 663/665/176 656/653/164
f 655/654/165 662/666/191 661/660/171
f 655/654/165 661/660/171 654/655/206
f 653/656/167 660/661/172 659/662/173
f 653/656/167 659/662/173 652/657/207
f 651/658/169 658/663/190 657/664/175
f 651/658/169 657/664/175 650/659/170
f 656/653/164 663/665/176 662/666/191
f 656/653/164 662/666/191 655/654/165
f 671/667/111 679/668/208 678/669/113
f 671/667/111 678/669/113 670/670/114
f 669/671/198 677/672/199 676/673/117
f 669/671/198 676/673/117 739/674/118
f 738/675/119 675/676/120 668/677/121
f 674/678/122 681/679/123 672/680/124
f 740/681/125 680/682/126 679/668/208
f 740/681/125 679/668/208 671/667/111
f 670/670/114 678/669/113 677/672/199
f 670/670/114 677/672/199 669/671/198
f 739/674/118 676/673/117 675/676/120
f 739/674/118 675/676/120 738/675/119
f 672/680/124 681/679/123 680/682/126
f 672/680/124 680/682/126 740/681/125
f 674/678/122 688/683/127 681/679/123
f 680/682/126 687/684/128 686/685/129
f 680/682/126 686/685/129 679/668/208
f 678/669/113 685/686/130 684/687/131
f 678/669/113 684/687/131 677/672/199
f 676/673/117 683/688/179 682/689/133
f 676/673/117 682/689/133 675/676/120
f 681/679/123 688/683/127 687/684/128
f 681/679/123 687/684/128 680/682/126
f 679/668/208 686/685/129 685/686/130
f 679/668/208 685/686/130 678/669/113
f 677/672/199 684/687/131 683/688/179
f 677/672/199 683/688/179 676/673/117
f 675/676/120 682/689/133 668/677/121
f 683/688/179 690/690/195 689/691/135
f 683/688/179 689/691/135 682/689/133
f 688/683/127 695/692/136 694/693/137
f 688/683/127 694/693/137 687/684/128
f 686/685/129 693/694/200 692/695/139
f 686/685/129 692/695/139 685/686/130
f 684/687/131 691/696/140 690/690/195
f 684/687/131 690/690/195 683/688/179
f 682/689/133 689/691/135 668/677/121
f 674/678/122 695/692/136 688/683/127
f 687/684/128 694/693/137 693/694/200
f 687/684/128 693/694/200 686/685/129
f 685/686/130 692/695/139 691/696/140
f 685/686/130 691/696/140 684/687/131
f 695/692/136 709/697/141 707/698/142
f 695/692/136 707/698/142 694/693/137
f 693/694/200 705/699/201 703/700/144
f 693/694/200 703/700/144 692/695/139
f 691/696/140 701/701/145 699/702/184
f 691/696/140 699/702/184 690/690/195
f 689/691/135 697/703/147 668/677/121
f 674/678/122 709/697/141 695/692/136
f 694/693/137 707/698/142 705/699/201
f 694/693/137 705/699/201 693/694/200
f 692/695/139 703/700/144 701/701/145
f 692/695/139 701/701/145 691/696/140
f 690/690/195 699/702/184 697/703/147
f 690/690/195 697/703/147 689/691/135
f 696/704/147 710/705/148 667/706/121
f 673/707/122 716/708/149 708/709/141
f 706/710/186 715/711/209 714/712/210
f 706/710/186 714/712/210 704/713/143
f 702/714/144 713/715/153 712/716/203
f 702/714/144 712/716/203 700/717/204
f 698/718/205 711/719/156 710/705/148
f 698/718/205 710/705/148 696/704/147
f 708/709/141 716/708/149 715/711/209
f 708/709/141 715/711/209 706/710/186
f 704/713/143 714/712/210 713/715/153
f 704/713/143 713/715/153 702/714/144
f 700/717/204 712/716/203 711/719/156
f 700/717/204 711/719/156 698/718/205
f 715/711/209 722/720/157 721/721/158
f 715/711/209 721/721/158 714/712/210
f 713/715/153 720/722/159 719/723/160
f 713/715/153 719/723/160 712/716/203
f 711/719/156 718/724/161 717/725/162
f 711/719/156 717/725/162 710/705/148
f 716/708/149 723/726/163 722/720/157
f 716/708/149 722/720/157 715/711/209
f 714/712/210 721/721/158 720/722/159
f 714/712/210 720/722/159 713/715/153
f 712/716/203 719/723/160 718/724/161
f 712/716/203 718/724/161 711/719/156
f 710/705/148 717/725/162 667/706/121
f 673/707/122 723/726/163 716/708/149
f 723/726/163 730/727/164 729/728/165
f 723/726/163 729/728/165 722/720/157
f 721/721/158 728/729/206 727/730/167
f 721/721/158 727/730/167 720/722/159
f 719/723/160 726/731/207 725/732/169
f 719/723/160 725/732/169 718/724/161
f 717/725/162 724/733/170 667/706/121
f 673/707/122 730/727/164 723/726/163
f 722/720/157 729/728/165 728/729/206
f 722/720/157 728/729/206 721/721/158
f 720/722/159 727/730/167 726/731/207
f 720/722/159 726/731/207 719/723/160
f 718/724/161 725/732/169 724/733/170
f 718/724/161 724/733/170 717/725/162
f 728/729/206 735/734/171 734/735/172
f 728/729/206 734/735/172 727/730/167
f 726/731/207 733/736/189 732/737/190
f 726/731/207 732/737/190 725/732/169
f 724/733/170 731/738/175 667/706/121
f 673/707/122 737/739/176 730/727/164
f 729/728/165 736/740/211 735/734/171
f 729/728/165 735/734/171 728/729/206
f 727/730/167 734/735/172 733/736/189
f 727/730/167 733/736/189 726/731/207
f 725/732/169 732/737/190 731/738/175
f 725/732/169 731/738/175 724/733/170
f 730/727/164 737/739/176 736/740/211
f 730/727/164 736/740/211 729/728/165
f 745/741/63 753/742/58 752/743/57
f 745/741/63 752/743/57 744/744/62
f 743/745/65 751/746/60 750/747/59
f 743/745/65 750/747/59 813/748/64
f 812/749/66 749/750/61 741/751/10
f 748/752/12 755/753/56 746/754/67
f 814/755/68 754/756/55 753/742/58
f 814/755/68 753/742/58 745/741/63
f 744/744/62 752/743/57 751/746/60
f 744/744/62 751/746/60 743/745/65
f 813/748/64 750/747/59 749/750/61
f 813/748/64 749/750/61 812/749/66
f 746/754/67 755/753/56 754/756/55
f 746/754/67 754/756/55 814/755/68
f 748/752/12 762/757/54 755/753/56
f 754/756/55 761/758/212 760/759/48
f 754/756/55 760/759/48 753/742/58
f 752/743/57 759/760/51 758/761/50
f 752/743/57 758/761/50 751/746/60
f 750/747/59 757/762/102 756/763/52
f 750/747/59 756/763/52 749/750/61
f 755/753/56 762/757/54 761/758/212
f 755/753/56 761/758/212 754/756/55
f 753/742/58 760/759/48 759/760/51
f 753/742/58 759/760/51 752/743/57
f 751/746/60 758/761/50 757/762/102
f 751/746/60 757/762/102 750/747/59
f 749/750/61 756/763/52 741/751/10
f 757/762/102 764/764/76 763/765/38
f 757/762/102 763/765/38 756/763/52
f 762/757/54 769/766/39 768/767/42
f 762/757/54 768/767/42 761/758/212
f 760/759/48 767/768/100 766/769/46
f 760/759/48 766/769/46 759/760/51
f 758/761/50 765/770/45 764/764/76
f 758/761/50 764/764/76 757/762/102
f 756/763/52 763/765/38 741/751/10
f 748/752/12 769/766/39 762/757/54
f 761/758/212 768/767/42 767/768/100
f 761/758/212 767/768/100 760/759/48
f 759/760/51 766/769/46 765/770/45
f 759/760/51 765/770/45 758/761/50
f 769/766/39 783/771/32 780/772/31
f 769/766/39 780/772/31 768/767/42
f 767/768/100 778/773/34 776/774/43
f 767/768/100 776/774/43 766/769/46
f 765/770/45 774/775/109 772/776/35
f 765/770/45 772/776/35 764/764/76
f 763/765/38 770/777/37 741/751/10
f 748/752/12 783/771/32 769/766/39
f 768/767/42 780/772/31 778/773/34
f 768/767/42 778/773/34 767/768/100
f 766/769/46 776/774/43 774/775/109
f 766/769/46 774/775/109 765/770/45
f 764/764/76 772/776/35 770/777/37
f 764/764/76 770/777/37 763/765/38
f 771/778/37 784/779/24 742/780/10
f 747/781/12 790/782/27 782/783/32
f 781/784/92 789/785/72 788/786/90
f 781/784/92 788/786/90 779/787/79
f 777/788/33 787/789/28 786/790/91
f 777/788/33 786/790/91 775/791/44
f 773/792/35 785/793/108 784/779/24
f 773/792/35 784/779/24 771/778/37
f 782/783/32 790/782/27 789/785/72
f 782/783/32 789/785/72 781/784/92
f 779/787/79 788/786/90 787/789/28
f 779/787/79 787/789/28 777/788/33
f 775/791/44 786/790/91 785/793/108
f 775/791/44 785/793/108 773/792/35
f 789/785/72 796/794/87 795/795/18
f 789/785/72 795/795/18 788/786/90
f 787/789/28 794/796/21 793/797/20
f 787/789/28 793/797/20 786/790/91
f 785/793/108 792/798/23 791/799/22
f 785/793/108 791/799/22 784/779/24
f 790/782/27 797/800/17 796/794/87
f 790/782/27 796/794/87 789/785/72
f 788/786/90 795/795/18 794/796/21
f 788/786/90 794/796/21 787/789/28
f 786/790/91 793/797/20 792/798/23
f 786/790/91 792/798/23 785/793/108
f 784/779/24 791/799/22 742/780/10
f 747/781/12 797/800/17 790/782/27
f 797/800/17 804/801/14 803/802/16
f 797/800/17 803/802/16 796/794/87
f 795/795/18 802/803/4 801/804/3
f 795/795/18 801/804/3 794/796/21
f 793/797/20 800/805/8 799/806/7
f 793/797/20 799/806/7 792/798/23
f 791/799/22 798/807/11 742/780/10
f 747/781/12 804/801/14 797/800/17
f 796/794/87 803/802/16 802/803/4
f 796/794/87 802/803/4 795/795/18
f 794/796/21 801/804/3 800/805/8
f 794/796/21 800/805/8 793/797/20
f 792/798/23 799/806/7 798/807/11
f 792/798/23 798/807/11 791/799/22
f 802/803/4 809/808/69 808/809/2
f 802/803/4 808/809/2 801/804/3
f 800/805/8 807/810/5 806/811/213
f 800/805/8 806/811/213 799/806/7
f 798/807/11 805/812/9 742/780/10
f 747/781/12 811/813/13 804/801/14
f 803/802/16 810/814/214 809/808/69
f 803/802/16 809/808/69 802/803/4
f 801/804/3 808/809/2 807/810/5
f 801/804/3 807/810/5 800/805/8
f 799/806/7 806/811/213 805/812/9
f 799/806/7 805/812/9 798/807/11
f 804/801/14 811/813/13 810/814/214
f 804/801/14 810/814/214 803/802/16
f 819/815/110 827/816/58 826/817/57
f 819/815/110 826/817/57 818/818/62
f 817/819/65 825/820/60 824/821/104
f 817/819/65 824/821/104 887/822/215
f 886/823/216 823/824/81 816/825/10
f 822/826/12 829/827/103 820/828/67
f 888/829/68 828/830/55 827/816/58
f 888/829/68 827/816/58 819/815/110
f 818/818/62 826/817/57 825/820/60
f 818/818/62 825/820/60 817/819/65
f 887/822/215 824/821/104 823/824/81
f 887/822/215 823/824/81 886/823/216
f 820/828/67 829/827/103 828/830/55
f 820/828/67 828/830/55 888/829/68
f 822/826/12 836/831/54 829/827/103
f 828/830/55 835/832/49 834/833/48
f 828/830/55 834/833/48 827/816/58
f 826/817/57 833/834/51 832/835/50
f 826/817/57 832/835/50 825/820/60
f 824/821/104 831/836/102 830/837/52
f 824/821/104 830/837/52 823/824/81
f 829/827/103 836/831/54 835/832/49
f 829/827/103 835/832/49 828/830/55
f 827/816/58 834/833/48 833/834/51
f 827/816/58 833/834/51 826/817/57
f 825/820/60 832/835/50 831/836/102
f 825/820/60 831/836/102 824/821/104
f 823/824/81 830/837/52 816/825/10
f 831/836/102 838/838/76 837/839/38
f 831/836/102 837/839/38 830/837/52
f 836/831/54 843/840/39 842/841/42
f 836/831/54 842/841/42 835/832/49
f 834/833/48 841/842/100 840/843/46
f 834/833/48 840/843/46 833/834/51
f 832/835/50 839/844/101 838/838/76
f 832/835/50 838/838/76 831/836/102
f 830/837/52 837/839/38 816/825/10
f 822/826/12 843/840/39 836/831/54
f 835/832/49 842/841/42 841/842/100
f 835/832/49 841/842/100 834/833/48
f 833/834/51 840/843/46 839/844/101
f 833/834/51 839/844/101 832/835/50
f 843/840/39 857/845/93 855/846/31
f 843/840/39 855/846/31 842/841/42
f 841/842/100 853/847/34 851/848/43
f 841/842/100 851/848/43 840/843/46
f 839/844/101 849/849/44 847/850/75
f 839/844/101 847/850/75 838/838/76
f 837/839/38 845/851/37 816/825/10
f 822/826/12 857/845/93 843/840/39
f 842/841/42 855/846/31 853/847/34
f 842/841/42 853/847/34 841/842/100
f 840/843/46 851/848/43 849/849/44
f 840/843/46 849/849/44 839/844/101
f 838/838/76 847/850/75 845/851/37
f 838/838/76 845/851/37 837/839/38
f 844/852/96 858/853/24 815/854/10
f 821/855/12 864/856/27 856/857/32
f 854/858/92 863/859/72 862/860/90
f 854/858/92 862/860/90 852/861/34
f 850/862/33 861/863/28 860/864/91
f 850/862/33 860/864/91 848/865/44
f 846/866/35 859/867/25 858/853/24
f 846/866/35 858/853/24 844/852/96
f 856/857/32 864/856/27 863/859/72
f 856/857/32 863/859/72 854/858/92
f 852/861/34 862/860/90 861/863/28
f 852/861/34 861/863/28 850/862/33
f 848/865/44 860/864/91 859/867/25
f 848/865/44 859/867/25 846/866/35
f 863/859/72 870/868/87 869/869/18
f 863/859/72 869/869/18 862/860/90
f 861/863/28 868/870/21 867/871/20
f 861/863/28 867/871/20 860/864/91
f 859/867/25 866/872/23 865/873/22
f 859/867/25 865/873/22 858/853/24
f 864/856/27 871/874/17 870/868/87
f 864/856/27 870/868/87 863/859/72
f 862/860/90 869/869/18 868/870/21
f 862/860/90 868/870/21 861/863/28
f 860/864/91 867/871/20 866/872/23
f 860/864/91 866/872/23 859/867/25
f 858/853/24 865/873/22 815/854/10
f 821/855/12 871/874/17 864/856/27
f 871/874/17 878/875/14 877/876/16
f 871/874/17 877/876/16 870/868/87
f 869/869/18 876/877/4 875/878/3
f 869/869/18 875/878/3 868/870/21
f 867/871/20 874/879/8 873/880/7
f 867/871/20 873/880/7 866/872/23
f 865/873/22 872/881/11 815/854/10
f 821/855/12 878/875/14 871/874/17
f 870/868/87 877/876/16 876/877/4
f 870/868/87 876/877/4 869/869/18
f 868/870/21 875/878/3 874/879/8
f 868/870/21 874/879/8 867/871/20
f 866/872/23 873/880/7 872/881/11
f 866/872/23 872/881/11 865/873/22
f 876/877/4 883/882/69 882/883/2
f 876/877/4 882/883/2 875/878/3
f 874/879/8 881/884/5 880/885/6
f 874/879/8 880/885/6 873/880/7
f 872/881/11 879/886/9 815/854/10
f 821/855/12 885/887/13 878/875/14
f 877/876/16 884/888/15 883/882/69
f 877/876/16 883/882/69 876/877/4
f 875/878/3 882/883/2 881/884/5
f 875/878/3 881/884/5 874/879/8
f 873/880/7 880/885/6 879/886/9
f 873/880/7 879/886/9 872/881/11
f 878/875/14 885/887/13 884/888/15
f 878/875/14 884/888/15 877/876/16
f 893/889/63 901/890/58 900/891/57
f 893/889/63 900/891/57 892/892/62
f 891/893/82 899/894/60 898/895/104
f 891/893/82 898/895/104 961/896/77
f 960/897/216 897/898/81 889/899/10
f 895/900/12 903/901/56 894/902/67
f 962/903/68 902/904/55 901/890/58
f 962/903/68 901/890/58 893/889/63
f 892/892/62 900/891/57 899/894/60
f 892/892/62 899/894/60 891/893/82
f 961/896/77 898/895/104 897/898/81
f 961/896/77 897/898/81 960/897/216
f 894/902/67 903/901/56 902/904/55
f 894/902/67 902/904/55 962/903/68
f 895/900/12 910/905/54 903/901/56
f 902/904/55 909/906/49 908/907/48
f 902/904/55 908/907/48 901/890/58
f 900/891/57 907/908/51 906/909/50
f 900/891/57 906/909/50 899/894/60
f 898/895/104 905/910/53 904/911/52
f 898/895/104 904/911/52 897/898/81
f 903/901/56 910/905/54 909/906/49
f 903/901/56 909/906/49 902/904/55
f 901/890/58 908/907/48 907/908/51
f 901/890/58 907/908/51 900/891/57
f 899/894/60 906/909/50 905/910/53
f 899/894/60 905/910/53 898/895/104
f 897/898/81 904/911/52 889/899/10
f 905/910/53 912/912/76 911/913/38
f 905/910/53 911/913/38 904/911/52
f 910/905/54 917/914/39 916/915/42
f 910/905/54 916/915/42 909/906/49
f 908/907/48 915/916/100 914/917/46
f 908/907/48 914/917/46 907/908/51
f 906/909/50 913/918/101 912/912/76
f 906/909/50 912/912/76 905/910/53
f 904/911/52 911/913/38 889/899/10
f 895/900/12 917/914/39 910/905/54
f 909/906/49 916/915/42 915/916/100
f 909/906/49 915/916/100 908/907/48
f 907/908/51 914/917/46 913/918/101
f 907/908/51 913/918/101 906/909/50
f 917/914/39 930/919/93 928/920/31
f 917/914/39 928/920/31 916/915/42
f 915/916/100 926/921/40 924/922/43
f 915/916/100 924/922/43 914/917/46
f 913/918/101 922/923/44 920/924/75
f 913/918/101 920/924/75 912/912/76
f 911/913/38 918/925/37 889/899/10
f 895/900/12 930/919/93 917/914/39
f 916/915/42 928/920/31 926/921/40
f 916/915/42 926/921/40 915/916/100
f 914/917/46 924/922/43 922/923/44
f 914/917/46 922/923/44 913/918/101
f 912/912/76 920/924/75 918/925/37
f 912/912/76 918/925/37 911/913/38
f 919/926/96 932/927/24 890/928/10
f 896/929/12 938/930/27 931/931/73
f 929/932/31 937/933/72 936/934/90
f 929/932/31 936/934/90 927/935/34
f 925/936/33 935/937/28 934/938/91
f 925/936/33 934/938/91 923/939/44
f 921/940/95 933/941/108 932/927/24
f 921/940/95 932/927/24 919/926/96
f 931/931/73 938/930/27 937/933/72
f 931/931/73 937/933/72 929/932/31
f 927/935/34 936/934/90 935/937/28
f 927/935/34 935/937/28 925/936/33
f 923/939/44 934/938/91 933/941/108
f 923/939/44 933/941/108 921/940/95
f 937/933/72 944/942/19 943/943/18
f 937/933/72 943/943/18 936/934/90
f 935/937/28 942/944/21 941/945/20
f 935/937/28 941/945/20 934/938/91
f 933/941/108 940/946/23 939/947/217
f 933/941/108 939/947/217 932/927/24
f 938/930/27 945/948/17 944/942/19
f 938/930/27 944/942/19 937/933/72
f 936/934/90 943/943/18 942/944/21
f 936/934/90 942/944/21 935/937/28
f 934/938/91 941/945/20 940/946/23
f 934/938/91 940/946/23 933/941/108
f 932/927/24 939/947/217 890/928/10
f 896/929/12 945/948/17 938/930/27
f 945/948/17 952/949/218 951/950/16
f 945/948/17 951/950/16 944/942/19
f 943/943/18 950/951/4 949/952/3
f 943/943/18 949/952/3 942/944/21
f 941/945/20 948/953/8 947/954/7
f 941/945/20 947/954/7 940/946/23
f 939/947/217 946/955/71 890/928/10
f 896/929/12 952/949/218 945/948/17
f 944/942/19 951/950/16 950/951/4
f 944/942/19 950/951/4 943/943/18
f 942/944/21 949/952/3 948/953/8
f 942/944/21 948/953/8 941/945/20
f 940/946/23 947/954/7 946/955/71
f 940/946/23 946/955/71 939/947/217
f 950/951/4 957/956/69 956/957/2
f 950/951/4 956/957/2 949/952/3
f 948/953/8 955/958/5 954/959/6
f 948/953/8 954/959/6 947/954/7
f 946/955/71 953/960/9 890/928/10
f 896/929/12 959/961/13 952/949/218
f 951/950/16 958/962/15 957/956/69
f 951/950/16 957/956/69 950/951/4
f 949/952/3 956/957/2 955/958/5
f 949/952/3 955/958/5 948/953/8
f 947/954/7 954/959/6 953/960/9
f 947/954/7 953/960/9 946/955/71
f 952/949/218 959/961/13 958/962/15
f 952/949/218 958/962/15 951/950/16
f 967/963/110 975/964/58 974/965/57
f 967/963/110 974/965/57 966/966/62
f 965/967/65 973/968/60 972/969/59
f 965/967/65 972/969/59 1035/970/215
f 1034/971/66 971/972/81 964/973/10
f 970/974/12 977/975/103 968/976/67
f 1036/977/84 976/978/55 975/964/58
f 1036/977/84 975/964/58 967/963/110
f 966/966/62 974/965/57 973/968/60
f 966/966/62 973/968/60 965/967/65
f 1035/970/215 972/969/59 971/972/81
f 1035/970/215 971/972/81 1034/971/66
f 968/976/67 977/975/103 976/978/55
f 968/976/67 976/978/55 1036/977/84
f 970/974/12 984/979/54 977/975/103
f 976/978/55 983/980/212 982/981/48
f 976/978/55 982/981/48 975/964/58
f 974/965/57 981/982/51 980/983/50
f 974/965/57 980/983/50 973/968/60
f 972/969/59 979/984/53 978/985/52
f 972/969/59 978/985/52 971/972/81
f 977/975/103 984/979/54 983/980/212
f 977/975/103 983/980/212 976/978/55
f 975/964/58 982/981/48 981/982/51
f 975/964/58 981/982/51 974/965/57
f 973/968/60 980/983/50 979/984/53
f 973/968/60 979/984/53 972/969/59
f 971/972/81 978/985/52 964/973/10
f 979/984/53 986/986/76 985/987/97
f 979/984/53 985/987/97 978/985/52
f 984/979/54 991/988/98 990/989/219
f 984/979/54 990/989/219 983/980/212
f 982/981/48 989/990/41 988/991/46
f 982/981/48 988/991/46 981/982/51
f 980/983/50 987/992/45 986/986/76
f 980/983/50 986/986/76 979/984/53
f 978/985/52 985/987/97 964/973/10
f 970/974/12 991/988/98 984/979/54
f 983/980/212 990/989/219 989/990/41
f 983/980/212 989/990/41 982/981/48
f 981/982/51 988/991/46 987/992/45
f 981/982/51 987/992/45 980/983/50
f 991/988/98 1005/993/73 1003/994/31
f 991/988/98 1003/994/31 990/989/219
f 989/990/41 1001/995/40 999/996/94
f 989/990/41 999/996/94 988/991/46
f 987/992/45 997/997/44 995/998/95
f 987/992/45 995/998/95 986/986/76
f 985/987/97 993/999/96 964/973/10
f 970/974/12 1005/993/73 991/988/98
f 990/989/219 1003/994/31 1001/995/40
f 990/989/219 1001/995/40 989/990/41
f 988/991/46 999/996/94 997/997/44
f 988/991/46 997/997/44 987/992/45
f 986/986/76 995/998/95 993/999/96
f 986/986/76 993/999/96 985/987/97
f 992/1000/220 1006/1001/88 963/1002/10
f 969/1003/12 1012/1004/89 1004/1005/32
f 1002/1006/31 1011/1007/72 1010/1008/29
f 1002/1006/31 1010/1008/29 1000/1009/34
f 998/1010/94 1009/1011/28 1008/1012/30
f 998/1010/94 1008/1012/30 996/1013/44
f 994/1014/95 1007/1015/25 1006/1001/88
f 994/1014/95 1006/1001/88 992/1000/220
f 1004/1005/32 1012/1004/89 1011/1007/72
f 1004/1005/32 1011/1007/72 1002/1006/31
f 1000/1009/34 1010/1008/29 1009/1011/28
f 1000/1009/34 1009/1011/28 998/1010/94
f 996/1013/44 1008/1012/30 1007/1015/25
f 996/1013/44 1007/1015/25 994/1014/95
f 1011/1007/72 1018/1016/19 1017/1017/18
f 1011/1007/72 1017/1017/18 1010/1008/29
f 1009/1011/28 1016/1018/21 1015/1019/20
f 1009/1011/28 1015/1019/20 1008/1012/30
f 1007/1015/25 1014/1020/23 1013/1021/22
f 1007/1015/25 1013/1021/22 1006/1001/88
f 1012/1004/89 1019/1022/17 1018/1016/19
f 1012/1004/89 1018/1016/19 1011/1007/72
f 1010/1008/29 1017/1017/18 1016/1018/21
f 1010/1008/29 1016/1018/21 1009/1011/28
f 1008/1012/30 1015/1019/20 1014/1020/23
f 1008/1012/30 1014/1020/23 1007/1015/25
f 1006/1001/88 1013/1021/22 963/1002/10
f 969/1003/12 1019/1022/17 1012/1004/89
f 1019/1022/17 1026/1023/14 1025/1024/16
f 1019/1022/17 1025/1024/16 1018/1016/19
f 1017/1017/18 1024/1025/4 1023/1026/3
f 1017/1017/18 1023/1026/3 1016/1018/21
f 1015/1019/20 1022/1027/8 1021/1028/7
f 1015/1019/20 1021/1028/7 1014/1020/23
f 1013/1021/22 1020/1029/11 963/1002/10
f 969/1003/12 1026/1023/14 1019/1022/17
f 1018/1016/19 1025/1024/16 1024/1025/4
f 1018/1016/19 1024/1025/4 1017/1017/18
f 1016/1018/21 1023/1026/3 1022/1027/8
f 1016/1018/21 1022/1027/8 1015/1019/20
f 1014/1020/23 1021/1028/7 1020/1029/11
f 1014/1020/23 1020/1029/11 1013/1021/22
f 1024/1025/4 1031/1030/69 1030/1031/2
f 1024/1025/4 1030/1031/2 1023/1026/3
f 1022/1027/8 1029/1032/107 1028/1033/221
f 1022/1027/8 1028/1033/221 1021/1028/7
f 1020/1029/11 1027/1034/9 963/1002/10
f 969/1003/12 1033/1035/13 1026/1023/14
f 1025/1024/16 1032/1036/15 1031/1030/69
f 1025/1024/16 1031/1030/69 1024/1025/4
f 1023/1026/3 1030/1031/2 1029/1032/107
f 1023/1026/3 1029/1032/107 1022/1027/8
f 1021/1028/7 1028/1033/221 1027/1034/9
f 1021/1028/7 1027/1034/9 1020/1029/11
f 1026/1023/14 1033/1035/13 1032/1036/15
f 1026/1023/14 1032/1036/15 1025/1024/16
f 1041/1037/63 1049/1038/58 1048/1039/57
f 1041/1037/63 1048/1039/57 1040/1040/62
f 1039/1041/82 1047/1042/60 1046/1043/59
f 1039/1041/82 1046/1043/59 1109/1044/77
f 1108/1045/66 1045/1046/81 1037/1047/10
f 1043/1048/12 1051/1049/103 1042/1050/67
f 1110/1051/106 1050/1052/55 1049/1038/58
f 1110/1051/106 1049/1038/58 1041/1037/63
f 1040/1040/62 1048/1039/57 1047/1042/60
f 1040/1040/62 1047/1042/60 1039/1041/82
f 1109/1044/77 1046/1043/59 1045/1046/81
f 1109/1044/77 1045/1046/81 1108/1045/66
f 1042/1050/67 1051/1049/103 1050/1052/55
f 1042/1050/67 1050/1052/55 1110/1051/106
f 1043/1048/12 1058/1053/54 1051/1049/103
f 1050/1052/55 1057/1054/49 1056/1055/48
f 1050/1052/55 1056/1055/48 1049/1038/58
f 1048/1039/57 1055/1056/51 1054/1057/50
f 1048/1039/57 1054/1057/50 1047/1042/60
f 1046/1043/59 1053/1058/53 1052/1059/52
f 1046/1043/59 1052/1059/52 1045/1046/81
f 1051/1049/103 1058/1053/54 1057/1054/49
f 1051/1049/103 1057/1054/49 1050/1052/55
f 1049/1038/58 1056/1055/48 1055/1056/51
f 1049/1038/58 1055/1056/51 1048/1039/57
f 1047/1042/60 1054/1057/50 1053/1058/53
f 1047/1042/60 1053/1058/53 1046/1043/59
f 1045/1046/81 1052/1059/52 1037/1047/10
f 1053/1058/53 1060/1060/76 1059/1061/97
f 1053/1058/53 1059/1061/97 1052/1059/52
f 1058/1053/54 1065/1062/98 1064/1063/219
f 1058/1053/54 1064/1063/219 1057/1054/49
f 1056/1055/48 1063/1064/41 1062/1065/46
f 1056/1055/48 1062/1065/46 1055/1056/51
f 1054/1057/50 1061/1066/45 1060/1060/76
f 1054/1057/50 1060/1060/76 1053/1058/53
f 1052/1059/52 1059/1061/97 1037/1047/10
f 1043/1048/12 1065/1062/98 1058/1053/54
f 1057/1054/49 1064/1063/219 1063/1064/41
f 1057/1054/49 1063/1064/41 1056/1055/48
f 1055/1056/51 1062/1065/46 1061/1066/45
f 1055/1056/51 1061/1066/45 1054/1057/50
f 1065/1062/98 1078/1067/73 1076/1068/92
f 1065/1062/98 1076/1068/92 1064/1063/219
f 1063/1064/41 1074/1069/34 1072/1070/94
f 1063/1064/41 1072/1070/94 1062/1065/46
f 1061/1066/45 1070/1071/44 1068/1072/35
f 1061/1066/45 1068/1072/35 1060/1060/76
f 1059/1061/97 1066/1073/37 1037/1047/10
f 1043/1048/12 1078/1067/73 1065/1062/98
f 1064/1063/219 1076/1068/92 1074/1069/34
f 1064/1063/219 1074/1069/34 1063/1064/41
f 1062/1065/46 1072/1070/94 1070/1071/44
f 1062/1065/46 1070/1071/44 1061/1066/45
f 1060/1060/76 1068/1072/35 1066/1073/37
f 1060/1060/76 1066/1073/37 1059/1061/97
f 1067/1074/220 1080/1075/88 1038/1076/10
f 1044/1077/12 1086/1078/89 1079/1079/32
f 1077/1080/92 1085/1081/72 1084/1082/29
f 1077/1080/92 1084/1082/29 1075/1083/34
f 1073/1084/94 1083/1085/28 1082/1086/91
f 1073/1084/94 1082/1086/91 1071/1087/44
f 1069/1088/35 1081/1089/108 1080/1075/88
f 1069/1088/35 1080/1075/88 1067/1074/220
f 1079/1079/32 1086/1078/89 1085/1081/72
f 1079/1079/32 1085/1081/72 1077/1080/92
f 1075/1083/34 1084/1082/29 1083/1085/28
f 1075/1083/34 1083/1085/28 1073/1084/94
f 1071/1087/44 1082/1086/91 1081/1089/108
f 1071/1087/44 1081/1089/108 1069/1088/35
f 1085/1081/72 1092/1090/19 1091/1091/18
f 1085/1081/72 1091/1091/18 1084/1082/29
f 1083/1085/28 1090/1092/21 1089/1093/20
f 1083/1085/28 1089/1093/20 1082/1086/91
f 1081/1089/108 1088/1094/222 1087/1095/22
f 1081/1089/108 1087/1095/22 1080/1075/88
f 1086/1078/89 1093/1096/17 1092/1090/19
f 1086/1078/89 1092/1090/19 1085/1081/72
f 1084/1082/29 1091/1091/18 1090/1092/21
f 1084/1082/29 1090/1092/21 1083/1085/28
f 1082/1086/91 1089/1093/20 1088/1094/222
f 1082/1086/91 1088/1094/222 1081/1089/108
f 1080/1075/88 1087/1095/22 1038/1076/10
f 1044/1077/12 1093/1096/17 1086/1078/89
f 1093/1096/17 1100/1097/218 1099/1098/86
f 1093/1096/17 1099/1098/86 1092/1090/19
f 1091/1091/18 1098/1099/4 1097/1100/3
f 1091/1091/18 1097/1100/3 1090/1092/21
f 1089/1093/20 1096/1101/8 1095/1102/70
f 1089/1093/20 1095/1102/70 1088/1094/222
f 1087/1095/22 1094/1103/71 1038/1076/10
f 1044/1077/12 1100/1097/218 1093/1096/17
f 1092/1090/19 1099/1098/86 1098/1099/4
f 1092/1090/19 1098/1099/4 1091/1091/18
f 1090/1092/21 1097/1100/3 1096/1101/8
f 1090/1092/21 1096/1101/8 1089/1093/20
f 1088/1094/222 1095/1102/70 1094/1103/71
f 1088/1094/222 1094/1103/71 1087/1095/22
f 1098/1099/4 1105/1104/69 1104/1105/2
f 1098/1099/4 1104/1105/2 1097/1100/3
f 1096/1101/8 1103/1106/107 1102/1107/223
f 1096/1101/8 1102/1107/223 1095/1102/70
f 1094/1103/71 1101/1108/9 1038/1076/10
f 1044/1077/12 1107/1109/13 1100/1097/218
f 1099/1098/86 1106/1110/224 1105/1104/69
f 1099/1098/86 1105/1104/69 1098/1099/4
f 1097/1100/3 1104/1105/2 1103/1106/107
f 1097/1100/3 1103/1106/107 1096/1101/8
f 1095/1102/70 1102/1107/223 1101/1108/9
f 1095/1102/70 1101/1108/9 1094/1103/71
f 1100/1097/218 1107/1109/13 1106/1110/224
f 1100/1097/218 1106/1110/224 1099/1098/86
f 1115/1111/225 1114/1112/172 1122/1113/167
f 1115/1111/225 1122/1113/167 1123/1114/166
f 1113/1115/189 1183/1116/197 1120/1117/169
f 1113/1115/189 1120/1117/169 1121/1118/168
f 1182/1119/175 1112/1120/121 1119/1121/170
f 1118/1122/122 1116/1123/176 1125/1124/164
f 1184/1125/191 1115/1111/225 1123/1114/166
f 1184/1125/191 1123/1114/166 1124/1126/165
f 1114/1112/172 1113/1115/189 1121/1118/168
f 1114/1112/172 1121/1118/168 1122/1113/167
f 1183/1116/197 1182/1119/175 1119/1121/170
f 1183/1116/197 1119/1121/170 1120/1117/169
f 1116/1123/176 1184/1125/191 1124/1126/165
f 1116/1123/176 1124/1126/165 1125/1124/164
f 1118/1122/122 1125/1124/164 1132/1127/163
f 1124/1126/165 1123/1114/166 1130/1128/158
f 1124/1126/165 1130/1128/158 1131/1129/226
f 1122/1113/167 1121/1118/168 1128/1130/160
f 1122/1113/167 1128/1130/160 1129/1131/159
f 1120/1117/169 1119/1121/170 1126/1132/162
f 1120/1117/169 1126/1132/162 1127/1133/227
f 1125/1124/164 1124/1126/165 1131/1129/226
f 1125/1124/164 1131/1129/226 1132/1127/163
f 1123/1114/166 1122/1113/167 1129/1131/159
f 1123/1114/166 1129/1131/159 1130/1128/158
f 1121/1118/168 1120/1117/169 1127/1133/227
f 1121/1118/168 1127/1133/227 1128/1130/160
f 1119/1121/170 1112/1120/121 1126/1132/162
f 1127/1133/227 1126/1132/162 1133/1134/148
f 1127/1133/227 1133/1134/148 1134/1135/156
f 1132/1127/163 1131/1129/226 1138/1136/151
f 1132/1127/163 1138/1136/151 1139/1137/149
f 1130/1128/158 1129/1131/159 1136/1138/153
f 1130/1128/158 1136/1138/153 1137/1139/152
f 1128/1130/160 1127/1133/227 1134/1135/156
f 1128/1130/160 1134/1135/156 1135/1140/154
f 1126/1132/162 1112/1120/121 1133/1134/148
f 1118/1122/122 1132/1127/163 1139/1137/149
f 1131/1129/226 1130/1128/158 1137/1139/152
f 1131/1129/226 1137/1139/152 1138/1136/151
f 1129/1131/159 1128/1130/160 1135/1140/154
f 1129/1131/159 1135/1140/154 1136/1138/153
f 1139/1137/149 1138/1136/151 1151/1141/142
f 1139/1137/149 1151/1141/142 1153/1142/141
f 1137/1139/152 1136/1138/153 1147/1143/144
f 1137/1139/152 1147/1143/144 1149/1144/143
f 1135/1140/154 1134/1135/156 1143/1145/205
f 1135/1140/154 1143/1145/205 1145/1146/145
f 1133/1134/148 1112/1120/121 1141/1147/147
f 1118/1122/122 1139/1137/149 1153/1142/141
f 1138/1136/151 1137/1139/152 1149/1144/143
f 1138/1136/151 1149/1144/143 1151/1141/142
f 1136/1138/153 1135/1140/154 1145/1146/145
f 1136/1138/153 1145/1146/145 1147/1143/144
f 1134/1135/156 1133/1134/148 1141/1147/147
f 1134/1135/156 1141/1147/147 1143/1145/205
f 1140/1148/147 1111/1149/121 1154/1150/135
f 1117/1151/122 1152/1152/141 1160/1153/136
f 1150/1154/142 1148/1155/143 1158/1156/138
f 1150/1154/142 1158/1156/138 1159/1157/137
f 1146/1158/144 1144/1159/145 1156/1160/140
f 1146/1158/144 1156/1160/140 1157/1161/139
f 1142/1162/205 1140/1148/147 1154/1150/135
f 1142/1162/205 1154/1150/135 1155/1163/134
f 1152/1152/141 1150/1154/142 1159/1157/137
f 1152/1152/141 1159/1157/137 1160/1153/136
f 1148/1155/143 1146/1158/144 1157/1161/139
f 1148/1155/143 1157/1161/139 1158/1156/138
f 1144/1159/145 1142/1162/205 1155/1163/134
f 1144/1159/145 1155/1163/134 1156/1160/140
f 1159/1157/137 1158/1156/138 1165/1164/129
f 1159/1157/137 1165/1164/129 1166/1165/128
f 1157/1161/139 1156/1160/140 1163/1166/131
f 1157/1161/139 1163/1166/131 1164/1167/130
f 1155/1163/134 1154/1150/135 1161/1168/133
f 1155/1163/134 1161/1168/133 1162/1169/179
f 1160/1153/136 1159/1157/137 1166/1165/128
f 1160/1153/136 1166/1165/128 1167/1170/127
f 1158/1156/138 1157/1161/139 1164/1167/130
f 1158/1156/138 1164/1167/130 1165/1164/129
f 1156/1160/140 1155/1163/134 1162/1169/179
f 1156/1160/140 1162/1169/179 1163/1166/131
f 1154/1150/135 1111/1149/121 1161/1168/133
f 1117/1151/122 1160/1153/136 1167/1170/127
f 1167/1170/127 1166/1165/128 1173/1171/126
f 1167/1170/127 1173/1171/126 1174/1172/123
f 1165/1164/129 1164/1167/130 1171/1173/113
f 1165/1164/129 1171/1173/113 1172/1174/112
f 1163/1166/131 1162/1169/179 1169/1175/117
f 1163/1166/131 1169/1175/117 1170/1176/116
f 1161/1168/133 1111/1149/121 1168/1177/120
f 1117/1151/122 1167/1170/127 1174/1172/123
f 1166/1165/128 1165/1164/129 1172/1174/112
f 1166/1165/128 1172/1174/112 1173/1171/126
f 1164/1167/130 1163/1166/131 1170/1176/116
f 1164/1167/130 1170/1176/116 1171/1173/113
f 1162/1169/179 1161/1168/133 1168/1177/120
f 1162/1169/179 1168/1177/120 1169/1175/117
f 1172/1174/112 1171/1173/113 1178/1178/114
f 1172/1174/112 1178/1178/114 1179/1179/192
f 1170/1176/116 1169/1175/117 1176/1180/228
f 1170/1176/116 1176/1180/228 1177/1181/198
f 1168/1177/120 1111/1149/121 1175/1182/119
f 1117/1151/122 1174/1172/123 1181/1183/124
f 1173/1171/126 1172/1174/112 1179/1179/192
f 1173/1171/126 1179/1179/192 1180/1184/229
f 1171/1173/113 1170/1176/116 1177/1181/198
f 1171/1173/113 1177/1181/198 1178/1178/114
f 1169/1175/117 1168/1177/120 1175/1182/119
f 1169/1175/117 1175/1182/119 1176/1180/228
f 1174/1172/123 1173/1171/126 1180/1184/229
f 1174/1172/123 1180/1184/229 1181/1183/124
f 1189/1185/171 1188/1186/172 1196/1187/167
f 1189/1185/171 1196/1187/167 1197/1188/166
f 1187/1189/189 1257/1190/190 1194/1191/169
f 1187/1189/189 1194/1191/169 1195/1192/168
f 1256/1193/175 1186/1194/121 1193/1195/170
f 1192/1196/122 1190/1197/176 1199/1198/164
f 1258/1199/191 1189/1185/171 1197/1188/166
f 1258/1199/191 1197/1188/166 1198/1200/230
f 1188/1186/172 1187/1189/189 1195/1192/168
f 1188/1186/172 1195/1192/168 1196/1187/167
f 1257/1190/190 1256/1193/175 1193/1195/170
f 1257/1190/190 1193/1195/170 1194/1191/169
f 1190/1197/176 1258/1199/191 1198/1200/230
f 1190/1197/176 1198/1200/230 1199/1198/164
f 1192/1196/122 1199/1198/164 1206/1201/163
f 1198/1200/230 1197/1188/166 1204/1202/158
f 1198/1200/230 1204/1202/158 1205/1203/157
f 1196/1187/167 1195/1192/168 1202/1204/160
f 1196/1187/167 1202/1204/160 1203/1205/159
f 1194/1191/169 1193/1195/170 1200/1206/162
f 1194/1191/169 1200/1206/162 1201/1207/227
f 1199/1198/164 1198/1200/230 1205/1203/157
f 1199/1198/164 1205/1203/157 1206/1201/163
f 1197/1188/166 1196/1187/167 1203/1205/159
f 1197/1188/166 1203/1205/159 1204/1202/158
f 1195/1192/168 1194/1191/169 1201/1207/227
f 1195/1192/168 1201/1207/227 1202/1204/160
f 1193/1195/170 1186/1194/121 1200/1206/162
f 1201/1207/227 1200/1206/162 1207/1208/231
f 1201/1207/227 1207/1208/231 1208/1209/156
f 1206/1201/163 1205/1203/157 1212/1210/151
f 1206/1201/163 1212/1210/151 1213/1211/149
f 1204/1202/158 1203/1205/159 1210/1212/153
f 1204/1202/158 1210/1212/153 1211/1213/152
f 1202/1204/160 1201/1207/227 1208/1209/156
f 1202/1204/160 1208/1209/156 1209/1214/154
f 1200/1206/162 1186/1194/121 1207/1208/231
f 1192/1196/122 1206/1201/163 1213/1211/149
f 1205/1203/157 1204/1202/158 1211/1213/152
f 1205/1203/157 1211/1213/152 1212/1210/151
f 1203/1205/159 1202/1204/160 1209/1214/154
f 1203/1205/159 1209/1214/154 1210/1212/153
f 1213/1211/149 1212/1210/151 1225/1215/232
f 1213/1211/149 1225/1215/232 1227/1216/233
f 1211/1213/152 1210/1212/153 1221/1217/187
f 1211/1213/152 1221/1217/187 1223/1218/143
f 1209/1214/154 1208/1209/156 1217/1219/188
f 1209/1214/154 1217/1219/188 1219/1220/145
f 1207/1208/231 1186/1194/121 1215/1221/147
f 1192/1196/122 1213/1211/149 1227/1216/233
f 1212/1210/151 1211/1213/152 1223/1218/143
f 1212/1210/151 1223/1218/143 1225/1215/232
f 1210/1212/153 1209/1214/154 1219/1220/145
f 1210/1212/153 1219/1220/145 1221/1217/187
f 1208/1209/156 1207/1208/231 1215/1221/147
f 1208/1209/156 1215/1221/147 1217/1219/188
f 1214/1222/234 1185/1223/121 1228/1224/135
f 1191/1225/122 1226/1226/141 1234/1227/136
f 1224/1228/235 1222/1229/143 1232/1230/138
f 1224/1228/235 1232/1230/138 1233/1231/137
f 1220/1232/183 1218/1233/236 1230/1234/140
f 1220/1232/183 1230/1234/140 1231/1235/139
f 1216/1236/237 1214/1222/234 1228/1224/135
f 1216/1236/237 1228/1224/135 1229/1237/134
f 1226/1226/141 1224/1228/235 1233/1231/137
f 1226/1226/141 1233/1231/137 1234/1227/136
f 1222/1229/143 1220/1232/183 1231/1235/139
f 1222/1229/143 1231/1235/139 1232/1230/138
f 1218/1233/236 1216/1236/237 1229/1237/134
f 1218/1233/236 1229/1237/134 1230/1234/140
f 1233/1231/137 1232/1230/138 1239/1238/129
f 1233/1231/137 1239/1238/129 1240/1239/128
f 1231/1235/139 1230/1234/140 1237/1240/131
f 1231/1235/139 1237/1240/131 1238/1241/130
f 1229/1237/134 1228/1224/135 1235/1242/133
f 1229/1237/134 1235/1242/133 1236/1243/179
f 1234/1227/136 1233/1231/137 1240/1239/128
f 1234/1227/136 1240/1239/128 1241/1244/127
f 1232/1230/138 1231/1235/139 1238/1241/130
f 1232/1230/138 1238/1241/130 1239/1238/129
f 1230/1234/140 1229/1237/134 1236/1243/179
f 1230/1234/140 1236/1243/179 1237/1240/131
f 1228/1224/135 1185/1223/121 1235/1242/133
f 1191/1225/122 1234/1227/136 1241/1244/127
f 1241/1244/127 1240/1239/128 1247/1245/126
f 1241/1244/127 1247/1245/126 1248/1246/123
f 1239/1238/129 1238/1241/130 1245/1247/113
f 1239/1238/129 1245/1247/113 1246/1248/112
f 1237/1240/131 1236/1243/179 1243/1249/117
f 1237/1240/131 1243/1249/117 1244/1250/116
f 1235/1242/133 1185/1223/121 1242/1251/120
f 1191/1225/122 1241/1244/127 1248/1246/123
f 1240/1239/128 1239/1238/129 1246/1248/112
f 1240/1239/128 1246/1248/112 1247/1245/126
f 1238/1241/130 1237/1240/131 1244/1250/116
f 1238/1241/130 1244/1250/116 1245/1247/113
f 1236/1243/179 1235/1242/133 1242/1251/120
f 1236/1243/179 1242/1251/120 1243/1249/117
f 1246/1248/112 1245/1247/113 1252/1252/114
f 1246/1248/112 1252/1252/114 1253/1253/192
f 1244/1250/116 1243/1249/117 1250/1254/228
f 1244/1250/116 1250/1254/228 1251/1255/115
f 1242/1251/120 1185/1223/121 1249/1256/119
f 1191/1225/122 1248/1246/123 1255/1257/124
f 1247/1245/126 1246/1248/112 1253/1253/192
f 1247/1245/126 1253/1253/192 1254/1258/194
f 1245/1247/113 1244/1250/116 1251/1255/115
f 1245/1247/113 1251/1255/115 1252/1252/114
f 1243/1249/117 1242/1251/120 1249/1256/119
f 1243/1249/117 1249/1256/119 1250/1254/228
f 1248/1246/123 1247/1245/126 1254/1258/194
f 1248/1246/123 1254/1258/194 1255/1257/124
f 1263/1259/171 1262/1260/172 1270/1261/167
f 1263/1259/171 1270/1261/167 1271/1262/166
f 1261/1263/189 1331/1264/190 1268/1265/169
f 1261/1263/189 1268/1265/169 1269/1266/168
f 1330/1267/175 1260/1268/121 1267/1269/170
f 1266/1270/122 1264/1271/176 1273/1272/164
f 1332/1273/191 1263/1259/171 1271/1262/166
f 1332/1273/191 1271/1262/166 1272/1274/165
f 1262/1260/172 1261/1263/189 1269/1266/168
f 1262/1260/172 1269/1266/168 1270/1261/167
f 1331/1264/190 1330/1267/175 1267/1269/170
f 1331/1264/190 1267/1269/170 1268/1265/169
f 1264/1271/176 1332/1273/191 1272/1274/165
f 1264/1271/176 1272/1274/165 1273/1272/164
f 1266/1270/122 1273/1272/164 1280/1275/163
f 1272/1274/165 1271/1262/166 1278/1276/158
f 1272/1274/165 1278/1276/158 1279/1277/157
f 1270/1261/167 1269/1266/168 1276/1278/160
f 1270/1261/167 1276/1278/160 1277/1279/159
f 1268/1265/169 1267/1269/170 1274/1280/162
f 1268/1265/169 1274/1280/162 1275/1281/161
f 1273/1272/164 1272/1274/165 1279/1277/157
f 1273/1272/164 1279/1277/157 1280/1275/163
f 1271/1262/166 1270/1261/167 1277/1279/159
f 1271/1262/166 1277/1279/159 1278/1276/158
f 1269/1266/168 1268/1265/169 1275/1281/161
f 1269/1266/168 1275/1281/161 1276/1278/160
f 1267/1269/170 1260/1268/121 1274/1280/162
f 1275/1281/161 1274/1280/162 1281/1282/148
f 1275/1281/161 1281/1282/148 1282/1283/156
f 1280/1275/163 1279/1277/157 1286/1284/151
f 1280/1275/163 1286/1284/151 1287/1285/149
f 1278/1276/158 1277/1279/159 1284/1286/153
f 1278/1276/158 1284/1286/153 1285/1287/152
f 1276/1278/160 1275/1281/161 1282/1283/156
f 1276/1278/160 1282/1283/156 1283/1288/154
f 1274/1280/162 1260/1268/121 1281/1282/148
f 1266/1270/122 1280/1275/163 1287/1285/149
f 1279/1277/157 1278/1276/158 1285/1287/152
f 1279/1277/157 1285/1287/152 1286/1284/151
f 1277/1279/159 1276/1278/160 1283/1288/154
f 1277/1279/159 1283/1288/154 1284/1286/153
f 1287/1285/149 1286/1284/151 1299/1289/150
f 1287/1285/149 1299/1289/150 1301/1290/233
f 1285/1287/152 1284/1286/153 1295/1291/187
f 1285/1287/152 1295/1291/187 1297/1292/143
f 1283/1288/154 1282/1283/156 1291/1293/188
f 1283/1288/154 1291/1293/188 1293/1294/145
f 1281/1282/148 1260/1268/121 1289/1295/147
f 1266/1270/122 1287/1285/149 1301/1290/233
f 1286/1284/151 1285/1287/152 1297/1292/143
f 1286/1284/151 1297/1292/143 1299/1289/150
f 1284/1286/153 1283/1288/154 1293/1294/145
f 1284/1286/153 1293/1294/145 1295/1291/187
f 1282/1283/156 1281/1282/148 1289/1295/147
f 1282/1283/156 1289/1295/147 1291/1293/188
f 1288/1296/234 1259/1297/121 1302/1298/135
f 1265/1299/122 1300/1300/141 1308/1301/136
f 1298/1302/235 1296/1303/201 1306/1304/138
f 1298/1302/235 1306/1304/138 1307/1305/137
f 1294/1306/144 1292/1307/145 1304/1308/140
f 1294/1306/144 1304/1308/140 1305/1309/139
f 1290/1310/184 1288/1296/234 1302/1298/135
f 1290/1310/184 1302/1298/135 1303/1311/134
f 1300/1300/141 1298/1302/235 1307/1305/137
f 1300/1300/141 1307/1305/137 1308/1301/136
f 1296/1303/201 1294/1306/144 1305/1309/139
f 1296/1303/201 1305/1309/139 1306/1304/138
f 1292/1307/145 1290/1310/184 1303/1311/134
f 1292/1307/145 1303/1311/134 1304/1308/140
f 1307/1305/137 1306/1304/138 1313/1312/129
f 1307/1305/137 1313/1312/129 1314/1313/128
f 1305/1309/139 1304/1308/140 1311/1314/131
f 1305/1309/139 1311/1314/131 1312/1315/130
f 1303/1311/134 1302/1298/135 1309/1316/133
f 1303/1311/134 1309/1316/133 1310/1317/179
f 1308/1301/136 1307/1305/137 1314/1313/128
f 1308/1301/136 1314/1313/128 1315/1318/127
f 1306/1304/138 1305/1309/139 1312/1315/130
f 1306/1304/138 1312/1315/130 1313/1312/129
f 1304/1308/140 1303/1311/134 1310/1317/179
f 1304/1308/140 1310/1317/179 1311/1314/131
f 1302/1298/135 1259/1297/121 1309/1316/133
f 1265/1299/122 1308/1301/136 1315/1318/127
f 1315/1318/127 1314/1313/128 1321/1319/126
f 1315/1318/127 1321/1319/126 1322/1320/238
f 1313/1312/129 1312/1315/130 1319/1321/113
f 1313/1312/129 1319/1321/113 1320/1322/112
f 1311/1314/131 1310/1317/179 1317/1323/117
f 1311/1314/131 1317/1323/117 1318/1324/116
f 1309/1316/133 1259/1297/121 1316/1325/120
f 1265/1299/122 1315/1318/127 1322/1320/238
f 1314/1313/128 1313/1312/129 1320/1322/112
f 1314/1313/128 1320/1322/112 1321/1319/126
f 1312/1315/130 1311/1314/131 1318/1324/116
f 1312/1315/130 1318/1324/116 1319/1321/113
f 1310/1317/179 1309/1316/133 1316/1325/120
f 1310/1317/179 1316/1325/120 1317/1323/117
f 1320/1322/112 1319/1321/113 1326/1326/114
f 1320/1322/112 1326/1326/114 1327/1327/192
f 1318/1324/116 1317/1323/117 1324/1328/228
f 1318/1324/116 1324/1328/228 1325/1329/115
f 1316/1325/120 1259/1297/121 1323/1330/119
f 1265/1299/122 1322/1320/238 1329/1331/124
f 1321/1319/126 1320/1322/112 1327/1327/192
f 1321/1319/126 1327/1327/192 1328/1332/194
f 1319/1321/113 1318/1324/116 1325/1329/115
f 1319/1321/113 1325/1329/115 1326/1326/114
f 1317/1323/117 1316/1325/120 1323/1330/119
f 1317/1323/117 1323/1330/119 1324/1328/228
f 1322/1320/238 1321/1319/126 1328/1332/194
f 1322/1320/238 1328/1332/194 1329/1331/124
f 1337/1333/225 1336/1334/172 1344/1335/167
f 1337/1333/225 1344/1335/167 1345/1336/166
f 1335/1337/189 1405/1338/174 1342/1339/169
f 1335/1337/189 1342/1339/169 1343/1340/207
f 1404/1341/175 1333/1342/121 1341/1343/170
f 1339/1344/122 1338/1345/176 1347/1346/164
f 1406/1347/191 1337/1333/225 1345/1336/166
f 1406/1347/191 1345/1336/166 1346/1348/165
f 1336/1334/172 1335/1337/189 1343/1340/207
f 1336/1334/172 1343/1340/207 1344/1335/167
f 1405/1338/174 1404/1341/175 1341/1343/170
f 1405/1338/174 1341/1343/170 1342/1339/169
f 1338/1345/176 1406/1347/191 1346/1348/165
f 1338/1345/176 1346/1348/165 1347/1346/164
f 1339/1344/122 1347/1346/164 1354/1349/163
f 1346/1348/165 1345/1336/166 1352/1350/158
f 1346/1348/165 1352/1350/158 1353/1351/157
f 1344/1335/167 1343/1340/207 1350/1352/160
f 1344/1335/167 1350/1352/160 1351/1353/159
f 1342/1339/169 1341/1343/170 1348/1354/162
f 1342/1339/169 1348/1354/162 1349/1355/161
f 1347/1346/164 1346/1348/165 1353/1351/157
f 1347/1346/164 1353/1351/157 1354/1349/163
f 1345/1336/166 1344/1335/167 1351/1353/159
f 1345/1336/166 1351/1353/159 1352/1350/158
f 1343/1340/207 1342/1339/169 1349/1355/161
f 1343/1340/207 1349/1355/161 1350/1352/160
f 1341/1343/170 1333/1342/121 1348/1354/162
f 1349/1355/161 1348/1354/162 1355/1356/148
f 1349/1355/161 1355/1356/148 1356/1357/239
f 1354/1349/163 1353/1351/157 1360/1358/151
f 1354/1349/163 1360/1358/151 1361/1359/149
f 1352/1350/158 1351/1353/159 1358/1360/153
f 1352/1350/158 1358/1360/153 1359/1361/210
f 1350/1352/160 1349/1355/161 1356/1357/239
f 1350/1352/160 1356/1357/239 1357/1362/154
f 1348/1354/162 1333/1342/121 1355/1356/148
f 1339/1344/122 1354/1349/163 1361/1359/149
f 1353/1351/157 1352/1350/158 1359/1361/210
f 1353/1351/157 1359/1361/210 1360/1358/151
f 1351/1353/159 1350/1352/160 1357/1362/154
f 1351/1353/159 1357/1362/154 1358/1360/153
f 1361/1359/149 1360/1358/151 1372/1363/150
f 1361/1359/149 1372/1363/150 1374/1364/141
f 1359/1361/210 1358/1360/153 1368/1365/144
f 1359/1361/210 1368/1365/144 1370/1366/196
f 1357/1362/154 1356/1357/239 1364/1367/188
f 1357/1362/154 1364/1367/188 1366/1368/145
f 1355/1356/148 1333/1342/121 1362/1369/147
f 1339/1344/122 1361/1359/149 1374/1364/141
f 1360/1358/151 1359/1361/210 1370/1366/196
f 1360/1358/151 1370/1366/196 1372/1363/150
f 1358/1360/153 1357/1362/154 1366/1368/145
f 1358/1360/153 1366/1368/145 1368/1365/144
f 1356/1357/239 1355/1356/148 1362/1369/147
f 1356/1357/239 1362/1369/147 1364/1367/188
f 1363/1370/147 1334/1371/121 1376/1372/135
f 1340/1373/122 1375/1374/141 1382/1375/136
f 1373/1376/182 1371/1377/143 1380/1378/138
f 1373/1376/182 1380/1378/138 1381/1379/137
f 1369/1380/144 1367/1381/236 1378/1382/240
f 1369/1380/144 1378/1382/240 1379/1383/139
f 1365/1384/205 1363/1370/147 1376/1372/135
f 1365/1384/205 1376/1372/135 1377/1385/134
f 1375/1374/141 1373/1376/182 1381/1379/137
f 1375/1374/141 1381/1379/137 1382/1375/136
f 1371/1377/143 1369/1380/144 1379/1383/139
f 1371/1377/143 1379/1383/139 1380/1378/138
f 1367/1381/236 1365/1384/205 1377/1385/134
f 1367/1381/236 1377/1385/134 1378/1382/240
f 1381/1379/137 1380/1378/138 1387/1386/129
f 1381/1379/137 1387/1386/129 1388/1387/128
f 1379/1383/139 1378/1382/240 1385/1388/131
f 1379/1383/139 1385/1388/131 1386/1389/130
f 1377/1385/134 1376/1372/135 1383/1390/133
f 1377/1385/134 1383/1390/133 1384/1391/179
f 1382/1375/136 1381/1379/137 1388/1387/128
f 1382/1375/136 1388/1387/128 1389/1392/127
f 1380/1378/138 1379/1383/139 1386/1389/130
f 1380/1378/138 1386/1389/130 1387/1386/129
f 1378/1382/240 1377/1385/134 1384/1391/179
f 1378/1382/240 1384/1391/179 1385/1388/131
f 1376/1372/135 1334/1371/121 1383/1390/133
f 1340/1373/122 1382/1375/136 1389/1392/127
f 1389/1392/127 1388/1387/128 1395/1393/126
f 1389/1392/127 1395/1393/126 1396/1394/123
f 1387/1386/129 1386/1389/130 1393/1395/113
f 1387/1386/129 1393/1395/113 1394/1396/208
f 1385/1388/131 1384/1391/179 1391/1397/117
f 1385/1388/131 1391/1397/117 1392/1398/199
f 1383/1390/133 1334/1371/121 1390/1399/120
f 1340/1373/122 1389/1392/127 1396/1394/123
f 1388/1387/128 1387/1386/129 1394/1396/208
f 1388/1387/128 1394/1396/208 1395/1393/126
f 1386/1389/130 1385/1388/131 1392/1398/199
f 1386/1389/130 1392/1398/199 1393/1395/113
f 1384/1391/179 1383/1390/133 1390/1399/120
f 1384/1391/179 1390/1399/120 1391/1397/117
f 1394/1396/208 1393/1395/113 1400/1400/114
f 1394/1396/208 1400/1400/114 1401/1401/192
f 1392/1398/199 1391/1397/117 1398/1402/228
f 1392/1398/199 1398/1402/228 1399/1403/198
f 1390/1399/120 1334/1371/121 1397/1404/119
f 1340/1373/122 1396/1394/123 1403/1405/124
f 1395/1393/126 1394/1396/208 1401/1401/192
f 1395/1393/126 1401/1401/192 1402/1406/125
f 1393/1395/113 1392/1398/199 1399/1403/198
f 1393/1395/113 1399/1403/198 1400/1400/114
f 1391/1397/117 1390/1399/120 1397/1404/119
f 1391/1397/117 1397/1404/119 1398/1402/228
f 1396/1394/123 1395/1393/126 1402/1406/125
f 1396/1394/123 1402/1406/125 1403/1405/124
f 1411/1407/171 1410/1408/172 1418/1409/167
f 1411/1407/171 1418/1409/167 1419/1410/166
f 1409/1411/189 1479/1412/190 1416/1413/169
f 1409/1411/189 1416/1413/169 1417/1414/207
f 1478/1415/175 1407/1416/121 1415/1417/170
f 1413/1418/122 1412/1419/176 1421/1420/164
f 1480/1421/211 1411/1407/171 1419/1410/166
f 1480/1421/211 1419/1410/166 1420/1422/165
f 1410/1408/172 1409/1411/189 1417/1414/207
f 1410/1408/172 1417/1414/207 1418/1409/167
f 1479/1412/190 1478/1415/175 1415/1417/170
f 1479/1412/190 1415/1417/170 1416/1413/169
f 1412/1419/176 1480/1421/211 1420/1422/165
f 1412/1419/176 1420/1422/165 1421/1420/164
f 1413/1418/122 1421/1420/164 1428/1423/163
f 1420/1422/165 1419/1410/166 1426/1424/158
f 1420/1422/165 1426/1424/158 1427/1425/157
f 1418/1409/167 1417/1414/207 1424/1426/160
f 1418/1409/167 1424/1426/160 1425/1427/159
f 1416/1413/169 1415/1417/170 1422/1428/162
f 1416/1413/169 1422/1428/162 1423/1429/161
f 1421/1420/164 1420/1422/165 1427/1425/157
f 1421/1420/164 1427/1425/157 1428/1423/163
f 1419/1410/166 1418/1409/167 1425/1427/159
f 1419/1410/166 1425/1427/159 1426/1424/158
f 1417/1414/207 1416/1413/169 1423/1429/161
f 1417/1414/207 1423/1429/161 1424/1426/160
f 1415/1417/170 1407/1416/121 1422/1428/162
f 1423/1429/161 1422/1428/162 1429/1430/148
f 1423/1429/161 1429/1430/148 1430/1431/156
f 1428/1423/163 1427/1425/157 1434/1432/241
f 1428/1423/163 1434/1432/241 1435/1433/149
f 1426/1424/158 1425/1427/159 1432/1434/153
f 1426/1424/158 1432/1434/153 1433/1435/210
f 1424/1426/160 1423/1429/161 1430/1431/156
f 1424/1426/160 1430/1431/156 1431/1436/203
f 1422/1428/162 1407/1416/121 1429/1430/148
f 1413/1418/122 1428/1423/163 1435/1433/149
f 1427/1425/157 1426/1424/158 1433/1435/210
f 1427/1425/157 1433/1435/210 1434/1432/241
f 1425/1427/159 1424/1426/160 1431/1436/203
f 1425/1427/159 1431/1436/203 1432/1434/153
f 1435/1433/149 1434/1432/241 1446/1437/142
f 1435/1433/149 1446/1437/142 1448/1438/141
f 1433/1435/210 1432/1434/153 1442/1439/144
f 1433/1435/210 1442/1439/144 1444/1440/196
f 1431/1436/203 1430/1431/156 1438/1441/242
f 1431/1436/203 1438/1441/242 1440/1442/145
f 1429/1430/148 1407/1416/121 1436/1443/243
f 1413/1418/122 1435/1433/149 1448/1438/141
f 1434/1432/241 1433/1435/210 1444/1440/196
f 1434/1432/241 1444/1440/196 1446/1437/142
f 1432/1434/153 1431/1436/203 1440/1442/145
f 1432/1434/153 1440/1442/145 1442/1439/144
f 1430/1431/156 1429/1430/148 1436/1443/243
f 1430/1431/156 1436/1443/243 1438/1441/242
f 1437/1444/244 1408/1445/121 1450/1446/135
f 1414/1447/122 1449/1448/141 1456/1449/136
f 1447/1450/235 1445/1451/143 1454/1452/138
f 1447/1450/235 1454/1452/138 1455/1453/137
f 1443/1454/144 1441/1455/236 1452/1456/140
f 1443/1454/144 1452/1456/140 1453/1457/139
f 1439/1458/205 1437/1444/244 1450/1446/135
f 1439/1458/205 1450/1446/135 1451/1459/134
f 1449/1448/141 1447/1450/235 1455/1453/137
f 1449/1448/141 1455/1453/137 1456/1449/136
f 1445/1451/143 1443/1454/144 1453/1457/139
f 1445/1451/143 1453/1457/139 1454/1452/138
f 1441/1455/236 1439/1458/205 1451/1459/134
f 1441/1455/236 1451/1459/134 1452/1456/140
f 1455/1453/137 1454/1452/138 1461/1460/129
f 1455/1453/137 1461/1460/129 1462/1461/128
f 1453/1457/139 1452/1456/140 1459/1462/131
f 1453/1457/139 1459/1462/131 1460/1463/130
f 1451/1459/134 1450/1446/135 1457/1464/133
f 1451/1459/134 1457/1464/133 1458/1465/179
f 1456/1449/136 1455/1453/137 1462/1461/128
f 1456/1449/136 1462/1461/128 1463/1466/127
f 1454/1452/138 1453/1457/139 1460/1463/130
f 1454/1452/138 1460/1463/130 1461/1460/129
f 1452/1456/140 1451/1459/134 1458/1465/179
f 1452/1456/140 1458/1465/179 1459/1462/131
f 1450/1446/135 1408/1445/121 1457/1464/133
f 1414/1447/122 1456/1449/136 1463/1466/127
f 1463/1466/127 1462/1461/128 1469/1467/245
f 1463/1466/127 1469/1467/245 1470/1468/123
f 1461/1460/129 1460/1463/130 1467/1469/113
f 1461/1460/129 1467/1469/113 1468/1470/208
f 1459/1462/131 1458/1465/179 1465/1471/117
f 1459/1462/131 1465/1471/117 1466/1472/199
f 1457/1464/133 1408/1445/121 1464/1473/120
f 1414/1447/122 1463/1466/127 1470/1468/123
f 1462/1461/128 1461/1460/129 1468/1470/208
f 1462/1461/128 1468/1470/208 1469/1467/245
f 1460/1463/130 1459/1462/131 1466/1472/199
f 1460/1463/130 1466/1472/199 1467/1469/113
f 1458/1465/179 1457/1464/133 1464/1473/120
f 1458/1465/179 1464/1473/120 1465/1471/117
f 1468/1470/208 1467/1469/113 1474/1474/114
f 1468/1470/208 1474/1474/114 1475/1475/192
f 1466/1472/199 1465/1471/117 1472/1476/193
f 1466/1472/199 1472/1476/193 1473/1477/198
f 1464/1473/120 1408/1445/121 1471/1478/119
f 1414/1447/122 1470/1468/123 1477/1479/246
f 1469/1467/245 1468/1470/208 1475/1475/192
f 1469/1467/245 1475/1475/192 1476/1480/229
f 1467/1469/113 1466/1472/199 1473/1477/198
f 1467/1469/113 1473/1477/198 1474/1474/114
f 1465/1471/117 1464/1473/120 1471/1478/119
f 1465/1471/117 1471/1478/119 1472/1476/193
f 1470/1468/123 1469/1467/245 1476/1480/229
f 1470/1468/123 1476/1480/229 1477/1479/246
usemtl wooden
f 1481/1481/247 1484/1482/248 1486/1483/249
f 1481/1481/247 1486/1483/249 1490/1484/250
f 1482/1485/251 1488/1486/252 1486/1483/249
f 1482/1485/251 1486/1483/249 1484/1482/248
f 1483/1487/253 1489/1488/250 1485/1489/249
f 1483/1487/253 1485/1489/249 1487/1490/252
f 1491/1491/254 1494/1492/255 1496/1493/256
f 1491/1491/254 1496/1493/256 1500/1494/257
f 1492/1495/258 1498/1496/259 1496/1493/256
f 1492/1495/258 1496/1493/256 1494/1492/255
f 1493/1497/260 1499/1498/257 1495/1499/261
f 1493/1497/260 1495/1499/261 1497/1500/259
f 1501/1501/262 1505/1502/263 1508/1503/264
f 1501/1501/262 1508/1503/264 1512/1504/265
f 1502/1505/266 1509/1506/267 1506/1507/264
f 1502/1505/266 1506/1507/264 1504/1508/263
f 1503/1509/268 1511/1510/265 1507/1511/264
f 1503/1509/268 1507/1511/264 1510/1512/267
f 1513/1513/269 1516/1514/270 1518/1515/271
f 1513/1513/269 1518/1515/271 1522/1516/272
f 1514/1517/273 1520/1518/274 1518/1515/271
f 1514/1517/273 1518/1515/271 1516/1514/270
f 1515/1519/275 1521/1520/272 1517/1521/271
f 1515/1519/275 1517/1521/271 1519/1522/274
f 1523/1523/276 1527/1524/277 1529/1525/278
f 1523/1523/276 1529/1525/278 1532/1526/279
f 1524/1527/280 1530/1528/281 1528/1529/278
f 1524/1527/280 1528/1529/278 1526/1530/277
f 1525/1531/282 1532/1526/279 1529/1525/278
f 1525/1531/282 1529/1525/278 1531/1532/281
f 1533/1533/283 1536/1534/284 1538/1535/285
f 1533/1533/283 1538/1535/285 1542/1536/286
f 1534/1537/287 1540/1538/288 1538/1535/285
f 1534/1537/287 1538/1535/285 1536/1534/284
f 1535/1539/289 1541/1540/286 1537/1541/290
f 1535/1539/289 1537/1541/290 1539/1542/288
f 1543/1543/291 1547/1544/292 1550/1545/293
f 1543/1543/291 1550/1545/293 1554/1546/294
f 1544/1547/295 1552/1548/296 1549/1549/297
f 1544/1547/295 1549/1549/297 1546/1550/292
f 1545/1551/298 1553/1552/294 1548/1553/297
f 1545/1551/298 1548/1553/297 1551/1554/296
f 1555/1555/299 1559/1556/300 1561/1557/301
f 1555/1555/299 1561/1557/301 1564/1558/302
f 1556/1559/303 1562/1560/304 1560/1561/301
f 1556/1559/303 1560/1561/301 1558/1562/300
f 1557/1563/305 1564/1558/302 1561/1557/301
f 1557/1563/305 1561/1557/301 1563/1564/304
f 1565/1565/247 1569/1566/248 1572/1567/249
f 1565/1565/247 1572/1567/249 1576/1568/250
f 1566/1569/251 1574/1570/252 1571/1571/249
f 1566/1569/251 1571/1571/249 1568/1572/248
f 1567/1573/253 1575/1574/250 1570/1575/249
f 1567/1573/253 1570/1575/249 1573/1576/252
f 1577/1577/254 1580/1578/255 1582/1579/261
f 1577/1577/254 1582/1579/261 1586/1580/257
f 1578/1581/258 1584/1582/259 1582/1579/261
f 1578/1581/258 1582/1579/261 1580/1578/255
f 1579/1583/260 1585/1584/257 1581/1585/256
f 1579/1583/260 1581/1585/256 1583/1586/259
f 1587/1587/262 1591/1588/263 1593/1589/306
f 1587/1587/262 1593/1589/306 1596/1590/265
f 1588/1591/266 1594/1592/267 1592/1593/264
f 1588/1591/266 1592/1593/264 1590/1594/263
f 1589/1595/268 1596/1590/265 1593/1589/306
f 1589/1595/268 1593/1589/306 1595/1596/267
f 1597/1597/269 1600/1598/270 1602/1599/307
f 1597/1597/269 1602/1599/307 1606/1600/272
f 1598/1601/273 1604/1602/274 1602/1599/307
f 1598/1601/273 1602/1599/307 1600/1598/270
f 1599/1603/275 1605/1604/272 1601/1605/271
f 1599/1603/275 1601/1605/271 1603/1606/274
f 1607/1607/276 1611/1608/277 1614/1609/278
f 1607/1607/276 1614/1609/278 1618/1610/279
f 1608/1611/280 1615/1612/281 1612/1613/278
f 1608/1611/280 1612/1613/278 1610/1614/277
f 1609/1615/282 1617/1616/279 1613/1617/278
f 1609/1615/282 1613/1617/278 1616/1618/281
f 1619/1619/283 1622/1620/284 1624/1621/290
f 1619/1619/283 1624/1621/290 1628/1622/286
f 1620/1623/287 1626/1624/288 1624/1621/290
f 1620/1623/287 1624/1621/290 1622/1620/284
f 1621/1625/289 1627/1626/286 1623/1627/285
f 1621/1625/289 1623/1627/285 1625/1628/288
f 1629/1629/291 1632/1630/292 1634/1631/308
f 1629/1629/291 1634/1631/308 1638/1632/294
f 1630/1633/295 1636/1634/296 1634/1631/308
f 1630/1633/295 1634/1631/308 1632/1630/292
f 1631/1635/298 1637/1636/294 1633/1637/297
f 1631/1635/298 1633/1637/297 1635/1638/296
f 1639/1639/299 1643/1640/300 1645/1641/309
f 1639/1639/299 1645/1641/309 1648/1642/302
f 1640/1643/303 1646/1644/304 1644/1645/301
f 1640/1643/303 1644/1645/301 1642/1646/300
f 1641/1647/305 1648/1642/302 1645/1641/309
f 1641/1647/305 1645/1641/309 1647/1648/304
f 1649/1649/247 1652/1650/248 1653/1651/310
f 1649/1649/247 1653/1651/310 1657/1652/250
f 1650/1653/251 1655/1654/252 1653/1651/310
f 1650/1653/251 1653/1651/310 1652/1650/248
f 1651/1655/253 1658/1656/250 1654/1657/249
f 1651/1655/253 1654/1657/249 1656/1658/252
f 1659/1659/254 1662/1660/255 1663/1661/261
f 1659/1659/254 1663/1661/261 1667/1662/257
f 1660/1663/258 1665/1664/259 1663/1661/261
f 1660/1663/258 1663/1661/261 1662/1660/255
f 1661/1665/260 1668/1666/257 1664/1667/256
f 1661/1665/260 1664/1667/256 1666/1668/259
f 1669/1669/262 1672/1670/263 1674/1671/264
f 1669/1669/262 1674/1671/264 1677/1672/265
f 1670/1673/266 1676/1674/267 1675/1675/311
f 1670/1673/266 1675/1675/311 1673/1676/263
f 1671/1677/268 1678/1678/265 1675/1675/311
f 1671/1677/268 1675/1675/311 1676/1674/267
f 1679/1679/269 1682/1680/270 1683/1681/312
f 1679/1679/269 1683/1681/312 1685/1682/272
f 1680/1683/273 1684/1684/274 1683/1681/312
f 1680/1683/273 1683/1681/312 1682/1680/270
f 1681/1685/275 1685/1682/272 1683/1681/312
f 1681/1685/275 1683/1681/312 1684/1684/274
f 1686/1686/276 1690/1687/277 1692/1688/313
f 1686/1686/276 1692/1688/313 1695/1689/279
f 1687/1690/280 1693/1691/281 1691/1692/278
f 1687/1690/280 1691/1692/278 1689/1693/277
f 1688/1694/282 1695/1689/279 1692/1688/313
f 1688/1694/282 1692/1688/313 1694/1695/281
f 1696/1696/283 1699/1697/284 1701/1698/290
f 1696/1696/283 1701/1698/290 1705/1699/286
f 1697/1700/287 1703/1701/288 1701/1698/290
f 1697/1700/287 1701/1698/290 1699/1697/284
f 1698/1702/289 1704/1703/286 1700/1704/285
f 1698/1702/289 1700/1704/285 1702/1705/288
f 1706/1706/291 1709/1707/292 1712/1708/293
f 1706/1706/291 1712/1708/293 1717/1709/294
f 1707/1710/295 1715/1711/296 1713/1712/297
f 1707/1710/295 1713/1712/297 1710/1713/292
f 1708/1714/298 1716/1715/294 1711/1716/314
f 1708/1714/298 1711/1716/314 1714/1717/296
f 1718/1718/299 1722/1719/300 1724/1720/309
f 1718/1718/299 1724/1720/309 1727/1721/302
f 1719/1722/303 1725/1723/304 1723/1724/309
f 1719/1722/303 1723/1724/309 1721/1725/300
f 1720/1726/305 1727/1721/302 1724/1720/309
f 1720/1726/305 1724/1720/309 1726/1727/304
f 1728/1728/247 1732/1729/248 1735/1730/315
f 1728/1728/247 1735/1730/315 1739/1731/250
f 1729/1732/251 1737/1733/252 1734/1734/249
f 1729/1732/251 1734/1734/249 1731/1735/248
f 1730/1736/253 1738/1737/250 1733/1738/249
f 1730/1736/253 1733/1738/249 1736/1739/252
f 1740/1740/254 1743/1741/255 1745/1742/261
f 1740/1740/254 1745/1742/261 1749/1743/257
f 1741/1744/258 1747/1745/259 1745/1742/261
f 1741/1744/258 1745/1742/261 1743/1741/255
f 1742/1746/260 1748/1747/257 1744/1748/261
f 1742/1746/260 1744/1748/261 1746/1749/259
f 1750/1750/262 1754/1751/263 1756/1752/264
f 1750/1750/262 1756/1752/264 1759/1753/265
f 1751/1754/266 1757/1755/267 1755/1756/264
f 1751/1754/266 1755/1756/264 1753/1757/263
f 1752/1758/268 1759/1753/265 1756/1752/264
f 1752/1758/268 1756/1752/264 1758/1759/267
f 1760/1760/269 1763/1761/270 1765/1762/271
f 1760/1760/269 1765/1762/271 1769/1763/272
f 1761/1764/273 1767/1765/274 1765/1762/271
f 1761/1764/273 1765/1762/271 1763/1761/270
f 1762/1766/275 1768/1767/272 1764/1768/271
f 1762/1766/275 1764/1768/271 1766/1769/274
f 1770/1770/276 1774/1771/277 1777/1772/278
f 1770/1770/276 1777/1772/278 1781/1773/279
f 1771/1774/280 1779/1775/281 1776/1776/278
f 1771/1774/280 1776/1776/278 1773/1777/277
f 1772/1778/282 1780/1779/279 1775/1780/278
f 1772/1778/282 1775/1780/278 1778/1781/281
f 1782/1782/283 1785/1783/284 1786/1784/290
f 1782/1782/283 1786/1784/290 1790/1785/286
f 1783/1786/287 1788/1787/288 1786/1784/290
f 1783/1786/287 1786/1784/290 1785/1783/284
f 1784/1788/289 1791/1789/286 1787/1790/290
f 1784/1788/289 1787/1790/290 1789/1791/288
f 1792/1792/291 1795/1793/292 1797/1794/297
f 1792/1792/291 1797/1794/297 1801/1795/294
f 1793/1796/295 1799/1797/296 1797/1794/297
f 1793/1796/295 1797/1794/297 1795/1793/292
f 1794/1798/298 1800/1799/294 1796/1800/297
f 1794/1798/298 1796/1800/297 1798/1801/296
f 1802/1802/299 1806/1803/300 1808/1804/301
f 1802/1802/299 1808/1804/301 1811/1805/302
f 1803/1806/303 1809/1807/304 1807/1808/301
f 1803/1806/303 1807/1808/301 1805/1809/300
f 1804/1810/305 1811/1805/302 1808/1804/301
f 1804/1810/305 1808/1804/301 1810/1811/304
f 1812/1812/247 1815/1813/248 1817/1814/249
f 1812/1812/247 1817/1814/249 1821/1815/250
f 1813/1816/251 1819/1817/252 1817/1814/249
f 1813/1816/251 1817/1814/249 1815/1813/248
f 1814/1818/253 1820/1819/250 1816/1820/249
f 1814/1818/253 1816/1820/249 1818/1821/252
f 1822/1822/254 1825/1823/255 1827/1824/256
f 1822/1822/254 1827/1824/256 1831/1825/257
f 1823/1826/258 1829/1827/259 1827/1824/256
f 1823/1826/258 1827/1824/256 1825/1823/255
f 1824/1828/260 1830/1829/257 1826/1830/261
f 1824/1828/260 1826/1830/261 1828/1831/259
f 1832/1832/262 1836/1833/263 1839/1834/306
f 1832/1832/262 1839/1834/306 1843/1835/265
f 1833/1836/266 1840/1837/267 1837/1838/306
f 1833/1836/266 1837/1838/306 1835/1839/263
f 1834/1840/268 1842/1841/265 1838/1842/306
f 1834/1840/268 1838/1842/306 1841/1843/316
f 1844/1844/269 1847/1845/270 1849/1846/271
f 1844/1844/269 1849/1846/271 1853/1847/272
f 1845/1848/273 1851/1849/274 1849/1846/271
f 1845/1848/273 1849/1846/271 1847/1845/270
f 1846/1850/275 1852/1851/272 1848/1852/271
f 1846/1850/275 1848/1852/271 1850/1853/274
f 1854/1854/276 1858/1855/277 1860/1856/278
f 1854/1854/276 1860/1856/278 1863/1857/279
f 1855/1858/280 1861/1859/281 1859/1860/278
f 1855/1858/280 1859/1860/278 1857/1861/277
f 1856/1862/282 1863/1857/279 1860/1856/278
f 1856/1862/282 1860/1856/278 1862/1863/281
f 1864/1864/283 1867/1865/284 1869/1866/285
f 1864/1864/283 1869/1866/285 1873/1867/286
f 1865/1868/287 1871/1869/288 1869/1866/285
f 1865/1868/287 1869/1866/285 1867/1865/284
f 1866/1870/289 1872/1871/286 1868/1872/290
f 1866/1870/289 1868/1872/290 1870/1873/288
f 1874/1874/291 1878/1875/292 1881/1876/293
f 1874/1874/291 1881/1876/293 1885/1877/294
f 1875/1878/295 1883/1879/296 1880/1880/297
f 1875/1878/295 1880/1880/297 1877/1881/292
f 1876/1882/298 1884/1883/294 1879/1884/297
f 1876/1882/298 1879/1884/297 1882/1885/296
f 1886/1886/299 1890/1887/300 1892/1888/309
f 1886/1886/299 1892/1888/309 1895/1889/302
f 1887/1890/303 1893/1891/304 1891/1892/309
f 1887/1890/303 1891/1892/309 1889/1893/300
f 1888/1894/305 1895/1889/302 1892/1888/309
f 1888/1894/305 1892/1888/309 1894/1895/317
f 1896/1896/247 1899/1897/248 1902/1898/315
f 1896/1896/247 1902/1898/315 1907/1899/250
f 1897/1900/251 1905/1901/252 1903/1902/249
f 1897/1900/251 1903/1902/249 1900/1903/318
f 1898/1904/253 1906/1905/250 1901/1906/249
f 1898/1904/253 1901/1906/249 1904/1907/252
f 1908/1908/254 1911/1909/255 1913/1910/261
f 1908/1908/254 1913/1910/261 1917/1911/257
f 1909/1912/258 1915/1913/259 1913/1910/261
f 1909/1912/258 1913/1910/261 1911/1909/255
f 1910/1914/260 1916/1915/257 1912/1916/261
f 1910/1914/260 1912/1916/261 1914/1917/259
f 1918/1918/262 1922/1919/263 1924/1920/306
f 1918/1918/262 1924/1920/306 1927/1921/265
f 1919/1922/266 1925/1923/267 1923/1924/306
f 1919/1922/266 1923/1924/306 1921/1925/263
f 1920/1926/268 1927/1921/265 1924/1920/306
f 1920/1926/268 1924/1920/306 1926/1927/267
f 1928/1928/269 1931/1929/270 1933/1930/271
f 1928/1928/269 1933/1930/271 1937/1931/272
f 1929/1932/273 1935/1933/274 1933/1930/271
f 1929/1932/273 1933/1930/271 1931/1929/270
f 1930/1934/275 1936/1935/272 1932/1936/271
f 1930/1934/275 1932/1936/271 1934/1937/274
f 1938/1938/276 1942/1939/277 1944/1940/319
f 1938/1938/276 1944/1940/319 1948/1941/279
f 1939/1942/280 1946/1943/281 1943/1944/313
f 1939/1942/280 1943/1944/313 1941/1945/277
f 1940/1946/282 1949/1947/279 1945/1948/313
f 1940/1946/282 1945/1948/313 1947/1949/281
f 1950/1950/283 1953/1951/284 1955/1952/285
f 1950/1950/283 1955/1952/285 1959/1953/286
f 1951/1954/287 1957/1955/288 1955/1952/285
f 1951/1954/287 1955/1952/285 1953/1951/284
f 1952/1956/289 1958/1957/286 1954/1958/285
f 1952/1956/289 1954/1958/285 1956/1959/288
f 1960/1960/291 1963/1961/292 1965/1962/297
f 1960/1960/291 1965/1962/297 1969/1963/294
f 1961/1964/295 1967/1965/296 1965/1962/297
f 1961/1964/295 1965/1962/297 1963/1961/292
f 1962/1966/298 1968/1967/294 1964/1968/297
f 1962/1966/298 1964/1968/297 1966/1969/296
f 1970/1970/299 1974/1971/300 1976/1972/309
f 1970/1970/299 1976/1972/309 1979/1973/302
f 1971/1974/303 1977/1975/304 1975/1976/309
f 1971/1974/303 1975/1976/309 1973/1977/300
f 1972/1978/305 1979/1973/302 1976/1972/309
f 1972/1978/305 1976/1972/309 1978/1979/304
f 1501/1501/262 1481/1481/247 1490/1484/250
f 1501/1501/262 1490/1484/250 1505/1502/263
f 1504/1508/263 1489/1488/250 1483/1487/253
f 1504/1508/263 1483/1487/253 1502/1505/266
f 1482/1485/251 1491/1491/254 1500/1494/257
f 1482/1485/251 1500/1494/257 1488/1486/252
f 1487/1490/252 1499/1498/257 1493/1497/260
f 1487/1490/252 1493/1497/260 1483/1487/253
f 1492/1495/258 1513/1513/269 1522/1516/272
f 1492/1495/258 1522/1516/272 1498/1496/259
f 1497/1500/259 1521/1520/272 1515/1519/275
f 1497/1500/259 1515/1519/275 1493/1497/260
f 1514/1517/273 1503/1509/268 1510/1512/267
f 1514/1517/273 1510/1512/267 1520/1518/274
f 1519/1522/274 1509/1506/267 1502/1505/266
f 1519/1522/274 1502/1505/266 1515/1519/275
f 1543/1543/291 1501/1501/262 1512/1504/265
f 1543/1543/291 1512/1504/265 1547/1544/292
f 1546/1550/292 1511/1510/265 1503/1509/268
f 1546/1550/292 1503/1509/268 1544/1547/295
f 1513/1513/269 1555/1555/299 1564/1558/302
f 1513/1513/269 1564/1558/302 1516/1514/270
f 1516/1514/270 1564/1558/302 1557/1563/305
f 1516/1514/270 1557/1563/305 1514/1517/273
f 1556/1559/303 1545/1551/298 1551/1554/296
f 1556/1559/303 1551/1554/296 1562/1560/304
f 1563/1564/304 1552/1548/296 1544/1547/295
f 1563/1564/304 1544/1547/295 1557/1563/305
f 1523/1523/276 1543/1543/291 1554/1546/294
f 1523/1523/276 1554/1546/294 1527/1524/277
f 1526/1530/277 1553/1552/294 1545/1551/298
f 1526/1530/277 1545/1551/298 1524/1527/280
f 1555/1555/299 1533/1533/283 1542/1536/286
f 1555/1555/299 1542/1536/286 1559/1556/300
f 1558/1562/300 1541/1540/286 1535/1539/289
f 1558/1562/300 1535/1539/289 1556/1559/303
f 1534/1537/287 1525/1531/282 1531/1532/281
f 1534/1537/287 1531/1532/281 1540/1538/288
f 1539/1542/288 1530/1528/281 1524/1527/280
f 1539/1542/288 1524/1527/280 1535/1539/289
f 1481/1481/247 1523/1523/276 1532/1526/279
f 1481/1481/247 1532/1526/279 1484/1482/248
f 1484/1482/248 1532/1526/279 1525/1531/282
f 1484/1482/248 1525/1531/282 1482/1485/251
f 1533/1533/283 1492/1495/258 1494/1492/255
f 1533/1533/283 1494/1492/255 1536/1534/284
f 1536/1534/284 1494/1492/255 1491/1491/254
f 1536/1534/284 1491/1491/254 1534/1537/287
f 1587/1587/262 1565/1565/247 1576/1568/250
f 1587/1587/262 1576/1568/250 1591/1588/263
f 1590/1594/263 1575/1574/250 1567/1573/253
f 1590/1594/263 1567/1573/253 1588/1591/266
f 1566/1569/251 1577/1577/254 1586/1580/257
f 1566/1569/251 1586/1580/257 1574/1570/252
f 1573/1576/252 1585/1584/257 1579/1583/260
f 1573/1576/252 1579/1583/260 1567/1573/253
f 1578/1581/258 1597/1597/269 1606/1600/272
f 1578/1581/258 1606/1600/272 1584/1582/259
f 1583/1586/259 1605/1604/272 1599/1603/275
f 1583/1586/259 1599/1603/275 1579/1583/260
f 1598/1601/273 1589/1595/268 1595/1596/267
f 1598/1601/273 1595/1596/267 1604/1602/274
f 1603/1606/274 1594/1592/267 1588/1591/266
f 1603/1606/274 1588/1591/266 1599/1603/275
f 1629/1629/291 1587/1587/262 1596/1590/265
f 1629/1629/291 1596/1590/265 1632/1630/292
f 1632/1630/292 1596/1590/265 1589/1595/268
f 1632/1630/292 1589/1595/268 1630/1633/295
f 1597/1597/269 1639/1639/299 1648/1642/302
f 1597/1597/269 1648/1642/302 1600/1598/270
f 1600/1598/270 1648/1642/302 1641/1647/305
f 1600/1598/270 1641/1647/305 1598/1601/273
f 1640/1643/303 1631/1635/298 1635/1638/296
f 1640/1643/303 1635/1638/296 1646/1644/304
f 1647/1648/304 1636/1634/296 1630/1633/295
f 1647/1648/304 1630/1633/295 1641/1647/305
f 1607/1607/276 1629/1629/291 1638/1632/294
f 1607/1607/276 1638/1632/294 1611/1608/277
f 1610/1614/277 1637/1636/294 1631/1635/298
f 1610/1614/277 1631/1635/298 1608/1611/280
f 1639/1639/299 1619/1619/283 1628/1622/286
f 1639/1639/299 1628/1622/286 1643/1640/300
f 1642/1646/300 1627/1626/286 1621/1625/289
f 1642/1646/300 1621/1625/289 1640/1643/303
f 1620/1623/287 1609/1615/282 1616/1618/281
f 1620/1623/287 1616/1618/281 1626/1624/288
f 1625/1628/288 1615/1612/281 1608/1611/280
f 1625/1628/288 1608/1611/280 1621/1625/289
f 1565/1565/247 1607/1607/276 1618/1610/279
f 1565/1565/247 1618/1610/279 1569/1566/248
f 1568/1572/248 1617/1616/279 1609/1615/282
f 1568/1572/248 1609/1615/282 1566/1569/251
f 1619/1619/283 1578/1581/258 1580/1578/255
f 1619/1619/283 1580/1578/255 1622/1620/284
f 1622/1620/284 1580/1578/255 1577/1577/254
f 1622/1620/284 1577/1577/254 1620/1623/287
f 1669/1669/262 1649/1649/247 1657/1652/250
f 1669/1669/262 1657/1652/250 1672/1670/263
f 1673/1676/263 1658/1656/250 1651/1655/253
f 1673/1676/263 1651/1655/253 1670/1673/266
f 1650/1653/251 1659/1659/254 1667/1662/257
f 1650/1653/251 1667/1662/257 1655/1654/252
f 1656/1658/252 1668/1666/257 1661/1665/260
f 1656/1658/252 1661/1665/260 1651/1655/253
f 1660/1663/258 1679/1679/269 1685/1682/272
f 1660/1663/258 1685/1682/272 1665/1664/259
f 1666/1668/259 1685/1682/272 1681/1685/275
f 1666/1668/259 1681/1685/275 1661/1665/260
f 1680/1683/273 1671/1677/268 1676/1674/267
f 1680/1683/273 1676/1674/267 1684/1684/274
f 1684/1684/274 1676/1674/267 1670/1673/266
f 1684/1684/274 1670/1673/266 1681/1685/275
f 1706/1706/291 1669/1669/262 1677/1672/265
f 1706/1706/291 1677/1672/265 1709/1707/292
f 1710/1713/292 1678/1678/265 1671/1677/268
f 1710/1713/292 1671/1677/268 1707/1710/295
f 1679/1679/269 1718/1718/299 1727/1721/302
f 1679/1679/269 1727/1721/302 1682/1680/270
f 1682/1680/270 1727/1721/302 1720/1726/305
f 1682/1680/270 1720/1726/305 1680/1683/273
f 1719/1722/303 1708/1714/298 1714/1717/296
f 1719/1722/303 1714/1717/296 1725/1723/304
f 1726/1727/304 1715/1711/296 1707/1710/295
f 1726/1727/304 1707/1710/295 1720/1726/305
f 1686/1686/276 1706/1706/291 1717/1709/294
f 1686/1686/276 1717/1709/294 1690/1687/277
f 1689/1693/277 1716/1715/294 1708/1714/298
f 1689/1693/277 1708/1714/298 1687/1690/280
f 1718/1718/299 1696/1696/283 1705/1699/286
f 1718/1718/299 1705/1699/286 1722/1719/300
f 1721/1725/300 1704/1703/286 1698/1702/289
f 1721/1725/300 1698/1702/289 1719/1722/303
f 1697/1700/287 1688/1694/282 1694/1695/281
f 1697/1700/287 1694/1695/281 1703/1701/288
f 1702/1705/288 1693/1691/281 1687/1690/280
f 1702/1705/288 1687/1690/280 1698/1702/289
f 1649/1649/247 1686/1686/276 1695/1689/279
f 1649/1649/247 1695/1689/279 1652/1650/248
f 1652/1650/248 1695/1689/279 1688/1694/282
f 1652/1650/248 1688/1694/282 1650/1653/251
f 1696/1696/283 1660/1663/258 1662/1660/255
f 1696/1696/283 1662/1660/255 1699/1697/284
f 1699/1697/284 1662/1660/255 1659/1659/254
f 1699/1697/284 1659/1659/254 1697/1700/287
f 1750/1750/262 1728/1728/247 1739/1731/250
f 1750/1750/262 1739/1731/250 1754/1751/263
f 1753/1757/263 1738/1737/250 1730/1736/253
f 1753/1757/263 1730/1736/253 1751/1754/266
f 1729/1732/251 1740/1740/254 1749/1743/257
f 1729/1732/251 1749/1743/257 1737/1733/252
f 1736/1739/252 1748/1747/257 1742/1746/260
f 1736/1739/252 1742/1746/260 1730/1736/253
f 1741/1744/258 1760/1760/269 1769/1763/272
f 1741/1744/258 1769/1763/272 1747/1745/259
f 1746/1749/259 1768/1767/272 1762/1766/275
f 1746/1749/259 1762/1766/275 1742/1746/260
f 1761/1764/273 1752/1758/268 1758/1759/267
f 1761/1764/273 1758/1759/267 1767/1765/274
f 1766/1769/274 1757/1755/267 1751/1754/266
f 1766/1769/274 1751/1754/266 1762/1766/275
f 1792/1792/291 1750/1750/262 1759/1753/265
f 1792/1792/291 1759/1753/265 1795/1793/292
f 1795/1793/292 1759/1753/265 1752/1758/268
f 1795/1793/292 1752/1758/268 1793/1796/295
f 1760/1760/269 1802/1802/299 1811/1805/302
f 1760/1760/269 1811/1805/302 1763/1761/270
f 1763/1761/270 1811/1805/302 1804/1810/305
f 1763/1761/270 1804/1810/305 1761/1764/273
f 1803/1806/303 1794/1798/298 1798/1801/296
f 1803/1806/303 1798/1801/296 1809/1807/304
f 1810/1811/304 1799/1797/296 1793/1796/295
f 1810/1811/304 1793/1796/295 1804/1810/305
f 1770/1770/276 1792/1792/291 1801/1795/294
f 1770/1770/276 1801/1795/294 1774/1771/277
f 1773/1777/277 1800/1799/294 1794/1798/298
f 1773/1777/277 1794/1798/298 1771/1774/280
f 1802/1802/299 1782/1782/283 1790/1785/286
f 1802/1802/299 1790/1785/286 1806/1803/300
f 1805/1809/300 1791/1789/286 1784/1788/289
f 1805/1809/300 1784/1788/289 1803/1806/303
f 1783/1786/287 1772/1778/282 1778/1781/281
f 1783/1786/287 1778/1781/281 1788/1787/288
f 1789/1791/288 1779/1775/281 1771/1774/280
f 1789/1791/288 1771/1774/280 1784/1788/289
f 1728/1728/247 1770/1770/276 1781/1773/279
f 1728/1728/247 1781/1773/279 1732/1729/248
f 1731/1735/248 1780/1779/279 1772/1778/282
f 1731/1735/248 1772/1778/282 1729/1732/251
f 1782/1782/283 1741/1744/258 1743/1741/255
f 1782/1782/283 1743/1741/255 1785/1783/284
f 1785/1783/284 1743/1741/255 1740/1740/254
f 1785/1783/284 1740/1740/254 1783/1786/287
f 1832/1832/262 1812/1812/247 1821/1815/250
f 1832/1832/262 1821/1815/250 1836/1833/263
f 1835/1839/263 1820/1819/250 1814/1818/253
f 1835/1839/263 1814/1818/253 1833/1836/266
f 1813/1816/251 1822/1822/254 1831/1825/257
f 1813/1816/251 1831/1825/257 1819/1817/252
f 1818/1821/252 1830/1829/257 1824/1828/260
f 1818/1821/252 1824/1828/260 1814/1818/253
f 1823/1826/258 1844/1844/269 1853/1847/272
f 1823/1826/258 1853/1847/272 1829/1827/259
f 1828/1831/259 1852/1851/272 1846/1850/275
f 1828/1831/259 1846/1850/275 1824/1828/260
f 1845/1848/273 1834/1840/268 1841/1843/316
f 1845/1848/273 1841/1843/316 1851/1849/274
f 1850/1853/274 1840/1837/267 1833/1836/266
f 1850/1853/274 1833/1836/266 1846/1850/275
f 1874/1874/291 1832/1832/262 1843/1835/265
f 1874/1874/291 1843/1835/265 1878/1875/292
f 1877/1881/292 1842/1841/265 1834/1840/268
f 1877/1881/292 1834/1840/268 1875/1878/295
f 1844/1844/269 1886/1886/299 1895/1889/302
f 1844/1844/269 1895/1889/302 1847/1845/270
f 1847/1845/270 1895/1889/302 1888/1894/305
f 1847/1845/270 1888/1894/305 1845/1848/273
f 1887/1890/303 1876/1882/298 1882/1885/296
f 1887/1890/303 1882/1885/296 1893/1891/304
f 1894/1895/317 1883/1879/296 1875/1878/295
f 1894/1895/317 1875/1878/295 1888/1894/305
f 1854/1854/276 1874/1874/291 1885/1877/294
f 1854/1854/276 1885/1877/294 1858/1855/277
f 1857/1861/277 1884/1883/294 1876/1882/298
f 1857/1861/277 1876/1882/298 1855/1858/280
f 1886/1886/299 1864/1864/283 1873/1867/286
f 1886/1886/299 1873/1867/286 1890/1887/300
f 1889/1893/300 1872/1871/286 1866/1870/289
f 1889/1893/300 1866/1870/289 1887/1890/303
f 1865/1868/287 1856/1862/282 1862/1863/281
f 1865/1868/287 1862/1863/281 1871/1869/288
f 1870/1873/288 1861/1859/281 1855/1858/280
f 1870/1873/288 1855/1858/280 1866/1870/289
f 1812/1812/247 1854/1854/276 1863/1857/279
f 1812/1812/247 1863/1857/279 1815/1813/248
f 1815/1813/248 1863/1857/279 1856/1862/282
f 1815/1813/248 1856/1862/282 1813/1816/251
f 1864/1864/283 1823/1826/258 1825/1823/255
f 1864/1864/283 1825/1823/255 1867/1865/284
f 1867/1865/284 1825/1823/255 1822/1822/254
f 1867/1865/284 1822/1822/254 1865/1868/287
f 1918/1918/262 1896/1896/247 1907/1899/250
f 1918/1918/262 1907/1899/250 1922/1919/263
f 1921/1925/263 1906/1905/250 1898/1904/253
f 1921/1925/263 1898/1904/253 1919/1922/266
f 1897/1900/251 1908/1908/254 1917/1911/257
f 1897/1900/251 1917/1911/257 1905/1901/252
f 1904/1907/252 1916/1915/257 1910/1914/260
f 1904/1907/252 1910/1914/260 1898/1904/253
f 1909/1912/258 1928/1928/269 1937/1931/272
f 1909/1912/258 1937/1931/272 1915/1913/259
f 1914/1917/259 1936/1935/272 1930/1934/275
f 1914/1917/259 1930/1934/275 1910/1914/260
f 1929/1932/273 1920/1926/268 1926/1927/267
f 1929/1932/273 1926/1927/267 1935/1933/274
f 1934/1937/274 1925/1923/267 1919/1922/266
f 1934/1937/274 1919/1922/266 1930/1934/275
f 1960/1960/291 1918/1918/262 1927/1921/265
f 1960/1960/291 1927/1921/265 1963/1961/292
f 1963/1961/292 1927/1921/265 1920/1926/268
f 1963/1961/292 1920/1926/268 1961/1964/295
f 1928/1928/269 1970/1970/299 1979/1973/302
f 1928/1928/269 1979/1973/302 1931/1929/270
f 1931/1929/270 1979/1973/302 1972/1978/305
f 1931/1929/270 1972/1978/305 1929/1932/273
f 1971/1974/303 1962/1966/298 1966/1969/296
f 1971/1974/303 1966/1969/296 1977/1975/304
f 1978/1979/304 1967/1965/296 1961/1964/295
f 1978/1979/304 1961/1964/295 1972/1978/305
f 1938/1938/276 1960/1960/291 1969/1963/294
f 1938/1938/276 1969/1963/294 1942/1939/277
f 1941/1945/277 1968/1967/294 1962/1966/298
f 1941/1945/277 1962/1966/298 1939/1942/280
f 1970/1970/299 1950/1950/283 1959/1953/286
f 1970/1970/299 1959/1953/286 1974/1971/300
f 1973/1977/300 1958/1957/286 1952/1956/289
f 1973/1977/300 1952/1956/289 1971/1974/303
f 1951/1954/287 1940/1946/282 1947/1949/281
f 1951/1954/287 1947/1949/281 1957/1955/288
f 1956/1959/288 1946/1943/281 1939/1942/280
f 1956/1959/288 1939/1942/280 1952/1956/289
f 1896/1896/247 1938/1938/276 1948/1941/279
f 1896/1896/247 1948/1941/279 1899/1897/248
f 1900/1903/318 1949/1947/279 1940/1946/282
f 1900/1903/318 1940/1946/282 1897/1900/251
f 1950/1950/283 1909/1912/258 1911/1909/255
f 1950/1950/283 1911/1909/255 1953/1951/284
f 1953/1951/284 1911/1909/255 1908/1908/254
f 1953/1951/284 1908/1908/254 1951/1954/287
f 1501/1501/262 1543/1543/291 1523/1523/276
f 1501/1501/262 1523/1523/276 1481/1481/247
f 1483/1487/253 1493/1497/260 1515/1519/275
f 1483/1487/253 1515/1519/275 1502/1505/266
f 1525/1531/282 1534/1537/287 1491/1491/254
f 1525/1531/282 1491/1491/254 1482/1485/251
f 1555/1555/299 1513/1513/269 1492/1495/258
f 1555/1555/299 1492/1495/258 1533/1533/283
f 1503/1509/268 1514/1517/273 1557/1563/305
f 1503/1509/268 1557/1563/305 1544/1547/295
f 1545/1551/298 1556/1559/303 1535/1539/289
f 1545/1551/298 1535/1539/289 1524/1527/280
f 1587/1587/262 1629/1629/291 1607/1607/276
f 1587/1587/262 1607/1607/276 1565/1565/247
f 1567/1573/253 1579/1583/260 1599/1603/275
f 1567/1573/253 1599/1603/275 1588/1591/266
f 1609/1615/282 1620/1623/287 1577/1577/254
f 1609/1615/282 1577/1577/254 1566/1569/251
f 1639/1639/299 1597/1597/269 1578/1581/258
f 1639/1639/299 1578/1581/258 1619/1619/283
f 1589/1595/268 1598/1601/273 1641/1647/305
f 1589/1595/268 1641/1647/305 1630/1633/295
f 1631/1635/298 1640/1643/303 1621/1625/289
f 1631/1635/298 1621/1625/289 1608/1611/280
f 1669/1669/262 1706/1706/291 1686/1686/276
f 1669/1669/262 1686/1686/276 1649/1649/247
f 1651/1655/253 1661/1665/260 1681/1685/275
f 1651/1655/253 1681/1685/275 1670/1673/266
f 1688/1694/282 1697/1700/287 1659/1659/254
f 1688/1694/282 1659/1659/254 1650/1653/251
f 1718/1718/299 1679/1679/269 1660/1663/258
f 1718/1718/299 1660/1663/258 1696/1696/283
f 1671/1677/268 1680/1683/273 1720/1726/305
f 1671/1677/268 1720/1726/305 1707/1710/295
f 1708/1714/298 1719/1722/303 1698/1702/289
f 1708/1714/298 1698/1702/289 1687/1690/280
f 1750/1750/262 1792/1792/291 1770/1770/276
f 1750/1750/262 1770/1770/276 1728/1728/247
f 1730/1736/253 1742/1746/260 1762/1766/275
f 1730/1736/253 1762/1766/275 1751/1754/266
f 1772/1778/282 1783/1786/287 1740/1740/254
f 1772/1778/282 1740/1740/254 1729/1732/251
f 1802/1802/299 1760/1760/269 1741/1744/258
f 1802/1802/299 1741/1744/258 1782/1782/283
f 1752/1758/268 1761/1764/273 1804/1810/305
f 1752/1758/268 1804/1810/305 1793/1796/295
f 1794/1798/298 1803/1806/303 1784/1788/289
f 1794/1798/298 1784/1788/289 1771/1774/280
f 1832/1832/262 1874/1874/291 1854/1854/276
f 1832/1832/262 1854/1854/276 1812/1812/247
f 1814/1818/253 1824/1828/260 1846/1850/275
f 1814/1818/253 1846/1850/275 1833/1836/266
f 1856/1862/282 1865/1868/287 1822/1822/254
f 1856/1862/282 1822/1822/254 1813/1816/251
f 1886/1886/299 1844/1844/269 1823/1826/258
f 1886/1886/299 1823/1826/258 1864/1864/283
f 1834/1840/268 1845/1848/273 1888/1894/305
f 1834/1840/268 1888/1894/305 1875/1878/295
f 1876/1882/298 1887/1890/303 1866/1870/289
f 1876/1882/298 1866/1870/289 1855/1858/280
f 1918/1918/262 1960/1960/291 1938/1938/276
f 1918/1918/262 1938/1938/276 1896/1896/247
f 1898/1904/253 1910/1914/260 1930/1934/275
f 1898/1904/253 1930/1934/275 1919/1922/266
f 1940/1946/282 1951/1954/287 1908/1908/254
f 1940/1946/282 1908/1908/254 1897/1900/251
f 1970/1970/299 1928/1928/269 1909/1912/258
f 1970/1970/299 1909/1912/258 1950/1950/283
f 1920/1926/268 1929/1932/273 1972/1978/305
f 1920/1926/268 1972/1978/305 1961/1964/295
f 1962/1966/298 1971/1974/303 1952/1956/289
f 1962/1966/298 1952/1956/289 1939/1942/280
f 1980/1980/247 1983/1981/248 1984/1982/249
f 1980/1980/247 1984/1982/249 1988/1983/250
f 1981/1984/251 1986/1985/252 1984/1982/249
f 1981/1984/251 1984/1982/249 1983/1981/248
f 1982/1986/253 1989/1987/250 1985/1988/249
f 1982/1986/253 1985/1988/249 1987/1989/252
f 1990/1990/254 1993/1991/255 1994/1992/320
f 1990/1990/254 1994/1992/320 1998/1993/257
f 1991/1994/258 1996/1995/259 1994/1992/320
f 1991/1994/258 1994/1992/320 1993/1991/255
f 1992/1996/260 1999/1997/257 1995/1998/321
f 1992/1996/260 1995/1998/321 1997/1999/259
f 2000/2000/262 2003/2001/263 2005/2002/264
f 2000/2000/262 2005/2002/264 2010/2003/265
f 2001/2004/266 2009/2005/267 2007/2006/264
f 2001/2004/266 2007/2006/264 2004/2007/263
f 2002/2008/268 2011/2009/265 2006/2010/264
f 2002/2008/268 2006/2010/264 2008/2011/267
f 2012/2012/269 2015/2013/270 2016/2014/322
f 2012/2012/269 2016/2014/322 2020/2015/272
f 2013/2016/273 2018/2017/274 2016/2014/322
f 2013/2016/273 2016/2014/322 2015/2013/270
f 2014/2018/275 2021/2019/272 2017/2020/322
f 2014/2018/275 2017/2020/322 2019/2021/274
f 2022/2022/276 2025/2023/277 2027/2024/278
f 2022/2022/276 2027/2024/278 2031/2025/279
f 2023/2026/280 2030/2027/281 2028/2028/278
f 2023/2026/280 2028/2028/278 2026/2029/277
f 2024/2030/282 2031/2025/279 2027/2024/278
f 2024/2030/282 2027/2024/278 2029/2031/281
f 2032/2032/283 2035/2033/284 2036/2034/323
f 2032/2032/283 2036/2034/323 2040/2035/286
f 2033/2036/287 2038/2037/288 2036/2034/323
f 2033/2036/287 2036/2034/323 2035/2033/284
f 2034/2038/289 2041/2039/286 2037/2040/323
f 2034/2038/289 2037/2040/323 2039/2041/288
f 2042/2042/291 2045/2043/292 2047/2044/297
f 2042/2042/291 2047/2044/297 2052/2045/294
f 2043/2046/295 2050/2047/296 2048/2048/297
f 2043/2046/295 2048/2048/297 2046/2049/292
f 2044/2050/298 2053/2051/294 2049/2052/297
f 2044/2050/298 2049/2052/297 2051/2053/296
f 2054/2054/299 2057/2055/300 2059/2056/324
f 2054/2054/299 2059/2056/324 2063/2057/302
f 2055/2058/303 2062/2059/304 2060/2060/324
f 2055/2058/303 2060/2060/324 2058/2061/300
f 2056/2062/305 2063/2057/302 2059/2056/324
f 2056/2062/305 2059/2056/324 2061/2063/304
f 2064/2064/247 2068/2065/248 2070/2066/249
f 2064/2064/247 2070/2066/249 2074/2067/250
f 2065/2068/251 2072/2069/252 2069/2070/249
f 2065/2068/251 2069/2070/249 2067/2071/248
f 2066/2072/253 2075/2073/250 2071/2074/310
f 2066/2072/253 2071/2074/310 2073/2075/252
f 2076/2076/254 2079/2077/255 2080/2078/325
f 2076/2076/254 2080/2078/325 2084/2079/257
f 2077/2080/258 2082/2081/259 2080/2078/325
f 2077/2080/258 2080/2078/325 2079/2077/255
f 2078/2082/260 2085/2083/257 2081/2084/326
f 2078/2082/260 2081/2084/326 2083/2085/259
f 2086/2086/262 2089/2087/263 2091/2088/264
f 2086/2086/262 2091/2088/264 2095/2089/265
f 2087/2090/266 2094/2091/267 2092/2092/264
f 2087/2090/266 2092/2092/264 2090/2093/263
f 2088/2094/268 2095/2089/265 2091/2088/264
f 2088/2094/268 2091/2088/264 2093/2095/267
f 2096/2096/269 2099/2097/270 2100/2098/322
f 2096/2096/269 2100/2098/322 2104/2099/272
f 2097/2100/273 2102/2101/274 2100/2098/322
f 2097/2100/273 2100/2098/322 2099/2097/270
f 2098/2102/275 2105/2103/272 2101/2104/322
f 2098/2102/275 2101/2104/322 2103/2105/274
f 2106/2106/276 2109/2107/277 2112/2108/327
f 2106/2106/276 2112/2108/327 2117/2109/279
f 2107/2110/280 2115/2111/281 2113/2112/327
f 2107/2110/280 2113/2112/327 2110/2113/277
f 2108/2114/282 2116/2115/279 2111/2116/327
f 2108/2114/282 2111/2116/327 2114/2117/281
f 2118/2118/283 2121/2119/284 2122/2120/328
f 2118/2118/283 2122/2120/328 2126/2121/286
f 2119/2122/287 2124/2123/288 2122/2120/328
f 2119/2122/287 2122/2120/328 2121/2119/284
f 2120/2124/289 2127/2125/286 2123/2126/329
f 2120/2124/289 2123/2126/329 2125/2127/288
f 2128/2128/291 2131/2129/292 2132/2130/297
f 2128/2128/291 2132/2130/297 2136/2131/294
f 2129/2132/295 2134/2133/296 2132/2130/297
f 2129/2132/295 2132/2130/297 2131/2129/292
f 2130/2134/298 2137/2135/294 2133/2136/297
f 2130/2134/298 2133/2136/297 2135/2137/296
f 2138/2138/299 2141/2139/300 2143/2140/330
f 2138/2138/299 2143/2140/330 2147/2141/302
f 2139/2142/303 2146/2143/304 2144/2144/331
f 2139/2142/303 2144/2144/331 2142/2145/300
f 2140/2146/305 2147/2141/302 2143/2140/330
f 2140/2146/305 2143/2140/330 2145/2147/304
f 2148/2148/262 2151/2149/332 2153/2150/264
f 2148/2148/262 2153/2150/264 2157/2151/265
f 2149/2152/266 2156/2153/333 2154/2154/264
f 2149/2152/266 2154/2154/264 2152/2155/332
f 2150/2156/268 2157/2151/265 2153/2150/264
f 2150/2156/268 2153/2150/264 2155/2157/267
f 2158/2158/273 2161/2159/274 2163/2160/307
f 2158/2158/273 2163/2160/307 2167/2161/270
f 2159/2162/275 2166/2163/334 2164/2164/322
f 2159/2162/275 2164/2164/322 2162/2165/274
f 2160/2166/269 2167/2161/270 2163/2160/307
f 2160/2166/269 2163/2160/307 2165/2167/334
f 2168/2168/247 2172/2169/248 2174/2170/249
f 2168/2168/247 2174/2170/249 2178/2171/335
f 2169/2172/251 2176/2173/336 2173/2174/249
f 2169/2172/251 2173/2174/249 2171/2175/337
f 2170/2176/253 2179/2177/335 2175/2178/249
f 2170/2176/253 2175/2178/249 2177/2179/252
f 2180/2180/258 2183/2181/259 2185/2182/256
f 2180/2180/258 2185/2182/256 2189/2183/255
f 2181/2184/260 2188/2185/257 2186/2186/256
f 2181/2184/260 2186/2186/256 2184/2187/259
f 2182/2188/254 2189/2183/255 2185/2182/256
f 2182/2188/254 2185/2182/256 2187/2189/257
f 2190/2190/291 2193/2191/292 2194/2192/308
f 2190/2190/291 2194/2192/308 2198/2193/338
f 2191/2194/295 2196/2195/296 2194/2192/308
f 2191/2194/295 2194/2192/308 2193/2191/292
f 2192/2196/298 2199/2197/338 2195/2198/339
f 2192/2196/298 2195/2198/339 2197/2199/296
f 2200/2200/299 2203/2201/300 2205/2202/301
f 2200/2200/299 2205/2202/301 2209/2203/302
f 2201/2204/303 2208/2205/304 2206/2206/301
f 2201/2204/303 2206/2206/301 2204/2207/300
f 2202/2208/305 2209/2203/302 2205/2202/301
f 2202/2208/305 2205/2202/301 2207/2209/304
f 2210/2210/276 2213/2211/340 2216/2212/278
f 2210/2210/276 2216/2212/278 2221/2213/279
f 2211/2214/280 2219/2215/281 2217/2216/278
f 2211/2214/280 2217/2216/278 2214/2217/340
f 2212/2218/282 2220/2219/279 2215/2220/278
f 2212/2218/282 2215/2220/278 2218/2221/281
f 2222/2222/283 2225/2223/284 2226/2224/285
f 2222/2222/283 2226/2224/285 2230/2225/286
f 2223/2226/287 2228/2227/288 2226/2224/285
f 2223/2226/287 2226/2224/285 2225/2223/284
f 2224/2228/289 2231/2229/286 2227/2230/341
f 2224/2228/289 2227/2230/341 2229/2231/342
f 2232/2232/262 2235/2233/332 2237/2234/311
f 2232/2232/262 2237/2234/311 2242/2235/265
f 2233/2236/266 2241/2237/333 2239/2238/311
f 2233/2236/266 2239/2238/311 2236/2239/332
f 2234/2240/268 2243/2241/265 2238/2242/264
f 2234/2240/268 2238/2242/264 2240/2243/267
f 2244/2244/273 2247/2245/274 2249/2246/271
f 2244/2244/273 2249/2246/271 2253/2247/270
f 2245/2248/275 2252/2249/334 2250/2250/312
f 2245/2248/275 2250/2250/312 2248/2251/274
f 2246/2252/269 2253/2247/270 2249/2246/271
f 2246/2252/269 2249/2246/271 2251/2253/334
f 2254/2254/247 2257/2255/248 2258/2256/343
f 2254/2254/247 2258/2256/343 2262/2257/344
f 2255/2258/251 2260/2259/252 2258/2256/343
f 2255/2258/251 2258/2256/343 2257/2255/248
f 2256/2260/253 2263/2261/335 2259/2262/345
f 2256/2260/253 2259/2262/345 2261/2263/252
f 2264/2264/258 2267/2265/259 2269/2266/346
f 2264/2264/258 2269/2266/346 2273/2267/255
f 2265/2268/260 2272/2269/257 2270/2270/346
f 2265/2268/260 2270/2270/346 2268/2271/259
f 2266/2272/254 2273/2267/255 2269/2266/346
f 2266/2272/254 2269/2266/346 2271/2273/257
f 2274/2274/291 2277/2275/292 2279/2276/314
f 2274/2274/291 2279/2276/314 2284/2277/338
f 2275/2278/295 2282/2279/296 2280/2280/297
f 2275/2278/295 2280/2280/297 2278/2281/292
f 2276/2282/298 2285/2283/338 2281/2284/347
f 2276/2282/298 2281/2284/347 2283/2285/296
f 2286/2286/299 2289/2287/300 2291/2288/348
f 2286/2286/299 2291/2288/348 2295/2289/302
f 2287/2290/303 2294/2291/304 2292/2292/348
f 2287/2290/303 2292/2292/348 2290/2293/300
f 2288/2294/305 2295/2289/302 2291/2288/348
f 2288/2294/305 2291/2288/348 2293/2295/304
f 2296/2296/276 2299/2297/340 2301/2298/327
f 2296/2296/276 2301/2298/327 2305/2299/279
f 2297/2300/280 2304/2301/281 2302/2302/349
f 2297/2300/280 2302/2302/349 2300/2303/340
f 2298/2304/282 2305/2299/279 2301/2298/327
f 2298/2304/282 2301/2298/327 2303/2305/281
f 2306/2306/283 2309/2307/284 2310/2308/285
f 2306/2306/283 2310/2308/285 2314/2309/286
f 2307/2310/287 2312/2311/288 2310/2308/285
f 2307/2310/287 2310/2308/285 2309/2307/284
f 2308/2312/289 2315/2313/286 2311/2314/341
f 2308/2312/289 2311/2314/341 2313/2315/288
f 2000/2000/262 1980/1980/247 1988/1983/250
f 2000/2000/262 1988/1983/250 2003/2001/263
f 2004/2007/263 1989/1987/250 1982/1986/253
f 2004/2007/263 1982/1986/253 2001/2004/266
f 1981/1984/251 1990/1990/254 1998/1993/257
f 1981/1984/251 1998/1993/257 1986/1985/252
f 1987/1989/252 1999/1997/257 1992/1996/260
f 1987/1989/252 1992/1996/260 1982/1986/253
f 1991/1994/258 2012/2012/269 2020/2015/272
f 1991/1994/258 2020/2015/272 1996/1995/259
f 1997/1999/259 2021/2019/272 2014/2018/275
f 1997/1999/259 2014/2018/275 1992/1996/260
f 2013/2016/273 2002/2008/268 2008/2011/267
f 2013/2016/273 2008/2011/267 2018/2017/274
f 2019/2021/274 2009/2005/267 2001/2004/266
f 2019/2021/274 2001/2004/266 2014/2018/275
f 2042/2042/291 2000/2000/262 2010/2003/265
f 2042/2042/291 2010/2003/265 2045/2043/292
f 2046/2049/292 2011/2009/265 2002/2008/268
f 2046/2049/292 2002/2008/268 2043/2046/295
f 2012/2012/269 2054/2054/299 2063/2057/302
f 2012/2012/269 2063/2057/302 2015/2013/270
f 2015/2013/270 2063/2057/302 2056/2062/305
f 2015/2013/270 2056/2062/305 2013/2016/273
f 2055/2058/303 2044/2050/298 2051/2053/296
f 2055/2058/303 2051/2053/296 2062/2059/304
f 2061/2063/304 2050/2047/296 2043/2046/295
f 2061/2063/304 2043/2046/295 2056/2062/305
f 2022/2022/276 2042/2042/291 2052/2045/294
f 2022/2022/276 2052/2045/294 2025/2023/277
f 2026/2029/277 2053/2051/294 2044/2050/298
f 2026/2029/277 2044/2050/298 2023/2026/280
f 2054/2054/299 2032/2032/283 2040/2035/286
f 2054/2054/299 2040/2035/286 2057/2055/300
f 2058/2061/300 2041/2039/286 2034/2038/289
f 2058/2061/300 2034/2038/289 2055/2058/303
f 2033/2036/287 2024/2030/282 2029/2031/281
f 2033/2036/287 2029/2031/281 2038/2037/288
f 2039/2041/288 2030/2027/281 2023/2026/280
f 2039/2041/288 2023/2026/280 2034/2038/289
f 1980/1980/247 2022/2022/276 2031/2025/279
f 1980/1980/247 2031/2025/279 1983/1981/248
f 1983/1981/248 2031/2025/279 2024/2030/282
f 1983/1981/248 2024/2030/282 1981/1984/251
f 2032/2032/283 1991/1994/258 1993/1991/255
f 2032/2032/283 1993/1991/255 2035/2033/284
f 2035/2033/284 1993/1991/255 1990/1990/254
f 2035/2033/284 1990/1990/254 2033/2036/287
f 2086/2086/262 2064/2064/247 2074/2067/250
f 2086/2086/262 2074/2067/250 2089/2087/263
f 2090/2093/263 2075/2073/250 2066/2072/253
f 2090/2093/263 2066/2072/253 2087/2090/266
f 2065/2068/251 2076/2076/254 2084/2079/257
f 2065/2068/251 2084/2079/257 2072/2069/252
f 2073/2075/252 2085/2083/257 2078/2082/260
f 2073/2075/252 2078/2082/260 2066/2072/253
f 2077/2080/258 2096/2096/269 2104/2099/272
f 2077/2080/258 2104/2099/272 2082/2081/259
f 2083/2085/259 2105/2103/272 2098/2102/275
f 2083/2085/259 2098/2102/275 2078/2082/260
f 2097/2100/273 2088/2094/268 2093/2095/267
f 2097/2100/273 2093/2095/267 2102/2101/274
f 2103/2105/274 2094/2091/267 2087/2090/266
f 2103/2105/274 2087/2090/266 2098/2102/275
f 2128/2128/291 2086/2086/262 2095/2089/265
f 2128/2128/291 2095/2089/265 2131/2129/292
f 2131/2129/292 2095/2089/265 2088/2094/268
f 2131/2129/292 2088/2094/268 2129/2132/295
f 2096/2096/269 2138/2138/299 2147/2141/302
f 2096/2096/269 2147/2141/302 2099/2097/270
f 2099/2097/270 2147/2141/302 2140/2146/305
f 2099/2097/270 2140/2146/305 2097/2100/273
f 2139/2142/303 2130/2134/298 2135/2137/296
f 2139/2142/303 2135/2137/296 2146/2143/304
f 2145/2147/304 2134/2133/296 2129/2132/295
f 2145/2147/304 2129/2132/295 2140/2146/305
f 2106/2106/276 2128/2128/291 2136/2131/294
f 2106/2106/276 2136/2131/294 2109/2107/277
f 2110/2113/277 2137/2135/294 2130/2134/298
f 2110/2113/277 2130/2134/298 2107/2110/280
f 2138/2138/299 2118/2118/283 2126/2121/286
f 2138/2138/299 2126/2121/286 2141/2139/300
f 2142/2145/300 2127/2125/286 2120/2124/289
f 2142/2145/300 2120/2124/289 2139/2142/303
f 2119/2122/287 2108/2114/282 2114/2117/281
f 2119/2122/287 2114/2117/281 2124/2123/288
f 2125/2127/288 2115/2111/281 2107/2110/280
f 2125/2127/288 2107/2110/280 2120/2124/289
f 2064/2064/247 2106/2106/276 2117/2109/279
f 2064/2064/247 2117/2109/279 2068/2065/248
f 2067/2071/248 2116/2115/279 2108/2114/282
f 2067/2071/248 2108/2114/282 2065/2068/251
f 2118/2118/283 2077/2080/258 2079/2077/255
f 2118/2118/283 2079/2077/255 2121/2119/284
f 2121/2119/284 2079/2077/255 2076/2076/254
f 2121/2119/284 2076/2076/254 2119/2122/287
f 2170/2176/253 2149/2152/266 2152/2155/332
f 2170/2176/253 2152/2155/332 2179/2177/335
f 2178/2171/335 2151/2149/332 2148/2148/262
f 2178/2171/335 2148/2148/262 2168/2168/247
f 2149/2152/266 2159/2162/275 2162/2165/274
f 2149/2152/266 2162/2165/274 2156/2153/333
f 2155/2157/267 2161/2159/274 2158/2158/273
f 2155/2157/267 2158/2158/273 2150/2156/268
f 2159/2162/275 2181/2184/260 2184/2187/259
f 2159/2162/275 2184/2187/259 2166/2163/334
f 2165/2167/334 2183/2181/259 2180/2180/258
f 2165/2167/334 2180/2180/258 2160/2166/269
f 2181/2184/260 2170/2176/253 2177/2179/252
f 2181/2184/260 2177/2179/252 2188/2185/257
f 2187/2189/257 2176/2173/336 2169/2172/251
f 2187/2189/257 2169/2172/251 2182/2188/254
f 2212/2218/282 2169/2172/251 2171/2175/337
f 2212/2218/282 2171/2175/337 2220/2219/279
f 2221/2213/279 2172/2169/248 2168/2168/247
f 2221/2213/279 2168/2168/247 2210/2210/276
f 2182/2188/254 2223/2226/287 2225/2223/284
f 2182/2188/254 2225/2223/284 2189/2183/255
f 2189/2183/255 2225/2223/284 2222/2222/283
f 2189/2183/255 2222/2222/283 2180/2180/258
f 2223/2226/287 2212/2218/282 2218/2221/281
f 2223/2226/287 2218/2221/281 2228/2227/288
f 2229/2231/342 2219/2215/281 2211/2214/280
f 2229/2231/342 2211/2214/280 2224/2228/289
f 2192/2196/298 2211/2214/280 2214/2217/340
f 2192/2196/298 2214/2217/340 2199/2197/338
f 2198/2193/338 2213/2211/340 2210/2210/276
f 2198/2193/338 2210/2210/276 2190/2190/291
f 2224/2228/289 2201/2204/303 2204/2207/300
f 2224/2228/289 2204/2207/300 2231/2229/286
f 2230/2225/286 2203/2201/300 2200/2200/299
f 2230/2225/286 2200/2200/299 2222/2222/283
f 2201/2204/303 2192/2196/298 2197/2199/296
f 2201/2204/303 2197/2199/296 2208/2205/304
f 2207/2209/304 2196/2195/296 2191/2194/295
f 2207/2209/304 2191/2194/295 2202/2208/305
f 2150/2156/268 2191/2194/295 2193/2191/292
f 2150/2156/268 2193/2191/292 2157/2151/265
f 2157/2151/265 2193/2191/292 2190/2190/291
f 2157/2151/265 2190/2190/291 2148/2148/262
f 2202/2208/305 2158/2158/273 2167/2161/270
f 2202/2208/305 2167/2161/270 2209/2203/302
f 2209/2203/302 2167/2161/270 2160/2166/269
f 2209/2203/302 2160/2166/269 2200/2200/299
f 2256/2260/253 2233/2236/266 2236/2239/332
f 2256/2260/253 2236/2239/332 2263/2261/335
f 2262/2257/344 2235/2233/332 2232/2232/262
f 2262/2257/344 2232/2232/262 2254/2254/247
f 2233/2236/266 2245/2248/275 2248/2251/274
f 2233/2236/266 2248/2251/274 2241/2237/333
f 2240/2243/267 2247/2245/274 2244/2244/273
f 2240/2243/267 2244/2244/273 2234/2240/268
f 2245/2248/275 2265/2268/260 2268/2271/259
f 2245/2248/275 2268/2271/259 2252/2249/334
f 2251/2253/334 2267/2265/259 2264/2264/258
f 2251/2253/334 2264/2264/258 2246/2252/269
f 2265/2268/260 2256/2260/253 2261/2263/252
f 2265/2268/260 2261/2263/252 2272/2269/257
f 2271/2273/257 2260/2259/252 2255/2258/251
f 2271/2273/257 2255/2258/251 2266/2272/254
f 2298/2304/282 2255/2258/251 2257/2255/248
f 2298/2304/282 2257/2255/248 2305/2299/279
f 2305/2299/279 2257/2255/248 2254/2254/247
f 2305/2299/279 2254/2254/247 2296/2296/276
f 2266/2272/254 2307/2310/287 2309/2307/284
f 2266/2272/254 2309/2307/284 2273/2267/255
f 2273/2267/255 2309/2307/284 2306/2306/283
f 2273/2267/255 2306/2306/283 2264/2264/258
f 2307/2310/287 2298/2304/282 2303/2305/281
f 2307/2310/287 2303/2305/281 2312/2311/288
f 2313/2315/288 2304/2301/281 2297/2300/280
f 2313/2315/288 2297/2300/280 2308/2312/289
f 2276/2282/298 2297/2300/280 2300/2303/340
f 2276/2282/298 2300/2303/340 2285/2283/338
f 2284/2277/338 2299/2297/340 2296/2296/276
f 2284/2277/338 2296/2296/276 2274/2274/291
f 2308/2312/289 2287/2290/303 2290/2293/300
f 2308/2312/289 2290/2293/300 2315/2313/286
f 2314/2309/286 2289/2287/300 2286/2286/299
f 2314/2309/286 2286/2286/299 2306/2306/283
f 2287/2290/303 2276/2282/298 2283/2285/296
f 2287/2290/303 2283/2285/296 2294/2291/304
f 2293/2295/304 2282/2279/296 2275/2278/295
f 2293/2295/304 2275/2278/295 2288/2294/305
f 2234/2240/268 2275/2278/295 2278/2281/292
f 2234/2240/268 2278/2281/292 2243/2241/265
f 2242/2235/265 2277/2275/292 2274/2274/291
f 2242/2235/265 2274/2274/291 2232/2232/262
f 2288/2294/305 2244/2244/273 2253/2247/270
f 2288/2294/305 2253/2247/270 2295/2289/302
f 2295/2289/302 2253/2247/270 2246/2252/269
f 2295/2289/302 2246/2252/269 2286/2286/299
f 2000/2000/262 2042/2042/291 2022/2022/276
f 2000/2000/262 2022/2022/276 1980/1980/247
f 1982/1986/253 1992/1996/260 2014/2018/275
f 1982/1986/253 2014/2018/275 2001/2004/266
f 2024/2030/282 2033/2036/287 1990/1990/254
f 2024/2030/282 1990/1990/254 1981/1984/251
f 2054/2054/299 2012/2012/269 1991/1994/258
f 2054/2054/299 1991/1994/258 2032/2032/283
f 2002/2008/268 2013/2016/273 2056/2062/305
f 2002/2008/268 2056/2062/305 2043/2046/295
f 2044/2050/298 2055/2058/303 2034/2038/289
f 2044/2050/298 2034/2038/289 2023/2026/280
f 2086/2086/262 2128/2128/291 2106/2106/276
f 2086/2086/262 2106/2106/276 2064/2064/247
f 2066/2072/253 2078/2082/260 2098/2102/275
f 2066/2072/253 2098/2102/275 2087/2090/266
f 2108/2114/282 2119/2122/287 2076/2076/254
f 2108/2114/282 2076/2076/254 2065/2068/251
f 2138/2138/299 2096/2096/269 2077/2080/258
f 2138/2138/299 2077/2080/258 2118/2118/283
f 2088/2094/268 2097/2100/273 2140/2146/305
f 2088/2094/268 2140/2146/305 2129/2132/295
f 2130/2134/298 2139/2142/303 2120/2124/289
f 2130/2134/298 2120/2124/289 2107/2110/280
f 2168/2168/247 2148/2148/262 2190/2190/291
f 2168/2168/247 2190/2190/291 2210/2210/276
f 2149/2152/266 2170/2176/253 2181/2184/260
f 2149/2152/266 2181/2184/260 2159/2162/275
f 2191/2194/295 2150/2156/268 2158/2158/273
f 2191/2194/295 2158/2158/273 2202/2208/305
f 2222/2222/283 2200/2200/299 2160/2166/269
f 2222/2222/283 2160/2166/269 2180/2180/258
f 2169/2172/251 2212/2218/282 2223/2226/287
f 2169/2172/251 2223/2226/287 2182/2188/254
f 2211/2214/280 2192/2196/298 2201/2204/303
f 2211/2214/280 2201/2204/303 2224/2228/289
f 2254/2254/247 2232/2232/262 2274/2274/291
f 2254/2254/247 2274/2274/291 2296/2296/276
f 2233/2236/266 2256/2260/253 2265/2268/260
f 2233/2236/266 2265/2268/260 2245/2248/275
f 2275/2278/295 2234/2240/268 2244/2244/273
f 2275/2278/295 2244/2244/273 2288/2294/305
f 2306/2306/283 2286/2286/299 2246/2252/269
f 2306/2306/283 2246/2252/269 2264/2264/258
f 2255/2258/251 2298/2304/282 2307/2310/287
f 2255/2258/251 2307/2310/287 2266/2272/254
f 2297/2300/280 2276/2282/298 2287/2290/303
f 2297/2300/280 2287/2290/303 2308/2312/289
f 2316/2316/260 2319/2317/257 2322/2318/346
f 2316/2316/260 2322/2318/346 2327/2319/259
f 2317/2320/254 2325/2321/255 2323/2322/256
f 2317/2320/254 2323/2322/256 2320/2323/257
f 2318/2324/258 2326/2325/259 2321/2326/256
f 2318/2324/258 2321/2326/256 2324/2327/255
f 2328/2328/275 2332/2329/272 2334/2330/312
f 2328/2328/275 2334/2330/312 2338/2331/274
f 2329/2332/269 2336/2333/270 2333/2334/350
f 2329/2332/269 2333/2334/350 2331/2335/272
f 2330/2336/273 2339/2337/274 2335/2338/350
f 2330/2336/273 2335/2338/350 2337/2339/270
f 2340/2340/289 2344/2341/286 2346/2342/285
f 2340/2340/289 2346/2342/285 2350/2343/288
f 2341/2344/283 2348/2345/284 2345/2346/285
f 2341/2344/283 2345/2346/285 2343/2347/286
f 2342/2348/287 2351/2349/288 2347/2350/285
f 2342/2348/287 2347/2350/285 2349/2351/284
f 2352/2352/305 2356/2353/302 2359/2354/348
f 2352/2352/305 2359/2354/348 2363/2355/304
f 2353/2356/299 2360/2357/300 2357/2358/348
f 2353/2356/299 2357/2358/348 2355/2359/302
f 2354/2360/303 2362/2361/304 2358/2362/348
f 2354/2360/303 2358/2362/348 2361/2363/300
f 2364/2364/351 2367/2365/352 2369/2366/353
f 2364/2364/351 2369/2366/353 2372/2367/354
f 2365/2368/355 2371/2369/356 2370/2370/353
f 2365/2368/355 2370/2370/353 2368/2371/352
f 2366/2372/357 2373/2373/354 2370/2370/353
f 2366/2372/357 2370/2370/353 2371/2369/356
f 2374/2374/358 2377/2375/359 2379/2376/360
f 2374/2374/358 2379/2376/360 2384/2377/361
f 2375/2378/362 2382/2379/363 2380/2380/360
f 2375/2378/362 2380/2380/360 2378/2381/359
f 2376/2382/364 2385/2383/365 2381/2384/366
f 2376/2382/364 2381/2384/366 2383/2385/367
f 2386/2386/368 2389/2387/369 2391/2388/370
f 2386/2386/368 2391/2388/370 2394/2389/371
f 2387/2390/372 2393/2391/373 2392/2392/374
f 2387/2390/372 2392/2392/374 2390/2393/369
f 2388/2394/375 2395/2395/376 2392/2392/374
f 2388/2394/375 2392/2392/374 2393/2391/373
f 2396/2396/377 2400/2397/378 2402/2398/379
f 2396/2396/377 2402/2398/379 2406/2399/380
f 2397/2400/381 2404/2401/382 2401/2402/379
f 2397/2400/381 2401/2402/379 2399/2403/378
f 2398/2404/383 2407/2405/380 2403/2406/379
f 2398/2404/383 2403/2406/379 2405/2407/382
f 2408/2408/384 2411/2409/385 2413/2410/386
f 2408/2408/384 2413/2410/386 2418/2411/387
f 2409/2412/388 2417/2413/389 2415/2414/386
f 2409/2412/388 2415/2414/386 2412/2415/390
f 2410/2416/391 2419/2417/387 2414/2418/386
f 2410/2416/391 2414/2418/386 2416/2419/389
f 2420/2420/392 2424/2421/393 2426/2422/394
f 2420/2420/392 2426/2422/394 2429/2423/395
f 2421/2424/396 2427/2425/397 2425/2426/394
f 2421/2424/396 2425/2426/394 2423/2427/398
f 2422/2428/399 2429/2423/395 2426/2422/394
f 2422/2428/399 2426/2422/394 2428/2429/397
f 2430/2430/400 2433/2431/401 2435/2432/402
f 2430/2430/400 2435/2432/402 2440/2433/403
f 2431/2434/404 2438/2435/405 2436/2436/402
f 2431/2434/404 2436/2436/402 2434/2437/401
f 2432/2438/406 2441/2439/403 2437/2440/407
f 2432/2438/406 2437/2440/407 2439/2441/405
f 2442/2442/408 2445/2443/409 2447/2444/410
f 2442/2442/408 2447/2444/410 2450/2445/411
f 2443/2446/412 2449/2447/413 2448/2448/410
f 2443/2446/412 2448/2448/410 2446/2449/409
f 2444/2450/414 2451/2451/415 2448/2448/410
f 2444/2450/414 2448/2448/410 2449/2447/413
f 2452/2452/289 2455/2453/416 2457/2454/285
f 2452/2452/289 2457/2454/285 2462/2455/288
f 2453/2456/283 2460/2457/284 2458/2458/285
f 2453/2456/283 2458/2458/285 2456/2459/286
f 2454/2460/287 2463/2461/288 2459/2462/285
f 2454/2460/287 2459/2462/285 2461/2463/284
f 2464/2464/303 2467/2465/417 2469/2466/348
f 2464/2464/303 2469/2466/348 2474/2467/300
f 2465/2468/305 2473/2469/302 2471/2470/348
f 2465/2468/305 2471/2470/348 2468/2471/304
f 2466/2472/299 2475/2473/300 2470/2474/348
f 2466/2472/299 2470/2474/348 2472/2475/302
f 2476/2476/260 2479/2477/257 2481/2478/346
f 2476/2476/260 2481/2478/346 2486/2479/259
f 2477/2480/254 2485/2481/255 2483/2482/256
f 2477/2480/254 2483/2482/256 2480/2483/257
f 2478/2484/258 2487/2485/259 2482/2486/256
f 2478/2484/258 2482/2486/256 2484/2487/255
f 2488/2488/273 2492/2489/274 2495/2490/350
f 2488/2488/273 2495/2490/350 2499/2491/270
f 2489/2492/275 2496/2493/272 2493/2494/312
f 2489/2492/275 2493/2494/312 2491/2495/274
f 2490/2496/269 2498/2497/270 2494/2498/350
f 2490/2496/269 2494/2498/350 2497/2499/272
f 2500/2500/418 2503/2501/397 2505/2502/394
f 2500/2500/418 2505/2502/394 2508/2503/398
f 2501/2504/419 2507/2505/395 2506/2506/394
f 2501/2504/419 2506/2506/394 2504/2507/420
f 2502/2508/392 2509/2509/398 2506/2506/394
f 2502/2508/392 2506/2506/394 2507/2505/395
f 2510/2510/421 2513/2511/390 2515/2512/386
f 2510/2510/421 2515/2512/386 2520/2513/387
f 2511/2514/388 2519/2515/389 2517/2516/386
f 2511/2514/388 2517/2516/386 2514/2517/390
f 2512/2518/391 2521/2519/387 2516/2520/386
f 2512/2518/391 2516/2520/386 2518/2521/422
f 2522/2522/408 2525/2523/409 2527/2524/423
f 2522/2522/408 2527/2524/423 2530/2525/411
f 2523/2526/424 2529/2527/413 2528/2528/410
f 2523/2526/424 2528/2528/410 2526/2529/409
f 2524/2530/414 2531/2531/415 2528/2528/410
f 2524/2530/414 2528/2528/410 2529/2527/413
f 2532/2532/404 2535/2533/405 2538/2534/402
f 2532/2532/404 2538/2534/402 2543/2535/401
f 2533/2536/425 2541/2537/403 2539/2538/402
f 2533/2536/425 2539/2538/402 2536/2539/405
f 2534/2540/426 2542/2541/401 2537/2542/402
f 2534/2540/426 2537/2542/402 2540/2543/403
f 2544/2544/358 2547/2545/359 2549/2546/360
f 2544/2544/358 2549/2546/360 2554/2547/427
f 2545/2548/428 2552/2549/367 2550/2550/360
f 2545/2548/428 2550/2550/360 2548/2551/359
f 2546/2552/364 2555/2553/427 2551/2554/360
f 2546/2552/364 2551/2554/360 2553/2555/367
f 2556/2556/355 2559/2557/356 2561/2558/353
f 2556/2556/355 2561/2558/353 2565/2559/352
f 2557/2560/429 2563/2561/354 2561/2558/353
f 2557/2560/429 2561/2558/353 2559/2557/356
f 2558/2562/430 2564/2563/352 2560/2564/353
f 2558/2562/430 2560/2564/353 2562/2565/431
f 2566/2566/432 2569/2567/433 2571/2568/379
f 2566/2566/432 2571/2568/379 2576/2569/378
f 2567/2570/383 2575/2571/434 2573/2572/379
f 2567/2570/383 2573/2572/379 2570/2573/382
f 2568/2574/435 2577/2575/378 2572/2576/379
f 2568/2574/435 2572/2576/379 2574/2577/380
f 2578/2578/368 2581/2579/369 2583/2580/374
f 2578/2578/368 2583/2580/374 2586/2581/371
f 2579/2582/372 2585/2583/373 2584/2584/374
f 2579/2582/372 2584/2584/374 2582/2585/369
f 2580/2586/436 2587/2587/376 2584/2584/374
f 2580/2586/436 2584/2584/374 2585/2583/373
f 2318/2324/258 2329/2332/269 2331/2335/272
f 2318/2324/258 2331/2335/272 2326/2325/259
f 2327/2319/259 2332/2329/272 2328/2328/275
f 2327/2319/259 2328/2328/275 2316/2316/260
f 2329/2332/269 2353/2356/299 2355/2359/302
f 2329/2332/269 2355/2359/302 2336/2333/270
f 2337/2339/270 2356/2353/302 2352/2352/305
f 2337/2339/270 2352/2352/305 2330/2336/273
f 2353/2356/299 2341/2344/283 2343/2347/286
f 2353/2356/299 2343/2347/286 2360/2357/300
f 2361/2363/300 2344/2341/286 2340/2340/289
f 2361/2363/300 2340/2340/289 2354/2360/303
f 2341/2344/283 2318/2324/258 2324/2327/255
f 2341/2344/283 2324/2327/255 2348/2345/284
f 2349/2351/284 2325/2321/255 2317/2320/254
f 2349/2351/284 2317/2320/254 2342/2348/287
f 2442/2442/408 2430/2430/400 2440/2433/403
f 2442/2442/408 2440/2433/403 2445/2443/409
f 2446/2449/409 2441/2439/403 2432/2438/406
f 2446/2449/409 2432/2438/406 2443/2446/412
f 2431/2434/404 2396/2396/377 2406/2399/380
f 2431/2434/404 2406/2399/380 2438/2435/405
f 2439/2441/405 2407/2405/380 2398/2404/383
f 2439/2441/405 2398/2404/383 2432/2438/406
f 2397/2400/381 2386/2386/368 2394/2389/371
f 2397/2400/381 2394/2389/371 2404/2401/382
f 2405/2407/382 2395/2395/376 2388/2394/375
f 2405/2407/382 2388/2394/375 2398/2404/383
f 2387/2390/372 2444/2450/414 2449/2447/413
f 2387/2390/372 2449/2447/413 2393/2391/373
f 2393/2391/373 2449/2447/413 2443/2446/412
f 2393/2391/373 2443/2446/412 2388/2394/375
f 2374/2374/358 2364/2364/351 2372/2367/354
f 2374/2374/358 2372/2367/354 2377/2375/359
f 2378/2381/359 2373/2373/354 2366/2372/357
f 2378/2381/359 2366/2372/357 2375/2378/362
f 2365/2368/355 2420/2420/392 2429/2423/395
f 2365/2368/355 2429/2423/395 2371/2369/356
f 2371/2369/356 2429/2423/395 2422/2428/399
f 2371/2369/356 2422/2428/399 2366/2372/357
f 2421/2424/396 2408/2408/384 2418/2411/387
f 2421/2424/396 2418/2411/387 2427/2425/397
f 2428/2429/397 2419/2417/387 2410/2416/391
f 2428/2429/397 2410/2416/391 2422/2428/399
f 2409/2412/388 2376/2382/364 2383/2385/367
f 2409/2412/388 2383/2385/367 2417/2413/389
f 2416/2419/389 2382/2379/363 2375/2378/362
f 2416/2419/389 2375/2378/362 2410/2416/391
f 2364/2364/351 2397/2400/381 2399/2403/378
f 2364/2364/351 2399/2403/378 2367/2365/352
f 2368/2371/352 2400/2397/378 2396/2396/377
f 2368/2371/352 2396/2396/377 2365/2368/355
f 2430/2430/400 2421/2424/396 2423/2427/398
f 2430/2430/400 2423/2427/398 2433/2431/401
f 2434/2437/401 2424/2421/393 2420/2420/392
f 2434/2437/401 2420/2420/392 2431/2434/404
f 2376/2382/364 2317/2320/254 2320/2323/257
f 2376/2382/364 2320/2323/257 2385/2383/365
f 2384/2377/361 2319/2317/257 2316/2316/260
f 2384/2377/361 2316/2316/260 2374/2374/358
f 2330/2336/273 2387/2390/372 2390/2393/369
f 2330/2336/273 2390/2393/369 2339/2337/274
f 2338/2331/274 2389/2387/369 2386/2386/368
f 2338/2331/274 2386/2386/368 2328/2328/275
f 2408/2408/384 2340/2340/289 2350/2343/288
f 2408/2408/384 2350/2343/288 2411/2409/385
f 2412/2415/390 2351/2349/288 2342/2348/287
f 2412/2415/390 2342/2348/287 2409/2412/388
f 2354/2360/303 2442/2442/408 2450/2445/411
f 2354/2360/303 2450/2445/411 2362/2361/304
f 2363/2355/304 2451/2451/415 2444/2450/414
f 2363/2355/304 2444/2450/414 2352/2352/305
f 2452/2452/289 2464/2464/303 2474/2467/300
f 2452/2452/289 2474/2467/300 2455/2453/416
f 2456/2459/286 2475/2473/300 2466/2472/299
f 2456/2459/286 2466/2472/299 2453/2456/283
f 2465/2468/305 2488/2488/273 2499/2491/270
f 2465/2468/305 2499/2491/270 2473/2469/302
f 2472/2475/302 2498/2497/270 2490/2496/269
f 2472/2475/302 2490/2496/269 2466/2472/299
f 2489/2492/275 2476/2476/260 2486/2479/259
f 2489/2492/275 2486/2479/259 2496/2493/272
f 2497/2499/272 2487/2485/259 2478/2484/258
f 2497/2499/272 2478/2484/258 2490/2496/269
f 2477/2480/254 2454/2460/287 2461/2463/284
f 2477/2480/254 2461/2463/284 2485/2481/255
f 2484/2487/255 2460/2457/284 2453/2456/283
f 2484/2487/255 2453/2456/283 2478/2484/258
f 2580/2586/436 2567/2570/383 2570/2573/382
f 2580/2586/436 2570/2573/382 2587/2587/376
f 2586/2581/371 2569/2567/433 2566/2566/432
f 2586/2581/371 2566/2566/432 2578/2578/368
f 2567/2570/383 2533/2536/425 2536/2539/405
f 2567/2570/383 2536/2539/405 2575/2571/434
f 2574/2577/380 2535/2533/405 2532/2532/404
f 2574/2577/380 2532/2532/404 2568/2574/435
f 2533/2536/425 2523/2526/424 2526/2529/409
f 2533/2536/425 2526/2529/409 2541/2537/403
f 2540/2543/403 2525/2523/409 2522/2522/408
f 2540/2543/403 2522/2522/408 2534/2540/426
f 2523/2526/424 2580/2586/436 2585/2583/373
f 2523/2526/424 2585/2583/373 2529/2527/413
f 2529/2527/413 2585/2583/373 2579/2582/372
f 2529/2527/413 2579/2582/372 2524/2530/414
f 2512/2518/391 2501/2504/419 2504/2507/420
f 2512/2518/391 2504/2507/420 2521/2519/387
f 2520/2513/387 2503/2501/397 2500/2500/418
f 2520/2513/387 2500/2500/418 2510/2510/421
f 2501/2504/419 2557/2560/429 2559/2557/356
f 2501/2504/419 2559/2557/356 2507/2505/395
f 2507/2505/395 2559/2557/356 2556/2556/355
f 2507/2505/395 2556/2556/355 2502/2508/392
f 2557/2560/429 2545/2548/428 2548/2551/359
f 2557/2560/429 2548/2551/359 2563/2561/354
f 2562/2565/431 2547/2545/359 2544/2544/358
f 2562/2565/431 2544/2544/358 2558/2562/430
f 2545/2548/428 2512/2518/391 2518/2521/422
f 2545/2548/428 2518/2521/422 2552/2549/367
f 2553/2555/367 2519/2515/389 2511/2514/388
f 2553/2555/367 2511/2514/388 2546/2552/364
f 2502/2508/392 2532/2532/404 2543/2535/401
f 2502/2508/392 2543/2535/401 2509/2509/398
f 2508/2503/398 2542/2541/401 2534/2540/426
f 2508/2503/398 2534/2540/426 2500/2500/418
f 2568/2574/435 2556/2556/355 2565/2559/352
f 2568/2574/435 2565/2559/352 2577/2575/378
f 2576/2569/378 2564/2563/352 2558/2562/430
f 2576/2569/378 2558/2562/430 2566/2566/432
f 2510/2510/421 2452/2452/289 2462/2455/288
f 2510/2510/421 2462/2455/288 2513/2511/390
f 2514/2517/390 2463/2461/288 2454/2460/287
f 2514/2517/390 2454/2460/287 2511/2514/388
f 2464/2464/303 2522/2522/408 2530/2525/411
f 2464/2464/303 2530/2525/411 2467/2465/417
f 2468/2471/304 2531/2531/415 2524/2530/414
f 2468/2471/304 2524/2530/414 2465/2468/305
f 2546/2552/364 2477/2480/254 2480/2483/257
f 2546/2552/364 2480/2483/257 2555/2553/427
f 2554/2547/427 2479/2477/257 2476/2476/260
f 2554/2547/427 2476/2476/260 2544/2544/358
f 2488/2488/273 2579/2582/372 2582/2585/369
f 2488/2488/273 2582/2585/369 2492/2489/274
f 2491/2495/274 2581/2579/369 2578/2578/368
f 2491/2495/274 2578/2578/368 2489/2492/275
f 2397/2400/381 2364/2364/351 2374/2374/358
f 2374/2374/358 2316/2316/260 2328/2328/275
f 2328/2328/275 2386/2386/368 2397/2400/381
f 2374/2374/358 2328/2328/275 2397/2400/381
f 2353/2356/299 2329/2332/269 2318/2324/258
f 2353/2356/299 2318/2324/258 2341/2344/283
f 2409/2412/388 2342/2348/287 2317/2320/254
f 2409/2412/388 2317/2320/254 2376/2382/364
f 2387/2390/372 2330/2336/273 2352/2352/305
f 2387/2390/372 2352/2352/305 2444/2450/414
f 2421/2424/396 2430/2430/400 2442/2442/408
f 2442/2442/408 2354/2360/303 2340/2340/289
f 2340/2340/289 2408/2408/384 2421/2424/396
f 2442/2442/408 2340/2340/289 2421/2424/396
f 2366/2372/357 2422/2428/399 2410/2416/391
f 2366/2372/357 2410/2416/391 2375/2378/362
f 2396/2396/377 2431/2434/404 2420/2420/392
f 2396/2396/377 2420/2420/392 2365/2368/355
f 2432/2438/406 2398/2404/383 2388/2394/375
f 2432/2438/406 2388/2394/375 2443/2446/412
f 2510/2510/421 2500/2500/418 2534/2540/426
f 2534/2540/426 2522/2522/408 2464/2464/303
f 2464/2464/303 2452/2452/289 2510/2510/421
f 2534/2540/426 2464/2464/303 2510/2510/421
f 2490/2496/269 2478/2484/258 2453/2456/283
f 2490/2496/269 2453/2456/283 2466/2472/299
f 2546/2552/364 2511/2514/388 2454/2460/287
f 2546/2552/364 2454/2460/287 2477/2480/254
f 2524/2530/414 2579/2582/372 2488/2488/273
f 2524/2530/414 2488/2488/273 2465/2468/305
f 2578/2578/368 2566/2566/432 2558/2562/430
f 2558/2562/430 2544/2544/358 2476/2476/260
f 2476/2476/260 2489/2492/275 2578/2578/368
f 2558/2562/430 2476/2476/260 2578/2578/368
f 2501/2504/419 2512/2518/391 2545/2548/428
f 2501/2504/419 2545/2548/428 2557/2560/429
f 2532/2532/404 2502/2508/392 2556/2556/355
f 2532/2532/404 2556/2556/355 2568/2574/435
f 2567/2570/383 2580/2586/436 2523/2526/424
f 2567/2570/383 2523/2526/424 2533/2536/425
f 2588/2588/437 2592/2589/438 2595/2590/256
f 2588/2588/437 2595/2590/256 2599/2591/259
f 2589/2592/439 2597/2593/440 2593/2594/256
f 2589/2592/439 2593/2594/256 2591/2595/441
f 2590/2596/258 2598/2597/259 2594/2598/256
f 2590/2596/258 2594/2598/256 2596/2599/255
f 2600/2600/442 2604/2601/272 2606/2602/271
f 2600/2600/442 2606/2602/271 2609/2603/443
f 2601/2604/269 2607/2605/270 2605/2606/307
f 2601/2604/269 2605/2606/307 2603/2607/272
f 2602/2608/444 2608/2609/445 2605/2606/307
f 2602/2608/444 2605/2606/307 2607/2605/270
f 2610/2610/446 2614/2611/286 2617/2612/341
f 2610/2610/446 2617/2612/341 2621/2613/447
f 2611/2614/283 2618/2615/284 2616/2616/341
f 2611/2614/283 2616/2616/341 2613/2617/286
f 2612/2618/448 2620/2619/447 2615/2620/449
f 2612/2618/448 2615/2620/449 2619/2621/284
f 2622/2622/450 2625/2623/302 2626/2624/309
f 2622/2622/450 2626/2624/309 2630/2625/451
f 2623/2626/299 2628/2627/300 2626/2624/309
f 2623/2626/299 2626/2624/309 2625/2623/302
f 2624/2628/452 2631/2629/451 2627/2630/331
f 2624/2628/452 2627/2630/331 2629/2631/453
f 2632/2632/454 2636/2633/455 2638/2634/456
f 2632/2632/454 2638/2634/456 2641/2635/457
f 2633/2636/458 2639/2637/459 2637/2638/460
f 2633/2636/458 2637/2638/460 2635/2639/461
f 2634/2640/462 2640/2641/457 2637/2638/460
f 2634/2640/462 2637/2638/460 2639/2637/459
f 2642/2642/463 2646/2643/464 2648/2644/465
f 2642/2642/463 2648/2644/465 2651/2645/466
f 2643/2646/467 2649/2647/468 2647/2648/465
f 2643/2646/467 2647/2648/465 2645/2649/469
f 2644/2650/470 2650/2651/466 2647/2648/465
f 2644/2650/470 2647/2648/465 2649/2647/468
f 2652/2652/471 2656/2653/472 2658/2654/473
f 2652/2652/471 2658/2654/473 2661/2655/474
f 2653/2656/475 2659/2657/476 2657/2658/473
f 2653/2656/475 2657/2658/473 2655/2659/472
f 2654/2660/477 2660/2661/478 2657/2658/473
f 2654/2660/477 2657/2658/473 2659/2657/476
f 2662/2662/479 2665/2663/480 2667/2664/481
f 2662/2662/479 2667/2664/481 2671/2665/482
f 2663/2666/483 2670/2667/484 2668/2668/485
f 2663/2666/483 2668/2668/485 2666/2669/486
f 2664/2670/487 2671/2665/482 2667/2664/481
f 2664/2670/487 2667/2664/481 2669/2671/488
f 2672/2672/489 2676/2673/490 2678/2674/491
f 2672/2672/489 2678/2674/491 2681/2675/492
f 2673/2676/493 2679/2677/494 2677/2678/495
f 2673/2676/493 2677/2678/495 2675/2679/490
f 2674/2680/496 2680/2681/492 2677/2678/495
f 2674/2680/496 2677/2678/495 2679/2677/494
f 2682/2682/497 2685/2683/498 2687/2684/499
f 2682/2682/497 2687/2684/499 2691/2685/500
f 2683/2686/501 2690/2687/502 2688/2688/499
f 2683/2686/501 2688/2688/499 2686/2689/503
f 2684/2690/504 2691/2685/500 2687/2684/499
f 2684/2690/504 2687/2684/499 2689/2691/502
f 2692/2692/505 2696/2693/506 2698/2694/507
f 2692/2692/505 2698/2694/507 2701/2695/508
f 2693/2696/509 2699/2697/510 2697/2698/507
f 2693/2696/509 2697/2698/507 2695/2699/511
f 2694/2700/512 2700/2701/513 2697/2698/507
f 2694/2700/512 2697/2698/507 2699/2697/510
f 2702/2702/514 2706/2703/515 2708/2704/516
f 2702/2702/514 2708/2704/516 2711/2705/517
f 2703/2706/518 2709/2707/519 2707/2708/520
f 2703/2706/518 2707/2708/520 2705/2709/515
f 2704/2710/521 2710/2711/522 2707/2708/520
f 2704/2710/521 2707/2708/520 2709/2707/519
f 2712/2712/446 2716/2713/286 2719/2714/285
f 2712/2712/446 2719/2714/285 2723/2715/447
f 2713/2716/283 2721/2717/284 2717/2718/523
f 2713/2716/283 2717/2718/523 2715/2719/286
f 2714/2720/524 2722/2721/447 2718/2722/525
f 2714/2720/524 2718/2722/525 2720/2723/284
f 2724/2724/526 2728/2725/527 2730/2726/301
f 2724/2724/526 2730/2726/301 2733/2727/300
f 2725/2728/450 2731/2729/302 2729/2730/309
f 2725/2728/450 2729/2730/309 2727/2731/528
f 2726/2732/299 2732/2733/300 2729/2730/309
f 2726/2732/299 2729/2730/309 2731/2729/302
f 2734/2734/529 2738/2735/441 2741/2736/256
f 2734/2734/529 2741/2736/256 2745/2737/259
f 2735/2738/439 2742/2739/440 2740/2740/346
f 2735/2738/439 2740/2740/346 2737/2741/441
f 2736/2742/258 2744/2743/259 2739/2744/256
f 2736/2742/258 2739/2744/256 2743/2745/255
f 2746/2746/444 2749/2747/445 2751/2748/307
f 2746/2746/444 2751/2748/307 2755/2749/270
f 2747/2750/442 2754/2751/272 2752/2752/271
f 2747/2750/442 2752/2752/271 2750/2753/445
f 2748/2754/269 2755/2749/270 2751/2748/307
f 2748/2754/269 2751/2748/307 2753/2755/272
f 2756/2756/501 2760/2757/530 2762/2758/531
f 2756/2756/501 2762/2758/531 2765/2759/532
f 2757/2760/504 2763/2761/500 2761/2762/499
f 2757/2760/504 2761/2762/499 2759/2763/502
f 2758/2764/497 2764/2765/533 2761/2762/499
f 2758/2764/497 2761/2762/499 2763/2761/500
f 2766/2766/534 2770/2767/490 2772/2768/491
f 2766/2766/534 2772/2768/491 2775/2769/535
f 2767/2770/493 2773/2771/536 2771/2772/495
f 2767/2770/493 2771/2772/495 2769/2773/490
f 2768/2774/496 2774/2775/535 2771/2772/495
f 2768/2774/496 2771/2772/495 2773/2771/536
f 2776/2776/537 2780/2777/515 2782/2778/516
f 2776/2776/537 2782/2778/516 2785/2779/517
f 2777/2780/518 2783/2781/519 2781/2782/520
f 2777/2780/518 2781/2782/520 2779/2783/515
f 2778/2784/538 2784/2785/522 2781/2782/520
f 2778/2784/538 2781/2782/520 2783/2781/519
f 2786/2786/509 2789/2787/510 2790/2788/507
f 2786/2786/509 2790/2788/507 2794/2789/539
f 2787/2790/512 2792/2791/540 2790/2788/507
f 2787/2790/512 2790/2788/507 2789/2787/510
f 2788/2792/541 2795/2793/542 2791/2794/543
f 2788/2792/541 2791/2794/543 2793/2795/513
f 2796/2796/463 2800/2797/464 2802/2798/544
f 2796/2796/463 2802/2798/544 2805/2799/545
f 2797/2800/467 2803/2801/468 2801/2802/546
f 2797/2800/467 2801/2802/546 2799/2803/469
f 2798/2804/547 2804/2805/466 2801/2802/546
f 2798/2804/547 2801/2802/546 2803/2801/468
f 2806/2806/548 2809/2807/459 2810/2808/460
f 2806/2806/548 2810/2808/460 2814/2809/549
f 2807/2810/462 2812/2811/457 2810/2808/460
f 2807/2810/462 2810/2808/460 2809/2807/459
f 2808/2812/550 2815/2813/551 2811/2814/460
f 2808/2812/550 2811/2814/460 2813/2815/552
f 2816/2816/483 2820/2817/488 2822/2818/481
f 2816/2816/483 2822/2818/481 2825/2819/553
f 2817/2820/487 2823/2821/482 2821/2822/481
f 2817/2820/487 2821/2822/481 2819/2823/488
f 2818/2824/554 2824/2825/480 2821/2822/481
f 2818/2824/554 2821/2822/481 2823/2821/482
f 2826/2826/555 2830/2827/472 2832/2828/473
f 2826/2826/555 2832/2828/473 2835/2829/556
f 2827/2830/475 2833/2831/476 2831/2832/473
f 2827/2830/475 2831/2832/473 2829/2833/472
f 2828/2834/477 2834/2835/556 2831/2832/473
f 2828/2834/477 2831/2832/473 2833/2831/476
f 2590/2596/258 2601/2604/269 2603/2607/272
f 2590/2596/258 2603/2607/272 2598/2597/259
f 2599/2591/259 2604/2601/272 2600/2600/442
f 2599/2591/259 2600/2600/442 2588/2588/437
f 2601/2604/269 2623/2626/299 2625/2623/302
f 2601/2604/269 2625/2623/302 2607/2605/270
f 2607/2605/270 2625/2623/302 2622/2622/450
f 2607/2605/270 2622/2622/450 2602/2608/444
f 2623/2626/299 2611/2614/283 2613/2617/286
f 2623/2626/299 2613/2617/286 2628/2627/300
f 2629/2631/453 2614/2611/286 2610/2610/446
f 2629/2631/453 2610/2610/446 2624/2628/452
f 2611/2614/283 2590/2596/258 2596/2599/255
f 2611/2614/283 2596/2599/255 2618/2615/284
f 2619/2621/284 2597/2593/440 2589/2592/439
f 2619/2621/284 2589/2592/439 2612/2618/448
f 2702/2702/514 2692/2692/505 2701/2695/508
f 2702/2702/514 2701/2695/508 2706/2703/515
f 2705/2709/515 2700/2701/513 2694/2700/512
f 2705/2709/515 2694/2700/512 2703/2706/518
f 2693/2696/509 2662/2662/479 2671/2665/482
f 2693/2696/509 2671/2665/482 2699/2697/510
f 2699/2697/510 2671/2665/482 2664/2670/487
f 2699/2697/510 2664/2670/487 2694/2700/512
f 2663/2666/483 2652/2652/471 2661/2655/474
f 2663/2666/483 2661/2655/474 2670/2667/484
f 2669/2671/488 2660/2661/478 2654/2660/477
f 2669/2671/488 2654/2660/477 2664/2670/487
f 2653/2656/475 2704/2710/521 2709/2707/519
f 2653/2656/475 2709/2707/519 2659/2657/476
f 2659/2657/476 2709/2707/519 2703/2706/518
f 2659/2657/476 2703/2706/518 2654/2660/477
f 2642/2642/463 2632/2632/454 2641/2635/457
f 2642/2642/463 2641/2635/457 2646/2643/464
f 2645/2649/469 2640/2641/457 2634/2640/462
f 2645/2649/469 2634/2640/462 2643/2646/467
f 2633/2636/458 2682/2682/497 2691/2685/500
f 2633/2636/458 2691/2685/500 2639/2637/459
f 2639/2637/459 2691/2685/500 2684/2690/504
f 2639/2637/459 2684/2690/504 2634/2640/462
f 2683/2686/501 2672/2672/489 2681/2675/492
f 2683/2686/501 2681/2675/492 2690/2687/502
f 2689/2691/502 2680/2681/492 2674/2680/496
f 2689/2691/502 2674/2680/496 2684/2690/504
f 2673/2676/493 2644/2650/470 2649/2647/468
f 2673/2676/493 2649/2647/468 2679/2677/494
f 2679/2677/494 2649/2647/468 2643/2646/467
f 2679/2677/494 2643/2646/467 2674/2680/496
f 2632/2632/454 2663/2666/483 2666/2669/486
f 2632/2632/454 2666/2669/486 2636/2633/455
f 2635/2639/461 2665/2663/480 2662/2662/479
f 2635/2639/461 2662/2662/479 2633/2636/458
f 2692/2692/505 2683/2686/501 2686/2689/503
f 2692/2692/505 2686/2689/503 2696/2693/506
f 2695/2699/511 2685/2683/498 2682/2682/497
f 2695/2699/511 2682/2682/497 2693/2696/509
f 2644/2650/470 2589/2592/439 2591/2595/441
f 2644/2650/470 2591/2595/441 2650/2651/466
f 2651/2645/466 2592/2589/438 2588/2588/437
f 2651/2645/466 2588/2588/437 2642/2642/463
f 2602/2608/444 2653/2656/475 2655/2659/472
f 2602/2608/444 2655/2659/472 2608/2609/445
f 2609/2603/443 2656/2653/472 2652/2652/471
f 2609/2603/443 2652/2652/471 2600/2600/442
f 2672/2672/489 2610/2610/446 2621/2613/447
f 2672/2672/489 2621/2613/447 2676/2673/490
f 2675/2679/490 2620/2619/447 2612/2618/448
f 2675/2679/490 2612/2618/448 2673/2676/493
f 2624/2628/452 2702/2702/514 2711/2705/517
f 2624/2628/452 2711/2705/517 2631/2629/451
f 2630/2625/451 2710/2711/522 2704/2710/521
f 2630/2625/451 2704/2710/521 2622/2622/450
f 2712/2712/446 2724/2724/526 2733/2727/300
f 2712/2712/446 2733/2727/300 2716/2713/286
f 2715/2719/286 2732/2733/300 2726/2732/299
f 2715/2719/286 2726/2732/299 2713/2716/283
f 2725/2728/450 2746/2746/444 2755/2749/270
f 2725/2728/450 2755/2749/270 2731/2729/302
f 2731/2729/302 2755/2749/270 2748/2754/269
f 2731/2729/302 2748/2754/269 2726/2732/299
f 2747/2750/442 2734/2734/529 2745/2737/259
f 2747/2750/442 2745/2737/259 2754/2751/272
f 2753/2755/272 2744/2743/259 2736/2742/258
f 2753/2755/272 2736/2742/258 2748/2754/269
f 2735/2738/439 2714/2720/524 2720/2723/284
f 2735/2738/439 2720/2723/284 2742/2739/440
f 2743/2745/255 2721/2717/284 2713/2716/283
f 2743/2745/255 2713/2716/283 2736/2742/258
f 2828/2834/477 2817/2820/487 2819/2823/488
f 2828/2834/477 2819/2823/488 2834/2835/556
f 2835/2829/556 2820/2817/488 2816/2816/483
f 2835/2829/556 2816/2816/483 2826/2826/555
f 2817/2820/487 2787/2790/512 2789/2787/510
f 2817/2820/487 2789/2787/510 2823/2821/482
f 2823/2821/482 2789/2787/510 2786/2786/509
f 2823/2821/482 2786/2786/509 2818/2824/554
f 2787/2790/512 2777/2780/518 2779/2783/515
f 2787/2790/512 2779/2783/515 2792/2791/540
f 2793/2795/513 2780/2777/515 2776/2776/537
f 2793/2795/513 2776/2776/537 2788/2792/541
f 2777/2780/518 2828/2834/477 2833/2831/476
f 2777/2780/518 2833/2831/476 2783/2781/519
f 2783/2781/519 2833/2831/476 2827/2830/475
f 2783/2781/519 2827/2830/475 2778/2784/538
f 2768/2774/496 2757/2760/504 2759/2763/502
f 2768/2774/496 2759/2763/502 2774/2775/535
f 2775/2769/535 2760/2757/530 2756/2756/501
f 2775/2769/535 2756/2756/501 2766/2766/534
f 2757/2760/504 2807/2810/462 2809/2807/459
f 2757/2760/504 2809/2807/459 2763/2761/500
f 2763/2761/500 2809/2807/459 2806/2806/548
f 2763/2761/500 2806/2806/548 2758/2764/497
f 2807/2810/462 2797/2800/467 2799/2803/469
f 2807/2810/462 2799/2803/469 2812/2811/457
f 2813/2815/552 2800/2797/464 2796/2796/463
f 2813/2815/552 2796/2796/463 2808/2812/550
f 2797/2800/467 2768/2774/496 2773/2771/536
f 2797/2800/467 2773/2771/536 2803/2801/468
f 2803/2801/468 2773/2771/536 2767/2770/493
f 2803/2801/468 2767/2770/493 2798/2804/547
f 2758/2764/497 2786/2786/509 2794/2789/539
f 2758/2764/497 2794/2789/539 2764/2765/533
f 2765/2759/532 2795/2793/542 2788/2792/541
f 2765/2759/532 2788/2792/541 2756/2756/501
f 2818/2824/554 2806/2806/548 2814/2809/549
f 2818/2824/554 2814/2809/549 2824/2825/480
f 2825/2819/553 2815/2813/551 2808/2812/550
f 2825/2819/553 2808/2812/550 2816/2816/483
f 2766/2766/534 2712/2712/446 2723/2715/447
f 2766/2766/534 2723/2715/447 2770/2767/490
f 2769/2773/490 2722/2721/447 2714/2720/524
f 2769/2773/490 2714/2720/524 2767/2770/493
f 2724/2724/526 2776/2776/537 2785/2779/517
f 2724/2724/526 2785/2779/517 2728/2725/527
f 2727/2731/528 2784/2785/522 2778/2784/538
f 2727/2731/528 2778/2784/538 2725/2728/450
f 2798/2804/547 2735/2738/439 2737/2741/441
f 2798/2804/547 2737/2741/441 2804/2805/466
f 2805/2799/545 2738/2735/441 2734/2734/529
f 2805/2799/545 2734/2734/529 2796/2796/463
f 2746/2746/444 2827/2830/475 2829/2833/472
f 2746/2746/444 2829/2833/472 2749/2747/445
f 2750/2753/445 2830/2827/472 2826/2826/555
f 2750/2753/445 2826/2826/555 2747/2750/442
f 2663/2666/483 2632/2632/454 2642/2642/463
f 2642/2642/463 2588/2588/437 2600/2600/442
f 2600/2600/442 2652/2652/471 2663/2666/483
f 2642/2642/463 2600/2600/442 2663/2666/483
f 2623/2626/299 2601/2604/269 2590/2596/258
f 2623/2626/299 2590/2596/258 2611/2614/283
f 2673/2676/493 2612/2618/448 2589/2592/439
f 2673/2676/493 2589/2592/439 2644/2650/470
f 2653/2656/475 2602/2608/444 2622/2622/450
f 2653/2656/475 2622/2622/450 2704/2710/521
f 2683/2686/501 2692/2692/505 2702/2702/514
f 2702/2702/514 2624/2628/452 2610/2610/446
f 2610/2610/446 2672/2672/489 2683/2686/501
f 2702/2702/514 2610/2610/446 2683/2686/501
f 2634/2640/462 2684/2690/504 2674/2680/496
f 2634/2640/462 2674/2680/496 2643/2646/467
f 2662/2662/479 2693/2696/509 2682/2682/497
f 2662/2662/479 2682/2682/497 2633/2636/458
f 2694/2700/512 2664/2670/487 2654/2660/477
f 2694/2700/512 2654/2660/477 2703/2706/518
f 2766/2766/534 2756/2756/501 2788/2792/541
f 2788/2792/541 2776/2776/537 2724/2724/526
f 2724/2724/526 2712/2712/446 2766/2766/534
f 2788/2792/541 2724/2724/526 2766/2766/534
f 2748/2754/269 2736/2742/258 2713/2716/283
f 2748/2754/269 2713/2716/283 2726/2732/299
f 2798/2804/547 2767/2770/493 2714/2720/524
f 2798/2804/547 2714/2720/524 2735/2738/439
f 2778/2784/538 2827/2830/475 2746/2746/444
f 2778/2784/538 2746/2746/444 2725/2728/450
f 2826/2826/555 2816/2816/483 2808/2812/550
f 2808/2812/550 2796/2796/463 2734/2734/529
f 2734/2734/529 2747/2750/442 2826/2826/555
f 2808/2812/550 2734/2734/529 2826/2826/555
f 2757/2760/504 2768/2774/496 2797/2800/467
f 2757/2760/504 2797/2800/467 2807/2810/462
f 2786/2786/509 2758/2764/497 2806/2806/548
f 2786/2786/509 2806/2806/548 2818/2824/554
f 2817/2820/487 2828/2834/477 2777/2780/518
f 2817/2820/487 2777/2780/518 2787/2790/512
f 2836/2836/557 2840/2837/558 2843/2838/559
f 2836/2836/557 2843/2838/559 2847/2839/560
f 2837/2840/561 2845/2841/562 2842/2842/559
f 2837/2840/561 2842/2842/559 2839/2843/558
f 2838/2844/563 2846/2845/560 2841/2846/559
f 2838/2844/563 2841/2846/559 2844/2847/562
f 2848/2848/564 2851/2849/565 2854/2850/566
f 2848/2848/564 2854/2850/566 2859/2851/567
f 2849/2852/568 2857/2853/569 2855/2854/570
f 2849/2852/568 2855/2854/570 2852/2855/571
f 2850/2856/572 2858/2857/567 2853/2858/573
f 2850/2856/572 2853/2858/573 2856/2859/569
f 2860/2860/574 2864/2861/575 2867/2862/576
f 2860/2860/574 2867/2862/576 2871/2863/577
f 2861/2864/578 2868/2865/579 2865/2866/576
f 2861/2864/578 2865/2866/576 2863/2867/575
f 2862/2868/580 2870/2869/581 2866/2870/582
f 2862/2868/580 2866/2870/582 2869/2871/579
f 2872/2872/583 2876/2873/584 2879/2874/585
f 2872/2872/583 2879/2874/585 2883/2875/586
f 2873/2876/587 2881/2877/588 2878/2878/585
f 2873/2876/587 2878/2878/585 2875/2879/589
f 2874/2880/590 2882/2881/586 2877/2882/591
f 2874/2880/590 2877/2882/591 2880/2883/588
f 2884/2884/592 2888/2885/593 2891/2886/594
f 2884/2884/592 2891/2886/594 2895/2887/595
f 2885/2888/596 2892/2889/597 2889/2890/594
f 2885/2888/596 2889/2890/594 2887/2891/598
f 2886/2892/599 2894/2893/600 2890/2894/594
f 2886/2892/599 2890/2894/594 2893/2895/601
f 2896/2896/602 2900/2897/603 2903/2898/604
f 2896/2896/602 2903/2898/604 2907/2899/605
f 2897/2900/606 2905/2901/607 2902/2902/608
f 2897/2900/606 2902/2902/608 2899/2903/609
f 2898/2904/610 2906/2905/605 2901/2906/604
f 2898/2904/610 2901/2906/604 2904/2907/611
f 2908/2908/612 2912/2909/613 2915/2910/614
f 2908/2908/612 2915/2910/614 2919/2911/615
f 2909/2912/616 2917/2913/617 2914/2914/618
f 2909/2912/616 2914/2914/618 2911/2915/619
f 2910/2916/620 2918/2917/615 2913/2918/621
f 2910/2916/620 2913/2918/621 2916/2919/622
f 2920/2920/623 2924/2921/624 2927/2922/625
f 2920/2920/623 2927/2922/625 2931/2923/626
f 2921/2924/627 2928/2925/628 2925/2926/629
f 2921/2924/627 2925/2926/629 2923/2927/624
f 2922/2928/630 2930/2929/631 2926/2930/625
f 2922/2928/630 2926/2930/625 2929/2931/628
f 2932/2932/592 2936/2933/593 2939/2934/594
f 2932/2932/592 2939/2934/594 2943/2935/595
f 2933/2936/596 2940/2937/632 2937/2938/594
f 2933/2936/596 2937/2938/594 2935/2939/633
f 2934/2940/634 2942/2941/600 2938/2942/635
f 2934/2940/634 2938/2942/635 2941/2943/597
f 2944/2944/606 2948/2945/636 2950/2946/637
f 2944/2944/606 2950/2946/637 2954/2947/638
f 2945/2948/610 2952/2949/605 2949/2950/608
f 2945/2948/610 2949/2950/608 2947/2951/607
f 2946/2952/602 2955/2953/638 2951/2954/604
f 2946/2952/602 2951/2954/604 2953/2955/605
f 2956/2956/612 2960/2957/619 2963/2958/621
f 2956/2956/612 2963/2958/621 2967/2959/615
f 2957/2960/616 2965/2961/639 2962/2962/621
f 2957/2960/616 2962/2962/621 2959/2963/619
f 2958/2964/620 2966/2965/615 2961/2966/640
f 2958/2964/620 2961/2966/640 2964/2967/617
f 2968/2968/641 2972/2969/624 2975/2970/625
f 2968/2968/641 2975/2970/625 2979/2971/631
f 2969/2972/627 2976/2973/628 2973/2974/642
f 2969/2972/627 2973/2974/642 2971/2975/624
f 2970/2976/643 2978/2915/644 2974/2977/645
f 2970/2976/643 2974/2977/645 2977/2978/628
f 2980/2979/646 2984/2980/558 2987/2981/559
f 2980/2979/646 2987/2981/559 2991/2982/560
f 2981/2983/561 2989/2984/562 2986/2985/647
f 2981/2983/561 2986/2985/647 2983/2986/558
f 2982/2987/563 2990/2988/648 2985/2989/649
f 2982/2987/563 2985/2989/649 2988/2990/562
f 2992/2991/650 2996/2992/569 2999/2993/570
f 2992/2991/650 2999/2993/570 3003/2994/571
f 2993/2995/572 3000/2996/651 2997/2997/573
f 2993/2995/572 2997/2997/573 2995/2998/569
f 2994/2999/564 3002/3000/652 2998/3001/566
f 2994/2999/564 2998/3001/566 3001/3002/567
f 3004/3003/574 3008/3004/575 3011/3005/653
f 3004/3003/574 3011/3005/653 3015/3006/654
f 3005/3007/578 3012/3008/655 3009/3009/576
f 3005/3007/578 3009/3009/576 3007/3010/656
f 3006/3011/657 3014/3012/577 3010/3013/582
f 3006/3011/657 3010/3013/582 3013/3014/579
f 3016/3015/658 3020/3016/584 3023/3017/585
f 3016/3015/658 3023/3017/585 3027/3018/586
f 3017/3019/587 3025/3020/588 3022/3021/585
f 3017/3019/587 3022/3021/585 3019/3022/584
f 3018/3023/590 3026/3024/659 3021/3025/660
f 3018/3023/590 3021/3025/660 3024/3026/588
f 3028/3027/661 3032/3028/662 3035/3029/663
f 3028/3027/661 3035/3029/663 3039/3030/664
f 3029/3031/665 3036/3032/666 3033/3033/667
f 3029/3031/665 3033/3033/667 3031/3034/662
f 3030/3035/668 3038/3036/664 3034/3037/663
f 3030/3035/668 3034/3037/663 3037/3038/666
f 3040/3039/669 3044/3040/670 3046/3041/671
f 3040/3039/669 3046/3041/671 3050/3042/672
f 3041/3043/673 3048/3044/674 3045/3045/671
f 3041/3043/673 3045/3045/671 3043/3046/675
f 3042/3047/676 3051/3048/677 3047/3049/678
f 3042/3047/676 3047/3049/678 3049/3050/674
f 3052/3051/679 3056/3052/680 3059/3053/681
f 3052/3051/679 3059/3053/681 3063/3054/682
f 3053/3055/683 3061/3056/684 3058/3057/685
f 3053/3055/683 3058/3057/685 3055/3058/686
f 3054/3059/687 3062/3060/682 3057/3061/688
f 3054/3059/687 3057/3061/688 3060/3062/684
f 3064/3063/689 3068/3064/690 3071/3065/691
f 3064/3063/689 3071/3065/691 3075/3066/692
f 3065/3067/693 3072/3068/694 3069/3069/695
f 3065/3067/693 3069/3069/695 3067/3070/690
f 3066/3071/696 3074/3072/692 3070/3073/691
f 3066/3071/696 3070/3073/691 3073/3074/694
f 3076/3075/697 3080/3076/698 3083/3077/699
f 3076/3075/697 3083/3077/699 3087/3078/700
f 3077/3079/701 3085/3080/702 3082/3081/703
f 3077/3079/701 3082/3081/703 3079/3082/704
f 3078/3083/705 3086/3084/700 3081/3085/706
f 3078/3083/705 3081/3085/706 3084/3086/702
f 3088/3087/707 3092/3088/708 3095/3089/709
f 3088/3087/707 3095/3089/709 3099/3090/710
f 3089/3091/711 3096/3092/712 3093/3093/713
f 3089/3091/711 3093/3093/713 3091/3094/708
f 3090/3095/714 3098/3096/715 3094/3097/713
f 3090/3095/714 3094/3097/713 3097/3098/716
f 3100/3099/717 3104/3100/718 3107/3101/719
f 3100/3099/717 3107/3101/719 3111/3102/720
f 3101/3103/721 3108/3104/722 3105/3105/723
f 3101/3103/721 3105/3105/723 3103/3106/718
f 3102/3107/724 3110/3108/725 3106/3109/726
f 3102/3107/724 3106/3109/726 3109/3110/722
f 3112/3111/727 3116/3112/728 3119/3113/729
f 3112/3111/727 3119/3113/729 3123/3114/730
f 3113/3115/731 3121/3116/732 3118/3117/729
f 3113/3115/731 3118/3117/729 3115/3118/728
f 3114/3119/733 3122/3120/730 3117/3121/734
f 3114/3119/733 3117/3121/734 3120/3122/735
f 3124/3123/736 3128/3124/698 3131/3125/699
f 3124/3123/736 3131/3125/699 3135/3126/700
f 3125/3127/737 3133/3128/738 3130/3129/739
f 3125/3127/737 3130/3129/739 3127/3130/704
f 3126/3131/705 3134/3132/700 3129/3133/706
f 3126/3131/705 3129/3133/706 3132/3134/702
f 3136/3135/714 3139/3136/715 3142/3137/713
f 3136/3135/714 3142/3137/713 3147/3138/716
f 3137/3139/707 3145/3140/708 3143/3141/709
f 3137/3139/707 3143/3141/709 3140/3142/710
f 3138/3143/711 3146/3144/712 3141/3145/713
f 3138/3143/711 3141/3145/713 3144/3146/740
f 3148/3147/717 3152/3148/718 3155/3149/723
f 3148/3147/717 3155/3149/723 3159/3150/720
f 3149/3151/721 3156/3152/722 3153/3153/723
f 3149/3151/721 3153/3153/723 3151/3154/741
f 3150/3155/724 3158/3156/725 3154/3157/726
f 3150/3155/724 3154/3157/726 3157/3158/722
f 3160/3159/742 3164/3160/728 3167/3161/729
f 3160/3159/742 3167/3161/729 3171/3162/730
f 3161/3163/743 3169/3164/744 3166/3165/745
f 3161/3163/743 3166/3165/745 3163/3166/728
f 3162/3167/733 3170/3168/730 3165/3169/734
f 3162/3167/733 3165/3169/734 3168/3170/732
f 3172/3171/746 3176/3172/662 3179/3173/663
f 3172/3171/746 3179/3173/663 3183/3174/664
f 3173/3175/665 3180/3176/666 3177/3177/747
f 3173/3175/665 3177/3177/747 3175/3178/662
f 3174/3179/668 3182/3180/664 3178/3181/748
f 3174/3179/668 3178/3181/748 3181/3182/749
f 3184/3183/676 3188/3150/677 3191/3184/671
f 3184/3183/676 3191/3184/671 3195/3185/674
f 3185/3186/669 3193/3187/675 3190/3188/671
f 3185/3186/669 3190/3188/671 3187/3156/672
f 3186/3189/673 3194/3190/750 3189/3191/751
f 3186/3189/673 3189/3191/751 3192/3192/675
f 3196/3193/679 3200/3142/680 3203/3194/681
f 3196/3193/679 3203/3194/681 3207/3195/682
f 3197/3196/683 3205/3197/752 3202/3198/681
f 3197/3196/683 3202/3198/681 3199/3199/686
f 3198/3200/687 3206/3201/682 3201/3202/681
f 3198/3200/687 3201/3202/681 3204/3203/753
f 3208/3204/754 3212/3205/690 3215/3206/691
f 3208/3204/754 3215/3206/691 3219/3207/692
f 3209/3208/693 3216/3209/694 3213/3210/755
f 3209/3208/693 3213/3210/755 3211/3211/690
f 3210/3212/756 3218/3213/692 3214/3214/757
f 3210/3212/756 3214/3214/757 3217/3215/694
f 2860/2860/574 2836/2836/557 2847/2839/560
f 2860/2860/574 2847/2839/560 2864/2861/575
f 2863/2867/575 2846/2845/560 2838/2844/563
f 2863/2867/575 2838/2844/563 2861/2864/578
f 2837/2840/561 2848/2848/564 2859/2851/567
f 2837/2840/561 2859/2851/567 2845/2841/562
f 2844/2847/562 2858/2857/567 2850/2856/572
f 2844/2847/562 2850/2856/572 2838/2844/563
f 2849/2852/568 2872/2872/583 2883/2875/586
f 2849/2852/568 2883/2875/586 2857/2853/569
f 2856/2859/569 2882/2881/586 2874/2880/590
f 2856/2859/569 2874/2880/590 2850/2856/572
f 2873/2876/587 2862/2868/580 2869/2871/579
f 2873/2876/587 2869/2871/579 2881/2877/588
f 2880/2883/588 2868/2865/579 2861/2864/578
f 2880/2883/588 2861/2864/578 2874/2880/590
f 2908/2908/612 2860/2860/574 2871/2863/577
f 2908/2908/612 2871/2863/577 2912/2909/613
f 2911/2915/619 2870/2869/581 2862/2868/580
f 2911/2915/619 2862/2868/580 2909/2912/616
f 2872/2872/583 2920/2920/623 2931/2923/626
f 2872/2872/583 2931/2923/626 2876/2873/584
f 2875/2879/589 2930/2929/631 2922/2928/630
f 2875/2879/589 2922/2928/630 2873/2876/587
f 2921/2924/627 2910/2916/620 2916/2919/622
f 2921/2924/627 2916/2919/622 2928/2925/628
f 2929/2931/628 2917/2913/617 2909/2912/616
f 2929/2931/628 2909/2912/616 2922/2928/630
f 2884/2884/592 2908/2908/612 2919/2911/615
f 2884/2884/592 2919/2911/615 2888/2885/593
f 2887/2891/598 2918/2917/615 2910/2916/620
f 2887/2891/598 2910/2916/620 2885/2888/596
f 2920/2920/623 2896/2896/602 2907/2899/605
f 2920/2920/623 2907/2899/605 2924/2921/624
f 2923/2927/624 2906/2905/605 2898/2904/610
f 2923/2927/624 2898/2904/610 2921/2924/627
f 2897/2900/606 2886/2892/599 2893/2895/601
f 2897/2900/606 2893/2895/601 2905/2901/607
f 2904/2907/611 2892/2889/597 2885/2888/596
f 2904/2907/611 2885/2888/596 2898/2904/610
f 2836/2836/557 2884/2884/592 2895/2887/595
f 2836/2836/557 2895/2887/595 2840/2837/558
f 2839/2843/558 2894/2893/600 2886/2892/599
f 2839/2843/558 2886/2892/599 2837/2840/561
f 2896/2896/602 2849/2852/568 2852/2855/571
f 2896/2896/602 2852/2855/571 2900/2897/603
f 2899/2903/609 2851/2849/565 2848/2848/564
f 2899/2903/609 2848/2848/564 2897/2900/606
f 2958/2964/620 2933/2936/596 2935/2939/633
f 2958/2964/620 2935/2939/633 2966/2965/615
f 2967/2959/615 2936/2933/593 2932/2932/592
f 2967/2959/615 2932/2932/592 2956/2956/612
f 2933/2936/596 2945/2948/610 2947/2951/607
f 2933/2936/596 2947/2951/607 2940/2937/632
f 2941/2943/597 2948/2945/636 2944/2944/606
f 2941/2943/597 2944/2944/606 2934/2940/634
f 2945/2948/610 2969/2972/627 2971/2975/624
f 2945/2948/610 2971/2975/624 2952/2949/605
f 2953/2955/605 2972/2969/624 2968/2968/641
f 2953/2955/605 2968/2968/641 2946/2952/602
f 2969/2972/627 2958/2964/620 2964/2967/617
f 2969/2972/627 2964/2967/617 2976/2973/628
f 2977/2978/628 2965/2961/639 2957/2960/616
f 2977/2978/628 2957/2960/616 2970/2976/643
f 3006/3011/657 2957/2960/616 2959/2963/619
f 3006/3011/657 2959/2963/619 3014/3012/577
f 3015/3006/654 2960/2957/619 2956/2956/612
f 3015/3006/654 2956/2956/612 3004/3003/574
f 2970/2976/643 3017/3019/587 3019/3022/584
f 2970/2976/643 3019/3022/584 2978/2915/644
f 2979/2971/631 3020/3016/584 3016/3015/658
f 2979/2971/631 3016/3015/658 2968/2968/641
f 3017/3019/587 3006/3011/657 3013/3014/579
f 3017/3019/587 3013/3014/579 3025/3020/588
f 3024/3026/588 3012/3008/655 3005/3007/578
f 3024/3026/588 3005/3007/578 3018/3023/590
f 2982/2987/563 3005/3007/578 3007/3010/656
f 2982/2987/563 3007/3010/656 2990/2988/648
f 2991/2982/560 3008/3004/575 3004/3003/574
f 2991/2982/560 3004/3003/574 2980/2979/646
f 3018/3023/590 2993/2995/572 2995/2998/569
f 3018/3023/590 2995/2998/569 3026/3024/659
f 3027/3018/586 2996/2992/569 2992/2991/650
f 3027/3018/586 2992/2991/650 3016/3015/658
f 2993/2995/572 2982/2987/563 2988/2990/562
f 2993/2995/572 2988/2990/562 3000/2996/651
f 3001/3002/567 2989/2984/562 2981/2983/561
f 3001/3002/567 2981/2983/561 2994/2999/564
f 2934/2940/634 2981/2983/561 2983/2986/558
f 2934/2940/634 2983/2986/558 2942/2941/600
f 2943/2935/595 2984/2980/558 2980/2979/646
f 2943/2935/595 2980/2979/646 2932/2932/592
f 2994/2999/564 2944/2944/606 2954/2947/638
f 2994/2999/564 2954/2947/638 3002/3000/652
f 3003/2994/571 2955/2953/638 2946/2952/602
f 3003/2994/571 2946/2952/602 2992/2991/650
f 3054/3059/687 3029/3031/665 3031/3034/662
f 3054/3059/687 3031/3034/662 3062/3060/682
f 3063/3054/682 3032/3028/662 3028/3027/661
f 3063/3054/682 3028/3027/661 3052/3051/679
f 3029/3031/665 3041/3043/673 3043/3046/675
f 3029/3031/665 3043/3046/675 3036/3032/666
f 3037/3038/666 3044/3040/670 3040/3039/669
f 3037/3038/666 3040/3039/669 3030/3035/668
f 3041/3043/673 3065/3067/693 3067/3070/690
f 3041/3043/673 3067/3070/690 3048/3044/674
f 3049/3050/674 3068/3064/690 3064/3063/689
f 3049/3050/674 3064/3063/689 3042/3047/676
f 3065/3067/693 3054/3059/687 3060/3062/684
f 3065/3067/693 3060/3062/684 3072/3068/694
f 3073/3074/694 3061/3056/684 3053/3055/683
f 3073/3074/694 3053/3055/683 3066/3071/696
f 3102/3107/724 3053/3055/683 3055/3058/686
f 3102/3107/724 3055/3058/686 3110/3108/725
f 3111/3102/720 3056/3052/680 3052/3051/679
f 3111/3102/720 3052/3051/679 3100/3099/717
f 3066/3071/696 3113/3115/731 3115/3118/728
f 3066/3071/696 3115/3118/728 3074/3072/692
f 3075/3066/692 3116/3112/728 3112/3111/727
f 3075/3066/692 3112/3111/727 3064/3063/689
f 3113/3115/731 3102/3107/724 3109/3110/722
f 3113/3115/731 3109/3110/722 3121/3116/732
f 3120/3122/735 3108/3104/722 3101/3103/721
f 3120/3122/735 3101/3103/721 3114/3119/733
f 3078/3083/705 3101/3103/721 3103/3106/718
f 3078/3083/705 3103/3106/718 3086/3084/700
f 3087/3078/700 3104/3100/718 3100/3099/717
f 3087/3078/700 3100/3099/717 3076/3075/697
f 3114/3119/733 3089/3091/711 3091/3094/708
f 3114/3119/733 3091/3094/708 3122/3120/730
f 3123/3114/730 3092/3088/708 3088/3087/707
f 3123/3114/730 3088/3087/707 3112/3111/727
f 3089/3091/711 3078/3083/705 3084/3086/702
f 3089/3091/711 3084/3086/702 3096/3092/712
f 3097/3098/716 3085/3080/702 3077/3079/701
f 3097/3098/716 3077/3079/701 3090/3095/714
f 3030/3035/668 3077/3079/701 3079/3082/704
f 3030/3035/668 3079/3082/704 3038/3036/664
f 3039/3030/664 3080/3076/698 3076/3075/697
f 3039/3030/664 3076/3075/697 3028/3027/661
f 3090/3095/714 3040/3039/669 3050/3042/672
f 3090/3095/714 3050/3042/672 3098/3096/715
f 3099/3090/710 3051/3048/677 3042/3047/676
f 3099/3090/710 3042/3047/676 3088/3087/707
f 3148/3147/717 3124/3123/736 3135/3126/700
f 3148/3147/717 3135/3126/700 3152/3148/718
f 3151/3154/741 3134/3132/700 3126/3131/705
f 3151/3154/741 3126/3131/705 3149/3151/721
f 3125/3127/737 3136/3135/714 3147/3138/716
f 3125/3127/737 3147/3138/716 3133/3128/738
f 3132/3134/702 3146/3144/712 3138/3143/711
f 3132/3134/702 3138/3143/711 3126/3131/705
f 3137/3139/707 3160/3159/742 3171/3162/730
f 3137/3139/707 3171/3162/730 3145/3140/708
f 3144/3146/740 3170/3168/730 3162/3167/733
f 3144/3146/740 3162/3167/733 3138/3143/711
f 3161/3163/743 3150/3155/724 3157/3158/722
f 3161/3163/743 3157/3158/722 3169/3164/744
f 3168/3170/732 3156/3152/722 3149/3151/721
f 3168/3170/732 3149/3151/721 3162/3167/733
f 3196/3193/679 3148/3147/717 3159/3150/720
f 3196/3193/679 3159/3150/720 3200/3142/680
f 3199/3199/686 3158/3156/725 3150/3155/724
f 3199/3199/686 3150/3155/724 3197/3196/683
f 3160/3159/742 3208/3204/754 3219/3207/692
f 3160/3159/742 3219/3207/692 3164/3160/728
f 3163/3166/728 3218/3213/692 3210/3212/756
f 3163/3166/728 3210/3212/756 3161/3163/743
f 3209/3208/693 3198/3200/687 3204/3203/753
f 3209/3208/693 3204/3203/753 3216/3209/694
f 3217/3215/694 3205/3197/752 3197/3196/683
f 3217/3215/694 3197/3196/683 3210/3212/756
f 3172/3171/746 3196/3193/679 3207/3195/682
f 3172/3171/746 3207/3195/682 3176/3172/662
f 3175/3178/662 3206/3201/682 3198/3200/687
f 3175/3178/662 3198/3200/687 3173/3175/665
f 3208/3204/754 3184/3183/676 3195/3185/674
f 3208/3204/754 3195/3185/674 3212/3205/690
f 3211/3211/690 3194/3190/750 3186/3189/673
f 3211/3211/690 3186/3189/673 3209/3208/693
f 3185/3186/669 3174/3179/668 3181/3182/749
f 3185/3186/669 3181/3182/749 3193/3187/675
f 3192/3192/675 3180/3176/666 3173/3175/665
f 3192/3192/675 3173/3175/665 3186/3189/673
f 3124/3123/736 3172/3171/746 3183/3174/664
f 3124/3123/736 3183/3174/664 3128/3124/698
f 3127/3130/704 3182/3180/664 3174/3179/668
f 3127/3130/704 3174/3179/668 3125/3127/737
f 3184/3183/676 3137/3139/707 3140/3142/710
f 3184/3183/676 3140/3142/710 3188/3150/677
f 3187/3156/672 3139/3136/715 3136/3135/714
f 3187/3156/672 3136/3135/714 3185/3186/669
f 2860/2860/574 2908/2908/612 2884/2884/592
f 2860/2860/574 2884/2884/592 2836/2836/557
f 2838/2844/563 2850/2856/572 2874/2880/590
f 2838/2844/563 2874/2880/590 2861/2864/578
f 2886/2892/599 2897/2900/606 2848/2848/564
f 2886/2892/599 2848/2848/564 2837/2840/561
f 2920/2920/623 2872/2872/583 2849/2852/568
f 2920/2920/623 2849/2852/568 2896/2896/602
f 2862/2868/580 2873/2876/587 2922/2928/630
f 2862/2868/580 2922/2928/630 2909/2912/616
f 2910/2916/620 2921/2924/627 2898/2904/610
f 2910/2916/620 2898/2904/610 2885/2888/596
f 2956/2956/612 2932/2932/592 2980/2979/646
f 2956/2956/612 2980/2979/646 3004/3003/574
f 2933/2936/596 2958/2964/620 2969/2972/627
f 2933/2936/596 2969/2972/627 2945/2948/610
f 2981/2983/561 2934/2940/634 2944/2944/606
f 2981/2983/561 2944/2944/606 2994/2999/564
f 3016/3015/658 2992/2991/650 2946/2952/602
f 3016/3015/658 2946/2952/602 2968/2968/641
f 2957/2960/616 3006/3011/657 3017/3019/587
f 2957/2960/616 3017/3019/587 2970/2976/643
f 3005/3007/578 2982/2987/563 2993/2995/572
f 3005/3007/578 2993/2995/572 3018/3023/590
f 3052/3051/679 3028/3027/661 3076/3075/697
f 3052/3051/679 3076/3075/697 3100/3099/717
f 3029/3031/665 3054/3059/687 3065/3067/693
f 3029/3031/665 3065/3067/693 3041/3043/673
f 3077/3079/701 3030/3035/668 3040/3039/669
f 3077/3079/701 3040/3039/669 3090/3095/714
f 3112/3111/727 3088/3087/707 3042/3047/676
f 3112/3111/727 3042/3047/676 3064/3063/689
f 3053/3055/683 3102/3107/724 3113/3115/731
f 3053/3055/683 3113/3115/731 3066/3071/696
f 3101/3103/721 3078/3083/705 3089/3091/711
f 3101/3103/721 3089/3091/711 3114/3119/733
f 3148/3147/717 3196/3193/679 3172/3171/746
f 3148/3147/717 3172/3171/746 3124/3123/736
f 3126/3131/705 3138/3143/711 3162/3167/733
f 3126/3131/705 3162/3167/733 3149/3151/721
f 3174/3179/668 3185/3186/669 3136/3135/714
f 3174/3179/668 3136/3135/714 3125/3127/737
f 3208/3204/754 3160/3159/742 3137/3139/707
f 3208/3204/754 3137/3139/707 3184/3183/676
f 3150/3155/724 3161/3163/743 3210/3212/756
f 3150/3155/724 3210/3212/756 3197/3196/683
f 3198/3200/687 3209/3208/693 3186/3189/673
f 3198/3200/687 3186/3189/673 3173/3175/665
