mtllib torch.mtl
o torchholder
usemtl Mat
v 16.2860164642334 48.53196144104004 2.1690496504306793
v 17.44348907470703 47.69100761413574 2.1690496504306793
v 17.44348907470703 47.69100761413574 1.373872071504593
v 14.855299949645996 48.53196144104004 2.1690496504306793
v 16.2860164642334 48.53196144104004 2.1690496504306793
v 16.2860164642334 48.53196144104004 1.373872071504593
v 13.697826385498047 47.69100761413574 2.1690496504306793
v 14.855299949645996 48.53196144104004 2.1690496504306793
v 14.855299949645996 48.53196144104004 1.373872071504593
v 13.25571060180664 46.3303165435791 2.1690496504306793
v 13.697826385498047 47.69100761413574 2.1690496504306793
v 13.697826385498047 47.69100761413574 1.373872071504593
v 13.697826385498047 44.96962547302246 2.1690496504306793
v 13.25571060180664 46.3303165435791 2.1690496504306793
v 13.25571060180664 46.3303165435791 1.373872071504593
v 14.855299949645996 44.128671646118164 2.1690496504306793
v 13.697826385498047 44.96962547302246 2.1690496504306793
v 13.697826385498047 44.96962547302246 1.373872071504593
v 16.2860164642334 44.128671646118164 2.1690496504306793
v 14.855299949645996 44.128671646118164 2.1690496504306793
v 14.855299949645996 44.128671646118164 1.373872071504593
v 17.44348907470703 44.96962547302246 2.1690496504306793
v 16.2860164642334 44.128671646118164 2.1690496504306793
v 16.2860164642334 44.128671646118164 1.373872071504593
v 17.885604858398438 46.3303165435791 2.1690496504306793
v 17.44348907470703 44.96962547302246 2.1690496504306793
v 17.44348907470703 44.96962547302246 1.373872071504593
v 16.2860164642334 48.53196144104004 2.1690496504306793
v 17.885604858398438 46.3303165435791 2.1690496504306793
v 17.44348907470703 47.69100761413574 2.1690496504306793
v 17.44348907470703 44.96962547302246 2.1690496504306793
v 17.885604858398438 46.3303165435791 2.1690496504306793
v 16.2860164642334 48.53196144104004 2.1690496504306793
v 14.855299949645996 44.128671646118164 2.1690496504306793
v 16.2860164642334 44.128671646118164 2.1690496504306793
v 16.2860164642334 48.53196144104004 2.1690496504306793
v 13.25571060180664 46.3303165435791 2.1690496504306793
v 13.697826385498047 44.96962547302246 2.1690496504306793
v 14.855299949645996 44.128671646118164 2.1690496504306793
v 16.2860164642334 48.53196144104004 2.1690496504306793
v 14.855299949645996 48.53196144104004 2.1690496504306793
v 13.697826385498047 47.69100761413574 2.1690496504306793
v 16.2860164642334 44.128671646118164 2.1690496504306793
v 17.44348907470703 44.96962547302246 2.1690496504306793
v 16.2860164642334 48.53196144104004 2.1690496504306793
v 13.697826385498047 47.69100761413574 2.1690496504306793
v 14.855299949645996 44.128671646118164 2.1690496504306793
v 16.2860164642334 48.53196144104004 2.1690496504306793
v 13.697826385498047 47.69100761413574 2.1690496504306793
v 13.25571060180664 46.3303165435791 2.1690496504306793
v 14.855299949645996 44.128671646118164 2.1690496504306793
v -13.86163330078125 47.69100761413574 2.1690496504306793
v -13.41951847076416 46.3303165435791 2.1690496504306793
v -13.41951847076416 46.3303165435791 1.373872071504593
v -15.0191068649292 48.53196144104004 2.1690496504306793
v -13.86163330078125 47.69100761413574 2.1690496504306793
v -13.86163330078125 47.69100761413574 1.373872071504593
v -16.4498233795166 48.53196144104004 2.1690496504306793
v -15.0191068649292 48.53196144104004 2.1690496504306793
v -15.0191068649292 48.53196144104004 1.373872071504593
v -17.607295989990234 47.69100761413574 2.1690496504306793
v -16.4498233795166 48.53196144104004 2.1690496504306793
v -16.4498233795166 48.53196144104004 1.373872071504593
v -18.04941177368164 46.3303165435791 2.1690496504306793
v -17.607295989990234 47.69100761413574 2.1690496504306793
v -17.607295989990234 47.69100761413574 1.373872071504593
v -17.607295989990234 44.96962547302246 2.1690496504306793
v -18.04941177368164 46.3303165435791 2.1690496504306793
v -18.04941177368164 46.3303165435791 1.373872071504593
v -16.4498233795166 44.128671646118164 2.1690496504306793
v -17.607295989990234 44.96962547302246 2.1690496504306793
v -17.607295989990234 44.96962547302246 1.373872071504593
v -15.0191068649292 44.128671646118164 2.1690496504306793
v -16.4498233795166 44.128671646118164 2.1690496504306793
v -16.4498233795166 44.128671646118164 1.373872071504593
v -13.86163330078125 44.96962547302246 2.1690496504306793
v -15.0191068649292 44.128671646118164 2.1690496504306793
v -15.0191068649292 44.128671646118164 1.373872071504593
v -13.41951847076416 46.3303165435791 2.1690496504306793
v -13.86163330078125 44.96962547302246 2.1690496504306793
v -13.86163330078125 44.96962547302246 1.373872071504593
v -15.0191068649292 48.53196144104004 2.1690496504306793
v -13.41951847076416 46.3303165435791 2.1690496504306793
v -13.86163330078125 47.69100761413574 2.1690496504306793
v -13.86163330078125 44.96962547302246 2.1690496504306793
v -13.41951847076416 46.3303165435791 2.1690496504306793
v -15.0191068649292 48.53196144104004 2.1690496504306793
v -16.4498233795166 44.128671646118164 2.1690496504306793
v -15.0191068649292 44.128671646118164 2.1690496504306793
v -15.0191068649292 48.53196144104004 2.1690496504306793
v -18.04941177368164 46.3303165435791 2.1690496504306793
v -17.607295989990234 44.96962547302246 2.1690496504306793
v -16.4498233795166 44.128671646118164 2.1690496504306793
v -15.0191068649292 48.53196144104004 2.1690496504306793
v -16.4498233795166 48.53196144104004 2.1690496504306793
v -17.607295989990234 47.69100761413574 2.1690496504306793
v -2.8407366275787354 -22.48954200744629 1.6314974129199982
v -1.5721453428268433 -25.171709060668945 1.6314974129199982
v 1.5721453428268433 -25.171709060668945 1.6314974129199982
v -6.574019432067871 -22.851999282836914 1.6314974129199982
v -5.124200820922852 -22.09084129333496 1.6314974129199982
v -6.139073848724365 -20.35106086730957 1.6314974129199982
v -2.8407366275787354 -22.48954200744629 1.6314974129199982
v 2.8407366275787354 -22.48954200744629 1.6314974129199982
v 3.348173141479492 -19.698640823364258 1.6314974129199982
v -5.124200820922852 -22.09084129333496 1.6314974129199982
v -2.8407366275787354 -22.48954200744629 1.6314974129199982
v -3.348173141479492 -19.698640823364258 1.6314974129199982
v 6.574019432067871 -22.851999282836914 1.6314974129199982
v 7.480156421661377 -24.773008346557617 1.6314974129199982
v 8.060083389282227 -21.909616470336914 1.6314974129199982
v -1.5721453428268433 -25.171709060668945 1.6314974129199982
v 0 -31.65964698791504 1.6314974129199982
v 1.5721453428268433 -25.171709060668945 1.6314974129199982
v -8.060083389282227 -21.909616470336914 1.6314974129199982
v -7.480156421661377 -24.773008346557617 1.6314974129199982
v -6.574019432067871 -22.851999282836914 1.6314974129199982
v 5.124200820922852 -22.09084129333496 1.6314974129199982
v 6.139073848724365 -20.35106086730957 1.6314974129199982
v 3.348173141479492 -19.698640823364258 1.6314974129199982
v 6.574019432067871 -22.851999282836914 1.6314974129199982
v 8.060083389282227 -21.909616470336914 1.6314974129199982
v 6.139073848724365 -20.35106086730957 1.6314974129199982
v -8.060083389282227 -21.909616470336914 1.6314974129199982
v -8.060083389282227 -21.909616470336914 -0.59701868891716
v -7.480156421661377 -24.773008346557617 -0.59701868891716
v 2.8407366275787354 -22.48954200744629 1.6314974129199982
v 1.5721453428268433 -25.171709060668945 1.6314974129199982
v 1.5721453428268433 -25.171709060668945 -0.59701868891716
v 5.124200820922852 -22.09084129333496 1.6314974129199982
v 2.8407366275787354 -22.48954200744629 1.6314974129199982
v 2.8407366275787354 -22.48954200744629 -0.59701868891716
v 6.574019432067871 -22.851999282836914 1.6314974129199982
v 5.124200820922852 -22.09084129333496 1.6314974129199982
v 5.124200820922852 -22.09084129333496 -0.59701868891716
v 7.480156421661377 -24.773008346557617 1.6314974129199982
v 6.574019432067871 -22.851999282836914 1.6314974129199982
v 6.574019432067871 -22.851999282836914 -0.59701868891716
v 8.060083389282227 -21.909616470336914 1.6314974129199982
v 7.480156421661377 -24.773008346557617 1.6314974129199982
v 7.480156421661377 -24.773008346557617 -0.59701868891716
v 6.139073848724365 -20.35106086730957 1.6314974129199982
v 8.060083389282227 -21.909616470336914 1.6314974129199982
v 8.060083389282227 -21.909616470336914 -0.59701868891716
v 3.348173141479492 -19.698640823364258 1.6314974129199982
v 6.139073848724365 -20.35106086730957 1.6314974129199982
v 6.139073848724365 -20.35106086730957 -0.59701868891716
v -3.348173141479492 -19.698640823364258 1.6314974129199982
v -3.348173141479492 -19.698640823364258 -0.59701868891716
v -6.139073848724365 -20.35106086730957 -0.59701868891716
v 5.416495323181152 70.40233421325684 12.461390882730484
v 5.416495323181152 70.38434028625488 10.620139509439468
v 5.416495323181152 72.07103157043457 10.113411337137222
v -5.416495323181152 67.25607872009277 8.723160177469254
v -5.416495323181152 65.8413143157959 9.450938612222672
v -5.416495323181152 67.90136528015137 11.470469862222672
v 5.416495323181152 65.8413143157959 9.450938612222672
v 5.416495323181152 67.25607872009277 8.723160177469254
v 5.416495323181152 68.6721019744873 10.115680128335953
v -4.555357456207275 67.77958106994629 5.06258288025856
v -4.555357456207275 67.06562232971191 4.291329771280289
v -5.416495323181152 65.44239616394043 6.407533556222916
v -1.5721453428268433 -25.171709060668945 1.6314974129199982
v -1.5721453428268433 -25.171709060668945 -0.59701868891716
v 0 -31.65964698791504 -0.59701868891716
v 1.5721453428268433 -25.171709060668945 1.6314974129199982
v 0 -31.65964698791504 1.6314974129199982
v 0 -31.65964698791504 -0.59701868891716
v -6.139073848724365 -20.35106086730957 1.6314974129199982
v -6.139073848724365 -20.35106086730957 -0.59701868891716
v -8.060083389282227 -21.909616470336914 -0.59701868891716
v 2.8407366275787354 -22.48954200744629 -0.59701868891716
v 1.5721453428268433 -25.171709060668945 -0.59701868891716
v -1.5721453428268433 -25.171709060668945 -0.59701868891716
v -6.574019432067871 -22.851999282836914 -0.59701868891716
v -7.480156421661377 -24.773008346557617 -0.59701868891716
v -8.060083389282227 -21.909616470336914 -0.59701868891716
v 6.574019432067871 -22.851999282836914 -0.59701868891716
v 5.124200820922852 -22.09084129333496 -0.59701868891716
v 6.139073848724365 -20.35106086730957 -0.59701868891716
v 8.060083389282227 -21.909616470336914 -0.59701868891716
v 7.480156421661377 -24.773008346557617 -0.59701868891716
v 6.574019432067871 -22.851999282836914 -0.59701868891716
v 5.124200820922852 -22.09084129333496 -0.59701868891716
v 2.8407366275787354 -22.48954200744629 -0.59701868891716
v 3.348173141479492 -19.698640823364258 -0.59701868891716
v -5.124200820922852 -22.09084129333496 -0.59701868891716
v -6.139073848724365 -20.35106086730957 -0.59701868891716
v -3.348173141479492 -19.698640823364258 -0.59701868891716
v 1.5721453428268433 -25.171709060668945 -0.59701868891716
v 0 -31.65964698791504 -0.59701868891716
v -1.5721453428268433 -25.171709060668945 -0.59701868891716
v -6.574019432067871 -22.851999282836914 -0.59701868891716
v -8.060083389282227 -21.909616470336914 -0.59701868891716
v -6.139073848724365 -20.35106086730957 -0.59701868891716
v 3.348173141479492 -19.698640823364258 -0.59701868891716
v 2.8407366275787354 -22.48954200744629 -0.59701868891716
v -2.8407366275787354 -22.48954200744629 -0.59701868891716
v -2.8407366275787354 -22.48954200744629 1.6314974129199982
v -2.8407366275787354 -22.48954200744629 -0.59701868891716
v -1.5721453428268433 -25.171709060668945 -0.59701868891716
v -5.124200820922852 -22.09084129333496 1.6314974129199982
v -5.124200820922852 -22.09084129333496 -0.59701868891716
v -2.8407366275787354 -22.48954200744629 -0.59701868891716
v -6.574019432067871 -22.851999282836914 1.6314974129199982
v -6.574019432067871 -22.851999282836914 -0.59701868891716
v -5.124200820922852 -22.09084129333496 -0.59701868891716
v -7.480156421661377 -24.773008346557617 1.6314974129199982
v -7.480156421661377 -24.773008346557617 -0.59701868891716
v -6.574019432067871 -22.851999282836914 -0.59701868891716
v 5.416495323181152 41.95668411254883 1.5425608456134796
v -5.416495323181152 41.95668411254883 1.5425608456134796
v -3.348173141479492 -19.698640823364258 1.6314974129199982
v 5.416495323181152 41.95668411254883 -0.49332448840141296
v 5.416495323181152 41.95668411254883 1.5425608456134796
v 3.348173141479492 -19.698640823364258 1.6314974129199982
v -5.416495323181152 41.95668411254883 -0.49332448840141296
v 5.416495323181152 41.95668411254883 -0.49332448840141296
v 3.348173141479492 -19.698640823364258 -0.59701868891716
v -5.416495323181152 41.95668411254883 1.5425608456134796
v -5.416495323181152 41.95668411254883 -0.49332448840141296
v -3.348173141479492 -19.698640823364258 -0.59701868891716
v 4.555357456207275 67.06562232971191 4.291329771280289
v -4.555357456207275 67.06562232971191 4.291329771280289
v -4.555357456207275 67.77958106994629 5.06258288025856
v 5.416495323181152 68.83683967590332 1.5425608456134796
v -5.416495323181152 68.83683967590332 1.5425608456134796
v -5.416495323181152 50.64484214782715 1.5425608456134796
v 5.416495323181152 69.24662590026855 -0.5753287971019745
v 5.416495323181152 68.83683967590332 1.5425608456134796
v 5.416495323181152 50.64484214782715 1.5425608456134796
v -5.416495323181152 69.24662590026855 -0.5753287971019745
v 5.416495323181152 69.24662590026855 -0.5753287971019745
v 5.416495323181152 50.777292251586914 -0.5198297798633575
v -5.416495323181152 71.10781669616699 1.8692606985569
v 5.416495323181152 71.10781669616699 1.8692606985569
v 5.416495323181152 73.03130531311035 3.583562284708023
v 5.416495323181152 74.71665382385254 2.6295489370822906
v 5.416495323181152 73.31455039978027 0.9496437013149261
v -5.416495323181152 73.31455039978027 0.9496437013149261
v -15.0191068649292 44.128671646118164 2.1690496504306793
v -13.86163330078125 44.96962547302246 2.1690496504306793
v -15.0191068649292 48.53196144104004 2.1690496504306793
v 5.416495323181152 73.31455039978027 0.9496437013149261
v 5.416495323181152 74.71665382385254 2.6295489370822906
v 5.416495323181152 73.03130531311035 3.583562284708023
v -5.416495323181152 71.63237953186035 -0.29241815209388733
v -5.416495323181152 71.10781669616699 1.8692606985569
v -5.416495323181152 73.03130531311035 3.583562284708023
v -5.416495323181152 71.63237953186035 -0.29241815209388733
v -5.416495323181152 68.83683967590332 1.5425608456134796
v -5.416495323181152 71.10781669616699 1.8692606985569
v -17.607295989990234 47.69100761413574 2.1690496504306793
v -18.04941177368164 46.3303165435791 2.1690496504306793
v -16.4498233795166 44.128671646118164 2.1690496504306793
v -17.607295989990234 47.69100761413574 2.1690496504306793
v -16.4498233795166 44.128671646118164 2.1690496504306793
v -15.0191068649292 48.53196144104004 2.1690496504306793
v -5.416495323181152 75.84263038635254 6.158940702676773
v 5.416495323181152 75.84263038635254 6.158940702676773
v 5.416495323181152 74.71665382385254 2.6295489370822906
v -5.416495323181152 72.9272632598877 11.862388044595718
v 5.416495323181152 72.9272632598877 11.862388044595718
v 5.416495323181152 75.23597145080566 9.798411756753922
v -5.416495323181152 67.90136528015137 11.470469862222672
v 5.416495323181152 67.90136528015137 11.470469862222672
v 5.416495323181152 70.40233421325684 12.461390882730484
v -5.416495323181152 65.44239616394043 6.407533556222916
v 5.416495323181152 65.44239616394043 6.407533556222916
v 5.416495323181152 65.8413143157959 9.450938612222672
v 5.416495323181152 73.86217308044434 6.309689909219742
v -5.416495323181152 73.86217308044434 6.309689909219742
v -5.416495323181152 73.03130531311035 3.583562284708023
v 5.416495323181152 72.07103157043457 10.113411337137222
v -5.416495323181152 72.07103157043457 10.113411337137222
v -5.416495323181152 73.41980934143066 8.723160177469254
v 5.416495323181152 68.6721019744873 10.115680128335953
v -5.416495323181152 68.6721019744873 10.115680128335953
v -5.416495323181152 70.38434028625488 10.620139509439468
v 5.416495323181152 67.04886817932129 6.545631319284439
v -5.416495323181152 67.04886817932129 6.545631319284439
v -5.416495323181152 67.25607872009277 8.723160177469254
v -5.416495323181152 73.86217308044434 6.309689909219742
v -5.416495323181152 75.84263038635254 6.158940702676773
v -5.416495323181152 74.71665382385254 2.6295489370822906
v 5.416495323181152 75.84263038635254 6.158940702676773
v 5.416495323181152 73.86217308044434 6.309689909219742
v 5.416495323181152 73.03130531311035 3.583562284708023
v 5.416495323181152 65.44239616394043 6.407533556222916
v 5.416495323181152 67.04886817932129 6.545631319284439
v 5.416495323181152 67.25607872009277 8.723160177469254
v -5.416495323181152 72.07103157043457 10.113411337137222
v -5.416495323181152 72.9272632598877 11.862388044595718
v -5.416495323181152 75.23597145080566 9.798411756753922
v 5.416495323181152 72.9272632598877 11.862388044595718
v 5.416495323181152 72.07103157043457 10.113411337137222
v 5.416495323181152 73.41980934143066 8.723160177469254
v -5.416495323181152 68.6721019744873 10.115680128335953
v -5.416495323181152 67.90136528015137 11.470469862222672
v -5.416495323181152 70.40233421325684 12.461390882730484
v 5.416495323181152 67.90136528015137 11.470469862222672
v 5.416495323181152 68.6721019744873 10.115680128335953
v 5.416495323181152 70.38434028625488 10.620139509439468
v -5.416495323181152 67.04886817932129 6.545631319284439
v -5.416495323181152 65.44239616394043 6.407533556222916
v -5.416495323181152 65.8413143157959 9.450938612222672
v -5.416495323181152 75.23597145080566 9.798411756753922
v 5.416495323181152 75.23597145080566 9.798411756753922
v 5.416495323181152 75.84263038635254 6.158940702676773
v -5.416495323181152 70.40233421325684 12.461390882730484
v 5.416495323181152 70.40233421325684 12.461390882730484
v 5.416495323181152 72.9272632598877 11.862388044595718
v -5.416495323181152 65.8413143157959 9.450938612222672
v 5.416495323181152 65.8413143157959 9.450938612222672
v 5.416495323181152 67.90136528015137 11.470469862222672
v -4.555357456207275 67.06562232971191 4.291329771280289
v 4.555357456207275 67.06562232971191 4.291329771280289
v 5.416495323181152 65.44239616394043 6.407533556222916
v 5.416495323181152 73.41980934143066 8.723160177469254
v -5.416495323181152 73.41980934143066 8.723160177469254
v -5.416495323181152 73.86217308044434 6.309689909219742
v 5.416495323181152 70.38434028625488 10.620139509439468
v -5.416495323181152 70.38434028625488 10.620139509439468
v -5.416495323181152 72.07103157043457 10.113411337137222
v 5.416495323181152 67.25607872009277 8.723160177469254
v -5.416495323181152 67.25607872009277 8.723160177469254
v -5.416495323181152 68.6721019744873 10.115680128335953
v 4.555357456207275 67.77958106994629 5.06258288025856
v -4.555357456207275 67.77958106994629 5.06258288025856
v -5.416495323181152 67.04886817932129 6.545631319284439
v -5.416495323181152 73.41980934143066 8.723160177469254
v -5.416495323181152 75.23597145080566 9.798411756753922
v -5.416495323181152 75.84263038635254 6.158940702676773
v 5.416495323181152 75.23597145080566 9.798411756753922
v 5.416495323181152 73.41980934143066 8.723160177469254
v 5.416495323181152 73.86217308044434 6.309689909219742
v 4.555357456207275 67.06562232971191 4.291329771280289
v 4.555357456207275 67.77958106994629 5.06258288025856
v 5.416495323181152 67.04886817932129 6.545631319284439
v -5.416495323181152 70.38434028625488 10.620139509439468
v -5.416495323181152 70.40233421325684 12.461390882730484
v -5.416495323181152 72.9272632598877 11.862388044595718
v 2.8407366275787354 -22.48954200744629 1.6314974129199982
v -2.8407366275787354 -22.48954200744629 1.6314974129199982
v 1.5721453428268433 -25.171709060668945 1.6314974129199982
v -8.060083389282227 -21.909616470336914 1.6314974129199982
v -6.574019432067871 -22.851999282836914 1.6314974129199982
v -6.139073848724365 -20.35106086730957 1.6314974129199982
v -3.348173141479492 -19.698640823364258 1.6314974129199982
v -2.8407366275787354 -22.48954200744629 1.6314974129199982
v 3.348173141479492 -19.698640823364258 1.6314974129199982
v -6.139073848724365 -20.35106086730957 1.6314974129199982
v -5.124200820922852 -22.09084129333496 1.6314974129199982
v -3.348173141479492 -19.698640823364258 1.6314974129199982
v 2.8407366275787354 -22.48954200744629 1.6314974129199982
v 5.124200820922852 -22.09084129333496 1.6314974129199982
v 3.348173141479492 -19.698640823364258 1.6314974129199982
v 5.124200820922852 -22.09084129333496 1.6314974129199982
v 6.574019432067871 -22.851999282836914 1.6314974129199982
v 6.139073848724365 -20.35106086730957 1.6314974129199982
v -2.8407366275787354 -22.48954200744629 -0.59701868891716
v 2.8407366275787354 -22.48954200744629 -0.59701868891716
v -1.5721453428268433 -25.171709060668945 -0.59701868891716
v 8.060083389282227 -21.909616470336914 -0.59701868891716
v 6.574019432067871 -22.851999282836914 -0.59701868891716
v 6.139073848724365 -20.35106086730957 -0.59701868891716
v 6.139073848724365 -20.35106086730957 -0.59701868891716
v 5.124200820922852 -22.09084129333496 -0.59701868891716
v 3.348173141479492 -19.698640823364258 -0.59701868891716
v -2.8407366275787354 -22.48954200744629 -0.59701868891716
v -5.124200820922852 -22.09084129333496 -0.59701868891716
v -3.348173141479492 -19.698640823364258 -0.59701868891716
v -5.124200820922852 -22.09084129333496 -0.59701868891716
v -6.574019432067871 -22.851999282836914 -0.59701868891716
v -6.139073848724365 -20.35106086730957 -0.59701868891716
v -3.348173141479492 -19.698640823364258 -0.59701868891716
v 3.348173141479492 -19.698640823364258 -0.59701868891716
v -2.8407366275787354 -22.48954200744629 -0.59701868891716
v -5.416495323181152 68.83683967590332 1.5425608456134796
v 5.416495323181152 68.83683967590332 1.5425608456134796
v 5.416495323181152 71.10781669616699 1.8692606985569
v -5.416495323181152 73.31455039978027 0.9496437013149261
v 5.416495323181152 73.31455039978027 0.9496437013149261
v 5.416495323181152 71.63237953186035 -0.29241815209388733
v -5.416495323181152 68.83683967590332 1.5425608456134796
v -5.416495323181152 71.63237953186035 -0.29241815209388733
v -5.416495323181152 69.24662590026855 -0.5753287971019745
v -5.416495323181152 50.777292251586914 -0.5198297798633575
v -5.416495323181152 50.64484214782715 1.5425608456134796
v -5.416495323181152 68.83683967590332 1.5425608456134796
v -5.416495323181152 73.03130531311035 3.583562284708023
v -5.416495323181152 74.71665382385254 2.6295489370822906
v -5.416495323181152 73.31455039978027 0.9496437013149261
v -5.416495323181152 71.63237953186035 -0.29241815209388733
v 5.416495323181152 71.63237953186035 -0.29241815209388733
v 5.416495323181152 69.24662590026855 -0.5753287971019745
v 5.416495323181152 68.83683967590332 1.5425608456134796
v 5.416495323181152 69.24662590026855 -0.5753287971019745
v 5.416495323181152 71.63237953186035 -0.29241815209388733
v 5.416495323181152 71.10781669616699 1.8692606985569
v 5.416495323181152 71.63237953186035 -0.29241815209388733
v 5.416495323181152 73.31455039978027 0.9496437013149261
v -5.416495323181152 73.31455039978027 0.9496437013149261
v -5.416495323181152 71.63237953186035 -0.29241815209388733
v -5.416495323181152 73.03130531311035 3.583562284708023
v 2.53427791595459 61.379411697387695 2.795891910791397
v 3.132539749145508 59.53814888000488 2.795891910791397
v 3.132539749145508 59.53814888000488 1.2296219170093536
v 0.9680080413818359 62.51737022399902 2.795891910791397
v 2.53427791595459 61.379411697387695 2.795891910791397
v 2.53427791595459 61.379411697387695 1.2296219170093536
v -0.9680080413818359 62.51737022399902 2.795891910791397
v 0.9680080413818359 62.51737022399902 2.795891910791397
v 0.9680080413818359 62.51737022399902 1.2296219170093536
v -2.53427791595459 61.379411697387695 2.795891910791397
v -0.9680080413818359 62.51737022399902 2.795891910791397
v -0.9680080413818359 62.51737022399902 1.2296219170093536
v -3.132539749145508 59.53814888000488 2.795891910791397
v -2.53427791595459 61.379411697387695 2.795891910791397
v -2.53427791595459 61.379411697387695 1.2296219170093536
v -2.53427791595459 57.696889877319336 2.795891910791397
v -3.132539749145508 59.53814888000488 2.795891910791397
v -3.132539749145508 59.53814888000488 1.2296219170093536
v -0.9680080413818359 56.55892753601074 2.795891910791397
v -2.53427791595459 57.696889877319336 2.795891910791397
v -2.53427791595459 57.696889877319336 1.2296219170093536
v 0.9680080413818359 56.55892753601074 2.795891910791397
v -0.9680080413818359 56.55892753601074 2.795891910791397
v -0.9680080413818359 56.55892753601074 1.2296219170093536
v 2.53427791595459 57.696889877319336 2.795891910791397
v 0.9680080413818359 56.55892753601074 2.795891910791397
v 0.9680080413818359 56.55892753601074 1.2296219170093536
v 3.132539749145508 59.53814888000488 2.795891910791397
v 2.53427791595459 57.696889877319336 2.795891910791397
v 2.53427791595459 57.696889877319336 1.2296219170093536
v 0.9680080413818359 62.51737022399902 2.795891910791397
v 0.9680080413818359 56.55892753601074 2.795891910791397
v 2.53427791595459 57.696889877319336 2.795891910791397
v -0.9680080413818359 56.55892753601074 2.795891910791397
v 0.9680080413818359 56.55892753601074 2.795891910791397
v 0.9680080413818359 62.51737022399902 2.795891910791397
v -3.132539749145508 59.53814888000488 2.795891910791397
v -2.53427791595459 57.696889877319336 2.795891910791397
v -0.9680080413818359 56.55892753601074 2.795891910791397
v 0.9680080413818359 62.51737022399902 2.795891910791397
v -0.9680080413818359 62.51737022399902 2.795891910791397
v -2.53427791595459 61.379411697387695 2.795891910791397
v 3.132539749145508 59.53814888000488 2.795891910791397
v 2.53427791595459 61.379411697387695 2.795891910791397
v 0.9680080413818359 62.51737022399902 2.795891910791397
v 3.132539749145508 59.53814888000488 2.795891910791397
v 0.9680080413818359 62.51737022399902 2.795891910791397
v 2.53427791595459 57.696889877319336 2.795891910791397
v -2.53427791595459 61.379411697387695 2.795891910791397
v -0.9680080413818359 56.55892753601074 2.795891910791397
v 0.9680080413818359 62.51737022399902 2.795891910791397
v -2.53427791595459 61.379411697387695 2.795891910791397
v -3.132539749145508 59.53814888000488 2.795891910791397
v -0.9680080413818359 56.55892753601074 2.795891910791397
v 2.53427791595459 -4.464872360229492 2.8664309084415436
v 3.132539749145508 -6.306133270263672 2.8664309084415436
v 3.132539749145508 -6.306133270263672 1.3001610338687897
v 0.9680080413818359 -3.3269100189208984 2.8664309084415436
v 2.53427791595459 -4.464872360229492 2.8664309084415436
v 2.53427791595459 -4.464872360229492 1.3001610338687897
v -0.9680080413818359 -3.3269100189208984 2.8664309084415436
v 0.9680080413818359 -3.3269100189208984 2.8664309084415436
v 0.9680080413818359 -3.3269100189208984 1.3001610338687897
v -2.53427791595459 -4.464872360229492 2.8664309084415436
v -0.9680080413818359 -3.3269100189208984 2.8664309084415436
v -0.9680080413818359 -3.3269100189208984 1.3001610338687897
v -3.132539749145508 -6.306133270263672 2.8664309084415436
v -2.53427791595459 -4.464872360229492 2.8664309084415436
v -2.53427791595459 -4.464872360229492 1.3001610338687897
v -2.53427791595459 -8.147392272949219 2.8664309084415436
v -3.132539749145508 -6.306133270263672 2.8664309084415436
v -3.132539749145508 -6.306133270263672 1.3001610338687897
v -0.9680080413818359 -9.285354614257812 2.8664309084415436
v -2.53427791595459 -8.147392272949219 2.8664309084415436
v -2.53427791595459 -8.147392272949219 1.3001610338687897
v 0.9680080413818359 -9.285354614257812 2.8664309084415436
v -0.9680080413818359 -9.285354614257812 2.8664309084415436
v -0.9680080413818359 -9.285354614257812 1.3001610338687897
v 2.53427791595459 -8.147392272949219 2.8664309084415436
v 0.9680080413818359 -9.285354614257812 2.8664309084415436
v 0.9680080413818359 -9.285354614257812 1.3001610338687897
v 3.132539749145508 -6.306133270263672 2.8664309084415436
v 2.53427791595459 -8.147392272949219 2.8664309084415436
v 2.53427791595459 -8.147392272949219 1.3001610338687897
v 0.9680080413818359 -3.3269100189208984 2.8664309084415436
v 3.132539749145508 -6.306133270263672 2.8664309084415436
v 2.53427791595459 -4.464872360229492 2.8664309084415436
v 2.53427791595459 -8.147392272949219 2.8664309084415436
v 3.132539749145508 -6.306133270263672 2.8664309084415436
v 0.9680080413818359 -3.3269100189208984 2.8664309084415436
v -0.9680080413818359 -9.285354614257812 2.8664309084415436
v 0.9680080413818359 -9.285354614257812 2.8664309084415436
v 0.9680080413818359 -3.3269100189208984 2.8664309084415436
v -3.132539749145508 -6.306133270263672 2.8664309084415436
v -2.53427791595459 -8.147392272949219 2.8664309084415436
v -0.9680080413818359 -9.285354614257812 2.8664309084415436
v 0.9680080413818359 -3.3269100189208984 2.8664309084415436
v -0.9680080413818359 -3.3269100189208984 2.8664309084415436
v -2.53427791595459 -4.464872360229492 2.8664309084415436
v 0.9680080413818359 -9.285354614257812 2.8664309084415436
v 2.53427791595459 -8.147392272949219 2.8664309084415436
v 0.9680080413818359 -3.3269100189208984 2.8664309084415436
v -2.53427791595459 -4.464872360229492 2.8664309084415436
v -0.9680080413818359 -9.285354614257812 2.8664309084415436
v 0.9680080413818359 -3.3269100189208984 2.8664309084415436
v -2.53427791595459 -4.464872360229492 2.8664309084415436
v -3.132539749145508 -6.306133270263672 2.8664309084415436
v -0.9680080413818359 -9.285354614257812 2.8664309084415436
v 5.848954677581787 14.385761260986328 13.612656980752945
v 6.330862998962402 13.595978736877441 15.903027921915054
v 5.366635322570801 13.595978736877441 15.903027921915054
v 5.848954677581787 17.48813945055008 14.682442098855972
v 6.330862998962402 16.698357045650482 16.97281304001808
v 6.330862998962402 13.595978736877441 15.903027921915054
v 4.958124160766602 17.367850944399834 15.031278997659683
v 5.366635322570801 16.698357045650482 16.97281304001808
v 6.330862998962402 16.698357045650482 16.97281304001808
v 4.958124160766602 14.265472650527954 13.961494833230972
v 5.366635322570801 13.595978736877441 15.903027921915054
v 5.366635322570801 16.698357045650482 16.97281304001808
v 4.476595878601074 15.055306434631348 11.670975118875504
v 5.848954677581787 14.385761260986328 13.612656980752945
v 4.958124160766602 14.265472650527954 13.961494833230972
v 4.476595878601074 18.1576846241951 12.740759283304214
v 5.848954677581787 17.48813945055008 14.682442098855972
v 5.848954677581787 14.385761260986328 13.612656980752945
v 3.7947840690612793 17.93542045354843 13.385325819253922
v 4.958124160766602 17.367850944399834 15.031278997659683
v 5.848954677581787 17.48813945055008 14.682442098855972
v 3.7947840690612793 14.83304214477539 12.31554165482521
v 4.958124160766602 14.265472650527954 13.961494833230972
v 4.958124160766602 17.367850944399834 15.031278997659683
v 2.4227163791656494 15.41593062877655 10.373584181070328
v 4.476595878601074 15.055306434631348 11.670975118875504
v 3.7947840690612793 14.83304214477539 12.31554165482521
v 2.4227163791656494 18.607704758644104 11.443368345499039
v 4.476595878601074 18.1576846241951 12.740759283304214
v 4.476595878601074 15.055306434631348 11.670975118875504
v 2.053722381591797 18.314658284187317 12.285535246133804
v 3.7947840690612793 17.93542045354843 13.385325819253922
v 4.476595878601074 18.1576846241951 12.740759283304214
v 2.053722381591797 15.212280035018921 11.215751081705093
v 3.7947840690612793 14.83304214477539 12.31554165482521
v 3.7947840690612793 17.93542045354843 13.385325819253922
v 3.876535486266563e-16 15.41593062877655 9.918000608682632
v 2.4227163791656494 15.41593062877655 10.373584181070328
v 2.053722381591797 15.212280035018921 11.215751081705093
v -2.425588607788086 18.607704758644104 1.2908893525600433
v -2.425588607788086 15.41593062877655 1.3466964066028595
v -2.4227163791656494 15.41593062877655 10.373584181070328
v 3.2861161996410775e-16 18.447828888893127 11.899341017007828
v 2.053722381591797 18.314658284187317 12.285535246133804
v 2.4227163791656494 18.607704758644104 11.443368345499039
v 3.2861161996410775e-16 15.345450639724731 10.8295558989048
v 2.053722381591797 15.212280035018921 11.215751081705093
v 2.053722381591797 18.314658284187317 12.285535246133804
v -2.4227163791656494 15.41593062877655 10.373584181070328
v 3.876535486266563e-16 15.41593062877655 9.918000608682632
v 3.2861161996410775e-16 15.345450639724731 10.8295558989048
v 2.425588607788086 18.607704758644104 1.2908893525600433
v -2.425588607788086 18.607704758644104 1.2908893525600433
v 3.876535486266563e-16 18.607704758644104 10.98778572678566
v -2.053722381591797 18.314658284187317 12.285535246133804
v 3.2861161996410775e-16 18.447828888893127 11.899341017007828
v 3.876535486266563e-16 18.607704758644104 10.98778572678566
v -2.053722381591797 15.212280035018921 11.215751081705093
v 3.2861161996410775e-16 15.345450639724731 10.8295558989048
v 3.2861161996410775e-16 18.447828888893127 11.899341017007828
v -4.476595878601074 15.055306434631348 11.670975118875504
v -2.4227163791656494 15.41593062877655 10.373584181070328
v -2.053722381591797 15.212280035018921 11.215751081705093
v -4.476595878601074 18.1576846241951 12.740759283304214
v -2.4227163791656494 18.607704758644104 11.443368345499039
v -2.4227163791656494 15.41593062877655 10.373584181070328
v -3.7947840690612793 17.93542045354843 13.385325819253922
v -2.053722381591797 18.314658284187317 12.285535246133804
v -2.4227163791656494 18.607704758644104 11.443368345499039
v -3.7947840690612793 14.83304214477539 12.31554165482521
v -2.053722381591797 15.212280035018921 11.215751081705093
v -2.053722381591797 18.314658284187317 12.285535246133804
v -5.848954677581787 14.385761260986328 13.612656980752945
v -4.476595878601074 15.055306434631348 11.670975118875504
v -3.7947840690612793 14.83304214477539 12.31554165482521
v -5.848954677581787 17.48813945055008 14.682442098855972
v -4.476595878601074 18.1576846241951 12.740759283304214
v -4.476595878601074 15.055306434631348 11.670975118875504
v -4.958124160766602 17.367850944399834 15.031278997659683
v -3.7947840690612793 17.93542045354843 13.385325819253922
v -4.476595878601074 18.1576846241951 12.740759283304214
v -4.958124160766602 14.265472650527954 13.961494833230972
v -3.7947840690612793 14.83304214477539 12.31554165482521
v -3.7947840690612793 17.93542045354843 13.385325819253922
v -6.330862998962402 13.595978736877441 15.903027921915054
v -5.848954677581787 14.385761260986328 13.612656980752945
v -4.958124160766602 14.265472650527954 13.961494833230972
v -6.330862998962402 16.698357045650482 16.97281304001808
v -5.848954677581787 17.48813945055008 14.682442098855972
v -5.848954677581787 14.385761260986328 13.612656980752945
v -5.366635322570801 16.698357045650482 16.97281304001808
v -4.958124160766602 17.367850944399834 15.031278997659683
v -5.848954677581787 17.48813945055008 14.682442098855972
v -5.366635322570801 13.595978736877441 15.903027921915054
v -4.958124160766602 14.265472650527954 13.961494833230972
v -4.958124160766602 17.367850944399834 15.031278997659683
v -5.848954677581787 12.806196212768555 18.19339981675148
v -6.330862998962402 13.595978736877441 15.903027921915054
v -5.366635322570801 13.595978736877441 15.903027921915054
v -5.848954677581787 15.90857470035553 19.26318398118019
v -6.330862998962402 16.698357045650482 16.97281304001808
v -6.330862998962402 13.595978736877441 15.903027921915054
v -4.958124160766602 16.028863191604614 18.91434708237648
v -5.366635322570801 16.698357045650482 16.97281304001808
v -6.330862998962402 16.698357045650482 16.97281304001808
v -4.958124160766602 12.926485061645508 17.84456291794777
v -5.366635322570801 13.595978736877441 15.903027921915054
v -5.366635322570801 16.698357045650482 16.97281304001808
v -4.476595878601074 12.136651039123535 20.135080724954605
v -5.848954677581787 12.806196212768555 18.19339981675148
v -4.958124160766602 12.926485061645508 17.84456291794777
v -4.476595878601074 15.23902952671051 21.20486679673195
v -5.848954677581787 15.90857470035553 19.26318398118019
v -5.848954677581787 12.806196212768555 18.19339981675148
v -3.7947840690612793 15.461293697357178 20.560299307107925
v -4.958124160766602 16.028863191604614 18.91434708237648
v -5.848954677581787 15.90857470035553 19.26318398118019
v -3.7947840690612793 12.358915328979492 19.490515142679214
v -4.958124160766602 12.926485061645508 17.84456291794777
v -4.958124160766602 16.028863191604614 18.91434708237648
v -2.4227163791656494 11.68927526473999 21.432472616434097
v -4.476595878601074 12.136651039123535 20.135080724954605
v -3.7947840690612793 12.358915328979492 19.490515142679214
v -2.4227163791656494 14.791653633117676 22.50225678086281
v -4.476595878601074 15.23902952671051 21.20486679673195
v -4.476595878601074 12.136651039123535 20.135080724954605
v -2.053722381591797 15.082055807113647 21.660089880228043
v -3.7947840690612793 15.461293697357178 20.560299307107925
v -4.476595878601074 15.23902952671051 21.20486679673195
v -2.053722381591797 11.979677677154541 20.59030571579933
v -3.7947840690612793 12.358915328979492 19.490515142679214
v -3.7947840690612793 15.461293697357178 20.560299307107925
v -1.1629606723497486e-15 11.532177925109863 21.888056188821793
v -2.4227163791656494 11.68927526473999 21.432472616434097
v -2.053722381591797 11.979677677154541 20.59030571579933
v -1.1629606723497486e-15 14.634556293487549 22.957840353250504
v -2.4227163791656494 14.791653633117676 22.50225678086281
v -2.4227163791656494 11.68927526473999 21.432472616434097
v -9.858348598923232e-16 14.948885202407837 22.046286016702652
v -2.053722381591797 15.082055807113647 21.660089880228043
v -2.4227163791656494 14.791653633117676 22.50225678086281
v -9.858348598923232e-16 11.84650707244873 20.97649994492531
v -2.053722381591797 11.979677677154541 20.59030571579933
v -2.053722381591797 15.082055807113647 21.660089880228043
v 2.4227163791656494 11.68927526473999 21.432472616434097
v -1.1629606723497486e-15 11.532177925109863 21.888056188821793
v -9.858348598923232e-16 11.84650707244873 20.97649994492531
v 2.4227163791656494 14.791653633117676 22.50225678086281
v -1.1629606723497486e-15 14.634556293487549 22.957840353250504
v -1.1629606723497486e-15 11.532177925109863 21.888056188821793
v 2.053722381591797 15.082055807113647 21.660089880228043
v -9.858348598923232e-16 14.948885202407837 22.046286016702652
v -1.1629606723497486e-15 14.634556293487549 22.957840353250504
v 2.053722381591797 11.979677677154541 20.59030571579933
v -9.858348598923232e-16 11.84650707244873 20.97649994492531
v -9.858348598923232e-16 14.948885202407837 22.046286016702652
v 4.476595878601074 12.136651039123535 20.135080724954605
v 2.4227163791656494 11.68927526473999 21.432472616434097
v 2.053722381591797 11.979677677154541 20.59030571579933
v 4.476595878601074 15.23902952671051 21.20486679673195
v 2.4227163791656494 14.791653633117676 22.50225678086281
v 2.4227163791656494 11.68927526473999 21.432472616434097
v 3.7947840690612793 15.461293697357178 20.560299307107925
v 2.053722381591797 15.082055807113647 21.660089880228043
v 2.4227163791656494 14.791653633117676 22.50225678086281
v 3.7947840690612793 12.358915328979492 19.490515142679214
v 2.053722381591797 11.979677677154541 20.59030571579933
v 2.053722381591797 15.082055807113647 21.660089880228043
v 5.848954677581787 12.806196212768555 18.19339981675148
v 4.476595878601074 12.136651039123535 20.135080724954605
v 3.7947840690612793 12.358915328979492 19.490515142679214
v 5.848954677581787 15.90857470035553 19.26318398118019
v 4.476595878601074 15.23902952671051 21.20486679673195
v 4.476595878601074 12.136651039123535 20.135080724954605
v 4.958124160766602 16.028863191604614 18.91434708237648
v 3.7947840690612793 15.461293697357178 20.560299307107925
v 4.476595878601074 15.23902952671051 21.20486679673195
v 4.958124160766602 12.926485061645508 17.84456291794777
v 3.7947840690612793 12.358915328979492 19.490515142679214
v 3.7947840690612793 15.461293697357178 20.560299307107925
v 6.330862998962402 13.595978736877441 15.903027921915054
v 5.848954677581787 12.806196212768555 18.19339981675148
v 4.958124160766602 12.926485061645508 17.84456291794777
v 6.330862998962402 16.698357045650482 16.97281304001808
v 5.848954677581787 15.90857470035553 19.26318398118019
v 5.848954677581787 12.806196212768555 18.19339981675148
v 5.366635322570801 16.698357045650482 16.97281304001808
v 4.958124160766602 16.028863191604614 18.91434708237648
v 5.848954677581787 15.90857470035553 19.26318398118019
v 5.366635322570801 13.595978736877441 15.903027921915054
v 4.958124160766602 12.926485061645508 17.84456291794777
v 4.958124160766602 16.028863191604614 18.91434708237648
v 3.876535486266563e-16 15.41593062877655 9.918000608682632
v 2.425588607788086 15.41593062877655 1.3466964066028595
v 2.4227163791656494 15.41593062877655 10.373584181070328
v 2.4227163791656494 18.607704758644104 11.443368345499039
v 2.425588607788086 18.607704758644104 1.2908893525600433
v 3.876535486266563e-16 18.607704758644104 10.98778572678566
v 2.425588607788086 15.41593062877655 1.3466964066028595
v 2.425588607788086 18.607704758644104 1.2908893525600433
v 2.4227163791656494 18.607704758644104 11.443368345499039
v 3.876535486266563e-16 15.41593062877655 9.918000608682632
v -2.4227163791656494 15.41593062877655 10.373584181070328
v -2.425588607788086 15.41593062877655 1.3466964066028595
v -2.425588607788086 15.41593062877655 1.3466964066028595
v 2.425588607788086 15.41593062877655 1.3466964066028595
v 3.876535486266563e-16 15.41593062877655 9.918000608682632
v -2.425588607788086 18.607704758644104 1.2908893525600433
v -2.4227163791656494 18.607704758644104 11.443368345499039
v 3.876535486266563e-16 18.607704758644104 10.98778572678566
v -5.416495323181152 41.95668411254883 1.5425608456134796
v 5.416495323181152 41.95668411254883 1.5425608456134796
v 5.416495323181152 50.64484214782715 1.5425608456134796
v 20.430402755737305 46.360633850097656 -0.5065580308437347
v 20.430402755737305 46.29495429992676 1.5425608456134796
v 19.83409309387207 44.17335891723633 1.5425608456134796
v 5.416495323181152 41.95668411254883 -0.49332448840141296
v -5.416495323181152 41.95668411254883 -0.49332448840141296
v -5.416495323181152 50.777292251586914 -0.5198297798633575
v -17.240859985351562 50.089189529418945 1.5425608456134796
v -17.240859985351562 50.21310997009277 -0.5181344449520111
v -19.83409309387207 48.52056312561035 -0.5130484998226166
v -13.931524276733398 50.777292251586914 -0.5198297798633575
v -13.931524276733398 50.64484214782715 1.5425608456134796
v -5.416495323181152 50.64484214782715 1.5425608456134796
v -13.931524276733398 50.64484214782715 1.5425608456134796
v -13.931524276733398 50.777292251586914 -0.5198297798633575
v -17.240859985351562 50.21310997009277 -0.5181344449520111
v -13.931524276733398 41.95668411254883 1.5425608456134796
v -13.931524276733398 41.95668411254883 -0.49332448840141296
v -5.416495323181152 41.95668411254883 -0.49332448840141296
v -19.83409309387207 48.4222297668457 1.5425608456134796
v -20.430402755737305 46.29495429992676 1.5425608456134796
v -19.83409309387207 44.17335891723633 1.5425608456134796
v 13.931524276733398 50.64484214782715 1.5425608456134796
v 13.931524276733398 50.777292251586914 -0.5198297798633575
v 5.416495323181152 50.777292251586914 -0.5198297798633575
v 17.240859985351562 42.5108528137207 1.5425608456134796
v 17.240859985351562 50.089189529418945 1.5425608456134796
v 13.931524276733398 50.64484214782715 1.5425608456134796
v 13.931524276733398 41.95668411254883 -0.49332448840141296
v 13.931524276733398 41.95668411254883 1.5425608456134796
v 5.416495323181152 41.95668411254883 1.5425608456134796
v 19.83409309387207 48.52056312561035 -0.5130484998226166
v 20.430402755737305 46.360633850097656 -0.5065580308437347
v 19.83409309387207 44.206918716430664 -0.5000862777233124
v -13.931524276733398 41.95668411254883 -0.49332448840141296
v -13.931524276733398 50.777292251586914 -0.5198297798633575
v -5.416495323181152 50.777292251586914 -0.5198297798633575
v -17.240859985351562 42.519243240356445 -0.4950149357318878
v -17.240859985351562 50.21310997009277 -0.5181344449520111
v -13.931524276733398 50.777292251586914 -0.5198297798633575
v -17.240859985351562 50.21310997009277 -0.5181344449520111
v -17.240859985351562 42.519243240356445 -0.4950149357318878
v -19.83409309387207 44.206918716430664 -0.5000862777233124
v -19.83409309387207 44.206918716430664 -0.5000862777233124
v -20.430402755737305 46.360633850097656 -0.5065580308437347
v -19.83409309387207 48.52056312561035 -0.5130484998226166
v -5.416495323181152 41.95668411254883 1.5425608456134796
v -5.416495323181152 50.64484214782715 1.5425608456134796
v -13.931524276733398 50.64484214782715 1.5425608456134796
v -17.240859985351562 50.089189529418945 1.5425608456134796
v -17.240859985351562 42.5108528137207 1.5425608456134796
v -13.931524276733398 41.95668411254883 1.5425608456134796
v 19.83409309387207 44.206918716430664 -0.5000862777233124
v 19.83409309387207 44.17335891723633 1.5425608456134796
v 17.240859985351562 42.5108528137207 1.5425608456134796
v -17.240859985351562 42.5108528137207 1.5425608456134796
v -17.240859985351562 50.089189529418945 1.5425608456134796
v -19.83409309387207 48.4222297668457 1.5425608456134796
v 17.240859985351562 50.21310997009277 -0.5181344449520111
v 17.240859985351562 50.089189529418945 1.5425608456134796
v 19.83409309387207 48.4222297668457 1.5425608456134796
v 13.931524276733398 41.95668411254883 1.5425608456134796
v 13.931524276733398 50.64484214782715 1.5425608456134796
v 5.416495323181152 50.64484214782715 1.5425608456134796
v 17.240859985351562 50.089189529418945 1.5425608456134796
v 17.240859985351562 42.5108528137207 1.5425608456134796
v 19.83409309387207 44.17335891723633 1.5425608456134796
v 19.83409309387207 44.17335891723633 1.5425608456134796
v 20.430402755737305 46.29495429992676 1.5425608456134796
v 19.83409309387207 48.4222297668457 1.5425608456134796
v 5.416495323181152 41.95668411254883 -0.49332448840141296
v 5.416495323181152 50.777292251586914 -0.5198297798633575
v 13.931524276733398 50.777292251586914 -0.5198297798633575
v 17.240859985351562 50.21310997009277 -0.5181344449520111
v 17.240859985351562 42.519243240356445 -0.4950149357318878
v 13.931524276733398 41.95668411254883 -0.49332448840141296
v 17.240859985351562 42.519243240356445 -0.4950149357318878
v 17.240859985351562 50.21310997009277 -0.5181344449520111
v 19.83409309387207 48.52056312561035 -0.5130484998226166
v 13.931524276733398 50.777292251586914 -0.5198297798633575
v 13.931524276733398 50.64484214782715 1.5425608456134796
v 17.240859985351562 50.089189529418945 1.5425608456134796
v -17.240859985351562 42.5108528137207 1.5425608456134796
v -17.240859985351562 42.519243240356445 -0.4950149357318878
v -13.931524276733398 41.95668411254883 -0.49332448840141296
v -19.83409309387207 48.4222297668457 1.5425608456134796
v -19.83409309387207 48.52056312561035 -0.5130484998226166
v -20.430402755737305 46.360633850097656 -0.5065580308437347
v 17.240859985351562 42.519243240356445 -0.4950149357318878
v 17.240859985351562 42.5108528137207 1.5425608456134796
v 13.931524276733398 41.95668411254883 1.5425608456134796
v 19.83409309387207 48.52056312561035 -0.5130484998226166
v 19.83409309387207 48.4222297668457 1.5425608456134796
v 20.430402755737305 46.29495429992676 1.5425608456134796
v -19.83409309387207 44.17335891723633 1.5425608456134796
v -19.83409309387207 44.206918716430664 -0.5000862777233124
v -17.240859985351562 42.519243240356445 -0.4950149357318878
v -20.430402755737305 46.29495429992676 1.5425608456134796
v -20.430402755737305 46.360633850097656 -0.5065580308437347
v -19.83409309387207 44.206918716430664 -0.5000862777233124
v 17.44348907470703 47.69100761413574 2.1690496504306793
v 17.885604858398438 46.3303165435791 2.1690496504306793
v 17.885604858398438 46.3303165435791 1.373872071504593
v 16.2860164642334 48.53196144104004 1.373872071504593
v 16.2860164642334 48.53196144104004 2.1690496504306793
v 17.44348907470703 47.69100761413574 1.373872071504593
v 14.855299949645996 48.53196144104004 1.373872071504593
v 14.855299949645996 48.53196144104004 2.1690496504306793
v 16.2860164642334 48.53196144104004 1.373872071504593
v 13.697826385498047 47.69100761413574 1.373872071504593
v 13.697826385498047 47.69100761413574 2.1690496504306793
v 14.855299949645996 48.53196144104004 1.373872071504593
v 13.25571060180664 46.3303165435791 1.373872071504593
v 13.25571060180664 46.3303165435791 2.1690496504306793
v 13.697826385498047 47.69100761413574 1.373872071504593
v 13.697826385498047 44.96962547302246 1.373872071504593
v 13.697826385498047 44.96962547302246 2.1690496504306793
v 13.25571060180664 46.3303165435791 1.373872071504593
v 14.855299949645996 44.128671646118164 1.373872071504593
v 14.855299949645996 44.128671646118164 2.1690496504306793
v 13.697826385498047 44.96962547302246 1.373872071504593
v 16.2860164642334 44.128671646118164 1.373872071504593
v 16.2860164642334 44.128671646118164 2.1690496504306793
v 14.855299949645996 44.128671646118164 1.373872071504593
v 17.44348907470703 44.96962547302246 1.373872071504593
v 17.44348907470703 44.96962547302246 2.1690496504306793
v 16.2860164642334 44.128671646118164 1.373872071504593
v 17.885604858398438 46.3303165435791 1.373872071504593
v 17.885604858398438 46.3303165435791 2.1690496504306793
v 17.44348907470703 44.96962547302246 1.373872071504593
v -13.86163330078125 47.69100761413574 1.373872071504593
v -13.86163330078125 47.69100761413574 2.1690496504306793
v -13.41951847076416 46.3303165435791 1.373872071504593
v -15.0191068649292 48.53196144104004 1.373872071504593
v -15.0191068649292 48.53196144104004 2.1690496504306793
v -13.86163330078125 47.69100761413574 1.373872071504593
v -16.4498233795166 48.53196144104004 1.373872071504593
v -16.4498233795166 48.53196144104004 2.1690496504306793
v -15.0191068649292 48.53196144104004 1.373872071504593
v -17.607295989990234 47.69100761413574 1.373872071504593
v -17.607295989990234 47.69100761413574 2.1690496504306793
v -16.4498233795166 48.53196144104004 1.373872071504593
v -18.04941177368164 46.3303165435791 1.373872071504593
v -18.04941177368164 46.3303165435791 2.1690496504306793
v -17.607295989990234 47.69100761413574 1.373872071504593
v -17.607295989990234 44.96962547302246 1.373872071504593
v -17.607295989990234 44.96962547302246 2.1690496504306793
v -18.04941177368164 46.3303165435791 1.373872071504593
v -16.4498233795166 44.128671646118164 1.373872071504593
v -16.4498233795166 44.128671646118164 2.1690496504306793
v -17.607295989990234 44.96962547302246 1.373872071504593
v -15.0191068649292 44.128671646118164 1.373872071504593
v -15.0191068649292 44.128671646118164 2.1690496504306793
v -16.4498233795166 44.128671646118164 1.373872071504593
v -13.86163330078125 44.96962547302246 1.373872071504593
v -13.86163330078125 44.96962547302246 2.1690496504306793
v -15.0191068649292 44.128671646118164 1.373872071504593
v -13.41951847076416 46.3303165435791 1.373872071504593
v -13.41951847076416 46.3303165435791 2.1690496504306793
v -13.86163330078125 44.96962547302246 1.373872071504593
v -7.480156421661377 -24.773008346557617 1.6314974129199982
v -8.060083389282227 -21.909616470336914 1.6314974129199982
v -7.480156421661377 -24.773008346557617 -0.59701868891716
v 2.8407366275787354 -22.48954200744629 -0.59701868891716
v 2.8407366275787354 -22.48954200744629 1.6314974129199982
v 1.5721453428268433 -25.171709060668945 -0.59701868891716
v 5.124200820922852 -22.09084129333496 -0.59701868891716
v 5.124200820922852 -22.09084129333496 1.6314974129199982
v 2.8407366275787354 -22.48954200744629 -0.59701868891716
v 6.574019432067871 -22.851999282836914 -0.59701868891716
v 6.574019432067871 -22.851999282836914 1.6314974129199982
v 5.124200820922852 -22.09084129333496 -0.59701868891716
v 7.480156421661377 -24.773008346557617 -0.59701868891716
v 7.480156421661377 -24.773008346557617 1.6314974129199982
v 6.574019432067871 -22.851999282836914 -0.59701868891716
v 8.060083389282227 -21.909616470336914 -0.59701868891716
v 8.060083389282227 -21.909616470336914 1.6314974129199982
v 7.480156421661377 -24.773008346557617 -0.59701868891716
v 6.139073848724365 -20.35106086730957 -0.59701868891716
v 6.139073848724365 -20.35106086730957 1.6314974129199982
v 8.060083389282227 -21.909616470336914 -0.59701868891716
v 3.348173141479492 -19.698640823364258 -0.59701868891716
v 3.348173141479492 -19.698640823364258 1.6314974129199982
v 6.139073848724365 -20.35106086730957 -0.59701868891716
v -6.139073848724365 -20.35106086730957 1.6314974129199982
v -3.348173141479492 -19.698640823364258 1.6314974129199982
v -6.139073848724365 -20.35106086730957 -0.59701868891716
v 5.416495323181152 72.9272632598877 11.862388044595718
v 5.416495323181152 70.40233421325684 12.461390882730484
v 5.416495323181152 72.07103157043457 10.113411337137222
v -5.416495323181152 68.6721019744873 10.115680128335953
v -5.416495323181152 67.25607872009277 8.723160177469254
v -5.416495323181152 67.90136528015137 11.470469862222672
v 5.416495323181152 67.90136528015137 11.470469862222672
v 5.416495323181152 65.8413143157959 9.450938612222672
v 5.416495323181152 68.6721019744873 10.115680128335953
v -5.416495323181152 67.04886817932129 6.545631319284439
v -4.555357456207275 67.77958106994629 5.06258288025856
v -5.416495323181152 65.44239616394043 6.407533556222916
v 0 -31.65964698791504 1.6314974129199982
v -1.5721453428268433 -25.171709060668945 1.6314974129199982
v 0 -31.65964698791504 -0.59701868891716
v 1.5721453428268433 -25.171709060668945 -0.59701868891716
v 1.5721453428268433 -25.171709060668945 1.6314974129199982
v 0 -31.65964698791504 -0.59701868891716
v -8.060083389282227 -21.909616470336914 1.6314974129199982
v -6.139073848724365 -20.35106086730957 1.6314974129199982
v -8.060083389282227 -21.909616470336914 -0.59701868891716
v -1.5721453428268433 -25.171709060668945 1.6314974129199982
v -2.8407366275787354 -22.48954200744629 1.6314974129199982
v -1.5721453428268433 -25.171709060668945 -0.59701868891716
v -2.8407366275787354 -22.48954200744629 1.6314974129199982
v -5.124200820922852 -22.09084129333496 1.6314974129199982
v -2.8407366275787354 -22.48954200744629 -0.59701868891716
v -5.124200820922852 -22.09084129333496 1.6314974129199982
v -6.574019432067871 -22.851999282836914 1.6314974129199982
v -5.124200820922852 -22.09084129333496 -0.59701868891716
v -6.574019432067871 -22.851999282836914 1.6314974129199982
v -7.480156421661377 -24.773008346557617 1.6314974129199982
v -6.574019432067871 -22.851999282836914 -0.59701868891716
v 3.348173141479492 -19.698640823364258 1.6314974129199982
v 5.416495323181152 41.95668411254883 1.5425608456134796
v -3.348173141479492 -19.698640823364258 1.6314974129199982
v 3.348173141479492 -19.698640823364258 -0.59701868891716
v 5.416495323181152 41.95668411254883 -0.49332448840141296
v 3.348173141479492 -19.698640823364258 1.6314974129199982
v -3.348173141479492 -19.698640823364258 -0.59701868891716
v -5.416495323181152 41.95668411254883 -0.49332448840141296
v 3.348173141479492 -19.698640823364258 -0.59701868891716
v -3.348173141479492 -19.698640823364258 1.6314974129199982
v -5.416495323181152 41.95668411254883 1.5425608456134796
v -3.348173141479492 -19.698640823364258 -0.59701868891716
v 4.555357456207275 67.77958106994629 5.06258288025856
v 4.555357456207275 67.06562232971191 4.291329771280289
v -4.555357456207275 67.77958106994629 5.06258288025856
v 5.416495323181152 50.64484214782715 1.5425608456134796
v 5.416495323181152 68.83683967590332 1.5425608456134796
v -5.416495323181152 50.64484214782715 1.5425608456134796
v 5.416495323181152 50.777292251586914 -0.5198297798633575
v 5.416495323181152 69.24662590026855 -0.5753287971019745
v 5.416495323181152 50.64484214782715 1.5425608456134796
v -5.416495323181152 50.777292251586914 -0.5198297798633575
v -5.416495323181152 69.24662590026855 -0.5753287971019745
v 5.416495323181152 50.777292251586914 -0.5198297798633575
v -5.416495323181152 73.03130531311035 3.583562284708023
v -5.416495323181152 71.10781669616699 1.8692606985569
v 5.416495323181152 73.03130531311035 3.583562284708023
v -5.416495323181152 74.71665382385254 2.6295489370822906
v 5.416495323181152 74.71665382385254 2.6295489370822906
v -5.416495323181152 73.31455039978027 0.9496437013149261
v -5.416495323181152 74.71665382385254 2.6295489370822906
v -5.416495323181152 75.84263038635254 6.158940702676773
v 5.416495323181152 74.71665382385254 2.6295489370822906
v -5.416495323181152 75.23597145080566 9.798411756753922
v -5.416495323181152 72.9272632598877 11.862388044595718
v 5.416495323181152 75.23597145080566 9.798411756753922
v -5.416495323181152 70.40233421325684 12.461390882730484
v -5.416495323181152 67.90136528015137 11.470469862222672
v 5.416495323181152 70.40233421325684 12.461390882730484
v -5.416495323181152 65.8413143157959 9.450938612222672
v -5.416495323181152 65.44239616394043 6.407533556222916
v 5.416495323181152 65.8413143157959 9.450938612222672
v 5.416495323181152 73.03130531311035 3.583562284708023
v 5.416495323181152 73.86217308044434 6.309689909219742
v -5.416495323181152 73.03130531311035 3.583562284708023
v 5.416495323181152 73.41980934143066 8.723160177469254
v 5.416495323181152 72.07103157043457 10.113411337137222
v -5.416495323181152 73.41980934143066 8.723160177469254
v 5.416495323181152 70.38434028625488 10.620139509439468
v 5.416495323181152 68.6721019744873 10.115680128335953
v -5.416495323181152 70.38434028625488 10.620139509439468
v 5.416495323181152 67.25607872009277 8.723160177469254
v 5.416495323181152 67.04886817932129 6.545631319284439
v -5.416495323181152 67.25607872009277 8.723160177469254
v -5.416495323181152 73.03130531311035 3.583562284708023
v -5.416495323181152 73.86217308044434 6.309689909219742
v -5.416495323181152 74.71665382385254 2.6295489370822906
v 5.416495323181152 74.71665382385254 2.6295489370822906
v 5.416495323181152 75.84263038635254 6.158940702676773
v 5.416495323181152 73.03130531311035 3.583562284708023
v 5.416495323181152 65.8413143157959 9.450938612222672
v 5.416495323181152 65.44239616394043 6.407533556222916
v 5.416495323181152 67.25607872009277 8.723160177469254
v -5.416495323181152 73.41980934143066 8.723160177469254
v -5.416495323181152 72.07103157043457 10.113411337137222
v -5.416495323181152 75.23597145080566 9.798411756753922
v 5.416495323181152 75.23597145080566 9.798411756753922
v 5.416495323181152 72.9272632598877 11.862388044595718
v 5.416495323181152 73.41980934143066 8.723160177469254
v -5.416495323181152 70.38434028625488 10.620139509439468
v -5.416495323181152 68.6721019744873 10.115680128335953
v -5.416495323181152 70.40233421325684 12.461390882730484
v 5.416495323181152 70.40233421325684 12.461390882730484
v 5.416495323181152 67.90136528015137 11.470469862222672
v 5.416495323181152 70.38434028625488 10.620139509439468
v -5.416495323181152 67.25607872009277 8.723160177469254
v -5.416495323181152 67.04886817932129 6.545631319284439
v -5.416495323181152 65.8413143157959 9.450938612222672
v -5.416495323181152 75.84263038635254 6.158940702676773
v -5.416495323181152 75.23597145080566 9.798411756753922
v 5.416495323181152 75.84263038635254 6.158940702676773
v -5.416495323181152 72.9272632598877 11.862388044595718
v -5.416495323181152 70.40233421325684 12.461390882730484
v 5.416495323181152 72.9272632598877 11.862388044595718
v -5.416495323181152 67.90136528015137 11.470469862222672
v -5.416495323181152 65.8413143157959 9.450938612222672
v 5.416495323181152 67.90136528015137 11.470469862222672
v -5.416495323181152 65.44239616394043 6.407533556222916
v -4.555357456207275 67.06562232971191 4.291329771280289
v 5.416495323181152 65.44239616394043 6.407533556222916
v 5.416495323181152 73.86217308044434 6.309689909219742
v 5.416495323181152 73.41980934143066 8.723160177469254
v -5.416495323181152 73.86217308044434 6.309689909219742
v 5.416495323181152 72.07103157043457 10.113411337137222
v 5.416495323181152 70.38434028625488 10.620139509439468
v -5.416495323181152 72.07103157043457 10.113411337137222
v 5.416495323181152 68.6721019744873 10.115680128335953
v 5.416495323181152 67.25607872009277 8.723160177469254
v -5.416495323181152 68.6721019744873 10.115680128335953
v 5.416495323181152 67.04886817932129 6.545631319284439
v 4.555357456207275 67.77958106994629 5.06258288025856
v -5.416495323181152 67.04886817932129 6.545631319284439
v -5.416495323181152 73.86217308044434 6.309689909219742
v -5.416495323181152 73.41980934143066 8.723160177469254
v -5.416495323181152 75.84263038635254 6.158940702676773
v 5.416495323181152 75.84263038635254 6.158940702676773
v 5.416495323181152 75.23597145080566 9.798411756753922
v 5.416495323181152 73.86217308044434 6.309689909219742
v 5.416495323181152 65.44239616394043 6.407533556222916
v 4.555357456207275 67.06562232971191 4.291329771280289
v 5.416495323181152 67.04886817932129 6.545631319284439
v -5.416495323181152 72.07103157043457 10.113411337137222
v -5.416495323181152 70.38434028625488 10.620139509439468
v -5.416495323181152 72.9272632598877 11.862388044595718
v -5.416495323181152 71.10781669616699 1.8692606985569
v -5.416495323181152 68.83683967590332 1.5425608456134796
v 5.416495323181152 71.10781669616699 1.8692606985569
v -5.416495323181152 71.63237953186035 -0.29241815209388733
v -5.416495323181152 73.31455039978027 0.9496437013149261
v 5.416495323181152 71.63237953186035 -0.29241815209388733
v -5.416495323181152 69.24662590026855 -0.5753287971019745
v -5.416495323181152 50.777292251586914 -0.5198297798633575
v -5.416495323181152 68.83683967590332 1.5425608456134796
v -5.416495323181152 69.24662590026855 -0.5753287971019745
v -5.416495323181152 71.63237953186035 -0.29241815209388733
v 5.416495323181152 69.24662590026855 -0.5753287971019745
v 5.416495323181152 71.10781669616699 1.8692606985569
v 5.416495323181152 68.83683967590332 1.5425608456134796
v 5.416495323181152 71.63237953186035 -0.29241815209388733
v 5.416495323181152 73.03130531311035 3.583562284708023
v 5.416495323181152 71.10781669616699 1.8692606985569
v 5.416495323181152 73.31455039978027 0.9496437013149261
v 2.53427791595459 61.379411697387695 1.2296219170093536
v 2.53427791595459 61.379411697387695 2.795891910791397
v 3.132539749145508 59.53814888000488 1.2296219170093536
v 0.9680080413818359 62.51737022399902 1.2296219170093536
v 0.9680080413818359 62.51737022399902 2.795891910791397
v 2.53427791595459 61.379411697387695 1.2296219170093536
v -0.9680080413818359 62.51737022399902 1.2296219170093536
v -0.9680080413818359 62.51737022399902 2.795891910791397
v 0.9680080413818359 62.51737022399902 1.2296219170093536
v -2.53427791595459 61.379411697387695 1.2296219170093536
v -2.53427791595459 61.379411697387695 2.795891910791397
v -0.9680080413818359 62.51737022399902 1.2296219170093536
v -3.132539749145508 59.53814888000488 1.2296219170093536
v -3.132539749145508 59.53814888000488 2.795891910791397
v -2.53427791595459 61.379411697387695 1.2296219170093536
v -2.53427791595459 57.696889877319336 1.2296219170093536
v -2.53427791595459 57.696889877319336 2.795891910791397
v -3.132539749145508 59.53814888000488 1.2296219170093536
v -0.9680080413818359 56.55892753601074 1.2296219170093536
v -0.9680080413818359 56.55892753601074 2.795891910791397
v -2.53427791595459 57.696889877319336 1.2296219170093536
v 0.9680080413818359 56.55892753601074 1.2296219170093536
v 0.9680080413818359 56.55892753601074 2.795891910791397
v -0.9680080413818359 56.55892753601074 1.2296219170093536
v 2.53427791595459 57.696889877319336 1.2296219170093536
v 2.53427791595459 57.696889877319336 2.795891910791397
v 0.9680080413818359 56.55892753601074 1.2296219170093536
v 3.132539749145508 59.53814888000488 1.2296219170093536
v 3.132539749145508 59.53814888000488 2.795891910791397
v 2.53427791595459 57.696889877319336 1.2296219170093536
v 2.53427791595459 -4.464872360229492 1.3001610338687897
v 2.53427791595459 -4.464872360229492 2.8664309084415436
v 3.132539749145508 -6.306133270263672 1.3001610338687897
v 0.9680080413818359 -3.3269100189208984 1.3001610338687897
v 0.9680080413818359 -3.3269100189208984 2.8664309084415436
v 2.53427791595459 -4.464872360229492 1.3001610338687897
v -0.9680080413818359 -3.3269100189208984 1.3001610338687897
v -0.9680080413818359 -3.3269100189208984 2.8664309084415436
v 0.9680080413818359 -3.3269100189208984 1.3001610338687897
v -2.53427791595459 -4.464872360229492 1.3001610338687897
v -2.53427791595459 -4.464872360229492 2.8664309084415436
v -0.9680080413818359 -3.3269100189208984 1.3001610338687897
v -3.132539749145508 -6.306133270263672 1.3001610338687897
v -3.132539749145508 -6.306133270263672 2.8664309084415436
v -2.53427791595459 -4.464872360229492 1.3001610338687897
v -2.53427791595459 -8.147392272949219 1.3001610338687897
v -2.53427791595459 -8.147392272949219 2.8664309084415436
v -3.132539749145508 -6.306133270263672 1.3001610338687897
v -0.9680080413818359 -9.285354614257812 1.3001610338687897
v -0.9680080413818359 -9.285354614257812 2.8664309084415436
v -2.53427791595459 -8.147392272949219 1.3001610338687897
v 0.9680080413818359 -9.285354614257812 1.3001610338687897
v 0.9680080413818359 -9.285354614257812 2.8664309084415436
v -0.9680080413818359 -9.285354614257812 1.3001610338687897
v 2.53427791595459 -8.147392272949219 1.3001610338687897
v 2.53427791595459 -8.147392272949219 2.8664309084415436
v 0.9680080413818359 -9.285354614257812 1.3001610338687897
v 3.132539749145508 -6.306133270263672 1.3001610338687897
v 3.132539749145508 -6.306133270263672 2.8664309084415436
v 2.53427791595459 -8.147392272949219 1.3001610338687897
v 4.958124160766602 14.265472650527954 13.961494833230972
v 5.848954677581787 14.385761260986328 13.612656980752945
v 5.366635322570801 13.595978736877441 15.903027921915054
v 5.848954677581787 14.385761260986328 13.612656980752945
v 5.848954677581787 17.48813945055008 14.682442098855972
v 6.330862998962402 13.595978736877441 15.903027921915054
v 5.848954677581787 17.48813945055008 14.682442098855972
v 4.958124160766602 17.367850944399834 15.031278997659683
v 6.330862998962402 16.698357045650482 16.97281304001808
v 4.958124160766602 17.367850944399834 15.031278997659683
v 4.958124160766602 14.265472650527954 13.961494833230972
v 5.366635322570801 16.698357045650482 16.97281304001808
v 3.7947840690612793 14.83304214477539 12.31554165482521
v 4.476595878601074 15.055306434631348 11.670975118875504
v 4.958124160766602 14.265472650527954 13.961494833230972
v 4.476595878601074 15.055306434631348 11.670975118875504
v 4.476595878601074 18.1576846241951 12.740759283304214
v 5.848954677581787 14.385761260986328 13.612656980752945
v 4.476595878601074 18.1576846241951 12.740759283304214
v 3.7947840690612793 17.93542045354843 13.385325819253922
v 5.848954677581787 17.48813945055008 14.682442098855972
v 3.7947840690612793 17.93542045354843 13.385325819253922
v 3.7947840690612793 14.83304214477539 12.31554165482521
v 4.958124160766602 17.367850944399834 15.031278997659683
v 2.053722381591797 15.212280035018921 11.215751081705093
v 2.4227163791656494 15.41593062877655 10.373584181070328
v 3.7947840690612793 14.83304214477539 12.31554165482521
v 2.4227163791656494 15.41593062877655 10.373584181070328
v 2.4227163791656494 18.607704758644104 11.443368345499039
v 4.476595878601074 15.055306434631348 11.670975118875504
v 2.4227163791656494 18.607704758644104 11.443368345499039
v 2.053722381591797 18.314658284187317 12.285535246133804
v 4.476595878601074 18.1576846241951 12.740759283304214
v 2.053722381591797 18.314658284187317 12.285535246133804
v 2.053722381591797 15.212280035018921 11.215751081705093
v 3.7947840690612793 17.93542045354843 13.385325819253922
v 3.2861161996410775e-16 15.345450639724731 10.8295558989048
v 3.876535486266563e-16 15.41593062877655 9.918000608682632
v 2.053722381591797 15.212280035018921 11.215751081705093
v -2.4227163791656494 18.607704758644104 11.443368345499039
v -2.425588607788086 18.607704758644104 1.2908893525600433
v -2.4227163791656494 15.41593062877655 10.373584181070328
v 3.876535486266563e-16 18.607704758644104 10.98778572678566
v 3.2861161996410775e-16 18.447828888893127 11.899341017007828
v 2.4227163791656494 18.607704758644104 11.443368345499039
v 3.2861161996410775e-16 18.447828888893127 11.899341017007828
v 3.2861161996410775e-16 15.345450639724731 10.8295558989048
v 2.053722381591797 18.314658284187317 12.285535246133804
v -2.053722381591797 15.212280035018921 11.215751081705093
v -2.4227163791656494 15.41593062877655 10.373584181070328
v 3.2861161996410775e-16 15.345450639724731 10.8295558989048
v -2.4227163791656494 18.607704758644104 11.443368345499039
v -2.053722381591797 18.314658284187317 12.285535246133804
v 3.876535486266563e-16 18.607704758644104 10.98778572678566
v -2.053722381591797 18.314658284187317 12.285535246133804
v -2.053722381591797 15.212280035018921 11.215751081705093
v 3.2861161996410775e-16 18.447828888893127 11.899341017007828
v -3.7947840690612793 14.83304214477539 12.31554165482521
v -4.476595878601074 15.055306434631348 11.670975118875504
v -2.053722381591797 15.212280035018921 11.215751081705093
v -4.476595878601074 15.055306434631348 11.670975118875504
v -4.476595878601074 18.1576846241951 12.740759283304214
v -2.4227163791656494 15.41593062877655 10.373584181070328
v -4.476595878601074 18.1576846241951 12.740759283304214
v -3.7947840690612793 17.93542045354843 13.385325819253922
v -2.4227163791656494 18.607704758644104 11.443368345499039
v -3.7947840690612793 17.93542045354843 13.385325819253922
v -3.7947840690612793 14.83304214477539 12.31554165482521
v -2.053722381591797 18.314658284187317 12.285535246133804
v -4.958124160766602 14.265472650527954 13.961494833230972
v -5.848954677581787 14.385761260986328 13.612656980752945
v -3.7947840690612793 14.83304214477539 12.31554165482521
v -5.848954677581787 14.385761260986328 13.612656980752945
v -5.848954677581787 17.48813945055008 14.682442098855972
v -4.476595878601074 15.055306434631348 11.670975118875504
v -5.848954677581787 17.48813945055008 14.682442098855972
v -4.958124160766602 17.367850944399834 15.031278997659683
v -4.476595878601074 18.1576846241951 12.740759283304214
v -4.958124160766602 17.367850944399834 15.031278997659683
v -4.958124160766602 14.265472650527954 13.961494833230972
v -3.7947840690612793 17.93542045354843 13.385325819253922
v -5.366635322570801 13.595978736877441 15.903027921915054
v -6.330862998962402 13.595978736877441 15.903027921915054
v -4.958124160766602 14.265472650527954 13.961494833230972
v -6.330862998962402 13.595978736877441 15.903027921915054
v -6.330862998962402 16.698357045650482 16.97281304001808
v -5.848954677581787 14.385761260986328 13.612656980752945
v -6.330862998962402 16.698357045650482 16.97281304001808
v -5.366635322570801 16.698357045650482 16.97281304001808
v -5.848954677581787 17.48813945055008 14.682442098855972
v -5.366635322570801 16.698357045650482 16.97281304001808
v -5.366635322570801 13.595978736877441 15.903027921915054
v -4.958124160766602 17.367850944399834 15.031278997659683
v -4.958124160766602 12.926485061645508 17.84456291794777
v -5.848954677581787 12.806196212768555 18.19339981675148
v -5.366635322570801 13.595978736877441 15.903027921915054
v -5.848954677581787 12.806196212768555 18.19339981675148
v -5.848954677581787 15.90857470035553 19.26318398118019
v -6.330862998962402 13.595978736877441 15.903027921915054
v -5.848954677581787 15.90857470035553 19.26318398118019
v -4.958124160766602 16.028863191604614 18.91434708237648
v -6.330862998962402 16.698357045650482 16.97281304001808
v -4.958124160766602 16.028863191604614 18.91434708237648
v -4.958124160766602 12.926485061645508 17.84456291794777
v -5.366635322570801 16.698357045650482 16.97281304001808
v -3.7947840690612793 12.358915328979492 19.490515142679214
v -4.476595878601074 12.136651039123535 20.135080724954605
v -4.958124160766602 12.926485061645508 17.84456291794777
v -4.476595878601074 12.136651039123535 20.135080724954605
v -4.476595878601074 15.23902952671051 21.20486679673195
v -5.848954677581787 12.806196212768555 18.19339981675148
v -4.476595878601074 15.23902952671051 21.20486679673195
v -3.7947840690612793 15.461293697357178 20.560299307107925
v -5.848954677581787 15.90857470035553 19.26318398118019
v -3.7947840690612793 15.461293697357178 20.560299307107925
v -3.7947840690612793 12.358915328979492 19.490515142679214
v -4.958124160766602 16.028863191604614 18.91434708237648
v -2.053722381591797 11.979677677154541 20.59030571579933
v -2.4227163791656494 11.68927526473999 21.432472616434097
v -3.7947840690612793 12.358915328979492 19.490515142679214
v -2.4227163791656494 11.68927526473999 21.432472616434097
v -2.4227163791656494 14.791653633117676 22.50225678086281
v -4.476595878601074 12.136651039123535 20.135080724954605
v -2.4227163791656494 14.791653633117676 22.50225678086281
v -2.053722381591797 15.082055807113647 21.660089880228043
v -4.476595878601074 15.23902952671051 21.20486679673195
v -2.053722381591797 15.082055807113647 21.660089880228043
v -2.053722381591797 11.979677677154541 20.59030571579933
v -3.7947840690612793 15.461293697357178 20.560299307107925
v -9.858348598923232e-16 11.84650707244873 20.97649994492531
v -1.1629606723497486e-15 11.532177925109863 21.888056188821793
v -2.053722381591797 11.979677677154541 20.59030571579933
v -1.1629606723497486e-15 11.532177925109863 21.888056188821793
v -1.1629606723497486e-15 14.634556293487549 22.957840353250504
v -2.4227163791656494 11.68927526473999 21.432472616434097
v -1.1629606723497486e-15 14.634556293487549 22.957840353250504
v -9.858348598923232e-16 14.948885202407837 22.046286016702652
v -2.4227163791656494 14.791653633117676 22.50225678086281
v -9.858348598923232e-16 14.948885202407837 22.046286016702652
v -9.858348598923232e-16 11.84650707244873 20.97649994492531
v -2.053722381591797 15.082055807113647 21.660089880228043
v 2.053722381591797 11.979677677154541 20.59030571579933
v 2.4227163791656494 11.68927526473999 21.432472616434097
v -9.858348598923232e-16 11.84650707244873 20.97649994492531
v 2.4227163791656494 11.68927526473999 21.432472616434097
v 2.4227163791656494 14.791653633117676 22.50225678086281
v -1.1629606723497486e-15 11.532177925109863 21.888056188821793
v 2.4227163791656494 14.791653633117676 22.50225678086281
v 2.053722381591797 15.082055807113647 21.660089880228043
v -1.1629606723497486e-15 14.634556293487549 22.957840353250504
v 2.053722381591797 15.082055807113647 21.660089880228043
v 2.053722381591797 11.979677677154541 20.59030571579933
v -9.858348598923232e-16 14.948885202407837 22.046286016702652
v 3.7947840690612793 12.358915328979492 19.490515142679214
v 4.476595878601074 12.136651039123535 20.135080724954605
v 2.053722381591797 11.979677677154541 20.59030571579933
v 4.476595878601074 12.136651039123535 20.135080724954605
v 4.476595878601074 15.23902952671051 21.20486679673195
v 2.4227163791656494 11.68927526473999 21.432472616434097
v 4.476595878601074 15.23902952671051 21.20486679673195
v 3.7947840690612793 15.461293697357178 20.560299307107925
v 2.4227163791656494 14.791653633117676 22.50225678086281
v 3.7947840690612793 15.461293697357178 20.560299307107925
v 3.7947840690612793 12.358915328979492 19.490515142679214
v 2.053722381591797 15.082055807113647 21.660089880228043
v 4.958124160766602 12.926485061645508 17.84456291794777
v 5.848954677581787 12.806196212768555 18.19339981675148
v 3.7947840690612793 12.358915328979492 19.490515142679214
v 5.848954677581787 12.806196212768555 18.19339981675148
v 5.848954677581787 15.90857470035553 19.26318398118019
v 4.476595878601074 12.136651039123535 20.135080724954605
v 5.848954677581787 15.90857470035553 19.26318398118019
v 4.958124160766602 16.028863191604614 18.91434708237648
v 4.476595878601074 15.23902952671051 21.20486679673195
v 4.958124160766602 16.028863191604614 18.91434708237648
v 4.958124160766602 12.926485061645508 17.84456291794777
v 3.7947840690612793 15.461293697357178 20.560299307107925
v 5.366635322570801 13.595978736877441 15.903027921915054
v 6.330862998962402 13.595978736877441 15.903027921915054
v 4.958124160766602 12.926485061645508 17.84456291794777
v 6.330862998962402 13.595978736877441 15.903027921915054
v 6.330862998962402 16.698357045650482 16.97281304001808
v 5.848954677581787 12.806196212768555 18.19339981675148
v 6.330862998962402 16.698357045650482 16.97281304001808
v 5.366635322570801 16.698357045650482 16.97281304001808
v 5.848954677581787 15.90857470035553 19.26318398118019
v 5.366635322570801 16.698357045650482 16.97281304001808
v 5.366635322570801 13.595978736877441 15.903027921915054
v 4.958124160766602 16.028863191604614 18.91434708237648
v 2.4227163791656494 15.41593062877655 10.373584181070328
v 2.425588607788086 15.41593062877655 1.3466964066028595
v 2.4227163791656494 18.607704758644104 11.443368345499039
v -5.416495323181152 50.64484214782715 1.5425608456134796
v -5.416495323181152 41.95668411254883 1.5425608456134796
v 5.416495323181152 50.64484214782715 1.5425608456134796
v 19.83409309387207 44.206918716430664 -0.5000862777233124
v 20.430402755737305 46.360633850097656 -0.5065580308437347
v 19.83409309387207 44.17335891723633 1.5425608456134796
v 5.416495323181152 50.777292251586914 -0.5198297798633575
v 5.416495323181152 41.95668411254883 -0.49332448840141296
v -5.416495323181152 50.777292251586914 -0.5198297798633575
v -19.83409309387207 48.4222297668457 1.5425608456134796
v -17.240859985351562 50.089189529418945 1.5425608456134796
v -19.83409309387207 48.52056312561035 -0.5130484998226166
v -5.416495323181152 50.777292251586914 -0.5198297798633575
v -13.931524276733398 50.777292251586914 -0.5198297798633575
v -5.416495323181152 50.64484214782715 1.5425608456134796
v -17.240859985351562 50.089189529418945 1.5425608456134796
v -13.931524276733398 50.64484214782715 1.5425608456134796
v -17.240859985351562 50.21310997009277 -0.5181344449520111
v -5.416495323181152 41.95668411254883 1.5425608456134796
v -13.931524276733398 41.95668411254883 1.5425608456134796
v -5.416495323181152 41.95668411254883 -0.49332448840141296
v 5.416495323181152 50.64484214782715 1.5425608456134796
v 13.931524276733398 50.64484214782715 1.5425608456134796
v 5.416495323181152 50.777292251586914 -0.5198297798633575
v 13.931524276733398 41.95668411254883 1.5425608456134796
v 17.240859985351562 42.5108528137207 1.5425608456134796
v 13.931524276733398 50.64484214782715 1.5425608456134796
v 5.416495323181152 41.95668411254883 -0.49332448840141296
v 13.931524276733398 41.95668411254883 -0.49332448840141296
v 5.416495323181152 41.95668411254883 1.5425608456134796
v -5.416495323181152 41.95668411254883 -0.49332448840141296
v -13.931524276733398 41.95668411254883 -0.49332448840141296
v -5.416495323181152 50.777292251586914 -0.5198297798633575
v -13.931524276733398 41.95668411254883 -0.49332448840141296
v -17.240859985351562 42.519243240356445 -0.4950149357318878
v -13.931524276733398 50.777292251586914 -0.5198297798633575
v -19.83409309387207 48.52056312561035 -0.5130484998226166
v -17.240859985351562 50.21310997009277 -0.5181344449520111
v -19.83409309387207 44.206918716430664 -0.5000862777233124
v -13.931524276733398 41.95668411254883 1.5425608456134796
v -5.416495323181152 41.95668411254883 1.5425608456134796
v -13.931524276733398 50.64484214782715 1.5425608456134796
v -13.931524276733398 50.64484214782715 1.5425608456134796
v -17.240859985351562 50.089189529418945 1.5425608456134796
v -13.931524276733398 41.95668411254883 1.5425608456134796
v 17.240859985351562 42.519243240356445 -0.4950149357318878
v 19.83409309387207 44.206918716430664 -0.5000862777233124
v 17.240859985351562 42.5108528137207 1.5425608456134796
v -19.83409309387207 44.17335891723633 1.5425608456134796
v -17.240859985351562 42.5108528137207 1.5425608456134796
v -19.83409309387207 48.4222297668457 1.5425608456134796
v 19.83409309387207 48.52056312561035 -0.5130484998226166
v 17.240859985351562 50.21310997009277 -0.5181344449520111
v 19.83409309387207 48.4222297668457 1.5425608456134796
v 5.416495323181152 41.95668411254883 1.5425608456134796
v 13.931524276733398 41.95668411254883 1.5425608456134796
v 5.416495323181152 50.64484214782715 1.5425608456134796
v 19.83409309387207 48.4222297668457 1.5425608456134796
v 17.240859985351562 50.089189529418945 1.5425608456134796
v 19.83409309387207 44.17335891723633 1.5425608456134796
v 13.931524276733398 41.95668411254883 -0.49332448840141296
v 5.416495323181152 41.95668411254883 -0.49332448840141296
v 13.931524276733398 50.777292251586914 -0.5198297798633575
v 13.931524276733398 50.777292251586914 -0.5198297798633575
v 17.240859985351562 50.21310997009277 -0.5181344449520111
v 13.931524276733398 41.95668411254883 -0.49332448840141296
v 19.83409309387207 44.206918716430664 -0.5000862777233124
v 17.240859985351562 42.519243240356445 -0.4950149357318878
v 19.83409309387207 48.52056312561035 -0.5130484998226166
v 17.240859985351562 50.21310997009277 -0.5181344449520111
v 13.931524276733398 50.777292251586914 -0.5198297798633575
v 17.240859985351562 50.089189529418945 1.5425608456134796
v -13.931524276733398 41.95668411254883 1.5425608456134796
v -17.240859985351562 42.5108528137207 1.5425608456134796
v -13.931524276733398 41.95668411254883 -0.49332448840141296
v -20.430402755737305 46.29495429992676 1.5425608456134796
v -19.83409309387207 48.4222297668457 1.5425608456134796
v -20.430402755737305 46.360633850097656 -0.5065580308437347
v 13.931524276733398 41.95668411254883 -0.49332448840141296
v 17.240859985351562 42.519243240356445 -0.4950149357318878
v 13.931524276733398 41.95668411254883 1.5425608456134796
v 20.430402755737305 46.360633850097656 -0.5065580308437347
v 19.83409309387207 48.52056312561035 -0.5130484998226166
v 20.430402755737305 46.29495429992676 1.5425608456134796
v -17.240859985351562 42.5108528137207 1.5425608456134796
v -19.83409309387207 44.17335891723633 1.5425608456134796
v -17.240859985351562 42.519243240356445 -0.4950149357318878
v -19.83409309387207 44.17335891723633 1.5425608456134796
v -20.430402755737305 46.29495429992676 1.5425608456134796
v -19.83409309387207 44.206918716430664 -0.5000862777233124
v 17.44348907470703 47.69100761413574 1.373872071504593
v 17.44348907470703 47.69100761413574 2.1690496504306793
v 17.885604858398438 46.3303165435791 1.373872071504593
vt 0.31217092275619507 0.7363369464874268
vt 0.3193378448486328 0.7384027242660522
vt 0.3227916359901428 0.7335118055343628
vt 0.3048843443393707 0.7382919788360596
vt 0.31217092275619507 0.7363369464874268
vt 0.31184887886047363 0.7309329509735107
vt 0.30050408840179443 0.7443796396255493
vt 0.3048843443393707 0.7382919788360596
vt 0.3020856976509094 0.7342287302017212
vt 0.29963141679763794 0.7517733573913574
vt 0.30050408840179443 0.7443796396255493
vt 0.2951609194278717 0.7422773838043213
vt 0.3038133382797241 0.7579741477966309
vt 0.29963141679763794 0.7517733573913574
vt 0.29464244842529297 0.7531017065048218
vt 0.31097471714019775 0.7604317665100098
vt 0.3038133382797241 0.7579741477966309
vt 0.30024686455726624 0.7626001834869385
vt 0.31843477487564087 0.7581647634506226
vt 0.31097471714019775 0.7604317665100098
vt 0.31084519624710083 0.7656393051147461
vt 0.32318544387817383 0.7519700527191162
vt 0.31843477487564087 0.7581647634506226
vt 0.32137659192085266 0.7629649639129639
vt 0.32383984327316284 0.7444744110107422
vt 0.32318544387817383 0.7519700527191162
vt 0.3290061950683594 0.7541331052780151
vt 0.31217092275619507 0.7363369464874268
vt 0.32383984327316284 0.7444744110107422
vt 0.3193378448486328 0.7384027242660522
vt 0.32318544387817383 0.7519700527191162
vt 0.32383984327316284 0.7444744110107422
vt 0.31217092275619507 0.7363369464874268
vt 0.31097471714019775 0.7604317665100098
vt 0.31843477487564087 0.7581647634506226
vt 0.31217092275619507 0.7363369464874268
vt 0.29963141679763794 0.7517733573913574
vt 0.3038133382797241 0.7579741477966309
vt 0.31097471714019775 0.7604317665100098
vt 0.31217092275619507 0.7363369464874268
vt 0.3048843443393707 0.7382919788360596
vt 0.30050408840179443 0.7443796396255493
vt 0.31843477487564087 0.7581647634506226
vt 0.32318544387817383 0.7519700527191162
vt 0.31217092275619507 0.7363369464874268
vt 0.30050408840179443 0.7443796396255493
vt 0.31097471714019775 0.7604317665100098
vt 0.31217092275619507 0.7363369464874268
vt 0.30050408840179443 0.7443796396255493
vt 0.29963141679763794 0.7517733573913574
vt 0.31097471714019775 0.7604317665100098
vt 0.6763696074485779 0.42992109060287476
vt 0.6792052984237671 0.4369276762008667
vt 0.6845850348472595 0.4366031289100647
vt 0.6699500679969788 0.4261234402656555
vt 0.6763696074485779 0.42992109060287476
vt 0.6809398531913757 0.4260522127151489
vt 0.6624059081077576 0.42618894577026367
vt 0.6699500679969788 0.4261234402656555
vt 0.6709933876991272 0.4208117127418518
vt 0.656639039516449 0.4309837222099304
vt 0.6624059081077576 0.42618894577026367
vt 0.6607158184051514 0.42155343294143677
vt 0.6539400815963745 0.43792182207107544
vt 0.656639039516449 0.4309837222099304
vt 0.6519938707351685 0.42760831117630005
vt 0.6564334034919739 0.4449731707572937
vt 0.6539400815963745 0.43792182207107544
vt 0.6487773656845093 0.4379567503929138
vt 0.6627494692802429 0.4491485357284546
vt 0.6564334034919739 0.4449731707572937
vt 0.6518206596374512 0.4485572576522827
vt 0.6705397367477417 0.44882506132125854
vt 0.6627494692802429 0.4491485357284546
vt 0.6613181829452515 0.45415717363357544
vt 0.6766921281814575 0.44401949644088745
vt 0.6705397367477417 0.44882506132125854
vt 0.6721837520599365 0.45420926809310913
vt 0.6792052984237671 0.4369276762008667
vt 0.6766921281814575 0.44401949644088745
vt 0.6817843914031982 0.4475729465484619
vt 0.6699500679969788 0.4261234402656555
vt 0.6792052984237671 0.4369276762008667
vt 0.6763696074485779 0.42992109060287476
vt 0.6766921281814575 0.44401949644088745
vt 0.6792052984237671 0.4369276762008667
vt 0.6699500679969788 0.4261234402656555
vt 0.6627494692802429 0.4491485357284546
vt 0.6705397367477417 0.44882506132125854
vt 0.6699500679969788 0.4261234402656555
vt 0.6539400815963745 0.43792182207107544
vt 0.6564334034919739 0.4449731707572937
vt 0.6627494692802429 0.4491485357284546
vt 0.6699500679969788 0.4261234402656555
vt 0.6624059081077576 0.42618894577026367
vt 0.656639039516449 0.4309837222099304
vt 0.278846800327301 0.6621791124343872
vt 0.2834513485431671 0.6789282560348511
vt 0.3015833795070648 0.6821067333221436
vt 0.2569514513015747 0.6604958772659302
vt 0.2660816013813019 0.6575720310211182
vt 0.26198774576187134 0.6465135812759399
vt 0.278846800327301 0.6621791124343872
vt 0.3116098940372467 0.6679216623306274
vt 0.3173571527004242 0.6523404121398926
vt 0.2660816013813019 0.6575720310211182
vt 0.278846800327301 0.6621791124343872
vt 0.2787414789199829 0.6455720663070679
vt 0.3327728807926178 0.6737868785858154
vt 0.33605676889419556 0.6857826709747314
vt 0.3422963619232178 0.6698541641235352
vt 0.2834513485431671 0.6789282560348511
vt 0.28595948219299316 0.7179312705993652
vt 0.3015833795070648 0.6821067333221436
vt 0.2493344247341156 0.6535595655441284
vt 0.24978409707546234 0.670657753944397
vt 0.2569514513015747 0.6604958772659302
vt 0.32518118619918823 0.667931079864502
vt 0.33279284834861755 0.6589237451553345
vt 0.3173571527004242 0.6523404121398926
vt 0.3327728807926178 0.6737868785858154
vt 0.3422963619232178 0.6698541641235352
vt 0.33279284834861755 0.6589237451553345
vt 0.7455083727836609 0.8372476100921631
vt 0.7464075684547424 0.8242247104644775
vt 0.7634760141372681 0.8254086971282959
vt 0.06127692386507988 0.9269788265228271
vt 0.043943289667367935 0.9282659292221069
vt 0.04297608882188797 0.915246844291687
vt 0.07481978833675385 0.9259738922119141
vt 0.06127692386507988 0.9269788265228271
vt 0.06031027436256409 0.9139587879180908
vt 0.08438733220100403 0.9252649545669556
vt 0.07481978833675385 0.9259738922119141
vt 0.07385377585887909 0.91295325756073
vt 0.09679853171110153 0.924345850944519
vt 0.08438733220100403 0.9252649545669556
vt 0.08342205733060837 0.9122432470321655
vt 0.11387080699205399 0.9230822324752808
vt 0.09679853171110153 0.924345850944519
vt 0.09583401679992676 0.911322832107544
vt 0.12832653522491455 0.9220130443572998
vt 0.11387080699205399 0.9230822324752808
vt 0.112907275557518 0.9100589752197266
vt 0.14507561922073364 0.9207761287689209
vt 0.12832653522491455 0.9220130443572998
vt 0.12736409902572632 0.9089899063110352
vt 0.714303195476532 0.8350887298583984
vt 0.7152042984962463 0.8220648765563965
vt 0.7319536805152893 0.8232229948043823
vt 0.8269742727279663 0.9348235130310059
vt 0.8259037137031555 0.9241317510604858
vt 0.8354378342628479 0.9202988147735596
vt 0.05239740014076233 0.8318036794662476
vt 0.06025506556034088 0.8367353677749634
vt 0.04728091135621071 0.8474457263946533
vt 0.7989006042480469 0.9197036027908325
vt 0.8067446947097778 0.9147428274154663
vt 0.8156923651695251 0.9220980405807495
vt 0.050912272185087204 0.8090583086013794
vt 0.05569098889827728 0.8052201271057129
vt 0.06408166140317917 0.8192497491836548
vt 0.8154038190841675 0.8420747518539429
vt 0.8163042664527893 0.8290655612945557
vt 0.8552738428115845 0.831763744354248
vt 0.043943289667367935 0.9282659292221069
vt 0.004944982007145882 0.9311631917953491
vt 0.0039777071215212345 0.9181445837020874
vt 0.7310525178909302 0.8362467288970947
vt 0.7319536805152893 0.8232229948043823
vt 0.7464075684547424 0.8242247104644775
vt 0.06628305464982986 0.719124436378479
vt 0.05618368461728096 0.7332583665847778
vt 0.03806605190038681 0.7299894094467163
vt 0.011661361902952194 0.7114149332046509
vt 0.004441492259502411 0.7215415239334106
vt 0.0040797218680381775 0.704440712928772
vt 0.0874164029955864 0.7250998020172119
vt 0.07985466718673706 0.7192028760910034
vt 0.08751260489225388 0.710234522819519
vt 0.09695978462696075 0.7212133407592773
vt 0.09063921868801117 0.7371110916137695
vt 0.0874164029955864 0.7250998020172119
vt 0.07985466718673706 0.7192028760910034
vt 0.06628305464982986 0.719124436378479
vt 0.07211104035377502 0.7035716772079468
vt 0.02080608159303665 0.7085404396057129
vt 0.016769446432590485 0.697461724281311
vt 0.03352915868163109 0.6966041326522827
vt 0.05618368461728096 0.7332583665847778
vt 0.04037376865744591 0.7690058946609497
vt 0.03806605190038681 0.7299894094467163
vt 0.011661361902952194 0.7114149332046509
vt 0.0040797218680381775 0.704440712928772
vt 0.016769446432590485 0.697461724281311
vt 0.07211104035377502 0.7035716772079468
vt 0.06628305464982986 0.719124436378479
vt 0.03354775160551071 0.7132142782211304
vt 0.7980808615684509 0.840877890586853
vt 0.7989823818206787 0.8278679847717285
vt 0.8163042664527893 0.8290655612945557
vt 0.784545361995697 0.8399442434310913
vt 0.785446047782898 0.8269298076629639
vt 0.7989823818206787 0.8278679847717285
vt 0.7749823927879333 0.8392844200134277
vt 0.7758821845054626 0.826265811920166
vt 0.785446047782898 0.8269298076629639
vt 0.7625759840011597 0.8384271860122681
vt 0.7634760141372681 0.8254086971282959
vt 0.7758821845054626 0.826265811920166
vt 0.39160075783729553 0.2988851070404053
vt 0.32913047075271606 0.2879360318183899
vt 0.2787414789199829 0.6455720663070679
vt 0.5046712160110474 0.8817629814147949
vt 0.5055478811264038 0.8936598300933838
vt 0.14507561922073364 0.9207761287689209
vt 0.08575920015573502 0.3392219543457031
vt 0.14817357063293457 0.35049259662628174
vt 0.07211104035377502 0.7035716772079468
vt 0.35376909375190735 0.8096127510070801
vt 0.35459136962890625 0.7977108955383301
vt 0.7152042984962463 0.8220648765563965
vt 0.4365813732147217 0.013046503067016602
vt 0.38404011726379395 0.003838658332824707
vt 0.3829779326915741 0.009899675846099854
vt 0.4187692105770111 0.14387565851211548
vt 0.35629841685295105 0.1329265832901001
vt 0.3379116952419281 0.23783445358276367
vt 0.8132970929145813 0.8596189022064209
vt 0.8120407462120056 0.8721717596054077
vt 0.7060794830322266 0.8818870782852173
vt 0.11415357142686844 0.181992769241333
vt 0.1765669286251068 0.19326317310333252
vt 0.15735071897506714 0.2996740937232971
vt 0.35861721634864807 0.11969566345214844
vt 0.421088308095932 0.1306447982788086
vt 0.4236927032470703 0.11578643321990967
vt 0.1835169941186905 0.15476977825164795
vt 0.18124091625213623 0.1673755645751953
vt 0.11883026361465454 0.15610384941101074
vt 0.6705397367477417 0.44882506132125854
vt 0.6766921281814575 0.44401949644088745
vt 0.6699500679969788 0.4261234402656555
vt 0.837794840335846 0.8663326501846313
vt 0.8468489050865173 0.8753662109375
vt 0.8375482559204102 0.8818141222000122
vt 0.03168439865112305 0.7771056890487671
vt 0.03362694010138512 0.7899751663208008
vt 0.021534567698836327 0.7989698648452759
vt 0.03168439865112305 0.7771056890487671
vt 0.04703373834490776 0.7892444133758545
vt 0.03362694010138512 0.7899751663208008
vt 0.656639039516449 0.4309837222099304
vt 0.6539400815963745 0.43792182207107544
vt 0.6627494692802429 0.4491485357284546
vt 0.656639039516449 0.4309837222099304
vt 0.6627494692802429 0.4491485357284546
vt 0.6699500679969788 0.4261234402656555
vt 0.1249617487192154 0.12215584516525269
vt 0.18737143278121948 0.13342702388763428
vt 0.1835169941186905 0.15476977825164795
vt 0.1320236623287201 0.08305716514587402
vt 0.1944333165884018 0.09432846307754517
vt 0.1912107765674591 0.11216932535171509
vt 0.13752223551273346 0.05261063575744629
vt 0.19993190467357635 0.06388187408447266
vt 0.19713334739208221 0.07937860488891602
vt 0.14371883869171143 0.018306732177734375
vt 0.2061268389225006 0.02957969903945923
vt 0.20293375849723816 0.04726189374923706
vt 0.42657333612442017 0.09935146570205688
vt 0.3641015589237213 0.08840221166610718
vt 0.36122119426727295 0.10483717918395996
vt 0.43101149797439575 0.07403099536895752
vt 0.368539035320282 0.06308180093765259
vt 0.36658143997192383 0.07425224781036377
vt 0.43459582328796387 0.053580522537231445
vt 0.37212297320365906 0.042631447315216064
vt 0.3703189790248871 0.05292540788650513
vt 0.4388142228126526 0.029512763023376465
vt 0.37634092569351196 0.018563807010650635
vt 0.3741301894187927 0.031178295612335205
vt 0.015288240276277065 0.8144102096557617
vt 0.003838681150227785 0.8125119209289551
vt 0.012209747917950153 0.79254150390625
vt 0.8552738428115845 0.8953044414520264
vt 0.8438329696655273 0.8972324132919312
vt 0.8375482559204102 0.8818141222000122
vt 0.7950120568275452 0.9022233486175537
vt 0.8044183254241943 0.9021986722946167
vt 0.8067446947097778 0.9147428274154663
vt 0.023742228746414185 0.8374483585357666
vt 0.01787356473505497 0.8471794128417969
vt 0.0055014751851558685 0.833999514579773
vt 0.8413378596305847 0.9300143718719482
vt 0.8354378342628479 0.9202988147735596
vt 0.8425425291061401 0.9115029573440552
vt 0.04348185658454895 0.839187502861023
vt 0.04728091135621071 0.8474457263946533
vt 0.032246798276901245 0.8519415855407715
vt 0.8119193911552429 0.9303719997406006
vt 0.8156923651695251 0.9220980405807495
vt 0.8259037137031555 0.9241317510604858
vt 0.05467746779322624 0.819256067276001
vt 0.06408166140317917 0.8192497491836548
vt 0.06025506556034088 0.8367353677749634
vt 0.12880106270313263 0.10089802742004395
vt 0.1912107765674591 0.11216932535171509
vt 0.18737143278121948 0.13342702388763428
vt 0.13472367823123932 0.06810730695724487
vt 0.19713334739208221 0.07937860488891602
vt 0.1944333165884018 0.09432846307754517
vt 0.14052405953407288 0.03599059581756592
vt 0.20293375849723816 0.04726189374923706
vt 0.19993190467357635 0.06388187408447266
vt 0.1514538675546646 0.003838658332824707
vt 0.20394101738929749 0.013319253921508789
vt 0.2061268389225006 0.02957969903945923
vt 0.42905351519584656 0.08520150184631348
vt 0.36658143997192383 0.07425224781036377
vt 0.3641015589237213 0.08840221166610718
vt 0.43279165029525757 0.06387448310852051
vt 0.3703189790248871 0.05292540788650513
vt 0.368539035320282 0.06308180093765259
vt 0.436603307723999 0.04212731122970581
vt 0.3741301894187927 0.031178295612335205
vt 0.37212297320365906 0.042631447315216064
vt 0.43551909923553467 0.019107699394226074
vt 0.3829779326915741 0.009899675846099854
vt 0.37634092569351196 0.018563807010650635
vt 0.0166158527135849 0.8286741971969604
vt 0.0055014751851558685 0.833999514579773
vt 0.003838681150227785 0.8125119209289551
vt 0.8536732196807861 0.9167944192886353
vt 0.8425425291061401 0.9115029573440552
vt 0.8438329696655273 0.8972324132919312
vt 0.8033549189567566 0.8881607055664062
vt 0.8081482648849487 0.8919837474822998
vt 0.8044183254241943 0.9021986722946167
vt 0.03328264132142067 0.8412507772445679
vt 0.032246798276901245 0.8519415855407715
vt 0.01787356473505497 0.8471794128417969
vt 0.3116098940372467 0.6679216623306274
vt 0.278846800327301 0.6621791124343872
vt 0.3015833795070648 0.6821067333221436
vt 0.2493344247341156 0.6535595655441284
vt 0.2569514513015747 0.6604958772659302
vt 0.26198774576187134 0.6465135812759399
vt 0.2787414789199829 0.6455720663070679
vt 0.278846800327301 0.6621791124343872
vt 0.3173571527004242 0.6523404121398926
vt 0.26198774576187134 0.6465135812759399
vt 0.2660816013813019 0.6575720310211182
vt 0.2787414789199829 0.6455720663070679
vt 0.3116098940372467 0.6679216623306274
vt 0.32518118619918823 0.667931079864502
vt 0.3173571527004242 0.6523404121398926
vt 0.32518118619918823 0.667931079864502
vt 0.3327728807926178 0.6737868785858154
vt 0.33279284834861755 0.6589237451553345
vt 0.03354775160551071 0.7132142782211304
vt 0.06628305464982986 0.719124436378479
vt 0.03806605190038681 0.7299894094467163
vt 0.09695978462696075 0.7212133407592773
vt 0.0874164029955864 0.7250998020172119
vt 0.08751260489225388 0.710234522819519
vt 0.08751260489225388 0.710234522819519
vt 0.07985466718673706 0.7192028760910034
vt 0.07211104035377502 0.7035716772079468
vt 0.03354775160551071 0.7132142782211304
vt 0.02080608159303665 0.7085404396057129
vt 0.03352915868163109 0.6966041326522827
vt 0.02080608159303665 0.7085404396057129
vt 0.011661361902952194 0.7114149332046509
vt 0.016769446432590485 0.697461724281311
vt 0.03352915868163109 0.6966041326522827
vt 0.07211104035377502 0.7035716772079468
vt 0.03354775160551071 0.7132142782211304
vt 0.35629841685295105 0.1329265832901001
vt 0.4187692105770111 0.14387565851211548
vt 0.421088308095932 0.1306447982788086
vt 0.11883026361465454 0.15610384941101074
vt 0.18124091625213623 0.1673755645751953
vt 0.17906580865383148 0.17942166328430176
vt 0.04703373834490776 0.7892444133758545
vt 0.03168439865112305 0.7771056890487671
vt 0.04573613405227661 0.7766832113265991
vt 0.15340648591518402 0.7865209579467773
vt 0.15311698615550995 0.7986187934875488
vt 0.04703373834490776 0.7892444133758545
vt 0.021534567698836327 0.7989698648452759
vt 0.012209747917950153 0.79254150390625
vt 0.0212418045848608 0.7834776639938354
vt 0.11665338277816772 0.16815149784088135
vt 0.17906580865383148 0.17942166328430176
vt 0.1765669286251068 0.19326317310333252
vt 0.8120407462120056 0.8721717596054077
vt 0.8132970929145813 0.8596189022064209
vt 0.8273406624794006 0.8599958419799805
vt 0.8254385590553284 0.8728610277175903
vt 0.8273406624794006 0.8599958419799805
vt 0.837794840335846 0.8663326501846313
vt 0.0212418045848608 0.7834776639938354
vt 0.03168439865112305 0.7771056890487671
vt 0.021534567698836327 0.7989698648452759
vt 0.6467492580413818 0.6771847009658813
vt 0.6522110104560852 0.6846495866775513
vt 0.663558304309845 0.6803619861602783
vt 0.6378406882286072 0.6750251054763794
vt 0.6467492580413818 0.6771847009658813
vt 0.652015209197998 0.6686134338378906
vt 0.6287724375724792 0.678302526473999
vt 0.6378406882286072 0.6750251054763794
vt 0.6377077698707581 0.6643989086151123
vt 0.6230370998382568 0.6862406730651855
vt 0.6287724375724792 0.678302526473999
vt 0.6214339137077332 0.6688878536224365
vt 0.6235067248344421 0.6958260536193848
vt 0.6230370998382568 0.6862406730651855
vt 0.6129129528999329 0.6834583282470703
vt 0.6290174126625061 0.7032358646392822
vt 0.6235067248344421 0.6958260536193848
vt 0.6128848195075989 0.6999475955963135
vt 0.6380114555358887 0.7054399251937866
vt 0.6290174126625061 0.7032358646392822
vt 0.6238141655921936 0.7114107608795166
vt 0.6470558643341064 0.7022286653518677
vt 0.6380114555358887 0.7054399251937866
vt 0.6378663182258606 0.7156862020492554
vt 0.6525665521621704 0.6942238807678223
vt 0.6470558643341064 0.7022286653518677
vt 0.6532841324806213 0.7113111019134521
vt 0.6522110104560852 0.6846495866775513
vt 0.6525665521621704 0.6942238807678223
vt 0.6635447144508362 0.6979759931564331
vt 0.6378406882286072 0.6750251054763794
vt 0.6470558643341064 0.7022286653518677
vt 0.6525665521621704 0.6942238807678223
vt 0.6380114555358887 0.7054399251937866
vt 0.6470558643341064 0.7022286653518677
vt 0.6378406882286072 0.6750251054763794
vt 0.6235067248344421 0.6958260536193848
vt 0.6290174126625061 0.7032358646392822
vt 0.6380114555358887 0.7054399251937866
vt 0.6378406882286072 0.6750251054763794
vt 0.6287724375724792 0.678302526473999
vt 0.6230370998382568 0.6862406730651855
vt 0.6522110104560852 0.6846495866775513
vt 0.6467492580413818 0.6771847009658813
vt 0.6378406882286072 0.6750251054763794
vt 0.6522110104560852 0.6846495866775513
vt 0.6378406882286072 0.6750251054763794
vt 0.6525665521621704 0.6942238807678223
vt 0.6230370998382568 0.6862406730651855
vt 0.6380114555358887 0.7054399251937866
vt 0.6378406882286072 0.6750251054763794
vt 0.6230370998382568 0.6862406730651855
vt 0.6235067248344421 0.6958260536193848
vt 0.6380114555358887 0.7054399251937866
vt 0.6887664794921875 0.38411813974380493
vt 0.6883034706115723 0.39362049102783203
vt 0.6989424824714661 0.3986738920211792
vt 0.6836171746253967 0.37634366750717163
vt 0.6887664794921875 0.38411813974380493
vt 0.7007291913032532 0.38094550371170044
vt 0.6746330261230469 0.37274301052093506
vt 0.6836171746253967 0.37634366750717163
vt 0.6898587942123413 0.3672899603843689
vt 0.6654154062271118 0.3755839467048645
vt 0.6746330261230469 0.37274301052093506
vt 0.6751114130020142 0.36261504888534546
vt 0.6590443849563599 0.38237428665161133
vt 0.6654154062271118 0.3755839467048645
vt 0.6591717600822449 0.3655468225479126
vt 0.6583600640296936 0.39155298471450806
vt 0.6590443849563599 0.38237428665161133
vt 0.6487773656845093 0.3790276050567627
vt 0.663680911064148 0.3993949294090271
vt 0.6583600640296936 0.39155298471450806
vt 0.6488626003265381 0.394878625869751
vt 0.6727816462516785 0.4028712511062622
vt 0.663680911064148 0.3993949294090271
vt 0.6575575470924377 0.40687352418899536
vt 0.6820552349090576 0.4007911682128906
vt 0.6727816462516785 0.4028712511062622
vt 0.6713318228721619 0.4131343364715576
vt 0.6883034706115723 0.39362049102783203
vt 0.6820552349090576 0.4007911682128906
vt 0.6871577501296997 0.4106380343437195
vt 0.6836171746253967 0.37634366750717163
vt 0.6883034706115723 0.39362049102783203
vt 0.6887664794921875 0.38411813974380493
vt 0.6820552349090576 0.4007911682128906
vt 0.6883034706115723 0.39362049102783203
vt 0.6836171746253967 0.37634366750717163
vt 0.663680911064148 0.3993949294090271
vt 0.6727816462516785 0.4028712511062622
vt 0.6836171746253967 0.37634366750717163
vt 0.6590443849563599 0.38237428665161133
vt 0.6583600640296936 0.39155298471450806
vt 0.663680911064148 0.3993949294090271
vt 0.6836171746253967 0.37634366750717163
vt 0.6746330261230469 0.37274301052093506
vt 0.6654154062271118 0.3755839467048645
vt 0.6727816462516785 0.4028712511062622
vt 0.6820552349090576 0.4007911682128906
vt 0.6836171746253967 0.37634366750717163
vt 0.6654154062271118 0.3755839467048645
vt 0.663680911064148 0.3993949294090271
vt 0.6836171746253967 0.37634366750717163
vt 0.6654154062271118 0.3755839467048645
vt 0.6590443849563599 0.38237428665161133
vt 0.663680911064148 0.3993949294090271
vt 0.9150813221931458 0.06316262483596802
vt 0.9017313122749329 0.05763620138168335
vt 0.9006317257881165 0.06316810846328735
vt 0.7239589691162109 0.4478214979171753
vt 0.7239591479301453 0.4622848629951477
vt 0.7431737184524536 0.4622849225997925
vt 0.7662982940673828 0.7523106336593628
vt 0.7540605068206787 0.7522852420806885
vt 0.7529515027999878 0.757807731628418
vt 0.9961608648300171 0.1747645139694214
vt 0.9961610436439514 0.18702387809753418
vt 0.9769484400749207 0.18702423572540283
vt 0.9253018498420715 0.07337582111358643
vt 0.9150813221931458 0.06316262483596802
vt 0.9119492173194885 0.06785309314727783
vt 0.7239588499069214 0.43335777521133423
vt 0.7239589691162109 0.4478214979171753
vt 0.7431740164756775 0.4478214979171753
vt 0.7776256799697876 0.7476596832275391
vt 0.7662982940673828 0.7523106336593628
vt 0.7673826217651367 0.7578409910202026
vt 0.996160626411438 0.1625051498413086
vt 0.9961608648300171 0.1747645139694214
vt 0.9769481420516968 0.17476481199264526
vt 0.9306800365447998 0.08669686317443848
vt 0.9253018498420715 0.07337582111358643
vt 0.9206135869026184 0.07651132345199585
vt 0.723943829536438 0.41889113187789917
vt 0.7239588499069214 0.43335777521133423
vt 0.7431741952896118 0.4333576560020447
vt 0.7863274216651917 0.7390344142913818
vt 0.7776256799697876 0.7476596832275391
vt 0.7807402610778809 0.7523599863052368
vt 0.9961603283882141 0.15024566650390625
vt 0.996160626411438 0.1625051498413086
vt 0.9769477844238281 0.16250550746917725
vt 0.9304847717285156 0.10114264488220215
vt 0.9306800365447998 0.08669686317443848
vt 0.9252896308898926 0.087832510471344
vt 0.7431042790412903 0.6776217222213745
vt 0.7606852650642395 0.6712898015975952
vt 0.743651807308197 0.6212698221206665
vt 0.7910243272781372 0.7276966571807861
vt 0.7863274216651917 0.7390344142913818
vt 0.7910065054893494 0.7421934604644775
vt 0.9961600303649902 0.13798654079437256
vt 0.9961603283882141 0.15024566650390625
vt 0.976947546005249 0.15024632215499878
vt 0.925123929977417 0.1145586371421814
vt 0.9304847717285156 0.10114264488220215
vt 0.9252269864082336 0.10009419918060303
vt 0.8493877053260803 0.7537891864776611
vt 0.8549310564994812 0.7259494066238403
vt 0.7963542342185974 0.7287583351135254
vt 0.7910283207893372 0.715424656867981
vt 0.7910243272781372 0.7276966571807861
vt 0.7963542342185974 0.7287583351135254
vt 0.9961602687835693 0.3218768239021301
vt 0.9961600303649902 0.33413636684417725
vt 0.9769473075866699 0.3341360092163086
vt 0.9150474071502686 0.12479764223098755
vt 0.925123929977417 0.1145586371421814
vt 0.9205814599990845 0.1114417314529419
vt 0.7239608764648438 0.6069016456604004
vt 0.7239469289779663 0.6213645935058594
vt 0.743651807308197 0.6212698221206665
vt 0.7862931489944458 0.7041242122650146
vt 0.7910283207893372 0.715424656867981
vt 0.7965604066848755 0.7142987251281738
vt 0.9961605668067932 0.3096175193786621
vt 0.9961602687835693 0.3218768239021301
vt 0.976947546005249 0.32187652587890625
vt 0.9016907215118408 0.1303091049194336
vt 0.9150474071502686 0.12479764223098755
vt 0.9119203090667725 0.12010371685028076
vt 0.7239605188369751 0.5924414396286011
vt 0.7239608764648438 0.6069016456604004
vt 0.7431710958480835 0.6069011688232422
vt 0.7776083946228027 0.6954895257949829
vt 0.7862931489944458 0.7041242122650146
vt 0.7909706830978394 0.700974702835083
vt 0.9961607456207275 0.29735857248306274
vt 0.9961605668067932 0.3096175193786621
vt 0.9769477248191833 0.30961716175079346
vt 0.8872420191764832 0.13029170036315918
vt 0.9016907215118408 0.1303091049194336
vt 0.9005974531173706 0.12477582693099976
vt 0.7239601016044617 0.5779808759689331
vt 0.7239605188369751 0.5924414396286011
vt 0.743170976638794 0.592441201210022
vt 0.7662930488586426 0.6908255815505981
vt 0.7776083946228027 0.6954895257949829
vt 0.7807281613349915 0.6907951831817627
vt 0.9961609244346619 0.2850987911224365
vt 0.9961607456207275 0.29735857248306274
vt 0.9769479632377625 0.2973582148551941
vt 0.8738994002342224 0.12474870681762695
vt 0.8872420191764832 0.13029170036315918
vt 0.8883485198020935 0.12476140260696411
vt 0.7239598035812378 0.5635201930999756
vt 0.7239601016044617 0.5779808759689331
vt 0.7431710362434387 0.5779807567596436
vt 0.7540629506111145 0.6908373832702637
vt 0.7662930488586426 0.6908255815505981
vt 0.767383337020874 0.6852990388870239
vt 0.9961611032485962 0.27283966541290283
vt 0.9961609244346619 0.2850987911224365
vt 0.9769482016563416 0.285098671913147
vt 0.8636922240257263 0.11452329158782959
vt 0.8738994002342224 0.12474870681762695
vt 0.8770372271537781 0.12006247043609619
vt 0.7239595651626587 0.5490587949752808
vt 0.7239598035812378 0.5635201930999756
vt 0.743171215057373 0.5635201930999756
vt 0.7427731156349182 0.695518970489502
vt 0.7540629506111145 0.6908373832702637
vt 0.7529599070549011 0.6853171586990356
vt 0.9961612224578857 0.26058024168014526
vt 0.9961611032485962 0.27283966541290283
vt 0.9769484400749207 0.2728393077850342
vt 0.8581730127334595 0.10117167234420776
vt 0.8636922240257263 0.11452329158782959
vt 0.868384063243866 0.11139369010925293
vt 0.7239595055580139 0.5345972776412964
vt 0.7239595651626587 0.5490587949752808
vt 0.7431714534759521 0.5490587949752808
vt 0.7341362833976746 0.7041580677032471
vt 0.7427731156349182 0.695518970489502
vt 0.7396453619003296 0.6908426284790039
vt 0.9961612820625305 0.2483208179473877
vt 0.9961612224578857 0.26058024168014526
vt 0.9769485592842102 0.2605801224708557
vt 0.8581815361976624 0.0867239236831665
vt 0.8581730127334595 0.10117167234420776
vt 0.8637050986289978 0.10007506608963013
vt 0.7239595055580139 0.5201354026794434
vt 0.7239595055580139 0.5345972776412964
vt 0.743171751499176 0.5345973968505859
vt 0.7294625043869019 0.7154406309127808
vt 0.7341362833976746 0.7041580677032471
vt 0.7294597625732422 0.7010338306427002
vt 0.9961613416671753 0.2360612154006958
vt 0.9961612820625305 0.2483208179473877
vt 0.9769486784934998 0.24832069873809814
vt 0.8637155294418335 0.07337832450866699
vt 0.8581815361976624 0.0867239236831665
vt 0.8637121915817261 0.08782696723937988
vt 0.7239594459533691 0.5056731700897217
vt 0.7239595055580139 0.5201354026794434
vt 0.7431721687316895 0.5201356410980225
vt 0.7294605374336243 0.727654218673706
vt 0.7294625043869019 0.7154406309127808
vt 0.7239469885826111 0.7143431901931763
vt 0.9961613416671753 0.22380220890045166
vt 0.9961613416671753 0.2360612154006958
vt 0.9769486784934998 0.2360612154006958
vt 0.8739341497421265 0.06316471099853516
vt 0.8637155294418335 0.07337832450866699
vt 0.8684039115905762 0.07651335000991821
vt 0.7239594459533691 0.4912109375
vt 0.7239594459533691 0.5056731700897217
vt 0.7431727051734924 0.5056735277175903
vt 0.7341312766075134 0.7389427423477173
vt 0.7294605374336243 0.727654218673706
vt 0.723943829536438 0.7287496328353882
vt 0.9961612820625305 0.21154272556304932
vt 0.9961613416671753 0.22380220890045166
vt 0.9769486784934998 0.22380220890045166
vt 0.8872830867767334 0.057636916637420654
vt 0.8739341497421265 0.06316471099853516
vt 0.8770667910575867 0.06785464286804199
vt 0.7239593267440796 0.4767480492591858
vt 0.7239594459533691 0.4912109375
vt 0.7431730628013611 0.4912111759185791
vt 0.7427676320075989 0.7475912570953369
vt 0.7341312766075134 0.7389427423477173
vt 0.7294511795043945 0.7420655488967896
vt 0.9961612224578857 0.19928336143493652
vt 0.9961612820625305 0.21154272556304932
vt 0.9769486784934998 0.21154284477233887
vt 0.9017313122749329 0.05763620138168335
vt 0.8872830867767334 0.057636916637420654
vt 0.8883832097053528 0.06316858530044556
vt 0.7239591479301453 0.4622848629951477
vt 0.7239593267440796 0.4767480492591858
vt 0.7431734204292297 0.47674816846847534
vt 0.7540605068206787 0.7522852420806885
vt 0.7427676320075989 0.7475912570953369
vt 0.7396350502967834 0.7522681951522827
vt 0.9961610436439514 0.18702387809753418
vt 0.9961612224578857 0.19928336143493652
vt 0.9769485592842102 0.19928359985351562
vt 0.9304847717285156 0.10114264488220215
vt 0.9825338125228882 0.09705281257629395
vt 0.9306800365447998 0.08669686317443848
vt 0.7910065054893494 0.7421934604644775
vt 0.8493877053260803 0.7537891864776611
vt 0.7963542342185974 0.7287583351135254
vt 0.7606912851333618 0.3689481019973755
vt 0.7431042790412903 0.36261504888534546
vt 0.723943829536438 0.41889113187789917
vt 0.9304847717285156 0.10114264488220215
vt 0.925123929977417 0.1145586371421814
vt 0.9769837856292725 0.12488448619842529
vt 0.9769837856292725 0.12488448619842529
vt 0.9825338125228882 0.09705281257629395
vt 0.9304847717285156 0.10114264488220215
vt 0.8549310564994812 0.7259494066238403
vt 0.7965604066848755 0.7142987251281738
vt 0.7963542342185974 0.7287583351135254
vt 0.32913047075271606 0.2879360318183899
vt 0.39160075783729553 0.2988851070404053
vt 0.4003821611404419 0.24878346920013428
vt 0.6051498055458069 0.8741681575775146
vt 0.6057559251785278 0.8861575126647949
vt 0.5928939580917358 0.8872083425521851
vt 0.14817357063293457 0.35049259662628174
vt 0.08575920015573502 0.3392219543457031
vt 0.094936303794384 0.2884032130241394
vt 0.22259901463985443 0.8004956245422363
vt 0.22289660573005676 0.7884082794189453
vt 0.24100108444690704 0.7894834280014038
vt 0.2032506763935089 0.7877148389816284
vt 0.20296011865139008 0.7998133897781372
vt 0.15311698615550995 0.7986187934875488
vt 0.20296011865139008 0.7998133897781372
vt 0.2032506763935089 0.7877148389816284
vt 0.22289660573005676 0.7884082794189453
vt 0.30400073528289795 0.8061641454696655
vt 0.30482473969459534 0.7942663431167603
vt 0.35459136962890625 0.7977108955383301
vt 0.2525236904621124 0.23607933521270752
vt 0.24693484604358673 0.24774384498596191
vt 0.2482292652130127 0.26058119535446167
vt 0.6562811732292175 0.8832546472549438
vt 0.6559485197067261 0.8711663484573364
vt 0.7057487964630127 0.8698021173477173
vt 0.4603481590747833 0.30764079093933105
vt 0.468007892370224 0.2639390826225281
vt 0.4494855999946594 0.2573898434638977
vt 0.5544266700744629 0.8781013488769531
vt 0.5553013682365417 0.8899964094161987
vt 0.5055478811264038 0.8936598300933838
vt 0.23806928098201752 0.3276752233505249
vt 0.23925748467445374 0.3407396674156189
vt 0.2335820347070694 0.35252833366394043
vt 0.0366995595395565 0.3303631544113159
vt 0.045877404510974884 0.27954256534576416
vt 0.094936303794384 0.2884032130241394
vt 0.018217626959085464 0.32367920875549316
vt 0.026223577558994293 0.2793489694595337
vt 0.045877404510974884 0.27954256534576416
vt 0.026223577558994293 0.2793489694595337
vt 0.018217626959085464 0.32367920875549316
vt 0.005033289082348347 0.3112563490867615
vt 0.005033289082348347 0.3112563490867615
vt 0.003838681150227785 0.2982277274131775
vt 0.00952149461954832 0.2864036560058594
vt 0.32913047075271606 0.2879360318183899
vt 0.3379116952419281 0.23783445358276367
vt 0.28880831599235535 0.22922813892364502
vt 0.2691628336906433 0.22908759117126465
vt 0.26150330901145935 0.2727893590927124
vt 0.28002703189849854 0.27932965755462646
vt 0.5921084880828857 0.8752700090408325
vt 0.5928939580917358 0.8872083425521851
vt 0.5749032497406006 0.888555645942688
vt 0.26150330901145935 0.2727893590927124
vt 0.2691628336906433 0.22908759117126465
vt 0.2525236904621124 0.23607933521270752
vt 0.6363161206245422 0.8719282150268555
vt 0.6366586089134216 0.884006142616272
vt 0.6186472773551941 0.8851063251495361
vt 0.44070419669151306 0.3074917197227478
vt 0.4494855999946594 0.2573898434638977
vt 0.4003821611404419 0.24878346920013428
vt 0.468007892370224 0.2639390826225281
vt 0.4603481590747833 0.30764079093933105
vt 0.47698286175727844 0.3006748557090759
vt 0.47698286175727844 0.3006748557090759
vt 0.4825659692287445 0.28904300928115845
vt 0.48127731680870056 0.27617281675338745
vt 0.14817357063293457 0.35049259662628174
vt 0.15735071897506714 0.2996740937232971
vt 0.20640937983989716 0.3085324168205261
vt 0.2248886674642563 0.3152267336845398
vt 0.21688514947891235 0.3595532178878784
vt 0.19723251461982727 0.3593534827232361
vt 0.21688514947891235 0.3595532178878784
vt 0.2248886674642563 0.3152267336845398
vt 0.23806928098201752 0.3276752233505249
vt 0.6559485197067261 0.8711663484573364
vt 0.6562811732292175 0.8832546472549438
vt 0.6366586089134216 0.884006142616272
vt 0.2843911647796631 0.8048069477081299
vt 0.2852071523666382 0.7928990125656128
vt 0.30482473969459534 0.7942663431167603
vt 0.24062217772006989 0.8015276193618774
vt 0.24100108444690704 0.7894834280014038
vt 0.25408151745796204 0.790534257888794
vt 0.5740382671356201 0.8766517639160156
vt 0.5749032497406006 0.888555645942688
vt 0.5553013682365417 0.8899964094161987
vt 0.6182237863540649 0.8730659484863281
vt 0.6186472773551941 0.8851063251495361
vt 0.6057559251785278 0.8861575126647949
vt 0.2663922905921936 0.8035330772399902
vt 0.267128586769104 0.7915860414505005
vt 0.2852071523666382 0.7928990125656128
vt 0.2535210847854614 0.8025286197662354
vt 0.25408151745796204 0.790534257888794
vt 0.267128586769104 0.7915860414505005
vt 0.3193378448486328 0.7384027242660522
vt 0.32383984327316284 0.7444744110107422
vt 0.32896628975868225 0.7428113222122192
vt 0.31184887886047363 0.7309329509735107
vt 0.31217092275619507 0.7363369464874268
vt 0.3227916359901428 0.7335118055343628
vt 0.3020856976509094 0.7342287302017212
vt 0.3048843443393707 0.7382919788360596
vt 0.31184887886047363 0.7309329509735107
vt 0.2951609194278717 0.7422773838043213
vt 0.30050408840179443 0.7443796396255493
vt 0.3020856976509094 0.7342287302017212
vt 0.29464244842529297 0.7531017065048218
vt 0.29963141679763794 0.7517733573913574
vt 0.2951609194278717 0.7422773838043213
vt 0.30024686455726624 0.7626001834869385
vt 0.3038133382797241 0.7579741477966309
vt 0.29464244842529297 0.7531017065048218
vt 0.31084519624710083 0.7656393051147461
vt 0.31097471714019775 0.7604317665100098
vt 0.30024686455726624 0.7626001834869385
vt 0.32137659192085266 0.7629649639129639
vt 0.31843477487564087 0.7581647634506226
vt 0.31084519624710083 0.7656393051147461
vt 0.3290061950683594 0.7541331052780151
vt 0.32318544387817383 0.7519700527191162
vt 0.32137659192085266 0.7629649639129639
vt 0.32896628975868225 0.7428113222122192
vt 0.32383984327316284 0.7444744110107422
vt 0.3290061950683594 0.7541331052780151
vt 0.6809398531913757 0.4260522127151489
vt 0.6763696074485779 0.42992109060287476
vt 0.6845850348472595 0.4366031289100647
vt 0.6709933876991272 0.4208117127418518
vt 0.6699500679969788 0.4261234402656555
vt 0.6809398531913757 0.4260522127151489
vt 0.6607158184051514 0.42155343294143677
vt 0.6624059081077576 0.42618894577026367
vt 0.6709933876991272 0.4208117127418518
vt 0.6519938707351685 0.42760831117630005
vt 0.656639039516449 0.4309837222099304
vt 0.6607158184051514 0.42155343294143677
vt 0.6487773656845093 0.4379567503929138
vt 0.6539400815963745 0.43792182207107544
vt 0.6519938707351685 0.42760831117630005
vt 0.6518206596374512 0.4485572576522827
vt 0.6564334034919739 0.4449731707572937
vt 0.6487773656845093 0.4379567503929138
vt 0.6613181829452515 0.45415717363357544
vt 0.6627494692802429 0.4491485357284546
vt 0.6518206596374512 0.4485572576522827
vt 0.6721837520599365 0.45420926809310913
vt 0.6705397367477417 0.44882506132125854
vt 0.6613181829452515 0.45415717363357544
vt 0.6817843914031982 0.4475729465484619
vt 0.6766921281814575 0.44401949644088745
vt 0.6721837520599365 0.45420926809310913
vt 0.6845850348472595 0.4366031289100647
vt 0.6792052984237671 0.4369276762008667
vt 0.6817843914031982 0.4475729465484619
vt 0.7625759840011597 0.8384271860122681
vt 0.7455083727836609 0.8372476100921631
vt 0.7634760141372681 0.8254086971282959
vt 0.06031027436256409 0.9139587879180908
vt 0.06127692386507988 0.9269788265228271
vt 0.04297608882188797 0.915246844291687
vt 0.07385377585887909 0.91295325756073
vt 0.07481978833675385 0.9259738922119141
vt 0.06031027436256409 0.9139587879180908
vt 0.08342205733060837 0.9122432470321655
vt 0.08438733220100403 0.9252649545669556
vt 0.07385377585887909 0.91295325756073
vt 0.09583401679992676 0.911322832107544
vt 0.09679853171110153 0.924345850944519
vt 0.08342205733060837 0.9122432470321655
vt 0.112907275557518 0.9100589752197266
vt 0.11387080699205399 0.9230822324752808
vt 0.09583401679992676 0.911322832107544
vt 0.12736409902572632 0.9089899063110352
vt 0.12832653522491455 0.9220130443572998
vt 0.112907275557518 0.9100589752197266
vt 0.14411430060863495 0.9077526330947876
vt 0.14507561922073364 0.9207761287689209
vt 0.12736409902572632 0.9089899063110352
vt 0.7310525178909302 0.8362467288970947
vt 0.714303195476532 0.8350887298583984
vt 0.7319536805152893 0.8232229948043823
vt 0.8413378596305847 0.9300143718719482
vt 0.8269742727279663 0.9348235130310059
vt 0.8354378342628479 0.9202988147735596
vt 0.04348185658454895 0.839187502861023
vt 0.05239740014076233 0.8318036794662476
vt 0.04728091135621071 0.8474457263946533
vt 0.8119193911552429 0.9303719997406006
vt 0.7989006042480469 0.9197036027908325
vt 0.8156923651695251 0.9220980405807495
vt 0.05467746779322624 0.819256067276001
vt 0.050912272185087204 0.8090583086013794
vt 0.06408166140317917 0.8192497491836548
vt 0.8543727397918701 0.8447691202163696
vt 0.8154038190841675 0.8420747518539429
vt 0.8552738428115845 0.831763744354248
vt 0.04297608882188797 0.915246844291687
vt 0.043943289667367935 0.9282659292221069
vt 0.0039777071215212345 0.9181445837020874
vt 0.7455083727836609 0.8372476100921631
vt 0.7310525178909302 0.8362467288970947
vt 0.7464075684547424 0.8242247104644775
vt 0.8154038190841675 0.8420747518539429
vt 0.7980808615684509 0.840877890586853
vt 0.8163042664527893 0.8290655612945557
vt 0.7980808615684509 0.840877890586853
vt 0.784545361995697 0.8399442434310913
vt 0.7989823818206787 0.8278679847717285
vt 0.784545361995697 0.8399442434310913
vt 0.7749823927879333 0.8392844200134277
vt 0.785446047782898 0.8269298076629639
vt 0.7749823927879333 0.8392844200134277
vt 0.7625759840011597 0.8384271860122681
vt 0.7758821845054626 0.826265811920166
vt 0.3173571527004242 0.6523404121398926
vt 0.39160075783729553 0.2988851070404053
vt 0.2787414789199829 0.6455720663070679
vt 0.14411430060863495 0.9077526330947876
vt 0.5046712160110474 0.8817629814147949
vt 0.14507561922073364 0.9207761287689209
vt 0.03352915868163109 0.6966041326522827
vt 0.08575920015573502 0.3392219543457031
vt 0.07211104035377502 0.7035716772079468
vt 0.714303195476532 0.8350887298583984
vt 0.35376909375190735 0.8096127510070801
vt 0.7152042984962463 0.8220648765563965
vt 0.43551909923553467 0.019107699394226074
vt 0.4365813732147217 0.013046503067016602
vt 0.3829779326915741 0.009899675846099854
vt 0.4003821611404419 0.24878346920013428
vt 0.4187692105770111 0.14387565851211548
vt 0.3379116952419281 0.23783445358276367
vt 0.7057487964630127 0.8698021173477173
vt 0.8132970929145813 0.8596189022064209
vt 0.7060794830322266 0.8818870782852173
vt 0.094936303794384 0.2884032130241394
vt 0.11415357142686844 0.181992769241333
vt 0.15735071897506714 0.2996740937232971
vt 0.36122119426727295 0.10483717918395996
vt 0.35861721634864807 0.11969566345214844
vt 0.4236927032470703 0.11578643321990967
vt 0.12110630422830582 0.14349818229675293
vt 0.1835169941186905 0.15476977825164795
vt 0.11883026361465454 0.15610384941101074
vt 0.12110630422830582 0.14349818229675293
vt 0.1249617487192154 0.12215584516525269
vt 0.1835169941186905 0.15476977825164795
vt 0.12880106270313263 0.10089802742004395
vt 0.1320236623287201 0.08305716514587402
vt 0.1912107765674591 0.11216932535171509
vt 0.13472367823123932 0.06810730695724487
vt 0.13752223551273346 0.05261063575744629
vt 0.19713334739208221 0.07937860488891602
vt 0.14052405953407288 0.03599059581756592
vt 0.14371883869171143 0.018306732177734375
vt 0.20293375849723816 0.04726189374923706
vt 0.4236927032470703 0.11578643321990967
vt 0.42657333612442017 0.09935146570205688
vt 0.36122119426727295 0.10483717918395996
vt 0.42905351519584656 0.08520150184631348
vt 0.43101149797439575 0.07403099536895752
vt 0.36658143997192383 0.07425224781036377
vt 0.43279165029525757 0.06387448310852051
vt 0.43459582328796387 0.053580522537231445
vt 0.3703189790248871 0.05292540788650513
vt 0.436603307723999 0.04212731122970581
vt 0.4388142228126526 0.029512763023376465
vt 0.3741301894187927 0.031178295612335205
vt 0.021534567698836327 0.7989698648452759
vt 0.015288240276277065 0.8144102096557617
vt 0.012209747917950153 0.79254150390625
vt 0.8468489050865173 0.8753662109375
vt 0.8552738428115845 0.8953044414520264
vt 0.8375482559204102 0.8818141222000122
vt 0.7989006042480469 0.9197036027908325
vt 0.7950120568275452 0.9022233486175537
vt 0.8067446947097778 0.9147428274154663
vt 0.0166158527135849 0.8286741971969604
vt 0.023742228746414185 0.8374483585357666
vt 0.0055014751851558685 0.833999514579773
vt 0.8536732196807861 0.9167944192886353
vt 0.8413378596305847 0.9300143718719482
vt 0.8425425291061401 0.9115029573440552
vt 0.03328264132142067 0.8412507772445679
vt 0.04348185658454895 0.839187502861023
vt 0.032246798276901245 0.8519415855407715
vt 0.8269742727279663 0.9348235130310059
vt 0.8119193911552429 0.9303719997406006
vt 0.8259037137031555 0.9241317510604858
vt 0.05239740014076233 0.8318036794662476
vt 0.05467746779322624 0.819256067276001
vt 0.06025506556034088 0.8367353677749634
vt 0.1249617487192154 0.12215584516525269
vt 0.12880106270313263 0.10089802742004395
vt 0.18737143278121948 0.13342702388763428
vt 0.1320236623287201 0.08305716514587402
vt 0.13472367823123932 0.06810730695724487
vt 0.1944333165884018 0.09432846307754517
vt 0.13752223551273346 0.05261063575744629
vt 0.14052405953407288 0.03599059581756592
vt 0.19993190467357635 0.06388187408447266
vt 0.14371883869171143 0.018306732177734375
vt 0.1514538675546646 0.003838658332824707
vt 0.2061268389225006 0.02957969903945923
vt 0.42657333612442017 0.09935146570205688
vt 0.42905351519584656 0.08520150184631348
vt 0.3641015589237213 0.08840221166610718
vt 0.43101149797439575 0.07403099536895752
vt 0.43279165029525757 0.06387448310852051
vt 0.368539035320282 0.06308180093765259
vt 0.43459582328796387 0.053580522537231445
vt 0.436603307723999 0.04212731122970581
vt 0.37212297320365906 0.042631447315216064
vt 0.4388142228126526 0.029512763023376465
vt 0.43551909923553467 0.019107699394226074
vt 0.37634092569351196 0.018563807010650635
vt 0.015288240276277065 0.8144102096557617
vt 0.0166158527135849 0.8286741971969604
vt 0.003838681150227785 0.8125119209289551
vt 0.8552738428115845 0.8953044414520264
vt 0.8536732196807861 0.9167944192886353
vt 0.8438329696655273 0.8972324132919312
vt 0.7950120568275452 0.9022233486175537
vt 0.8033549189567566 0.8881607055664062
vt 0.8044183254241943 0.9021986722946167
vt 0.023742228746414185 0.8374483585357666
vt 0.03328264132142067 0.8412507772445679
vt 0.01787356473505497 0.8471794128417969
vt 0.35861721634864807 0.11969566345214844
vt 0.35629841685295105 0.1329265832901001
vt 0.421088308095932 0.1306447982788086
vt 0.11665338277816772 0.16815149784088135
vt 0.11883026361465454 0.15610384941101074
vt 0.17906580865383148 0.17942166328430176
vt 0.04573613405227661 0.7766832113265991
vt 0.15340648591518402 0.7865209579467773
vt 0.04703373834490776 0.7892444133758545
vt 0.11415357142686844 0.181992769241333
vt 0.11665338277816772 0.16815149784088135
vt 0.1765669286251068 0.19326317310333252
vt 0.8254385590553284 0.8728610277175903
vt 0.8120407462120056 0.8721717596054077
vt 0.8273406624794006 0.8599958419799805
vt 0.8375482559204102 0.8818141222000122
vt 0.8254385590553284 0.8728610277175903
vt 0.837794840335846 0.8663326501846313
vt 0.652015209197998 0.6686134338378906
vt 0.6467492580413818 0.6771847009658813
vt 0.663558304309845 0.6803619861602783
vt 0.6377077698707581 0.6643989086151123
vt 0.6378406882286072 0.6750251054763794
vt 0.652015209197998 0.6686134338378906
vt 0.6214339137077332 0.6688878536224365
vt 0.6287724375724792 0.678302526473999
vt 0.6377077698707581 0.6643989086151123
vt 0.6129129528999329 0.6834583282470703
vt 0.6230370998382568 0.6862406730651855
vt 0.6214339137077332 0.6688878536224365
vt 0.6128848195075989 0.6999475955963135
vt 0.6235067248344421 0.6958260536193848
vt 0.6129129528999329 0.6834583282470703
vt 0.6238141655921936 0.7114107608795166
vt 0.6290174126625061 0.7032358646392822
vt 0.6128848195075989 0.6999475955963135
vt 0.6378663182258606 0.7156862020492554
vt 0.6380114555358887 0.7054399251937866
vt 0.6238141655921936 0.7114107608795166
vt 0.6532841324806213 0.7113111019134521
vt 0.6470558643341064 0.7022286653518677
vt 0.6378663182258606 0.7156862020492554
vt 0.6635447144508362 0.6979759931564331
vt 0.6525665521621704 0.6942238807678223
vt 0.6532841324806213 0.7113111019134521
vt 0.663558304309845 0.6803619861602783
vt 0.6522110104560852 0.6846495866775513
vt 0.6635447144508362 0.6979759931564331
vt 0.7007291913032532 0.38094550371170044
vt 0.6887664794921875 0.38411813974380493
vt 0.6989424824714661 0.3986738920211792
vt 0.6898587942123413 0.3672899603843689
vt 0.6836171746253967 0.37634366750717163
vt 0.7007291913032532 0.38094550371170044
vt 0.6751114130020142 0.36261504888534546
vt 0.6746330261230469 0.37274301052093506
vt 0.6898587942123413 0.3672899603843689
vt 0.6591717600822449 0.3655468225479126
vt 0.6654154062271118 0.3755839467048645
vt 0.6751114130020142 0.36261504888534546
vt 0.6487773656845093 0.3790276050567627
vt 0.6590443849563599 0.38237428665161133
vt 0.6591717600822449 0.3655468225479126
vt 0.6488626003265381 0.394878625869751
vt 0.6583600640296936 0.39155298471450806
vt 0.6487773656845093 0.3790276050567627
vt 0.6575575470924377 0.40687352418899536
vt 0.663680911064148 0.3993949294090271
vt 0.6488626003265381 0.394878625869751
vt 0.6713318228721619 0.4131343364715576
vt 0.6727816462516785 0.4028712511062622
vt 0.6575575470924377 0.40687352418899536
vt 0.6871577501296997 0.4106380343437195
vt 0.6820552349090576 0.4007911682128906
vt 0.6713318228721619 0.4131343364715576
vt 0.6989424824714661 0.3986738920211792
vt 0.6883034706115723 0.39362049102783203
vt 0.6871577501296997 0.4106380343437195
vt 0.9119492173194885 0.06785309314727783
vt 0.9150813221931458 0.06316262483596802
vt 0.9006317257881165 0.06316810846328735
vt 0.7431740164756775 0.4478214979171753
vt 0.7239589691162109 0.4478214979171753
vt 0.7431737184524536 0.4622849225997925
vt 0.7673826217651367 0.7578409910202026
vt 0.7662982940673828 0.7523106336593628
vt 0.7529515027999878 0.757807731628418
vt 0.9769481420516968 0.17476481199264526
vt 0.9961608648300171 0.1747645139694214
vt 0.9769484400749207 0.18702423572540283
vt 0.9206135869026184 0.07651132345199585
vt 0.9253018498420715 0.07337582111358643
vt 0.9119492173194885 0.06785309314727783
vt 0.7431741952896118 0.4333576560020447
vt 0.7239588499069214 0.43335777521133423
vt 0.7431740164756775 0.4478214979171753
vt 0.7807402610778809 0.7523599863052368
vt 0.7776256799697876 0.7476596832275391
vt 0.7673826217651367 0.7578409910202026
vt 0.9769477844238281 0.16250550746917725
vt 0.996160626411438 0.1625051498413086
vt 0.9769481420516968 0.17476481199264526
vt 0.9252896308898926 0.087832510471344
vt 0.9306800365447998 0.08669686317443848
vt 0.9206135869026184 0.07651132345199585
vt 0.743654727935791 0.4189848303794861
vt 0.723943829536438 0.41889113187789917
vt 0.7431741952896118 0.4333576560020447
vt 0.7910065054893494 0.7421934604644775
vt 0.7863274216651917 0.7390344142913818
vt 0.7807402610778809 0.7523599863052368
vt 0.976947546005249 0.15024632215499878
vt 0.9961603283882141 0.15024566650390625
vt 0.9769477844238281 0.16250550746917725
vt 0.9252269864082336 0.10009419918060303
vt 0.9304847717285156 0.10114264488220215
vt 0.9252896308898926 0.087832510471344
vt 0.7239469289779663 0.6213645935058594
vt 0.7431042790412903 0.6776217222213745
vt 0.743651807308197 0.6212698221206665
vt 0.7963542342185974 0.7287583351135254
vt 0.7910243272781372 0.7276966571807861
vt 0.7910065054893494 0.7421934604644775
vt 0.9769472479820251 0.1379868984222412
vt 0.9961600303649902 0.13798654079437256
vt 0.976947546005249 0.15024632215499878
vt 0.9205814599990845 0.1114417314529419
vt 0.925123929977417 0.1145586371421814
vt 0.9252269864082336 0.10009419918060303
vt 0.7965604066848755 0.7142987251281738
vt 0.7910283207893372 0.715424656867981
vt 0.7963542342185974 0.7287583351135254
vt 0.976947546005249 0.32187652587890625
vt 0.9961602687835693 0.3218768239021301
vt 0.9769473075866699 0.3341360092163086
vt 0.9119203090667725 0.12010371685028076
vt 0.9150474071502686 0.12479764223098755
vt 0.9205814599990845 0.1114417314529419
vt 0.7431710958480835 0.6069011688232422
vt 0.7239608764648438 0.6069016456604004
vt 0.743651807308197 0.6212698221206665
vt 0.7909706830978394 0.700974702835083
vt 0.7862931489944458 0.7041242122650146
vt 0.7965604066848755 0.7142987251281738
vt 0.9769477248191833 0.30961716175079346
vt 0.9961605668067932 0.3096175193786621
vt 0.976947546005249 0.32187652587890625
vt 0.9005974531173706 0.12477582693099976
vt 0.9016907215118408 0.1303091049194336
vt 0.9119203090667725 0.12010371685028076
vt 0.743170976638794 0.592441201210022
vt 0.7239605188369751 0.5924414396286011
vt 0.7431710958480835 0.6069011688232422
vt 0.7807281613349915 0.6907951831817627
vt 0.7776083946228027 0.6954895257949829
vt 0.7909706830978394 0.700974702835083
vt 0.9769479632377625 0.2973582148551941
vt 0.9961607456207275 0.29735857248306274
vt 0.9769477248191833 0.30961716175079346
vt 0.8883485198020935 0.12476140260696411
vt 0.8872420191764832 0.13029170036315918
vt 0.9005974531173706 0.12477582693099976
vt 0.7431710362434387 0.5779807567596436
vt 0.7239601016044617 0.5779808759689331
vt 0.743170976638794 0.592441201210022
vt 0.767383337020874 0.6852990388870239
vt 0.7662930488586426 0.6908255815505981
vt 0.7807281613349915 0.6907951831817627
vt 0.9769482016563416 0.285098671913147
vt 0.9961609244346619 0.2850987911224365
vt 0.9769479632377625 0.2973582148551941
vt 0.8770372271537781 0.12006247043609619
vt 0.8738994002342224 0.12474870681762695
vt 0.8883485198020935 0.12476140260696411
vt 0.743171215057373 0.5635201930999756
vt 0.7239598035812378 0.5635201930999756
vt 0.7431710362434387 0.5779807567596436
vt 0.7529599070549011 0.6853171586990356
vt 0.7540629506111145 0.6908373832702637
vt 0.767383337020874 0.6852990388870239
vt 0.9769484400749207 0.2728393077850342
vt 0.9961611032485962 0.27283966541290283
vt 0.9769482016563416 0.285098671913147
vt 0.868384063243866 0.11139369010925293
vt 0.8636922240257263 0.11452329158782959
vt 0.8770372271537781 0.12006247043609619
vt 0.7431714534759521 0.5490587949752808
vt 0.7239595651626587 0.5490587949752808
vt 0.743171215057373 0.5635201930999756
vt 0.7396453619003296 0.6908426284790039
vt 0.7427731156349182 0.695518970489502
vt 0.7529599070549011 0.6853171586990356
vt 0.9769485592842102 0.2605801224708557
vt 0.9961612224578857 0.26058024168014526
vt 0.9769484400749207 0.2728393077850342
vt 0.8637050986289978 0.10007506608963013
vt 0.8581730127334595 0.10117167234420776
vt 0.868384063243866 0.11139369010925293
vt 0.743171751499176 0.5345973968505859
vt 0.7239595055580139 0.5345972776412964
vt 0.7431714534759521 0.5490587949752808
vt 0.7294597625732422 0.7010338306427002
vt 0.7341362833976746 0.7041580677032471
vt 0.7396453619003296 0.6908426284790039
vt 0.9769486784934998 0.24832069873809814
vt 0.9961612820625305 0.2483208179473877
vt 0.9769485592842102 0.2605801224708557
vt 0.8637121915817261 0.08782696723937988
vt 0.8581815361976624 0.0867239236831665
vt 0.8637050986289978 0.10007506608963013
vt 0.7431721687316895 0.5201356410980225
vt 0.7239595055580139 0.5201354026794434
vt 0.743171751499176 0.5345973968505859
vt 0.7239469885826111 0.7143431901931763
vt 0.7294625043869019 0.7154406309127808
vt 0.7294597625732422 0.7010338306427002
vt 0.9769486784934998 0.2360612154006958
vt 0.9961613416671753 0.2360612154006958
vt 0.9769486784934998 0.24832069873809814
vt 0.8684039115905762 0.07651335000991821
vt 0.8637155294418335 0.07337832450866699
vt 0.8637121915817261 0.08782696723937988
vt 0.7431727051734924 0.5056735277175903
vt 0.7239594459533691 0.5056731700897217
vt 0.7431721687316895 0.5201356410980225
vt 0.723943829536438 0.7287496328353882
vt 0.7294605374336243 0.727654218673706
vt 0.7239469885826111 0.7143431901931763
vt 0.9769486784934998 0.22380220890045166
vt 0.9961613416671753 0.22380220890045166
vt 0.9769486784934998 0.2360612154006958
vt 0.8770667910575867 0.06785464286804199
vt 0.8739341497421265 0.06316471099853516
vt 0.8684039115905762 0.07651335000991821
vt 0.7431730628013611 0.4912111759185791
vt 0.7239594459533691 0.4912109375
vt 0.7431727051734924 0.5056735277175903
vt 0.7294511795043945 0.7420655488967896
vt 0.7341312766075134 0.7389427423477173
vt 0.723943829536438 0.7287496328353882
vt 0.9769486784934998 0.21154284477233887
vt 0.9961612820625305 0.21154272556304932
vt 0.9769486784934998 0.22380220890045166
vt 0.8883832097053528 0.06316858530044556
vt 0.8872830867767334 0.057636916637420654
vt 0.8770667910575867 0.06785464286804199
vt 0.7431734204292297 0.47674816846847534
vt 0.7239593267440796 0.4767480492591858
vt 0.7431730628013611 0.4912111759185791
vt 0.7396350502967834 0.7522681951522827
vt 0.7427676320075989 0.7475912570953369
vt 0.7294511795043945 0.7420655488967896
vt 0.9769485592842102 0.19928359985351562
vt 0.9961612224578857 0.19928336143493652
vt 0.9769486784934998 0.21154284477233887
vt 0.9006317257881165 0.06316810846328735
vt 0.9017313122749329 0.05763620138168335
vt 0.8883832097053528 0.06316858530044556
vt 0.7431737184524536 0.4622849225997925
vt 0.7239591479301453 0.4622848629951477
vt 0.7431734204292297 0.47674816846847534
vt 0.7529515027999878 0.757807731628418
vt 0.7540605068206787 0.7522852420806885
vt 0.7396350502967834 0.7522681951522827
vt 0.9769484400749207 0.18702423572540283
vt 0.9961610436439514 0.18702387809753418
vt 0.9769485592842102 0.19928359985351562
vt 0.743654727935791 0.4189848303794861
vt 0.7606912851333618 0.3689481019973755
vt 0.723943829536438 0.41889113187789917
vt 0.3379116952419281 0.23783445358276367
vt 0.32913047075271606 0.2879360318183899
vt 0.4003821611404419 0.24878346920013428
vt 0.5921084880828857 0.8752700090408325
vt 0.6051498055458069 0.8741681575775146
vt 0.5928939580917358 0.8872083425521851
vt 0.15735071897506714 0.2996740937232971
vt 0.14817357063293457 0.35049259662628174
vt 0.094936303794384 0.2884032130241394
vt 0.24062217772006989 0.8015276193618774
vt 0.22259901463985443 0.8004956245422363
vt 0.24100108444690704 0.7894834280014038
vt 0.15340648591518402 0.7865209579467773
vt 0.2032506763935089 0.7877148389816284
vt 0.15311698615550995 0.7986187934875488
vt 0.22259901463985443 0.8004956245422363
vt 0.20296011865139008 0.7998133897781372
vt 0.22289660573005676 0.7884082794189453
vt 0.35376909375190735 0.8096127510070801
vt 0.30400073528289795 0.8061641454696655
vt 0.35459136962890625 0.7977108955383301
vt 0.7060794830322266 0.8818870782852173
vt 0.6562811732292175 0.8832546472549438
vt 0.7057487964630127 0.8698021173477173
vt 0.44070419669151306 0.3074917197227478
vt 0.4603481590747833 0.30764079093933105
vt 0.4494855999946594 0.2573898434638977
vt 0.5046712160110474 0.8817629814147949
vt 0.5544266700744629 0.8781013488769531
vt 0.5055478811264038 0.8936598300933838
vt 0.08575920015573502 0.3392219543457031
vt 0.0366995595395565 0.3303631544113159
vt 0.094936303794384 0.2884032130241394
vt 0.0366995595395565 0.3303631544113159
vt 0.018217626959085464 0.32367920875549316
vt 0.045877404510974884 0.27954256534576416
vt 0.00952149461954832 0.2864036560058594
vt 0.026223577558994293 0.2793489694595337
vt 0.005033289082348347 0.3112563490867615
vt 0.28002703189849854 0.27932965755462646
vt 0.32913047075271606 0.2879360318183899
vt 0.28880831599235535 0.22922813892364502
vt 0.28880831599235535 0.22922813892364502
vt 0.2691628336906433 0.22908759117126465
vt 0.28002703189849854 0.27932965755462646
vt 0.5740382671356201 0.8766517639160156
vt 0.5921084880828857 0.8752700090408325
vt 0.5749032497406006 0.888555645942688
vt 0.2482292652130127 0.26058119535446167
vt 0.26150330901145935 0.2727893590927124
vt 0.2525236904621124 0.23607933521270752
vt 0.6182237863540649 0.8730659484863281
vt 0.6363161206245422 0.8719282150268555
vt 0.6186472773551941 0.8851063251495361
vt 0.39160075783729553 0.2988851070404053
vt 0.44070419669151306 0.3074917197227478
vt 0.4003821611404419 0.24878346920013428
vt 0.48127731680870056 0.27617281675338745
vt 0.468007892370224 0.2639390826225281
vt 0.47698286175727844 0.3006748557090759
vt 0.19723251461982727 0.3593534827232361
vt 0.14817357063293457 0.35049259662628174
vt 0.20640937983989716 0.3085324168205261
vt 0.20640937983989716 0.3085324168205261
vt 0.2248886674642563 0.3152267336845398
vt 0.19723251461982727 0.3593534827232361
vt 0.2335820347070694 0.35252833366394043
vt 0.21688514947891235 0.3595532178878784
vt 0.23806928098201752 0.3276752233505249
vt 0.6363161206245422 0.8719282150268555
vt 0.6559485197067261 0.8711663484573364
vt 0.6366586089134216 0.884006142616272
vt 0.30400073528289795 0.8061641454696655
vt 0.2843911647796631 0.8048069477081299
vt 0.30482473969459534 0.7942663431167603
vt 0.2535210847854614 0.8025286197662354
vt 0.24062217772006989 0.8015276193618774
vt 0.25408151745796204 0.790534257888794
vt 0.5544266700744629 0.8781013488769531
vt 0.5740382671356201 0.8766517639160156
vt 0.5553013682365417 0.8899964094161987
vt 0.6051498055458069 0.8741681575775146
vt 0.6182237863540649 0.8730659484863281
vt 0.6057559251785278 0.8861575126647949
vt 0.2843911647796631 0.8048069477081299
vt 0.2663922905921936 0.8035330772399902
vt 0.2852071523666382 0.7928990125656128
vt 0.2663922905921936 0.8035330772399902
vt 0.2535210847854614 0.8025286197662354
vt 0.267128586769104 0.7915860414505005
vt 0.3227916359901428 0.7335118055343628
vt 0.3193378448486328 0.7384027242660522
vt 0.32896628975868225 0.7428113222122192
vn 0.40962741347977655 0.9122529156576415 0
vn 0.8676042415070787 0.49725534699882984 0
vn 0.7410226638621142 0.671480015817817 0
vn -0.2048135820595556 0.9788009994906696 0
vn 0.40962741347977655 0.9122529156576415 0
vn 0.20481370821722972 0.9788009730922358 0
vn -0.7410223784134417 0.6714803308291958 0
vn -0.2048135820595556 0.9788009994906696 0
vn -0.40962717051995606 0.9122530247534479 0
vn -0.9941859318990889 0.1076769836777571 0
vn -0.7410223784134417 0.6714803308291958 0
vn -0.8676040944342438 0.4972556036093871 0
vn -0.8676040944342438 -0.4972556036093871 0
vn -0.9941859318990889 0.1076769836777571 0
vn -0.9941859318990889 -0.1076769836777571 0
vn -0.40962717051995606 -0.9122530247534479 0
vn -0.8676040944342438 -0.4972556036093871 0
vn -0.7410223784134417 -0.6714803308291958 0
vn 0.20481370821722972 -0.9788009730922358 0
vn -0.40962717051995606 -0.9122530247534479 0
vn -0.2048135820595556 -0.9788009994906696 0
vn 0.7410225507959847 -0.6714801405937575 0
vn 0.20481370821722972 -0.9788009730922358 0
vn 0.40962741347977655 -0.9122529156576415 0
vn 0.9941859318990889 -0.1076769836777571 0
vn 0.7410225507959847 -0.6714801405937575 0
vn 0.8676041348869674 -0.4972555330280768 0
vn 0 0 1
vn 0 0 1
vn 0 0 1
vn 0 0 1
vn 0 0 1
vn 0 0 1
vn 0 0 1
vn 0 0 1
vn 0 0 1
vn 0 0 1
vn 0 0 1
vn 0 0 1
vn 0 0 1
vn 0 0 1
vn 0 0 1
vn 0 0 1
vn 0 0 1
vn 0 0 1
vn 0 0 1
vn 0 0 1
vn 0 0 1
vn 0 0 1
vn 0 0 1
vn 0 0 1
vn 0.8676043076744594 0.49725523155088275 0
vn 0.9941859597082482 -0.10767672691435952 0
vn 0.9941859597082482 0.10767672691435952 0
vn 0.40962717051995606 0.9122530247534479 0
vn 0.8676043076744594 0.49725523155088275 0
vn 0.7410225507959847 0.6714801405937575 0
vn -0.20481370821722972 0.9788009730922358 0
vn 0.40962717051995606 0.9122530247534479 0
vn 0.2048135820595556 0.9788009994906696 0
vn -0.7410225507959847 0.6714801405937575 0
vn -0.20481370821722972 0.9788009730922358 0
vn -0.40962741347977655 0.9122529156576415 0
vn -0.9941859318990889 0.1076769836777571 0
vn -0.7410225507959847 0.6714801405937575 0
vn -0.8676041348869674 0.4972555330280768 0
vn -0.8676041348869674 -0.4972555330280768 0
vn -0.9941859318990889 0.1076769836777571 0
vn -0.9941859318990889 -0.1076769836777571 0
vn -0.40962741347977655 -0.9122529156576415 0
vn -0.8676041348869674 -0.4972555330280768 0
vn -0.7410225507959847 -0.6714801405937575 0
vn 0.2048135820595556 -0.9788009994906696 0
vn -0.40962741347977655 -0.9122529156576415 0
vn -0.20481370821722972 -0.9788009730922358 0
vn 0.7410225507959847 -0.6714801405937575 0
vn 0.2048135820595556 -0.9788009994906696 0
vn 0.40962717051995606 -0.9122530247534479 0
vn 0.9941859597082482 -0.10767672691435952 0
vn 0.7410225507959847 -0.6714801405937575 0
vn 0.8676043076744594 -0.49725523155088275 0
vn 0 0 1
vn 0 0 1
vn 0 0 1
vn 0 0 1
vn 0 0 1
vn 0 0 1
vn 0 0 1
vn 0 0 1
vn 0 0 1
vn 0 0 1
vn 0 0 1
vn 0 0 1
vn 0 0 1
vn 0 0 1
vn 0 0 1
vn 0 0 1
vn 0 0 1
vn 0 0 1
vn 0 0 1
vn 0 0 1
vn 0 0 1
vn 0 0 1
vn 0 0 1
vn 0 0.00028849571181711306 0.9999999583851111
vn 0 0 1
vn 0 0 1
vn 0 0.0005769915367979426 0.9999998335403695
vn 0 0 1
vn 0 0 1
vn 0 0 1
vn 0 0 1
vn 0 0 1
vn 0 0 1
vn 0 0 1
vn 0 0 1
vn 0 0 1
vn 0 0 1
vn 0 0 1
vn 0 0.00028849571181711306 0.9999999583851111
vn 0 0 1
vn 0 0 1
vn 0 0 1
vn -0.980100641319709 -0.19850121633051784 0
vn -0.980100641319709 -0.19850121633051784 0
vn -0.980100641319709 -0.19850121633051784 0
vn 0.732485236450397 -0.680782915753771 0
vn 0.9536517086211734 -0.3009126428781558 0
vn 0.9309176008545123 -0.36522927103297587 0
vn -0.0422766660657601 -0.9991059420834031 0
vn 0.732485236450397 -0.680782915753771 0
vn 0.46168963383942874 -0.8870415334161159 0
vn -0.6407872860840157 -0.7677184731352256 0
vn -0.0422766660657601 -0.9991059420834031 0
vn -0.265091297584777 -0.9642233164287302 0
vn -0.9044314807744643 -0.42661891259543305 0
vn -0.6407872860840157 -0.7677184731352256 0
vn -0.7943705841616664 -0.6074334325822482 0
vn 0.980100641319709 -0.19850121633051784 0
vn 0.980100641319709 -0.19850121633051784 0
vn 0.980100641319709 -0.19850121633051784 0
vn 0.5073537881608945 0.8617378566819438 0
vn 0.6300410447284127 0.7765618339562731 0
vn 0.6300410447284127 0.7765618339562731 0
vn 0.2276299266955393 0.9737477170564167 0
vn 0.5073537881608945 0.8617378566819438 0
vn 0.37011972711178504 0.9289840620821747 0
vn -0.2276299266955393 0.9737477170564167 0
vn -0.2276299266955393 0.9737477170564167 0
vn -0.37011972711178504 0.9289840620821747 0
vn 1 0 0
vn 1 0 0
vn 1 0 0
vn -1 0 0
vn -1 0 0
vn -1 0 0
vn 1 0 0
vn 1 0 0
vn 1 0 0
vn -0.9251240722187 0.13713081522451773 -0.35403473066543756
vn -0.9503103402831391 0.2284470327479188 -0.21147626434097933
vn -0.9666286243925997 0.0925300581078165 -0.23888761133937983
vn -0.9536517086211734 -0.3009126428781558 0
vn -0.9309176008545123 -0.36522927103297587 0
vn -0.9718737006336781 -0.23550267517928564 0
vn 0.9536517086211734 -0.3009126428781558 0
vn 0.9718737006336781 -0.23550267517928564 0
vn 0.9718737006336781 -0.23550267517928564 0
vn -0.5073537881608945 0.8617378566819438 0
vn -0.37011972711178504 0.9289840620821747 0
vn -0.6300410447284127 0.7765618339562731 0
vn 0 0 -1
vn 0 0 -1
vn 0 0 -1
vn 0 0 -1
vn 0 0 -1
vn 0 0 -1
vn 0 0 -1
vn 0 0 -1
vn 0 0 -1
vn 0 0 -1
vn 0 0 -1
vn 0 0 -1
vn 0 0 -1
vn 0 0 -1
vn 0 0.0005606117314146916 -0.9999998428572311
vn 0 0 -1
vn 0 0 -1
vn 0 0.00042045874824112885 -0.9999999116072165
vn 0 0 -1
vn 0 0 -1
vn 0 0 -1
vn 0 0 -1
vn 0 0 -1
vn 0 0 -1
vn 0 0.0005606117314146916 -0.9999998428572311
vn 0 0 -1
vn 0 0 -1
vn -0.732485236450397 -0.680782915753771 0
vn -0.4616895859793294 -0.8870415583264604 0
vn -0.9309176008545123 -0.36522927103297587 0
vn 0.04227666978439217 -0.9991059419260511 0
vn 0.265091297584777 -0.9642233164287302 0
vn -0.4616895859793294 -0.8870415583264604 0
vn 0.6407872509535344 -0.7677185024573865 0
vn 0.7943705841616664 -0.6074334325822482 0
vn 0.265091297584777 -0.9642233164287302 0
vn 0.9044314807744643 -0.42661891259543305 0
vn 0.9044314807744643 -0.42661891259543305 0
vn 0.7943705841616664 -0.6074334325822482 0
vn 0 0.0007212393527987228 0.9999997399068642
vn 0 0.0002884957409209416 0.9999999583851027
vn 0 0.0005769915367979426 0.9999998335403695
vn 0.9994377897017656 -0.033527667918442354 0
vn 0.9994377897017656 -0.033527667918442354 0
vn 0.9994377897017656 -0.033527667918442354 0
vn 0 -0.0006615418371951217 -0.9999997811811749
vn 0 -0.0020675682635304562 -0.9999978625784535
vn 0 0.0005606117314146916 -0.9999998428572311
vn -0.9994377895769355 -0.03352767163954496 0
vn -0.9994377895769355 -0.03352767163954496 0
vn -0.9994377895769355 -0.03352767163954496 0
vn 0 0.7338386999811378 -0.6793237537507381
vn 0 0.7338386999811378 -0.6793237537507381
vn 0 0.7338386999811378 -0.6793237537507381
vn 0 -0.047572120831502064 0.9988678057278616
vn 0 -0.09514424263407627 0.9954634966153143
vn 0 0 1
vn 1 0 0
vn 1 0 0
vn 1 0 0
vn 0 0.03731018582066341 -0.9993037326228835
vn 0 0.07763019253040292 -0.9969822231151829
vn 0 -0.003004914428109832 -0.9999954852344484
vn 0 -0.510250737916545 0.8600256882533344
vn 0 -0.32910888366008256 0.9442919795783581
vn 0 -0.788409833003502 0.6151503354655592
vn 0 0.8765435189223796 -0.48132261471405213
vn 0 0.6857644690039031 -0.7278235315320567
vn 0 0.6857644690039031 -0.7278235315320567
vn 0 0 1
vn 0 0 1
vn 0 0 1
vn 1 0 0
vn 1 0 0
vn 1 0 0
vn -1 0 0
vn -1 0 0
vn -1 0 0
vn -1 0 0
vn -1 0 0
vn -1 0 0
vn 0 0 1
vn 0 0 1
vn 0 0 1
vn 0 0 1
vn 0 0 1
vn 0 0 1
vn 0 0.9884453807491038 -0.15157746955190673
vn 0 0.9999637670896027 0.008512608764103684
vn 0 0.8765435189223796 -0.48132261471405213
vn 0 0.535848063263268 0.8443144278626326
vn 0 0.3865665168011336 0.9222615291164643
vn 0 0.8139391005852192 0.5809502048700252
vn 0 -0.4874713037173392 0.8731390084357231
vn 0 -0.6000101947293581 0.7999923538514839
vn 0 -0.17582494324508383 0.9844214490414475
vn 0 -0.9922060240213856 -0.12460820958377332
vn 0 -0.921428347302215 -0.3885483249068368
vn 0 -0.9399782603571843 0.34123433305557266
vn 0 -0.9904704118155123 0.13772568140332211
vn 0 -0.9997213826597435 -0.02360417448017573
vn 0 -0.8887900315128937 0.45831460797503404
vn 0 -0.5912728368677845 -0.8064715942811141
vn 0 -0.4437251648575285 -0.8961629193802649
vn 0 -0.8383601694015961 -0.5451167089357352
vn 0 0.43364341123485006 -0.9010845642294638
vn 0 0.5769677325409269 -0.816766940813952
vn 0 0.09603469358319483 -0.995377987313554
vn 0 0.9961993973504002 0.08710201328729171
vn 0 0.9622312673383323 0.2722333340288558
vn 0 0.9481462191167703 -0.31783446505150015
vn -1 0 0
vn -1 0 0
vn -1 0 0
vn 1 0 0
vn 1 0 0
vn 1 0 0
vn 0.9926452352856756 0.010368455836208225 -0.12061480832890475
vn 0.9626563610619459 0.1331093137845898 -0.23574274345304477
vn 1 0 0
vn -1 0 0
vn -1 0 0
vn -1 0 0
vn 1 0 0
vn 1 0 0
vn 1 0 0
vn -1 0 0
vn -1 0 0
vn -1 0 0
vn 1 0 0
vn 1 0 0
vn 1 0 0
vn -0.9858766716294789 0.014343638791040631 -0.1668575690911656
vn -0.9666286243925997 0.0925300581078165 -0.23888761133937983
vn -1 0 0
vn 0 0.9262028859185535 0.3770254820514696
vn 0 0.8139391005852192 0.5809502048700252
vn 0 0.9999637670896027 0.008512608764103684
vn 0 0.03242839913538032 0.999474061158926
vn 0 -0.17582494324508383 0.9844214490414475
vn 0 0.3865665168011336 0.9222615291164643
vn 0 -0.8378663523708504 0.5458754212865479
vn 0 -0.9399782603571843 0.34123433305557266
vn 0 -0.6000101947293581 0.7999923538514839
vn 0 -0.7934608968209941 -0.6086212329651535
vn 0 -0.7934609256050991 -0.608621195439248
vn 0 -0.921428347302215 -0.3885483249068368
vn 0 -0.9305051344711874 -0.3662788483147196
vn 0 -0.8383601694015961 -0.5451167089357352
vn 0 -0.9997213826597435 -0.02360417448017573
vn 0 -0.10134383190587973 -0.9948514601359505
vn 0 0.09603469358319483 -0.995377987313554
vn 0 -0.4437251648575285 -0.8961629193802649
vn 0 0.844484322514147 -0.5355802731877102
vn 0 0.9481462191167703 -0.31783446505150015
vn 0 0.5769677325409269 -0.816766940813952
vn 0 0.8970276058373499 0.4419745177786973
vn 0 0.8970276058373499 0.4419745177786973
vn 0 0.9622312673383323 0.2722333340288558
vn -1 0 0
vn -1 0 0
vn -1 0 0
vn 1 0 0
vn 1 0 0
vn 1 0 0
vn 0.916375306639298 0.19682738769428412 -0.3485904141469993
vn 0.8733083130466457 0.35750267403894787 -0.3309447513084677
vn 0.9626563610619459 0.1331093137845898 -0.23574274345304477
vn -1 0 0
vn -1 0 0
vn -1 0 0
vn 0 0 1
vn 0 0 1
vn 0 0 1
vn 0 0 1
vn 0 0 1
vn 0 0 1
vn 0 0.0005769915367979426 0.9999998335403695
vn 0 0 1
vn 0 0.00028849571181711306 0.9999999583851111
vn 0 0 1
vn 0 0 1
vn 0 0.0005769915367979426 0.9999998335403695
vn 0 0 1
vn 0 0 1
vn 0 0.00028849571181711306 0.9999999583851111
vn 0 0 1
vn 0 0 1
vn 0 0 1
vn 0 0 -1
vn 0 0 -1
vn 0 0 -1
vn 0 0 -1
vn 0 0 -1
vn 0 0 -1
vn 0 0 -1
vn 0 0 -1
vn 0 0.0005606117314146916 -0.9999998428572311
vn 0 0 -1
vn 0 0 -1
vn 0 0.00042045874824112885 -0.9999999116072165
vn 0 0 -1
vn 0 0 -1
vn 0 0 -1
vn 0 0.00042045874824112885 -0.9999999116072165
vn 0 0.0005606117314146916 -0.9999998428572311
vn 0 0 -1
vn 0 -0.09514424263407627 0.9954634966153143
vn 0 -0.047572120831502064 0.9988678057278616
vn 0 -0.32910888366008256 0.9442919795783581
vn 0 0.6857644690039031 -0.7278235315320567
vn 0 0.6857644690039031 -0.7278235315320567
vn 0 0.44852036693006986 -0.8937726111539306
vn -1 0 0
vn -1 0 0
vn -1 0 0
vn -1 0 0
vn -1 0 0
vn -1 0 0
vn -1 0 0
vn -1 0 0
vn -1 0 0
vn 0 0.28493464298964394 -0.9585469468024841
vn 0 0.44852036693006986 -0.8937726111539306
vn 0 0.07763019253040292 -0.9969822231151829
vn 1 0 0
vn 1 0 0
vn 1 0 0
vn 1 0 0
vn 1 0 0
vn 1 0 0
vn -1 0 0
vn -1 0 0
vn -1 0 0
vn 0.867604122029621 0.49725555546138506 0
vn 0.9941859167448375 -0.10767712359748058 0
vn 0.9941859772552103 0.10767656490203625 0
vn 0.4096262953587185 0.9122534177248621 0
vn 0.867604122029621 0.49725555546138506 0
vn 0.7410219261485926 0.6714808299326419 0
vn -0.20481315610421155 0.9788010886214992 0
vn 0.4096262953587185 0.9122534177248621 0
vn 0.20481315610421155 0.9788010886214992 0
vn -0.7410219261485926 0.6714808299326419 0
vn -0.20481315610421155 0.9788010886214992 0
vn -0.4096262953587185 0.9122534177248621 0
vn -0.9941859772552103 0.10767656490203625 0
vn -0.7410219261485926 0.6714808299326419 0
vn -0.867604122029621 0.49725555546138506 0
vn -0.8676041348869674 -0.4972555330280768 0
vn -0.9941859772552103 0.10767656490203625 0
vn -0.9941859167448375 -0.10767712359748058 0
vn -0.40962729199986925 -0.9122529702055531 0
vn -0.8676041348869674 -0.4972555330280768 0
vn -0.7410225211377902 -0.6714801733235266 0
vn 0.20481363916386702 -0.9788009875416215 0
vn -0.40962729199986925 -0.9122529702055531 0
vn -0.20481363916386702 -0.9788009875416215 0
vn 0.7410225211377902 -0.6714801733235266 0
vn 0.20481363916386702 -0.9788009875416215 0
vn 0.40962729199986925 -0.9122529702055531 0
vn 0.9941859167448375 -0.10767712359748058 0
vn 0.7410225211377902 -0.6714801733235266 0
vn 0.8676041348869674 -0.4972555330280768 0
vn 0 0 1
vn 0 0 1
vn 0 0 1
vn 0 0 1
vn 0 0 1
vn 0 0 1
vn 0 0 1
vn 0 0 1
vn 0 0 1
vn 0 0 1
vn 0 0 1
vn 0 0 1
vn 0 0 1
vn 0 0 1
vn 0 0 1
vn 0 0 1
vn 0 0 1
vn 0 0 1
vn 0 0 1
vn 0 0 1
vn 0 0 1
vn 0 0 1
vn 0 0 1
vn 0 0 1
vn 0.8676042948171181 0.4972552539841998 0
vn 0.9941859239231696 -0.10767705731971763 0
vn 0.9941859573154788 0.1076767490069484 0
vn 0.40962734160318004 0.9122529479322672 0
vn 0.8676042948171181 0.4972552539841998 0
vn 0.7410226073290523 0.6714800782057894 0
vn -0.20481366538899562 0.9788009820540253 0
vn 0.40962734160318004 0.9122529479322672 0
vn 0.20481366538899562 0.9788009820540253 0
vn -0.7410226073290523 0.6714800782057894 0
vn -0.20481366538899562 0.9788009820540253 0
vn -0.40962734160318004 0.9122529479322672 0
vn -0.9941859573154788 0.1076767490069484 0
vn -0.7410226073290523 0.6714800782057894 0
vn -0.8676042948171181 0.4972552539841998 0
vn -0.8676041606016598 -0.49725548816145726 0
vn -0.9941859573154788 0.1076767490069484 0
vn -0.9941859239231696 -0.10767705731971763 0
vn -0.40962734160318004 -0.9122529479322672 0
vn -0.8676041606016598 -0.49725548816145726 0
vn -0.7410225507959847 -0.6714801405937575 0
vn 0.20481366538899562 -0.9788009820540253 0
vn -0.40962734160318004 -0.9122529479322672 0
vn -0.20481366538899562 -0.9788009820540253 0
vn 0.7410225507959847 -0.6714801405937575 0
vn 0.20481366538899562 -0.9788009820540253 0
vn 0.40962734160318004 -0.9122529479322672 0
vn 0.9941859239231696 -0.10767705731971763 0
vn 0.7410225507959847 -0.6714801405937575 0
vn 0.8676041606016598 -0.49725548816145726 0
vn 0 0 1
vn 0 0 1
vn 0 0 1
vn 0 0 1
vn 0 0 1
vn 0 0 1
vn 0 0 1
vn 0 0 1
vn 0 0 1
vn 0 0 1
vn 0 0 1
vn 0 0 1
vn 0 0 1
vn 0 0 1
vn 0 0 1
vn 0 0 1
vn 0 0 1
vn 0 0 1
vn 0 0 1
vn 0 0 1
vn 0 0 1
vn 0 0 1
vn 0 0 1
vn 0 0 1
vn -1.7262436604235152e-7 -0.9453730468683043 -0.3259904941174036
vn -1.2970186338824458e-7 -0.9453730836065375 -0.32599038757645893
vn -1.003315279072451e-7 -0.9453730744219847 -0.3259904142116979
vn 0.9471733026497536 0.10455241112187298 -0.30320212412870895
vn 0.9978091041704995 -0.021567139603774182 0.0625447849446859
vn 0.9978091002743368 0.02156716932188263 -0.06254483685452976
vn -1.0033151272164272e-8 0.945373065237433 0.3259904408469366
vn 1.0033150383985846e-8 0.945373065237433 0.3259904408469366
vn 0 0.945373056052876 0.325990467482173
vn -0.9471732728415851 -0.10455236312805723 0.30320223379602457
vn -0.9978091030802154 0.021567147030788773 -0.06254479977750566
vn -0.9978090979093802 -0.02156717113341034 0.06254487395919162
vn 0.008041644330047403 -0.9479334190719715 -0.31836702869956796
vn -1.7262436604235152e-7 -0.9453730468683043 -0.3259904941174036
vn -1.3249174752263974e-7 -0.9453730468683101 -0.32599049411740566
vn 0.7524014756552 0.21473142633610579 -0.6227217950060355
vn 0.9471733026497536 0.10455241112187298 -0.30320212412870895
vn 0.8965374830434526 0.1444033086791085 -0.41876989617287086
vn -3.2059823475232716e-8 0.9453730652374326 0.32599044084693646
vn -1.0033151272164272e-8 0.945373065237433 0.3259904408469366
vn -2.7043246062793737e-8 0.9453730652374328 0.32599044084693657
vn -0.7523390609137516 -0.214754624967097 0.6227892006760041
vn -0.9471732728415851 -0.10455236312805723 0.30320223379602457
vn -0.8965375194322124 -0.14440320063165182 0.4187698555264816
vn 0.003998433702056001 -0.9807066909170173 -0.19544410689126535
vn 0.008041644330047403 -0.9479334190719715 -0.31836702869956796
vn -0.008371896921666157 -0.9554713827358117 -0.2949649947279319
vn 0.8809252569770757 0.15235855011229293 -0.44805977706948125
vn 0.7524014756552 0.21473142633610579 -0.6227217950060355
vn 0.656483829764564 0.24358332184707546 -0.7139300712083747
vn -0.00034332767992582255 0.9448086228959985 0.32762256977728327
vn -3.2059823475232716e-8 0.9453730652374326 0.32599044084693646
vn -0.0001716381846786163 0.9450912071068694 0.32680664128749587
vn -0.44296784093852004 -0.29226253020548865 0.8475624492225643
vn -0.7523390609137516 -0.214754624967097 0.6227892006760041
vn -0.6587762632588632 -0.24525516480490278 0.7112409852526841
vn -0.0039501645942450515 -0.9980558603650561 -0.0622004484762461
vn 0.003998433702056001 -0.9807066909170173 -0.19544410689126535
vn -0.0195233539709334 -0.9827262620141057 -0.1840324226801049
vn -0.9999999538396874 -0.00004462952043443011 0.0003005475486522792
vn -0.9999999493633821 0.000005563345489333271 0.0003181859239134214
vn -0.8808953574715965 0.1523921159283387 -0.44810714364744497
vn -0.02151468250913577 0.974060852012614 0.2252611262801275
vn -0.00034332767992582255 0.9448086228959985 0.32762256977728327
vn -0.008455963915694673 0.9777932294685842 0.20940128242122358
vn -0.06615872705231449 -0.32527622698971936 0.9433018599526612
vn -0.44296784093852004 -0.29226253020548865 0.8475624492225643
vn -0.320722063590661 -0.3087693657223838 0.8954322066563971
vn 0.005082485653794571 -0.9899715033437745 -0.14117574475399916
vn -0.0039501645942450515 -0.9980558603650561 -0.0622004484762461
vn -0.015797022331009172 -0.9910505163625744 -0.13254934214453193
vn 0 1 0
vn 0 1 0
vn -0.001071192075140799 0.9940084664790058 0.10929785503656252
vn 0.009214847381706307 0.9629232918016648 0.26961791612127306
vn -0.02151468250913577 0.974060852012614 0.2252611262801275
vn -0.001071192075140799 0.9940084664790058 0.10929785503656252
vn 0.3207220807082132 -0.3087693822019975 0.8954321948426865
vn -0.06615872705231449 -0.32527622698971936 0.9433018599526612
vn 0.06615886735239174 -0.3252762505924408 0.9433018419738045
vn 0.005787371148105563 -0.9544491695282687 -0.29831743013439926
vn 0.005082485653794571 -0.9899715033437745 -0.14117574475399916
vn 0.011579352649519809 -0.962690133142447 -0.2703583291529887
vn -0.6564205820221273 0.24361595271271477 -0.7139770914263341
vn -0.8820541523684744 0.14972795584485232 -0.44672364111165447
vn -0.8808953574715965 0.1523921159283387 -0.44810714364744497
vn 0.0002460349673603674 0.945054662366993 0.3269122582669601
vn 0.009214847381706307 0.9629232918016648 0.26961791612127306
vn 0.014699819105960221 0.9700236657995304 0.24256546148842612
vn 0.6587762632588632 -0.24525516480490278 0.7112409852526841
vn 0.3207220807082132 -0.3087693822019975 0.8954321948426865
vn 0.4429677003642537 -0.29226251610924375 0.8475625275526867
vn 1.0544847916523765e-7 -0.9453730652374277 -0.3259904408469348
vn 0.005787371148105563 -0.9544491695282687 -0.29831743013439926
vn 1.308931969167996e-8 -0.9453730468683184 -0.3259904941174085
vn -0.8965374849726013 0.14440329408867097 -0.4187698970739703
vn -0.6564205820221273 0.24361595271271477 -0.7139770914263341
vn -0.7502693195226978 0.21552275860551728 -0.6250167107414135
vn 2.0066306291991865e-8 0.9453730744219894 0.3259904142116995
vn 0.0002460349673603674 0.945054662366993 0.3269122582669601
vn -0.00024313053875416065 0.9452937472658365 0.3262202818153009
vn 0.8965375418103512 -0.14440320423604627 0.41876980637459504
vn 0.6587762632588632 -0.24525516480490278 0.7112409852526841
vn 0.7523390609137516 -0.214754624967097 0.6227892006760041
vn 7.229284956946951e-8 -0.9453730652374307 -0.32599044084693585
vn 1.0544847916523765e-7 -0.9453730652374277 -0.3259904408469348
vn 1.224585739558668e-7 -0.945373065237426 -0.32599044084693424
vn -0.9978091026392921 0.021567167510354885 -0.06254479974986765
vn -0.8965374849726013 0.14440329408867097 -0.4187698970739703
vn -0.9471732762355892 0.10455241565676252 -0.3032022050801668
vn 1.0033150383985846e-8 0.945373065237433 0.3259904408469366
vn 2.0066306291991865e-8 0.9453730744219894 0.3259904142116995
vn 1.0033150383985846e-8 0.945373065237433 0.3259904408469366
vn 0.9978090959292291 -0.021567176678545668 0.06254490363739328
vn 0.8965375418103512 -0.14440320423604627 0.41876980637459504
vn 0.9471732899591464 -0.10455236501755467 0.3032021796709298
vn 2.328232654002085e-7 -0.9453730468682927 -0.32599049411739967
vn 7.229284956946951e-8 -0.9453730652374307 -0.32599044084693585
vn 1.605303508599482e-7 -0.9453730744219774 -0.32599041421169533
vn -0.947173302207051 -0.10455232911661888 0.30320215378931675
vn -0.9978091026392921 0.021567167510354885 -0.06254479974986765
vn -0.9978091033608029 -0.0215671339983376 0.06254479979509348
vn -4.468641446155244e-9 0.945373056052876 0.325990467482173
vn 1.0033150383985846e-8 0.945373065237433 0.3259904408469366
vn -1.701008768520206e-8 0.945373065237433 0.3259904408469366
vn 0.9471732566760519 0.10455238282418286 -0.30320227750376105
vn 0.9978090959292291 -0.021567176678545668 0.06254490363739328
vn 0.9978091004747566 0.02156716001298897 -0.0625448368670925
vn 2.758814653025403e-7 -0.9453729515388712 -0.3259907705727371
vn 2.328232654002085e-7 -0.9453730468682927 -0.32599049411739967
vn 3.1308857592729903e-7 -0.9453729946112963 -0.32599064566268104
vn -0.7523387668988528 -0.2147549539368166 0.6227894424126902
vn -0.947173302207051 -0.10455232911661888 0.30320215378931675
vn -0.8965374358514305 -0.14440332557954372 0.4187699913777375
vn 1.5304814533359144e-7 0.945373099125258 0.3259903425721101
vn -4.468641446155244e-9 0.945373056052876 0.325990467482173
vn 7.207674650072426e-8 0.9453730836065429 0.3259903875764608
vn 0.7523389485081238 0.21475465671151978 -0.6227893255173921
vn 0.9471732566760519 0.10455238282418286 -0.30320227750376105
vn 0.8965374571928316 0.1444032449107631 -0.41876997350509004
vn 2.5887129231646444e-7 -0.945372985426749 -0.32599067229791817
vn 2.758814653025403e-7 -0.9453729515388712 -0.3259907705727371
vn 2.838538145037212e-7 -0.9453729607234338 -0.32599074393750554
vn -0.4429679158886639 -0.2922626696787371 0.8475623619566355
vn -0.7523387668988528 -0.2147549539368166 0.6227894424126902
vn -0.6587761500411825 -0.24525545015756864 0.71124099172146
vn 5.381250789027951e-8 0.9453730836065439 0.3259903875764612
vn 1.5304814533359144e-7 0.945373099125258 0.3259903425721101
vn 1.8303194151798412e-7 0.945373108309807 0.3259903159368702
vn 0.4429677003642537 0.29226251610924375 -0.8475625275526867
vn 0.7523389485081238 0.21475465671151978 -0.6227893255173921
vn 0.6587761885620845 0.2452552260799084 -0.7112410333101613
vn -3.157722909201064e-8 -0.9453730991252687 -0.32599034257211384
vn 2.5887129231646444e-7 -0.945372985426749 -0.32599067229791817
vn 6.782433798319694e-8 -0.9453730560528739 -0.32599046748217225
vn -0.06615890457050293 -0.32527607160745514 0.9433019010823909
vn -0.4429679158886639 -0.2922626696787371 0.8475623619566355
vn -0.32072245425772306 -0.308769279431665 0.8954320964842355
vn -3.818973180286593e-8 0.9453730468683177 0.32599049411740827
vn 5.381250789027951e-8 0.9453730836065439 0.3259903875764612
vn -5.586345540657329e-8 0.9453730468683169 0.325990494117408
vn 0.06615901124399594 0.325276470667167 -0.9433017559940873
vn 0.4429677003642537 0.29226251610924375 -0.8475625275526867
vn 0.3207222197044449 0.30876949176916113 -0.8954321072758491
vn -9.09893447335204e-8 -0.9453730468683144 -0.3259904941174071
vn -3.157722909201064e-8 -0.9453730991252687 -0.32599034257211384
vn -6.30312784977992e-8 -0.9453730991252672 -0.32599034257211335
vn 0.32072222324598776 -0.3087692865624599 0.8954321767682131
vn -0.06615890457050293 -0.32527607160745514 0.9433019010823909
vn 0.06615891198847222 -0.32527607144711934 0.9433019006174165
vn 1.005979358731197e-7 0.9453730468683135 0.3259904941174068
vn -3.818973180286593e-8 0.9453730468683177 0.32599049411740827
vn 5.4883283030746585e-8 0.9453730468683169 0.325990494117408
vn -0.3207222464412181 0.30876948881785987 -0.8954320987170699
vn 0.06615901124399594 0.325276470667167 -0.9433017559940873
vn -0.06615873305933308 0.3252764583108728 -0.9433017797654784
vn -2.843363298757526e-7 -0.9453729607234336 -0.32599074393750543
vn -9.09893447335204e-8 -0.9453730468683144 -0.3259904941174071
vn -1.7970954913150998e-7 -0.9453729607234567 -0.3259907439375134
vn 0.6587762781857577 -0.24525542368175993 0.7112408821590629
vn 0.32072222324598776 -0.3087692865624599 0.8954321767682131
vn 0.4429679158886639 -0.2922626696787371 0.8475623619566355
vn -2.039201695598362e-7 0.9453730744219698 0.3259904142116927
vn 1.005979358731197e-7 0.9453730468683135 0.3259904941174068
vn -5.315650891722313e-8 0.9453730652374317 0.3259904408469362
vn -0.6587762247066985 0.24525520244483226 -0.7112410079817768
vn -0.3207222464412181 0.30876948881785987 -0.8954320987170699
vn -0.44296796299293767 0.29226250228032974 -0.8475623950617015
vn -2.807319738685126e-7 -0.9453729607234346 -0.3259907439375058
vn -2.843363298757526e-7 -0.9453729607234336 -0.32599074393750543
vn -2.588866161449107e-7 -0.9453729423543102 -0.32599079720796864
vn 0.8965374339222816 -0.14440334016998127 0.4187699904766377
vn 0.6587762781857577 -0.24525542368175993 0.7112408821590629
vn 0.7523389403224529 -0.21475487789234168 0.6227892591366151
vn -1.0033155019827576e-7 0.9453730836065406 0.32599038757646004
vn -2.039201695598362e-7 0.9453730744219698 0.3259904142116927
vn -2.0392014782063953e-7 0.9453730991252494 0.3259903425721072
vn -0.8965374815001228 0.1444032339247219 -0.4187699252543086
vn -0.6587762247066985 0.24525520244483226 -0.7112410079817768
vn -0.752338920580447 0.21475464873958286 -0.6227893620033873
vn -1.2970186338824458e-7 -0.9453730836065375 -0.32599038757645893
vn -2.807319738685126e-7 -0.9453729607234346 -0.3259907439375058
vn -1.999339336519569e-7 -0.9453730468682995 -0.32599049411740194
vn 0.9978091041704995 -0.021567139603774182 0.0625447849446859
vn 0.8965374339222816 -0.14440334016998127 0.4187699904766377
vn 0.9471732581517021 -0.10455236808590891 0.3032022779761355
vn 1.0033150383985846e-8 0.945373065237433 0.3259904408469366
vn -1.0033155019827576e-7 0.9453730836065406 0.32599038757646004
vn 1.0033150383985846e-8 0.945373065237433 0.3259904408469366
vn -0.9978091030802154 0.021567147030788773 -0.06254479977750566
vn -0.8965374815001228 0.1444032339247219 -0.4187699252543086
vn -0.9471732706281097 0.10455238523546707 -0.3032022330874629
vn -0.0039501645942450515 -0.9980558603650561 -0.0622004484762461
vn 0 -1 0
vn 0.003998433702056001 -0.9807066909170173 -0.19544410689126535
vn -0.008455963915694673 0.9777932294685842 0.20940128242122358
vn 0 1 0
vn -0.001071192075140799 0.9940084664790058 0.10929785503656252
vn 0.9999999535427345 -0.00005084977668508961 0.00030054754856303074
vn 0.9999999599689812 0.000004946545328909206 0.000282909115493211
vn 0.8809252569770757 0.15235855011229293 -0.44805977706948125
vn -0.0039501645942450515 -0.9980558603650561 -0.0622004484762461
vn 0.005082485653794571 -0.9899715033437745 -0.14117574475399916
vn 0 -1 0
vn 0 -1 0
vn 0 -1 0
vn -0.0039501645942450515 -0.9980558603650561 -0.0622004484762461
vn 0 1 0
vn 0.014699819105960221 0.9700236657995304 0.24256546148842612
vn -0.001071192075140799 0.9940084664790058 0.10929785503656252
vn 0 0.0002884957409209416 0.9999999583851027
vn 0 0.0007212393527987228 0.9999997399068642
vn 0 0 1
vn 0.9956228897678092 -0.09344854360353726 -0.0015591884988178507
vn 0.995796553916787 0.09148693017425594 0.0044005470958034705
vn 0.8727372551280396 -0.48809747376300117 -0.009515230830191868
vn 0 -0.0020675682635304562 -0.9999978625784535
vn 0 -0.0006615418371951217 -0.9999997811811749
vn 0 -0.0030049139624527426 -0.9999954852358477
vn -0.42496189944217 0.9037824968933377 0.05083878766991942
vn -0.2984813773215541 0.9526116326708151 0.05865104169980385
vn -0.7252916551077038 0.6874720915088317 0.03652585971062076
vn -0.056073420852918686 0.9963740306422796 0.06398876882320424
vn -0.11134158647362599 0.9918242539239743 0.06235142700602751
vn 0 0.9979441481992962 0.06408960192403393
vn -0.11134158647362599 0.9918242539239743 0.06235142700602751
vn -0.056073420852918686 0.9963740306422796 0.06398876882320424
vn -0.2984813773215541 0.9526116326708151 0.05865104169980385
vn -0.05522096406654755 -0.9984741584675895 0
vn -0.11125889662388196 -0.9937905289217756 -0.0013574046610727543
vn 0 -1 0
vn 0 0 1
vn 0 0 1
vn 0 0 1
vn 0.055254272890116723 0.9964196045089407 0.06399169538018719
vn 0.11134244931173179 0.9918241219832904 0.06235198499919205
vn 0 0.9979441481992962 0.06408960192403393
vn 0 0 1
vn 0 0 1
vn 0 0 1
vn 0.056038864239509885 -0.9984285881798186 0
vn 0.11125956538078866 -0.9937904532806366 -0.0013579689042367874
vn 0 -1 0
vn 9.363736594970594e-9 -0.003004918851852184 -0.9999954852211553
vn 3.620612131725223e-8 -0.00300492164579472 -0.9999954852127592
vn 2.076723180496426e-8 -0.0030049218786232664 -0.9999954852120599
vn -1.7016004142114588e-10 -0.0030049148937669216 -0.999995485233049
vn -9.992474777287678e-10 -0.0030049141952812873 -0.999995485235148
vn 0 -0.0030049139624527426 -0.9999954852358477
vn -9.681288140543072e-10 -0.0030049141952812873 -0.999995485235148
vn 5.418432895808061e-9 -0.003004916057909646 -0.9999954852295511
vn -9.992474777287678e-10 -0.0030049141952812873 -0.999995485235148
vn 5.418432895808061e-9 -0.003004916057909646 -0.9999954852295511
vn -9.681288140543072e-10 -0.0030049141952812873 -0.999995485235148
vn -5.821187176241547e-9 -0.003004919317509273 -0.999995485219756
vn -5.821187176241547e-9 -0.003004919317509273 -0.999995485219756
vn -3.620612131725223e-8 -0.00300492164579472 -0.9999954852127592
vn -8.778458981850342e-9 -0.0030049218786232664 -0.9999954852120599
vn 0 0.0002884957409209416 0.9999999583851027
vn 0 0 1
vn 0 0 1
vn 0 0 1
vn 0 0 1
vn 0 0 1
vn 0.7249146308765272 -0.6887960628656913 -0.0076656194707907105
vn 0.8727372551280396 -0.48809747376300117 -0.009515230830191868
vn 0.4245608398979657 -0.9053704035940648 -0.007247449279156447
vn 0 0 1
vn 0 0 1
vn 0 0 1
vn 0.42569908068798934 0.9034357575517978 0.050834286443403306
vn 0.2963391809493566 0.9532777567438021 0.058690785748436905
vn 0.7244569759178051 0.688348660428663 0.036581576375187656
vn 0 0 1
vn 0 0 1
vn 0 0 1
vn 0 0 1
vn 0 0 1
vn 0 0 1
vn 0 0 1
vn 0 0 1
vn 0 0 1
vn 0 -0.0020675682635304562 -0.9999978625784535
vn 0 -0.003004914428109832 -0.9999954852344484
vn 8.508002209835175e-10 -0.0030049148937669216 -0.999995485233049
vn -3.4473984191384367e-9 -0.0030049137296241975 -0.9999954852365474
vn -2.522083691325591e-9 -0.003004916057909646 -0.9999954852295511
vn 1.0336871515872296e-9 -0.0030049141952812873 -0.999995485235148
vn -2.522083691325591e-9 -0.003004916057909646 -0.9999954852295511
vn -3.4473984191384367e-9 -0.0030049137296241975 -0.9999954852365474
vn 9.363736594970594e-9 -0.003004918851852184 -0.9999954852211553
vn 0.11134244931173179 0.9918241219832904 0.06235198499919205
vn 0.055254272890116723 0.9964196045089407 0.06399169538018719
vn 0.2963391809493566 0.9532777567438021 0.058690785748436905
vn -0.2961334864950149 -0.9551431474693757 -0.002554607328214044
vn -0.42528493563292635 -0.9050306369271751 -0.007229781939278955
vn -0.11125889662388196 -0.9937905289217756 -0.0013574046610727543
vn -0.8730462892691193 0.4871499894004556 0.021795977164547425
vn -0.7252916551077038 0.6874720915088317 0.03652585971062076
vn -0.9956815039735423 0.09272978265740638 0.004419281988628294
vn 0.29827103556762935 -0.9544778042340837 -0.002551581058108871
vn 0.4245608398979657 -0.9053704035940648 -0.007247449279156447
vn 0.11125956538078866 -0.9937904532806366 -0.0013579689042367874
vn 0.8740940373053026 0.4852705156756089 0.021728795715475036
vn 0.7244569759178051 0.688348660428663 0.036581576375187656
vn 0.995796553916787 0.09148693017425594 0.0044005470958034705
vn -0.7240759246199753 -0.6896776663559531 -0.0076662843369142315
vn -0.8737741948570946 -0.48623977445942324 -0.009462459272572015
vn -0.42528493563292635 -0.9050306369271751 -0.007229781939278955
vn -0.995739388367316 -0.09219992049503298 -0.0014983706461075084
vn -0.9956815039735423 0.09272978265740638 0.004419281988628294
vn -0.8737741948570946 -0.48623977445942324 -0.009462459272572015
vn 0.8676042415070787 0.49725534699882984 0
vn 0.9941859318990889 -0.1076769836777571 0
vn 0.9941859454581399 0.10767685848642017 0
vn 0.20481370821722972 0.9788009730922358 0
vn 0.40962741347977655 0.9122529156576415 0
vn 0.7410226638621142 0.671480015817817 0
vn -0.40962717051995606 0.9122530247534479 0
vn -0.2048135820595556 0.9788009994906696 0
vn 0.20481370821722972 0.9788009730922358 0
vn -0.8676040944342438 0.4972556036093871 0
vn -0.7410223784134417 0.6714803308291958 0
vn -0.40962717051995606 0.9122530247534479 0
vn -0.9941859318990889 -0.1076769836777571 0
vn -0.9941859318990889 0.1076769836777571 0
vn -0.8676040944342438 0.4972556036093871 0
vn -0.7410223784134417 -0.6714803308291958 0
vn -0.8676040944342438 -0.4972556036093871 0
vn -0.9941859318990889 -0.1076769836777571 0
vn -0.2048135820595556 -0.9788009994906696 0
vn -0.40962717051995606 -0.9122530247534479 0
vn -0.7410223784134417 -0.6714803308291958 0
vn 0.40962741347977655 -0.9122529156576415 0
vn 0.20481370821722972 -0.9788009730922358 0
vn -0.2048135820595556 -0.9788009994906696 0
vn 0.8676041348869674 -0.4972555330280768 0
vn 0.7410225507959847 -0.6714801405937575 0
vn 0.40962741347977655 -0.9122529156576415 0
vn 0.9941859454581399 0.10767685848642017 0
vn 0.9941859318990889 -0.1076769836777571 0
vn 0.8676041348869674 -0.4972555330280768 0
vn 0.7410225507959847 0.6714801405937575 0
vn 0.8676043076744594 0.49725523155088275 0
vn 0.9941859597082482 0.10767672691435952 0
vn 0.2048135820595556 0.9788009994906696 0
vn 0.40962717051995606 0.9122530247534479 0
vn 0.7410225507959847 0.6714801405937575 0
vn -0.40962741347977655 0.9122529156576415 0
vn -0.20481370821722972 0.9788009730922358 0
vn 0.2048135820595556 0.9788009994906696 0
vn -0.8676041348869674 0.4972555330280768 0
vn -0.7410225507959847 0.6714801405937575 0
vn -0.40962741347977655 0.9122529156576415 0
vn -0.9941859318990889 -0.1076769836777571 0
vn -0.9941859318990889 0.1076769836777571 0
vn -0.8676041348869674 0.4972555330280768 0
vn -0.7410225507959847 -0.6714801405937575 0
vn -0.8676041348869674 -0.4972555330280768 0
vn -0.9941859318990889 -0.1076769836777571 0
vn -0.20481370821722972 -0.9788009730922358 0
vn -0.40962741347977655 -0.9122529156576415 0
vn -0.7410225507959847 -0.6714801405937575 0
vn 0.40962717051995606 -0.9122530247534479 0
vn 0.2048135820595556 -0.9788009994906696 0
vn -0.20481370821722972 -0.9788009730922358 0
vn 0.8676043076744594 -0.49725523155088275 0
vn 0.7410225507959847 -0.6714801405937575 0
vn 0.40962717051995606 -0.9122530247534479 0
vn 0.9941859597082482 0.10767672691435952 0
vn 0.9941859597082482 -0.10767672691435952 0
vn 0.8676043076744594 -0.49725523155088275 0
vn -0.980100641319709 -0.19850121633051784 0
vn -0.980100641319709 -0.19850121633051784 0
vn -0.980100641319709 -0.19850121633051784 0
vn 0.46168963383942874 -0.8870415334161159 0
vn 0.732485236450397 -0.680782915753771 0
vn 0.9309176008545123 -0.36522927103297587 0
vn -0.265091297584777 -0.9642233164287302 0
vn -0.0422766660657601 -0.9991059420834031 0
vn 0.46168963383942874 -0.8870415334161159 0
vn -0.7943705841616664 -0.6074334325822482 0
vn -0.6407872860840157 -0.7677184731352256 0
vn -0.265091297584777 -0.9642233164287302 0
vn -0.9044314807744643 -0.42661891259543305 0
vn -0.9044314807744643 -0.42661891259543305 0
vn -0.7943705841616664 -0.6074334325822482 0
vn 0.980100641319709 -0.19850121633051784 0
vn 0.980100641319709 -0.19850121633051784 0
vn 0.980100641319709 -0.19850121633051784 0
vn 0.37011972711178504 0.9289840620821747 0
vn 0.5073537881608945 0.8617378566819438 0
vn 0.6300410447284127 0.7765618339562731 0
vn 0.2276299266955393 0.9737477170564167 0
vn 0.2276299266955393 0.9737477170564167 0
vn 0.37011972711178504 0.9289840620821747 0
vn -0.5073537881608945 0.8617378566819438 0
vn -0.2276299266955393 0.9737477170564167 0
vn -0.37011972711178504 0.9289840620821747 0
vn 1 0 0
vn 1 0 0
vn 1 0 0
vn -1 0 0
vn -1 0 0
vn -1 0 0
vn 1 0 0
vn 1 0 0
vn 1 0 0
vn -0.9858766716294789 0.014343638791040631 -0.1668575690911656
vn -0.9251240722187 0.13713081522451773 -0.35403473066543756
vn -0.9666286243925997 0.0925300581078165 -0.23888761133937983
vn -0.9718737006336781 -0.23550267517928564 0
vn -0.9536517086211734 -0.3009126428781558 0
vn -0.9718737006336781 -0.23550267517928564 0
vn 0.9309176008545123 -0.36522927103297587 0
vn 0.9536517086211734 -0.3009126428781558 0
vn 0.9718737006336781 -0.23550267517928564 0
vn -0.6300410447284127 0.7765618339562731 0
vn -0.5073537881608945 0.8617378566819438 0
vn -0.6300410447284127 0.7765618339562731 0
vn -0.9536517086211734 -0.3009126428781558 0
vn -0.732485236450397 -0.680782915753771 0
vn -0.9309176008545123 -0.36522927103297587 0
vn -0.732485236450397 -0.680782915753771 0
vn 0.04227666978439217 -0.9991059419260511 0
vn -0.4616895859793294 -0.8870415583264604 0
vn 0.04227666978439217 -0.9991059419260511 0
vn 0.6407872509535344 -0.7677185024573865 0
vn 0.265091297584777 -0.9642233164287302 0
vn 0.6407872509535344 -0.7677185024573865 0
vn 0.9044314807744643 -0.42661891259543305 0
vn 0.7943705841616664 -0.6074334325822482 0
vn 0 0.00028849571181711306 0.9999999583851111
vn 0 0.0007212393527987228 0.9999997399068642
vn 0 0.0005769915367979426 0.9999998335403695
vn 0.9994377897017656 -0.033527667918442354 0
vn 0.9994377897017656 -0.033527667918442354 0
vn 0.9994377897017656 -0.033527667918442354 0
vn 0 0.00042045874824112885 -0.9999999116072165
vn 0 -0.0006615418371951217 -0.9999997811811749
vn 0 0.0005606117314146916 -0.9999998428572311
vn -0.9994377897017656 -0.033527667918442354 0
vn -0.9994377895769355 -0.03352767163954496 0
vn -0.9994377895769355 -0.03352767163954496 0
vn 0 0.7338386999811378 -0.6793237537507381
vn 0 0.7338386999811378 -0.6793237537507381
vn 0 0.7338386999811378 -0.6793237537507381
vn 0 0 1
vn 0 -0.047572120831502064 0.9988678057278616
vn 0 0 1
vn 1 0 0
vn 1 0 0
vn 1 0 0
vn 0 -0.0030049139624527426 -0.9999954852358477
vn 0 0.03731018582066341 -0.9993037326228835
vn 0 -0.003004914428109832 -0.9999954852344484
vn 0 -0.8887900315128937 0.45831460797503404
vn 0 -0.510250737916545 0.8600256882533344
vn 0 -0.788409833003502 0.6151503354655592
vn 0 0.8765435189223796 -0.48132261471405213
vn 0 0.8765435189223796 -0.48132261471405213
vn 0 0.6857644690039031 -0.7278235315320567
vn 0 0.8765435189223796 -0.48132261471405213
vn 0 0.9884453807491038 -0.15157746955190673
vn 0 0.8765435189223796 -0.48132261471405213
vn 0 0.9262028859185535 0.3770254820514696
vn 0 0.535848063263268 0.8443144278626326
vn 0 0.8139391005852192 0.5809502048700252
vn 0 0.03242839913538032 0.999474061158926
vn 0 -0.4874713037173392 0.8731390084357231
vn 0 -0.17582494324508383 0.9844214490414475
vn 0 -0.8378663523708504 0.5458754212865479
vn 0 -0.9922060240213856 -0.12460820958377332
vn 0 -0.9399782603571843 0.34123433305557266
vn 0 -0.788409833003502 0.6151503354655592
vn 0 -0.9904704118155123 0.13772568140332211
vn 0 -0.8887900315128937 0.45831460797503404
vn 0 -0.9305051344711874 -0.3662788483147196
vn 0 -0.5912728368677845 -0.8064715942811141
vn 0 -0.8383601694015961 -0.5451167089357352
vn 0 -0.10134383190587973 -0.9948514601359505
vn 0 0.43364341123485006 -0.9010845642294638
vn 0 0.09603469358319483 -0.995377987313554
vn 0 0.844484322514147 -0.5355802731877102
vn 0 0.9961993973504002 0.08710201328729171
vn 0 0.9481462191167703 -0.31783446505150015
vn -1 0 0
vn -1 0 0
vn -1 0 0
vn 1 0 0
vn 1 0 0
vn 1 0 0
vn 1 0 0
vn 0.9926452352856756 0.010368455836208225 -0.12061480832890475
vn 1 0 0
vn -1 0 0
vn -1 0 0
vn -1 0 0
vn 1 0 0
vn 1 0 0
vn 1 0 0
vn -1 0 0
vn -1 0 0
vn -1 0 0
vn 1 0 0
vn 1 0 0
vn 1 0 0
vn -1 0 0
vn -0.9858766716294789 0.014343638791040631 -0.1668575690911656
vn -1 0 0
vn 0 0.9884453807491038 -0.15157746955190673
vn 0 0.9262028859185535 0.3770254820514696
vn 0 0.9999637670896027 0.008512608764103684
vn 0 0.535848063263268 0.8443144278626326
vn 0 0.03242839913538032 0.999474061158926
vn 0 0.3865665168011336 0.9222615291164643
vn 0 -0.4874713037173392 0.8731390084357231
vn 0 -0.8378663523708504 0.5458754212865479
vn 0 -0.6000101947293581 0.7999923538514839
vn 0 -0.9922060240213856 -0.12460820958377332
vn 0 -0.7934608968209941 -0.6086212329651535
vn 0 -0.921428347302215 -0.3885483249068368
vn 0 -0.9904704118155123 0.13772568140332211
vn 0 -0.9305051344711874 -0.3662788483147196
vn 0 -0.9997213826597435 -0.02360417448017573
vn 0 -0.5912728368677845 -0.8064715942811141
vn 0 -0.10134383190587973 -0.9948514601359505
vn 0 -0.4437251648575285 -0.8961629193802649
vn 0 0.43364341123485006 -0.9010845642294638
vn 0 0.844484322514147 -0.5355802731877102
vn 0 0.5769677325409269 -0.816766940813952
vn 0 0.9961993973504002 0.08710201328729171
vn 0 0.8970276058373499 0.4419745177786973
vn 0 0.9622312673383323 0.2722333340288558
vn -1 0 0
vn -1 0 0
vn -1 0 0
vn 1 0 0
vn 1 0 0
vn 1 0 0
vn 0.9926452352856756 0.010368455836208225 -0.12061480832890475
vn 0.916375306639298 0.19682738769428412 -0.3485904141469993
vn 0.9626563610619459 0.1331093137845898 -0.23574274345304477
vn -1 0 0
vn -1 0 0
vn -1 0 0
vn 0 -0.510250737916545 0.8600256882533344
vn 0 -0.09514424263407627 0.9954634966153143
vn 0 -0.32910888366008256 0.9442919795783581
vn 0 0.28493464298964394 -0.9585469468024841
vn 0 0.6857644690039031 -0.7278235315320567
vn 0 0.44852036693006986 -0.8937726111539306
vn -1 0 0
vn -1 0 0
vn -1 0 0
vn 0 0.03731018582066341 -0.9993037326228835
vn 0 0.28493464298964394 -0.9585469468024841
vn 0 0.07763019253040292 -0.9969822231151829
vn 1 0 0
vn 1 0 0
vn 1 0 0
vn 1 0 0
vn 1 0 0
vn 1 0 0
vn 0.7410219261485926 0.6714808299326419 0
vn 0.867604122029621 0.49725555546138506 0
vn 0.9941859772552103 0.10767656490203625 0
vn 0.20481315610421155 0.9788010886214992 0
vn 0.4096262953587185 0.9122534177248621 0
vn 0.7410219261485926 0.6714808299326419 0
vn -0.4096262953587185 0.9122534177248621 0
vn -0.20481315610421155 0.9788010886214992 0
vn 0.20481315610421155 0.9788010886214992 0
vn -0.867604122029621 0.49725555546138506 0
vn -0.7410219261485926 0.6714808299326419 0
vn -0.4096262953587185 0.9122534177248621 0
vn -0.9941859167448375 -0.10767712359748058 0
vn -0.9941859772552103 0.10767656490203625 0
vn -0.867604122029621 0.49725555546138506 0
vn -0.7410225211377902 -0.6714801733235266 0
vn -0.8676041348869674 -0.4972555330280768 0
vn -0.9941859167448375 -0.10767712359748058 0
vn -0.20481363916386702 -0.9788009875416215 0
vn -0.40962729199986925 -0.9122529702055531 0
vn -0.7410225211377902 -0.6714801733235266 0
vn 0.40962729199986925 -0.9122529702055531 0
vn 0.20481363916386702 -0.9788009875416215 0
vn -0.20481363916386702 -0.9788009875416215 0
vn 0.8676041348869674 -0.4972555330280768 0
vn 0.7410225211377902 -0.6714801733235266 0
vn 0.40962729199986925 -0.9122529702055531 0
vn 0.9941859772552103 0.10767656490203625 0
vn 0.9941859167448375 -0.10767712359748058 0
vn 0.8676041348869674 -0.4972555330280768 0
vn 0.7410226073290523 0.6714800782057894 0
vn 0.8676042948171181 0.4972552539841998 0
vn 0.9941859573154788 0.1076767490069484 0
vn 0.20481366538899562 0.9788009820540253 0
vn 0.40962734160318004 0.9122529479322672 0
vn 0.7410226073290523 0.6714800782057894 0
vn -0.40962734160318004 0.9122529479322672 0
vn -0.20481366538899562 0.9788009820540253 0
vn 0.20481366538899562 0.9788009820540253 0
vn -0.8676042948171181 0.4972552539841998 0
vn -0.7410226073290523 0.6714800782057894 0
vn -0.40962734160318004 0.9122529479322672 0
vn -0.9941859239231696 -0.10767705731971763 0
vn -0.9941859573154788 0.1076767490069484 0
vn -0.8676042948171181 0.4972552539841998 0
vn -0.7410225507959847 -0.6714801405937575 0
vn -0.8676041606016598 -0.49725548816145726 0
vn -0.9941859239231696 -0.10767705731971763 0
vn -0.20481366538899562 -0.9788009820540253 0
vn -0.40962734160318004 -0.9122529479322672 0
vn -0.7410225507959847 -0.6714801405937575 0
vn 0.40962734160318004 -0.9122529479322672 0
vn 0.20481366538899562 -0.9788009820540253 0
vn -0.20481366538899562 -0.9788009820540253 0
vn 0.8676041606016598 -0.49725548816145726 0
vn 0.7410225507959847 -0.6714801405937575 0
vn 0.40962734160318004 -0.9122529479322672 0
vn 0.9941859573154788 0.1076767490069484 0
vn 0.9941859239231696 -0.10767705731971763 0
vn 0.8676041606016598 -0.49725548816145726 0
vn -1.3249174752263974e-7 -0.9453730468683101 -0.32599049411740566
vn -1.7262436604235152e-7 -0.9453730468683043 -0.3259904941174036
vn -1.003315279072451e-7 -0.9453730744219847 -0.3259904142116979
vn 0.8965374830434526 0.1444033086791085 -0.41876989617287086
vn 0.9471733026497536 0.10455241112187298 -0.30320212412870895
vn 0.9978091002743368 0.02156716932188263 -0.06254483685452976
vn -2.7043246062793737e-8 0.9453730652374328 0.32599044084693657
vn -1.0033151272164272e-8 0.945373065237433 0.3259904408469366
vn 0 0.945373056052876 0.325990467482173
vn -0.8965375194322124 -0.14440320063165182 0.4187698555264816
vn -0.9471732728415851 -0.10455236312805723 0.30320223379602457
vn -0.9978090979093802 -0.02156717113341034 0.06254487395919162
vn -0.008371896921666157 -0.9554713827358117 -0.2949649947279319
vn 0.008041644330047403 -0.9479334190719715 -0.31836702869956796
vn -1.3249174752263974e-7 -0.9453730468683101 -0.32599049411740566
vn 0.656483829764564 0.24358332184707546 -0.7139300712083747
vn 0.7524014756552 0.21473142633610579 -0.6227217950060355
vn 0.8965374830434526 0.1444033086791085 -0.41876989617287086
vn -0.0001716381846786163 0.9450912071068694 0.32680664128749587
vn -3.2059823475232716e-8 0.9453730652374326 0.32599044084693646
vn -2.7043246062793737e-8 0.9453730652374328 0.32599044084693657
vn -0.6587762632588632 -0.24525516480490278 0.7112409852526841
vn -0.7523390609137516 -0.214754624967097 0.6227892006760041
vn -0.8965375194322124 -0.14440320063165182 0.4187698555264816
vn -0.0195233539709334 -0.9827262620141057 -0.1840324226801049
vn 0.003998433702056001 -0.9807066909170173 -0.19544410689126535
vn -0.008371896921666157 -0.9554713827358117 -0.2949649947279319
vn 0.8797864490230505 0.15106943545624052 -0.45072589207448943
vn 0.8809252569770757 0.15235855011229293 -0.44805977706948125
vn 0.656483829764564 0.24358332184707546 -0.7139300712083747
vn -0.008455963915694673 0.9777932294685842 0.20940128242122358
vn -0.00034332767992582255 0.9448086228959985 0.32762256977728327
vn -0.0001716381846786163 0.9450912071068694 0.32680664128749587
vn -0.320722063590661 -0.3087693657223838 0.8954322066563971
vn -0.44296784093852004 -0.29226253020548865 0.8475624492225643
vn -0.6587762632588632 -0.24525516480490278 0.7112409852526841
vn -0.015797022331009172 -0.9910505163625744 -0.13254934214453193
vn -0.0039501645942450515 -0.9980558603650561 -0.0622004484762461
vn -0.0195233539709334 -0.9827262620141057 -0.1840324226801049
vn -0.8820541523684744 0.14972795584485232 -0.44672364111165447
vn -0.9999999538396874 -0.00004462952043443011 0.0003005475486522792
vn -0.8808953574715965 0.1523921159283387 -0.44810714364744497
vn -0.001071192075140799 0.9940084664790058 0.10929785503656252
vn -0.02151468250913577 0.974060852012614 0.2252611262801275
vn -0.008455963915694673 0.9777932294685842 0.20940128242122358
vn 0.06615886735239174 -0.3252762505924408 0.9433018419738045
vn -0.06615872705231449 -0.32527622698971936 0.9433018599526612
vn -0.320722063590661 -0.3087693657223838 0.8954322066563971
vn 0.011579352649519809 -0.962690133142447 -0.2703583291529887
vn 0.005082485653794571 -0.9899715033437745 -0.14117574475399916
vn -0.015797022331009172 -0.9910505163625744 -0.13254934214453193
vn 0.014699819105960221 0.9700236657995304 0.24256546148842612
vn 0.009214847381706307 0.9629232918016648 0.26961791612127306
vn -0.001071192075140799 0.9940084664790058 0.10929785503656252
vn 0.4429677003642537 -0.29226251610924375 0.8475625275526867
vn 0.3207220807082132 -0.3087693822019975 0.8954321948426865
vn 0.06615886735239174 -0.3252762505924408 0.9433018419738045
vn 1.308931969167996e-8 -0.9453730468683184 -0.3259904941174085
vn 0.005787371148105563 -0.9544491695282687 -0.29831743013439926
vn 0.011579352649519809 -0.962690133142447 -0.2703583291529887
vn -0.7502693195226978 0.21552275860551728 -0.6250167107414135
vn -0.6564205820221273 0.24361595271271477 -0.7139770914263341
vn -0.8808953574715965 0.1523921159283387 -0.44810714364744497
vn -0.00024313053875416065 0.9452937472658365 0.3262202818153009
vn 0.0002460349673603674 0.945054662366993 0.3269122582669601
vn 0.014699819105960221 0.9700236657995304 0.24256546148842612
vn 0.7523390609137516 -0.214754624967097 0.6227892006760041
vn 0.6587762632588632 -0.24525516480490278 0.7112409852526841
vn 0.4429677003642537 -0.29226251610924375 0.8475625275526867
vn 1.224585739558668e-7 -0.945373065237426 -0.32599044084693424
vn 1.0544847916523765e-7 -0.9453730652374277 -0.3259904408469348
vn 1.308931969167996e-8 -0.9453730468683184 -0.3259904941174085
vn -0.9471732762355892 0.10455241565676252 -0.3032022050801668
vn -0.8965374849726013 0.14440329408867097 -0.4187698970739703
vn -0.7502693195226978 0.21552275860551728 -0.6250167107414135
vn 1.0033150383985846e-8 0.945373065237433 0.3259904408469366
vn 2.0066306291991865e-8 0.9453730744219894 0.3259904142116995
vn -0.00024313053875416065 0.9452937472658365 0.3262202818153009
vn 0.9471732899591464 -0.10455236501755467 0.3032021796709298
vn 0.8965375418103512 -0.14440320423604627 0.41876980637459504
vn 0.7523390609137516 -0.214754624967097 0.6227892006760041
vn 1.605303508599482e-7 -0.9453730744219774 -0.32599041421169533
vn 7.229284956946951e-8 -0.9453730652374307 -0.32599044084693585
vn 1.224585739558668e-7 -0.945373065237426 -0.32599044084693424
vn -0.9978091033608029 -0.0215671339983376 0.06254479979509348
vn -0.9978091026392921 0.021567167510354885 -0.06254479974986765
vn -0.9471732762355892 0.10455241565676252 -0.3032022050801668
vn -1.701008768520206e-8 0.945373065237433 0.3259904408469366
vn 1.0033150383985846e-8 0.945373065237433 0.3259904408469366
vn 1.0033150383985846e-8 0.945373065237433 0.3259904408469366
vn 0.9978091004747566 0.02156716001298897 -0.0625448368670925
vn 0.9978090959292291 -0.021567176678545668 0.06254490363739328
vn 0.9471732899591464 -0.10455236501755467 0.3032021796709298
vn 3.1308857592729903e-7 -0.9453729946112963 -0.32599064566268104
vn 2.328232654002085e-7 -0.9453730468682927 -0.32599049411739967
vn 1.605303508599482e-7 -0.9453730744219774 -0.32599041421169533
vn -0.8965374358514305 -0.14440332557954372 0.4187699913777375
vn -0.947173302207051 -0.10455232911661888 0.30320215378931675
vn -0.9978091033608029 -0.0215671339983376 0.06254479979509348
vn 7.207674650072426e-8 0.9453730836065429 0.3259903875764608
vn -4.468641446155244e-9 0.945373056052876 0.325990467482173
vn -1.701008768520206e-8 0.945373065237433 0.3259904408469366
vn 0.8965374571928316 0.1444032449107631 -0.41876997350509004
vn 0.9471732566760519 0.10455238282418286 -0.30320227750376105
vn 0.9978091004747566 0.02156716001298897 -0.0625448368670925
vn 2.838538145037212e-7 -0.9453729607234338 -0.32599074393750554
vn 2.758814653025403e-7 -0.9453729515388712 -0.3259907705727371
vn 3.1308857592729903e-7 -0.9453729946112963 -0.32599064566268104
vn -0.6587761500411825 -0.24525545015756864 0.71124099172146
vn -0.7523387668988528 -0.2147549539368166 0.6227894424126902
vn -0.8965374358514305 -0.14440332557954372 0.4187699913777375
vn 1.8303194151798412e-7 0.945373108309807 0.3259903159368702
vn 1.5304814533359144e-7 0.945373099125258 0.3259903425721101
vn 7.207674650072426e-8 0.9453730836065429 0.3259903875764608
vn 0.6587761885620845 0.2452552260799084 -0.7112410333101613
vn 0.7523389485081238 0.21475465671151978 -0.6227893255173921
vn 0.8965374571928316 0.1444032449107631 -0.41876997350509004
vn 6.782433798319694e-8 -0.9453730560528739 -0.32599046748217225
vn 2.5887129231646444e-7 -0.945372985426749 -0.32599067229791817
vn 2.838538145037212e-7 -0.9453729607234338 -0.32599074393750554
vn -0.32072245425772306 -0.308769279431665 0.8954320964842355
vn -0.4429679158886639 -0.2922626696787371 0.8475623619566355
vn -0.6587761500411825 -0.24525545015756864 0.71124099172146
vn -5.586345540657329e-8 0.9453730468683169 0.325990494117408
vn 5.381250789027951e-8 0.9453730836065439 0.3259903875764612
vn 1.8303194151798412e-7 0.945373108309807 0.3259903159368702
vn 0.3207222197044449 0.30876949176916113 -0.8954321072758491
vn 0.4429677003642537 0.29226251610924375 -0.8475625275526867
vn 0.6587761885620845 0.2452552260799084 -0.7112410333101613
vn -6.30312784977992e-8 -0.9453730991252672 -0.32599034257211335
vn -3.157722909201064e-8 -0.9453730991252687 -0.32599034257211384
vn 6.782433798319694e-8 -0.9453730560528739 -0.32599046748217225
vn 0.06615891198847222 -0.32527607144711934 0.9433019006174165
vn -0.06615890457050293 -0.32527607160745514 0.9433019010823909
vn -0.32072245425772306 -0.308769279431665 0.8954320964842355
vn 5.4883283030746585e-8 0.9453730468683169 0.325990494117408
vn -3.818973180286593e-8 0.9453730468683177 0.32599049411740827
vn -5.586345540657329e-8 0.9453730468683169 0.325990494117408
vn -0.06615873305933308 0.3252764583108728 -0.9433017797654784
vn 0.06615901124399594 0.325276470667167 -0.9433017559940873
vn 0.3207222197044449 0.30876949176916113 -0.8954321072758491
vn -1.7970954913150998e-7 -0.9453729607234567 -0.3259907439375134
vn -9.09893447335204e-8 -0.9453730468683144 -0.3259904941174071
vn -6.30312784977992e-8 -0.9453730991252672 -0.32599034257211335
vn 0.4429679158886639 -0.2922626696787371 0.8475623619566355
vn 0.32072222324598776 -0.3087692865624599 0.8954321767682131
vn 0.06615891198847222 -0.32527607144711934 0.9433019006174165
vn -5.315650891722313e-8 0.9453730652374317 0.3259904408469362
vn 1.005979358731197e-7 0.9453730468683135 0.3259904941174068
vn 5.4883283030746585e-8 0.9453730468683169 0.325990494117408
vn -0.44296796299293767 0.29226250228032974 -0.8475623950617015
vn -0.3207222464412181 0.30876948881785987 -0.8954320987170699
vn -0.06615873305933308 0.3252764583108728 -0.9433017797654784
vn -2.588866161449107e-7 -0.9453729423543102 -0.32599079720796864
vn -2.843363298757526e-7 -0.9453729607234336 -0.32599074393750543
vn -1.7970954913150998e-7 -0.9453729607234567 -0.3259907439375134
vn 0.7523389403224529 -0.21475487789234168 0.6227892591366151
vn 0.6587762781857577 -0.24525542368175993 0.7112408821590629
vn 0.4429679158886639 -0.2922626696787371 0.8475623619566355
vn -2.0392014782063953e-7 0.9453730991252494 0.3259903425721072
vn -2.039201695598362e-7 0.9453730744219698 0.3259904142116927
vn -5.315650891722313e-8 0.9453730652374317 0.3259904408469362
vn -0.752338920580447 0.21475464873958286 -0.6227893620033873
vn -0.6587762247066985 0.24525520244483226 -0.7112410079817768
vn -0.44296796299293767 0.29226250228032974 -0.8475623950617015
vn -1.999339336519569e-7 -0.9453730468682995 -0.32599049411740194
vn -2.807319738685126e-7 -0.9453729607234346 -0.3259907439375058
vn -2.588866161449107e-7 -0.9453729423543102 -0.32599079720796864
vn 0.9471732581517021 -0.10455236808590891 0.3032022779761355
vn 0.8965374339222816 -0.14440334016998127 0.4187699904766377
vn 0.7523389403224529 -0.21475487789234168 0.6227892591366151
vn 1.0033150383985846e-8 0.945373065237433 0.3259904408469366
vn -1.0033155019827576e-7 0.9453730836065406 0.32599038757646004
vn -2.0392014782063953e-7 0.9453730991252494 0.3259903425721072
vn -0.9471732706281097 0.10455238523546707 -0.3032022330874629
vn -0.8965374815001228 0.1444032339247219 -0.4187699252543086
vn -0.752338920580447 0.21475464873958286 -0.6227893620033873
vn -1.003315279072451e-7 -0.9453730744219847 -0.3259904142116979
vn -1.2970186338824458e-7 -0.9453730836065375 -0.32599038757645893
vn -1.999339336519569e-7 -0.9453730468682995 -0.32599049411740194
vn 0.9978091002743368 0.02156716932188263 -0.06254483685452976
vn 0.9978091041704995 -0.021567139603774182 0.0625447849446859
vn 0.9471732581517021 -0.10455236808590891 0.3032022779761355
vn 0 0.945373056052876 0.325990467482173
vn 1.0033150383985846e-8 0.945373065237433 0.3259904408469366
vn 1.0033150383985846e-8 0.945373065237433 0.3259904408469366
vn -0.9978090979093802 -0.02156717113341034 0.06254487395919162
vn -0.9978091030802154 0.021567147030788773 -0.06254479977750566
vn -0.9471732706281097 0.10455238523546707 -0.3032022330874629
vn 0.8797864490230505 0.15106943545624052 -0.45072589207448943
vn 0.9999999535427345 -0.00005084977668508961 0.00030054754856303074
vn 0.8809252569770757 0.15235855011229293 -0.44805977706948125
vn 0 0 1
vn 0 0.0002884957409209416 0.9999999583851027
vn 0 0 1
vn 0.7249146308765272 -0.6887960628656913 -0.0076656194707907105
vn 0.9956228897678092 -0.09344854360353726 -0.0015591884988178507
vn 0.8727372551280396 -0.48809747376300117 -0.009515230830191868
vn 0 -0.003004914428109832 -0.9999954852344484
vn 0 -0.0020675682635304562 -0.9999978625784535
vn 0 -0.0030049139624527426 -0.9999954852358477
vn -0.8730462892691193 0.4871499894004556 0.021795977164547425
vn -0.42496189944217 0.9037824968933377 0.05083878766991942
vn -0.7252916551077038 0.6874720915088317 0.03652585971062076
vn 0 0.9979441481992962 0.06408960192403393
vn -0.056073420852918686 0.9963740306422796 0.06398876882320424
vn 0 0.9979441481992962 0.06408960192403393
vn -0.42496189944217 0.9037824968933377 0.05083878766991942
vn -0.11134158647362599 0.9918242539239743 0.06235142700602751
vn -0.2984813773215541 0.9526116326708151 0.05865104169980385
vn 0 -1 0
vn -0.05522096406654755 -0.9984741584675895 0
vn 0 -1 0
vn 0 0.9979441481992962 0.06408960192403393
vn 0.055254272890116723 0.9964196045089407 0.06399169538018719
vn 0 0.9979441481992962 0.06408960192403393
vn 0 0 1
vn 0 0 1
vn 0 0 1
vn 0 -1 0
vn 0.056038864239509885 -0.9984285881798186 0
vn 0 -1 0
vn 0 -0.0006615418371951217 -0.9999997811811749
vn -1.7016004142114588e-10 -0.0030049148937669216 -0.999995485233049
vn 0 -0.0030049139624527426 -0.9999954852358477
vn -1.7016004142114588e-10 -0.0030049148937669216 -0.999995485233049
vn -9.681288140543072e-10 -0.0030049141952812873 -0.999995485235148
vn -9.992474777287678e-10 -0.0030049141952812873 -0.999995485235148
vn -8.778458981850342e-9 -0.0030049218786232664 -0.9999954852120599
vn 5.418432895808061e-9 -0.003004916057909646 -0.9999954852295511
vn -5.821187176241547e-9 -0.003004919317509273 -0.999995485219756
vn 0 0 1
vn 0 0.0002884957409209416 0.9999999583851027
vn 0 0 1
vn 0 0 1
vn 0 0 1
vn 0 0 1
vn 0.29827103556762935 -0.9544778042340837 -0.002551581058108871
vn 0.7249146308765272 -0.6887960628656913 -0.0076656194707907105
vn 0.4245608398979657 -0.9053704035940648 -0.007247449279156447
vn 0 0 1
vn 0 0 1
vn 0 0 1
vn 0.8740940373053026 0.4852705156756089 0.021728795715475036
vn 0.42569908068798934 0.9034357575517978 0.050834286443403306
vn 0.7244569759178051 0.688348660428663 0.036581576375187656
vn 0 0.0007212393527987228 0.9999997399068642
vn 0 0 1
vn 0 0 1
vn 0 0 1
vn 0 0 1
vn 0 0 1
vn 1.0336871515872296e-9 -0.0030049141952812873 -0.999995485235148
vn 0 -0.0020675682635304562 -0.9999978625784535
vn 8.508002209835175e-10 -0.0030049148937669216 -0.999995485233049
vn 8.508002209835175e-10 -0.0030049148937669216 -0.999995485233049
vn -3.4473984191384367e-9 -0.0030049137296241975 -0.9999954852365474
vn 1.0336871515872296e-9 -0.0030049141952812873 -0.999995485235148
vn 2.076723180496426e-8 -0.0030049218786232664 -0.9999954852120599
vn -2.522083691325591e-9 -0.003004916057909646 -0.9999954852295511
vn 9.363736594970594e-9 -0.003004918851852184 -0.9999954852211553
vn 0.42569908068798934 0.9034357575517978 0.050834286443403306
vn 0.11134244931173179 0.9918241219832904 0.06235198499919205
vn 0.2963391809493566 0.9532777567438021 0.058690785748436905
vn -0.05522096406654755 -0.9984741584675895 0
vn -0.2961334864950149 -0.9551431474693757 -0.002554607328214044
vn -0.11125889662388196 -0.9937905289217756 -0.0013574046610727543
vn -0.995739388367316 -0.09219992049503298 -0.0014983706461075084
vn -0.8730462892691193 0.4871499894004556 0.021795977164547425
vn -0.9956815039735423 0.09272978265740638 0.004419281988628294
vn 0.056038864239509885 -0.9984285881798186 0
vn 0.29827103556762935 -0.9544778042340837 -0.002551581058108871
vn 0.11125956538078866 -0.9937904532806366 -0.0013579689042367874
vn 0.9956228897678092 -0.09344854360353726 -0.0015591884988178507
vn 0.8740940373053026 0.4852705156756089 0.021728795715475036
vn 0.995796553916787 0.09148693017425594 0.0044005470958034705
vn -0.2961334864950149 -0.9551431474693757 -0.002554607328214044
vn -0.7240759246199753 -0.6896776663559531 -0.0076662843369142315
vn -0.42528493563292635 -0.9050306369271751 -0.007229781939278955
vn -0.7240759246199753 -0.6896776663559531 -0.0076662843369142315
vn -0.995739388367316 -0.09219992049503298 -0.0014983706461075084
vn -0.8737741948570946 -0.48623977445942324 -0.009462459272572015
vn 0.7410226638621142 0.671480015817817 0
vn 0.8676042415070787 0.49725534699882984 0
vn 0.9941859454581399 0.10767685848642017 0
f 1/1/1 2/2/2 3/3/3
f 4/4/4 5/5/5 6/6/6
f 7/7/7 8/8/8 9/9/9
f 10/10/10 11/11/11 12/12/12
f 13/13/13 14/14/14 15/15/15
f 16/16/16 17/17/17 18/18/18
f 19/19/19 20/20/20 21/21/21
f 22/22/22 23/23/23 24/24/24
f 25/25/25 26/26/26 27/27/27
f 28/28/28 29/29/29 30/30/30
f 31/31/31 32/32/32 33/33/33
f 34/34/34 35/35/35 36/36/36
f 37/37/37 38/38/38 39/39/39
f 40/40/40 41/41/41 42/42/42
f 43/43/43 44/44/44 45/45/45
f 46/46/46 47/47/47 48/48/48
f 49/49/49 50/50/50 51/51/51
f 52/52/52 53/53/53 54/54/54
f 55/55/55 56/56/56 57/57/57
f 58/58/58 59/59/59 60/60/60
f 61/61/61 62/62/62 63/63/63
f 64/64/64 65/65/65 66/66/66
f 67/67/67 68/68/68 69/69/69
f 70/70/70 71/71/71 72/72/72
f 73/73/73 74/74/74 75/75/75
f 76/76/76 77/77/77 78/78/78
f 79/79/79 80/80/80 81/81/81
f 82/82/82 83/83/83 84/84/84
f 85/85/85 86/86/86 87/87/87
f 88/88/88 89/89/89 90/90/90
f 91/91/91 92/92/92 93/93/93
f 94/94/94 95/95/95 96/96/96
f 97/97/97 98/98/98 99/99/99
f 100/100/100 101/101/101 102/102/102
f 103/103/103 104/104/104 105/105/105
f 106/106/106 107/107/107 108/108/108
f 109/109/109 110/110/110 111/111/111
f 112/112/112 113/113/113 114/114/114
f 115/115/115 116/116/116 117/117/117
f 118/118/118 119/119/119 120/120/120
f 121/121/121 122/122/122 123/123/123
f 124/124/124 125/125/125 126/126/126
f 127/127/127 128/128/128 129/129/129
f 130/130/130 131/131/131 132/132/132
f 133/133/133 134/134/134 135/135/135
f 136/136/136 137/137/137 138/138/138
f 139/139/139 140/140/140 141/141/141
f 142/142/142 143/143/143 144/144/144
f 145/145/145 146/146/146 147/147/147
f 148/148/148 149/149/149 150/150/150
f 151/151/151 152/152/152 153/153/153
f 154/154/154 155/155/155 156/156/156
f 157/157/157 158/158/158 159/159/159
f 160/160/160 161/161/161 162/162/162
f 163/163/163 164/164/164 165/165/165
f 166/166/166 167/167/167 168/168/168
f 169/169/169 170/170/170 171/171/171
f 172/172/172 173/173/173 174/174/174
f 175/175/175 176/176/176 177/177/177
f 178/178/178 179/179/179 180/180/180
f 181/181/181 182/182/182 183/183/183
f 184/184/184 185/185/185 186/186/186
f 187/187/187 188/188/188 189/189/189
f 190/190/190 191/191/191 192/192/192
f 193/193/193 194/194/194 195/195/195
f 196/196/196 197/197/197 198/198/198
f 199/199/199 200/200/200 201/201/201
f 202/202/202 203/203/203 204/204/204
f 205/205/205 206/206/206 207/207/207
f 208/208/208 209/209/209 210/210/210
f 211/211/211 212/212/212 213/213/213
f 214/214/214 215/215/215 216/216/216
f 217/217/217 218/218/218 219/219/219
f 220/220/220 221/221/221 222/222/222
f 223/223/223 224/224/224 225/225/225
f 226/226/226 227/227/227 228/228/228
f 229/229/229 230/230/230 231/231/231
f 232/232/232 233/233/233 234/234/234
f 235/235/235 236/236/236 237/237/237
f 238/238/238 239/239/239 240/240/240
f 241/241/241 242/242/242 243/243/243
f 244/244/244 245/245/245 246/246/246
f 247/247/247 248/248/248 249/249/249
f 250/250/250 251/251/251 252/252/252
f 253/253/253 254/254/254 255/255/255
f 256/256/256 257/257/257 258/258/258
f 259/259/259 260/260/260 261/261/261
f 262/262/262 263/263/263 264/264/264
f 265/265/265 266/266/266 267/267/267
f 268/268/268 269/269/269 270/270/270
f 271/271/271 272/272/272 273/273/273
f 274/274/274 275/275/275 276/276/276
f 277/277/277 278/278/278 279/279/279
f 280/280/280 281/281/281 282/282/282
f 283/283/283 284/284/284 285/285/285
f 286/286/286 287/287/287 288/288/288
f 289/289/289 290/290/290 291/291/291
f 292/292/292 293/293/293 294/294/294
f 295/295/295 296/296/296 297/297/297
f 298/298/298 299/299/299 300/300/300
f 301/301/301 302/302/302 303/303/303
f 304/304/304 305/305/305 306/306/306
f 307/307/307 308/308/308 309/309/309
f 310/310/310 311/311/311 312/312/312
f 313/313/313 314/314/314 315/315/315
f 316/316/316 317/317/317 318/318/318
f 319/319/319 320/320/320 321/321/321
f 322/322/322 323/323/323 324/324/324
f 325/325/325 326/326/326 327/327/327
f 328/328/328 329/329/329 330/330/330
f 331/331/331 332/332/332 333/333/333
f 334/334/334 335/335/335 336/336/336
f 337/337/337 338/338/338 339/339/339
f 340/340/340 341/341/341 342/342/342
f 343/343/343 344/344/344 345/345/345
f 346/346/346 347/347/347 348/348/348
f 349/349/349 350/350/350 351/351/351
f 352/352/352 353/353/353 354/354/354
f 355/355/355 356/356/356 357/357/357
f 358/358/358 359/359/359 360/360/360
f 361/361/361 362/362/362 363/363/363
f 364/364/364 365/365/365 366/366/366
f 367/367/367 368/368/368 369/369/369
f 370/370/370 371/371/371 372/372/372
f 373/373/373 374/374/374 375/375/375
f 376/376/376 377/377/377 378/378/378
f 379/379/379 380/380/380 381/381/381
f 382/382/382 383/383/383 384/384/384
f 385/385/385 386/386/386 387/387/387
f 388/388/388 389/389/389 390/390/390
f 391/391/391 392/392/392 393/393/393
f 394/394/394 395/395/395 396/396/396
f 397/397/397 398/398/398 399/399/399
f 400/400/400 401/401/401 402/402/402
f 403/403/403 404/404/404 405/405/405
f 406/406/406 407/407/407 408/408/408
f 409/409/409 410/410/410 411/411/411
f 412/412/412 413/413/413 414/414/414
f 415/415/415 416/416/416 417/417/417
f 418/418/418 419/419/419 420/420/420
f 421/421/421 422/422/422 423/423/423
f 424/424/424 425/425/425 426/426/426
f 427/427/427 428/428/428 429/429/429
f 430/430/430 431/431/431 432/432/432
f 433/433/433 434/434/434 435/435/435
f 436/436/436 437/437/437 438/438/438
f 439/439/439 440/440/440 441/441/441
f 442/442/442 443/443/443 444/444/444
f 445/445/445 446/446/446 447/447/447
f 448/448/448 449/449/449 450/450/450
f 451/451/451 452/452/452 453/453/453
f 454/454/454 455/455/455 456/456/456
f 457/457/457 458/458/458 459/459/459
f 460/460/460 461/461/461 462/462/462
f 463/463/463 464/464/464 465/465/465
f 466/466/466 467/467/467 468/468/468
f 469/469/469 470/470/470 471/471/471
f 472/472/472 473/473/473 474/474/474
f 475/475/475 476/476/476 477/477/477
f 478/478/478 479/479/479 480/480/480
f 481/481/481 482/482/482 483/483/483
f 484/484/484 485/485/485 486/486/486
f 487/487/487 488/488/488 489/489/489
f 490/490/490 491/491/491 492/492/492
f 493/493/493 494/494/494 495/495/495
f 496/496/496 497/497/497 498/498/498
f 499/499/499 500/500/500 501/501/501
f 502/502/502 503/503/503 504/504/504
f 505/505/505 506/506/506 507/507/507
f 508/508/508 509/509/509 510/510/510
f 511/511/511 512/512/512 513/513/513
f 514/514/514 515/515/515 516/516/516
f 517/517/517 518/518/518 519/519/519
f 520/520/520 521/521/521 522/522/522
f 523/523/523 524/524/524 525/525/525
f 526/526/526 527/527/527 528/528/528
f 529/529/529 530/530/530 531/531/531
f 532/532/532 533/533/533 534/534/534
f 535/535/535 536/536/536 537/537/537
f 538/538/538 539/539/539 540/540/540
f 541/541/541 542/542/542 543/543/543
f 544/544/544 545/545/545 546/546/546
f 547/547/547 548/548/548 549/549/549
f 550/550/550 551/551/551 552/552/552
f 553/553/553 554/554/554 555/555/555
f 556/556/556 557/557/557 558/558/558
f 559/559/559 560/560/560 561/561/561
f 562/562/562 563/563/563 564/564/564
f 565/565/565 566/566/566 567/567/567
f 568/568/568 569/569/569 570/570/570
f 571/571/571 572/572/572 573/573/573
f 574/574/574 575/575/575 576/576/576
f 577/577/577 578/578/578 579/579/579
f 580/580/580 581/581/581 582/582/582
f 583/583/583 584/584/584 585/585/585
f 586/586/586 587/587/587 588/588/588
f 589/589/589 590/590/590 591/591/591
f 592/592/592 593/593/593 594/594/594
f 595/595/595 596/596/596 597/597/597
f 598/598/598 599/599/599 600/600/600
f 601/601/601 602/602/602 603/603/603
f 604/604/604 605/605/605 606/606/606
f 607/607/607 608/608/608 609/609/609
f 610/610/610 611/611/611 612/612/612
f 613/613/613 614/614/614 615/615/615
f 616/616/616 617/617/617 618/618/618
f 619/619/619 620/620/620 621/621/621
f 622/622/622 623/623/623 624/624/624
f 625/625/625 626/626/626 627/627/627
f 628/628/628 629/629/629 630/630/630
f 631/631/631 632/632/632 633/633/633
f 634/634/634 635/635/635 636/636/636
f 637/637/637 638/638/638 639/639/639
f 640/640/640 641/641/641 642/642/642
f 643/643/643 644/644/644 645/645/645
f 646/646/646 647/647/647 648/648/648
f 649/649/649 650/650/650 651/651/651
f 652/652/652 653/653/653 654/654/654
f 655/655/655 656/656/656 657/657/657
f 658/658/658 659/659/659 660/660/660
f 661/661/661 662/662/662 663/663/663
f 664/664/664 665/665/665 666/666/666
f 667/667/667 668/668/668 669/669/669
f 670/670/670 671/671/671 672/672/672
f 673/673/673 674/674/674 675/675/675
f 676/676/676 677/677/677 678/678/678
f 679/679/679 680/680/680 681/681/681
f 682/682/682 683/683/683 684/684/684
f 685/685/685 686/686/686 687/687/687
f 688/688/688 689/689/689 690/690/690
f 691/691/691 692/692/692 693/693/693
f 694/694/694 695/695/695 696/696/696
f 697/697/697 698/698/698 699/699/699
f 700/700/700 701/701/701 702/702/702
f 703/703/703 704/704/704 705/705/705
f 706/706/706 707/707/707 708/708/708
f 709/709/709 710/710/710 711/711/711
f 712/712/712 713/713/713 714/714/714
f 715/715/715 716/716/716 717/717/717
f 718/718/718 719/719/719 720/720/720
f 721/721/721 722/722/722 723/723/723
f 724/724/724 725/725/725 726/726/726
f 727/727/727 728/728/728 729/729/729
f 730/730/730 731/731/731 732/732/732
f 733/733/733 734/734/734 735/735/735
f 736/736/736 737/737/737 738/738/738
f 739/739/739 740/740/740 741/741/741
f 742/742/742 743/743/743 744/744/744
f 745/745/745 746/746/746 747/747/747
f 748/748/748 749/749/749 750/750/750
f 751/751/751 752/752/752 753/753/753
f 754/754/754 755/755/755 756/756/756
f 757/757/757 758/758/758 759/759/759
f 760/760/760 761/761/761 762/762/762
f 763/763/763 764/764/764 765/765/765
f 766/766/766 767/767/767 768/768/768
f 769/769/769 770/770/770 771/771/771
f 772/772/772 773/773/773 774/774/774
f 775/775/775 776/776/776 777/777/777
f 778/778/778 779/779/779 780/780/780
f 781/781/781 782/782/782 783/783/783
f 784/784/784 785/785/785 786/786/786
f 787/787/787 788/788/788 789/789/789
f 790/790/790 791/791/791 792/792/792
f 793/793/793 794/794/794 795/795/795
f 796/796/796 797/797/797 798/798/798
f 799/799/799 800/800/800 801/801/801
f 802/802/802 803/803/803 804/804/804
f 805/805/805 806/806/806 807/807/807
f 808/808/808 809/809/809 810/810/810
f 811/811/811 812/812/812 813/813/813
f 814/814/814 815/815/815 816/816/816
f 817/817/817 818/818/818 819/819/819
f 820/820/820 821/821/821 822/822/822
f 823/823/823 824/824/824 825/825/825
f 826/826/826 827/827/827 828/828/828
f 829/829/829 830/830/830 831/831/831
f 832/832/832 833/833/833 834/834/834
f 835/835/835 836/836/836 837/837/837
f 838/838/838 839/839/839 840/840/840
f 841/841/841 842/842/842 843/843/843
f 844/844/844 845/845/845 846/846/846
f 847/847/847 848/848/848 849/849/849
f 850/850/850 851/851/851 852/852/852
f 853/853/853 854/854/854 855/855/855
f 856/856/856 857/857/857 858/858/858
f 859/859/859 860/860/860 861/861/861
f 862/862/862 863/863/863 864/864/864
f 865/865/865 866/866/866 867/867/867
f 868/868/868 869/869/869 870/870/870
f 871/871/871 872/872/872 873/873/873
f 874/874/874 875/875/875 876/876/876
f 877/877/877 878/878/878 879/879/879
f 880/880/880 881/881/881 882/882/882
f 883/883/883 884/884/884 885/885/885
f 886/886/886 887/887/887 888/888/888
f 889/889/889 890/890/890 891/891/891
f 892/892/892 893/893/893 894/894/894
f 895/895/895 896/896/896 897/897/897
f 898/898/898 899/899/899 900/900/900
f 901/901/901 902/902/902 903/903/903
f 904/904/904 905/905/905 906/906/906
f 907/907/907 908/908/908 909/909/909
f 910/910/910 911/911/911 912/912/912
f 913/913/913 914/914/914 915/915/915
f 916/916/916 917/917/917 918/918/918
f 919/919/919 920/920/920 921/921/921
f 922/922/922 923/923/923 924/924/924
f 925/925/925 926/926/926 927/927/927
f 928/928/928 929/929/929 930/930/930
f 931/931/931 932/932/932 933/933/933
f 934/934/934 935/935/935 936/936/936
f 937/937/937 938/938/938 939/939/939
f 940/940/940 941/941/941 942/942/942
f 943/943/943 944/944/944 945/945/945
f 946/946/946 947/947/947 948/948/948
f 949/949/949 950/950/950 951/951/951
f 952/952/952 953/953/953 954/954/954
f 955/955/955 956/956/956 957/957/957
f 958/958/958 959/959/959 960/960/960
f 961/961/961 962/962/962 963/963/963
f 964/964/964 965/965/965 966/966/966
f 967/967/967 968/968/968 969/969/969
f 970/970/970 971/971/971 972/972/972
f 973/973/973 974/974/974 975/975/975
f 976/976/976 977/977/977 978/978/978
f 979/979/979 980/980/980 981/981/981
f 982/982/982 983/983/983 984/984/984
f 985/985/985 986/986/986 987/987/987
f 988/988/988 989/989/989 990/990/990
f 991/991/991 992/992/992 993/993/993
f 994/994/994 995/995/995 996/996/996
f 997/997/997 998/998/998 999/999/999
f 1000/1000/1000 1001/1001/1001 1002/1002/1002
f 1003/1003/1003 1004/1004/1004 1005/1005/1005
f 1006/1006/1006 1007/1007/1007 1008/1008/1008
f 1009/1009/1009 1010/1010/1010 1011/1011/1011
f 1012/1012/1012 1013/1013/1013 1014/1014/1014
f 1015/1015/1015 1016/1016/1016 1017/1017/1017
f 1018/1018/1018 1019/1019/1019 1020/1020/1020
f 1021/1021/1021 1022/1022/1022 1023/1023/1023
f 1024/1024/1024 1025/1025/1025 1026/1026/1026
f 1027/1027/1027 1028/1028/1028 1029/1029/1029
f 1030/1030/1030 1031/1031/1031 1032/1032/1032
f 1033/1033/1033 1034/1034/1034 1035/1035/1035
f 1036/1036/1036 1037/1037/1037 1038/1038/1038
f 1039/1039/1039 1040/1040/1040 1041/1041/1041
f 1042/1042/1042 1043/1043/1043 1044/1044/1044
f 1045/1045/1045 1046/1046/1046 1047/1047/1047
f 1048/1048/1048 1049/1049/1049 1050/1050/1050
f 1051/1051/1051 1052/1052/1052 1053/1053/1053
f 1054/1054/1054 1055/1055/1055 1056/1056/1056
f 1057/1057/1057 1058/1058/1058 1059/1059/1059
f 1060/1060/1060 1061/1061/1061 1062/1062/1062
f 1063/1063/1063 1064/1064/1064 1065/1065/1065
f 1066/1066/1066 1067/1067/1067 1068/1068/1068
f 1069/1069/1069 1070/1070/1070 1071/1071/1071
f 1072/1072/1072 1073/1073/1073 1074/1074/1074
f 1075/1075/1075 1076/1076/1076 1077/1077/1077
f 1078/1078/1078 1079/1079/1079 1080/1080/1080
f 1081/1081/1081 1082/1082/1082 1083/1083/1083
f 1084/1084/1084 1085/1085/1085 1086/1086/1086
f 1087/1087/1087 1088/1088/1088 1089/1089/1089
f 1090/1090/1090 1091/1091/1091 1092/1092/1092
f 1093/1093/1093 1094/1094/1094 1095/1095/1095
f 1096/1096/1096 1097/1097/1097 1098/1098/1098
f 1099/1099/1099 1100/1100/1100 1101/1101/1101
f 1102/1102/1102 1103/1103/1103 1104/1104/1104
f 1105/1105/1105 1106/1106/1106 1107/1107/1107
f 1108/1108/1108 1109/1109/1109 1110/1110/1110
f 1111/1111/1111 1112/1112/1112 1113/1113/1113
f 1114/1114/1114 1115/1115/1115 1116/1116/1116
f 1117/1117/1117 1118/1118/1118 1119/1119/1119
f 1120/1120/1120 1121/1121/1121 1122/1122/1122
f 1123/1123/1123 1124/1124/1124 1125/1125/1125
f 1126/1126/1126 1127/1127/1127 1128/1128/1128
f 1129/1129/1129 1130/1130/1130 1131/1131/1131
f 1132/1132/1132 1133/1133/1133 1134/1134/1134
f 1135/1135/1135 1136/1136/1136 1137/1137/1137
f 1138/1138/1138 1139/1139/1139 1140/1140/1140
f 1141/1141/1141 1142/1142/1142 1143/1143/1143
f 1144/1144/1144 1145/1145/1145 1146/1146/1146
f 1147/1147/1147 1148/1148/1148 1149/1149/1149
f 1150/1150/1150 1151/1151/1151 1152/1152/1152
f 1153/1153/1153 1154/1154/1154 1155/1155/1155
f 1156/1156/1156 1157/1157/1157 1158/1158/1158
f 1159/1159/1159 1160/1160/1160 1161/1161/1161
f 1162/1162/1162 1163/1163/1163 1164/1164/1164
f 1165/1165/1165 1166/1166/1166 1167/1167/1167
f 1168/1168/1168 1169/1169/1169 1170/1170/1170
f 1171/1171/1171 1172/1172/1172 1173/1173/1173
f 1174/1174/1174 1175/1175/1175 1176/1176/1176
f 1177/1177/1177 1178/1178/1178 1179/1179/1179
f 1180/1180/1180 1181/1181/1181 1182/1182/1182
f 1183/1183/1183 1184/1184/1184 1185/1185/1185
f 1186/1186/1186 1187/1187/1187 1188/1188/1188
f 1189/1189/1189 1190/1190/1190 1191/1191/1191
f 1192/1192/1192 1193/1193/1193 1194/1194/1194
f 1195/1195/1195 1196/1196/1196 1197/1197/1197
f 1198/1198/1198 1199/1199/1199 1200/1200/1200
f 1201/1201/1201 1202/1202/1202 1203/1203/1203
f 1204/1204/1204 1205/1205/1205 1206/1206/1206
f 1207/1207/1207 1208/1208/1208 1209/1209/1209
f 1210/1210/1210 1211/1211/1211 1212/1212/1212
f 1213/1213/1213 1214/1214/1214 1215/1215/1215
f 1216/1216/1216 1217/1217/1217 1218/1218/1218
f 1219/1219/1219 1220/1220/1220 1221/1221/1221
f 1222/1222/1222 1223/1223/1223 1224/1224/1224
f 1225/1225/1225 1226/1226/1226 1227/1227/1227
f 1228/1228/1228 1229/1229/1229 1230/1230/1230
f 1231/1231/1231 1232/1232/1232 1233/1233/1233
f 1234/1234/1234 1235/1235/1235 1236/1236/1236
f 1237/1237/1237 1238/1238/1238 1239/1239/1239
f 1240/1240/1240 1241/1241/1241 1242/1242/1242
f 1243/1243/1243 1244/1244/1244 1245/1245/1245
f 1246/1246/1246 1247/1247/1247 1248/1248/1248
f 1249/1249/1249 1250/1250/1250 1251/1251/1251
f 1252/1252/1252 1253/1253/1253 1254/1254/1254
f 1255/1255/1255 1256/1256/1256 1257/1257/1257
f 1258/1258/1258 1259/1259/1259 1260/1260/1260
f 1261/1261/1261 1262/1262/1262 1263/1263/1263
f 1264/1264/1264 1265/1265/1265 1266/1266/1266
f 1267/1267/1267 1268/1268/1268 1269/1269/1269
f 1270/1270/1270 1271/1271/1271 1272/1272/1272
f 1273/1273/1273 1274/1274/1274 1275/1275/1275
f 1276/1276/1276 1277/1277/1277 1278/1278/1278
f 1279/1279/1279 1280/1280/1280 1281/1281/1281
f 1282/1282/1282 1283/1283/1283 1284/1284/1284
f 1285/1285/1285 1286/1286/1286 1287/1287/1287
f 1288/1288/1288 1289/1289/1289 1290/1290/1290
f 1291/1291/1291 1292/1292/1292 1293/1293/1293
f 1294/1294/1294 1295/1295/1295 1296/1296/1296
f 1297/1297/1297 1298/1298/1298 1299/1299/1299
f 1300/1300/1300 1301/1301/1301 1302/1302/1302
f 1303/1303/1303 1304/1304/1304 1305/1305/1305
f 1306/1306/1306 1307/1307/1307 1308/1308/1308
f 1309/1309/1309 1310/1310/1310 1311/1311/1311
f 1312/1312/1312 1313/1313/1313 1314/1314/1314
f 1315/1315/1315 1316/1316/1316 1317/1317/1317
f 1318/1318/1318 1319/1319/1319 1320/1320/1320
f 1321/1321/1321 1322/1322/1322 1323/1323/1323
f 1324/1324/1324 1325/1325/1325 1326/1326/1326
f 1327/1327/1327 1328/1328/1328 1329/1329/1329
f 1330/1330/1330 1331/1331/1331 1332/1332/1332
f 1333/1333/1333 1334/1334/1334 1335/1335/1335
f 1336/1336/1336 1337/1337/1337 1338/1338/1338
f 1339/1339/1339 1340/1340/1340 1341/1341/1341
f 1342/1342/1342 1343/1343/1343 1344/1344/1344
f 1345/1345/1345 1346/1346/1346 1347/1347/1347
f 1348/1348/1348 1349/1349/1349 1350/1350/1350
f 1351/1351/1351 1352/1352/1352 1353/1353/1353
f 1354/1354/1354 1355/1355/1355 1356/1356/1356
f 1357/1357/1357 1358/1358/1358 1359/1359/1359
f 1360/1360/1360 1361/1361/1361 1362/1362/1362
f 1363/1363/1363 1364/1364/1364 1365/1365/1365
f 1366/1366/1366 1367/1367/1367 1368/1368/1368
f 1369/1369/1369 1370/1370/1370 1371/1371/1371
f 1372/1372/1372 1373/1373/1373 1374/1374/1374
f 1375/1375/1375 1376/1376/1376 1377/1377/1377
f 1378/1378/1378 1379/1379/1379 1380/1380/1380
f 1381/1381/1381 1382/1382/1382 1383/1383/1383
f 1384/1384/1384 1385/1385/1385 1386/1386/1386
f 1387/1387/1387 1388/1388/1388 1389/1389/1389
f 1390/1390/1390 1391/1391/1391 1392/1392/1392
f 1393/1393/1393 1394/1394/1394 1395/1395/1395
f 1396/1396/1396 1397/1397/1397 1398/1398/1398
f 1399/1399/1399 1400/1400/1400 1401/1401/1401
f 1402/1402/1402 1403/1403/1403 1404/1404/1404
f 1405/1405/1405 1406/1406/1406 1407/1407/1407
f 1408/1408/1408 1409/1409/1409 1410/1410/1410
f 1411/1411/1411 1412/1412/1412 1413/1413/1413
f 1414/1414/1414 1415/1415/1415 1416/1416/1416
f 1417/1417/1417 1418/1418/1418 1419/1419/1419
f 1420/1420/1420 1421/1421/1421 1422/1422/1422
o torch_2
usemtl Mat
v 1.4879564046859741 27.935269282162075 14.866886703855181
v 1.6397279500961304 27.659540624460732 15.666485850269634
v 1.6397279500961304 26.057940568712397 15.06527493118591
v -1.4879564046859741 27.935269282162075 14.866886703855181
v -1.6397279500961304 27.659540624460732 15.666485850269634
v 1.6397279500961304 27.659540624460732 15.666485850269634
v -1.4879564046859741 27.02661741766289 14.22563824869745
v -1.6397279500961304 26.057940568712397 15.06527493118591
v -1.6397279500961304 27.659540624460732 15.666485850269634
v 1.4879564046859741 27.02661741766289 14.22563824869745
v 1.6397279500961304 26.057940568712397 15.06527493118591
v -1.6397279500961304 26.057940568712397 15.06527493118591
v 1.4879564046859741 34.02370993426798 14.412407548910448
v 1.4879564046859741 32.26474344519784 10.474458855525093
v 1.4879564046859741 33.18052530491636 9.950273522141849
v -1.4879564046859741 34.02370993426798 14.412407548910448
v -1.4879564046859741 32.26474344519784 10.474458855525093
v 1.4879564046859741 32.26474344519784 10.474458855525093
v -1.4879564046859741 34.86250908436568 13.601983665007154
v -1.4879564046859741 33.18052530491636 9.950273522141849
v -1.4879564046859741 32.26474344519784 10.474458855525093
v 1.4879564046859741 34.86250908436568 13.601983665007154
v 1.4879564046859741 33.18052530491636 9.950273522141849
v -1.4879564046859741 33.18052530491636 9.950273522141849
v 1.4879564046859741 39.9751933746707 18.2147014655538
v 1.4879564046859741 35.6605516339486 16.106557597893286
v 1.4879564046859741 36.499349723229955 15.296133821400723
v -1.4879564046859741 39.9751933746707 18.2147014655538
v -1.4879564046859741 35.6605516339486 16.106557597893286
v 1.4879564046859741 35.6605516339486 16.106557597893286
v -1.4879564046859741 40.409494238844516 17.20663955899517
v -1.4879564046859741 36.499349723229955 15.296133821400723
v -1.4879564046859741 35.6605516339486 16.106557597893286
v 1.4879564046859741 40.409494238844516 17.20663955899517
v 1.4879564046859741 36.499349723229955 15.296133821400723
v -1.4879564046859741 36.499349723229955 15.296133821400723
v 1.4879564046859741 59.587373991903995 25.576753748414713
v 1.4879564046859741 39.9751933746707 18.2147014655538
v 1.4879564046859741 40.409494238844516 17.20663955899517
v -1.4879564046859741 59.587373991903995 25.576753748414713
v -1.4879564046859741 39.9751933746707 18.2147014655538
v 1.4879564046859741 39.9751933746707 18.2147014655538
v -1.4879564046859741 59.721428414850514 24.45598448826963
v -1.4879564046859741 40.409494238844516 17.20663955899517
v -1.4879564046859741 39.9751933746707 18.2147014655538
v 1.4879564046859741 59.721428414850514 24.45598448826963
v 1.4879564046859741 40.409494238844516 17.20663955899517
v -1.4879564046859741 40.409494238844516 17.20663955899517
v 0 67.52734839877955 25.194195051370862
v 1.2207401990890503 61.975701463572754 25.869326596962814
v 1.2103164196014404 62.107450492991646 24.74883706168672
v 0 67.52734839877955 25.194195051370862
v -1.2207401990890503 61.975701463572754 25.869326596962814
v 1.2207401990890503 61.975701463572754 25.869326596962814
v 0 67.39499511506853 24.105825677025557
v -1.2103164196014404 62.107450492991646 24.74883706168672
v -1.2207401990890503 61.975701463572754 25.869326596962814
v 0 67.39499511506853 24.105825677025557
v 1.2103164196014404 62.107450492991646 24.74883706168672
v -1.2103164196014404 62.107450492991646 24.74883706168672
v 1.4879564046859741 30.862327027806746 8.223110014552319
v 1.4879564046859741 31.536837329510597 9.358071936742093
v 1.4879564046859741 31.075311810129946 9.747247762548486
v 1.4879564046859741 31.536837329510597 9.358071936742093
v -1.4879564046859741 31.536837329510597 9.358071936742093
v -1.4879564046859741 31.075311810129946 9.747247762548486
v -1.4879564046859741 31.536837329510597 9.358071936742093
v -1.4879564046859741 30.862327027806746 8.223110014552319
v -1.4879564046859741 30.24228915892861 8.891896886585839
v -1.4879564046859741 30.862327027806746 8.223110014552319
v 1.4879564046859741 30.862327027806746 8.223110014552319
v 1.4879564046859741 30.24228915892861 8.891896886585839
v 1.4879564046859741 32.71128006382154 8.96257779561261
v 1.4879564046859741 31.842987945350963 9.654813000551083
v 1.4879564046859741 31.536837329510597 9.358071936742093
v 1.4879564046859741 31.842987945350963 9.654813000551083
v -1.4879564046859741 31.842987945350963 9.654813000551083
v -1.4879564046859741 31.536837329510597 9.358071936742093
v -1.4879564046859741 31.842987945350963 9.654813000551083
v -1.4879564046859741 32.71128006382154 8.96257779561261
v -1.4879564046859741 31.88200216349837 8.20345778508855
v -1.4879564046859741 32.71128006382154 8.96257779561261
v 1.4879564046859741 32.71128006382154 8.96257779561261
v 1.4879564046859741 31.88200216349837 8.20345778508855
v 1.4879564046859741 35.53198390392518 14.592966929293834
v 1.4879564046859741 34.693184753827474 15.403390813197124
v 1.4879564046859741 34.02370993426798 14.412407548910448
v 1.4879564046859741 34.693184753827474 15.403390813197124
v -1.4879564046859741 34.693184753827474 15.403390813197124
v -1.4879564046859741 34.02370993426798 14.412407548910448
v -1.4879564046859741 34.693184753827474 15.403390813197124
v -1.4879564046859741 35.53198390392518 14.592966929293834
v -1.4879564046859741 34.86250908436568 13.601983665007154
v -1.4879564046859741 35.53198390392518 14.592966929293834
v 1.4879564046859741 35.53198390392518 14.592966929293834
v 1.4879564046859741 34.86250908436568 13.601983665007154
v 1.4173327684402466 60.90465165289763 24.746805780959384
v 1.4199990034103394 60.77118299635396 25.86753673572186
v 1.4879564046859741 59.587373991903995 25.576753748414713
v 1.4199990034103394 60.77118299635396 25.86753673572186
v -1.4199990034103394 60.77118299635396 25.86753673572186
v -1.4879564046859741 59.587373991903995 25.576753748414713
v -1.4199990034103394 60.77118299635396 25.86753673572186
v -1.4173327684402466 60.90465165289763 24.746805780959384
v -1.4879564046859741 59.721428414850514 24.45598448826963
v -1.4173327684402466 60.90465165289763 24.746805780959384
v 1.4173327684402466 60.90465165289763 24.746805780959384
v 1.4879564046859741 59.721428414850514 24.45598448826963
v 1.4879564046859741 30.862327027806746 8.223110014552319
v 1.4879564046859741 31.88200216349837 8.20345778508855
v 1.4879564046859741 31.536837329510597 9.358071936742093
v -1.4879564046859741 31.536837329510597 9.358071936742093
v -1.4879564046859741 31.88200216349837 8.20345778508855
v -1.4879564046859741 30.862327027806746 8.223110014552319
v -1.4879564046859741 31.88200216349837 8.20345778508855
v 1.4879564046859741 31.88200216349837 8.20345778508855
v 1.4879564046859741 30.862327027806746 8.223110014552319
v 1.4879564046859741 33.18052530491636 9.950273522141849
v 1.4879564046859741 32.26474344519784 10.474458855525093
v 1.4879564046859741 31.842987945350963 9.654813000551083
v 1.4879564046859741 32.26474344519784 10.474458855525093
v -1.4879564046859741 32.26474344519784 10.474458855525093
v -1.4879564046859741 31.842987945350963 9.654813000551083
v -1.4879564046859741 32.26474344519784 10.474458855525093
v -1.4879564046859741 33.18052530491636 9.950273522141849
v -1.4879564046859741 32.71128006382154 8.96257779561261
v -1.4879564046859741 33.18052530491636 9.950273522141849
v 1.4879564046859741 33.18052530491636 9.950273522141849
v 1.4879564046859741 32.71128006382154 8.96257779561261
v 1.4879564046859741 36.499349723229955 15.296133821400723
v 1.4879564046859741 35.6605516339486 16.106557597893286
v 1.4879564046859741 34.693184753827474 15.403390813197124
v 1.4879564046859741 35.6605516339486 16.106557597893286
v -1.4879564046859741 35.6605516339486 16.106557597893286
v -1.4879564046859741 34.693184753827474 15.403390813197124
v -1.4879564046859741 35.6605516339486 16.106557597893286
v -1.4879564046859741 36.499349723229955 15.296133821400723
v -1.4879564046859741 35.53198390392518 14.592966929293834
v -1.4879564046859741 36.499349723229955 15.296133821400723
v 1.4879564046859741 36.499349723229955 15.296133821400723
v 1.4879564046859741 35.53198390392518 14.592966929293834
v 1.2103164196014404 62.107450492991646 24.74883706168672
v 1.2207401990890503 61.975701463572754 25.869326596962814
v 1.4199990034103394 60.77118299635396 25.86753673572186
v 1.2207401990890503 61.975701463572754 25.869326596962814
v -1.2207401990890503 61.975701463572754 25.869326596962814
v -1.4199990034103394 60.77118299635396 25.86753673572186
v -1.2207401990890503 61.975701463572754 25.869326596962814
v -1.2103164196014404 62.107450492991646 24.74883706168672
v -1.4173327684402466 60.90465165289763 24.746805780959384
v -1.2103164196014404 62.107450492991646 24.74883706168672
v 1.2103164196014404 62.107450492991646 24.74883706168672
v 1.4173327684402466 60.90465165289763 24.746805780959384
v 1.4879564046859741 31.075311810129946 9.747247762548486
v -1.4879564046859741 31.075311810129946 9.747247762548486
v -1.4879564046859741 27.935269282162075 14.866886703855181
v 1.4879564046859741 30.24228915892861 8.891896886585839
v 1.4879564046859741 31.075311810129946 9.747247762548486
v 1.4879564046859741 27.935269282162075 14.866886703855181
v -1.4879564046859741 30.24228915892861 8.891896886585839
v 1.4879564046859741 30.24228915892861 8.891896886585839
v 1.4879564046859741 27.02661741766289 14.22563824869745
v -1.4879564046859741 31.075311810129946 9.747247762548486
v -1.4879564046859741 30.24228915892861 8.891896886585839
v -1.4879564046859741 27.02661741766289 14.22563824869745
v 6.266708850860596 25.2099951753569 22.126894634266982
v 5.421213626861572 25.178066440254767 22.277021653290234
v 5.421213626861572 23.576466957214347 21.675810569048974
v 6.266708850860596 26.255839957635004 19.34081035440519
v 5.421213626861572 26.33058784426032 19.206756860166347
v 5.421213626861572 25.178066440254767 22.277021653290234
v 6.547719478607178 25.248431861725045 18.962647855006868
v 5.421213626861572 24.728987873111475 18.60554571817828
v 5.421213626861572 26.33058784426032 19.206756860166347
v 6.547719478607178 24.202586187829578 21.748731796470707
v 5.421213626861572 23.576466957214347 21.675810569048974
v 5.421213626861572 24.728987873111475 18.60554571817828
v 8.83189868927002 30.396934868062516 24.073976427426047
v 11.900486946105957 27.559553966501994 23.008875834882744
v 12.713074684143066 28.189761924194087 23.245444321423136
v 8.83189868927002 31.44277965034062 21.28789214756425
v 11.900486946105957 28.605398748780097 20.222791555020947
v 11.900486946105957 27.559553966501994 23.008875834882744
v 9.885411262512207 31.911334985357264 21.463779241991038
v 12.713074684143066 29.235606706472186 20.45936004156134
v 11.900486946105957 28.605398748780097 20.222791555020947
v 9.885411262512207 30.865490203079162 24.24986352185283
v 12.713074684143066 28.189761924194087 23.245444321423136
v 12.713074684143066 29.235606706472186 20.45936004156134
v 7.363716125488281 36.86439107966535 26.501740768552054
v 7.821062088012695 32.38902096314625 24.82176896569886
v 8.874574661254883 32.8575762981629 24.997656060125642
v 7.363716125488281 37.910235861943455 23.715656488690257
v 7.821062088012695 33.43486574542435 22.035684685837065
v 7.821062088012695 32.38902096314625 24.82176896569886
v 8.460104942321777 37.95922637495494 23.734046618251078
v 8.874574661254883 33.903421080441 22.21157178026385
v 7.821062088012695 33.43486574542435 22.035684685837065
v 8.460104942321777 36.91338159267684 26.520130898112875
v 8.874574661254883 32.8575762981629 24.997656060125642
v 8.874574661254883 33.903421080441 22.21157178026385
v 7.363716125488281 56.476571739198384 33.863792939960796
v 7.363716125488281 36.86439107966535 26.501740768552054
v 8.460104942321777 36.91338159267684 26.520130898112875
v 7.363716125488281 57.52241473824176 31.077707983303092
v 7.363716125488281 37.910235861943455 23.715656488690257
v 7.363716125488281 36.86439107966535 26.501740768552054
v 8.460104942321777 57.27116046636146 30.983391770429883
v 8.460104942321777 37.95922637495494 23.734046618251078
v 7.363716125488281 37.910235861943455 23.715656488690257
v 8.460104942321777 56.225317467318085 33.76947672708758
v 8.460104942321777 36.91338159267684 26.520130898112875
v 8.460104942321777 37.95922637495494 23.734046618251078
v 10.512269973754883 63.832952428611044 35.03590550759338
v 7.929152488708496 58.76009373647513 34.43556241421794
v 9.024468421936035 58.51057399459814 34.33076320233323
v 10.512269973754883 63.832952428611044 35.03590550759338
v 7.929152488708496 59.61811753475204 32.14981911184206
v 7.929152488708496 58.76009373647513 34.43556241421794
v 11.484700202941895 63.358850710257784 34.85793645791504
v 9.024468421936035 59.36127163722571 32.064538006063586
v 7.929152488708496 59.61811753475204 32.14981911184206
v 11.484700202941895 63.358850710257784 34.85793645791504
v 9.024468421936035 58.51057399459814 34.33076320233323
v 9.024468421936035 59.36127163722571 32.064538006063586
v 13.515365600585938 25.58960958861454 22.269394870472873
v 12.689848899841309 26.554237806465196 22.63149862314462
v 12.163300514221191 26.277759724263802 22.527713831885993
v 12.689848899841309 26.554237806465196 22.63149862314462
v 12.689848899841309 27.600082588743295 19.845414343282826
v 12.163300514221191 27.323604506541905 19.7416295520242
v 12.689848899841309 27.600082588743295 19.845414343282826
v 13.515365600585938 26.63545437089264 19.483310590611076
v 12.671335220336914 26.312040221323755 19.361906856189904
v 13.515365600585938 26.63545437089264 19.483310590611076
v 13.515365600585938 25.58960958861454 22.269394870472873
v 12.671335220336914 25.266195439045656 22.1479911360517
v 13.472856521606445 27.45350159464989 22.969065770171724
v 12.519628524780273 26.920208633653452 22.768877284968887
v 12.689848899841309 26.554237806465196 22.63149862314462
v 12.519628524780273 26.920208633653452 22.768877284968887
v 12.519628524780273 27.966053415931555 19.982793005107098
v 12.689848899841309 27.600082588743295 19.845414343282826
v 12.519628524780273 27.966053415931555 19.982793005107098
v 13.472856521606445 28.499346376927992 20.182981490309928
v 13.892115592956543 27.522725457705462 19.816375842657543
v 13.472856521606445 28.499346376927992 20.182981490309928
v 13.472856521606445 27.45350159464989 22.969065770171724
v 13.892115592956543 26.476880675427363 22.602460122519336
v 9.192919731140137 31.778331513048606 24.592527424717247
v 8.13940715789795 31.30977617803196 24.416640330290463
v 8.83189868927002 30.396934868062516 24.073976427426047
v 8.13940715789795 31.30977617803196 24.416640330290463
v 8.13940715789795 32.35562096031006 21.630556050428666
v 8.83189868927002 31.44277965034062 21.28789214756425
v 8.13940715789795 32.35562096031006 21.630556050428666
v 9.192919731140137 32.82417629532671 21.806443144855454
v 9.885411262512207 31.911334985357264 21.463779241991038
v 9.192919731140137 32.82417629532671 21.806443144855454
v 9.192919731140137 31.778331513048606 24.592527424717247
v 9.885411262512207 30.865490203079162 24.24986352185283
v 8.603662490844727 57.382907300577294 34.12857919316904
v 7.507515907287598 57.633726178305544 34.22557992569097
v 7.363716125488281 56.476571739198384 33.863792939960796
v 7.507515907287598 57.633726178305544 34.22557992569097
v 7.507515907287598 58.63180573777014 31.566740565172093
v 7.363716125488281 57.52241473824176 31.077707983303092
v 7.507515907287598 58.63180573777014 31.566740565172093
v 8.603662490844727 58.37911254022562 31.474732079116013
v 8.460104942321777 57.27116046636146 30.983391770429883
v 8.603662490844727 58.37911254022562 31.474732079116013
v 8.603662490844727 57.382907300577294 34.12857919316904
v 8.460104942321777 56.225317467318085 33.76947672708758
v 13.515365600585938 25.58960958861454 22.269394870472873
v 13.892115592956543 26.476880675427363 22.602460122519336
v 12.689848899841309 26.554237806465196 22.63149862314462
v 12.689848899841309 27.600082588743295 19.845414343282826
v 13.892115592956543 27.522725457705462 19.816375842657543
v 13.515365600585938 26.63545437089264 19.483310590611076
v 13.892115592956543 27.522725457705462 19.816375842657543
v 13.892115592956543 26.476880675427363 22.602460122519336
v 13.515365600585938 25.58960958861454 22.269394870472873
v 12.713074684143066 28.189761924194087 23.245444321423136
v 11.900486946105957 27.559553966501994 23.008875834882744
v 12.519628524780273 26.920208633653452 22.768877284968887
v 11.900486946105957 27.559553966501994 23.008875834882744
v 11.900486946105957 28.605398748780097 20.222791555020947
v 12.519628524780273 27.966053415931555 19.982793005107098
v 11.900486946105957 28.605398748780097 20.222791555020947
v 12.713074684143066 29.235606706472186 20.45936004156134
v 13.472856521606445 28.499346376927992 20.182981490309928
v 12.713074684143066 29.235606706472186 20.45936004156134
v 12.713074684143066 28.189761924194087 23.245444321423136
v 13.472856521606445 27.45350159464989 22.969065770171724
v 8.874574661254883 32.8575762981629 24.997656060125642
v 7.821062088012695 32.38902096314625 24.82176896569886
v 8.13940715789795 31.30977617803196 24.416640330290463
v 7.821062088012695 32.38902096314625 24.82176896569886
v 7.821062088012695 33.43486574542435 22.035684685837065
v 8.13940715789795 32.35562096031006 21.630556050428666
v 7.821062088012695 33.43486574542435 22.035684685837065
v 8.874574661254883 33.903421080441 22.21157178026385
v 9.192919731140137 32.82417629532671 21.806443144855454
v 8.874574661254883 33.903421080441 22.21157178026385
v 8.874574661254883 32.8575762981629 24.997656060125642
v 9.192919731140137 31.778331513048606 24.592527424717247
v 9.024468421936035 58.51057399459814 34.33076320233323
v 7.929152488708496 58.76009373647513 34.43556241421794
v 7.507515907287598 57.633726178305544 34.22557992569097
v 7.929152488708496 58.76009373647513 34.43556241421794
v 7.929152488708496 59.61811753475204 32.14981911184206
v 7.507515907287598 58.63180573777014 31.566740565172093
v 7.929152488708496 59.61811753475204 32.14981911184206
v 9.024468421936035 59.36127163722571 32.064538006063586
v 8.603662490844727 58.37911254022562 31.474732079116013
v 9.024468421936035 59.36127163722571 32.064538006063586
v 9.024468421936035 58.51057399459814 34.33076320233323
v 8.603662490844727 57.382907300577294 34.12857919316904
v 12.163300514221191 26.277759724263802 22.527713831885993
v 12.163300514221191 27.323604506541905 19.7416295520242
v 6.266708850860596 26.255839957635004 19.34081035440519
v 12.671335220336914 25.266195439045656 22.1479911360517
v 12.163300514221191 26.277759724263802 22.527713831885993
v 6.266708850860596 25.2099951753569 22.126894634266982
v 12.671335220336914 26.312040221323755 19.361906856189904
v 12.671335220336914 25.266195439045656 22.1479911360517
v 6.547719478607178 24.202586187829578 21.748731796470707
v 12.163300514221191 27.323604506541905 19.7416295520242
v 12.671335220336914 26.312040221323755 19.361906856189904
v 6.547719478607178 25.248431861725045 18.962647855006868
v -1.4879564046859741 23.53056686934643 26.600818288858434
v -1.6397279500961304 23.8491137023541 25.817292551734777
v -1.6397279500961304 22.247514261613425 25.216081356041347
v 1.4879564046859741 23.53056686934643 26.600818288858434
v 1.6397279500961304 23.8491137023541 25.817292551734777
v -1.6397279500961304 23.8491137023541 25.817292551734777
v 1.4879564046859741 22.42440067419148 26.485741291327955
v 1.6397279500961304 22.247514261613425 25.216081356041347
v 1.6397279500961304 23.8491137023541 25.817292551734777
v -1.4879564046859741 22.42440067419148 26.485741291327955
v -1.6397279500961304 22.247514261613425 25.216081356041347
v 1.6397279500961304 22.247514261613425 25.216081356041347
v -1.4879564046859741 27.816004541835415 30.94946113753202
v -1.4879564046859741 23.900209058585528 32.75720909163945
v -1.4879564046859741 24.244844259667026 33.75453106778841
v 1.4879564046859741 27.816004541835415 30.94946113753202
v 1.4879564046859741 23.900209058585528 32.75720909163945
v -1.4879564046859741 23.900209058585528 32.75720909163945
v 1.4879564046859741 27.91431712258734 32.11165910287816
v 1.4879564046859741 24.244844259667026 33.75453106778841
v 1.4879564046859741 23.900209058585528 32.75720909163945
v -1.4879564046859741 27.91431712258734 32.11165910287816
v -1.4879564046859741 24.244844259667026 33.75453106778841
v 1.4879564046859741 24.244844259667026 33.75453106778841
v -1.4879564046859741 34.799433609237845 32.00269568023634
v -1.4879564046859741 30.16333503232226 30.750896165094808
v -1.4879564046859741 30.26164761307419 31.913094130440943
v 1.4879564046859741 34.799433609237845 32.00269568023634
v 1.4879564046859741 30.16333503232226 30.750896165094808
v -1.4879564046859741 30.16333503232226 30.750896165094808
v 1.4879564046859741 34.463113686487524 33.047538068820955
v 1.4879564046859741 30.26164761307419 31.913094130440943
v 1.4879564046859741 30.16333503232226 30.750896165094808
v -1.4879564046859741 34.463113686487524 33.047538068820955
v -1.4879564046859741 30.26164761307419 31.913094130440943
v 1.4879564046859741 30.26164761307419 31.913094130440943
v -1.4879564046859741 54.41161244323641 39.36474728630134
v -1.4879564046859741 34.799433609237845 32.00269568023634
v -1.4879564046859741 34.463113686487524 33.047538068820955
v 1.4879564046859741 54.41161244323641 39.36474728630134
v 1.4879564046859741 34.799433609237845 32.00269568023634
v -1.4879564046859741 34.799433609237845 32.00269568023634
v 1.4879564046859741 53.775046079258786 40.296882321299506
v 1.4879564046859741 34.463113686487524 33.047538068820955
v 1.4879564046859741 34.799433609237845 32.00269568023634
v -1.4879564046859741 53.775046079258786 40.296882321299506
v -1.4879564046859741 34.463113686487524 33.047538068820955
v 1.4879564046859741 34.463113686487524 33.047538068820955
v 1.2873817654884064e-15 60.13855647959242 44.87761590808981
v -1.2207401990890503 56.402509723054926 40.716055152001545
v -1.2103164196014404 55.76439155121286 41.646462848844365
v 1.2873817654884064e-15 60.13855647959242 44.87761590808981
v 1.2207401990890503 56.402509723054926 40.716055152001545
v -1.2207401990890503 56.402509723054926 40.716055152001545
v 1.406470150949388e-15 59.32270267552795 45.610046052390956
v 1.2103164196014404 55.76439155121286 41.646462848844365
v 1.2207401990890503 56.402509723054926 40.716055152001545
v 1.406470150949388e-15 59.32270267552795 45.610046052390956
v -1.2103164196014404 55.76439155121286 41.646462848844365
v 1.2103164196014404 55.76439155121286 41.646462848844365
v -1.4879564046859741 21.362736804801198 33.529595780888144
v -1.4879564046859741 22.61748204718129 33.11884102564391
v -1.4879564046859741 22.526052378376015 32.52209573281388
v -1.4879564046859741 22.61748204718129 33.11884102564391
v 1.4879564046859741 22.61748204718129 33.11884102564391
v 1.4879564046859741 22.526052378376015 32.52209573281388
v 1.4879564046859741 22.61748204718129 33.11884102564391
v 1.4879564046859741 21.362736804801198 33.529595780888144
v 1.4879564046859741 21.335945567523694 32.618000878709985
v 1.4879564046859741 21.362736804801198 33.529595780888144
v -1.4879564046859741 21.362736804801198 33.529595780888144
v -1.4879564046859741 21.335945567523694 32.618000878709985
v -1.4879564046859741 23.241568119255064 34.18946890760819
v -1.4879564046859741 23.043274953551663 33.096857739375025
v -1.4879564046859741 22.61748204718129 33.11884102564391
v -1.4879564046859741 23.043274953551663 33.096857739375025
v 1.4879564046859741 23.043274953551663 33.096857739375025
v 1.4879564046859741 22.61748204718129 33.11884102564391
v 1.4879564046859741 23.043274953551663 33.096857739375025
v 1.4879564046859741 23.241568119255064 34.18946890760819
v 1.4879564046859741 22.117604565153613 34.215379298651484
v 1.4879564046859741 23.241568119255064 34.18946890760819
v -1.4879564046859741 23.241568119255064 34.18946890760819
v -1.4879564046859741 22.117604565153613 34.215379298651484
v -1.4879564046859741 29.070525645385118 31.80600442852695
v -1.4879564046859741 28.97221306463319 30.643806463180812
v -1.4879564046859741 27.816004541835415 30.94946113753202
v -1.4879564046859741 28.97221306463319 30.643806463180812
v 1.4879564046859741 28.97221306463319 30.643806463180812
v 1.4879564046859741 27.816004541835415 30.94946113753202
v 1.4879564046859741 28.97221306463319 30.643806463180812
v 1.4879564046859741 29.070525645385118 31.80600442852695
v 1.4879564046859741 27.91431712258734 32.11165910287816
v 1.4879564046859741 29.070525645385118 31.80600442852695
v -1.4879564046859741 29.070525645385118 31.80600442852695
v -1.4879564046859741 27.91431712258734 32.11165910287816
v -1.4173327684402466 54.8573681033058 40.85650571423001
v -1.4199990034103394 55.494349004321215 39.924783532236866
v -1.4879564046859741 54.41161244323641 39.36474728630134
v -1.4199990034103394 55.494349004321215 39.924783532236866
v 1.4199990034103394 55.494349004321215 39.924783532236866
v 1.4879564046859741 54.41161244323641 39.36474728630134
v 1.4199990034103394 55.494349004321215 39.924783532236866
v 1.4173327684402466 54.8573681033058 40.85650571423001
v 1.4879564046859741 53.775046079258786 40.296882321299506
v 1.4173327684402466 54.8573681033058 40.85650571423001
v -1.4173327684402466 54.8573681033058 40.85650571423001
v -1.4879564046859741 53.775046079258786 40.296882321299506
v -1.4879564046859741 21.362736804801198 33.529595780888144
v -1.4879564046859741 22.117604565153613 34.215379298651484
v -1.4879564046859741 22.61748204718129 33.11884102564391
v 1.4879564046859741 22.61748204718129 33.11884102564391
v 1.4879564046859741 22.117604565153613 34.215379298651484
v 1.4879564046859741 21.362736804801198 33.529595780888144
v 1.4879564046859741 22.117604565153613 34.215379298651484
v -1.4879564046859741 22.117604565153613 34.215379298651484
v -1.4879564046859741 21.362736804801198 33.529595780888144
v -1.4879564046859741 24.244844259667026 33.75453106778841
v -1.4879564046859741 23.900209058585528 32.75720909163945
v -1.4879564046859741 23.043274953551663 33.096857739375025
v -1.4879564046859741 23.900209058585528 32.75720909163945
v 1.4879564046859741 23.900209058585528 32.75720909163945
v 1.4879564046859741 23.043274953551663 33.096857739375025
v 1.4879564046859741 23.900209058585528 32.75720909163945
v 1.4879564046859741 24.244844259667026 33.75453106778841
v 1.4879564046859741 23.241568119255064 34.18946890760819
v 1.4879564046859741 24.244844259667026 33.75453106778841
v -1.4879564046859741 24.244844259667026 33.75453106778841
v -1.4879564046859741 23.241568119255064 34.18946890760819
v -1.4879564046859741 30.26164761307419 31.913094130440943
v -1.4879564046859741 30.16333503232226 30.750896165094808
v -1.4879564046859741 28.97221306463319 30.643806463180812
v -1.4879564046859741 30.16333503232226 30.750896165094808
v 1.4879564046859741 30.16333503232226 30.750896165094808
v 1.4879564046859741 28.97221306463319 30.643806463180812
v 1.4879564046859741 30.16333503232226 30.750896165094808
v 1.4879564046859741 30.26164761307419 31.913094130440943
v 1.4879564046859741 29.070525645385118 31.80600442852695
v 1.4879564046859741 30.26164761307419 31.913094130440943
v -1.4879564046859741 30.26164761307419 31.913094130440943
v -1.4879564046859741 29.070525645385118 31.80600442852695
v -1.2103164196014404 55.76439155121286 41.646462848844365
v -1.2207401990890503 56.402509723054926 40.716055152001545
v -1.4199990034103394 55.494349004321215 39.924783532236866
v -1.2207401990890503 56.402509723054926 40.716055152001545
v 1.2207401990890503 56.402509723054926 40.716055152001545
v 1.4199990034103394 55.494349004321215 39.924783532236866
v 1.2207401990890503 56.402509723054926 40.716055152001545
v 1.2103164196014404 55.76439155121286 41.646462848844365
v 1.4173327684402466 54.8573681033058 40.85650571423001
v 1.2103164196014404 55.76439155121286 41.646462848844365
v -1.2103164196014404 55.76439155121286 41.646462848844365
v -1.4173327684402466 54.8573681033058 40.85650571423001
v -1.4879564046859741 22.526052378376015 32.52209573281388
v 1.4879564046859741 22.526052378376015 32.52209573281388
v 1.4879564046859741 23.53056686934643 26.600818288858434
v -1.4879564046859741 21.335945567523694 32.618000878709985
v -1.4879564046859741 22.526052378376015 32.52209573281388
v -1.4879564046859741 23.53056686934643 26.600818288858434
v 1.4879564046859741 21.335945567523694 32.618000878709985
v -1.4879564046859741 21.335945567523694 32.618000878709985
v -1.4879564046859741 22.42440067419148 26.485741291327955
v 1.4879564046859741 22.526052378376015 32.52209573281388
v 1.4879564046859741 21.335945567523694 32.618000878709985
v 1.4879564046859741 22.42440067419148 26.485741291327955
v -6.266708850860596 26.255839957635004 19.34081035440519
v -5.421213626861572 26.33058784426032 19.206756860166347
v -5.421213626861572 24.728987873111475 18.60554571817828
v -6.266708850860596 25.2099951753569 22.126894634266982
v -5.421213626861572 25.178066440254767 22.277021653290234
v -5.421213626861572 26.33058784426032 19.206756860166347
v -6.547719478607178 24.202586187829578 21.748731796470707
v -5.421213626861572 23.576466957214347 21.675810569048974
v -5.421213626861572 25.178066440254767 22.277021653290234
v -6.547719478607178 25.248431861725045 18.962647855006868
v -5.421213626861572 24.728987873111475 18.60554571817828
v -5.421213626861572 23.576466957214347 21.675810569048974
v -8.83189868927002 31.44277965034062 21.28789214756425
v -11.900486946105957 28.605398748780097 20.222791555020947
v -12.713074684143066 29.235606706472186 20.45936004156134
v -8.83189868927002 30.396934868062516 24.073976427426047
v -11.900486946105957 27.559553966501994 23.008875834882744
v -11.900486946105957 28.605398748780097 20.222791555020947
v -9.885411262512207 30.865490203079162 24.24986352185283
v -12.713074684143066 28.189761924194087 23.245444321423136
v -11.900486946105957 27.559553966501994 23.008875834882744
v -9.885411262512207 31.911334985357264 21.463779241991038
v -12.713074684143066 29.235606706472186 20.45936004156134
v -12.713074684143066 28.189761924194087 23.245444321423136
v -7.363716125488281 37.910235861943455 23.715656488690257
v -7.821062088012695 33.43486574542435 22.035684685837065
v -8.874574661254883 33.903421080441 22.21157178026385
v -7.363716125488281 36.86439107966535 26.501740768552054
v -7.821062088012695 32.38902096314625 24.82176896569886
v -7.821062088012695 33.43486574542435 22.035684685837065
v -8.460104942321777 36.91338159267684 26.520130898112875
v -8.874574661254883 32.8575762981629 24.997656060125642
v -7.821062088012695 32.38902096314625 24.82176896569886
v -8.460104942321777 37.95922637495494 23.734046618251078
v -8.874574661254883 33.903421080441 22.21157178026385
v -8.874574661254883 32.8575762981629 24.997656060125642
v -7.363716125488281 57.52241473824176 31.077707983303092
v -7.363716125488281 37.910235861943455 23.715656488690257
v -8.460104942321777 37.95922637495494 23.734046618251078
v -7.363716125488281 56.476571739198384 33.863792939960796
v -7.363716125488281 36.86439107966535 26.501740768552054
v -7.363716125488281 37.910235861943455 23.715656488690257
v -8.460104942321777 56.225317467318085 33.76947672708758
v -8.460104942321777 36.91338159267684 26.520130898112875
v -7.363716125488281 36.86439107966535 26.501740768552054
v -8.460104942321777 57.27116046636146 30.983391770429883
v -8.460104942321777 37.95922637495494 23.734046618251078
v -8.460104942321777 36.91338159267684 26.520130898112875
v -10.512269973754883 63.832952428611044 35.03590550759338
v -7.929152488708496 59.61811753475204 32.14981911184206
v -9.024468421936035 59.36127163722571 32.064538006063586
v -10.512269973754883 63.832952428611044 35.03590550759338
v -7.929152488708496 58.76009373647513 34.43556241421794
v -7.929152488708496 59.61811753475204 32.14981911184206
v -11.484700202941895 63.358850710257784 34.85793645791504
v -9.024468421936035 58.51057399459814 34.33076320233323
v -7.929152488708496 58.76009373647513 34.43556241421794
v -11.484700202941895 63.358850710257784 34.85793645791504
v -9.024468421936035 59.36127163722571 32.064538006063586
v -9.024468421936035 58.51057399459814 34.33076320233323
v -13.515365600585938 26.63545437089264 19.483310590611076
v -12.689848899841309 27.600082588743295 19.845414343282826
v -12.163300514221191 27.323604506541905 19.7416295520242
v -12.689848899841309 27.600082588743295 19.845414343282826
v -12.689848899841309 26.554237806465196 22.63149862314462
v -12.163300514221191 26.277759724263802 22.527713831885993
v -12.689848899841309 26.554237806465196 22.63149862314462
v -13.515365600585938 25.58960958861454 22.269394870472873
v -12.671335220336914 25.266195439045656 22.1479911360517
v -13.515365600585938 25.58960958861454 22.269394870472873
v -13.515365600585938 26.63545437089264 19.483310590611076
v -12.671335220336914 26.312040221323755 19.361906856189904
v -13.472856521606445 28.499346376927992 20.182981490309928
v -12.519628524780273 27.966053415931555 19.982793005107098
v -12.689848899841309 27.600082588743295 19.845414343282826
v -12.519628524780273 27.966053415931555 19.982793005107098
v -12.519628524780273 26.920208633653452 22.768877284968887
v -12.689848899841309 26.554237806465196 22.63149862314462
v -12.519628524780273 26.920208633653452 22.768877284968887
v -13.472856521606445 27.45350159464989 22.969065770171724
v -13.892115592956543 26.476880675427363 22.602460122519336
v -13.472856521606445 27.45350159464989 22.969065770171724
v -13.472856521606445 28.499346376927992 20.182981490309928
v -13.892115592956543 27.522725457705462 19.816375842657543
v -9.192919731140137 32.82417629532671 21.806443144855454
v -8.13940715789795 32.35562096031006 21.630556050428666
v -8.83189868927002 31.44277965034062 21.28789214756425
v -8.13940715789795 32.35562096031006 21.630556050428666
v -8.13940715789795 31.30977617803196 24.416640330290463
v -8.83189868927002 30.396934868062516 24.073976427426047
v -8.13940715789795 31.30977617803196 24.416640330290463
v -9.192919731140137 31.778331513048606 24.592527424717247
v -9.885411262512207 30.865490203079162 24.24986352185283
v -9.192919731140137 31.778331513048606 24.592527424717247
v -9.192919731140137 32.82417629532671 21.806443144855454
v -9.885411262512207 31.911334985357264 21.463779241991038
v -8.603662490844727 58.37911254022562 31.474732079116013
v -7.507515907287598 58.63180573777014 31.566740565172093
v -7.363716125488281 57.52241473824176 31.077707983303092
v -7.507515907287598 58.63180573777014 31.566740565172093
v -7.507515907287598 57.633726178305544 34.22557992569097
v -7.363716125488281 56.476571739198384 33.863792939960796
v -7.507515907287598 57.633726178305544 34.22557992569097
v -8.603662490844727 57.382907300577294 34.12857919316904
v -8.460104942321777 56.225317467318085 33.76947672708758
v -8.603662490844727 57.382907300577294 34.12857919316904
v -8.603662490844727 58.37911254022562 31.474732079116013
v -8.460104942321777 57.27116046636146 30.983391770429883
v -13.515365600585938 26.63545437089264 19.483310590611076
v -13.892115592956543 27.522725457705462 19.816375842657543
v -12.689848899841309 27.600082588743295 19.845414343282826
v -12.689848899841309 26.554237806465196 22.63149862314462
v -13.892115592956543 26.476880675427363 22.602460122519336
v -13.515365600585938 25.58960958861454 22.269394870472873
v -13.892115592956543 26.476880675427363 22.602460122519336
v -13.892115592956543 27.522725457705462 19.816375842657543
v -13.515365600585938 26.63545437089264 19.483310590611076
v -12.713074684143066 29.235606706472186 20.45936004156134
v -11.900486946105957 28.605398748780097 20.222791555020947
v -12.519628524780273 27.966053415931555 19.982793005107098
v -11.900486946105957 28.605398748780097 20.222791555020947
v -11.900486946105957 27.559553966501994 23.008875834882744
v -12.519628524780273 26.920208633653452 22.768877284968887
v -11.900486946105957 27.559553966501994 23.008875834882744
v -12.713074684143066 28.189761924194087 23.245444321423136
v -13.472856521606445 27.45350159464989 22.969065770171724
v -12.713074684143066 28.189761924194087 23.245444321423136
v -12.713074684143066 29.235606706472186 20.45936004156134
v -13.472856521606445 28.499346376927992 20.182981490309928
v -8.874574661254883 33.903421080441 22.21157178026385
v -7.821062088012695 33.43486574542435 22.035684685837065
v -8.13940715789795 32.35562096031006 21.630556050428666
v -7.821062088012695 33.43486574542435 22.035684685837065
v -7.821062088012695 32.38902096314625 24.82176896569886
v -8.13940715789795 31.30977617803196 24.416640330290463
v -7.821062088012695 32.38902096314625 24.82176896569886
v -8.874574661254883 32.8575762981629 24.997656060125642
v -9.192919731140137 31.778331513048606 24.592527424717247
v -8.874574661254883 32.8575762981629 24.997656060125642
v -8.874574661254883 33.903421080441 22.21157178026385
v -9.192919731140137 32.82417629532671 21.806443144855454
v -9.024468421936035 59.36127163722571 32.064538006063586
v -7.929152488708496 59.61811753475204 32.14981911184206
v -7.507515907287598 58.63180573777014 31.566740565172093
v -7.929152488708496 59.61811753475204 32.14981911184206
v -7.929152488708496 58.76009373647513 34.43556241421794
v -7.507515907287598 57.633726178305544 34.22557992569097
v -7.929152488708496 58.76009373647513 34.43556241421794
v -9.024468421936035 58.51057399459814 34.33076320233323
v -8.603662490844727 57.382907300577294 34.12857919316904
v -9.024468421936035 58.51057399459814 34.33076320233323
v -9.024468421936035 59.36127163722571 32.064538006063586
v -8.603662490844727 58.37911254022562 31.474732079116013
v -12.163300514221191 27.323604506541905 19.7416295520242
v -12.163300514221191 26.277759724263802 22.527713831885993
v -6.266708850860596 25.2099951753569 22.126894634266982
v -12.671335220336914 26.312040221323755 19.361906856189904
v -12.163300514221191 27.323604506541905 19.7416295520242
v -6.266708850860596 26.255839957635004 19.34081035440519
v -12.671335220336914 25.266195439045656 22.1479911360517
v -12.671335220336914 26.312040221323755 19.361906856189904
v -6.547719478607178 25.248431861725045 18.962647855006868
v -12.163300514221191 26.277759724263802 22.527713831885993
v -12.671335220336914 25.266195439045656 22.1479911360517
v -6.547719478607178 24.202586187829578 21.748731796470707
v 9.003143310546875 37.11311498088387 21.02245653599672
v 9.744932174682617 35.802528971456496 24.51379958692838
v 8.536396980285645 35.802528971456496 24.51379958692838
v 9.003143310546875 40.95215316084226 22.463560848268195
v 9.744932174682617 39.64156711969007 25.954903982788984
v 9.744932174682617 35.802528971456496 24.51379958692838
v 7.88660192489624 40.789618356318655 22.896546278807147
v 8.536396980285645 39.64156711969007 25.954903982788984
v 9.744932174682617 39.64156711969007 25.954903982788984
v 7.88660192489624 36.95058026095977 21.455441743631333
v 8.536396980285645 35.802528971456496 24.51379958692838
v 8.536396980285645 39.64156711969007 25.954903982788984
v 6.890707492828369 38.22417528338011 18.062638308123272
v 9.003143310546875 37.11311498088387 21.02245653599672
v 7.88660192489624 36.95058026095977 21.455441743631333
v 6.890707492828369 42.063213294139516 19.50374306620343
v 9.003143310546875 40.95215316084226 22.463560848268195
v 9.003143310546875 37.11311498088387 21.02245653599672
v 6.036143779754639 41.762888652632085 20.30379512643465
v 7.88660192489624 40.789618356318655 22.896546278807147
v 9.003143310546875 40.95215316084226 22.463560848268195
v 6.036143779754639 37.923850472673706 18.862690814163177
v 7.88660192489624 36.95058026095977 21.455441743631333
v 7.88660192489624 40.789618356318655 22.896546278807147
v 3.7292239665985107 38.96656286035809 16.084951207194628
v 6.890707492828369 38.22417528338011 18.062638308123272
v 6.036143779754639 37.923850472673706 18.862690814163177
v 3.7292239665985107 42.80560070191851 17.526056411083474
v 6.890707492828369 42.063213294139516 19.50374306620343
v 6.890707492828369 38.22417528338011 18.062638308123272
v 3.266737461090088 42.41320746879545 18.5713748205743
v 6.036143779754639 41.762888652632085 20.30379512643465
v 6.890707492828369 42.063213294139516 19.50374306620343
v 3.266737461090088 38.57416928883707 17.130270508302825
v 6.036143779754639 37.923850472673706 18.862690814163177
v 6.036143779754639 41.762888652632085 20.30379512643465
v 5.967050122479415e-16 39.22725449319737 15.390480640757819
v 3.7292239665985107 38.96656286035809 16.084951207194628
v 3.266737461090088 38.57416928883707 17.130270508302825
v 5.967050122479415e-16 43.06629267315576 16.831584953029296
v 3.7292239665985107 42.80560070191851 17.526056411083474
v 3.7292239665985107 38.96656286035809 16.084951207194628
v 5.227035552945959e-16 42.641568624208716 17.963029887863094
v 3.266737461090088 42.41320746879545 18.5713748205743
v 3.7292239665985107 42.80560070191851 17.526056411083474
v 5.227035552945959e-16 38.802532227485074 16.52192625238753
v 3.266737461090088 38.57416928883707 17.130270508302825
v 3.266737461090088 42.41320746879545 18.5713748205743
v -3.7292239665985107 38.96656286035809 16.084951207194628
v 5.967050122479415e-16 39.22725449319737 15.390480640757819
v 5.227035552945959e-16 38.802532227485074 16.52192625238753
v -3.7292239665985107 42.80560070191851 17.526056411083474
v 5.967050122479415e-16 43.06629267315576 16.831584953029296
v 5.967050122479415e-16 39.22725449319737 15.390480640757819
v -3.266737461090088 42.41320746879545 18.5713748205743
v 5.227035552945959e-16 42.641568624208716 17.963029887863094
v 5.967050122479415e-16 43.06629267315576 16.831584953029296
v -3.266737461090088 38.57416928883707 17.130270508302825
v 5.227035552945959e-16 38.802532227485074 16.52192625238753
v 5.227035552945959e-16 42.641568624208716 17.963029887863094
v -6.890707492828369 38.22417528338011 18.062638308123272
v -3.7292239665985107 38.96656286035809 16.084951207194628
v -3.266737461090088 38.57416928883707 17.130270508302825
v -6.890707492828369 42.063213294139516 19.50374306620343
v -3.7292239665985107 42.80560070191851 17.526056411083474
v -3.7292239665985107 38.96656286035809 16.084951207194628
v -6.036143779754639 41.762888652632085 20.30379512643465
v -3.266737461090088 42.41320746879545 18.5713748205743
v -3.7292239665985107 42.80560070191851 17.526056411083474
v -6.036143779754639 37.923850472673706 18.862690814163177
v -3.266737461090088 38.57416928883707 17.130270508302825
v -3.266737461090088 42.41320746879545 18.5713748205743
v -9.003143310546875 37.11311498088387 21.02245653599672
v -6.890707492828369 38.22417528338011 18.062638308123272
v -6.036143779754639 37.923850472673706 18.862690814163177
v -9.003143310546875 40.95215316084226 22.463560848268195
v -6.890707492828369 42.063213294139516 19.50374306620343
v -6.890707492828369 38.22417528338011 18.062638308123272
v -7.88660192489624 40.789618356318655 22.896546278807147
v -6.036143779754639 41.762888652632085 20.30379512643465
v -6.890707492828369 42.063213294139516 19.50374306620343
v -7.88660192489624 36.95058026095977 21.455441743631333
v -6.036143779754639 37.923850472673706 18.862690814163177
v -6.036143779754639 41.762888652632085 20.30379512643465
v -9.744932174682617 35.802528971456496 24.51379958692838
v -9.003143310546875 37.11311498088387 21.02245653599672
v -7.88660192489624 36.95058026095977 21.455441743631333
v -9.744932174682617 39.64156711969007 25.954903982788984
v -9.003143310546875 40.95215316084226 22.463560848268195
v -9.003143310546875 37.11311498088387 21.02245653599672
v -8.536396980285645 39.64156711969007 25.954903982788984
v -7.88660192489624 40.789618356318655 22.896546278807147
v -9.003143310546875 40.95215316084226 22.463560848268195
v -8.536396980285645 35.802528971456496 24.51379958692838
v -7.88660192489624 36.95058026095977 21.455441743631333
v -7.88660192489624 40.789618356318655 22.896546278807147
v -9.003143310546875 34.49194297260406 28.00514260999699
v -9.744932174682617 35.802528971456496 24.51379958692838
v -8.536396980285645 35.802528971456496 24.51379958692838
v -9.003143310546875 38.330981152562444 29.446246922268468
v -9.744932174682617 39.64156711969007 25.954903982788984
v -9.744932174682617 35.802528971456496 24.51379958692838
v -7.88660192489624 38.49351587248655 29.013261714633856
v -8.536396980285645 39.64156711969007 25.954903982788984
v -9.744932174682617 39.64156711969007 25.954903982788984
v -7.88660192489624 34.65447769252817 27.57215740236238
v -8.536396980285645 35.802528971456496 24.51379958692838
v -8.536396980285645 39.64156711969007 25.954903982788984
v -6.890707492828369 33.380880886873086 30.96496016107453
v -9.003143310546875 34.49194297260406 28.00514260999699
v -7.88660192489624 34.65447769252817 27.57215740236238
v -6.890707492828369 37.219919066831466 32.40606447334601
v -9.003143310546875 38.330981152562444 29.446246922268468
v -9.003143310546875 34.49194297260406 28.00514260999699
v -6.036143779754639 37.52024387753787 31.606011967306102
v -7.88660192489624 38.49351587248655 29.013261714633856
v -9.003143310546875 38.330981152562444 29.446246922268468
v -6.036143779754639 33.68120748081423 30.164908331830535
v -7.88660192489624 34.65447769252817 27.57215740236238
v -7.88660192489624 38.49351587248655 29.013261714633856
v -3.7292239665985107 32.63849509312985 32.942647938799084
v -6.890707492828369 33.380880886873086 30.96496016107453
v -6.036143779754639 33.68120748081423 30.164908331830535
v -3.7292239665985107 36.47753148985349 34.38375157427465
v -6.890707492828369 37.219919066831466 32.40606447334601
v -6.890707492828369 33.380880886873086 30.96496016107453
v -3.266737461090088 36.8699250613745 33.338432273166454
v -6.036143779754639 37.52024387753787 31.606011967306102
v -6.890707492828369 37.219919066831466 32.40606447334601
v -3.266737461090088 33.03088866465086 31.897328637690887
v -6.036143779754639 33.68120748081423 30.164908331830535
v -6.036143779754639 37.52024387753787 31.606011967306102
v -1.7901149838042653e-15 32.377803460290565 33.63711850523589
v -3.7292239665985107 32.63849509312985 32.942647938799084
v -3.266737461090088 33.03088866465086 31.897328637690887
v -1.7901149838042653e-15 36.21683985701421 35.07822214071146
v -3.7292239665985107 36.47753148985349 34.38375157427465
v -3.7292239665985107 32.63849509312985 32.942647938799084
v -1.5681106129442285e-15 36.641563567563296 33.94677809749503
v -3.266737461090088 36.8699250613745 33.338432273166454
v -3.7292239665985107 36.47753148985349 34.38375157427465
v -1.5681106129442285e-15 32.80252538760491 32.50567378522355
v -3.266737461090088 33.03088866465086 31.897328637690887
v -3.266737461090088 36.8699250613745 33.338432273166454
v 3.7292239665985107 32.63849509312985 32.942647938799084
v -1.7901149838042653e-15 32.377803460290565 33.63711850523589
v -1.5681106129442285e-15 32.80252538760491 32.50567378522355
v 3.7292239665985107 36.47753148985349 34.38375157427465
v -1.7901149838042653e-15 36.21683985701421 35.07822214071146
v -1.7901149838042653e-15 32.377803460290565 33.63711850523589
v 3.266737461090088 36.8699250613745 33.338432273166454
v -1.5681106129442285e-15 36.641563567563296 33.94677809749503
v -1.7901149838042653e-15 36.21683985701421 35.07822214071146
v 3.266737461090088 33.03088866465086 31.897328637690887
v -1.5681106129442285e-15 32.80252538760491 32.50567378522355
v -1.5681106129442285e-15 36.641563567563296 33.94677809749503
v 6.890707492828369 33.380880886873086 30.96496016107453
v 3.7292239665985107 32.63849509312985 32.942647938799084
v 3.266737461090088 33.03088866465086 31.897328637690887
v 6.890707492828369 37.219919066831466 32.40606447334601
v 3.7292239665985107 36.47753148985349 34.38375157427465
v 3.7292239665985107 32.63849509312985 32.942647938799084
v 6.036143779754639 37.52024387753787 31.606011967306102
v 3.266737461090088 36.8699250613745 33.338432273166454
v 3.7292239665985107 36.47753148985349 34.38375157427465
v 6.036143779754639 33.68120748081423 30.164908331830535
v 3.266737461090088 33.03088866465086 31.897328637690887
v 3.266737461090088 36.8699250613745 33.338432273166454
v 9.003143310546875 34.49194297260406 28.00514260999699
v 6.890707492828369 33.380880886873086 30.96496016107453
v 6.036143779754639 33.68120748081423 30.164908331830535
v 9.003143310546875 38.330981152562444 29.446246922268468
v 6.890707492828369 37.219919066831466 32.40606447334601
v 6.890707492828369 33.380880886873086 30.96496016107453
v 7.88660192489624 38.49351587248655 29.013261714633856
v 6.036143779754639 37.52024387753787 31.606011967306102
v 6.890707492828369 37.219919066831466 32.40606447334601
v 7.88660192489624 34.65447769252817 27.57215740236238
v 6.036143779754639 33.68120748081423 30.164908331830535
v 6.036143779754639 37.52024387753787 31.606011967306102
v 9.744932174682617 35.802528971456496 24.51379958692838
v 9.003143310546875 34.49194297260406 28.00514260999699
v 7.88660192489624 34.65447769252817 27.57215740236238
v 9.744932174682617 39.64156711969007 25.954903982788984
v 9.003143310546875 38.330981152562444 29.446246922268468
v 9.003143310546875 34.49194297260406 28.00514260999699
v 8.536396980285645 39.64156711969007 25.954903982788984
v 7.88660192489624 38.49351587248655 29.013261714633856
v 9.003143310546875 38.330981152562444 29.446246922268468
v 8.536396980285645 35.802528971456496 24.51379958692838
v 7.88660192489624 34.65447769252817 27.57215740236238
v 7.88660192489624 38.49351587248655 29.013261714633856
v 9.003143310546875 51.83960515573261 26.55051038790998
v 9.744932174682617 50.52901915159271 30.041853424910116
v 8.536396980285645 50.52901915159271 30.041853424910116
v 9.003143310546875 55.67864333569099 27.991614700181454
v 9.744932174682617 54.36805730511375 31.482957806839195
v 9.744932174682617 50.52901915159271 30.041853424910116
v 7.88660192489624 55.51610683253215 28.424599231020157
v 8.536396980285645 54.36805730511375 31.482957806839195
v 9.744932174682617 54.36805730511375 31.482957806839195
v 7.88660192489624 51.67706865257377 26.98349491874868
v 8.536396980285645 50.52901915159271 30.041853424910116
v 8.536396980285645 54.36805730511375 31.482957806839195
v 6.890707492828369 52.9506671568641 23.59069305973678
v 9.003143310546875 51.83960515573261 26.55051038790998
v 7.88660192489624 51.67706865257377 26.98349491874868
v 6.890707492828369 56.78970533682248 25.031797372008256
v 9.003143310546875 55.67864333569099 27.991614700181454
v 9.003143310546875 51.83960515573261 26.55051038790998
v 6.036143779754639 56.48938052611607 25.83184987804816
v 7.88660192489624 55.51610683253215 28.424599231020157
v 9.003143310546875 55.67864333569099 27.991614700181454
v 6.036143779754639 52.65034234615769 24.390745565776687
v 7.88660192489624 51.67706865257377 26.98349491874868
v 7.88660192489624 55.51610683253215 28.424599231020157
v 3.7292239665985107 53.693054733842075 21.613005958808138
v 6.890707492828369 52.9506671568641 23.59069305973678
v 6.036143779754639 52.65034234615769 24.390745565776687
v 3.7292239665985107 57.532092913800454 23.054110271079615
v 6.890707492828369 56.78970533682248 25.031797372008256
v 6.890707492828369 52.9506671568641 23.59069305973678
v 3.266737461090088 57.139697559044706 24.0994288953919
v 6.036143779754639 56.48938052611607 25.83184987804816
v 6.890707492828369 56.78970533682248 25.031797372008256
v 3.266737461090088 53.300659379086326 22.658324583120425
v 6.036143779754639 52.65034234615769 24.390745565776687
v 6.036143779754639 56.48938052611607 25.83184987804816
v 5.967050122479415e-16 53.95374492184458 20.918533823958054
v 3.7292239665985107 53.693054733842075 21.613005958808138
v 3.266737461090088 53.300659379086326 22.658324583120425
v 5.967050122479415e-16 57.79278310180296 22.359638136229528
v 3.7292239665985107 57.532092913800454 23.054110271079615
v 3.7292239665985107 53.693054733842075 21.613005958808138
v 5.227035552945959e-16 57.36805905285592 23.49108307106333
v 3.266737461090088 57.139697559044706 24.0994288953919
v 3.7292239665985107 57.532092913800454 23.054110271079615
v 5.227035552945959e-16 53.52902087289754 22.049978758791852
v 3.266737461090088 53.300659379086326 22.658324583120425
v 3.266737461090088 57.139697559044706 24.0994288953919
v -3.7292239665985107 53.693054733842075 21.613005958808138
v 5.967050122479415e-16 53.95374492184458 20.918533823958054
v 5.227035552945959e-16 53.52902087289754 22.049978758791852
v -3.7292239665985107 57.532092913800454 23.054110271079615
v 5.967050122479415e-16 57.79278310180296 22.359638136229528
v 5.967050122479415e-16 53.95374492184458 20.918533823958054
v -3.266737461090088 57.139697559044706 24.0994288953919
v 5.227035552945959e-16 57.36805905285592 23.49108307106333
v 5.967050122479415e-16 57.79278310180296 22.359638136229528
v -3.266737461090088 53.300659379086326 22.658324583120425
v 5.227035552945959e-16 53.52902087289754 22.049978758791852
v 5.227035552945959e-16 57.36805905285592 23.49108307106333
v -6.890707492828369 52.9506671568641 23.59069305973678
v -3.7292239665985107 53.693054733842075 21.613005958808138
v -3.266737461090088 53.300659379086326 22.658324583120425
v -6.890707492828369 56.78970533682248 25.031797372008256
v -3.7292239665985107 57.532092913800454 23.054110271079615
v -3.7292239665985107 53.693054733842075 21.613005958808138
v -6.036143779754639 56.48938052611607 25.83184987804816
v -3.266737461090088 57.139697559044706 24.0994288953919
v -3.7292239665985107 57.532092913800454 23.054110271079615
v -6.036143779754639 52.65034234615769 24.390745565776687
v -3.266737461090088 53.300659379086326 22.658324583120425
v -3.266737461090088 57.139697559044706 24.0994288953919
v -9.003143310546875 51.83960515573261 26.55051038790998
v -6.890707492828369 52.9506671568641 23.59069305973678
v -6.036143779754639 52.65034234615769 24.390745565776687
v -9.003143310546875 55.67864333569099 27.991614700181454
v -6.890707492828369 56.78970533682248 25.031797372008256
v -6.890707492828369 52.9506671568641 23.59069305973678
v -7.88660192489624 55.51610683253215 28.424599231020157
v -6.036143779754639 56.48938052611607 25.83184987804816
v -6.890707492828369 56.78970533682248 25.031797372008256
v -7.88660192489624 51.67706865257377 26.98349491874868
v -6.036143779754639 52.65034234615769 24.390745565776687
v -6.036143779754639 56.48938052611607 25.83184987804816
v -9.744932174682617 50.52901915159271 30.041853424910116
v -9.003143310546875 51.83960515573261 26.55051038790998
v -7.88660192489624 51.67706865257377 26.98349491874868
v -9.744932174682617 54.36805730511375 31.482957806839195
v -9.003143310546875 55.67864333569099 27.991614700181454
v -9.003143310546875 51.83960515573261 26.55051038790998
v -8.536396980285645 54.36805730511375 31.482957806839195
v -7.88660192489624 55.51610683253215 28.424599231020157
v -9.003143310546875 55.67864333569099 27.991614700181454
v -8.536396980285645 50.52901915159271 30.041853424910116
v -7.88660192489624 51.67706865257377 26.98349491874868
v -7.88660192489624 55.51610683253215 28.424599231020157
v -9.003143310546875 49.2184331474528 33.53319646191025
v -9.744932174682617 50.52901915159271 30.041853424910116
v -8.536396980285645 50.52901915159271 30.041853424910116
v -9.003143310546875 53.057471327411186 34.97430077418173
v -9.744932174682617 54.36805730511375 31.482957806839195
v -9.744932174682617 50.52901915159271 30.041853424910116
v -7.88660192489624 53.22000426410056 34.541314889751206
v -8.536396980285645 54.36805730511375 31.482957806839195
v -9.744932174682617 54.36805730511375 31.482957806839195
v -7.88660192489624 49.38096608414218 33.10021057747973
v -8.536396980285645 50.52901915159271 30.041853424910116
v -8.536396980285645 54.36805730511375 31.482957806839195
v -6.890707492828369 48.10737114632132 36.49301379008345
v -9.003143310546875 49.2184331474528 33.53319646191025
v -7.88660192489624 49.38096608414218 33.10021057747973
v -6.890707492828369 51.9464093262797 37.93411810235492
v -9.003143310546875 53.057471327411186 34.97430077418173
v -9.003143310546875 49.2184331474528 33.53319646191025
v -6.036143779754639 52.246734136986106 37.13406559631502
v -7.88660192489624 53.22000426410056 34.541314889751206
v -9.003143310546875 53.057471327411186 34.97430077418173
v -6.036143779754639 48.40769595702773 35.69296128404354
v -7.88660192489624 49.38096608414218 33.10021057747973
v -7.88660192489624 53.22000426410056 34.541314889751206
v -3.7292239665985107 47.36498373854232 38.470700445203406
v -6.890707492828369 48.10737114632132 36.49301379008345
v -6.036143779754639 48.40769595702773 35.69296128404354
v -3.7292239665985107 51.2040219185007 39.91180475747488
v -6.890707492828369 51.9464093262797 37.93411810235492
v -6.890707492828369 48.10737114632132 36.49301379008345
v -3.266737461090088 51.59641693485849 38.866487024779964
v -6.036143779754639 52.246734136986106 37.13406559631502
v -6.890707492828369 51.9464093262797 37.93411810235492
v -3.266737461090088 47.75737875490012 37.42538271250849
v -6.036143779754639 48.40769595702773 35.69296128404354
v -6.036143779754639 52.246734136986106 37.13406559631502
v -1.7901149838042653e-15 47.104293550539815 39.16517258005349
v -3.7292239665985107 47.36498373854232 38.470700445203406
v -3.266737461090088 47.75737875490012 37.42538271250849
v -1.7901149838042653e-15 50.943331730498194 40.60627689232497
v -3.7292239665985107 51.2040219185007 39.91180475747488
v -3.7292239665985107 47.36498373854232 38.470700445203406
v -1.5681106129442285e-15 51.368055779445235 39.47483195749117
v -3.266737461090088 51.59641693485849 38.866487024779964
v -3.7292239665985107 51.2040219185007 39.91180475747488
v -1.5681106129442285e-15 47.52901759948685 38.03372764521969
v -3.266737461090088 47.75737875490012 37.42538271250849
v -3.266737461090088 51.59641693485849 38.866487024779964
v 3.6463418006896973 47.35354224766533 38.46040297059368
v -1.7901149838042653e-15 47.104293550539815 39.16517258005349
v -1.5681106129442285e-15 47.52901759948685 38.03372764521969
v 3.7292239665985107 51.2040219185007 39.91180475747488
v -1.7901149838042653e-15 50.943331730498194 40.60627689232497
v -1.7901149838042653e-15 47.104293550539815 39.16517258005349
v 3.266737461090088 51.59641693485849 38.866487024779964
v -1.5681106129442285e-15 51.368055779445235 39.47483195749117
v -1.7901149838042653e-15 50.943331730498194 40.60627689232497
v 3.266737461090088 47.75737875490012 37.42538271250849
v -1.5681106129442285e-15 47.52901759948685 38.03372764521969
v -1.5681106129442285e-15 51.368055779445235 39.47483195749117
v 6.890707492828369 48.10737114632132 36.49301379008345
v 3.6463418006896973 47.35354224766533 38.46040297059368
v 3.266737461090088 47.75737875490012 37.42538271250849
v 6.890707492828369 51.9464093262797 37.93411810235492
v 3.7292239665985107 51.2040219185007 39.91180475747488
v 3.6463418006896973 47.35354224766533 38.46040297059368
v 6.036143779754639 52.246734136986106 37.13406559631502
v 3.266737461090088 51.59641693485849 38.866487024779964
v 3.7292239665985107 51.2040219185007 39.91180475747488
v 6.036143779754639 48.40769595702773 35.69296128404354
v 3.266737461090088 47.75737875490012 37.42538271250849
v 3.266737461090088 51.59641693485849 38.866487024779964
v 9.003143310546875 49.2184331474528 33.53319646191025
v 6.890707492828369 48.10737114632132 36.49301379008345
v 6.036143779754639 48.40769595702773 35.69296128404354
v 9.003143310546875 53.057471327411186 34.97430077418173
v 6.890707492828369 51.9464093262797 37.93411810235492
v 6.890707492828369 48.10737114632132 36.49301379008345
v 7.88660192489624 53.22000426410056 34.541314889751206
v 6.036143779754639 52.246734136986106 37.13406559631502
v 6.890707492828369 51.9464093262797 37.93411810235492
v 7.88660192489624 49.38096608414218 33.10021057747973
v 6.036143779754639 48.40769595702773 35.69296128404354
v 6.036143779754639 52.246734136986106 37.13406559631502
v 9.744932174682617 50.52901915159271 30.041853424910116
v 9.003143310546875 49.2184331474528 33.53319646191025
v 7.88660192489624 49.38096608414218 33.10021057747973
v 9.744932174682617 54.36805730511375 31.482957806839195
v 9.003143310546875 53.057471327411186 34.97430077418173
v 9.003143310546875 49.2184331474528 33.53319646191025
v 8.536396980285645 54.36805730511375 31.482957806839195
v 7.88660192489624 53.22000426410056 34.541314889751206
v 9.003143310546875 53.057471327411186 34.97430077418173
v 8.536396980285645 50.52901915159271 30.041853424910116
v 7.88660192489624 49.38096608414218 33.10021057747973
v 7.88660192489624 53.22000426410056 34.541314889751206
v 0.23402100801467896 -24.499863879516667 1.7738500574472944
v 0.25330251455307007 -24.533927880041 1.864602339065227
v 0 -24.533927880041 1.864602339065227
v 4.461454391479492 24.572145659352902 18.3242128207041
v 4.829043388366699 23.922692773650937 20.054327367680788
v 4.829043388366699 14.229831294182857 16.415805270317136
v -2.9509496688842773 43.34864865996602 30.762257899891246
v -5.189516067504883 44.06028735814747 31.082016869870046
v -4.605323314666748 40.27692781583983 31.46299247015519
v 0.17911192774772644 -24.470982814028815 1.6969151305367163
v 0.23402100801467896 -24.499863879516667 1.7738500574472944
v 0 -24.533927880041 1.864602339065227
v 3.414649248123169 25.122725673760456 16.85749289829473
v 4.461454391479492 24.572145659352902 18.3242128207041
v 4.461454391479492 14.879284621727901 14.685690902988066
v 0.004625216592103243 44.348604314483325 31.789105705266227
v -2.9509496688842773 43.34864865996602 30.762257899891246
v -2.774845838546753 39.804223243969275 32.251766006861125
v 0.09693467617034912 -24.451684680377348 1.6455090101112013
v 0.17911192774772644 -24.470982814028815 1.6969151305367163
v 0 -24.533927880041 1.864602339065227
v 1.8479949235916138 25.490611042253782 15.877461847272992
v 3.414649248123169 25.122725673760456 16.85749289829473
v 3.414649248123169 15.429864190326775 13.21897081137972
v 3.244946241378784 43.90054434168581 31.23447924111019
v 0.004625216592103243 44.348604314483325 31.789105705266227
v 0.033617857843637466 40.4495254246277 31.86498142313868
v 1.5510304847304212e-17 -24.444910718736963 1.6274565858751142
v 0.09693467617034912 -24.451684680377348 1.6455090101112013
v 0 -24.533927880041 1.864602339065227
v 2.956936167629803e-16 25.61979528577856 15.533320694013852
v 1.8479949235916138 25.490611042253782 15.877461847272992
v 1.8479949235916138 15.797750004628782 12.238939929556958
v 4.803608417510986 43.4335248959767 31.313129379394532
v 3.244946241378784 43.90054434168581 31.23447924111019
v 2.66452693939209 40.43002201190004 31.860928575753587
v -0.09693467617034912 -24.451684680377348 1.6455090101112013
v 1.5510304847304212e-17 -24.444910718736963 1.6274565858751142
v 0 -24.533927880041 1.864602339065227
v -1.8479949235916138 25.490611042253782 15.877461847272992
v 2.956936167629803e-16 25.61979528577856 15.533320694013852
v 2.956936167629803e-16 15.92693441735254 11.894798330489134
v -2.917152166366577 46.63491369545548 28.1523602858244
v -4.433582305908203 45.50376740518458 28.391808503770374
v -5.189516067504883 44.06028735814747 31.082016869870046
v -0.17911192774772644 -24.470982814028815 1.6969151305367163
v -0.09693467617034912 -24.451684680377348 1.6455090101112013
v 0 -24.533927880041 1.864602339065227
v -3.414649248123169 25.122725673760456 16.85749289829473
v -1.8479949235916138 25.490611042253782 15.877461847272992
v -1.8479949235916138 15.797750004628782 12.238939929556958
v 0.00798608735203743 47.52685458530243 28.501704592227693
v -2.917152166366577 46.63491369545548 28.1523602858244
v -2.9509496688842773 43.34864865996602 30.762257899891246
v -0.23402100801467896 -24.499863879516667 1.7738500574472944
v -0.17911192774772644 -24.470982814028815 1.6969151305367163
v 0 -24.533927880041 1.864602339065227
v -4.461454391479492 24.572145659352902 18.3242128207041
v -3.414649248123169 25.122725673760456 16.85749289829473
v -3.414649248123169 15.429864190326775 13.21897081137972
v 2.004251480102539 46.214210712833044 28.33703263940047
v 0.00798608735203743 47.52685458530243 28.501704592227693
v 0.004625216592103243 44.348604314483325 31.789105705266227
v -0.25330251455307007 -24.533927880041 1.864602339065227
v -0.23402100801467896 -24.499863879516667 1.7738500574472944
v 0 -24.533927880041 1.864602339065227
v -4.829043388366699 23.922692773650937 20.054327367680788
v -4.461454391479492 24.572145659352902 18.3242128207041
v -4.461454391479492 14.879284621727901 14.685690902988066
v 4.197627544403076 45.12675075919753 28.401021435373853
v 2.004251480102539 46.214210712833044 28.33703263940047
v 3.244946241378784 43.90054434168581 31.23447924111019
v -0.23402100801467896 -24.567995447695722 1.9553532688327806
v -0.25330251455307007 -24.533927880041 1.864602339065227
v 0 -24.533927880041 1.864602339065227
v -4.461454391479492 23.273239442140294 21.7844417454585
v -4.829043388366699 23.922692773650937 20.054327367680788
v -4.829043388366699 14.229831294182857 16.415805270317136
v -3.784181594848633 45.0215390923331 24.272529079335825
v -4.133794784545898 44.53605462476558 25.66133271452359
v -4.433582305908203 45.50376740518458 28.391808503770374
v -0.17911192774772644 -24.59687651252265 2.032288194001918
v -0.23402100801467896 -24.567995447695722 1.9553532688327806
v 0 -24.533927880041 1.864602339065227
v -3.414649248123169 22.72265987354142 23.251161837066846
v -4.461454391479492 23.273239442140294 21.7844417454585
v -4.461454391479492 13.580378223910696 18.145919631690806
v 0.018844110891222954 45.299128290713924 25.737246874101935
v -3.784181594848633 45.0215390923331 24.272529079335825
v -2.917152166366577 46.63491369545548 28.1523602858244
v -0.09693467617034912 -24.616171079704635 2.083695668019251
v -0.17911192774772644 -24.59687651252265 2.032288194001918
v 0 -24.533927880041 1.864602339065227
v -1.8479949235916138 22.354773974639926 24.23119294179395
v -3.414649248123169 22.72265987354142 23.251161837066846
v -3.414649248123169 13.029798390107738 19.612639750151835
v 3.0608408451080322 44.46309082109673 25.377478352753677
v 0.018844110891222954 45.299128290713924 25.737246874101935
v 0.00798608735203743 47.52685458530243 28.501704592227693
v -4.6530914541912635e-17 -24.62294861310196 2.101746752595041
v -0.09693467617034912 -24.616171079704635 2.083695668019251
v 0 -24.533927880041 1.864602339065227
v -8.870808767587205e-16 22.225589731115143 24.575334095053087
v -1.8479949235916138 22.354773974639926 24.23119294179395
v -1.8479949235916138 12.661912714110583 20.592670939478428
v 3.947704315185547 44.28560652153073 25.675833141770543
v 3.0608408451080322 44.46309082109673 25.377478352753677
v 2.004251480102539 46.214210712833044 28.33703263940047
v 0.09693467617034912 -24.616171079704635 2.083695668019251
v -4.6530914541912635e-17 -24.62294861310196 2.101746752595041
v 0 -24.533927880041 1.864602339065227
v 1.8479949235916138 22.354773974639926 24.23119294179395
v -8.870808767587205e-16 22.225589731115143 24.575334095053087
v -8.870808767587205e-16 12.532728470585802 20.93681209273757
v -3.214876174926758 44.82458712571536 22.320432598266834
v -3.4285078048706055 43.732961030134206 22.591365616079067
v -4.133794784545898 44.53605462476558 25.66133271452359
v 0.17911192774772644 -24.59687651252265 2.032288194001918
v 0.09693467617034912 -24.616171079704635 2.083695668019251
v 0 -24.533927880041 1.864602339065227
v 3.414649248123169 22.72265987354142 23.251161837066846
v 1.8479949235916138 22.354773974639926 24.23119294179395
v 1.8479949235916138 12.661912714110583 20.592670939478428
v -0.005642634350806475 44.879119036250074 22.37438441705182
v -3.214876174926758 44.82458712571536 22.320432598266834
v -3.784181594848633 45.0215390923331 24.272529079335825
v 0.23402100801467896 -24.567995447695722 1.9553532688327806
v 0.17911192774772644 -24.59687651252265 2.032288194001918
v 0 -24.533927880041 1.864602339065227
v 4.461454391479492 23.273239442140294 21.7844417454585
v 3.414649248123169 22.72265987354142 23.251161837066846
v 3.414649248123169 13.029798390107738 19.612639750151835
v 3.133573293685913 45.024678838911775 22.347409486086473
v -0.005642634350806475 44.879119036250074 22.37438441705182
v 0.018844110891222954 45.299128290713924 25.737246874101935
v 0.25330251455307007 -24.533927880041 1.864602339065227
v 0.23402100801467896 -24.567995447695722 1.9553532688327806
v 0 -24.533927880041 1.864602339065227
v 4.829043388366699 23.922692773650937 20.054327367680788
v 4.461454391479492 23.273239442140294 21.7844417454585
v 4.461454391479492 13.580378223910696 18.145919631690806
v 3.4875473976135254 44.273168406474255 23.224299072559763
v 3.133573293685913 45.024678838911775 22.347409486086473
v 3.0608408451080322 44.46309082109673 25.377478352753677
v 2.3402099609375 8.320099111427426 15.232793103971686
v 2.533025026321411 8.660763189017725 14.325279428020014
v 4.829043388366699 14.229831294182857 16.415805270317136
v 1.7911192178726196 8.03129823922442 16.00214616162969
v 2.3402099609375 8.320099111427426 15.232793103971686
v 4.461454391479492 13.580378223910696 18.145919631690806
v 0.9693467020988464 7.838327623268086 16.516211370934208
v 1.7911192178726196 8.03129823922442 16.00214616162969
v 3.414649248123169 13.029798390107738 19.612639750151835
v -4.653091321842366e-16 7.770565663555356 16.696727292661432
v 0.9693467020988464 7.838327623268086 16.516211370934208
v 1.8479949235916138 12.661912714110583 20.592670939478428
v -0.9693467020988464 7.838327623268086 16.516211370934208
v -4.653091321842366e-16 7.770565663555356 16.696727292661432
v -8.870808767587205e-16 12.532728470585802 20.93681209273757
v -1.7911192178726196 8.03129823922442 16.00214616162969
v -0.9693467020988464 7.838327623268086 16.516211370934208
v -1.8479949235916138 12.661912714110583 20.592670939478428
v -2.3402099609375 8.320099111427426 15.232793103971686
v -1.7911192178726196 8.03129823922442 16.00214616162969
v -3.414649248123169 13.029798390107738 19.612639750151835
v -2.533025026321411 8.660763189017725 14.325279428020014
v -2.3402099609375 8.320099111427426 15.232793103971686
v -4.461454391479492 13.580378223910696 18.145919631690806
v -2.3402099609375 9.001427261320556 13.417765765999864
v -2.533025026321411 8.660763189017725 14.325279428020014
v -4.829043388366699 14.229831294182857 16.415805270317136
v -1.7911192178726196 9.290228133523563 12.648412708341858
v -2.3402099609375 9.001427261320556 13.417765765999864
v -4.461454391479492 14.879284621727901 14.685690902988066
v -0.9693467020988464 9.483198749479897 12.134347499037341
v -1.7911192178726196 9.290228133523563 12.648412708341858
v -3.414649248123169 15.429864190326775 13.21897081137972
v 1.5510304847304212e-16 9.550961600809991 11.953831915708072
v -0.9693467020988464 9.483198749479897 12.134347499037341
v -1.8479949235916138 15.797750004628782 12.238939929556958
v 0.9693467020988464 9.483198749479897 12.134347499037341
v 1.5510304847304212e-16 9.550961600809991 11.953831915708072
v 2.956936167629803e-16 15.92693441735254 11.894798330489134
v 1.7911192178726196 9.290228133523563 12.648412708341858
v 0.9693467020988464 9.483198749479897 12.134347499037341
v 1.8479949235916138 15.797750004628782 12.238939929556958
v 2.3402099609375 9.001427261320556 13.417765765999864
v 1.7911192178726196 9.290228133523563 12.648412708341858
v 3.414649248123169 15.429864190326775 13.21897081137972
v 2.533025026321411 8.660763189017725 14.325279428020014
v 2.3402099609375 9.001427261320556 13.417765765999864
v 4.461454391479492 14.879284621727901 14.685690902988066
v 3.4848101139068604 -20.141735350757124 3.513350710384147
v 3.2195448875427246 -19.673066053146172 2.2648386779781458
v 3.2195448875427246 -18.291381884370516 2.7834975248890466
v 3.2195448875427246 -19.673066053146172 2.2648386779781458
v 2.4641330242156982 -19.275748632414334 1.2064007923135556
v 2.4641330242156982 -17.894064463638678 1.7250596392244564
v 2.4641330242156982 -19.275748632414334 1.2064007923135556
v 1.333579182624817 -19.010270962931266 0.49917475249300125
v 1.333579182624817 -17.62858322768615 1.0178349529957202
v 1.333579182624817 -19.010270962931266 0.49917475249300125
v 1.6857050175747107e-16 -18.917044575941055 0.2508309454772757
v 1.6857050175747107e-16 -17.5353604071654 0.7694897923881783
v 1.6857050175747107e-16 -18.917044575941055 0.2508309454772757
v -1.333579182624817 -19.010270962931266 0.49917475249300125
v -1.333579182624817 -17.62858322768615 1.0178349529957202
v -1.333579182624817 -19.010270962931266 0.49917475249300125
v -2.4641330242156982 -19.275748632414334 1.2064007923135556
v -2.4641330242156982 -17.894064463638678 1.7250596392244564
v -2.4641330242156982 -19.275748632414334 1.2064007923135556
v -3.2195448875427246 -19.673066053146172 2.2648386779781458
v -3.2195448875427246 -18.291381884370516 2.7834975248890466
v -3.2195448875427246 -19.673066053146172 2.2648386779781458
v -3.4848101139068604 -20.141735350757124 3.513350710384147
v -3.4848101139068604 -18.76005117933773 4.032009550329288
v -3.4848101139068604 -20.141735350757124 3.513350710384147
v -3.2195448875427246 -20.610404653655543 4.761862756721671
v -3.2195448875427246 -19.22872048487988 5.280521603632572
v -3.2195448875427246 -20.610404653655543 4.761862756721671
v -2.4641330242156982 -21.007722116687127 5.820300753838431
v -2.4641330242156982 -19.626037947911463 6.338959600749334
v -2.4641330242156982 -21.007722116687127 5.820300753838431
v -1.333579182624817 -21.273203352639662 6.527525440067169
v -1.333579182624817 -19.891515617394532 7.04618564056989
v -1.333579182624817 -21.273203352639662 6.527525440067169
v -4.653091321842366e-16 -21.36642608856092 6.775870377770371
v -4.653091321842366e-16 -19.984741919785257 7.294529224681272
v -4.653091321842366e-16 -21.36642608856092 6.775870377770371
v 1.333579182624817 -21.273203352639662 6.527525440067169
v 1.333579182624817 -19.891515617394532 7.04618564056989
v 1.333579182624817 -21.273203352639662 6.527525440067169
v 2.4641330242156982 -21.007722116687127 5.820300753838431
v 2.4641330242156982 -19.626037947911463 6.338959600749334
v 2.4641330242156982 -21.007722116687127 5.820300753838431
v 3.2195448875427246 -20.610404653655543 4.761862756721671
v 3.2195448875427246 -19.22872048487988 5.280521603632572
v 3.2195448875427246 -20.610404653655543 4.761862756721671
v 3.4848101139068604 -20.141735350757124 3.513350710384147
v 3.4848101139068604 -18.76005117933773 4.032009550329288
v 0.25330251455307007 -24.533927880041 1.864602339065227
v 0.23402100801467896 -24.499863879516667 1.7738500574472944
v 2.3402099609375 -19.801073953306393 2.6058360331701333
v 0.23402100801467896 -24.499863879516667 1.7738500574472944
v 0.17911192774772644 -24.470982814028815 1.6969151305367163
v 1.7911192178726196 -19.512270427401155 1.8364840464320782
v 0.17911192774772644 -24.470982814028815 1.6969151305367163
v 0.09693467617034912 -24.451684680377348 1.6455090101112013
v 0.9693467020988464 -19.31929981144483 1.322418837127561
v 0.09693467617034912 -24.451684680377348 1.6455090101112013
v 1.5510304847304212e-17 -24.444910718736963 1.6274565858751142
v 1.5510304847304212e-16 -19.251538743349457 1.14190257700238
v 1.5510304847304212e-17 -24.444910718736963 1.6274565858751142
v -0.09693467617034912 -24.451684680377348 1.6455090101112013
v -0.9693467020988464 -19.31929981144483 1.322418837127561
v -0.09693467617034912 -24.451684680377348 1.6455090101112013
v -0.17911192774772644 -24.470982814028815 1.6969151305367163
v -1.7911192178726196 -19.512270427401155 1.8364840464320782
v -0.17911192774772644 -24.470982814028815 1.6969151305367163
v -0.23402100801467896 -24.499863879516667 1.7738500574472944
v -2.3402099609375 -19.801073953306393 2.6058360331701333
v -0.23402100801467896 -24.499863879516667 1.7738500574472944
v -0.25330251455307007 -24.533927880041 1.864602339065227
v -2.533025026321411 -20.141735350757124 3.513350710384147
v -0.25330251455307007 -24.533927880041 1.864602339065227
v -0.23402100801467896 -24.567995447695722 1.9553532688327806
v -2.3402099609375 -20.482400298814916 4.420863992211778
v -0.23402100801467896 -24.567995447695722 1.9553532688327806
v -0.17911192774772644 -24.59687651252265 2.032288194001918
v -1.7911192178726196 -20.771200279400553 5.1902173882677385
v -0.17911192774772644 -24.59687651252265 2.032288194001918
v -0.09693467617034912 -24.616171079704635 2.083695668019251
v -0.9693467020988464 -20.964170937656633 5.704282709024428
v -0.09693467617034912 -24.616171079704635 2.083695668019251
v -4.6530914541912635e-17 -24.62294861310196 2.101746752595041
v -4.653091321842366e-16 -21.03193548762198 5.8847973926534465
v -4.6530914541912635e-17 -24.62294861310196 2.101746752595041
v 0.09693467617034912 -24.616171079704635 2.083695668019251
v 0.9693467020988464 -20.964170937656633 5.704282709024428
v 0.09693467617034912 -24.616171079704635 2.083695668019251
v 0.17911192774772644 -24.59687651252265 2.032288194001918
v 1.7911192178726196 -20.771200279400553 5.1902173882677385
v 0.17911192774772644 -24.59687651252265 2.032288194001918
v 0.23402100801467896 -24.567995447695722 1.9553532688327806
v 2.3402099609375 -20.482400298814916 4.420863992211778
v 0.23402100801467896 -24.567995447695722 1.9553532688327806
v 0.25330251455307007 -24.533927880041 1.864602339065227
v 2.533025026321411 -20.141735350757124 3.513350710384147
v 2.533025026321411 8.660763189017725 14.325279428020014
v 2.3402099609375 8.320099111427426 15.232793103971686
v 2.3402099609375 -19.100712563569793 4.939524192714499
v 2.3402099609375 9.001427261320556 13.417765765999864
v 2.533025026321411 8.660763189017725 14.325279428020014
v 2.533025026321411 -18.76005117933773 4.032009550329288
v 1.7911192178726196 9.290228133523563 12.648412708341858
v 2.3402099609375 9.001427261320556 13.417765765999864
v 2.3402099609375 -18.41938621806127 3.124496233672854
v 0.9693467020988464 9.483198749479897 12.134347499037341
v 1.7911192178726196 9.290228133523563 12.648412708341858
v 1.7911192178726196 -18.1305862586255 2.3551428933429808
v 1.5510304847304212e-16 9.550961600809991 11.953831915708072
v 0.9693467020988464 9.483198749479897 12.134347499037341
v 0.9693467020988464 -17.937615642669165 1.8410776840384635
v -0.9693467020988464 9.483198749479897 12.134347499037341
v 1.5510304847304212e-16 9.550961600809991 11.953831915708072
v 1.5510304847304212e-16 -17.86985100810434 1.6605627775051026
v -1.7911192178726196 9.290228133523563 12.648412708341858
v -0.9693467020988464 9.483198749479897 12.134347499037341
v -0.9693467020988464 -17.937615642669165 1.8410776840384635
v -2.3402099609375 9.001427261320556 13.417765765999864
v -1.7911192178726196 9.290228133523563 12.648412708341858
v -1.7911192178726196 -18.1305862586255 2.3551428933429808
v -2.533025026321411 8.660763189017725 14.325279428020014
v -2.3402099609375 9.001427261320556 13.417765765999864
v -2.3402099609375 -18.41938621806127 3.124496233672854
v -2.3402099609375 8.320099111427426 15.232793103971686
v -2.533025026321411 8.660763189017725 14.325279428020014
v -2.533025026321411 -18.76005117933773 4.032009550329288
v -1.7911192178726196 8.03129823922442 16.00214616162969
v -2.3402099609375 8.320099111427426 15.232793103971686
v -2.3402099609375 -19.100712563569793 4.939524192714499
v -0.9693467020988464 7.838327623268086 16.516211370934208
v -1.7911192178726196 8.03129823922442 16.00214616162969
v -1.7911192178726196 -19.389516110624896 5.708876235178639
v -4.653091321842366e-16 7.770565663555356 16.696727292661432
v -0.9693467020988464 7.838327623268086 16.516211370934208
v -0.9693467020988464 -19.582486768880976 6.2229415559353285
v 0.9693467020988464 7.838327623268086 16.516211370934208
v -4.653091321842366e-16 7.770565663555356 16.696727292661432
v -4.653091321842366e-16 -19.65024775237685 6.4034575931561655
v 1.7911192178726196 8.03129823922442 16.00214616162969
v 0.9693467020988464 7.838327623268086 16.516211370934208
v 0.9693467020988464 -19.582486768880976 6.2229415559353285
v 2.3402099609375 8.320099111427426 15.232793103971686
v 1.7911192178726196 8.03129823922442 16.00214616162969
v 1.7911192178726196 -19.389516110624896 5.708876235178639
v 3.4848101139068604 -18.76005117933773 4.032009550329288
v 3.2195448875427246 -18.291381884370516 2.7834975248890466
v 2.3402099609375 -18.41938621806127 3.124496233672854
v 3.2195448875427246 -19.673066053146172 2.2648386779781458
v 3.4848101139068604 -20.141735350757124 3.513350710384147
v 2.533025026321411 -20.141735350757124 3.513350710384147
v 3.2195448875427246 -18.291381884370516 2.7834975248890466
v 2.4641330242156982 -17.894064463638678 1.7250596392244564
v 1.7911192178726196 -18.1305862586255 2.3551428933429808
v 2.4641330242156982 -19.275748632414334 1.2064007923135556
v 3.2195448875427246 -19.673066053146172 2.2648386779781458
v 2.3402099609375 -19.801073953306393 2.6058360331701333
v 2.4641330242156982 -17.894064463638678 1.7250596392244564
v 1.333579182624817 -17.62858322768615 1.0178349529957202
v 0.9693467020988464 -17.937615642669165 1.8410776840384635
v 1.333579182624817 -19.010270962931266 0.49917475249300125
v 2.4641330242156982 -19.275748632414334 1.2064007923135556
v 1.7911192178726196 -19.512270427401155 1.8364840464320782
v 1.333579182624817 -17.62858322768615 1.0178349529957202
v 1.6857050175747107e-16 -17.5353604071654 0.7694897923881783
v 1.5510304847304212e-16 -17.86985100810434 1.6605627775051026
v 1.6857050175747107e-16 -18.917044575941055 0.2508309454772757
v 1.333579182624817 -19.010270962931266 0.49917475249300125
v 0.9693467020988464 -19.31929981144483 1.322418837127561
v 1.6857050175747107e-16 -17.5353604071654 0.7694897923881783
v -1.333579182624817 -17.62858322768615 1.0178349529957202
v -0.9693467020988464 -17.937615642669165 1.8410776840384635
v -1.333579182624817 -19.010270962931266 0.49917475249300125
v 1.6857050175747107e-16 -18.917044575941055 0.2508309454772757
v 1.5510304847304212e-16 -19.251538743349457 1.14190257700238
v -1.333579182624817 -17.62858322768615 1.0178349529957202
v -2.4641330242156982 -17.894064463638678 1.7250596392244564
v -1.7911192178726196 -18.1305862586255 2.3551428933429808
v -2.4641330242156982 -19.275748632414334 1.2064007923135556
v -1.333579182624817 -19.010270962931266 0.49917475249300125
v -0.9693467020988464 -19.31929981144483 1.322418837127561
v -2.4641330242156982 -17.894064463638678 1.7250596392244564
v -3.2195448875427246 -18.291381884370516 2.7834975248890466
v -2.3402099609375 -18.41938621806127 3.124496233672854
v -3.2195448875427246 -19.673066053146172 2.2648386779781458
v -2.4641330242156982 -19.275748632414334 1.2064007923135556
v -1.7911192178726196 -19.512270427401155 1.8364840464320782
v -3.2195448875427246 -18.291381884370516 2.7834975248890466
v -3.4848101139068604 -18.76005117933773 4.032009550329288
v -2.533025026321411 -18.76005117933773 4.032009550329288
v -3.4848101139068604 -20.141735350757124 3.513350710384147
v -3.2195448875427246 -19.673066053146172 2.2648386779781458
v -2.3402099609375 -19.801073953306393 2.6058360331701333
v -3.4848101139068604 -18.76005117933773 4.032009550329288
v -3.2195448875427246 -19.22872048487988 5.280521603632572
v -2.3402099609375 -19.100712563569793 4.939524192714499
v -3.2195448875427246 -20.610404653655543 4.761862756721671
v -3.4848101139068604 -20.141735350757124 3.513350710384147
v -2.533025026321411 -20.141735350757124 3.513350710384147
v -3.2195448875427246 -19.22872048487988 5.280521603632572
v -2.4641330242156982 -19.626037947911463 6.338959600749334
v -1.7911192178726196 -19.389516110624896 5.708876235178639
v -2.4641330242156982 -21.007722116687127 5.820300753838431
v -3.2195448875427246 -20.610404653655543 4.761862756721671
v -2.3402099609375 -20.482400298814916 4.420863992211778
v -2.4641330242156982 -19.626037947911463 6.338959600749334
v -1.333579182624817 -19.891515617394532 7.04618564056989
v -0.9693467020988464 -19.582486768880976 6.2229415559353285
v -1.333579182624817 -21.273203352639662 6.527525440067169
v -2.4641330242156982 -21.007722116687127 5.820300753838431
v -1.7911192178726196 -20.771200279400553 5.1902173882677385
v -1.333579182624817 -19.891515617394532 7.04618564056989
v -4.653091321842366e-16 -19.984741919785257 7.294529224681272
v -4.653091321842366e-16 -19.65024775237685 6.4034575931561655
v -4.653091321842366e-16 -21.36642608856092 6.775870377770371
v -1.333579182624817 -21.273203352639662 6.527525440067169
v -0.9693467020988464 -20.964170937656633 5.704282709024428
v -4.653091321842366e-16 -19.984741919785257 7.294529224681272
v 1.333579182624817 -19.891515617394532 7.04618564056989
v 0.9693467020988464 -19.582486768880976 6.2229415559353285
v 1.333579182624817 -21.273203352639662 6.527525440067169
v -4.653091321842366e-16 -21.36642608856092 6.775870377770371
v -4.653091321842366e-16 -21.03193548762198 5.8847973926534465
v 1.333579182624817 -19.891515617394532 7.04618564056989
v 2.4641330242156982 -19.626037947911463 6.338959600749334
v 1.7911192178726196 -19.389516110624896 5.708876235178639
v 2.4641330242156982 -21.007722116687127 5.820300753838431
v 1.333579182624817 -21.273203352639662 6.527525440067169
v 0.9693467020988464 -20.964170937656633 5.704282709024428
v 2.4641330242156982 -19.626037947911463 6.338959600749334
v 3.2195448875427246 -19.22872048487988 5.280521603632572
v 2.3402099609375 -19.100712563569793 4.939524192714499
v 3.2195448875427246 -20.610404653655543 4.761862756721671
v 2.4641330242156982 -21.007722116687127 5.820300753838431
v 1.7911192178726196 -20.771200279400553 5.1902173882677385
v 3.2195448875427246 -19.22872048487988 5.280521603632572
v 3.4848101139068604 -18.76005117933773 4.032009550329288
v 2.533025026321411 -18.76005117933773 4.032009550329288
v 3.4848101139068604 -20.141735350757124 3.513350710384147
v 3.2195448875427246 -20.610404653655543 4.761862756721671
v 2.3402099609375 -20.482400298814916 4.420863992211778
v 5.340789318084717 25.07639734515442 22.85036330425939
v 4.087663173675537 24.41730025180986 24.606168108380707
v 4.087663173675537 22.48613803625485 23.88124520263754
v 5.780828475952148 25.85385457512207 20.779250020635853
v 5.340789318084717 25.07639734515442 22.85036330425939
v 5.340789318084717 23.14523468379073 22.125440229317242
v 5.340789318084717 26.631312633257473 18.708137242588524
v 5.780828475952148 25.85385457512207 20.779250020635853
v 5.780828475952148 23.922692773650937 20.054327367680788
v 4.087663173675537 27.290409726602032 16.952332438467206
v 5.340789318084717 26.631312633257473 18.708137242588524
v 5.340789318084717 24.700150417702464 17.983214336845357
v 2.2122273445129395 27.73080361294737 15.779140730169848
v 4.087663173675537 27.290409726602032 16.952332438467206
v 4.087663173675537 25.35924698063885 16.227409586429403
v 2.956936167629803e-16 27.885449970106734 15.367171068531666
v 2.2122273445129395 27.73080361294737 15.779140730169848
v 2.2122273445129395 25.79964175860156 15.054218216529998
v -2.2122273445129395 27.73080361294737 15.779140730169848
v 2.956936167629803e-16 27.885449970106734 15.367171068531666
v 2.956936167629803e-16 25.954287669952237 14.642248385692838
v -4.087663173675537 27.290409726602032 16.952332438467206
v -2.2122273445129395 27.73080361294737 15.779140730169848
v -2.2122273445129395 25.79964175860156 15.054218216529998
v -5.340789318084717 26.631312633257473 18.708137242588524
v -4.087663173675537 27.290409726602032 16.952332438467206
v -4.087663173675537 25.35924698063885 16.227409586429403
v -5.780828475952148 25.85385457512207 20.779250020635853
v -5.340789318084717 26.631312633257473 18.708137242588524
v -5.340789318084717 24.700150417702464 17.983214336845357
v -5.340789318084717 25.07639734515442 22.85036330425939
v -5.780828475952148 25.85385457512207 20.779250020635853
v -5.780828475952148 23.922692773650937 20.054327367680788
v -4.087663173675537 24.41730025180986 24.606168108380707
v -5.340789318084717 25.07639734515442 22.85036330425939
v -5.340789318084717 23.14523468379073 22.125440229317242
v -2.2122273445129395 23.976905558446642 25.77935925537577
v -4.087663173675537 24.41730025180986 24.606168108380707
v -4.087663173675537 22.48613803625485 23.88124520263754
v -1.0486902102927495e-15 23.82226009290465 26.191329255411908
v -2.2122273445129395 23.976905558446642 25.77935925537577
v -2.2122273445129395 22.045743258292145 25.054436572536943
v 2.2122273445129395 23.976905558446642 25.77935925537577
v -1.0486902102927495e-15 23.82226009290465 26.191329255411908
v -1.0486902102927495e-15 21.891097346941468 25.4664064033741
v 4.087663173675537 24.41730025180986 24.606168108380707
v 2.2122273445129395 23.976905558446642 25.77935925537577
v 2.2122273445129395 22.045743258292145 25.054436572536943
v 5.340789318084717 23.14523468379073 22.125440229317242
v 4.087663173675537 22.48613803625485 23.88124520263754
v 3.414649248123169 22.72265987354142 23.251161837066846
v 4.087663173675537 24.41730025180986 24.606168108380707
v 5.340789318084717 25.07639734515442 22.85036330425939
v 4.461454391479492 25.960819823462984 22.793309988999656
v 5.780828475952148 23.922692773650937 20.054327367680788
v 5.340789318084717 23.14523468379073 22.125440229317242
v 4.461454391479492 23.273239442140294 21.7844417454585
v 5.340789318084717 25.07639734515442 22.85036330425939
v 5.780828475952148 25.85385457512207 20.779250020635853
v 4.829043388366699 26.61027358491991 21.063195822215487
v 5.340789318084717 24.700150417702464 17.983214336845357
v 5.780828475952148 23.922692773650937 20.054327367680788
v 4.829043388366699 23.922692773650937 20.054327367680788
v 5.780828475952148 25.85385457512207 20.779250020635853
v 5.340789318084717 26.631312633257473 18.708137242588524
v 4.461454391479492 27.259726444184533 19.333081344896407
v 4.087663173675537 25.35924698063885 16.227409586429403
v 5.340789318084717 24.700150417702464 17.983214336845357
v 4.461454391479492 24.572145659352902 18.3242128207041
v 5.340789318084717 26.631312633257473 18.708137242588524
v 4.087663173675537 27.290409726602032 16.952332438467206
v 3.414649248123169 27.81030609738289 17.866361030383718
v 2.2122273445129395 25.79964175860156 15.054218216529998
v 4.087663173675537 25.35924698063885 16.227409586429403
v 3.414649248123169 25.122725673760456 16.85749289829473
v 4.087663173675537 27.290409726602032 16.952332438467206
v 2.2122273445129395 27.73080361294737 15.779140730169848
v 1.8479949235916138 28.17819199628439 16.886329925656614
v 2.956936167629803e-16 25.954287669952237 14.642248385692838
v 2.2122273445129395 25.79964175860156 15.054218216529998
v 1.8479949235916138 25.490611042253782 15.877461847272992
v 2.2122273445129395 27.73080361294737 15.779140730169848
v 2.956936167629803e-16 27.885449970106734 15.367171068531666
v 2.956936167629803e-16 28.307376685617854 16.54218894159645
v -2.2122273445129395 25.79964175860156 15.054218216529998
v 2.956936167629803e-16 25.954287669952237 14.642248385692838
v 2.956936167629803e-16 25.61979528577856 15.533320694013852
v 2.956936167629803e-16 27.885449970106734 15.367171068531666
v -2.2122273445129395 27.73080361294737 15.779140730169848
v -1.8479949235916138 28.17819199628439 16.886329925656614
v -4.087663173675537 25.35924698063885 16.227409586429403
v -2.2122273445129395 25.79964175860156 15.054218216529998
v -1.8479949235916138 25.490611042253782 15.877461847272992
v -2.2122273445129395 27.73080361294737 15.779140730169848
v -4.087663173675537 27.290409726602032 16.952332438467206
v -3.414649248123169 27.81030609738289 17.866361030383718
v -5.340789318084717 24.700150417702464 17.983214336845357
v -4.087663173675537 25.35924698063885 16.227409586429403
v -3.414649248123169 25.122725673760456 16.85749289829473
v -4.087663173675537 27.290409726602032 16.952332438467206
v -5.340789318084717 26.631312633257473 18.708137242588524
v -4.461454391479492 27.259726444184533 19.333081344896407
v -5.780828475952148 23.922692773650937 20.054327367680788
v -5.340789318084717 24.700150417702464 17.983214336845357
v -4.461454391479492 24.572145659352902 18.3242128207041
v -5.340789318084717 26.631312633257473 18.708137242588524
v -5.780828475952148 25.85385457512207 20.779250020635853
v -4.829043388366699 26.61027358491991 21.063195822215487
v -5.340789318084717 23.14523468379073 22.125440229317242
v -5.780828475952148 23.922692773650937 20.054327367680788
v -4.829043388366699 23.922692773650937 20.054327367680788
v -5.780828475952148 25.85385457512207 20.779250020635853
v -5.340789318084717 25.07639734515442 22.85036330425939
v -4.461454391479492 25.960819823462984 22.793309988999656
v -4.087663173675537 22.48613803625485 23.88124520263754
v -5.340789318084717 23.14523468379073 22.125440229317242
v -4.461454391479492 23.273239442140294 21.7844417454585
v -5.340789318084717 25.07639734515442 22.85036330425939
v -4.087663173675537 24.41730025180986 24.606168108380707
v -3.414649248123169 25.410240212564368 24.260030192060174
v -2.2122273445129395 22.045743258292145 25.054436572536943
v -4.087663173675537 22.48613803625485 23.88124520263754
v -3.414649248123169 22.72265987354142 23.251161837066846
v -4.087663173675537 24.41730025180986 24.606168108380707
v -2.2122273445129395 23.976905558446642 25.77935925537577
v -1.8479949235916138 25.042354313662873 25.240061296787278
v -1.0486902102927495e-15 21.891097346941468 25.4664064033741
v -2.2122273445129395 22.045743258292145 25.054436572536943
v -1.8479949235916138 22.354773974639926 24.23119294179395
v -2.2122273445129395 23.976905558446642 25.77935925537577
v -1.0486902102927495e-15 23.82226009290465 26.191329255411908
v -8.870808767587205e-16 24.913170515946774 25.584202619245396
v 2.2122273445129395 22.045743258292145 25.054436572536943
v -1.0486902102927495e-15 21.891097346941468 25.4664064033741
v -8.870808767587205e-16 22.225589731115143 24.575334095053087
v -1.0486902102927495e-15 23.82226009290465 26.191329255411908
v 2.2122273445129395 23.976905558446642 25.77935925537577
v 1.8479949235916138 25.042354313662873 25.240061296787278
v 4.087663173675537 22.48613803625485 23.88124520263754
v 2.2122273445129395 22.045743258292145 25.054436572536943
v 1.8479949235916138 22.354773974639926 24.23119294179395
v 2.2122273445129395 23.976905558446642 25.77935925537577
v 4.087663173675537 24.41730025180986 24.606168108380707
v 3.414649248123169 25.410240212564368 24.260030192060174
v 3.72375750541687 27.152339890130044 19.619153902542497
v 4.0305657386779785 26.61027358491991 21.063195822215487
v 4.829043388366699 26.61027358491991 21.063195822215487
v 2.8500404357910156 27.611881717632382 18.394954491508837
v 3.72375750541687 27.152339890130044 19.619153902542497
v 4.461454391479492 27.259726444184533 19.333081344896407
v 1.5424307584762573 27.918938547211205 17.576970823428983
v 2.8500404357910156 27.611881717632382 18.394954491508837
v 3.414649248123169 27.81030609738289 17.866361030383718
v 2.956936167629803e-16 28.02676225250972 17.289733013129375
v 1.5424307584762573 27.918938547211205 17.576970823428983
v 1.8479949235916138 28.17819199628439 16.886329925656614
v -1.5424307584762573 27.918938547211205 17.576970823428983
v 2.956936167629803e-16 28.02676225250972 17.289733013129375
v 2.956936167629803e-16 28.307376685617854 16.54218894159645
v -2.8500404357910156 27.611881717632382 18.394954491508837
v -1.5424307584762573 27.918938547211205 17.576970823428983
v -1.8479949235916138 28.17819199628439 16.886329925656614
v -3.72375750541687 27.152339890130044 19.619153902542497
v -2.8500404357910156 27.611881717632382 18.394954491508837
v -3.414649248123169 27.81030609738289 17.866361030383718
v -4.0305657386779785 26.61027358491991 21.063195822215487
v -3.72375750541687 27.152339890130044 19.619153902542497
v -4.461454391479492 27.259726444184533 19.333081344896407
v -3.72375750541687 26.068206419817216 22.507237319901392
v -4.0305657386779785 26.61027358491991 21.063195822215487
v -4.829043388366699 26.61027358491991 21.063195822215487
v -2.8500404357910156 25.60866450771539 23.731436953839395
v -3.72375750541687 26.068206419817216 22.507237319901392
v -4.461454391479492 25.960819823462984 22.793309988999656
v -1.5424307584762573 25.30160856975393 24.549420960317203
v -2.8500404357910156 25.60866450771539 23.731436953839395
v -3.414649248123169 25.410240212564368 24.260030192060174
v -7.515025597597106e-16 25.19378486445542 24.836658770616815
v -1.5424307584762573 25.30160856975393 24.549420960317203
v -1.8479949235916138 25.042354313662873 25.240061296787278
v 1.5424307584762573 25.30160856975393 24.549420960317203
v -7.515025597597106e-16 25.19378486445542 24.836658770616815
v -8.870808767587205e-16 24.913170515946774 25.584202619245396
v 2.8500404357910156 25.60866450771539 23.731436953839395
v 1.5424307584762573 25.30160856975393 24.549420960317203
v 1.8479949235916138 25.042354313662873 25.240061296787278
v 3.72375750541687 26.068206419817216 22.507237319901392
v 2.8500404357910156 25.60866450771539 23.731436953839395
v 3.414649248123169 25.410240212564368 24.260030192060174
v 4.0305657386779785 26.61027358491991 21.063195822215487
v 3.72375750541687 26.068206419817216 22.507237319901392
v 4.461454391479492 25.960819823462984 22.793309988999656
v 3.72375750541687 31.215196907548602 21.1442757735765
v 4.0305657386779785 30.67312970807737 22.588317361817293
v 4.0305657386779785 26.61027358491991 21.063195822215487
v 2.8500404357910156 31.674738735050937 19.920076362542837
v 3.72375750541687 31.215196907548602 21.1442757735765
v 3.72375750541687 27.152339890130044 19.619153902542497
v 1.5424307584762573 31.981794673012395 19.10209235606503
v 2.8500404357910156 31.674738735050937 19.920076362542837
v 2.8500404357910156 27.611881717632382 18.394954491508837
v 2.956936167629803e-16 32.089618462910394 18.814854322861077
v 1.5424307584762573 31.981794673012395 19.10209235606503
v 1.5424307584762573 27.918938547211205 17.576970823428983
v -1.5424307584762573 31.981794673012395 19.10209235606503
v 2.956936167629803e-16 32.089618462910394 18.814854322861077
v 2.956936167629803e-16 28.02676225250972 17.289733013129375
v -2.8500404357910156 31.674738735050937 19.920076362542837
v -1.5424307584762573 31.981794673012395 19.10209235606503
v -1.5424307584762573 27.918938547211205 17.576970823428983
v -3.72375750541687 31.215196907548602 21.1442757735765
v -2.8500404357910156 31.674738735050937 19.920076362542837
v -2.8500404357910156 27.611881717632382 18.394954491508837
v -4.0305657386779785 30.67312970807737 22.588317361817293
v -3.72375750541687 31.215196907548602 21.1442757735765
v -3.72375750541687 27.152339890130044 19.619153902542497
v -3.72375750541687 30.131063437235774 24.032359190935395
v -4.0305657386779785 30.67312970807737 22.588317361817293
v -4.0305657386779785 26.61027358491991 21.063195822215487
v -2.8500404357910156 29.671521525133947 25.256558824873395
v -3.72375750541687 30.131063437235774 24.032359190935395
v -3.72375750541687 26.068206419817216 22.507237319901392
v -1.5424307584762573 29.36446469555512 26.07454249295325
v -2.8500404357910156 29.671521525133947 25.256558824873395
v -2.8500404357910156 25.60866450771539 23.731436953839395
v -7.515025597597106e-16 29.256640990256614 26.36178030325286
v -1.5424307584762573 29.36446469555512 26.07454249295325
v -1.5424307584762573 25.30160856975393 24.549420960317203
v 1.5424307584762573 29.36446469555512 26.07454249295325
v -7.515025597597106e-16 29.256640990256614 26.36178030325286
v -7.515025597597106e-16 25.19378486445542 24.836658770616815
v 2.8500404357910156 29.671521525133947 25.256558824873395
v 1.5424307584762573 29.36446469555512 26.07454249295325
v 1.5424307584762573 25.30160856975393 24.549420960317203
v 3.72375750541687 30.131063437235774 24.032359190935395
v 2.8500404357910156 29.671521525133947 25.256558824873395
v 2.8500404357910156 25.60866450771539 23.731436953839395
v 4.0305657386779785 30.67312970807737 22.588317361817293
v 3.72375750541687 30.131063437235774 24.032359190935395
v 3.72375750541687 26.068206419817216 22.507237319901392
v -2.635544538497925 30.929879743760686 18.29997480874151
v -5.594939708709717 32.498792409697856 20.390197675586595
v -4.780457496643066 33.675717718785066 18.832900944724674
v 0.44426923990249634 31.822856356084504 18.134969433921338
v -2.635544538497925 30.929879743760686 18.29997480874151
v -2.389852523803711 33.858733210716316 17.731862588546704
v 3.983982563018799 31.252654368243267 20.149958270474688
v 0.44426923990249634 31.822856356084504 18.134969433921338
v 0.6483351588249207 34.05283475912166 17.09387340115792
v 5.024765968322754 32.88346448323139 20.864570758758738
v 3.983982563018799 31.252654368243267 20.149958270474688
v 2.7141928672790527 33.664526069162655 18.032555986689527
v -4.28395938873291 28.673744272116 21.98001877879013
v -5.484790802001953 31.45645285324817 22.969536417811902
v -5.594939708709717 32.498792409697856 20.390197675586595
v -0.012459902092814445 29.470167653656873 22.187449832989667
v -4.28395938873291 28.673744272116 21.98001877879013
v -2.635544538497925 30.929879743760686 18.29997480874151
v 4.365323543548584 30.169728875735068 23.274382105909392
v -0.012459902092814445 29.470167653656873 22.187449832989667
v 0.44426923990249634 31.822856356084504 18.134969433921338
v 5.76438570022583 31.630705460624526 22.768918415120098
v 4.365323543548584 30.169728875735068 23.274382105909392
v 3.983982563018799 31.252654368243267 20.149958270474688
v -3.4672603607177734 29.178726070556003 25.823603978289256
v -4.996197700500488 31.090473447426227 25.459749018111
v -5.484790802001953 31.45645285324817 22.969536417811902
v 0.08362050354480743 27.683220560658278 25.754666722972928
v -3.4672603607177734 29.178726070556003 25.823603978289256
v -4.28395938873291 28.673744272116 21.98001877879013
v 3.534022331237793 28.996363467400244 25.624223531406077
v 0.08362050354480743 27.683220560658278 25.754666722972928
v -0.012459902092814445 29.470167653656873 22.187449832989667
v 5.856141090393066 30.178708831161767 25.650151864982902
v 3.534022331237793 28.996363467400244 25.624223531406077
v 4.365323543548584 30.169728875735068 23.274382105909392
v -2.8954720497131348 29.285454384994814 28.225769174900655
v -3.612778902053833 32.019595219751466 26.99560395246077
v -4.996197700500488 31.090473447426227 25.459749018111
v 0.010862372815608978 29.388992828662396 28.178581442772945
v -2.8954720497131348 29.285454384994814 28.225769174900655
v -3.4672603607177734 29.178726070556003 25.823603978289256
v 2.501861333847046 30.05985552981952 27.775541708652014
v 0.010862372815608978 29.388992828662396 28.178581442772945
v 0.08362050354480743 27.683220560658278 25.754666722972928
v 4.626999378204346 30.65405169337543 27.67038628078751
v 2.501861333847046 30.05985552981952 27.775541708652014
v 3.534022331237793 28.996363467400244 25.624223531406077
v -3.2545080184936523 30.851133170785285 29.50114897092916
v -4.9087605476379395 32.69148081199098 28.762988660200143
v -3.612778902053833 32.019595219751466 26.99560395246077
v -0.21931572258472443 30.940369939798785 29.66877034004944
v -3.2545080184936523 30.851133170785285 29.50114897092916
v -2.8954720497131348 29.285454384994814 28.225769174900655
v 3.0010488033294678 31.66048476666783 29.54543952043797
v -0.21931572258472443 30.940369939798785 29.66877034004944
v 0.010862372815608978 29.388992828662396 28.178581442772945
v 4.952454090118408 32.532679949125885 28.82165846217602
v 3.0010488033294678 31.66048476666783 29.54543952043797
v 2.501861333847046 30.05985552981952 27.775541708652014
v -3.944009304046631 33.643431796358776 32.20580408117574
v -6.405073165893555 34.309567535847904 30.95385461580346
v -4.9087605476379395 32.69148081199098 28.762988660200143
v -0.27527421712875366 33.56925839824103 32.81739840705291
v -3.944009304046631 33.643431796358776 32.20580408117574
v -3.2545080184936523 30.851133170785285 29.50114897092916
v 3.6334879398345947 33.998069047485664 31.80980495059817
v -0.27527421712875366 33.56925839824103 32.81739840705291
v -0.21931572258472443 30.940369939798785 29.66877034004944
v 5.695370197296143 34.561197434739206 30.261065478238503
v 3.6334879398345947 33.998069047485664 31.80980495059817
v 3.0010488033294678 31.66048476666783 29.54543952043797
v -3.2198095321655273 37.33956627189559 32.21707608611426
v -5.90722131729126 37.22787935307322 31.681824366560093
v -6.405073165893555 34.309567535847904 30.95385461580346
v 0.0038162574637681246 37.332769508517416 33.320245980744076
v -3.2198095321655273 37.33956627189559 32.21707608611426
v -3.944009304046631 33.643431796358776 32.20580408117574
v 3.263482093811035 37.22231347234728 32.16646777135762
v 0.0038162574637681246 37.332769508517416 33.320245980744076
v -0.27527421712875366 33.56925839824103 32.81739840705291
v 5.987569808959961 37.26834410173424 31.792718458185902
v 3.263482093811035 37.22231347234728 32.16646777135762
v 3.6334879398345947 33.998069047485664 31.80980495059817
v -2.774845838546753 39.804223243969275 32.251766006861125
v -4.605323314666748 40.27692781583983 31.46299247015519
v -5.90722131729126 37.22787935307322 31.681824366560093
v 0.033617857843637466 40.4495254246277 31.86498142313868
v -2.774845838546753 39.804223243969275 32.251766006861125
v -3.2198095321655273 37.33956627189559 32.21707608611426
v 2.66452693939209 40.43002201190004 31.860928575753587
v 0.033617857843637466 40.4495254246277 31.86498142313868
v 0.0038162574637681246 37.332769508517416 33.320245980744076
v 4.702507972717285 40.28853092573455 31.352865984363643
v 2.66452693939209 40.43002201190004 31.860928575753587
v 3.263482093811035 37.22231347234728 32.16646777135762
v 6.628017902374268 32.40106007270364 26.905490732012783
v 4.952454090118408 32.532679949125885 28.82165846217602
v 4.626999378204346 30.65405169337543 27.67038628078751
v 7.45182991027832 33.455028948903504 23.60796738658228
v 6.628017902374268 32.40106007270364 26.905490732012783
v 5.856141090393066 30.178708831161767 25.650151864982902
v 5.882613658905029 34.90724832453732 20.903064181171683
v 7.45182991027832 33.455028948903504 23.60796738658228
v 5.76438570022583 31.630705460624526 22.768918415120098
v 5.05049991607666 36.15895640037192 19.404614018344446
v 5.882613658905029 34.90724832453732 20.903064181171683
v 5.024765968322754 32.88346448323139 20.864570758758738
v 5.5653581619262695 35.687534169721445 27.8243492109023
v 5.695370197296143 34.561197434739206 30.261065478238503
v 4.952454090118408 32.532679949125885 28.82165846217602
v 7.660501003265381 36.65316294525553 25.00920407098534
v 5.5653581619262695 35.687534169721445 27.8243492109023
v 6.628017902374268 32.40106007270364 26.905490732012783
v 7.3723883628845215 37.99768235734574 21.362067731101426
v 7.660501003265381 36.65316294525553 25.00920407098534
v 7.45182991027832 33.455028948903504 23.60796738658228
v 5.84577751159668 38.7806944304737 19.562276162589512
v 7.3723883628845215 37.99768235734574 21.362067731101426
v 5.882613658905029 34.90724832453732 20.903064181171683
v 7.204753398895264 38.565031216124694 29.612124558316236
v 5.987569808959961 37.26834410173424 31.792718458185902
v 5.695370197296143 34.561197434739206 30.261065478238503
v 7.500746726989746 40.15048596142189 26.418697053851595
v 7.204753398895264 38.565031216124694 29.612124558316236
v 5.5653581619262695 35.687534169721445 27.8243492109023
v 7.250124454498291 41.30386203965747 23.01820124534055
v 7.500746726989746 40.15048596142189 26.418697053851595
v 7.660501003265381 36.65316294525553 25.00920407098534
v 5.641660690307617 41.37381732551455 20.782335238446173
v 7.250124454498291 41.30386203965747 23.01820124534055
v 7.3723883628845215 37.99768235734574 21.362067731101426
v 4.803608417510986 43.4335248959767 31.313129379394532
v 4.702507972717285 40.28853092573455 31.352865984363643
v 5.987569808959961 37.26834410173424 31.792718458185902
v 4.197627544403076 45.12675075919753 28.401021435373853
v 4.803608417510986 43.4335248959767 31.313129379394532
v 7.204753398895264 38.565031216124694 29.612124558316236
v 3.947704315185547 44.28560652153073 25.675833141770543
v 4.197627544403076 45.12675075919753 28.401021435373853
v 7.500746726989746 40.15048596142189 26.418697053851595
v 3.4875473976135254 44.273168406474255 23.224299072559763
v 3.947704315185547 44.28560652153073 25.675833141770543
v 7.250124454498291 41.30386203965747 23.01820124534055
v 3.0969972610473633 36.000042120934665 18.13354073810327
v 5.05049991607666 36.15895640037192 19.404614018344446
v 4.68915319442749 33.96323596717964 18.918559813749265
v -0.047270338982343674 35.95389662306587 17.031579237381234
v 3.0969972610473633 36.000042120934665 18.13354073810327
v 2.7141928672790527 33.664526069162655 18.032555986689527
v -3.1947193145751953 36.95660273736917 18.186981574840882
v -0.047270338982343674 35.95389662306587 17.031579237381234
v 0.6483351588249207 34.05283475912166 17.09387340115792
v -5.491515636444092 36.127453192310504 18.968881637317402
v -3.1947193145751953 36.95660273736917 18.186981574840882
v -2.389852523803711 33.858733210716316 17.731862588546704
v 3.57588791847229 39.26051155540783 18.466963575164996
v 5.84577751159668 38.7806944304737 19.562276162589512
v 5.05049991607666 36.15895640037192 19.404614018344446
v 0.0007199267856776714 39.55268344139751 17.61299326340966
v 3.57588791847229 39.26051155540783 18.466963575164996
v 3.0969972610473633 36.000042120934665 18.13354073810327
v -3.684713125228882 39.37851285339666 18.084667570821374
v 0.0007199267856776714 39.55268344139751 17.61299326340966
v -0.047270338982343674 35.95389662306587 17.031579237381234
v -6.583773612976074 39.159673230345504 18.773124920701907
v -3.684713125228882 39.37851285339666 18.084667570821374
v -3.1947193145751953 36.95660273736917 18.186981574840882
v 3.1721487045288086 41.9097345760547 20.315068548269423
v 5.641660690307617 41.37381732551455 20.782335238446173
v 5.84577751159668 38.7806944304737 19.562276162589512
v 0.0016417341539636254 42.41337973863635 19.883627503220836
v 3.1721487045288086 41.9097345760547 20.315068548269423
v 3.57588791847229 39.26051155540783 18.466963575164996
v -3.1138124465942383 41.795262995217925 20.413639364285345
v 0.0016417341539636254 42.41337973863635 19.883627503220836
v 0.0007199267856776714 39.55268344139751 17.61299326340966
v -5.317605495452881 41.098848265842484 21.027072965297776
v -3.1138124465942383 41.795262995217925 20.413639364285345
v -3.684713125228882 39.37851285339666 18.084667570821374
v 3.133573293685913 45.024678838911775 22.347409486086473
v 3.4875473976135254 44.273168406474255 23.224299072559763
v 5.641660690307617 41.37381732551455 20.782335238446173
v -0.005642634350806475 44.879119036250074 22.37438441705182
v 3.133573293685913 45.024678838911775 22.347409486086473
v 3.1721487045288086 41.9097345760547 20.315068548269423
v -3.214876174926758 44.82458712571536 22.320432598266834
v -0.005642634350806475 44.879119036250074 22.37438441705182
v 0.0016417341539636254 42.41337973863635 19.883627503220836
v -3.4285078048706055 43.732961030134206 22.591365616079067
v -3.214876174926758 44.82458712571536 22.320432598266834
v -3.1138124465942383 41.795262995217925 20.413639364285345
v -6.942336082458496 34.68527091122918 20.616184998479653
v -5.491515636444092 36.127453192310504 18.968881637317402
v -4.780457496643066 33.675717718785066 18.832900944724674
v -6.71813440322876 33.602993807759006 23.32923564636682
v -6.942336082458496 34.68527091122918 20.616184998479653
v -5.594939708709717 32.498792409697856 20.390197675586595
v -6.607626914978027 32.38800597058421 26.88338080963348
v -6.71813440322876 33.602993807759006 23.32923564636682
v -5.484790802001953 31.45645285324817 22.969536417811902
v -4.9087605476379395 32.69148081199098 28.762988660200143
v -6.607626914978027 32.38800597058421 26.88338080963348
v -4.996197700500488 31.090473447426227 25.459749018111
v -6.820886611938477 37.915594170724816 21.789228135970397
v -6.583773612976074 39.159673230345504 18.773124920701907
v -5.491515636444092 36.127453192310504 18.968881637317402
v -7.92118501663208 36.943274313374104 24.658399199471283
v -6.820886611938477 37.915594170724816 21.789228135970397
v -6.942336082458496 34.68527091122918 20.616184998479653
v -7.7946343421936035 35.309352250766395 28.55477206505626
v -7.92118501663208 36.943274313374104 24.658399199471283
v -6.71813440322876 33.602993807759006 23.32923564636682
v -6.405073165893555 34.309567535847904 30.95385461580346
v -7.7946343421936035 35.309352250766395 28.55477206505626
v -6.607626914978027 32.38800597058421 26.88338080963348
v -7.385955810546875 41.44769181620229 22.987189520666718
v -5.317605495452881 41.098848265842484 21.027072965297776
v -6.583773612976074 39.159673230345504 18.773124920701907
v -6.639400005340576 39.74666852769035 26.25821719643038
v -7.385955810546875 41.44769181620229 22.987189520666718
v -6.820886611938477 37.915594170724816 21.789228135970397
v -6.7516093254089355 38.54573121863144 29.3387064100228
v -6.639400005340576 39.74666852769035 26.25821719643038
v -7.92118501663208 36.943274313374104 24.658399199471283
v -5.90722131729126 37.22787935307322 31.681824366560093
v -6.7516093254089355 38.54573121863144 29.3387064100228
v -7.7946343421936035 35.309352250766395 28.55477206505626
v -4.133794784545898 44.53605462476558 25.66133271452359
v -3.4285078048706055 43.732961030134206 22.591365616079067
v -5.317605495452881 41.098848265842484 21.027072965297776
v -4.433582305908203 45.50376740518458 28.391808503770374
v -4.133794784545898 44.53605462476558 25.66133271452359
v -7.385955810546875 41.44769181620229 22.987189520666718
v -5.189516067504883 44.06028735814747 31.082016869870046
v -4.433582305908203 45.50376740518458 28.391808503770374
v -6.639400005340576 39.74666852769035 26.25821719643038
v -4.605323314666748 40.27692781583983 31.46299247015519
v -5.189516067504883 44.06028735814747 31.082016869870046
v -6.7516093254089355 38.54573121863144 29.3387064100228
v 1.4879564046859741 27.02661741766289 14.22563824869745
v 1.4879564046859741 27.935269282162075 14.866886703855181
v 1.6397279500961304 26.057940568712397 15.06527493118591
v 1.4879564046859741 27.935269282162075 14.866886703855181
v -1.4879564046859741 27.935269282162075 14.866886703855181
v 1.6397279500961304 27.659540624460732 15.666485850269634
v -1.4879564046859741 27.935269282162075 14.866886703855181
v -1.4879564046859741 27.02661741766289 14.22563824869745
v -1.6397279500961304 27.659540624460732 15.666485850269634
v -1.4879564046859741 27.02661741766289 14.22563824869745
v 1.4879564046859741 27.02661741766289 14.22563824869745
v -1.6397279500961304 26.057940568712397 15.06527493118591
v 1.4879564046859741 34.86250908436568 13.601983665007154
v 1.4879564046859741 34.02370993426798 14.412407548910448
v 1.4879564046859741 33.18052530491636 9.950273522141849
v 1.4879564046859741 34.02370993426798 14.412407548910448
v -1.4879564046859741 34.02370993426798 14.412407548910448
v 1.4879564046859741 32.26474344519784 10.474458855525093
v -1.4879564046859741 34.02370993426798 14.412407548910448
v -1.4879564046859741 34.86250908436568 13.601983665007154
v -1.4879564046859741 32.26474344519784 10.474458855525093
v -1.4879564046859741 34.86250908436568 13.601983665007154
v 1.4879564046859741 34.86250908436568 13.601983665007154
v -1.4879564046859741 33.18052530491636 9.950273522141849
v 1.4879564046859741 40.409494238844516 17.20663955899517
v 1.4879564046859741 39.9751933746707 18.2147014655538
v 1.4879564046859741 36.499349723229955 15.296133821400723
v 1.4879564046859741 39.9751933746707 18.2147014655538
v -1.4879564046859741 39.9751933746707 18.2147014655538
v 1.4879564046859741 35.6605516339486 16.106557597893286
v -1.4879564046859741 39.9751933746707 18.2147014655538
v -1.4879564046859741 40.409494238844516 17.20663955899517
v -1.4879564046859741 35.6605516339486 16.106557597893286
v -1.4879564046859741 40.409494238844516 17.20663955899517
v 1.4879564046859741 40.409494238844516 17.20663955899517
v -1.4879564046859741 36.499349723229955 15.296133821400723
v 1.4879564046859741 59.721428414850514 24.45598448826963
v 1.4879564046859741 59.587373991903995 25.576753748414713
v 1.4879564046859741 40.409494238844516 17.20663955899517
v 1.4879564046859741 59.587373991903995 25.576753748414713
v -1.4879564046859741 59.587373991903995 25.576753748414713
v 1.4879564046859741 39.9751933746707 18.2147014655538
v -1.4879564046859741 59.587373991903995 25.576753748414713
v -1.4879564046859741 59.721428414850514 24.45598448826963
v -1.4879564046859741 39.9751933746707 18.2147014655538
v -1.4879564046859741 59.721428414850514 24.45598448826963
v 1.4879564046859741 59.721428414850514 24.45598448826963
v -1.4879564046859741 40.409494238844516 17.20663955899517
v 0 67.39499511506853 24.105825677025557
v 0 67.52734839877955 25.194195051370862
v 1.2103164196014404 62.107450492991646 24.74883706168672
v 0 67.52734839877955 25.194195051370862
v 0 67.39499511506853 24.105825677025557
v -1.2207401990890503 61.975701463572754 25.869326596962814
v 1.4879564046859741 30.24228915892861 8.891896886585839
v 1.4879564046859741 30.862327027806746 8.223110014552319
v 1.4879564046859741 31.075311810129946 9.747247762548486
v 1.4879564046859741 31.075311810129946 9.747247762548486
v 1.4879564046859741 31.536837329510597 9.358071936742093
v -1.4879564046859741 31.075311810129946 9.747247762548486
v -1.4879564046859741 31.075311810129946 9.747247762548486
v -1.4879564046859741 31.536837329510597 9.358071936742093
v -1.4879564046859741 30.24228915892861 8.891896886585839
v -1.4879564046859741 30.24228915892861 8.891896886585839
v -1.4879564046859741 30.862327027806746 8.223110014552319
v 1.4879564046859741 30.24228915892861 8.891896886585839
v 1.4879564046859741 31.88200216349837 8.20345778508855
v 1.4879564046859741 32.71128006382154 8.96257779561261
v 1.4879564046859741 31.536837329510597 9.358071936742093
v 1.4879564046859741 31.536837329510597 9.358071936742093
v 1.4879564046859741 31.842987945350963 9.654813000551083
v -1.4879564046859741 31.536837329510597 9.358071936742093
v -1.4879564046859741 31.536837329510597 9.358071936742093
v -1.4879564046859741 31.842987945350963 9.654813000551083
v -1.4879564046859741 31.88200216349837 8.20345778508855
v -1.4879564046859741 31.88200216349837 8.20345778508855
v -1.4879564046859741 32.71128006382154 8.96257779561261
v 1.4879564046859741 31.88200216349837 8.20345778508855
v 1.4879564046859741 34.86250908436568 13.601983665007154
v 1.4879564046859741 35.53198390392518 14.592966929293834
v 1.4879564046859741 34.02370993426798 14.412407548910448
v 1.4879564046859741 34.02370993426798 14.412407548910448
v 1.4879564046859741 34.693184753827474 15.403390813197124
v -1.4879564046859741 34.02370993426798 14.412407548910448
v -1.4879564046859741 34.02370993426798 14.412407548910448
v -1.4879564046859741 34.693184753827474 15.403390813197124
v -1.4879564046859741 34.86250908436568 13.601983665007154
v -1.4879564046859741 34.86250908436568 13.601983665007154
v -1.4879564046859741 35.53198390392518 14.592966929293834
v 1.4879564046859741 34.86250908436568 13.601983665007154
v 1.4879564046859741 59.721428414850514 24.45598448826963
v 1.4173327684402466 60.90465165289763 24.746805780959384
v 1.4879564046859741 59.587373991903995 25.576753748414713
v 1.4879564046859741 59.587373991903995 25.576753748414713
v 1.4199990034103394 60.77118299635396 25.86753673572186
v -1.4879564046859741 59.587373991903995 25.576753748414713
v -1.4879564046859741 59.587373991903995 25.576753748414713
v -1.4199990034103394 60.77118299635396 25.86753673572186
v -1.4879564046859741 59.721428414850514 24.45598448826963
v -1.4879564046859741 59.721428414850514 24.45598448826963
v -1.4173327684402466 60.90465165289763 24.746805780959384
v 1.4879564046859741 59.721428414850514 24.45598448826963
v -1.4879564046859741 30.862327027806746 8.223110014552319
v -1.4879564046859741 31.88200216349837 8.20345778508855
v 1.4879564046859741 30.862327027806746 8.223110014552319
v 1.4879564046859741 32.71128006382154 8.96257779561261
v 1.4879564046859741 33.18052530491636 9.950273522141849
v 1.4879564046859741 31.842987945350963 9.654813000551083
v 1.4879564046859741 31.842987945350963 9.654813000551083
v 1.4879564046859741 32.26474344519784 10.474458855525093
v -1.4879564046859741 31.842987945350963 9.654813000551083
v -1.4879564046859741 31.842987945350963 9.654813000551083
v -1.4879564046859741 32.26474344519784 10.474458855525093
v -1.4879564046859741 32.71128006382154 8.96257779561261
v -1.4879564046859741 32.71128006382154 8.96257779561261
v -1.4879564046859741 33.18052530491636 9.950273522141849
v 1.4879564046859741 32.71128006382154 8.96257779561261
v 1.4879564046859741 35.53198390392518 14.592966929293834
v 1.4879564046859741 36.499349723229955 15.296133821400723
v 1.4879564046859741 34.693184753827474 15.403390813197124
v 1.4879564046859741 34.693184753827474 15.403390813197124
v 1.4879564046859741 35.6605516339486 16.106557597893286
v -1.4879564046859741 34.693184753827474 15.403390813197124
v -1.4879564046859741 34.693184753827474 15.403390813197124
v -1.4879564046859741 35.6605516339486 16.106557597893286
v -1.4879564046859741 35.53198390392518 14.592966929293834
v -1.4879564046859741 35.53198390392518 14.592966929293834
v -1.4879564046859741 36.499349723229955 15.296133821400723
v 1.4879564046859741 35.53198390392518 14.592966929293834
v 1.4173327684402466 60.90465165289763 24.746805780959384
v 1.2103164196014404 62.107450492991646 24.74883706168672
v 1.4199990034103394 60.77118299635396 25.86753673572186
v 1.4199990034103394 60.77118299635396 25.86753673572186
v 1.2207401990890503 61.975701463572754 25.869326596962814
v -1.4199990034103394 60.77118299635396 25.86753673572186
v -1.4199990034103394 60.77118299635396 25.86753673572186
v -1.2207401990890503 61.975701463572754 25.869326596962814
v -1.4173327684402466 60.90465165289763 24.746805780959384
v -1.4173327684402466 60.90465165289763 24.746805780959384
v -1.2103164196014404 62.107450492991646 24.74883706168672
v 1.4173327684402466 60.90465165289763 24.746805780959384
v 1.4879564046859741 27.935269282162075 14.866886703855181
v 1.4879564046859741 31.075311810129946 9.747247762548486
v -1.4879564046859741 27.935269282162075 14.866886703855181
v 1.4879564046859741 27.02661741766289 14.22563824869745
v 1.4879564046859741 30.24228915892861 8.891896886585839
v 1.4879564046859741 27.935269282162075 14.866886703855181
v -1.4879564046859741 27.02661741766289 14.22563824869745
v -1.4879564046859741 30.24228915892861 8.891896886585839
v 1.4879564046859741 27.02661741766289 14.22563824869745
v -1.4879564046859741 27.935269282162075 14.866886703855181
v -1.4879564046859741 31.075311810129946 9.747247762548486
v -1.4879564046859741 27.02661741766289 14.22563824869745
v 6.547719478607178 24.202586187829578 21.748731796470707
v 6.266708850860596 25.2099951753569 22.126894634266982
v 5.421213626861572 23.576466957214347 21.675810569048974
v 6.266708850860596 25.2099951753569 22.126894634266982
v 6.266708850860596 26.255839957635004 19.34081035440519
v 5.421213626861572 25.178066440254767 22.277021653290234
v 6.266708850860596 26.255839957635004 19.34081035440519
v 6.547719478607178 25.248431861725045 18.962647855006868
v 5.421213626861572 26.33058784426032 19.206756860166347
v 6.547719478607178 25.248431861725045 18.962647855006868
v 6.547719478607178 24.202586187829578 21.748731796470707
v 5.421213626861572 24.728987873111475 18.60554571817828
v 9.885411262512207 30.865490203079162 24.24986352185283
v 8.83189868927002 30.396934868062516 24.073976427426047
v 12.713074684143066 28.189761924194087 23.245444321423136
v 8.83189868927002 30.396934868062516 24.073976427426047
v 8.83189868927002 31.44277965034062 21.28789214756425
v 11.900486946105957 27.559553966501994 23.008875834882744
v 8.83189868927002 31.44277965034062 21.28789214756425
v 9.885411262512207 31.911334985357264 21.463779241991038
v 11.900486946105957 28.605398748780097 20.222791555020947
v 9.885411262512207 31.911334985357264 21.463779241991038
v 9.885411262512207 30.865490203079162 24.24986352185283
v 12.713074684143066 29.235606706472186 20.45936004156134
v 8.460104942321777 36.91338159267684 26.520130898112875
v 7.363716125488281 36.86439107966535 26.501740768552054
v 8.874574661254883 32.8575762981629 24.997656060125642
v 7.363716125488281 36.86439107966535 26.501740768552054
v 7.363716125488281 37.910235861943455 23.715656488690257
v 7.821062088012695 32.38902096314625 24.82176896569886
v 7.363716125488281 37.910235861943455 23.715656488690257
v 8.460104942321777 37.95922637495494 23.734046618251078
v 7.821062088012695 33.43486574542435 22.035684685837065
v 8.460104942321777 37.95922637495494 23.734046618251078
v 8.460104942321777 36.91338159267684 26.520130898112875
v 8.874574661254883 33.903421080441 22.21157178026385
v 8.460104942321777 56.225317467318085 33.76947672708758
v 7.363716125488281 56.476571739198384 33.863792939960796
v 8.460104942321777 36.91338159267684 26.520130898112875
v 7.363716125488281 56.476571739198384 33.863792939960796
v 7.363716125488281 57.52241473824176 31.077707983303092
v 7.363716125488281 36.86439107966535 26.501740768552054
v 7.363716125488281 57.52241473824176 31.077707983303092
v 8.460104942321777 57.27116046636146 30.983391770429883
v 7.363716125488281 37.910235861943455 23.715656488690257
v 8.460104942321777 57.27116046636146 30.983391770429883
v 8.460104942321777 56.225317467318085 33.76947672708758
v 8.460104942321777 37.95922637495494 23.734046618251078
v 11.484700202941895 63.358850710257784 34.85793645791504
v 10.512269973754883 63.832952428611044 35.03590550759338
v 9.024468421936035 58.51057399459814 34.33076320233323
v 10.512269973754883 63.832952428611044 35.03590550759338
v 11.484700202941895 63.358850710257784 34.85793645791504
v 7.929152488708496 59.61811753475204 32.14981911184206
v 12.671335220336914 25.266195439045656 22.1479911360517
v 13.515365600585938 25.58960958861454 22.269394870472873
v 12.163300514221191 26.277759724263802 22.527713831885993
v 12.163300514221191 26.277759724263802 22.527713831885993
v 12.689848899841309 26.554237806465196 22.63149862314462
v 12.163300514221191 27.323604506541905 19.7416295520242
v 12.163300514221191 27.323604506541905 19.7416295520242
v 12.689848899841309 27.600082588743295 19.845414343282826
v 12.671335220336914 26.312040221323755 19.361906856189904
v 12.671335220336914 26.312040221323755 19.361906856189904
v 13.515365600585938 26.63545437089264 19.483310590611076
v 12.671335220336914 25.266195439045656 22.1479911360517
v 13.892115592956543 26.476880675427363 22.602460122519336
v 13.472856521606445 27.45350159464989 22.969065770171724
v 12.689848899841309 26.554237806465196 22.63149862314462
v 12.689848899841309 26.554237806465196 22.63149862314462
v 12.519628524780273 26.920208633653452 22.768877284968887
v 12.689848899841309 27.600082588743295 19.845414343282826
v 12.689848899841309 27.600082588743295 19.845414343282826
v 12.519628524780273 27.966053415931555 19.982793005107098
v 13.892115592956543 27.522725457705462 19.816375842657543
v 13.892115592956543 27.522725457705462 19.816375842657543
v 13.472856521606445 28.499346376927992 20.182981490309928
v 13.892115592956543 26.476880675427363 22.602460122519336
v 9.885411262512207 30.865490203079162 24.24986352185283
v 9.192919731140137 31.778331513048606 24.592527424717247
v 8.83189868927002 30.396934868062516 24.073976427426047
v 8.83189868927002 30.396934868062516 24.073976427426047
v 8.13940715789795 31.30977617803196 24.416640330290463
v 8.83189868927002 31.44277965034062 21.28789214756425
v 8.83189868927002 31.44277965034062 21.28789214756425
v 8.13940715789795 32.35562096031006 21.630556050428666
v 9.885411262512207 31.911334985357264 21.463779241991038
v 9.885411262512207 31.911334985357264 21.463779241991038
v 9.192919731140137 32.82417629532671 21.806443144855454
v 9.885411262512207 30.865490203079162 24.24986352185283
v 8.460104942321777 56.225317467318085 33.76947672708758
v 8.603662490844727 57.382907300577294 34.12857919316904
v 7.363716125488281 56.476571739198384 33.863792939960796
v 7.363716125488281 56.476571739198384 33.863792939960796
v 7.507515907287598 57.633726178305544 34.22557992569097
v 7.363716125488281 57.52241473824176 31.077707983303092
v 7.363716125488281 57.52241473824176 31.077707983303092
v 7.507515907287598 58.63180573777014 31.566740565172093
v 8.460104942321777 57.27116046636146 30.983391770429883
v 8.460104942321777 57.27116046636146 30.983391770429883
v 8.603662490844727 58.37911254022562 31.474732079116013
v 8.460104942321777 56.225317467318085 33.76947672708758
v 13.515365600585938 26.63545437089264 19.483310590611076
v 13.892115592956543 27.522725457705462 19.816375842657543
v 13.515365600585938 25.58960958861454 22.269394870472873
v 13.472856521606445 27.45350159464989 22.969065770171724
v 12.713074684143066 28.189761924194087 23.245444321423136
v 12.519628524780273 26.920208633653452 22.768877284968887
v 12.519628524780273 26.920208633653452 22.768877284968887
v 11.900486946105957 27.559553966501994 23.008875834882744
v 12.519628524780273 27.966053415931555 19.982793005107098
v 12.519628524780273 27.966053415931555 19.982793005107098
v 11.900486946105957 28.605398748780097 20.222791555020947
v 13.472856521606445 28.499346376927992 20.182981490309928
v 13.472856521606445 28.499346376927992 20.182981490309928
v 12.713074684143066 29.235606706472186 20.45936004156134
v 13.472856521606445 27.45350159464989 22.969065770171724
v 9.192919731140137 31.778331513048606 24.592527424717247
v 8.874574661254883 32.8575762981629 24.997656060125642
v 8.13940715789795 31.30977617803196 24.416640330290463
v 8.13940715789795 31.30977617803196 24.416640330290463
v 7.821062088012695 32.38902096314625 24.82176896569886
v 8.13940715789795 32.35562096031006 21.630556050428666
v 8.13940715789795 32.35562096031006 21.630556050428666
v 7.821062088012695 33.43486574542435 22.035684685837065
v 9.192919731140137 32.82417629532671 21.806443144855454
v 9.192919731140137 32.82417629532671 21.806443144855454
v 8.874574661254883 33.903421080441 22.21157178026385
v 9.192919731140137 31.778331513048606 24.592527424717247
v 8.603662490844727 57.382907300577294 34.12857919316904
v 9.024468421936035 58.51057399459814 34.33076320233323
v 7.507515907287598 57.633726178305544 34.22557992569097
v 7.507515907287598 57.633726178305544 34.22557992569097
v 7.929152488708496 58.76009373647513 34.43556241421794
v 7.507515907287598 58.63180573777014 31.566740565172093
v 7.507515907287598 58.63180573777014 31.566740565172093
v 7.929152488708496 59.61811753475204 32.14981911184206
v 8.603662490844727 58.37911254022562 31.474732079116013
v 8.603662490844727 58.37911254022562 31.474732079116013
v 9.024468421936035 59.36127163722571 32.064538006063586
v 8.603662490844727 57.382907300577294 34.12857919316904
v 6.266708850860596 25.2099951753569 22.126894634266982
v 12.163300514221191 26.277759724263802 22.527713831885993
v 6.266708850860596 26.255839957635004 19.34081035440519
v 6.547719478607178 24.202586187829578 21.748731796470707
v 12.671335220336914 25.266195439045656 22.1479911360517
v 6.266708850860596 25.2099951753569 22.126894634266982
v 6.547719478607178 25.248431861725045 18.962647855006868
v 12.671335220336914 26.312040221323755 19.361906856189904
v 6.547719478607178 24.202586187829578 21.748731796470707
v 6.266708850860596 26.255839957635004 19.34081035440519
v 12.163300514221191 27.323604506541905 19.7416295520242
v 6.547719478607178 25.248431861725045 18.962647855006868
v -1.4879564046859741 22.42440067419148 26.485741291327955
v -1.4879564046859741 23.53056686934643 26.600818288858434
v -1.6397279500961304 22.247514261613425 25.216081356041347
v -1.4879564046859741 23.53056686934643 26.600818288858434
v 1.4879564046859741 23.53056686934643 26.600818288858434
v -1.6397279500961304 23.8491137023541 25.817292551734777
v 1.4879564046859741 23.53056686934643 26.600818288858434
v 1.4879564046859741 22.42440067419148 26.485741291327955
v 1.6397279500961304 23.8491137023541 25.817292551734777
v 1.4879564046859741 22.42440067419148 26.485741291327955
v -1.4879564046859741 22.42440067419148 26.485741291327955
v 1.6397279500961304 22.247514261613425 25.216081356041347
v -1.4879564046859741 27.91431712258734 32.11165910287816
v -1.4879564046859741 27.816004541835415 30.94946113753202
v -1.4879564046859741 24.244844259667026 33.75453106778841
v -1.4879564046859741 27.816004541835415 30.94946113753202
v 1.4879564046859741 27.816004541835415 30.94946113753202
v -1.4879564046859741 23.900209058585528 32.75720909163945
v 1.4879564046859741 27.816004541835415 30.94946113753202
v 1.4879564046859741 27.91431712258734 32.11165910287816
v 1.4879564046859741 23.900209058585528 32.75720909163945
v 1.4879564046859741 27.91431712258734 32.11165910287816
v -1.4879564046859741 27.91431712258734 32.11165910287816
v 1.4879564046859741 24.244844259667026 33.75453106778841
v -1.4879564046859741 34.463113686487524 33.047538068820955
v -1.4879564046859741 34.799433609237845 32.00269568023634
v -1.4879564046859741 30.26164761307419 31.913094130440943
v -1.4879564046859741 34.799433609237845 32.00269568023634
v 1.4879564046859741 34.799433609237845 32.00269568023634
v -1.4879564046859741 30.16333503232226 30.750896165094808
v 1.4879564046859741 34.799433609237845 32.00269568023634
v 1.4879564046859741 34.463113686487524 33.047538068820955
v 1.4879564046859741 30.16333503232226 30.750896165094808
v 1.4879564046859741 34.463113686487524 33.047538068820955
v -1.4879564046859741 34.463113686487524 33.047538068820955
v 1.4879564046859741 30.26164761307419 31.913094130440943
v -1.4879564046859741 53.775046079258786 40.296882321299506
v -1.4879564046859741 54.41161244323641 39.36474728630134
v -1.4879564046859741 34.463113686487524 33.047538068820955
v -1.4879564046859741 54.41161244323641 39.36474728630134
v 1.4879564046859741 54.41161244323641 39.36474728630134
v -1.4879564046859741 34.799433609237845 32.00269568023634
v 1.4879564046859741 54.41161244323641 39.36474728630134
v 1.4879564046859741 53.775046079258786 40.296882321299506
v 1.4879564046859741 34.799433609237845 32.00269568023634
v 1.4879564046859741 53.775046079258786 40.296882321299506
v -1.4879564046859741 53.775046079258786 40.296882321299506
v 1.4879564046859741 34.463113686487524 33.047538068820955
v 1.406470150949388e-15 59.32270267552795 45.610046052390956
v 1.2873817654884064e-15 60.13855647959242 44.87761590808981
v -1.2103164196014404 55.76439155121286 41.646462848844365
v 1.2873817654884064e-15 60.13855647959242 44.87761590808981
v 1.406470150949388e-15 59.32270267552795 45.610046052390956
v 1.2207401990890503 56.402509723054926 40.716055152001545
v -1.4879564046859741 21.335945567523694 32.618000878709985
v -1.4879564046859741 21.362736804801198 33.529595780888144
v -1.4879564046859741 22.526052378376015 32.52209573281388
v -1.4879564046859741 22.526052378376015 32.52209573281388
v -1.4879564046859741 22.61748204718129 33.11884102564391
v 1.4879564046859741 22.526052378376015 32.52209573281388
v 1.4879564046859741 22.526052378376015 32.52209573281388
v 1.4879564046859741 22.61748204718129 33.11884102564391
v 1.4879564046859741 21.335945567523694 32.618000878709985
v 1.4879564046859741 21.335945567523694 32.618000878709985
v 1.4879564046859741 21.362736804801198 33.529595780888144
v -1.4879564046859741 21.335945567523694 32.618000878709985
v -1.4879564046859741 22.117604565153613 34.215379298651484
v -1.4879564046859741 23.241568119255064 34.18946890760819
v -1.4879564046859741 22.61748204718129 33.11884102564391
v -1.4879564046859741 22.61748204718129 33.11884102564391
v -1.4879564046859741 23.043274953551663 33.096857739375025
v 1.4879564046859741 22.61748204718129 33.11884102564391
v 1.4879564046859741 22.61748204718129 33.11884102564391
v 1.4879564046859741 23.043274953551663 33.096857739375025
v 1.4879564046859741 22.117604565153613 34.215379298651484
v 1.4879564046859741 22.117604565153613 34.215379298651484
v 1.4879564046859741 23.241568119255064 34.18946890760819
v -1.4879564046859741 22.117604565153613 34.215379298651484
v -1.4879564046859741 27.91431712258734 32.11165910287816
v -1.4879564046859741 29.070525645385118 31.80600442852695
v -1.4879564046859741 27.816004541835415 30.94946113753202
v -1.4879564046859741 27.816004541835415 30.94946113753202
v -1.4879564046859741 28.97221306463319 30.643806463180812
v 1.4879564046859741 27.816004541835415 30.94946113753202
v 1.4879564046859741 27.816004541835415 30.94946113753202
v 1.4879564046859741 28.97221306463319 30.643806463180812
v 1.4879564046859741 27.91431712258734 32.11165910287816
v 1.4879564046859741 27.91431712258734 32.11165910287816
v 1.4879564046859741 29.070525645385118 31.80600442852695
v -1.4879564046859741 27.91431712258734 32.11165910287816
v -1.4879564046859741 53.775046079258786 40.296882321299506
v -1.4173327684402466 54.8573681033058 40.85650571423001
v -1.4879564046859741 54.41161244323641 39.36474728630134
v -1.4879564046859741 54.41161244323641 39.36474728630134
v -1.4199990034103394 55.494349004321215 39.924783532236866
v 1.4879564046859741 54.41161244323641 39.36474728630134
v 1.4879564046859741 54.41161244323641 39.36474728630134
v 1.4199990034103394 55.494349004321215 39.924783532236866
v 1.4879564046859741 53.775046079258786 40.296882321299506
v 1.4879564046859741 53.775046079258786 40.296882321299506
v 1.4173327684402466 54.8573681033058 40.85650571423001
v -1.4879564046859741 53.775046079258786 40.296882321299506
v 1.4879564046859741 21.362736804801198 33.529595780888144
v 1.4879564046859741 22.117604565153613 34.215379298651484
v -1.4879564046859741 21.362736804801198 33.529595780888144
v -1.4879564046859741 23.241568119255064 34.18946890760819
v -1.4879564046859741 24.244844259667026 33.75453106778841
v -1.4879564046859741 23.043274953551663 33.096857739375025
v -1.4879564046859741 23.043274953551663 33.096857739375025
v -1.4879564046859741 23.900209058585528 32.75720909163945
v 1.4879564046859741 23.043274953551663 33.096857739375025
v 1.4879564046859741 23.043274953551663 33.096857739375025
v 1.4879564046859741 23.900209058585528 32.75720909163945
v 1.4879564046859741 23.241568119255064 34.18946890760819
v 1.4879564046859741 23.241568119255064 34.18946890760819
v 1.4879564046859741 24.244844259667026 33.75453106778841
v -1.4879564046859741 23.241568119255064 34.18946890760819
v -1.4879564046859741 29.070525645385118 31.80600442852695
v -1.4879564046859741 30.26164761307419 31.913094130440943
v -1.4879564046859741 28.97221306463319 30.643806463180812
v -1.4879564046859741 28.97221306463319 30.643806463180812
v -1.4879564046859741 30.16333503232226 30.750896165094808
v 1.4879564046859741 28.97221306463319 30.643806463180812
v 1.4879564046859741 28.97221306463319 30.643806463180812
v 1.4879564046859741 30.16333503232226 30.750896165094808
v 1.4879564046859741 29.070525645385118 31.80600442852695
v 1.4879564046859741 29.070525645385118 31.80600442852695
v 1.4879564046859741 30.26164761307419 31.913094130440943
v -1.4879564046859741 29.070525645385118 31.80600442852695
v -1.4173327684402466 54.8573681033058 40.85650571423001
v -1.2103164196014404 55.76439155121286 41.646462848844365
v -1.4199990034103394 55.494349004321215 39.924783532236866
v -1.4199990034103394 55.494349004321215 39.924783532236866
v -1.2207401990890503 56.402509723054926 40.716055152001545
v 1.4199990034103394 55.494349004321215 39.924783532236866
v 1.4199990034103394 55.494349004321215 39.924783532236866
v 1.2207401990890503 56.402509723054926 40.716055152001545
v 1.4173327684402466 54.8573681033058 40.85650571423001
v 1.4173327684402466 54.8573681033058 40.85650571423001
v 1.2103164196014404 55.76439155121286 41.646462848844365
v -1.4173327684402466 54.8573681033058 40.85650571423001
v -1.4879564046859741 23.53056686934643 26.600818288858434
v -1.4879564046859741 22.526052378376015 32.52209573281388
v 1.4879564046859741 23.53056686934643 26.600818288858434
v -1.4879564046859741 22.42440067419148 26.485741291327955
v -1.4879564046859741 21.335945567523694 32.618000878709985
v -1.4879564046859741 23.53056686934643 26.600818288858434
v 1.4879564046859741 22.42440067419148 26.485741291327955
v 1.4879564046859741 21.335945567523694 32.618000878709985
v -1.4879564046859741 22.42440067419148 26.485741291327955
v 1.4879564046859741 23.53056686934643 26.600818288858434
v 1.4879564046859741 22.526052378376015 32.52209573281388
v 1.4879564046859741 22.42440067419148 26.485741291327955
v -6.547719478607178 25.248431861725045 18.962647855006868
v -6.266708850860596 26.255839957635004 19.34081035440519
v -5.421213626861572 24.728987873111475 18.60554571817828
v -6.266708850860596 26.255839957635004 19.34081035440519
v -6.266708850860596 25.2099951753569 22.126894634266982
v -5.421213626861572 26.33058784426032 19.206756860166347
v -6.266708850860596 25.2099951753569 22.126894634266982
v -6.547719478607178 24.202586187829578 21.748731796470707
v -5.421213626861572 25.178066440254767 22.277021653290234
v -6.547719478607178 24.202586187829578 21.748731796470707
v -6.547719478607178 25.248431861725045 18.962647855006868
v -5.421213626861572 23.576466957214347 21.675810569048974
v -9.885411262512207 31.911334985357264 21.463779241991038
v -8.83189868927002 31.44277965034062 21.28789214756425
v -12.713074684143066 29.235606706472186 20.45936004156134
v -8.83189868927002 31.44277965034062 21.28789214756425
v -8.83189868927002 30.396934868062516 24.073976427426047
v -11.900486946105957 28.605398748780097 20.222791555020947
v -8.83189868927002 30.396934868062516 24.073976427426047
v -9.885411262512207 30.865490203079162 24.24986352185283
v -11.900486946105957 27.559553966501994 23.008875834882744
v -9.885411262512207 30.865490203079162 24.24986352185283
v -9.885411262512207 31.911334985357264 21.463779241991038
v -12.713074684143066 28.189761924194087 23.245444321423136
v -8.460104942321777 37.95922637495494 23.734046618251078
v -7.363716125488281 37.910235861943455 23.715656488690257
v -8.874574661254883 33.903421080441 22.21157178026385
v -7.363716125488281 37.910235861943455 23.715656488690257
v -7.363716125488281 36.86439107966535 26.501740768552054
v -7.821062088012695 33.43486574542435 22.035684685837065
v -7.363716125488281 36.86439107966535 26.501740768552054
v -8.460104942321777 36.91338159267684 26.520130898112875
v -7.821062088012695 32.38902096314625 24.82176896569886
v -8.460104942321777 36.91338159267684 26.520130898112875
v -8.460104942321777 37.95922637495494 23.734046618251078
v -8.874574661254883 32.8575762981629 24.997656060125642
v -8.460104942321777 57.27116046636146 30.983391770429883
v -7.363716125488281 57.52241473824176 31.077707983303092
v -8.460104942321777 37.95922637495494 23.734046618251078
v -7.363716125488281 57.52241473824176 31.077707983303092
v -7.363716125488281 56.476571739198384 33.863792939960796
v -7.363716125488281 37.910235861943455 23.715656488690257
v -7.363716125488281 56.476571739198384 33.863792939960796
v -8.460104942321777 56.225317467318085 33.76947672708758
v -7.363716125488281 36.86439107966535 26.501740768552054
v -8.460104942321777 56.225317467318085 33.76947672708758
v -8.460104942321777 57.27116046636146 30.983391770429883
v -8.460104942321777 36.91338159267684 26.520130898112875
v -11.484700202941895 63.358850710257784 34.85793645791504
v -10.512269973754883 63.832952428611044 35.03590550759338
v -9.024468421936035 59.36127163722571 32.064538006063586
v -10.512269973754883 63.832952428611044 35.03590550759338
v -11.484700202941895 63.358850710257784 34.85793645791504
v -7.929152488708496 58.76009373647513 34.43556241421794
v -12.671335220336914 26.312040221323755 19.361906856189904
v -13.515365600585938 26.63545437089264 19.483310590611076
v -12.163300514221191 27.323604506541905 19.7416295520242
v -12.163300514221191 27.323604506541905 19.7416295520242
v -12.689848899841309 27.600082588743295 19.845414343282826
v -12.163300514221191 26.277759724263802 22.527713831885993
v -12.163300514221191 26.277759724263802 22.527713831885993
v -12.689848899841309 26.554237806465196 22.63149862314462
v -12.671335220336914 25.266195439045656 22.1479911360517
v -12.671335220336914 25.266195439045656 22.1479911360517
v -13.515365600585938 25.58960958861454 22.269394870472873
v -12.671335220336914 26.312040221323755 19.361906856189904
v -13.892115592956543 27.522725457705462 19.816375842657543
v -13.472856521606445 28.499346376927992 20.182981490309928
v -12.689848899841309 27.600082588743295 19.845414343282826
v -12.689848899841309 27.600082588743295 19.845414343282826
v -12.519628524780273 27.966053415931555 19.982793005107098
v -12.689848899841309 26.554237806465196 22.63149862314462
v -12.689848899841309 26.554237806465196 22.63149862314462
v -12.519628524780273 26.920208633653452 22.768877284968887
v -13.892115592956543 26.476880675427363 22.602460122519336
v -13.892115592956543 26.476880675427363 22.602460122519336
v -13.472856521606445 27.45350159464989 22.969065770171724
v -13.892115592956543 27.522725457705462 19.816375842657543
v -9.885411262512207 31.911334985357264 21.463779241991038
v -9.192919731140137 32.82417629532671 21.806443144855454
v -8.83189868927002 31.44277965034062 21.28789214756425
v -8.83189868927002 31.44277965034062 21.28789214756425
v -8.13940715789795 32.35562096031006 21.630556050428666
v -8.83189868927002 30.396934868062516 24.073976427426047
v -8.83189868927002 30.396934868062516 24.073976427426047
v -8.13940715789795 31.30977617803196 24.416640330290463
v -9.885411262512207 30.865490203079162 24.24986352185283
v -9.885411262512207 30.865490203079162 24.24986352185283
v -9.192919731140137 31.778331513048606 24.592527424717247
v -9.885411262512207 31.911334985357264 21.463779241991038
v -8.460104942321777 57.27116046636146 30.983391770429883
v -8.603662490844727 58.37911254022562 31.474732079116013
v -7.363716125488281 57.52241473824176 31.077707983303092
v -7.363716125488281 57.52241473824176 31.077707983303092
v -7.507515907287598 58.63180573777014 31.566740565172093
v -7.363716125488281 56.476571739198384 33.863792939960796
v -7.363716125488281 56.476571739198384 33.863792939960796
v -7.507515907287598 57.633726178305544 34.22557992569097
v -8.460104942321777 56.225317467318085 33.76947672708758
v -8.460104942321777 56.225317467318085 33.76947672708758
v -8.603662490844727 57.382907300577294 34.12857919316904
v -8.460104942321777 57.27116046636146 30.983391770429883
v -13.515365600585938 25.58960958861454 22.269394870472873
v -13.892115592956543 26.476880675427363 22.602460122519336
v -13.515365600585938 26.63545437089264 19.483310590611076
v -13.472856521606445 28.499346376927992 20.182981490309928
v -12.713074684143066 29.235606706472186 20.45936004156134
v -12.519628524780273 27.966053415931555 19.982793005107098
v -12.519628524780273 27.966053415931555 19.982793005107098
v -11.900486946105957 28.605398748780097 20.222791555020947
v -12.519628524780273 26.920208633653452 22.768877284968887
v -12.519628524780273 26.920208633653452 22.768877284968887
v -11.900486946105957 27.559553966501994 23.008875834882744
v -13.472856521606445 27.45350159464989 22.969065770171724
v -13.472856521606445 27.45350159464989 22.969065770171724
v -12.713074684143066 28.189761924194087 23.245444321423136
v -13.472856521606445 28.499346376927992 20.182981490309928
v -9.192919731140137 32.82417629532671 21.806443144855454
v -8.874574661254883 33.903421080441 22.21157178026385
v -8.13940715789795 32.35562096031006 21.630556050428666
v -8.13940715789795 32.35562096031006 21.630556050428666
v -7.821062088012695 33.43486574542435 22.035684685837065
v -8.13940715789795 31.30977617803196 24.416640330290463
v -8.13940715789795 31.30977617803196 24.416640330290463
v -7.821062088012695 32.38902096314625 24.82176896569886
v -9.192919731140137 31.778331513048606 24.592527424717247
v -9.192919731140137 31.778331513048606 24.592527424717247
v -8.874574661254883 32.8575762981629 24.997656060125642
v -9.192919731140137 32.82417629532671 21.806443144855454
v -8.603662490844727 58.37911254022562 31.474732079116013
v -9.024468421936035 59.36127163722571 32.064538006063586
v -7.507515907287598 58.63180573777014 31.566740565172093
v -7.507515907287598 58.63180573777014 31.566740565172093
v -7.929152488708496 59.61811753475204 32.14981911184206
v -7.507515907287598 57.633726178305544 34.22557992569097
v -7.507515907287598 57.633726178305544 34.22557992569097
v -7.929152488708496 58.76009373647513 34.43556241421794
v -8.603662490844727 57.382907300577294 34.12857919316904
v -8.603662490844727 57.382907300577294 34.12857919316904
v -9.024468421936035 58.51057399459814 34.33076320233323
v -8.603662490844727 58.37911254022562 31.474732079116013
v -6.266708850860596 26.255839957635004 19.34081035440519
v -12.163300514221191 27.323604506541905 19.7416295520242
v -6.266708850860596 25.2099951753569 22.126894634266982
v -6.547719478607178 25.248431861725045 18.962647855006868
v -12.671335220336914 26.312040221323755 19.361906856189904
v -6.266708850860596 26.255839957635004 19.34081035440519
v -6.547719478607178 24.202586187829578 21.748731796470707
v -12.671335220336914 25.266195439045656 22.1479911360517
v -6.547719478607178 25.248431861725045 18.962647855006868
v -6.266708850860596 25.2099951753569 22.126894634266982
v -12.163300514221191 26.277759724263802 22.527713831885993
v -6.547719478607178 24.202586187829578 21.748731796470707
v 7.88660192489624 36.95058026095977 21.455441743631333
v 9.003143310546875 37.11311498088387 21.02245653599672
v 8.536396980285645 35.802528971456496 24.51379958692838
v 9.003143310546875 37.11311498088387 21.02245653599672
v 9.003143310546875 40.95215316084226 22.463560848268195
v 9.744932174682617 35.802528971456496 24.51379958692838
v 9.003143310546875 40.95215316084226 22.463560848268195
v 7.88660192489624 40.789618356318655 22.896546278807147
v 9.744932174682617 39.64156711969007 25.954903982788984
v 7.88660192489624 40.789618356318655 22.896546278807147
v 7.88660192489624 36.95058026095977 21.455441743631333
v 8.536396980285645 39.64156711969007 25.954903982788984
v 6.036143779754639 37.923850472673706 18.862690814163177
v 6.890707492828369 38.22417528338011 18.062638308123272
v 7.88660192489624 36.95058026095977 21.455441743631333
v 6.890707492828369 38.22417528338011 18.062638308123272
v 6.890707492828369 42.063213294139516 19.50374306620343
v 9.003143310546875 37.11311498088387 21.02245653599672
v 6.890707492828369 42.063213294139516 19.50374306620343
v 6.036143779754639 41.762888652632085 20.30379512643465
v 9.003143310546875 40.95215316084226 22.463560848268195
v 6.036143779754639 41.762888652632085 20.30379512643465
v 6.036143779754639 37.923850472673706 18.862690814163177
v 7.88660192489624 40.789618356318655 22.896546278807147
v 3.266737461090088 38.57416928883707 17.130270508302825
v 3.7292239665985107 38.96656286035809 16.084951207194628
v 6.036143779754639 37.923850472673706 18.862690814163177
v 3.7292239665985107 38.96656286035809 16.084951207194628
v 3.7292239665985107 42.80560070191851 17.526056411083474
v 6.890707492828369 38.22417528338011 18.062638308123272
v 3.7292239665985107 42.80560070191851 17.526056411083474
v 3.266737461090088 42.41320746879545 18.5713748205743
v 6.890707492828369 42.063213294139516 19.50374306620343
v 3.266737461090088 42.41320746879545 18.5713748205743
v 3.266737461090088 38.57416928883707 17.130270508302825
v 6.036143779754639 41.762888652632085 20.30379512643465
v 5.227035552945959e-16 38.802532227485074 16.52192625238753
v 5.967050122479415e-16 39.22725449319737 15.390480640757819
v 3.266737461090088 38.57416928883707 17.130270508302825
v 5.967050122479415e-16 39.22725449319737 15.390480640757819
v 5.967050122479415e-16 43.06629267315576 16.831584953029296
v 3.7292239665985107 38.96656286035809 16.084951207194628
v 5.967050122479415e-16 43.06629267315576 16.831584953029296
v 5.227035552945959e-16 42.641568624208716 17.963029887863094
v 3.7292239665985107 42.80560070191851 17.526056411083474
v 5.227035552945959e-16 42.641568624208716 17.963029887863094
v 5.227035552945959e-16 38.802532227485074 16.52192625238753
v 3.266737461090088 42.41320746879545 18.5713748205743
v -3.266737461090088 38.57416928883707 17.130270508302825
v -3.7292239665985107 38.96656286035809 16.084951207194628
v 5.227035552945959e-16 38.802532227485074 16.52192625238753
v -3.7292239665985107 38.96656286035809 16.084951207194628
v -3.7292239665985107 42.80560070191851 17.526056411083474
v 5.967050122479415e-16 39.22725449319737 15.390480640757819
v -3.7292239665985107 42.80560070191851 17.526056411083474
v -3.266737461090088 42.41320746879545 18.5713748205743
v 5.967050122479415e-16 43.06629267315576 16.831584953029296
v -3.266737461090088 42.41320746879545 18.5713748205743
v -3.266737461090088 38.57416928883707 17.130270508302825
v 5.227035552945959e-16 42.641568624208716 17.963029887863094
v -6.036143779754639 37.923850472673706 18.862690814163177
v -6.890707492828369 38.22417528338011 18.062638308123272
v -3.266737461090088 38.57416928883707 17.130270508302825
v -6.890707492828369 38.22417528338011 18.062638308123272
v -6.890707492828369 42.063213294139516 19.50374306620343
v -3.7292239665985107 38.96656286035809 16.084951207194628
v -6.890707492828369 42.063213294139516 19.50374306620343
v -6.036143779754639 41.762888652632085 20.30379512643465
v -3.7292239665985107 42.80560070191851 17.526056411083474
v -6.036143779754639 41.762888652632085 20.30379512643465
v -6.036143779754639 37.923850472673706 18.862690814163177
v -3.266737461090088 42.41320746879545 18.5713748205743
v -7.88660192489624 36.95058026095977 21.455441743631333
v -9.003143310546875 37.11311498088387 21.02245653599672
v -6.036143779754639 37.923850472673706 18.862690814163177
v -9.003143310546875 37.11311498088387 21.02245653599672
v -9.003143310546875 40.95215316084226 22.463560848268195
v -6.890707492828369 38.22417528338011 18.062638308123272
v -9.003143310546875 40.95215316084226 22.463560848268195
v -7.88660192489624 40.789618356318655 22.896546278807147
v -6.890707492828369 42.063213294139516 19.50374306620343
v -7.88660192489624 40.789618356318655 22.896546278807147
v -7.88660192489624 36.95058026095977 21.455441743631333
v -6.036143779754639 41.762888652632085 20.30379512643465
v -8.536396980285645 35.802528971456496 24.51379958692838
v -9.744932174682617 35.802528971456496 24.51379958692838
v -7.88660192489624 36.95058026095977 21.455441743631333
v -9.744932174682617 35.802528971456496 24.51379958692838
v -9.744932174682617 39.64156711969007 25.954903982788984
v -9.003143310546875 37.11311498088387 21.02245653599672
v -9.744932174682617 39.64156711969007 25.954903982788984
v -8.536396980285645 39.64156711969007 25.954903982788984
v -9.003143310546875 40.95215316084226 22.463560848268195
v -8.536396980285645 39.64156711969007 25.954903982788984
v -8.536396980285645 35.802528971456496 24.51379958692838
v -7.88660192489624 40.789618356318655 22.896546278807147
v -7.88660192489624 34.65447769252817 27.57215740236238
v -9.003143310546875 34.49194297260406 28.00514260999699
v -8.536396980285645 35.802528971456496 24.51379958692838
v -9.003143310546875 34.49194297260406 28.00514260999699
v -9.003143310546875 38.330981152562444 29.446246922268468
v -9.744932174682617 35.802528971456496 24.51379958692838
v -9.003143310546875 38.330981152562444 29.446246922268468
v -7.88660192489624 38.49351587248655 29.013261714633856
v -9.744932174682617 39.64156711969007 25.954903982788984
v -7.88660192489624 38.49351587248655 29.013261714633856
v -7.88660192489624 34.65447769252817 27.57215740236238
v -8.536396980285645 39.64156711969007 25.954903982788984
v -6.036143779754639 33.68120748081423 30.164908331830535
v -6.890707492828369 33.380880886873086 30.96496016107453
v -7.88660192489624 34.65447769252817 27.57215740236238
v -6.890707492828369 33.380880886873086 30.96496016107453
v -6.890707492828369 37.219919066831466 32.40606447334601
v -9.003143310546875 34.49194297260406 28.00514260999699
v -6.890707492828369 37.219919066831466 32.40606447334601
v -6.036143779754639 37.52024387753787 31.606011967306102
v -9.003143310546875 38.330981152562444 29.446246922268468
v -6.036143779754639 37.52024387753787 31.606011967306102
v -6.036143779754639 33.68120748081423 30.164908331830535
v -7.88660192489624 38.49351587248655 29.013261714633856
v -3.266737461090088 33.03088866465086 31.897328637690887
v -3.7292239665985107 32.63849509312985 32.942647938799084
v -6.036143779754639 33.68120748081423 30.164908331830535
v -3.7292239665985107 32.63849509312985 32.942647938799084
v -3.7292239665985107 36.47753148985349 34.38375157427465
v -6.890707492828369 33.380880886873086 30.96496016107453
v -3.7292239665985107 36.47753148985349 34.38375157427465
v -3.266737461090088 36.8699250613745 33.338432273166454
v -6.890707492828369 37.219919066831466 32.40606447334601
v -3.266737461090088 36.8699250613745 33.338432273166454
v -3.266737461090088 33.03088866465086 31.897328637690887
v -6.036143779754639 37.52024387753787 31.606011967306102
v -1.5681106129442285e-15 32.80252538760491 32.50567378522355
v -1.7901149838042653e-15 32.377803460290565 33.63711850523589
v -3.266737461090088 33.03088866465086 31.897328637690887
v -1.7901149838042653e-15 32.377803460290565 33.63711850523589
v -1.7901149838042653e-15 36.21683985701421 35.07822214071146
v -3.7292239665985107 32.63849509312985 32.942647938799084
v -1.7901149838042653e-15 36.21683985701421 35.07822214071146
v -1.5681106129442285e-15 36.641563567563296 33.94677809749503
v -3.7292239665985107 36.47753148985349 34.38375157427465
v -1.5681106129442285e-15 36.641563567563296 33.94677809749503
v -1.5681106129442285e-15 32.80252538760491 32.50567378522355
v -3.266737461090088 36.8699250613745 33.338432273166454
v 3.266737461090088 33.03088866465086 31.897328637690887
v 3.7292239665985107 32.63849509312985 32.942647938799084
v -1.5681106129442285e-15 32.80252538760491 32.50567378522355
v 3.7292239665985107 32.63849509312985 32.942647938799084
v 3.7292239665985107 36.47753148985349 34.38375157427465
v -1.7901149838042653e-15 32.377803460290565 33.63711850523589
v 3.7292239665985107 36.47753148985349 34.38375157427465
v 3.266737461090088 36.8699250613745 33.338432273166454
v -1.7901149838042653e-15 36.21683985701421 35.07822214071146
v 3.266737461090088 36.8699250613745 33.338432273166454
v 3.266737461090088 33.03088866465086 31.897328637690887
v -1.5681106129442285e-15 36.641563567563296 33.94677809749503
v 6.036143779754639 33.68120748081423 30.164908331830535
v 6.890707492828369 33.380880886873086 30.96496016107453
v 3.266737461090088 33.03088866465086 31.897328637690887
v 6.890707492828369 33.380880886873086 30.96496016107453
v 6.890707492828369 37.219919066831466 32.40606447334601
v 3.7292239665985107 32.63849509312985 32.942647938799084
v 6.890707492828369 37.219919066831466 32.40606447334601
v 6.036143779754639 37.52024387753787 31.606011967306102
v 3.7292239665985107 36.47753148985349 34.38375157427465
v 6.036143779754639 37.52024387753787 31.606011967306102
v 6.036143779754639 33.68120748081423 30.164908331830535
v 3.266737461090088 36.8699250613745 33.338432273166454
v 7.88660192489624 34.65447769252817 27.57215740236238
v 9.003143310546875 34.49194297260406 28.00514260999699
v 6.036143779754639 33.68120748081423 30.164908331830535
v 9.003143310546875 34.49194297260406 28.00514260999699
v 9.003143310546875 38.330981152562444 29.446246922268468
v 6.890707492828369 33.380880886873086 30.96496016107453
v 9.003143310546875 38.330981152562444 29.446246922268468
v 7.88660192489624 38.49351587248655 29.013261714633856
v 6.890707492828369 37.219919066831466 32.40606447334601
v 7.88660192489624 38.49351587248655 29.013261714633856
v 7.88660192489624 34.65447769252817 27.57215740236238
v 6.036143779754639 37.52024387753787 31.606011967306102
v 8.536396980285645 35.802528971456496 24.51379958692838
v 9.744932174682617 35.802528971456496 24.51379958692838
v 7.88660192489624 34.65447769252817 27.57215740236238
v 9.744932174682617 35.802528971456496 24.51379958692838
v 9.744932174682617 39.64156711969007 25.954903982788984
v 9.003143310546875 34.49194297260406 28.00514260999699
v 9.744932174682617 39.64156711969007 25.954903982788984
v 8.536396980285645 39.64156711969007 25.954903982788984
v 9.003143310546875 38.330981152562444 29.446246922268468
v 8.536396980285645 39.64156711969007 25.954903982788984
v 8.536396980285645 35.802528971456496 24.51379958692838
v 7.88660192489624 38.49351587248655 29.013261714633856
v 7.88660192489624 51.67706865257377 26.98349491874868
v 9.003143310546875 51.83960515573261 26.55051038790998
v 8.536396980285645 50.52901915159271 30.041853424910116
v 9.003143310546875 51.83960515573261 26.55051038790998
v 9.003143310546875 55.67864333569099 27.991614700181454
v 9.744932174682617 50.52901915159271 30.041853424910116
v 9.003143310546875 55.67864333569099 27.991614700181454
v 7.88660192489624 55.51610683253215 28.424599231020157
v 9.744932174682617 54.36805730511375 31.482957806839195
v 7.88660192489624 55.51610683253215 28.424599231020157
v 7.88660192489624 51.67706865257377 26.98349491874868
v 8.536396980285645 54.36805730511375 31.482957806839195
v 6.036143779754639 52.65034234615769 24.390745565776687
v 6.890707492828369 52.9506671568641 23.59069305973678
v 7.88660192489624 51.67706865257377 26.98349491874868
v 6.890707492828369 52.9506671568641 23.59069305973678
v 6.890707492828369 56.78970533682248 25.031797372008256
v 9.003143310546875 51.83960515573261 26.55051038790998
v 6.890707492828369 56.78970533682248 25.031797372008256
v 6.036143779754639 56.48938052611607 25.83184987804816
v 9.003143310546875 55.67864333569099 27.991614700181454
v 6.036143779754639 56.48938052611607 25.83184987804816
v 6.036143779754639 52.65034234615769 24.390745565776687
v 7.88660192489624 55.51610683253215 28.424599231020157
v 3.266737461090088 53.300659379086326 22.658324583120425
v 3.7292239665985107 53.693054733842075 21.613005958808138
v 6.036143779754639 52.65034234615769 24.390745565776687
v 3.7292239665985107 53.693054733842075 21.613005958808138
v 3.7292239665985107 57.532092913800454 23.054110271079615
v 6.890707492828369 52.9506671568641 23.59069305973678
v 3.7292239665985107 57.532092913800454 23.054110271079615
v 3.266737461090088 57.139697559044706 24.0994288953919
v 6.890707492828369 56.78970533682248 25.031797372008256
v 3.266737461090088 57.139697559044706 24.0994288953919
v 3.266737461090088 53.300659379086326 22.658324583120425
v 6.036143779754639 56.48938052611607 25.83184987804816
v 5.227035552945959e-16 53.52902087289754 22.049978758791852
v 5.967050122479415e-16 53.95374492184458 20.918533823958054
v 3.266737461090088 53.300659379086326 22.658324583120425
v 5.967050122479415e-16 53.95374492184458 20.918533823958054
v 5.967050122479415e-16 57.79278310180296 22.359638136229528
v 3.7292239665985107 53.693054733842075 21.613005958808138
v 5.967050122479415e-16 57.79278310180296 22.359638136229528
v 5.227035552945959e-16 57.36805905285592 23.49108307106333
v 3.7292239665985107 57.532092913800454 23.054110271079615
v 5.227035552945959e-16 57.36805905285592 23.49108307106333
v 5.227035552945959e-16 53.52902087289754 22.049978758791852
v 3.266737461090088 57.139697559044706 24.0994288953919
v -3.266737461090088 53.300659379086326 22.658324583120425
v -3.7292239665985107 53.693054733842075 21.613005958808138
v 5.227035552945959e-16 53.52902087289754 22.049978758791852
v -3.7292239665985107 53.693054733842075 21.613005958808138
v -3.7292239665985107 57.532092913800454 23.054110271079615
v 5.967050122479415e-16 53.95374492184458 20.918533823958054
v -3.7292239665985107 57.532092913800454 23.054110271079615
v -3.266737461090088 57.139697559044706 24.0994288953919
v 5.967050122479415e-16 57.79278310180296 22.359638136229528
v -3.266737461090088 57.139697559044706 24.0994288953919
v -3.266737461090088 53.300659379086326 22.658324583120425
v 5.227035552945959e-16 57.36805905285592 23.49108307106333
v -6.036143779754639 52.65034234615769 24.390745565776687
v -6.890707492828369 52.9506671568641 23.59069305973678
v -3.266737461090088 53.300659379086326 22.658324583120425
v -6.890707492828369 52.9506671568641 23.59069305973678
v -6.890707492828369 56.78970533682248 25.031797372008256
v -3.7292239665985107 53.693054733842075 21.613005958808138
v -6.890707492828369 56.78970533682248 25.031797372008256
v -6.036143779754639 56.48938052611607 25.83184987804816
v -3.7292239665985107 57.532092913800454 23.054110271079615
v -6.036143779754639 56.48938052611607 25.83184987804816
v -6.036143779754639 52.65034234615769 24.390745565776687
v -3.266737461090088 57.139697559044706 24.0994288953919
v -7.88660192489624 51.67706865257377 26.98349491874868
v -9.003143310546875 51.83960515573261 26.55051038790998
v -6.036143779754639 52.65034234615769 24.390745565776687
v -9.003143310546875 51.83960515573261 26.55051038790998
v -9.003143310546875 55.67864333569099 27.991614700181454
v -6.890707492828369 52.9506671568641 23.59069305973678
v -9.003143310546875 55.67864333569099 27.991614700181454
v -7.88660192489624 55.51610683253215 28.424599231020157
v -6.890707492828369 56.78970533682248 25.031797372008256
v -7.88660192489624 55.51610683253215 28.424599231020157
v -7.88660192489624 51.67706865257377 26.98349491874868
v -6.036143779754639 56.48938052611607 25.83184987804816
v -8.536396980285645 50.52901915159271 30.041853424910116
v -9.744932174682617 50.52901915159271 30.041853424910116
v -7.88660192489624 51.67706865257377 26.98349491874868
v -9.744932174682617 50.52901915159271 30.041853424910116
v -9.744932174682617 54.36805730511375 31.482957806839195
v -9.003143310546875 51.83960515573261 26.55051038790998
v -9.744932174682617 54.36805730511375 31.482957806839195
v -8.536396980285645 54.36805730511375 31.482957806839195
v -9.003143310546875 55.67864333569099 27.991614700181454
v -8.536396980285645 54.36805730511375 31.482957806839195
v -8.536396980285645 50.52901915159271 30.041853424910116
v -7.88660192489624 55.51610683253215 28.424599231020157
v -7.88660192489624 49.38096608414218 33.10021057747973
v -9.003143310546875 49.2184331474528 33.53319646191025
v -8.536396980285645 50.52901915159271 30.041853424910116
v -9.003143310546875 49.2184331474528 33.53319646191025
v -9.003143310546875 53.057471327411186 34.97430077418173
v -9.744932174682617 50.52901915159271 30.041853424910116
v -9.003143310546875 53.057471327411186 34.97430077418173
v -7.88660192489624 53.22000426410056 34.541314889751206
v -9.744932174682617 54.36805730511375 31.482957806839195
v -7.88660192489624 53.22000426410056 34.541314889751206
v -7.88660192489624 49.38096608414218 33.10021057747973
v -8.536396980285645 54.36805730511375 31.482957806839195
v -6.036143779754639 48.40769595702773 35.69296128404354
v -6.890707492828369 48.10737114632132 36.49301379008345
v -7.88660192489624 49.38096608414218 33.10021057747973
v -6.890707492828369 48.10737114632132 36.49301379008345
v -6.890707492828369 51.9464093262797 37.93411810235492
v -9.003143310546875 49.2184331474528 33.53319646191025
v -6.890707492828369 51.9464093262797 37.93411810235492
v -6.036143779754639 52.246734136986106 37.13406559631502
v -9.003143310546875 53.057471327411186 34.97430077418173
v -6.036143779754639 52.246734136986106 37.13406559631502
v -6.036143779754639 48.40769595702773 35.69296128404354
v -7.88660192489624 53.22000426410056 34.541314889751206
v -3.266737461090088 47.75737875490012 37.42538271250849
v -3.7292239665985107 47.36498373854232 38.470700445203406
v -6.036143779754639 48.40769595702773 35.69296128404354
v -3.7292239665985107 47.36498373854232 38.470700445203406
v -3.7292239665985107 51.2040219185007 39.91180475747488
v -6.890707492828369 48.10737114632132 36.49301379008345
v -3.7292239665985107 51.2040219185007 39.91180475747488
v -3.266737461090088 51.59641693485849 38.866487024779964
v -6.890707492828369 51.9464093262797 37.93411810235492
v -3.266737461090088 51.59641693485849 38.866487024779964
v -3.266737461090088 47.75737875490012 37.42538271250849
v -6.036143779754639 52.246734136986106 37.13406559631502
v -1.5681106129442285e-15 47.52901759948685 38.03372764521969
v -1.7901149838042653e-15 47.104293550539815 39.16517258005349
v -3.266737461090088 47.75737875490012 37.42538271250849
v -1.7901149838042653e-15 47.104293550539815 39.16517258005349
v -1.7901149838042653e-15 50.943331730498194 40.60627689232497
v -3.7292239665985107 47.36498373854232 38.470700445203406
v -1.7901149838042653e-15 50.943331730498194 40.60627689232497
v -1.5681106129442285e-15 51.368055779445235 39.47483195749117
v -3.7292239665985107 51.2040219185007 39.91180475747488
v -1.5681106129442285e-15 51.368055779445235 39.47483195749117
v -1.5681106129442285e-15 47.52901759948685 38.03372764521969
v -3.266737461090088 51.59641693485849 38.866487024779964
v 3.266737461090088 47.75737875490012 37.42538271250849
v 3.6463418006896973 47.35354224766533 38.46040297059368
v -1.5681106129442285e-15 47.52901759948685 38.03372764521969
v 3.6463418006896973 47.35354224766533 38.46040297059368
v 3.7292239665985107 51.2040219185007 39.91180475747488
v -1.7901149838042653e-15 47.104293550539815 39.16517258005349
v 3.7292239665985107 51.2040219185007 39.91180475747488
v 3.266737461090088 51.59641693485849 38.866487024779964
v -1.7901149838042653e-15 50.943331730498194 40.60627689232497
v 3.266737461090088 51.59641693485849 38.866487024779964
v 3.266737461090088 47.75737875490012 37.42538271250849
v -1.5681106129442285e-15 51.368055779445235 39.47483195749117
v 6.036143779754639 48.40769595702773 35.69296128404354
v 6.890707492828369 48.10737114632132 36.49301379008345
v 3.266737461090088 47.75737875490012 37.42538271250849
v 6.890707492828369 48.10737114632132 36.49301379008345
v 6.890707492828369 51.9464093262797 37.93411810235492
v 3.6463418006896973 47.35354224766533 38.46040297059368
v 6.890707492828369 51.9464093262797 37.93411810235492
v 6.036143779754639 52.246734136986106 37.13406559631502
v 3.7292239665985107 51.2040219185007 39.91180475747488
v 6.036143779754639 52.246734136986106 37.13406559631502
v 6.036143779754639 48.40769595702773 35.69296128404354
v 3.266737461090088 51.59641693485849 38.866487024779964
v 7.88660192489624 49.38096608414218 33.10021057747973
v 9.003143310546875 49.2184331474528 33.53319646191025
v 6.036143779754639 48.40769595702773 35.69296128404354
v 9.003143310546875 49.2184331474528 33.53319646191025
v 9.003143310546875 53.057471327411186 34.97430077418173
v 6.890707492828369 48.10737114632132 36.49301379008345
v 9.003143310546875 53.057471327411186 34.97430077418173
v 7.88660192489624 53.22000426410056 34.541314889751206
v 6.890707492828369 51.9464093262797 37.93411810235492
v 7.88660192489624 53.22000426410056 34.541314889751206
v 7.88660192489624 49.38096608414218 33.10021057747973
v 6.036143779754639 52.246734136986106 37.13406559631502
v 8.536396980285645 50.52901915159271 30.041853424910116
v 9.744932174682617 50.52901915159271 30.041853424910116
v 7.88660192489624 49.38096608414218 33.10021057747973
v 9.744932174682617 50.52901915159271 30.041853424910116
v 9.744932174682617 54.36805730511375 31.482957806839195
v 9.003143310546875 49.2184331474528 33.53319646191025
v 9.744932174682617 54.36805730511375 31.482957806839195
v 8.536396980285645 54.36805730511375 31.482957806839195
v 9.003143310546875 53.057471327411186 34.97430077418173
v 8.536396980285645 54.36805730511375 31.482957806839195
v 8.536396980285645 50.52901915159271 30.041853424910116
v 7.88660192489624 53.22000426410056 34.541314889751206
v 4.461454391479492 14.879284621727901 14.685690902988066
v 4.461454391479492 24.572145659352902 18.3242128207041
v 4.829043388366699 14.229831294182857 16.415805270317136
v -2.774845838546753 39.804223243969275 32.251766006861125
v -2.9509496688842773 43.34864865996602 30.762257899891246
v -4.605323314666748 40.27692781583983 31.46299247015519
v 3.414649248123169 15.429864190326775 13.21897081137972
v 3.414649248123169 25.122725673760456 16.85749289829473
v 4.461454391479492 14.879284621727901 14.685690902988066
v 0.033617857843637466 40.4495254246277 31.86498142313868
v 0.004625216592103243 44.348604314483325 31.789105705266227
v -2.774845838546753 39.804223243969275 32.251766006861125
v 1.8479949235916138 15.797750004628782 12.238939929556958
v 1.8479949235916138 25.490611042253782 15.877461847272992
v 3.414649248123169 15.429864190326775 13.21897081137972
v 2.66452693939209 40.43002201190004 31.860928575753587
v 3.244946241378784 43.90054434168581 31.23447924111019
v 0.033617857843637466 40.4495254246277 31.86498142313868
v 2.956936167629803e-16 15.92693441735254 11.894798330489134
v 2.956936167629803e-16 25.61979528577856 15.533320694013852
v 1.8479949235916138 15.797750004628782 12.238939929556958
v 4.702507972717285 40.28853092573455 31.352865984363643
v 4.803608417510986 43.4335248959767 31.313129379394532
v 2.66452693939209 40.43002201190004 31.860928575753587
v -1.8479949235916138 15.797750004628782 12.238939929556958
v -1.8479949235916138 25.490611042253782 15.877461847272992
v 2.956936167629803e-16 15.92693441735254 11.894798330489134
v -2.9509496688842773 43.34864865996602 30.762257899891246
v -2.917152166366577 46.63491369545548 28.1523602858244
v -5.189516067504883 44.06028735814747 31.082016869870046
v -3.414649248123169 15.429864190326775 13.21897081137972
v -3.414649248123169 25.122725673760456 16.85749289829473
v -1.8479949235916138 15.797750004628782 12.238939929556958
v 0.004625216592103243 44.348604314483325 31.789105705266227
v 0.00798608735203743 47.52685458530243 28.501704592227693
v -2.9509496688842773 43.34864865996602 30.762257899891246
v -4.461454391479492 14.879284621727901 14.685690902988066
v -4.461454391479492 24.572145659352902 18.3242128207041
v -3.414649248123169 15.429864190326775 13.21897081137972
v 3.244946241378784 43.90054434168581 31.23447924111019
v 2.004251480102539 46.214210712833044 28.33703263940047
v 0.004625216592103243 44.348604314483325 31.789105705266227
v -4.829043388366699 14.229831294182857 16.415805270317136
v -4.829043388366699 23.922692773650937 20.054327367680788
v -4.461454391479492 14.879284621727901 14.685690902988066
v 4.803608417510986 43.4335248959767 31.313129379394532
v 4.197627544403076 45.12675075919753 28.401021435373853
v 3.244946241378784 43.90054434168581 31.23447924111019
v -4.461454391479492 13.580378223910696 18.145919631690806
v -4.461454391479492 23.273239442140294 21.7844417454585
v -4.829043388366699 14.229831294182857 16.415805270317136
v -2.917152166366577 46.63491369545548 28.1523602858244
v -3.784181594848633 45.0215390923331 24.272529079335825
v -4.433582305908203 45.50376740518458 28.391808503770374
v -3.414649248123169 13.029798390107738 19.612639750151835
v -3.414649248123169 22.72265987354142 23.251161837066846
v -4.461454391479492 13.580378223910696 18.145919631690806
v 0.00798608735203743 47.52685458530243 28.501704592227693
v 0.018844110891222954 45.299128290713924 25.737246874101935
v -2.917152166366577 46.63491369545548 28.1523602858244
v -1.8479949235916138 12.661912714110583 20.592670939478428
v -1.8479949235916138 22.354773974639926 24.23119294179395
v -3.414649248123169 13.029798390107738 19.612639750151835
v 2.004251480102539 46.214210712833044 28.33703263940047
v 3.0608408451080322 44.46309082109673 25.377478352753677
v 0.00798608735203743 47.52685458530243 28.501704592227693
v -8.870808767587205e-16 12.532728470585802 20.93681209273757
v -8.870808767587205e-16 22.225589731115143 24.575334095053087
v -1.8479949235916138 12.661912714110583 20.592670939478428
v 4.197627544403076 45.12675075919753 28.401021435373853
v 3.947704315185547 44.28560652153073 25.675833141770543
v 2.004251480102539 46.214210712833044 28.33703263940047
v 1.8479949235916138 12.661912714110583 20.592670939478428
v 1.8479949235916138 22.354773974639926 24.23119294179395
v -8.870808767587205e-16 12.532728470585802 20.93681209273757
v -3.784181594848633 45.0215390923331 24.272529079335825
v -3.214876174926758 44.82458712571536 22.320432598266834
v -4.133794784545898 44.53605462476558 25.66133271452359
v 3.414649248123169 13.029798390107738 19.612639750151835
v 3.414649248123169 22.72265987354142 23.251161837066846
v 1.8479949235916138 12.661912714110583 20.592670939478428
v 0.018844110891222954 45.299128290713924 25.737246874101935
v -0.005642634350806475 44.879119036250074 22.37438441705182
v -3.784181594848633 45.0215390923331 24.272529079335825
v 4.461454391479492 13.580378223910696 18.145919631690806
v 4.461454391479492 23.273239442140294 21.7844417454585
v 3.414649248123169 13.029798390107738 19.612639750151835
v 3.0608408451080322 44.46309082109673 25.377478352753677
v 3.133573293685913 45.024678838911775 22.347409486086473
v 0.018844110891222954 45.299128290713924 25.737246874101935
v 4.829043388366699 14.229831294182857 16.415805270317136
v 4.829043388366699 23.922692773650937 20.054327367680788
v 4.461454391479492 13.580378223910696 18.145919631690806
v 3.947704315185547 44.28560652153073 25.675833141770543
v 3.4875473976135254 44.273168406474255 23.224299072559763
v 3.0608408451080322 44.46309082109673 25.377478352753677
v 4.461454391479492 13.580378223910696 18.145919631690806
v 2.3402099609375 8.320099111427426 15.232793103971686
v 4.829043388366699 14.229831294182857 16.415805270317136
v 3.414649248123169 13.029798390107738 19.612639750151835
v 1.7911192178726196 8.03129823922442 16.00214616162969
v 4.461454391479492 13.580378223910696 18.145919631690806
v 1.8479949235916138 12.661912714110583 20.592670939478428
v 0.9693467020988464 7.838327623268086 16.516211370934208
v 3.414649248123169 13.029798390107738 19.612639750151835
v -8.870808767587205e-16 12.532728470585802 20.93681209273757
v -4.653091321842366e-16 7.770565663555356 16.696727292661432
v 1.8479949235916138 12.661912714110583 20.592670939478428
v -1.8479949235916138 12.661912714110583 20.592670939478428
v -0.9693467020988464 7.838327623268086 16.516211370934208
v -8.870808767587205e-16 12.532728470585802 20.93681209273757
v -3.414649248123169 13.029798390107738 19.612639750151835
v -1.7911192178726196 8.03129823922442 16.00214616162969
v -1.8479949235916138 12.661912714110583 20.592670939478428
v -4.461454391479492 13.580378223910696 18.145919631690806
v -2.3402099609375 8.320099111427426 15.232793103971686
v -3.414649248123169 13.029798390107738 19.612639750151835
v -4.829043388366699 14.229831294182857 16.415805270317136
v -2.533025026321411 8.660763189017725 14.325279428020014
v -4.461454391479492 13.580378223910696 18.145919631690806
v -4.461454391479492 14.879284621727901 14.685690902988066
v -2.3402099609375 9.001427261320556 13.417765765999864
v -4.829043388366699 14.229831294182857 16.415805270317136
v -3.414649248123169 15.429864190326775 13.21897081137972
v -1.7911192178726196 9.290228133523563 12.648412708341858
v -4.461454391479492 14.879284621727901 14.685690902988066
v -1.8479949235916138 15.797750004628782 12.238939929556958
v -0.9693467020988464 9.483198749479897 12.134347499037341
v -3.414649248123169 15.429864190326775 13.21897081137972
v 2.956936167629803e-16 15.92693441735254 11.894798330489134
v 1.5510304847304212e-16 9.550961600809991 11.953831915708072
v -1.8479949235916138 15.797750004628782 12.238939929556958
v 1.8479949235916138 15.797750004628782 12.238939929556958
v 0.9693467020988464 9.483198749479897 12.134347499037341
v 2.956936167629803e-16 15.92693441735254 11.894798330489134
v 3.414649248123169 15.429864190326775 13.21897081137972
v 1.7911192178726196 9.290228133523563 12.648412708341858
v 1.8479949235916138 15.797750004628782 12.238939929556958
v 4.461454391479492 14.879284621727901 14.685690902988066
v 2.3402099609375 9.001427261320556 13.417765765999864
v 3.414649248123169 15.429864190326775 13.21897081137972
v 4.829043388366699 14.229831294182857 16.415805270317136
v 2.533025026321411 8.660763189017725 14.325279428020014
v 4.461454391479492 14.879284621727901 14.685690902988066
v 3.4848101139068604 -18.76005117933773 4.032009550329288
v 3.4848101139068604 -20.141735350757124 3.513350710384147
v 3.2195448875427246 -18.291381884370516 2.7834975248890466
v 3.2195448875427246 -18.291381884370516 2.7834975248890466
v 3.2195448875427246 -19.673066053146172 2.2648386779781458
v 2.4641330242156982 -17.894064463638678 1.7250596392244564
v 2.4641330242156982 -17.894064463638678 1.7250596392244564
v 2.4641330242156982 -19.275748632414334 1.2064007923135556
v 1.333579182624817 -17.62858322768615 1.0178349529957202
v 1.333579182624817 -17.62858322768615 1.0178349529957202
v 1.333579182624817 -19.010270962931266 0.49917475249300125
v 1.6857050175747107e-16 -17.5353604071654 0.7694897923881783
v 1.6857050175747107e-16 -17.5353604071654 0.7694897923881783
v 1.6857050175747107e-16 -18.917044575941055 0.2508309454772757
v -1.333579182624817 -17.62858322768615 1.0178349529957202
v -1.333579182624817 -17.62858322768615 1.0178349529957202
v -1.333579182624817 -19.010270962931266 0.49917475249300125
v -2.4641330242156982 -17.894064463638678 1.7250596392244564
v -2.4641330242156982 -17.894064463638678 1.7250596392244564
v -2.4641330242156982 -19.275748632414334 1.2064007923135556
v -3.2195448875427246 -18.291381884370516 2.7834975248890466
v -3.2195448875427246 -18.291381884370516 2.7834975248890466
v -3.2195448875427246 -19.673066053146172 2.2648386779781458
v -3.4848101139068604 -18.76005117933773 4.032009550329288
v -3.4848101139068604 -18.76005117933773 4.032009550329288
v -3.4848101139068604 -20.141735350757124 3.513350710384147
v -3.2195448875427246 -19.22872048487988 5.280521603632572
v -3.2195448875427246 -19.22872048487988 5.280521603632572
v -3.2195448875427246 -20.610404653655543 4.761862756721671
v -2.4641330242156982 -19.626037947911463 6.338959600749334
v -2.4641330242156982 -19.626037947911463 6.338959600749334
v -2.4641330242156982 -21.007722116687127 5.820300753838431
v -1.333579182624817 -19.891515617394532 7.04618564056989
v -1.333579182624817 -19.891515617394532 7.04618564056989
v -1.333579182624817 -21.273203352639662 6.527525440067169
v -4.653091321842366e-16 -19.984741919785257 7.294529224681272
v -4.653091321842366e-16 -19.984741919785257 7.294529224681272
v -4.653091321842366e-16 -21.36642608856092 6.775870377770371
v 1.333579182624817 -19.891515617394532 7.04618564056989
v 1.333579182624817 -19.891515617394532 7.04618564056989
v 1.333579182624817 -21.273203352639662 6.527525440067169
v 2.4641330242156982 -19.626037947911463 6.338959600749334
v 2.4641330242156982 -19.626037947911463 6.338959600749334
v 2.4641330242156982 -21.007722116687127 5.820300753838431
v 3.2195448875427246 -19.22872048487988 5.280521603632572
v 3.2195448875427246 -19.22872048487988 5.280521603632572
v 3.2195448875427246 -20.610404653655543 4.761862756721671
v 3.4848101139068604 -18.76005117933773 4.032009550329288
v 2.533025026321411 -20.141735350757124 3.513350710384147
v 0.25330251455307007 -24.533927880041 1.864602339065227
v 2.3402099609375 -19.801073953306393 2.6058360331701333
v 2.3402099609375 -19.801073953306393 2.6058360331701333
v 0.23402100801467896 -24.499863879516667 1.7738500574472944
v 1.7911192178726196 -19.512270427401155 1.8364840464320782
v 1.7911192178726196 -19.512270427401155 1.8364840464320782
v 0.17911192774772644 -24.470982814028815 1.6969151305367163
v 0.9693467020988464 -19.31929981144483 1.322418837127561
v 0.9693467020988464 -19.31929981144483 1.322418837127561
v 0.09693467617034912 -24.451684680377348 1.6455090101112013
v 1.5510304847304212e-16 -19.251538743349457 1.14190257700238
v 1.5510304847304212e-16 -19.251538743349457 1.14190257700238
v 1.5510304847304212e-17 -24.444910718736963 1.6274565858751142
v -0.9693467020988464 -19.31929981144483 1.322418837127561
v -0.9693467020988464 -19.31929981144483 1.322418837127561
v -0.09693467617034912 -24.451684680377348 1.6455090101112013
v -1.7911192178726196 -19.512270427401155 1.8364840464320782
v -1.7911192178726196 -19.512270427401155 1.8364840464320782
v -0.17911192774772644 -24.470982814028815 1.6969151305367163
v -2.3402099609375 -19.801073953306393 2.6058360331701333
v -2.3402099609375 -19.801073953306393 2.6058360331701333
v -0.23402100801467896 -24.499863879516667 1.7738500574472944
v -2.533025026321411 -20.141735350757124 3.513350710384147
v -2.533025026321411 -20.141735350757124 3.513350710384147
v -0.25330251455307007 -24.533927880041 1.864602339065227
v -2.3402099609375 -20.482400298814916 4.420863992211778
v -2.3402099609375 -20.482400298814916 4.420863992211778
v -0.23402100801467896 -24.567995447695722 1.9553532688327806
v -1.7911192178726196 -20.771200279400553 5.1902173882677385
v -1.7911192178726196 -20.771200279400553 5.1902173882677385
v -0.17911192774772644 -24.59687651252265 2.032288194001918
v -0.9693467020988464 -20.964170937656633 5.704282709024428
v -0.9693467020988464 -20.964170937656633 5.704282709024428
v -0.09693467617034912 -24.616171079704635 2.083695668019251
v -4.653091321842366e-16 -21.03193548762198 5.8847973926534465
v -4.653091321842366e-16 -21.03193548762198 5.8847973926534465
v -4.6530914541912635e-17 -24.62294861310196 2.101746752595041
v 0.9693467020988464 -20.964170937656633 5.704282709024428
v 0.9693467020988464 -20.964170937656633 5.704282709024428
v 0.09693467617034912 -24.616171079704635 2.083695668019251
v 1.7911192178726196 -20.771200279400553 5.1902173882677385
v 1.7911192178726196 -20.771200279400553 5.1902173882677385
v 0.17911192774772644 -24.59687651252265 2.032288194001918
v 2.3402099609375 -20.482400298814916 4.420863992211778
v 2.3402099609375 -20.482400298814916 4.420863992211778
v 0.23402100801467896 -24.567995447695722 1.9553532688327806
v 2.533025026321411 -20.141735350757124 3.513350710384147
v 2.533025026321411 -18.76005117933773 4.032009550329288
v 2.533025026321411 8.660763189017725 14.325279428020014
v 2.3402099609375 -19.100712563569793 4.939524192714499
v 2.3402099609375 -18.41938621806127 3.124496233672854
v 2.3402099609375 9.001427261320556 13.417765765999864
v 2.533025026321411 -18.76005117933773 4.032009550329288
v 1.7911192178726196 -18.1305862586255 2.3551428933429808
v 1.7911192178726196 9.290228133523563 12.648412708341858
v 2.3402099609375 -18.41938621806127 3.124496233672854
v 0.9693467020988464 -17.937615642669165 1.8410776840384635
v 0.9693467020988464 9.483198749479897 12.134347499037341
v 1.7911192178726196 -18.1305862586255 2.3551428933429808
v 1.5510304847304212e-16 -17.86985100810434 1.6605627775051026
v 1.5510304847304212e-16 9.550961600809991 11.953831915708072
v 0.9693467020988464 -17.937615642669165 1.8410776840384635
v -0.9693467020988464 -17.937615642669165 1.8410776840384635
v -0.9693467020988464 9.483198749479897 12.134347499037341
v 1.5510304847304212e-16 -17.86985100810434 1.6605627775051026
v -1.7911192178726196 -18.1305862586255 2.3551428933429808
v -1.7911192178726196 9.290228133523563 12.648412708341858
v -0.9693467020988464 -17.937615642669165 1.8410776840384635
v -2.3402099609375 -18.41938621806127 3.124496233672854
v -2.3402099609375 9.001427261320556 13.417765765999864
v -1.7911192178726196 -18.1305862586255 2.3551428933429808
v -2.533025026321411 -18.76005117933773 4.032009550329288
v -2.533025026321411 8.660763189017725 14.325279428020014
v -2.3402099609375 -18.41938621806127 3.124496233672854
v -2.3402099609375 -19.100712563569793 4.939524192714499
v -2.3402099609375 8.320099111427426 15.232793103971686
v -2.533025026321411 -18.76005117933773 4.032009550329288
v -1.7911192178726196 -19.389516110624896 5.708876235178639
v -1.7911192178726196 8.03129823922442 16.00214616162969
v -2.3402099609375 -19.100712563569793 4.939524192714499
v -0.9693467020988464 -19.582486768880976 6.2229415559353285
v -0.9693467020988464 7.838327623268086 16.516211370934208
v -1.7911192178726196 -19.389516110624896 5.708876235178639
v -4.653091321842366e-16 -19.65024775237685 6.4034575931561655
v -4.653091321842366e-16 7.770565663555356 16.696727292661432
v -0.9693467020988464 -19.582486768880976 6.2229415559353285
v 0.9693467020988464 -19.582486768880976 6.2229415559353285
v 0.9693467020988464 7.838327623268086 16.516211370934208
v -4.653091321842366e-16 -19.65024775237685 6.4034575931561655
v 1.7911192178726196 -19.389516110624896 5.708876235178639
v 1.7911192178726196 8.03129823922442 16.00214616162969
v 0.9693467020988464 -19.582486768880976 6.2229415559353285
v 2.3402099609375 -19.100712563569793 4.939524192714499
v 2.3402099609375 8.320099111427426 15.232793103971686
v 1.7911192178726196 -19.389516110624896 5.708876235178639
v 2.533025026321411 -18.76005117933773 4.032009550329288
v 3.4848101139068604 -18.76005117933773 4.032009550329288
v 2.3402099609375 -18.41938621806127 3.124496233672854
v 2.3402099609375 -19.801073953306393 2.6058360331701333
v 3.2195448875427246 -19.673066053146172 2.2648386779781458
v 2.533025026321411 -20.141735350757124 3.513350710384147
v 2.3402099609375 -18.41938621806127 3.124496233672854
v 3.2195448875427246 -18.291381884370516 2.7834975248890466
v 1.7911192178726196 -18.1305862586255 2.3551428933429808
v 1.7911192178726196 -19.512270427401155 1.8364840464320782
v 2.4641330242156982 -19.275748632414334 1.2064007923135556
v 2.3402099609375 -19.801073953306393 2.6058360331701333
v 1.7911192178726196 -18.1305862586255 2.3551428933429808
v 2.4641330242156982 -17.894064463638678 1.7250596392244564
v 0.9693467020988464 -17.937615642669165 1.8410776840384635
v 0.9693467020988464 -19.31929981144483 1.322418837127561
v 1.333579182624817 -19.010270962931266 0.49917475249300125
v 1.7911192178726196 -19.512270427401155 1.8364840464320782
v 0.9693467020988464 -17.937615642669165 1.8410776840384635
v 1.333579182624817 -17.62858322768615 1.0178349529957202
v 1.5510304847304212e-16 -17.86985100810434 1.6605627775051026
v 1.5510304847304212e-16 -19.251538743349457 1.14190257700238
v 1.6857050175747107e-16 -18.917044575941055 0.2508309454772757
v 0.9693467020988464 -19.31929981144483 1.322418837127561
v 1.5510304847304212e-16 -17.86985100810434 1.6605627775051026
v 1.6857050175747107e-16 -17.5353604071654 0.7694897923881783
v -0.9693467020988464 -17.937615642669165 1.8410776840384635
v -0.9693467020988464 -19.31929981144483 1.322418837127561
v -1.333579182624817 -19.010270962931266 0.49917475249300125
v 1.5510304847304212e-16 -19.251538743349457 1.14190257700238
v -0.9693467020988464 -17.937615642669165 1.8410776840384635
v -1.333579182624817 -17.62858322768615 1.0178349529957202
v -1.7911192178726196 -18.1305862586255 2.3551428933429808
v -1.7911192178726196 -19.512270427401155 1.8364840464320782
v -2.4641330242156982 -19.275748632414334 1.2064007923135556
v -0.9693467020988464 -19.31929981144483 1.322418837127561
v -1.7911192178726196 -18.1305862586255 2.3551428933429808
v -2.4641330242156982 -17.894064463638678 1.7250596392244564
v -2.3402099609375 -18.41938621806127 3.124496233672854
v -2.3402099609375 -19.801073953306393 2.6058360331701333
v -3.2195448875427246 -19.673066053146172 2.2648386779781458
v -1.7911192178726196 -19.512270427401155 1.8364840464320782
v -2.3402099609375 -18.41938621806127 3.124496233672854
v -3.2195448875427246 -18.291381884370516 2.7834975248890466
v -2.533025026321411 -18.76005117933773 4.032009550329288
v -2.533025026321411 -20.141735350757124 3.513350710384147
v -3.4848101139068604 -20.141735350757124 3.513350710384147
v -2.3402099609375 -19.801073953306393 2.6058360331701333
v -2.533025026321411 -18.76005117933773 4.032009550329288
v -3.4848101139068604 -18.76005117933773 4.032009550329288
v -2.3402099609375 -19.100712563569793 4.939524192714499
v -2.3402099609375 -20.482400298814916 4.420863992211778
v -3.2195448875427246 -20.610404653655543 4.761862756721671
v -2.533025026321411 -20.141735350757124 3.513350710384147
v -2.3402099609375 -19.100712563569793 4.939524192714499
v -3.2195448875427246 -19.22872048487988 5.280521603632572
v -1.7911192178726196 -19.389516110624896 5.708876235178639
v -1.7911192178726196 -20.771200279400553 5.1902173882677385
v -2.4641330242156982 -21.007722116687127 5.820300753838431
v -2.3402099609375 -20.482400298814916 4.420863992211778
v -1.7911192178726196 -19.389516110624896 5.708876235178639
v -2.4641330242156982 -19.626037947911463 6.338959600749334
v -0.9693467020988464 -19.582486768880976 6.2229415559353285
v -0.9693467020988464 -20.964170937656633 5.704282709024428
v -1.333579182624817 -21.273203352639662 6.527525440067169
v -1.7911192178726196 -20.771200279400553 5.1902173882677385
v -0.9693467020988464 -19.582486768880976 6.2229415559353285
v -1.333579182624817 -19.891515617394532 7.04618564056989
v -4.653091321842366e-16 -19.65024775237685 6.4034575931561655
v -4.653091321842366e-16 -21.03193548762198 5.8847973926534465
v -4.653091321842366e-16 -21.36642608856092 6.775870377770371
v -0.9693467020988464 -20.964170937656633 5.704282709024428
v -4.653091321842366e-16 -19.65024775237685 6.4034575931561655
v -4.653091321842366e-16 -19.984741919785257 7.294529224681272
v 0.9693467020988464 -19.582486768880976 6.2229415559353285
v 0.9693467020988464 -20.964170937656633 5.704282709024428
v 1.333579182624817 -21.273203352639662 6.527525440067169
v -4.653091321842366e-16 -21.03193548762198 5.8847973926534465
v 0.9693467020988464 -19.582486768880976 6.2229415559353285
v 1.333579182624817 -19.891515617394532 7.04618564056989
v 1.7911192178726196 -19.389516110624896 5.708876235178639
v 1.7911192178726196 -20.771200279400553 5.1902173882677385
v 2.4641330242156982 -21.007722116687127 5.820300753838431
v 0.9693467020988464 -20.964170937656633 5.704282709024428
v 1.7911192178726196 -19.389516110624896 5.708876235178639
v 2.4641330242156982 -19.626037947911463 6.338959600749334
v 2.3402099609375 -19.100712563569793 4.939524192714499
v 2.3402099609375 -20.482400298814916 4.420863992211778
v 3.2195448875427246 -20.610404653655543 4.761862756721671
v 1.7911192178726196 -20.771200279400553 5.1902173882677385
v 2.3402099609375 -19.100712563569793 4.939524192714499
v 3.2195448875427246 -19.22872048487988 5.280521603632572
v 2.533025026321411 -18.76005117933773 4.032009550329288
v 2.533025026321411 -20.141735350757124 3.513350710384147
v 3.4848101139068604 -20.141735350757124 3.513350710384147
v 2.3402099609375 -20.482400298814916 4.420863992211778
v 5.340789318084717 23.14523468379073 22.125440229317242
v 5.340789318084717 25.07639734515442 22.85036330425939
v 4.087663173675537 22.48613803625485 23.88124520263754
v 5.780828475952148 23.922692773650937 20.054327367680788
v 5.780828475952148 25.85385457512207 20.779250020635853
v 5.340789318084717 23.14523468379073 22.125440229317242
v 5.340789318084717 24.700150417702464 17.983214336845357
v 5.340789318084717 26.631312633257473 18.708137242588524
v 5.780828475952148 23.922692773650937 20.054327367680788
v 4.087663173675537 25.35924698063885 16.227409586429403
v 4.087663173675537 27.290409726602032 16.952332438467206
v 5.340789318084717 24.700150417702464 17.983214336845357
v 2.2122273445129395 25.79964175860156 15.054218216529998
v 2.2122273445129395 27.73080361294737 15.779140730169848
v 4.087663173675537 25.35924698063885 16.227409586429403
v 2.956936167629803e-16 25.954287669952237 14.642248385692838
v 2.956936167629803e-16 27.885449970106734 15.367171068531666
v 2.2122273445129395 25.79964175860156 15.054218216529998
v -2.2122273445129395 25.79964175860156 15.054218216529998
v -2.2122273445129395 27.73080361294737 15.779140730169848
v 2.956936167629803e-16 25.954287669952237 14.642248385692838
v -4.087663173675537 25.35924698063885 16.227409586429403
v -4.087663173675537 27.290409726602032 16.952332438467206
v -2.2122273445129395 25.79964175860156 15.054218216529998
v -5.340789318084717 24.700150417702464 17.983214336845357
v -5.340789318084717 26.631312633257473 18.708137242588524
v -4.087663173675537 25.35924698063885 16.227409586429403
v -5.780828475952148 23.922692773650937 20.054327367680788
v -5.780828475952148 25.85385457512207 20.779250020635853
v -5.340789318084717 24.700150417702464 17.983214336845357
v -5.340789318084717 23.14523468379073 22.125440229317242
v -5.340789318084717 25.07639734515442 22.85036330425939
v -5.780828475952148 23.922692773650937 20.054327367680788
v -4.087663173675537 22.48613803625485 23.88124520263754
v -4.087663173675537 24.41730025180986 24.606168108380707
v -5.340789318084717 23.14523468379073 22.125440229317242
v -2.2122273445129395 22.045743258292145 25.054436572536943
v -2.2122273445129395 23.976905558446642 25.77935925537577
v -4.087663173675537 22.48613803625485 23.88124520263754
v -1.0486902102927495e-15 21.891097346941468 25.4664064033741
v -1.0486902102927495e-15 23.82226009290465 26.191329255411908
v -2.2122273445129395 22.045743258292145 25.054436572536943
v 2.2122273445129395 22.045743258292145 25.054436572536943
v 2.2122273445129395 23.976905558446642 25.77935925537577
v -1.0486902102927495e-15 21.891097346941468 25.4664064033741
v 4.087663173675537 22.48613803625485 23.88124520263754
v 4.087663173675537 24.41730025180986 24.606168108380707
v 2.2122273445129395 22.045743258292145 25.054436572536943
v 4.461454391479492 23.273239442140294 21.7844417454585
v 5.340789318084717 23.14523468379073 22.125440229317242
v 3.414649248123169 22.72265987354142 23.251161837066846
v 3.414649248123169 25.410240212564368 24.260030192060174
v 4.087663173675537 24.41730025180986 24.606168108380707
v 4.461454391479492 25.960819823462984 22.793309988999656
v 4.829043388366699 23.922692773650937 20.054327367680788
v 5.780828475952148 23.922692773650937 20.054327367680788
v 4.461454391479492 23.273239442140294 21.7844417454585
v 4.461454391479492 25.960819823462984 22.793309988999656
v 5.340789318084717 25.07639734515442 22.85036330425939
v 4.829043388366699 26.61027358491991 21.063195822215487
v 4.461454391479492 24.572145659352902 18.3242128207041
v 5.340789318084717 24.700150417702464 17.983214336845357
v 4.829043388366699 23.922692773650937 20.054327367680788
v 4.829043388366699 26.61027358491991 21.063195822215487
v 5.780828475952148 25.85385457512207 20.779250020635853
v 4.461454391479492 27.259726444184533 19.333081344896407
v 3.414649248123169 25.122725673760456 16.85749289829473
v 4.087663173675537 25.35924698063885 16.227409586429403
v 4.461454391479492 24.572145659352902 18.3242128207041
v 4.461454391479492 27.259726444184533 19.333081344896407
v 5.340789318084717 26.631312633257473 18.708137242588524
v 3.414649248123169 27.81030609738289 17.866361030383718
v 1.8479949235916138 25.490611042253782 15.877461847272992
v 2.2122273445129395 25.79964175860156 15.054218216529998
v 3.414649248123169 25.122725673760456 16.85749289829473
v 3.414649248123169 27.81030609738289 17.866361030383718
v 4.087663173675537 27.290409726602032 16.952332438467206
v 1.8479949235916138 28.17819199628439 16.886329925656614
v 2.956936167629803e-16 25.61979528577856 15.533320694013852
v 2.956936167629803e-16 25.954287669952237 14.642248385692838
v 1.8479949235916138 25.490611042253782 15.877461847272992
v 1.8479949235916138 28.17819199628439 16.886329925656614
v 2.2122273445129395 27.73080361294737 15.779140730169848
v 2.956936167629803e-16 28.307376685617854 16.54218894159645
v -1.8479949235916138 25.490611042253782 15.877461847272992
v -2.2122273445129395 25.79964175860156 15.054218216529998
v 2.956936167629803e-16 25.61979528577856 15.533320694013852
v 2.956936167629803e-16 28.307376685617854 16.54218894159645
v 2.956936167629803e-16 27.885449970106734 15.367171068531666
v -1.8479949235916138 28.17819199628439 16.886329925656614
v -3.414649248123169 25.122725673760456 16.85749289829473
v -4.087663173675537 25.35924698063885 16.227409586429403
v -1.8479949235916138 25.490611042253782 15.877461847272992
v -1.8479949235916138 28.17819199628439 16.886329925656614
v -2.2122273445129395 27.73080361294737 15.779140730169848
v -3.414649248123169 27.81030609738289 17.866361030383718
v -4.461454391479492 24.572145659352902 18.3242128207041
v -5.340789318084717 24.700150417702464 17.983214336845357
v -3.414649248123169 25.122725673760456 16.85749289829473
v -3.414649248123169 27.81030609738289 17.866361030383718
v -4.087663173675537 27.290409726602032 16.952332438467206
v -4.461454391479492 27.259726444184533 19.333081344896407
v -4.829043388366699 23.922692773650937 20.054327367680788
v -5.780828475952148 23.922692773650937 20.054327367680788
v -4.461454391479492 24.572145659352902 18.3242128207041
v -4.461454391479492 27.259726444184533 19.333081344896407
v -5.340789318084717 26.631312633257473 18.708137242588524
v -4.829043388366699 26.61027358491991 21.063195822215487
v -4.461454391479492 23.273239442140294 21.7844417454585
v -5.340789318084717 23.14523468379073 22.125440229317242
v -4.829043388366699 23.922692773650937 20.054327367680788
v -4.829043388366699 26.61027358491991 21.063195822215487
v -5.780828475952148 25.85385457512207 20.779250020635853
v -4.461454391479492 25.960819823462984 22.793309988999656
v -3.414649248123169 22.72265987354142 23.251161837066846
v -4.087663173675537 22.48613803625485 23.88124520263754
v -4.461454391479492 23.273239442140294 21.7844417454585
v -4.461454391479492 25.960819823462984 22.793309988999656
v -5.340789318084717 25.07639734515442 22.85036330425939
v -3.414649248123169 25.410240212564368 24.260030192060174
v -1.8479949235916138 22.354773974639926 24.23119294179395
v -2.2122273445129395 22.045743258292145 25.054436572536943
v -3.414649248123169 22.72265987354142 23.251161837066846
v -3.414649248123169 25.410240212564368 24.260030192060174
v -4.087663173675537 24.41730025180986 24.606168108380707
v -1.8479949235916138 25.042354313662873 25.240061296787278
v -8.870808767587205e-16 22.225589731115143 24.575334095053087
v -1.0486902102927495e-15 21.891097346941468 25.4664064033741
v -1.8479949235916138 22.354773974639926 24.23119294179395
v -1.8479949235916138 25.042354313662873 25.240061296787278
v -2.2122273445129395 23.976905558446642 25.77935925537577
v -8.870808767587205e-16 24.913170515946774 25.584202619245396
v 1.8479949235916138 22.354773974639926 24.23119294179395
v 2.2122273445129395 22.045743258292145 25.054436572536943
v -8.870808767587205e-16 22.225589731115143 24.575334095053087
v -8.870808767587205e-16 24.913170515946774 25.584202619245396
v -1.0486902102927495e-15 23.82226009290465 26.191329255411908
v 1.8479949235916138 25.042354313662873 25.240061296787278
v 3.414649248123169 22.72265987354142 23.251161837066846
v 4.087663173675537 22.48613803625485 23.88124520263754
v 1.8479949235916138 22.354773974639926 24.23119294179395
v 1.8479949235916138 25.042354313662873 25.240061296787278
v 2.2122273445129395 23.976905558446642 25.77935925537577
v 3.414649248123169 25.410240212564368 24.260030192060174
v 4.461454391479492 27.259726444184533 19.333081344896407
v 3.72375750541687 27.152339890130044 19.619153902542497
v 4.829043388366699 26.61027358491991 21.063195822215487
v 3.414649248123169 27.81030609738289 17.866361030383718
v 2.8500404357910156 27.611881717632382 18.394954491508837
v 4.461454391479492 27.259726444184533 19.333081344896407
v 1.8479949235916138 28.17819199628439 16.886329925656614
v 1.5424307584762573 27.918938547211205 17.576970823428983
v 3.414649248123169 27.81030609738289 17.866361030383718
v 2.956936167629803e-16 28.307376685617854 16.54218894159645
v 2.956936167629803e-16 28.02676225250972 17.289733013129375
v 1.8479949235916138 28.17819199628439 16.886329925656614
v -1.8479949235916138 28.17819199628439 16.886329925656614
v -1.5424307584762573 27.918938547211205 17.576970823428983
v 2.956936167629803e-16 28.307376685617854 16.54218894159645
v -3.414649248123169 27.81030609738289 17.866361030383718
v -2.8500404357910156 27.611881717632382 18.394954491508837
v -1.8479949235916138 28.17819199628439 16.886329925656614
v -4.461454391479492 27.259726444184533 19.333081344896407
v -3.72375750541687 27.152339890130044 19.619153902542497
v -3.414649248123169 27.81030609738289 17.866361030383718
v -4.829043388366699 26.61027358491991 21.063195822215487
v -4.0305657386779785 26.61027358491991 21.063195822215487
v -4.461454391479492 27.259726444184533 19.333081344896407
v -4.461454391479492 25.960819823462984 22.793309988999656
v -3.72375750541687 26.068206419817216 22.507237319901392
v -4.829043388366699 26.61027358491991 21.063195822215487
v -3.414649248123169 25.410240212564368 24.260030192060174
v -2.8500404357910156 25.60866450771539 23.731436953839395
v -4.461454391479492 25.960819823462984 22.793309988999656
v -1.8479949235916138 25.042354313662873 25.240061296787278
v -1.5424307584762573 25.30160856975393 24.549420960317203
v -3.414649248123169 25.410240212564368 24.260030192060174
v -8.870808767587205e-16 24.913170515946774 25.584202619245396
v -7.515025597597106e-16 25.19378486445542 24.836658770616815
v -1.8479949235916138 25.042354313662873 25.240061296787278
v 1.8479949235916138 25.042354313662873 25.240061296787278
v 1.5424307584762573 25.30160856975393 24.549420960317203
v -8.870808767587205e-16 24.913170515946774 25.584202619245396
v 3.414649248123169 25.410240212564368 24.260030192060174
v 2.8500404357910156 25.60866450771539 23.731436953839395
v 1.8479949235916138 25.042354313662873 25.240061296787278
v 4.461454391479492 25.960819823462984 22.793309988999656
v 3.72375750541687 26.068206419817216 22.507237319901392
v 3.414649248123169 25.410240212564368 24.260030192060174
v 4.829043388366699 26.61027358491991 21.063195822215487
v 4.0305657386779785 26.61027358491991 21.063195822215487
v 4.461454391479492 25.960819823462984 22.793309988999656
v 3.72375750541687 27.152339890130044 19.619153902542497
v 3.72375750541687 31.215196907548602 21.1442757735765
v 4.0305657386779785 26.61027358491991 21.063195822215487
v 2.8500404357910156 27.611881717632382 18.394954491508837
v 2.8500404357910156 31.674738735050937 19.920076362542837
v 3.72375750541687 27.152339890130044 19.619153902542497
v 1.5424307584762573 27.918938547211205 17.576970823428983
v 1.5424307584762573 31.981794673012395 19.10209235606503
v 2.8500404357910156 27.611881717632382 18.394954491508837
v 2.956936167629803e-16 28.02676225250972 17.289733013129375
v 2.956936167629803e-16 32.089618462910394 18.814854322861077
v 1.5424307584762573 27.918938547211205 17.576970823428983
v -1.5424307584762573 27.918938547211205 17.576970823428983
v -1.5424307584762573 31.981794673012395 19.10209235606503
v 2.956936167629803e-16 28.02676225250972 17.289733013129375
v -2.8500404357910156 27.611881717632382 18.394954491508837
v -2.8500404357910156 31.674738735050937 19.920076362542837
v -1.5424307584762573 27.918938547211205 17.576970823428983
v -3.72375750541687 27.152339890130044 19.619153902542497
v -3.72375750541687 31.215196907548602 21.1442757735765
v -2.8500404357910156 27.611881717632382 18.394954491508837
v -4.0305657386779785 26.61027358491991 21.063195822215487
v -4.0305657386779785 30.67312970807737 22.588317361817293
v -3.72375750541687 27.152339890130044 19.619153902542497
v -3.72375750541687 26.068206419817216 22.507237319901392
v -3.72375750541687 30.131063437235774 24.032359190935395
v -4.0305657386779785 26.61027358491991 21.063195822215487
v -2.8500404357910156 25.60866450771539 23.731436953839395
v -2.8500404357910156 29.671521525133947 25.256558824873395
v -3.72375750541687 26.068206419817216 22.507237319901392
v -1.5424307584762573 25.30160856975393 24.549420960317203
v -1.5424307584762573 29.36446469555512 26.07454249295325
v -2.8500404357910156 25.60866450771539 23.731436953839395
v -7.515025597597106e-16 25.19378486445542 24.836658770616815
v -7.515025597597106e-16 29.256640990256614 26.36178030325286
v -1.5424307584762573 25.30160856975393 24.549420960317203
v 1.5424307584762573 25.30160856975393 24.549420960317203
v 1.5424307584762573 29.36446469555512 26.07454249295325
v -7.515025597597106e-16 25.19378486445542 24.836658770616815
v 2.8500404357910156 25.60866450771539 23.731436953839395
v 2.8500404357910156 29.671521525133947 25.256558824873395
v 1.5424307584762573 25.30160856975393 24.549420960317203
v 3.72375750541687 26.068206419817216 22.507237319901392
v 3.72375750541687 30.131063437235774 24.032359190935395
v 2.8500404357910156 25.60866450771539 23.731436953839395
v 4.0305657386779785 26.61027358491991 21.063195822215487
v 4.0305657386779785 30.67312970807737 22.588317361817293
v 3.72375750541687 26.068206419817216 22.507237319901392
v -2.389852523803711 33.858733210716316 17.731862588546704
v -2.635544538497925 30.929879743760686 18.29997480874151
v -4.780457496643066 33.675717718785066 18.832900944724674
v 0.6483351588249207 34.05283475912166 17.09387340115792
v 0.44426923990249634 31.822856356084504 18.134969433921338
v -2.389852523803711 33.858733210716316 17.731862588546704
v 2.7141928672790527 33.664526069162655 18.032555986689527
v 3.983982563018799 31.252654368243267 20.149958270474688
v 0.6483351588249207 34.05283475912166 17.09387340115792
v 4.68915319442749 33.96323596717964 18.918559813749265
v 5.024765968322754 32.88346448323139 20.864570758758738
v 2.7141928672790527 33.664526069162655 18.032555986689527
v -2.635544538497925 30.929879743760686 18.29997480874151
v -4.28395938873291 28.673744272116 21.98001877879013
v -5.594939708709717 32.498792409697856 20.390197675586595
v 0.44426923990249634 31.822856356084504 18.134969433921338
v -0.012459902092814445 29.470167653656873 22.187449832989667
v -2.635544538497925 30.929879743760686 18.29997480874151
v 3.983982563018799 31.252654368243267 20.149958270474688
v 4.365323543548584 30.169728875735068 23.274382105909392
v 0.44426923990249634 31.822856356084504 18.134969433921338
v 5.024765968322754 32.88346448323139 20.864570758758738
v 5.76438570022583 31.630705460624526 22.768918415120098
v 3.983982563018799 31.252654368243267 20.149958270474688
v -4.28395938873291 28.673744272116 21.98001877879013
v -3.4672603607177734 29.178726070556003 25.823603978289256
v -5.484790802001953 31.45645285324817 22.969536417811902
v -0.012459902092814445 29.470167653656873 22.187449832989667
v 0.08362050354480743 27.683220560658278 25.754666722972928
v -4.28395938873291 28.673744272116 21.98001877879013
v 4.365323543548584 30.169728875735068 23.274382105909392
v 3.534022331237793 28.996363467400244 25.624223531406077
v -0.012459902092814445 29.470167653656873 22.187449832989667
v 5.76438570022583 31.630705460624526 22.768918415120098
v 5.856141090393066 30.178708831161767 25.650151864982902
v 4.365323543548584 30.169728875735068 23.274382105909392
v -3.4672603607177734 29.178726070556003 25.823603978289256
v -2.8954720497131348 29.285454384994814 28.225769174900655
v -4.996197700500488 31.090473447426227 25.459749018111
v 0.08362050354480743 27.683220560658278 25.754666722972928
v 0.010862372815608978 29.388992828662396 28.178581442772945
v -3.4672603607177734 29.178726070556003 25.823603978289256
v 3.534022331237793 28.996363467400244 25.624223531406077
v 2.501861333847046 30.05985552981952 27.775541708652014
v 0.08362050354480743 27.683220560658278 25.754666722972928
v 5.856141090393066 30.178708831161767 25.650151864982902
v 4.626999378204346 30.65405169337543 27.67038628078751
v 3.534022331237793 28.996363467400244 25.624223531406077
v -2.8954720497131348 29.285454384994814 28.225769174900655
v -3.2545080184936523 30.851133170785285 29.50114897092916
v -3.612778902053833 32.019595219751466 26.99560395246077
v 0.010862372815608978 29.388992828662396 28.178581442772945
v -0.21931572258472443 30.940369939798785 29.66877034004944
v -2.8954720497131348 29.285454384994814 28.225769174900655
v 2.501861333847046 30.05985552981952 27.775541708652014
v 3.0010488033294678 31.66048476666783 29.54543952043797
v 0.010862372815608978 29.388992828662396 28.178581442772945
v 4.626999378204346 30.65405169337543 27.67038628078751
v 4.952454090118408 32.532679949125885 28.82165846217602
v 2.501861333847046 30.05985552981952 27.775541708652014
v -3.2545080184936523 30.851133170785285 29.50114897092916
v -3.944009304046631 33.643431796358776 32.20580408117574
v -4.9087605476379395 32.69148081199098 28.762988660200143
v -0.21931572258472443 30.940369939798785 29.66877034004944
v -0.27527421712875366 33.56925839824103 32.81739840705291
v -3.2545080184936523 30.851133170785285 29.50114897092916
v 3.0010488033294678 31.66048476666783 29.54543952043797
v 3.6334879398345947 33.998069047485664 31.80980495059817
v -0.21931572258472443 30.940369939798785 29.66877034004944
v 4.952454090118408 32.532679949125885 28.82165846217602
v 5.695370197296143 34.561197434739206 30.261065478238503
v 3.0010488033294678 31.66048476666783 29.54543952043797
v -3.944009304046631 33.643431796358776 32.20580408117574
v -3.2198095321655273 37.33956627189559 32.21707608611426
v -6.405073165893555 34.309567535847904 30.95385461580346
v -0.27527421712875366 33.56925839824103 32.81739840705291
v 0.0038162574637681246 37.332769508517416 33.320245980744076
v -3.944009304046631 33.643431796358776 32.20580408117574
v 3.6334879398345947 33.998069047485664 31.80980495059817
v 3.263482093811035 37.22231347234728 32.16646777135762
v -0.27527421712875366 33.56925839824103 32.81739840705291
v 5.695370197296143 34.561197434739206 30.261065478238503
v 5.987569808959961 37.26834410173424 31.792718458185902
v 3.6334879398345947 33.998069047485664 31.80980495059817
v -3.2198095321655273 37.33956627189559 32.21707608611426
v -2.774845838546753 39.804223243969275 32.251766006861125
v -5.90722131729126 37.22787935307322 31.681824366560093
v 0.0038162574637681246 37.332769508517416 33.320245980744076
v 0.033617857843637466 40.4495254246277 31.86498142313868
v -3.2198095321655273 37.33956627189559 32.21707608611426
v 3.263482093811035 37.22231347234728 32.16646777135762
v 2.66452693939209 40.43002201190004 31.860928575753587
v 0.0038162574637681246 37.332769508517416 33.320245980744076
v 5.987569808959961 37.26834410173424 31.792718458185902
v 4.702507972717285 40.28853092573455 31.352865984363643
v 3.263482093811035 37.22231347234728 32.16646777135762
v 5.856141090393066 30.178708831161767 25.650151864982902
v 6.628017902374268 32.40106007270364 26.905490732012783
v 4.626999378204346 30.65405169337543 27.67038628078751
v 5.76438570022583 31.630705460624526 22.768918415120098
v 7.45182991027832 33.455028948903504 23.60796738658228
v 5.856141090393066 30.178708831161767 25.650151864982902
v 5.024765968322754 32.88346448323139 20.864570758758738
v 5.882613658905029 34.90724832453732 20.903064181171683
v 5.76438570022583 31.630705460624526 22.768918415120098
v 4.68915319442749 33.96323596717964 18.918559813749265
v 5.05049991607666 36.15895640037192 19.404614018344446
v 5.024765968322754 32.88346448323139 20.864570758758738
v 6.628017902374268 32.40106007270364 26.905490732012783
v 5.5653581619262695 35.687534169721445 27.8243492109023
v 4.952454090118408 32.532679949125885 28.82165846217602
v 7.45182991027832 33.455028948903504 23.60796738658228
v 7.660501003265381 36.65316294525553 25.00920407098534
v 6.628017902374268 32.40106007270364 26.905490732012783
v 5.882613658905029 34.90724832453732 20.903064181171683
v 7.3723883628845215 37.99768235734574 21.362067731101426
v 7.45182991027832 33.455028948903504 23.60796738658228
v 5.05049991607666 36.15895640037192 19.404614018344446
v 5.84577751159668 38.7806944304737 19.562276162589512
v 5.882613658905029 34.90724832453732 20.903064181171683
v 5.5653581619262695 35.687534169721445 27.8243492109023
v 7.204753398895264 38.565031216124694 29.612124558316236
v 5.695370197296143 34.561197434739206 30.261065478238503
v 7.660501003265381 36.65316294525553 25.00920407098534
v 7.500746726989746 40.15048596142189 26.418697053851595
v 5.5653581619262695 35.687534169721445 27.8243492109023
v 7.3723883628845215 37.99768235734574 21.362067731101426
v 7.250124454498291 41.30386203965747 23.01820124534055
v 7.660501003265381 36.65316294525553 25.00920407098534
v 5.84577751159668 38.7806944304737 19.562276162589512
v 5.641660690307617 41.37381732551455 20.782335238446173
v 7.3723883628845215 37.99768235734574 21.362067731101426
v 7.204753398895264 38.565031216124694 29.612124558316236
v 4.803608417510986 43.4335248959767 31.313129379394532
v 5.987569808959961 37.26834410173424 31.792718458185902
v 7.500746726989746 40.15048596142189 26.418697053851595
v 4.197627544403076 45.12675075919753 28.401021435373853
v 7.204753398895264 38.565031216124694 29.612124558316236
v 7.250124454498291 41.30386203965747 23.01820124534055
v 3.947704315185547 44.28560652153073 25.675833141770543
v 7.500746726989746 40.15048596142189 26.418697053851595
v 5.641660690307617 41.37381732551455 20.782335238446173
v 3.4875473976135254 44.273168406474255 23.224299072559763
v 7.250124454498291 41.30386203965747 23.01820124534055
v 2.7141928672790527 33.664526069162655 18.032555986689527
v 3.0969972610473633 36.000042120934665 18.13354073810327
v 4.68915319442749 33.96323596717964 18.918559813749265
v 0.6483351588249207 34.05283475912166 17.09387340115792
v -0.047270338982343674 35.95389662306587 17.031579237381234
v 2.7141928672790527 33.664526069162655 18.032555986689527
v -2.389852523803711 33.858733210716316 17.731862588546704
v -3.1947193145751953 36.95660273736917 18.186981574840882
v 0.6483351588249207 34.05283475912166 17.09387340115792
v -4.780457496643066 33.675717718785066 18.832900944724674
v -5.491515636444092 36.127453192310504 18.968881637317402
v -2.389852523803711 33.858733210716316 17.731862588546704
v 3.0969972610473633 36.000042120934665 18.13354073810327
v 3.57588791847229 39.26051155540783 18.466963575164996
v 5.05049991607666 36.15895640037192 19.404614018344446
v -0.047270338982343674 35.95389662306587 17.031579237381234
v 0.0007199267856776714 39.55268344139751 17.61299326340966
v 3.0969972610473633 36.000042120934665 18.13354073810327
v -3.1947193145751953 36.95660273736917 18.186981574840882
v -3.684713125228882 39.37851285339666 18.084667570821374
v -0.047270338982343674 35.95389662306587 17.031579237381234
v -5.491515636444092 36.127453192310504 18.968881637317402
v -6.583773612976074 39.159673230345504 18.773124920701907
v -3.1947193145751953 36.95660273736917 18.186981574840882
v 3.57588791847229 39.26051155540783 18.466963575164996
v 3.1721487045288086 41.9097345760547 20.315068548269423
v 5.84577751159668 38.7806944304737 19.562276162589512
v 0.0007199267856776714 39.55268344139751 17.61299326340966
v 0.0016417341539636254 42.41337973863635 19.883627503220836
v 3.57588791847229 39.26051155540783 18.466963575164996
v -3.684713125228882 39.37851285339666 18.084667570821374
v -3.1138124465942383 41.795262995217925 20.413639364285345
v 0.0007199267856776714 39.55268344139751 17.61299326340966
v -6.583773612976074 39.159673230345504 18.773124920701907
v -5.317605495452881 41.098848265842484 21.027072965297776
v -3.684713125228882 39.37851285339666 18.084667570821374
v 3.1721487045288086 41.9097345760547 20.315068548269423
v 3.133573293685913 45.024678838911775 22.347409486086473
v 5.641660690307617 41.37381732551455 20.782335238446173
v 0.0016417341539636254 42.41337973863635 19.883627503220836
v -0.005642634350806475 44.879119036250074 22.37438441705182
v 3.1721487045288086 41.9097345760547 20.315068548269423
v -3.1138124465942383 41.795262995217925 20.413639364285345
v -3.214876174926758 44.82458712571536 22.320432598266834
v 0.0016417341539636254 42.41337973863635 19.883627503220836
v -5.317605495452881 41.098848265842484 21.027072965297776
v -3.4285078048706055 43.732961030134206 22.591365616079067
v -3.1138124465942383 41.795262995217925 20.413639364285345
v -5.594939708709717 32.498792409697856 20.390197675586595
v -6.942336082458496 34.68527091122918 20.616184998479653
v -4.780457496643066 33.675717718785066 18.832900944724674
v -5.484790802001953 31.45645285324817 22.969536417811902
v -6.71813440322876 33.602993807759006 23.32923564636682
v -5.594939708709717 32.498792409697856 20.390197675586595
v -4.996197700500488 31.090473447426227 25.459749018111
v -6.607626914978027 32.38800597058421 26.88338080963348
v -5.484790802001953 31.45645285324817 22.969536417811902
v -3.612778902053833 32.019595219751466 26.99560395246077
v -4.9087605476379395 32.69148081199098 28.762988660200143
v -4.996197700500488 31.090473447426227 25.459749018111
v -6.942336082458496 34.68527091122918 20.616184998479653
v -6.820886611938477 37.915594170724816 21.789228135970397
v -5.491515636444092 36.127453192310504 18.968881637317402
v -6.71813440322876 33.602993807759006 23.32923564636682
v -7.92118501663208 36.943274313374104 24.658399199471283
v -6.942336082458496 34.68527091122918 20.616184998479653
v -6.607626914978027 32.38800597058421 26.88338080963348
v -7.7946343421936035 35.309352250766395 28.55477206505626
v -6.71813440322876 33.602993807759006 23.32923564636682
v -4.9087605476379395 32.69148081199098 28.762988660200143
v -6.405073165893555 34.309567535847904 30.95385461580346
v -6.607626914978027 32.38800597058421 26.88338080963348
v -6.820886611938477 37.915594170724816 21.789228135970397
v -7.385955810546875 41.44769181620229 22.987189520666718
v -6.583773612976074 39.159673230345504 18.773124920701907
v -7.92118501663208 36.943274313374104 24.658399199471283
v -6.639400005340576 39.74666852769035 26.25821719643038
v -6.820886611938477 37.915594170724816 21.789228135970397
v -7.7946343421936035 35.309352250766395 28.55477206505626
v -6.7516093254089355 38.54573121863144 29.3387064100228
v -7.92118501663208 36.943274313374104 24.658399199471283
v -6.405073165893555 34.309567535847904 30.95385461580346
v -5.90722131729126 37.22787935307322 31.681824366560093
v -7.7946343421936035 35.309352250766395 28.55477206505626
v -7.385955810546875 41.44769181620229 22.987189520666718
v -4.133794784545898 44.53605462476558 25.66133271452359
v -5.317605495452881 41.098848265842484 21.027072965297776
v -6.639400005340576 39.74666852769035 26.25821719643038
v -4.433582305908203 45.50376740518458 28.391808503770374
v -7.385955810546875 41.44769181620229 22.987189520666718
v -6.7516093254089355 38.54573121863144 29.3387064100228
v -5.189516067504883 44.06028735814747 31.082016869870046
v -6.639400005340576 39.74666852769035 26.25821719643038
v -5.90722131729126 37.22787935307322 31.681824366560093
v -4.605323314666748 40.27692781583983 31.46299247015519
v -6.7516093254089355 38.54573121863144 29.3387064100228
vt 0.8482263684272766 0.6501182317733765
vt 0.8504956364631653 0.6544636487960815
vt 0.8418328166007996 0.6591525077819824
vt 0.9238322973251343 0.4214743971824646
vt 0.9229199290275574 0.42642247676849365
vt 0.942121148109436 0.42651402950286865
vt 0.8221553564071655 0.6518087387084961
vt 0.8219712972640991 0.6594572067260742
vt 0.8133600950241089 0.6551525592803955
vt 0.841525137424469 0.6511740684509277
vt 0.8418328166007996 0.6591525077819824
vt 0.8219712972640991 0.6594572067260742
vt 0.8485516309738159 0.5771496295928955
vt 0.8451063632965088 0.6026002168655396
vt 0.8388625979423523 0.6014083623886108
vt 0.9241760969161987 0.3496316075325012
vt 0.9240550994873047 0.37488240003585815
vt 0.9414781332015991 0.3749657869338989
vt 0.8220787644386292 0.5776873826980591
vt 0.8244837522506714 0.6015325784683228
vt 0.8183314800262451 0.6025856733322144
vt 0.8415809869766235 0.5780109167098999
vt 0.8388625979423523 0.6014083623886108
vt 0.8244837522506714 0.6015325784683228
vt 0.848206102848053 0.5341249704360962
vt 0.8491050004959106 0.5635652542114258
vt 0.8421308398246765 0.5621334314346313
vt 0.9243785738945007 0.307514488697052
vt 0.9242435693740845 0.3356283903121948
vt 0.9416658878326416 0.33571189641952515
vt 0.8231912851333618 0.5339981317520142
vt 0.8221898078918457 0.561835765838623
vt 0.8151352405548096 0.5630810260772705
vt 0.8415508270263672 0.5342103242874146
vt 0.8421308398246765 0.5621334314346313
vt 0.8221898078918457 0.561835765838623
vt 0.8493290543556213 0.405852735042572
vt 0.848206102848053 0.5341249704360962
vt 0.8415508270263672 0.5342103242874146
vt 0.924967885017395 0.1848735809326172
vt 0.9243785738945007 0.307514488697052
vt 0.9418008923530579 0.3075980544090271
vt 0.8240485787391663 0.40717434883117676
vt 0.8231912851333618 0.5339981317520142
vt 0.8165603876113892 0.5338002443313599
vt 0.8427240252494812 0.40711498260498047
vt 0.8415508270263672 0.5342103242874146
vt 0.8231912851333618 0.5339981317520142
vt 0.8350412249565125 0.36261504888534546
vt 0.847344696521759 0.39234060049057007
vt 0.8418667316436768 0.3931349515914917
vt 0.9339041709899902 0.13798654079437256
vt 0.926600456237793 0.170693039894104
vt 0.9408936500549316 0.17076164484024048
vt 0.8346962928771973 0.3750181794166565
vt 0.8261391520500183 0.39359039068222046
vt 0.8205975294113159 0.392192542552948
vt 0.8346962928771973 0.3750181794166565
vt 0.8418667316436768 0.3931349515914917
vt 0.8261391520500183 0.39359039068222046
vt 0.8364049792289734 0.6140036582946777
vt 0.8428303003311157 0.6115773916244507
vt 0.8437750339508057 0.6155048608779907
vt 0.9414407014846802 0.3828588128089905
vt 0.9240171909332275 0.38277554512023926
vt 0.9240002036094666 0.38631027936935425
vt 0.8205000162124634 0.6112619638442993
vt 0.8269650936126709 0.613587498664856
vt 0.825924813747406 0.6170555353164673
vt 0.8269650936126709 0.613587498664856
vt 0.8364049792289734 0.6140036582946777
vt 0.837422788143158 0.617253303527832
vt 0.8373931050300598 0.6065794229507446
vt 0.843505859375 0.6086219549179077
vt 0.8428303003311157 0.6115773916244507
vt 0.9414523839950562 0.38036251068115234
vt 0.9240291714668274 0.3802793622016907
vt 0.9240171909332275 0.38277554512023926
vt 0.8198626637458801 0.6083751916885376
vt 0.8258475065231323 0.6063891649246216
vt 0.8268986940383911 0.6103153228759766
vt 0.8258475065231323 0.6063891649246216
vt 0.8373931050300598 0.6065794229507446
vt 0.8363835215568542 0.6107183694839478
vt 0.8421452641487122 0.5700602531433105
vt 0.8495503664016724 0.5703738927841187
vt 0.8485516309738159 0.5771496295928955
vt 0.9416325092315674 0.3427134156227112
vt 0.9242098331451416 0.3426298499107361
vt 0.9241760969161987 0.3496316075325012
vt 0.8144187331199646 0.569888710975647
vt 0.8218312859535217 0.5698904991149902
vt 0.8220787644386292 0.5776873826980591
vt 0.8218312859535217 0.5698904991149902
vt 0.8421452641487122 0.5700602531433105
vt 0.8415809869766235 0.5780109167098999
vt 0.8424968123435974 0.3996043801307678
vt 0.8489770293235779 0.3987802267074585
vt 0.8493290543556213 0.405852735042572
vt 0.9420266151428223 0.17781883478164673
vt 0.9254000782966614 0.17773902416229248
vt 0.924967885017395 0.1848735809326172
vt 0.8181888461112976 0.3985455632209778
vt 0.8244412541389465 0.3999059796333313
vt 0.8240485787391663 0.40717434883117676
vt 0.8244412541389465 0.3999059796333313
vt 0.8424968123435974 0.3996043801307678
vt 0.8427240252494812 0.40711498260498047
vt 0.8364049792289734 0.6140036582946777
vt 0.8363835215568542 0.6107183694839478
vt 0.8428303003311157 0.6115773916244507
vt 0.8205000162124634 0.6112619638442993
vt 0.8268986940383911 0.6103153228759766
vt 0.8269650936126709 0.613587498664856
vt 0.8268986940383911 0.6103153228759766
vt 0.8363835215568542 0.6107183694839478
vt 0.8364049792289734 0.6140036582946777
vt 0.8388625979423523 0.6014083623886108
vt 0.8451063632965088 0.6026002168655396
vt 0.843505859375 0.6086219549179077
vt 0.9414781332015991 0.3749657869338989
vt 0.9240550994873047 0.37488240003585815
vt 0.9240291714668274 0.3802793622016907
vt 0.8183314800262451 0.6025856733322144
vt 0.8244837522506714 0.6015325784683228
vt 0.8258475065231323 0.6063891649246216
vt 0.8244837522506714 0.6015325784683228
vt 0.8388625979423523 0.6014083623886108
vt 0.8373931050300598 0.6065794229507446
vt 0.8421308398246765 0.5621334314346313
vt 0.8491050004959106 0.5635652542114258
vt 0.8495503664016724 0.5703738927841187
vt 0.9416658878326416 0.33571189641952515
vt 0.9242435693740845 0.3356283903121948
vt 0.9242098331451416 0.3426298499107361
vt 0.8151352405548096 0.5630810260772705
vt 0.8221898078918457 0.561835765838623
vt 0.8218312859535217 0.5698904991149902
vt 0.8221898078918457 0.561835765838623
vt 0.8421308398246765 0.5621334314346313
vt 0.8421452641487122 0.5700602531433105
vt 0.8418667316436768 0.3931349515914917
vt 0.847344696521759 0.39234060049057007
vt 0.8489770293235779 0.3987802267074585
vt 0.9408936500549316 0.17076164484024048
vt 0.926600456237793 0.170693039894104
vt 0.9254000782966614 0.17773902416229248
vt 0.8205975294113159 0.392192542552948
vt 0.8261391520500183 0.39359039068222046
vt 0.8244412541389465 0.3999059796333313
vt 0.8261391520500183 0.39359039068222046
vt 0.8418667316436768 0.3931349515914917
vt 0.8424968123435974 0.3996043801307678
vt 0.9414238929748535 0.3863934278488159
vt 0.9240002036094666 0.38631027936935425
vt 0.9238322973251343 0.4214743971824646
vt 0.837422788143158 0.617253303527832
vt 0.8437750339508057 0.6155048608779907
vt 0.8482263684272766 0.6501182317733765
vt 0.825924813747406 0.6170555353164673
vt 0.837422788143158 0.617253303527832
vt 0.841525137424469 0.6511740684509277
vt 0.8194921612739563 0.6152607202529907
vt 0.825924813747406 0.6170555353164673
vt 0.8221553564071655 0.6518087387084961
vt 0.8156625032424927 0.34464794397354126
vt 0.8133397698402405 0.34875404834747314
vt 0.8214912414550781 0.3535304665565491
vt 0.9449253082275391 0.8469860553741455
vt 0.9457952380180359 0.8519415855407715
vt 0.9265937209129333 0.851868748664856
vt 0.8415943384170532 0.34691864252090454
vt 0.8413609862327576 0.35493767261505127
vt 0.8504956364631653 0.35074371099472046
vt 0.8222012519836426 0.34593403339385986
vt 0.8214912414550781 0.3535304665565491
vt 0.8413609862327576 0.35493767261505127
vt 0.8158686757087708 0.2717125415802002
vt 0.8193347454071045 0.29763591289520264
vt 0.8255356550216675 0.2964019179344177
vt 0.9451984763145447 0.7751418352127075
vt 0.9451022148132324 0.8003929853439331
vt 0.9276788830757141 0.8003267049789429
vt 0.8423134088516235 0.27281004190444946
vt 0.8399320840835571 0.29629844427108765
vt 0.8461447954177856 0.29730767011642456
vt 0.8228054642677307 0.27263015508651733
vt 0.8255356550216675 0.2964019179344177
vt 0.8399320840835571 0.29629844427108765
vt 0.8169489502906799 0.22878587245941162
vt 0.8156245946884155 0.2581899166107178
vt 0.8226078152656555 0.25687968730926514
vt 0.9453591108322144 0.7330247163772583
vt 0.9452516436576843 0.7611386775970459
vt 0.9278292655944824 0.7610722780227661
vt 0.8419478535652161 0.2290252447128296
vt 0.8425523042678833 0.2568385601043701
vt 0.8495919108390808 0.2582032084465027
vt 0.8235960006713867 0.22895312309265137
vt 0.8226078152656555 0.25687968730926514
vt 0.8425523042678833 0.2568385601043701
vt 0.8171612620353699 0.10071772336959839
vt 0.8169489502906799 0.22878587245941162
vt 0.8235960006713867 0.22895312309265137
vt 0.9458277225494385 0.6103841066360474
vt 0.9453591108322144 0.7330247163772583
vt 0.9279369115829468 0.7329583168029785
vt 0.8424737453460693 0.10199075937271118
vt 0.8419478535652161 0.2290252447128296
vt 0.8485820889472961 0.22890794277191162
vt 0.823764443397522 0.10219156742095947
vt 0.8235960006713867 0.22895312309265137
vt 0.8419478535652161 0.2290252447128296
vt 0.8346518278121948 0.05763620138168335
vt 0.8202924132347107 0.08720314502716064
vt 0.8258341550827026 0.08858966827392578
vt 0.9372957944869995 0.5634225606918335
vt 0.9443173408508301 0.5961898565292358
vt 0.930024266242981 0.5961354970932007
vt 0.8343448638916016 0.07001519203186035
vt 0.8415451645851135 0.08808010816574097
vt 0.8470046520233154 0.08727079629898071
vt 0.8343448638916016 0.07001519203186035
vt 0.8258341550827026 0.08858966827392578
vt 0.8415451645851135 0.08808010816574097
vt 0.828127384185791 0.30873024463653564
vt 0.8217751979827881 0.306377649307251
vt 0.8208074569702148 0.3102118968963623
vt 0.9276484847068787 0.8082199096679688
vt 0.9450724720954895 0.8082863092422485
vt 0.9450591802597046 0.8118213415145874
vt 0.8441439270973206 0.3062540888786316
vt 0.8375654220581055 0.3086702227592468
vt 0.8385652899742126 0.31214290857315063
vt 0.8375654220581055 0.3086702227592468
vt 0.828127384185791 0.30873024463653564
vt 0.8270637392997742 0.3119924068450928
vt 0.8269967436790466 0.3015066981315613
vt 0.8210644721984863 0.3035435080528259
vt 0.8217751979827881 0.306377649307251
vt 0.927658200263977 0.8057235479354858
vt 0.9450817704200745 0.8057901859283447
vt 0.9450724720954895 0.8082863092422485
vt 0.8447425365447998 0.30322563648223877
vt 0.8385592699050903 0.3012174367904663
vt 0.8375424742698669 0.3054123520851135
vt 0.8385592699050903 0.3012174367904663
vt 0.8269967436790466 0.3015066981315613
vt 0.8280572891235352 0.30540162324905396
vt 0.8224594593048096 0.2648211717605591
vt 0.8150503039360046 0.2649589776992798
vt 0.8158686757087708 0.2717125415802002
vt 0.9278022646903992 0.7680736780166626
vt 0.9452251195907593 0.7681401968002319
vt 0.9451984763145447 0.7751418352127075
vt 0.850180983543396 0.2650449275970459
vt 0.8427742719650269 0.2648744583129883
vt 0.8423134088516235 0.27281004190444946
vt 0.8427742719650269 0.2648744583129883
vt 0.8224594593048096 0.2648211717605591
vt 0.8228054642677307 0.27263015508651733
vt 0.8241575956344604 0.09490758180618286
vt 0.8178947567939758 0.09355878829956055
vt 0.8171612620353699 0.10071772336959839
vt 0.9288306832313538 0.6031825542449951
vt 0.9454569220542908 0.6032460927963257
vt 0.9458277225494385 0.6103841066360474
vt 0.8486582040786743 0.0936812162399292
vt 0.8422055244445801 0.09454011917114258
vt 0.8424737453460693 0.10199075937271118
vt 0.8422055244445801 0.09454011917114258
vt 0.8241575956344604 0.09490758180618286
vt 0.823764443397522 0.10219156742095947
vt 0.828127384185791 0.30873024463653564
vt 0.8280572891235352 0.30540162324905396
vt 0.8217751979827881 0.306377649307251
vt 0.8441439270973206 0.3062540888786316
vt 0.8375424742698669 0.3054123520851135
vt 0.8375654220581055 0.3086702227592468
vt 0.8375424742698669 0.3054123520851135
vt 0.8280572891235352 0.30540162324905396
vt 0.828127384185791 0.30873024463653564
vt 0.8255356550216675 0.2964019179344177
vt 0.8193347454071045 0.29763591289520264
vt 0.8210644721984863 0.3035435080528259
vt 0.9276788830757141 0.8003267049789429
vt 0.9451022148132324 0.8003929853439331
vt 0.9450817704200745 0.8057901859283447
vt 0.8461447954177856 0.29730767011642456
vt 0.8399320840835571 0.29629844427108765
vt 0.8385592699050903 0.3012174367904663
vt 0.8399320840835571 0.29629844427108765
vt 0.8255356550216675 0.2964019179344177
vt 0.8269967436790466 0.3015066981315613
vt 0.8226078152656555 0.25687968730926514
vt 0.8156245946884155 0.2581899166107178
vt 0.8150503039360046 0.2649589776992798
vt 0.9278292655944824 0.7610722780227661
vt 0.9452516436576843 0.7611386775970459
vt 0.9452251195907593 0.7681401968002319
vt 0.8495919108390808 0.2582032084465027
vt 0.8425523042678833 0.2568385601043701
vt 0.8427742719650269 0.2648744583129883
vt 0.8425523042678833 0.2568385601043701
vt 0.8226078152656555 0.25687968730926514
vt 0.8224594593048096 0.2648211717605591
vt 0.8258341550827026 0.08858966827392578
vt 0.8202924132347107 0.08720314502716064
vt 0.8178947567939758 0.09355878829956055
vt 0.930024266242981 0.5961354970932007
vt 0.9443173408508301 0.5961898565292358
vt 0.9454569220542908 0.6032460927963257
vt 0.8470046520233154 0.08727079629898071
vt 0.8415451645851135 0.08808010816574097
vt 0.8422055244445801 0.09454011917114258
vt 0.8415451645851135 0.08808010816574097
vt 0.8258341550827026 0.08858966827392578
vt 0.8241575956344604 0.09490758180618286
vt 0.9276349544525146 0.811754584312439
vt 0.9450591802597046 0.8118213415145874
vt 0.9449253082275391 0.8469860553741455
vt 0.8270637392997742 0.3119924068450928
vt 0.8208074569702148 0.3102118968963623
vt 0.8156625032424927 0.34464794397354126
vt 0.8385652899742126 0.31214290857315063
vt 0.8270637392997742 0.3119924068450928
vt 0.8222012519836426 0.34593403339385986
vt 0.845127522945404 0.3103739619255066
vt 0.8385652899742126 0.31214290857315063
vt 0.8415943384170532 0.34691864252090454
vt 0.77058345079422 0.650299072265625
vt 0.7684046626091003 0.6545072793960571
vt 0.7767768502235413 0.6589882373809814
vt 0.9683730602264404 0.42150402069091797
vt 0.969269871711731 0.42645514011383057
vt 0.9500675201416016 0.4264864921569824
vt 0.7966265082359314 0.6515152454376221
vt 0.7967128157615662 0.6595457792282104
vt 0.8056623935699463 0.6550023555755615
vt 0.7771880030632019 0.6513545513153076
vt 0.7767768502235413 0.6589882373809814
vt 0.7967128157615662 0.6595457792282104
vt 0.770496666431427 0.5766259431838989
vt 0.7734091877937317 0.6021991968154907
vt 0.7797290682792664 0.6011097431182861
vt 0.9682531952857971 0.34965717792510986
vt 0.9682955741882324 0.37490880489349365
vt 0.9508718848228455 0.3749377131462097
vt 0.7969509959220886 0.5777231454849243
vt 0.7941017150878906 0.6014834642410278
vt 0.8001797199249268 0.6026425361633301
vt 0.7774497866630554 0.5776273012161255
vt 0.7797290682792664 0.6011097431182861
vt 0.7941017150878906 0.6014834642410278
vt 0.7712040543556213 0.5338678359985352
vt 0.770208477973938 0.5630683898925781
vt 0.7771843075752258 0.5617128610610962
vt 0.9681816101074219 0.30753958225250244
vt 0.968229353427887 0.33565354347229004
vt 0.9508067965507507 0.33568280935287476
vt 0.7961668372154236 0.5338908433914185
vt 0.7971271872520447 0.5618941783905029
vt 0.8041791915893555 0.5632174015045166
vt 0.7778225541114807 0.5339832305908203
vt 0.7771843075752258 0.5617128610610962
vt 0.7971271872520447 0.5618941783905029
vt 0.7707052230834961 0.40586769580841064
vt 0.7712040543556213 0.5338678359985352
vt 0.7778225541114807 0.5339832305908203
vt 0.9679736495018005 0.1848999261856079
vt 0.9681816101074219 0.30753958225250244
vt 0.9507594108581543 0.3075689673423767
vt 0.7960402965545654 0.40690433979034424
vt 0.7961668372154236 0.5338908433914185
vt 0.8028259873390198 0.5337214469909668
vt 0.7773192524909973 0.407293438911438
vt 0.7778225541114807 0.5339832305908203
vt 0.7961668372154236 0.5338908433914185
vt 0.7878087162971497 0.36261504888534546
vt 0.7737165689468384 0.39232492446899414
vt 0.7792729139328003 0.3936607837677002
vt 0.959182620048523 0.13798654079437256
vt 0.966385006904602 0.1707143783569336
vt 0.9520919919013977 0.1707388162612915
vt 0.7876152396202087 0.3750000596046448
vt 0.7949872016906738 0.39300358295440674
vt 0.8004422783851624 0.39214378595352173
vt 0.7876152396202087 0.3750000596046448
vt 0.7792729139328003 0.3936607837677002
vt 0.7949872016906738 0.39300358295440674
vt 0.7821545600891113 0.6137211322784424
vt 0.77555251121521 0.611369252204895
vt 0.7746394276618958 0.615491509437561
vt 0.9508845806121826 0.3828311562538147
vt 0.9683091044425964 0.3828023076057434
vt 0.9683151841163635 0.3863372206687927
vt 0.7978749871253967 0.6111396551132202
vt 0.7915630340576172 0.6135367155075073
vt 0.7926408648490906 0.6167460680007935
vt 0.7915630340576172 0.6135367155075073
vt 0.7821545600891113 0.6137211322784424
vt 0.7811719179153442 0.6172531843185425
vt 0.7811470031738281 0.6063187122344971
vt 0.7749032378196716 0.6083351373672485
vt 0.77555251121521 0.611369252204895
vt 0.9508806467056274 0.380334734916687
vt 0.9683047533035278 0.38030576705932617
vt 0.9683091044425964 0.3828023076057434
vt 0.7985427975654602 0.6083256006240845
vt 0.7926826477050781 0.6063034534454346
vt 0.7916158437728882 0.6102221012115479
vt 0.7926826477050781 0.6063034534454346
vt 0.7811470031738281 0.6063187122344971
vt 0.7821512222290039 0.6104639768600464
vt 0.7770412564277649 0.5696616172790527
vt 0.7696389555931091 0.5698397159576416
vt 0.770496666431427 0.5766259431838989
vt 0.9508183598518372 0.34268438816070557
vt 0.9682412147521973 0.3426551818847656
vt 0.9682531952857971 0.34965717792510986
vt 0.8047727942466736 0.5700681209564209
vt 0.7973505258560181 0.5699350833892822
vt 0.7969509959220886 0.5777231454849243
vt 0.7973505258560181 0.5699350833892822
vt 0.7770412564277649 0.5696616172790527
vt 0.7774497866630554 0.5776273012161255
vt 0.7776522040367126 0.3999987840652466
vt 0.7713759541511536 0.39870399236679077
vt 0.7707052230834961 0.40586769580841064
vt 0.9509373903274536 0.17779231071472168
vt 0.967563807964325 0.1777639389038086
vt 0.9679736495018005 0.1848999261856079
vt 0.8021547198295593 0.39854371547698975
vt 0.7957072854042053 0.39945924282073975
vt 0.7960402965545654 0.40690433979034424
vt 0.7957072854042053 0.39945924282073975
vt 0.7776522040367126 0.3999987840652466
vt 0.7773192524909973 0.407293438911438
vt 0.7821545600891113 0.6137211322784424
vt 0.7821512222290039 0.6104639768600464
vt 0.77555251121521 0.611369252204895
vt 0.7978749871253967 0.6111396551132202
vt 0.7916158437728882 0.6102221012115479
vt 0.7915630340576172 0.6135367155075073
vt 0.7916158437728882 0.6102221012115479
vt 0.7821512222290039 0.6104639768600464
vt 0.7821545600891113 0.6137211322784424
vt 0.7797290682792664 0.6011097431182861
vt 0.7734091877937317 0.6021991968154907
vt 0.7749032378196716 0.6083351373672485
vt 0.9508718848228455 0.3749377131462097
vt 0.9682955741882324 0.37490880489349365
vt 0.9683047533035278 0.38030576705932617
vt 0.8001797199249268 0.6026425361633301
vt 0.7941017150878906 0.6014834642410278
vt 0.7926826477050781 0.6063034534454346
vt 0.7941017150878906 0.6014834642410278
vt 0.7797290682792664 0.6011097431182861
vt 0.7811470031738281 0.6063187122344971
vt 0.7771843075752258 0.5617128610610962
vt 0.770208477973938 0.5630683898925781
vt 0.7696389555931091 0.5698397159576416
vt 0.9508067965507507 0.33568280935287476
vt 0.968229353427887 0.33565354347229004
vt 0.9682412147521973 0.3426551818847656
vt 0.8041791915893555 0.5632174015045166
vt 0.7971271872520447 0.5618941783905029
vt 0.7973505258560181 0.5699350833892822
vt 0.7971271872520447 0.5618941783905029
vt 0.7771843075752258 0.5617128610610962
vt 0.7770412564277649 0.5696616172790527
vt 0.7792729139328003 0.3936607837677002
vt 0.7737165689468384 0.39232492446899414
vt 0.7713759541511536 0.39870399236679077
vt 0.9520919919013977 0.1707388162612915
vt 0.966385006904602 0.1707143783569336
vt 0.967563807964325 0.1777639389038086
vt 0.8004422783851624 0.39214378595352173
vt 0.7949872016906738 0.39300358295440674
vt 0.7957072854042053 0.39945924282073975
vt 0.7949872016906738 0.39300358295440674
vt 0.7792729139328003 0.3936607837677002
vt 0.7776522040367126 0.3999987840652466
vt 0.9508901238441467 0.38636600971221924
vt 0.9683151841163635 0.3863372206687927
vt 0.9683730602264404 0.42150402069091797
vt 0.7811719179153442 0.6172531843185425
vt 0.7746394276618958 0.615491509437561
vt 0.77058345079422 0.650299072265625
vt 0.7926408648490906 0.6167460680007935
vt 0.7811719179153442 0.6172531843185425
vt 0.7771880030632019 0.6513545513153076
vt 0.7989083528518677 0.6149584054946899
vt 0.7926408648490906 0.6167460680007935
vt 0.7966265082359314 0.6515152454376221
vt 0.8034837245941162 0.34601134061813354
vt 0.8056623935699463 0.350435733795166
vt 0.7968301773071289 0.35493767261505127
vt 0.9543911218643188 0.8469890356063843
vt 0.9535050988197327 0.8519415855407715
vt 0.9727054238319397 0.8519313335418701
vt 0.7772661447525024 0.3470272421836853
vt 0.7768828868865967 0.35469555854797363
vt 0.768368661403656 0.3501627445220947
vt 0.7967216968536377 0.3469194173812866
vt 0.7968301773071289 0.35493767261505127
vt 0.7768828868865967 0.35469555854797363
vt 0.8041158318519592 0.27229803800582886
vt 0.8010594248771667 0.29776906967163086
vt 0.7947577834129333 0.2966364026069641
vt 0.9543529152870178 0.7751481533050537
vt 0.9543663263320923 0.8003987073898315
vt 0.9717890024185181 0.8003897666931152
vt 0.7777207493782043 0.2730812430381775
vt 0.7804019451141357 0.29694563150405884
vt 0.7743039131164551 0.2980499863624573
vt 0.7972143292427063 0.2732626795768738
vt 0.7947577834129333 0.2966364026069641
vt 0.7804019451141357 0.29694563150405884
vt 0.8030943274497986 0.229270339012146
vt 0.8043751120567322 0.25874054431915283
vt 0.7973417043685913 0.25741344690322876
vt 0.9543314576148987 0.7330302000045776
vt 0.954345703125 0.7611446380615234
vt 0.9717685580253601 0.7611356973648071
vt 0.7780953645706177 0.2294362187385559
vt 0.7774071097373962 0.2571827173233032
vt 0.7704132199287415 0.25853532552719116
vt 0.7964387536048889 0.22943562269210815
vt 0.7973417043685913 0.25741344690322876
vt 0.7774071097373962 0.2571827173233032
vt 0.8026852011680603 0.10109353065490723
vt 0.8030943274497986 0.229270339012146
vt 0.7964387536048889 0.22943562269210815
vt 0.9542695879936218 0.6103860139846802
vt 0.9543314576148987 0.7330302000045776
vt 0.9717541337013245 0.73302161693573
vt 0.7774433493614197 0.10271716117858887
vt 0.7780953645706177 0.2294362187385559
vt 0.7714737057685852 0.22931629419326782
vt 0.7961011528968811 0.10243380069732666
vt 0.7964387536048889 0.22943562269210815
vt 0.7780953645706177 0.2294362187385559
vt 0.7878909707069397 0.05807000398635864
vt 0.8005397915840149 0.08761775493621826
vt 0.7950766682624817 0.0884772539138794
vt 0.9629572033882141 0.563450813293457
vt 0.9558268189430237 0.5961964130401611
vt 0.9701207280158997 0.5961892604827881
vt 0.7876954078674316 0.0704641342163086
vt 0.7793694138526917 0.08912110328674316
vt 0.7738165259361267 0.087790846824646
vt 0.7876954078674316 0.0704641342163086
vt 0.7950766682624817 0.0884772539138794
vt 0.7793694138526917 0.08912110328674316
vt 0.7921880483627319 0.3091871738433838
vt 0.7988517880439758 0.30691850185394287
vt 0.799720287322998 0.31104928255081177
vt 0.9717933535575867 0.8082822561264038
vt 0.9543703198432922 0.8082916736602783
vt 0.9543721079826355 0.811826229095459
vt 0.7765147686004639 0.30657362937927246
vt 0.782757580280304 0.30908602476119995
vt 0.7816595435142517 0.3122715950012207
vt 0.782757580280304 0.30908602476119995
vt 0.7921880483627319 0.3091871738433838
vt 0.7931612133979797 0.3127390146255493
vt 0.7933105826377869 0.30182480812072754
vt 0.7995270490646362 0.3038911819458008
vt 0.7988517880439758 0.30691850185394287
vt 0.9717920422554016 0.8057860136032104
vt 0.9543690085411072 0.8057957887649536
vt 0.9543703198432922 0.8082916736602783
vt 0.7758848071098328 0.30374670028686523
vt 0.7817882895469666 0.3017920255661011
vt 0.7828357219696045 0.3057541251182556
vt 0.7817882895469666 0.3017920255661011
vt 0.7933105826377869 0.30182480812072754
vt 0.7922942638397217 0.3059362769126892
vt 0.7975654602050781 0.2654511332511902
vt 0.8049618005752563 0.26556360721588135
vt 0.8041158318519592 0.27229803800582886
vt 0.9717720150947571 0.7681373357772827
vt 0.9543492197990417 0.7681463956832886
vt 0.9543529152870178 0.7751481533050537
vt 0.7698376774787903 0.26533371210098267
vt 0.7772670984268188 0.2651348114013672
vt 0.7777207493782043 0.2730812430381775
vt 0.7772670984268188 0.2651348114013672
vt 0.7975654602050781 0.2654511332511902
vt 0.7972143292427063 0.2732626795768738
vt 0.7957839369773865 0.0949329137802124
vt 0.8022483587265015 0.09403157234191895
vt 0.8026852011680603 0.10109353065490723
vt 0.9712908864021301 0.6032406091690063
vt 0.9546638131141663 0.6032489538192749
vt 0.9542695879936218 0.6103860139846802
vt 0.7714859247207642 0.09416645765304565
vt 0.7777489423751831 0.09545087814331055
vt 0.7774433493614197 0.10271716117858887
vt 0.7777489423751831 0.09545087814331055
vt 0.7957839369773865 0.0949329137802124
vt 0.7961011528968811 0.10243380069732666
vt 0.7921880483627319 0.3091871738433838
vt 0.7922942638397217 0.3059362769126892
vt 0.7988517880439758 0.30691850185394287
vt 0.7765147686004639 0.30657362937927246
vt 0.7828357219696045 0.3057541251182556
vt 0.782757580280304 0.30908602476119995
vt 0.7828357219696045 0.3057541251182556
vt 0.7922942638397217 0.3059362769126892
vt 0.7921880483627319 0.3091871738433838
vt 0.7947577834129333 0.2966364026069641
vt 0.8010594248771667 0.29776906967163086
vt 0.7995270490646362 0.3038911819458008
vt 0.9717890024185181 0.8003897666931152
vt 0.9543663263320923 0.8003987073898315
vt 0.9543690085411072 0.8057957887649536
vt 0.7743039131164551 0.2980499863624573
vt 0.7804019451141357 0.29694563150405884
vt 0.7817882895469666 0.3017920255661011
vt 0.7804019451141357 0.29694563150405884
vt 0.7947577834129333 0.2966364026069641
vt 0.7933105826377869 0.30182480812072754
vt 0.7973417043685913 0.25741344690322876
vt 0.8043751120567322 0.25874054431915283
vt 0.8049618005752563 0.26556360721588135
vt 0.9717685580253601 0.7611356973648071
vt 0.954345703125 0.7611446380615234
vt 0.9543492197990417 0.7681463956832886
vt 0.7704132199287415 0.25853532552719116
vt 0.7774071097373962 0.2571827173233032
vt 0.7772670984268188 0.2651348114013672
vt 0.7774071097373962 0.2571827173233032
vt 0.7973417043685913 0.25741344690322876
vt 0.7975654602050781 0.2654511332511902
vt 0.7950766682624817 0.0884772539138794
vt 0.8005397915840149 0.08761775493621826
vt 0.8022483587265015 0.09403157234191895
vt 0.9701207280158997 0.5961892604827881
vt 0.9558268189430237 0.5961964130401611
vt 0.9546638131141663 0.6032489538192749
vt 0.7738165259361267 0.087790846824646
vt 0.7793694138526917 0.08912110328674316
vt 0.7777489423751831 0.09545087814331055
vt 0.7793694138526917 0.08912110328674316
vt 0.7950766682624817 0.0884772539138794
vt 0.7957839369773865 0.0949329137802124
vt 0.9717952609062195 0.811816930770874
vt 0.9543721079826355 0.811826229095459
vt 0.9543911218643188 0.8469890356063843
vt 0.7931612133979797 0.3127390146255493
vt 0.799720287322998 0.31104928255081177
vt 0.8034837245941162 0.34601134061813354
vt 0.7816595435142517 0.3122715950012207
vt 0.7931612133979797 0.3127390146255493
vt 0.7967216968536377 0.3469194173812866
vt 0.7754170894622803 0.3103867769241333
vt 0.7816595435142517 0.3122715950012207
vt 0.7772661447525024 0.3470272421836853
vt 0.7158660888671875 0.24302387237548828
vt 0.6936058402061462 0.24302375316619873
vt 0.6949859261512756 0.24996322393417358
vt 0.9146198630332947 0.16024267673492432
vt 0.9145787954330444 0.13798654079437256
vt 0.8905763030052185 0.1380305290222168
vt 0.5770202279090881 0.7012804746627808
vt 0.5590049624443054 0.7087442874908447
vt 0.5603860020637512 0.7156840562820435
vt 0.8869671821594238 0.5594280958175659
vt 0.8869588971138 0.5399280786514282
vt 0.8629512190818787 0.53993821144104
vt 0.7364314794540405 0.2515423893928528
vt 0.7158660888671875 0.24302387237548828
vt 0.7144856452941895 0.24996322393417358
vt 0.9146609902381897 0.18249917030334473
vt 0.9146198630332947 0.16024267673492432
vt 0.8906171321868896 0.1602867841720581
vt 0.5908074975013733 0.6874916553497314
vt 0.5770202279090881 0.7012804746627808
vt 0.5809513926506042 0.7071632146835327
vt 0.8869753479957581 0.5789282321929932
vt 0.8869671821594238 0.5594280958175659
vt 0.8629596829414368 0.5594384670257568
vt 0.7521718740463257 0.2672824263572693
vt 0.7364314794540405 0.2515423893928528
vt 0.7325007319450378 0.25742506980895996
vt 0.9147022366523743 0.20475620031356812
vt 0.9146609902381897 0.18249917030334473
vt 0.8906579613685608 0.18254327774047852
vt 0.598268449306488 0.6694767475128174
vt 0.5908074975013733 0.6874916553497314
vt 0.5966902375221252 0.6914217472076416
vt 0.8869837522506714 0.5984283685684204
vt 0.8869753479957581 0.5789282321929932
vt 0.8629681468009949 0.5789386034011841
vt 0.7606906294822693 0.2878482937812805
vt 0.7521718740463257 0.2672824263572693
vt 0.7462890148162842 0.2712132930755615
vt 0.9147437214851379 0.2270139455795288
vt 0.9147022366523743 0.20475620031356812
vt 0.8906984925270081 0.20480036735534668
vt 0.5982677936553955 0.6499783992767334
vt 0.598268449306488 0.6694767475128174
vt 0.6052074432373047 0.6708565950393677
vt 0.8869919180870056 0.6179287433624268
vt 0.8869837522506714 0.5984283685684204
vt 0.8629763722419739 0.5984385013580322
vt 0.7606912851333618 0.31010884046554565
vt 0.7606906294822693 0.2878482937812805
vt 0.7537512183189392 0.28922873735427856
vt 0.9147850275039673 0.24927246570587158
vt 0.9147437214851379 0.2270139455795288
vt 0.8907391428947449 0.22705817222595215
vt 0.5908060669898987 0.6319640874862671
vt 0.5982677936553955 0.6499783992767334
vt 0.6052066087722778 0.6485980749130249
vt 0.8870000839233398 0.6374287605285645
vt 0.8869919180870056 0.6179287433624268
vt 0.8629845380783081 0.617938756942749
vt 0.7521730065345764 0.33067530393600464
vt 0.7606912851333618 0.31010884046554565
vt 0.7537517547607422 0.30872875452041626
vt 0.9148263931274414 0.27153176069259644
vt 0.9147850275039673 0.24927246570587158
vt 0.8907796144485474 0.24931663274765015
vt 0.5770189762115479 0.6181762218475342
vt 0.5908060669898987 0.6319640874862671
vt 0.5966886878013611 0.6280336380004883
vt 0.8870084881782532 0.6569288969039917
vt 0.8870000839233398 0.6374287605285645
vt 0.8629927635192871 0.6374388933181763
vt 0.7364329099655151 0.3464168906211853
vt 0.7521730065345764 0.33067530393600464
vt 0.746289849281311 0.3267446756362915
vt 0.9148678779602051 0.29379183053970337
vt 0.9148263931274414 0.27153176069259644
vt 0.8908203840255737 0.2715759873390198
vt 0.5590046644210815 0.6107132434844971
vt 0.5770189762115479 0.6181762218475342
vt 0.5809498429298401 0.6122939586639404
vt 0.8870167136192322 0.6764287948608398
vt 0.8870084881782532 0.6569288969039917
vt 0.8630009293556213 0.656938910484314
vt 0.71586674451828 0.3549368381500244
vt 0.7364329099655151 0.3464168906211853
vt 0.7325015664100647 0.3405340909957886
vt 0.914909303188324 0.3160526156425476
vt 0.9148678779602051 0.29379183053970337
vt 0.8908608555793762 0.2938361167907715
vt 0.5395048260688782 0.6107113361358643
vt 0.5590046644210815 0.6107132434844971
vt 0.5603857636451721 0.6037740707397461
vt 0.8870250582695007 0.6959291696548462
vt 0.8870167136192322 0.6764287948608398
vt 0.8630092144012451 0.6764390468597412
vt 0.6936053037643433 0.35493767261505127
vt 0.71586674451828 0.3549368381500244
vt 0.7144860625267029 0.34799724817276
vt 0.9149507880210876 0.33831411600112915
vt 0.914909303188324 0.3160526156425476
vt 0.8909015655517578 0.3160969018936157
vt 0.5214875936508179 0.6181721687316895
vt 0.5395048260688782 0.6107113361358643
vt 0.538125216960907 0.6037716865539551
vt 0.8870334625244141 0.7154291868209839
vt 0.8870250582695007 0.6959291696548462
vt 0.8630174994468689 0.695939302444458
vt 0.673038125038147 0.3464188575744629
vt 0.6936053037643433 0.35493767261505127
vt 0.6949855089187622 0.34799790382385254
vt 0.9149921536445618 0.360576331615448
vt 0.9149507880210876 0.33831411600112915
vt 0.8909422159194946 0.3383585810661316
vt 0.5076965689659119 0.6319607496261597
vt 0.5214875936508179 0.6181721687316895
vt 0.51755690574646 0.6122884750366211
vt 0.8870420455932617 0.7349294424057007
vt 0.8870334625244141 0.7154291868209839
vt 0.8630260229110718 0.7154397964477539
vt 0.6572965383529663 0.33067774772644043
vt 0.673038125038147 0.3464188575744629
vt 0.6769691109657288 0.3405357003211975
vt 0.9150338172912598 0.38283926248550415
vt 0.9149921536445618 0.360576331615448
vt 0.8909831643104553 0.3606208562850952
vt 0.500232458114624 0.6499775648117065
vt 0.5076965689659119 0.6319607496261597
vt 0.5018132925033569 0.6280288696289062
vt 0.8870505094528198 0.7544294595718384
vt 0.8870420455932617 0.7349294424057007
vt 0.8630344271659851 0.7349399328231812
vt 0.6487773656845093 0.3101103901863098
vt 0.6572965383529663 0.33067774772644043
vt 0.6631798148155212 0.32674652338027954
vt 0.9150754809379578 0.40510255098342896
vt 0.9150338172912598 0.38283926248550415
vt 0.8910239934921265 0.38288360834121704
vt 0.5002322196960449 0.669479250907898
vt 0.500232458114624 0.6499775648117065
vt 0.4932924211025238 0.6485967636108398
vt 0.8870592713356018 0.7739298343658447
vt 0.8870505094528198 0.7544294595718384
vt 0.8630431294441223 0.754440188407898
vt 0.6487777829170227 0.28784888982772827
vt 0.6487773656845093 0.3101103901863098
vt 0.6557170152664185 0.3087301254272461
vt 0.9151170253753662 0.4273664355278015
vt 0.9150754809379578 0.40510255098342896
vt 0.8910650014877319 0.4051471948623657
vt 0.5076958537101746 0.6874960660934448
vt 0.5002322196960449 0.669479250907898
vt 0.4932921826839447 0.6708595752716064
vt 0.8870682120323181 0.7934300899505615
vt 0.8870592713356018 0.7739298343658447
vt 0.8630516529083252 0.7739406824111938
vt 0.6572974920272827 0.2672821283340454
vt 0.6487777829170227 0.28784888982772827
vt 0.6557172536849976 0.2892293334007263
vt 0.9151588678359985 0.4496307373046875
vt 0.9151170253753662 0.4273664355278015
vt 0.8911060690879822 0.4274112582206726
vt 0.5214865207672119 0.7012847661972046
vt 0.5076958537101746 0.6874960660934448
vt 0.5018125772476196 0.69142746925354
vt 0.8870772123336792 0.8129299879074097
vt 0.8870682120323181 0.7934300899505615
vt 0.863060712814331 0.7934410572052002
vt 0.6730391979217529 0.25154197216033936
vt 0.6572974920272827 0.2672821283340454
vt 0.6631804704666138 0.2712134122848511
vt 0.9152007699012756 0.47189533710479736
vt 0.9151588678359985 0.4496307373046875
vt 0.8911475539207458 0.4496757388114929
vt 0.5395039916038513 0.7087459564208984
vt 0.5214865207672119 0.7012847661972046
vt 0.5175557732582092 0.7071685791015625
vt 0.8870862722396851 0.8324302434921265
vt 0.8870772123336792 0.8129299879074097
vt 0.8630696535110474 0.8129411935806274
vt 0.6936058402061462 0.24302375316619873
vt 0.6730391979217529 0.25154197216033936
vt 0.6769698858261108 0.2574250102043152
vt 0.915242612361908 0.4941600561141968
vt 0.9152007699012756 0.47189533710479736
vt 0.8911890983581543 0.47194039821624756
vt 0.5590049624443054 0.7087442874908447
vt 0.5395039916038513 0.7087459564208984
vt 0.5381243228912354 0.7156862020492554
vt 0.8870952725410461 0.8519304990768433
vt 0.8870862722396851 0.8324302434921265
vt 0.8630786538124084 0.8324413299560547
vt 0.7158706784248352 0.12343496084213257
vt 0.6936106085777283 0.1234322190284729
vt 0.6949900388717651 0.1303718090057373
vt 0.8822305202484131 0.16024363040924072
vt 0.8821766972541809 0.13798654079437256
vt 0.8581730127334595 0.1380443572998047
vt 0.7325035333633423 0.10134899616241455
vt 0.7144888639450073 0.10881280899047852
vt 0.7158700823783875 0.1157524585723877
vt 0.9187897443771362 0.5594289302825928
vt 0.9187809228897095 0.5399283170700073
vt 0.8947725892066956 0.5399391651153564
vt 0.7364349365234375 0.13195466995239258
vt 0.7158706784248352 0.12343496084213257
vt 0.714489758014679 0.13037395477294922
vt 0.8822844624519348 0.182500958442688
vt 0.8822305202484131 0.16024363040924072
vt 0.8582268357276917 0.16030168533325195
vt 0.7462902665138245 0.08756005764007568
vt 0.7325035333633423 0.10134899616241455
vt 0.736434817314148 0.1072314977645874
vt 0.9187985062599182 0.5789300203323364
vt 0.9187897443771362 0.5594289302825928
vt 0.8947814106941223 0.5594398975372314
vt 0.7521732449531555 0.14769470691680908
vt 0.7364349365234375 0.13195466995239258
vt 0.7325038909912109 0.13783705234527588
vt 0.8823389410972595 0.20475852489471436
vt 0.8822844624519348 0.182500958442688
vt 0.8582807183265686 0.18255925178527832
vt 0.7537510395050049 0.0695454478263855
vt 0.7462902665138245 0.08756005764007568
vt 0.7521731853485107 0.09149026870727539
vt 0.9188071489334106 0.598430871963501
vt 0.9187985062599182 0.5789300203323364
vt 0.8947902321815491 0.5789408683776855
vt 0.7606909275054932 0.1682591438293457
vt 0.7521732449531555 0.14769470691680908
vt 0.7462905645370483 0.15162527561187744
vt 0.8823935389518738 0.2270166277885437
vt 0.8823389410972595 0.20475852489471436
vt 0.8583346009254456 0.2048170566558838
vt 0.7537504434585571 0.05004703998565674
vt 0.7537510395050049 0.0695454478263855
vt 0.7606899738311768 0.07092511653900146
vt 0.9188159108161926 0.6179317235946655
vt 0.9188071489334106 0.598430871963501
vt 0.8947990536689758 0.5984416007995605
vt 0.7606912851333618 0.19051742553710938
vt 0.7606909275054932 0.1682591438293457
vt 0.7537519335746765 0.16963940858840942
vt 0.8824485540390015 0.2492753267288208
vt 0.8823935389518738 0.2270166277885437
vt 0.8583887219429016 0.227075457572937
vt 0.7462889552116394 0.03203272819519043
vt 0.7537504434585571 0.05004703998565674
vt 0.7606892585754395 0.04866665601730347
vt 0.9188244938850403 0.6374322175979614
vt 0.9188159108161926 0.6179317235946655
vt 0.8948076963424683 0.6179423332214355
vt 0.7521743774414062 0.21108239889144897
vt 0.7606912851333618 0.19051742553710938
vt 0.7537522912025452 0.18913745880126953
vt 0.8825036883354187 0.2715345621109009
vt 0.8824485540390015 0.2492753267288208
vt 0.8584429621696472 0.2493343949317932
vt 0.732502281665802 0.01824408769607544
vt 0.7462889552116394 0.03203272819519043
vt 0.7521715760231018 0.028102457523345947
vt 0.9188328981399536 0.6569328308105469
vt 0.9188244938850403 0.6374322175979614
vt 0.8948164582252502 0.6374428272247314
vt 0.7364359498023987 0.2268233299255371
vt 0.7521743774414062 0.21108239889144897
vt 0.74629145860672 0.20715206861495972
vt 0.8825592398643494 0.2937944531440735
vt 0.8825036883354187 0.2715345621109009
vt 0.8584974408149719 0.2715938687324524
vt 0.7144882678985596 0.0107804536819458
vt 0.732502281665802 0.01824408769607544
vt 0.7364333271980286 0.01236182451248169
vt 0.9188413023948669 0.6764332056045532
vt 0.9188328981399536 0.6569328308105469
vt 0.8948250412940979 0.6569432020187378
vt 0.7158712148666382 0.2353440523147583
vt 0.7364359498023987 0.2268233299255371
vt 0.7325047254562378 0.22094106674194336
vt 0.8826151490211487 0.3160548806190491
vt 0.8825592398643494 0.2937944531440735
vt 0.8585523962974548 0.2938541769981384
vt 0.6949886679649353 0.010778486728668213
vt 0.7144882678985596 0.0107804536819458
vt 0.7158693671226501 0.003841578960418701
vt 0.918849766254425 0.6959333419799805
vt 0.9188413023948669 0.6764332056045532
vt 0.8948336243629456 0.6764436960220337
vt 0.6936095952987671 0.23534643650054932
vt 0.7158712148666382 0.2353440523147583
vt 0.7144901156425476 0.22840476036071777
vt 0.8826712369918823 0.3383159637451172
vt 0.8826151490211487 0.3160548806190491
vt 0.8586075305938721 0.31611496210098267
vt 0.6769712567329407 0.018239319324493408
vt 0.6949886679649353 0.010778486728668213
vt 0.6936091184616089 0.003838658332824707
vt 0.918857991695404 0.7154334783554077
vt 0.918849766254425 0.6959333419799805
vt 0.8948420286178589 0.6959437131881714
vt 0.6730408668518066 0.226828932762146
vt 0.6936095952987671 0.23534643650054932
vt 0.6949894428253174 0.22840642929077148
vt 0.8827275633811951 0.36057770252227783
vt 0.8826712369918823 0.3383159637451172
vt 0.8586628437042236 0.3383764624595642
vt 0.6631805300712585 0.0320281982421875
vt 0.6769712567329407 0.018239319324493408
vt 0.6730406880378723 0.012355685234069824
vt 0.9188663959503174 0.734933614730835
vt 0.918857991695404 0.7154334783554077
vt 0.8948507905006409 0.7154439687728882
vt 0.6572973132133484 0.21108794212341309
vt 0.6730408668518066 0.226828932762146
vt 0.6769715547561646 0.22094500064849854
vt 0.8827843070030212 0.38284003734588623
vt 0.8827275633811951 0.36057770252227783
vt 0.8587188720703125 0.36063843965530396
vt 0.6557167172431946 0.050045549869537354
vt 0.6631805300712585 0.0320281982421875
vt 0.6572971343994141 0.02809661626815796
vt 0.9188746809959412 0.7544333934783936
vt 0.9188663959503174 0.734933614730835
vt 0.8948590755462646 0.7349437475204468
vt 0.6487764716148376 0.19051975011825562
vt 0.6572973132133484 0.21108794212341309
vt 0.6631807088851929 0.20715618133544922
vt 0.8828413486480713 0.4051026701927185
vt 0.8827843070030212 0.38284003734588623
vt 0.8587748408317566 0.38290107250213623
vt 0.6557166576385498 0.06954777240753174
vt 0.6557167172431946 0.050045549869537354
vt 0.6487764716148376 0.04866480827331543
vt 0.9188830852508545 0.7739332914352417
vt 0.9188746809959412 0.7544333934783936
vt 0.8948677778244019 0.7544436454772949
vt 0.6489035487174988 0.16872596740722656
vt 0.6487764716148376 0.19051975011825562
vt 0.6557166576385498 0.1891390085220337
vt 0.8828989267349243 0.42736589908599854
vt 0.8828413486480713 0.4051026701927185
vt 0.8588314056396484 0.4051640033721924
vt 0.6631803512573242 0.08756482601165771
vt 0.6557166576385498 0.06954777240753174
vt 0.6487764716148376 0.07092815637588501
vt 0.9188913106918335 0.7934328317642212
vt 0.9188830852508545 0.7739332914352417
vt 0.8948761224746704 0.7739436626434326
vt 0.6572983264923096 0.14768868684768677
vt 0.6489035487174988 0.16872596740722656
vt 0.6557171940803528 0.16963732242584229
vt 0.8828805088996887 0.44962960481643677
vt 0.8828989267349243 0.42736589908599854
vt 0.8588031530380249 0.4269583821296692
vt 0.6769709587097168 0.10135376453399658
vt 0.6631803512573242 0.08756482601165771
vt 0.6572970151901245 0.09149634838104248
vt 0.918899655342102 0.8129324913024902
vt 0.9188913106918335 0.7934328317642212
vt 0.8948846459388733 0.7934433221817017
vt 0.6730421781539917 0.1319485306739807
vt 0.6572983264923096 0.14768868684768677
vt 0.6631816625595093 0.15162062644958496
vt 0.8828624486923218 0.47189366817474365
vt 0.8828805088996887 0.44962960481643677
vt 0.8588697910308838 0.4496096968650818
vt 0.6949884295463562 0.10881495475769043
vt 0.6769709587097168 0.10135376453399658
vt 0.6730401515960693 0.10723757743835449
vt 0.9189079403877258 0.8324319124221802
vt 0.918899655342102 0.8129324913024902
vt 0.8948930501937866 0.8129429817199707
vt 0.6936106085777283 0.1234322190284729
vt 0.6730421781539917 0.1319485306739807
vt 0.6769726872444153 0.13783246278762817
vt 0.8828442692756653 0.4941577911376953
vt 0.8828624486923218 0.47189366817474365
vt 0.8588513731956482 0.47187405824661255
vt 0.7144888639450073 0.10881280899047852
vt 0.6949884295463562 0.10881495475769043
vt 0.6936087012290955 0.11575484275817871
vt 0.9189163446426392 0.8519313335418701
vt 0.9189079403877258 0.8324319124221802
vt 0.8949013948440552 0.8324422836303711
vt 0.694141149520874 0.6930477619171143
vt 0.6938919425010681 0.6927707195281982
vt 0.6933532357215881 0.6935688257217407
vt 0.6128680109977722 0.007425904273986816
vt 0.6034613251686096 0.006257236003875732
vt 0.5975666642189026 0.054489850997924805
vt 0.5564372539520264 0.3690648078918457
vt 0.5604205131530762 0.36217182874679565
vt 0.5466551780700684 0.356062114238739
vt 0.6942623257637024 0.6933921575546265
vt 0.694141149520874 0.6930477619171143
vt 0.6933532357215881 0.6935688257217407
vt 0.6222894191741943 0.008768737316131592
vt 0.6128680109977722 0.007425904273986816
vt 0.6058651208877563 0.055956482887268066
vt 0.5553843379020691 0.3807491660118103
vt 0.5564372539520264 0.3690648078918457
vt 0.5395535230636597 0.3638019561767578
vt 0.69427889585495 0.6937572956085205
vt 0.6942623257637024 0.6933921575546265
vt 0.6933532357215881 0.6935688257217407
vt 0.6317545175552368 0.010228335857391357
vt 0.6222894191741943 0.008768737316131592
vt 0.6144050359725952 0.05777460336685181
vt 0.554228663444519 0.39210182428359985
vt 0.5553843379020691 0.3807491660118103
vt 0.5400249361991882 0.378157377243042
vt 0.6941512823104858 0.6941072940826416
vt 0.69427889585495 0.6937572956085205
vt 0.6933532357215881 0.6935688257217407
vt 0.6410990953445435 0.011795401573181152
vt 0.6317545175552368 0.010228335857391357
vt 0.6231163740158081 0.060146331787109375
vt 0.5528120994567871 0.39780062437057495
vt 0.554228663444519 0.39210182428359985
vt 0.539118766784668 0.3910142183303833
vt 0.6938741207122803 0.6943567991256714
vt 0.6941512823104858 0.6941072940826416
vt 0.6933532357215881 0.6935688257217407
vt 0.4996907413005829 0.007942140102386475
vt 0.4902433454990387 0.009223580360412598
vt 0.4972844123840332 0.06113541126251221
vt 0.5704864263534546 0.3734182119369507
vt 0.5694071054458618 0.36734968423843384
vt 0.5604205131530762 0.36217182874679565
vt 0.6935298442840576 0.6944776773452759
vt 0.6938741207122803 0.6943567991256714
vt 0.6933532357215881 0.6935688257217407
vt 0.5092576742172241 0.00677180290222168
vt 0.4996907413005829 0.007942140102386475
vt 0.5067844390869141 0.05841648578643799
vt 0.5684964656829834 0.38204360008239746
vt 0.5704864263534546 0.3734182119369507
vt 0.5564372539520264 0.3690648078918457
vt 0.6931650638580322 0.6944942474365234
vt 0.6935298442840576 0.6944776773452759
vt 0.6933532357215881 0.6935688257217407
vt 0.5187842845916748 0.005784511566162109
vt 0.5092576742172241 0.00677180290222168
vt 0.515600323677063 0.056311070919036865
vt 0.5674630403518677 0.38894104957580566
vt 0.5684964656829834 0.38204360008239746
vt 0.5553843379020691 0.3807491660118103
vt 0.6928147077560425 0.6943670511245728
vt 0.6931650638580322 0.6944942474365234
vt 0.6933532357215881 0.6935688257217407
vt 0.5282595157623291 0.004927635192871094
vt 0.5187842845916748 0.005784511566162109
vt 0.5241715312004089 0.05471521615982056
vt 0.5647713541984558 0.39698487520217896
vt 0.5674630403518677 0.38894104957580566
vt 0.554228663444519 0.39210182428359985
vt 0.692565381526947 0.6940895318984985
vt 0.6928147077560425 0.6943670511245728
vt 0.6933532357215881 0.6935688257217407
vt 0.5377285480499268 0.0043416619300842285
vt 0.5282595157623291 0.004927635192871094
vt 0.5325416922569275 0.0535091757774353
vt 0.5868591070175171 0.3694900870323181
vt 0.5815132260322571 0.36527395248413086
vt 0.5694071054458618 0.36734968423843384
vt 0.6924442052841187 0.6937453746795654
vt 0.692565381526947 0.6940895318984985
vt 0.6933532357215881 0.6935688257217407
vt 0.5471570491790771 0.003979086875915527
vt 0.5377285480499268 0.0043416619300842285
vt 0.5407583117485046 0.05256682634353638
vt 0.5793669819831848 0.38491111993789673
vt 0.5868591070175171 0.3694900870323181
vt 0.5704864263534546 0.3734182119369507
vt 0.6924276947975159 0.69338059425354
vt 0.6924442052841187 0.6937453746795654
vt 0.6933532357215881 0.6935688257217407
vt 0.5565460324287415 0.003838658332824707
vt 0.5471570491790771 0.003979086875915527
vt 0.548923909664154 0.052012503147125244
vt 0.578122615814209 0.3981754779815674
vt 0.5793669819831848 0.38491111993789673
vt 0.5684964656829834 0.38204360008239746
vt 0.6925551295280457 0.6930301189422607
vt 0.6924276947975159 0.69338059425354
vt 0.6933532357215881 0.6935688257217407
vt 0.5659226179122925 0.0038462281227111816
vt 0.5565460324287415 0.003838658332824707
vt 0.5570145845413208 0.051659226417541504
vt 0.575569212436676 0.40153563022613525
vt 0.578122615814209 0.3981754779815674
vt 0.5674630403518677 0.38894104957580566
vt 0.692832350730896 0.6927808523178101
vt 0.6925551295280457 0.6930301189422607
vt 0.6933532357215881 0.6935688257217407
vt 0.5752952098846436 0.004153847694396973
vt 0.5659226179122925 0.0038462281227111816
vt 0.5651122331619263 0.051651835441589355
vt 0.5950928926467896 0.3726651072502136
vt 0.5969539284706116 0.3674551844596863
vt 0.5815132260322571 0.36527395248413086
vt 0.6931768655776978 0.692659854888916
vt 0.692832350730896 0.6927808523178101
vt 0.6933532357215881 0.6935688257217407
vt 0.5846766233444214 0.004610419273376465
vt 0.5752952098846436 0.004153847694396973
vt 0.5732006430625916 0.05192291736602783
vt 0.5935006737709045 0.38680142164230347
vt 0.5950928926467896 0.3726651072502136
vt 0.5868591070175171 0.3694900870323181
vt 0.6935415267944336 0.6926432847976685
vt 0.6931768655776978 0.692659854888916
vt 0.6933532357215881 0.6935688257217407
vt 0.5940526723861694 0.005360126495361328
vt 0.5846766233444214 0.004610419273376465
vt 0.5812620520591736 0.052539825439453125
vt 0.5915462970733643 0.39941149950027466
vt 0.5935006737709045 0.38680142164230347
vt 0.5793669819831848 0.38491111993789673
vt 0.6938919425010681 0.6927707195281982
vt 0.6935415267944336 0.6926432847976685
vt 0.6933532357215881 0.6935688257217407
vt 0.6034613251686096 0.006257236003875732
vt 0.5940526723861694 0.005360126495361328
vt 0.5894030928611755 0.053285062313079834
vt 0.5876269340515137 0.4026018977165222
vt 0.5915462970733643 0.39941149950027466
vt 0.578122615814209 0.3981754779815674
vt 0.5842764377593994 0.08997470140457153
vt 0.5907749533653259 0.09050339460372925
vt 0.5975666642189026 0.054489850997924805
vt 0.5777605772018433 0.08935260772705078
vt 0.5842764377593994 0.08997470140457153
vt 0.5894030928611755 0.053285062313079834
vt 0.5711661577224731 0.08915555477142334
vt 0.5777605772018433 0.08935260772705078
vt 0.5812620520591736 0.052539825439453125
vt 0.5645442008972168 0.0891152024269104
vt 0.5711661577224731 0.08915555477142334
vt 0.5732006430625916 0.05192291736602783
vt 0.5579227209091187 0.08895623683929443
vt 0.5645442008972168 0.0891152024269104
vt 0.5651122331619263 0.051651835441589355
vt 0.5513206124305725 0.08895230293273926
vt 0.5579227209091187 0.08895623683929443
vt 0.5570145845413208 0.051659226417541504
vt 0.5447848439216614 0.08938378095626831
vt 0.5513206124305725 0.08895230293273926
vt 0.548923909664154 0.052012503147125244
vt 0.5382669568061829 0.08972400426864624
vt 0.5447848439216614 0.08938378095626831
vt 0.5407583117485046 0.05256682634353638
vt 0.5318289399147034 0.09024912118911743
vt 0.5382669568061829 0.08972400426864624
vt 0.5325416922569275 0.0535091757774353
vt 0.5256001949310303 0.09115666151046753
vt 0.5318289399147034 0.09024912118911743
vt 0.5241715312004089 0.05471521615982056
vt 0.5193836092948914 0.0921163558959961
vt 0.5256001949310303 0.09115666151046753
vt 0.515600323677063 0.056311070919036865
vt 0.5133466124534607 0.09341764450073242
vt 0.5193836092948914 0.0921163558959961
vt 0.5067844390869141 0.05841648578643799
vt 0.6095675826072693 0.0934150218963623
vt 0.6155562400817871 0.09487992525100708
vt 0.6324887275695801 0.06314224004745483
vt 0.603387713432312 0.0922858715057373
vt 0.6095675826072693 0.0934150218963623
vt 0.6231163740158081 0.060146331787109375
vt 0.5971933603286743 0.09120732545852661
vt 0.603387713432312 0.0922858715057373
vt 0.6144050359725952 0.05777460336685181
vt 0.5907749533653259 0.09050339460372925
vt 0.5971933603286743 0.09120732545852661
vt 0.6058651208877563 0.055956482887268066
vt 0.588342547416687 0.30191975831985474
vt 0.594998300075531 0.3019622564315796
vt 0.5948500037193298 0.29460227489471436
vt 0.594998300075531 0.3019622564315796
vt 0.6021666526794434 0.30183929204940796
vt 0.6016436219215393 0.2942522168159485
vt 0.6021666526794434 0.30183929204940796
vt 0.6094546914100647 0.3012368679046631
vt 0.6085146069526672 0.29354411363601685
vt 0.6094546914100647 0.3012368679046631
vt 0.6169723272323608 0.3002181649208069
vt 0.6157652139663696 0.2921559810638428
vt 0.5062580704689026 0.29890990257263184
vt 0.5137248039245605 0.3001707196235657
vt 0.5149296522140503 0.29252541065216064
vt 0.5137248039245605 0.3001707196235657
vt 0.5209558010101318 0.30102360248565674
vt 0.5218173861503601 0.29348742961883545
vt 0.5209558010101318 0.30102360248565674
vt 0.528159499168396 0.3014724850654602
vt 0.5286714434623718 0.2939165234565735
vt 0.528159499168396 0.3014724850654602
vt 0.5350422263145447 0.3016662001609802
vt 0.5352652668952942 0.2942795157432556
vt 0.5350422263145447 0.3016662001609802
vt 0.5416834950447083 0.30189722776412964
vt 0.5418615937232971 0.29465973377227783
vt 0.5416834950447083 0.30189722776412964
vt 0.5484642386436462 0.3020917773246765
vt 0.5486667156219482 0.29484498500823975
vt 0.5484642386436462 0.3020917773246765
vt 0.5553186535835266 0.30213814973831177
vt 0.555415689945221 0.2948160767555237
vt 0.5553186535835266 0.30213814973831177
vt 0.5619864463806152 0.30214351415634155
vt 0.5619943737983704 0.2948938012123108
vt 0.5619864463806152 0.30214351415634155
vt 0.5686621069908142 0.3021581172943115
vt 0.5686262249946594 0.29496413469314575
vt 0.5686621069908142 0.3021581172943115
vt 0.5753996968269348 0.30208873748779297
vt 0.5752989053726196 0.2949445843696594
vt 0.5753996968269348 0.30208873748779297
vt 0.5819281935691833 0.30199092626571655
vt 0.5818796753883362 0.29495126008987427
vt 0.5819281935691833 0.30199092626571655
vt 0.588342547416687 0.30191975831985474
vt 0.5883293747901917 0.2947390675544739
vt 0.6938919425010681 0.6927707195281982
vt 0.694141149520874 0.6930477619171143
vt 0.7121459245681763 0.6811085939407349
vt 0.694141149520874 0.6930477619171143
vt 0.6942623257637024 0.6933921575546265
vt 0.7154707312583923 0.6892755031585693
vt 0.6942623257637024 0.6933921575546265
vt 0.69427889585495 0.6937572956085205
vt 0.7154430150985718 0.6980929374694824
vt 0.69427889585495 0.6937572956085205
vt 0.6941512823104858 0.6941072940826416
vt 0.7120468020439148 0.7061847448348999
vt 0.6941512823104858 0.6941072940826416
vt 0.6938741207122803 0.6943567991256714
vt 0.7058135271072388 0.7123613357543945
vt 0.6938741207122803 0.6943567991256714
vt 0.6935298442840576 0.6944776773452759
vt 0.6976466178894043 0.7156862020492554
vt 0.6935298442840576 0.6944776773452759
vt 0.6931650638580322 0.6944942474365234
vt 0.6888288855552673 0.7156585454940796
vt 0.6931650638580322 0.6944942474365234
vt 0.6928147077560425 0.6943670511245728
vt 0.6807373762130737 0.7122625112533569
vt 0.6928147077560425 0.6943670511245728
vt 0.692565381526947 0.6940895318984985
vt 0.6745604276657104 0.7060290575027466
vt 0.692565381526947 0.6940895318984985
vt 0.6924442052841187 0.6937453746795654
vt 0.6712356805801392 0.6978622674942017
vt 0.6924442052841187 0.6937453746795654
vt 0.6924276947975159 0.69338059425354
vt 0.671263575553894 0.689044713973999
vt 0.6924276947975159 0.69338059425354
vt 0.6925551295280457 0.6930301189422607
vt 0.6746596097946167 0.6809529066085815
vt 0.6925551295280457 0.6930301189422607
vt 0.692832350730896 0.6927808523178101
vt 0.6808930039405823 0.6747759580612183
vt 0.692832350730896 0.6927808523178101
vt 0.6931768655776978 0.692659854888916
vt 0.6890597939491272 0.6714515686035156
vt 0.6931768655776978 0.692659854888916
vt 0.6935415267944336 0.6926432847976685
vt 0.6978773474693298 0.6714791059494019
vt 0.6935415267944336 0.6926432847976685
vt 0.6938919425010681 0.6927707195281982
vt 0.7059690952301025 0.6748752593994141
vt 0.5907749533653259 0.09050339460372925
vt 0.5842764377593994 0.08997470140457153
vt 0.5817208886146545 0.28957104682922363
vt 0.5971933603286743 0.09120732545852661
vt 0.5907749533653259 0.09050339460372925
vt 0.5881635546684265 0.28967511653900146
vt 0.603387713432312 0.0922858715057373
vt 0.5971933603286743 0.09120732545852661
vt 0.5946311950683594 0.28913140296936035
vt 0.6095675826072693 0.0934150218963623
vt 0.603387713432312 0.0922858715057373
vt 0.6011986136436462 0.28848809003829956
vt 0.6155562400817871 0.09487992525100708
vt 0.6095675826072693 0.0934150218963623
vt 0.607686460018158 0.28825581073760986
vt 0.5193836092948914 0.0921163558959961
vt 0.5133466124534607 0.09341764450073242
vt 0.5099392533302307 0.28591644763946533
vt 0.5256001949310303 0.09115666151046753
vt 0.5193836092948914 0.0921163558959961
vt 0.5159168839454651 0.28724563121795654
vt 0.5318289399147034 0.09024912118911743
vt 0.5256001949310303 0.09115666151046753
vt 0.5224165916442871 0.2876583933830261
vt 0.5382669568061829 0.08972400426864624
vt 0.5318289399147034 0.09024912118911743
vt 0.5290100574493408 0.28842365741729736
vt 0.5447848439216614 0.08938378095626831
vt 0.5382669568061829 0.08972400426864624
vt 0.5355302691459656 0.2891177535057068
vt 0.5513206124305725 0.08895230293273926
vt 0.5447848439216614 0.08938378095626831
vt 0.5420700907707214 0.28909391164779663
vt 0.5579227209091187 0.08895623683929443
vt 0.5513206124305725 0.08895230293273926
vt 0.54875648021698 0.2889115810394287
vt 0.5645442008972168 0.0891152024269104
vt 0.5579227209091187 0.08895623683929443
vt 0.5554302930831909 0.2893117666244507
vt 0.5711661577224731 0.08915555477142334
vt 0.5645442008972168 0.0891152024269104
vt 0.5619676113128662 0.2896522879600525
vt 0.5777605772018433 0.08935260772705078
vt 0.5711661577224731 0.08915555477142334
vt 0.5685735940933228 0.2891891598701477
vt 0.5842764377593994 0.08997470140457153
vt 0.5777605772018433 0.08935260772705078
vt 0.5751979947090149 0.28942251205444336
vt 0.5883293747901917 0.2947390675544739
vt 0.5948500037193298 0.29460227489471436
vt 0.5946311950683594 0.28913140296936035
vt 0.2709041237831116 0.7656393051147461
vt 0.2629435062408447 0.7656290531158447
vt 0.2640378177165985 0.7601652145385742
vt 0.5948500037193298 0.29460227489471436
vt 0.6016436219215393 0.2942522168159485
vt 0.6011986136436462 0.28848809003829956
vt 0.2782626450061798 0.7626025676727295
vt 0.2709041237831116 0.7656393051147461
vt 0.2698240876197815 0.7601728439331055
vt 0.6016436219215393 0.2942522168159485
vt 0.6085146069526672 0.29354411363601685
vt 0.607686460018158 0.28825581073760986
vt 0.28389886021614075 0.7569808959960938
vt 0.2782626450061798 0.7626025676727295
vt 0.27517279982566833 0.7579653263092041
vt 0.6085146069526672 0.29354411363601685
vt 0.6157652139663696 0.2921559810638428
vt 0.6136928200721741 0.28710097074508667
vt 0.2869548499584198 0.749630331993103
vt 0.28389886021614075 0.7569808959960938
vt 0.27926957607269287 0.753879189491272
vt 0.5077188014984131 0.2909083962440491
vt 0.5149296522140503 0.29252541065216064
vt 0.5159168839454651 0.28724563121795654
vt 0.28696510195732117 0.7416698932647705
vt 0.2869548499584198 0.749630331993103
vt 0.2814909815788269 0.748536229133606
vt 0.5149296522140503 0.29252541065216064
vt 0.5218173861503601 0.29348742961883545
vt 0.5224165916442871 0.2876583933830261
vt 0.2839287221431732 0.7343113422393799
vt 0.28696510195732117 0.7416698932647705
vt 0.2814984917640686 0.7427499294281006
vt 0.5218173861503601 0.29348742961883545
vt 0.5286714434623718 0.2939165234565735
vt 0.5290100574493408 0.28842365741729736
vt 0.2783070206642151 0.7286750078201294
vt 0.2839287221431732 0.7343113422393799
vt 0.2792912721633911 0.737401008605957
vt 0.5286714434623718 0.2939165234565735
vt 0.5352652668952942 0.2942795157432556
vt 0.5355302691459656 0.2891177535057068
vt 0.2709563970565796 0.7256189584732056
vt 0.2783070206642151 0.7286750078201294
vt 0.2752051055431366 0.7333042621612549
vt 0.5352652668952942 0.2942795157432556
vt 0.5418615937232971 0.29465973377227783
vt 0.5420700907707214 0.28909391164779663
vt 0.26299604773521423 0.7256085872650146
vt 0.2709563970565796 0.7256189584732056
vt 0.2698623239994049 0.7310827970504761
vt 0.5418615937232971 0.29465973377227783
vt 0.5486667156219482 0.29484498500823975
vt 0.54875648021698 0.2889115810394287
vt 0.25563734769821167 0.7286452054977417
vt 0.26299604773521423 0.7256085872650146
vt 0.2640758156776428 0.7310752868652344
vt 0.5486667156219482 0.29484498500823975
vt 0.555415689945221 0.2948160767555237
vt 0.5554302930831909 0.2893117666244507
vt 0.2500011920928955 0.7342671155929565
vt 0.25563734769821167 0.7286452054977417
vt 0.25872722268104553 0.7332826852798462
vt 0.555415689945221 0.2948160767555237
vt 0.5619943737983704 0.2948938012123108
vt 0.5619676113128662 0.2896522879600525
vt 0.2469450682401657 0.7416176795959473
vt 0.2500011920928955 0.7342671155929565
vt 0.25463032722473145 0.7373689413070679
vt 0.5619943737983704 0.2948938012123108
vt 0.5686262249946594 0.29496413469314575
vt 0.5685735940933228 0.2891891598701477
vt 0.24693484604358673 0.7495781183242798
vt 0.2469450682401657 0.7416176795959473
vt 0.2524089813232422 0.7427119016647339
vt 0.5686262249946594 0.29496413469314575
vt 0.5752989053726196 0.2949445843696594
vt 0.5751979947090149 0.28942251205444336
vt 0.24997131526470184 0.7569365501403809
vt 0.24693484604358673 0.7495781183242798
vt 0.2524015009403229 0.7484982013702393
vt 0.5752989053726196 0.2949445843696594
vt 0.5818796753883362 0.29495126008987427
vt 0.5817208886146545 0.28957104682922363
vt 0.25559303164482117 0.7625731229782104
vt 0.24997131526470184 0.7569365501403809
vt 0.25460872054100037 0.7538468837738037
vt 0.5818796753883362 0.29495126008987427
vt 0.5883293747901917 0.2947390675544739
vt 0.5881635546684265 0.28967511653900146
vt 0.2629435062408447 0.7656290531158447
vt 0.25559303164482117 0.7625731229782104
vt 0.25869491696357727 0.757943868637085
vt 0.683442234992981 0.5893678665161133
vt 0.6848260760307312 0.5785590410232544
vt 0.6951238512992859 0.5795714855194092
vt 0.6816088557243347 0.5999661684036255
vt 0.683442234992981 0.5893678665161133
vt 0.6934458613395691 0.5906767845153809
vt 0.6794387102127075 0.6103693246841431
vt 0.6816088557243347 0.5999661684036255
vt 0.6914551258087158 0.6015591621398926
vt 0.6770403981208801 0.6207996606826782
vt 0.6794387102127075 0.6103693246841431
vt 0.6891998052597046 0.6122561693191528
vt 0.673997163772583 0.6314423084259033
vt 0.6770403981208801 0.6207996606826782
vt 0.6867293119430542 0.6228920221328735
vt 0.6698952317237854 0.643119215965271
vt 0.673997163772583 0.6314423084259033
vt 0.6841568350791931 0.6337244510650635
vt 0.6764172315597534 0.47785019874572754
vt 0.6723512411117554 0.46538281440734863
vt 0.685339093208313 0.4624447822570801
vt 0.6791707277297974 0.48917967081069946
vt 0.6764172315597534 0.47785019874572754
vt 0.6871914863586426 0.4755404591560364
vt 0.681402862071991 0.5000779628753662
vt 0.6791707277297974 0.48917967081069946
vt 0.6893430352210999 0.4870355725288391
vt 0.6833781599998474 0.5110373497009277
vt 0.681402862071991 0.5000779628753662
vt 0.6916568875312805 0.4983564615249634
vt 0.6848821043968201 0.5221278667449951
vt 0.6833781599998474 0.5110373497009277
vt 0.6936966180801392 0.509663462638855
vt 0.6858818531036377 0.5332976579666138
vt 0.6848821043968201 0.5221278667449951
vt 0.6953652501106262 0.5211167335510254
vt 0.6866340637207031 0.5445905923843384
vt 0.6858818531036377 0.5332976579666138
vt 0.6964847445487976 0.5328609943389893
vt 0.6865783929824829 0.5560787916183472
vt 0.6866340637207031 0.5445905923843384
vt 0.6972289681434631 0.5445979833602905
vt 0.6860781908035278 0.5675384998321533
vt 0.6865783929824829 0.5560787916183472
vt 0.6972103714942932 0.5563501119613647
vt 0.6848260760307312 0.5785590410232544
vt 0.6860781908035278 0.5675384998321533
vt 0.696479082107544 0.5681523084640503
vt 0.6934458613395691 0.5906767845153809
vt 0.6951238512992859 0.5795714855194092
vt 0.7004705667495728 0.5802366733551025
vt 0.6848260760307312 0.5785590410232544
vt 0.683442234992981 0.5893678665161133
vt 0.676982581615448 0.5884255170822144
vt 0.6914551258087158 0.6015591621398926
vt 0.6934458613395691 0.5906767845153809
vt 0.6986557841300964 0.5914782285690308
vt 0.683442234992981 0.5893678665161133
vt 0.6816088557243347 0.5999661684036255
vt 0.6751971244812012 0.5988044738769531
vt 0.6891998052597046 0.6122561693191528
vt 0.6914551258087158 0.6015591621398926
vt 0.6965678930282593 0.6024870872497559
vt 0.6816088557243347 0.5999661684036255
vt 0.6794387102127075 0.6103693246841431
vt 0.6730252504348755 0.6089615821838379
vt 0.6867293119430542 0.6228920221328735
vt 0.6891998052597046 0.6122561693191528
vt 0.6942420601844788 0.6132923364639282
vt 0.6794387102127075 0.6103693246841431
vt 0.6770403981208801 0.6207996606826782
vt 0.670560359954834 0.6190621852874756
vt 0.6841568350791931 0.6337244510650635
vt 0.6867293119430542 0.6228920221328735
vt 0.6917353868484497 0.6239883899688721
vt 0.6770403981208801 0.6207996606826782
vt 0.673997163772583 0.6314423084259033
vt 0.6676673889160156 0.6293045282363892
vt 0.6821150183677673 0.6461513042449951
vt 0.6841568350791931 0.6337244510650635
vt 0.6892240643501282 0.6346518993377686
vt 0.673997163772583 0.6314423084259033
vt 0.6698952317237854 0.643119215965271
vt 0.6634193658828735 0.6394593715667725
vt 0.6871914863586426 0.4755404591560364
vt 0.685339093208313 0.4624447822570801
vt 0.6912907361984253 0.4629894495010376
vt 0.6723512411117554 0.46538281440734863
vt 0.6764172315597534 0.47785019874572754
vt 0.6696478724479675 0.47992128133773804
vt 0.6893430352210999 0.4870355725288391
vt 0.6871914863586426 0.4755404591560364
vt 0.6925315856933594 0.47475528717041016
vt 0.6764172315597534 0.47785019874572754
vt 0.6791707277297974 0.48917967081069946
vt 0.6723621487617493 0.4907680153846741
vt 0.6916568875312805 0.4983564615249634
vt 0.6893430352210999 0.4870355725288391
vt 0.694672703742981 0.4860718250274658
vt 0.6791707277297974 0.48917967081069946
vt 0.681402862071991 0.5000779628753662
vt 0.6746712923049927 0.5013656616210938
vt 0.6936966180801392 0.509663462638855
vt 0.6916568875312805 0.4983564615249634
vt 0.6969918012619019 0.4974203109741211
vt 0.681402862071991 0.5000779628753662
vt 0.6833781599998474 0.5110373497009277
vt 0.6767155528068542 0.5120856761932373
vt 0.6953652501106262 0.5211167335510254
vt 0.6936966180801392 0.509663462638855
vt 0.6990911364555359 0.5088618993759155
vt 0.6833781599998474 0.5110373497009277
vt 0.6848821043968201 0.5221278667449951
vt 0.6781414151191711 0.5229014158248901
vt 0.6964847445487976 0.5328609943389893
vt 0.6953652501106262 0.5211167335510254
vt 0.7008839249610901 0.5204716920852661
vt 0.6848821043968201 0.5221278667449951
vt 0.6858818531036377 0.5332976579666138
vt 0.6792181730270386 0.5337309837341309
vt 0.6972289681434631 0.5445979833602905
vt 0.6964847445487976 0.5328609943389893
vt 0.7023835182189941 0.5324356555938721
vt 0.6858818531036377 0.5332976579666138
vt 0.6866340637207031 0.5445905923843384
vt 0.6795907020568848 0.5447565317153931
vt 0.6972103714942932 0.5563501119613647
vt 0.6972289681434631 0.5445979833602905
vt 0.7025508880615234 0.5444331169128418
vt 0.6866340637207031 0.5445905923843384
vt 0.6865783929824829 0.5560787916183472
vt 0.6798056364059448 0.5559356212615967
vt 0.696479082107544 0.5681523084640503
vt 0.6972103714942932 0.5563501119613647
vt 0.7031497955322266 0.5565011501312256
vt 0.6865783929824829 0.5560787916183472
vt 0.6860781908035278 0.5675384998321533
vt 0.6791384816169739 0.5670502185821533
vt 0.6951238512992859 0.5795714855194092
vt 0.696479082107544 0.5681523084640503
vt 0.7020187973976135 0.5686399936676025
vt 0.6860781908035278 0.5675384998321533
vt 0.6848260760307312 0.5785590410232544
vt 0.6783513426780701 0.5778698921203613
vt 0.6686513423919678 0.6079679727554321
vt 0.6705960631370544 0.597815990447998
vt 0.6751971244812012 0.5988044738769531
vt 0.6660070419311523 0.6179426908493042
vt 0.6686513423919678 0.6079679727554321
vt 0.6730252504348755 0.6089615821838379
vt 0.6630769371986389 0.6277796030044556
vt 0.6660070419311523 0.6179426908493042
vt 0.670560359954834 0.6190621852874756
vt 0.6593711972236633 0.6367863416671753
vt 0.6630769371986389 0.6277796030044556
vt 0.6676673889160156 0.6293045282363892
vt 0.664768636226654 0.4814044237136841
vt 0.6610763669013977 0.4718272089958191
vt 0.6654132604598999 0.46909862756729126
vt 0.6675673723220825 0.4918067455291748
vt 0.664768636226654 0.4814044237136841
vt 0.6696478724479675 0.47992128133773804
vt 0.6700558662414551 0.5022706985473633
vt 0.6675673723220825 0.4918067455291748
vt 0.6723621487617493 0.4907680153846741
vt 0.6716784834861755 0.5128977298736572
vt 0.6700558662414551 0.5022706985473633
vt 0.6746712923049927 0.5013656616210938
vt 0.6734946370124817 0.5234662294387817
vt 0.6716784834861755 0.5128977298736572
vt 0.6767155528068542 0.5120856761932373
vt 0.6742876172065735 0.5341808795928955
vt 0.6734946370124817 0.5234662294387817
vt 0.6781414151191711 0.5229014158248901
vt 0.6745973229408264 0.5450093746185303
vt 0.6742876172065735 0.5341808795928955
vt 0.6792181730270386 0.5337309837341309
vt 0.6745628714561462 0.5558356046676636
vt 0.6745973229408264 0.5450093746185303
vt 0.6795907020568848 0.5447565317153931
vt 0.6742085814476013 0.5666133165359497
vt 0.6745628714561462 0.5558356046676636
vt 0.6798056364059448 0.5559356212615967
vt 0.673527181148529 0.5772314071655273
vt 0.6742085814476013 0.5666133165359497
vt 0.6791384816169739 0.5670502185821533
vt 0.6723113656044006 0.5875922441482544
vt 0.673527181148529 0.5772314071655273
vt 0.6783513426780701 0.5778698921203613
vt 0.6705960631370544 0.597815990447998
vt 0.6723113656044006 0.5875922441482544
vt 0.676982581615448 0.5884255170822144
vt 0.6417081952095032 0.6020976305007935
vt 0.6433274149894714 0.5931239128112793
vt 0.6705960631370544 0.597815990447998
vt 0.6395538449287415 0.6109267473220825
vt 0.6417081952095032 0.6020976305007935
vt 0.6686513423919678 0.6079679727554321
vt 0.6370096206665039 0.6197303533554077
vt 0.6395538449287415 0.6109267473220825
vt 0.6660070419311523 0.6179426908493042
vt 0.6341419219970703 0.6288729906082153
vt 0.6370096206665039 0.6197303533554077
vt 0.6630769371986389 0.6277796030044556
vt 0.6372261047363281 0.4893673062324524
vt 0.634376049041748 0.4796912670135498
vt 0.6610763669013977 0.4718272089958191
vt 0.6397451758384705 0.4986727833747864
vt 0.6372261047363281 0.4893673062324524
vt 0.664768636226654 0.4814044237136841
vt 0.6418707370758057 0.5079830884933472
vt 0.6397451758384705 0.4986727833747864
vt 0.6675673723220825 0.4918067455291748
vt 0.6435031294822693 0.5174155235290527
vt 0.6418707370758057 0.5079830884933472
vt 0.6700558662414551 0.5022706985473633
vt 0.644844114780426 0.5269249677658081
vt 0.6435031294822693 0.5174155235290527
vt 0.6716784834861755 0.5128977298736572
vt 0.6457618474960327 0.5364247560501099
vt 0.644844114780426 0.5269249677658081
vt 0.6734946370124817 0.5234662294387817
vt 0.6462419629096985 0.5459489822387695
vt 0.6457618474960327 0.5364247560501099
vt 0.6742876172065735 0.5341808795928955
vt 0.6463039517402649 0.5555393695831299
vt 0.6462419629096985 0.5459489822387695
vt 0.6745973229408264 0.5450093746185303
vt 0.6460989117622375 0.5650993585586548
vt 0.6463039517402649 0.5555393695831299
vt 0.6745628714561462 0.5558356046676636
vt 0.6455169916152954 0.5745480060577393
vt 0.6460989117622375 0.5650993585586548
vt 0.6742085814476013 0.5666133165359497
vt 0.6445751786231995 0.5839204788208008
vt 0.6455169916152954 0.5745480060577393
vt 0.673527181148529 0.5772314071655273
vt 0.6433274149894714 0.5931239128112793
vt 0.6445751786231995 0.5839204788208008
vt 0.6723113656044006 0.5875922441482544
vt 0.57291579246521 0.515342116355896
vt 0.5657961964607239 0.4996246099472046
vt 0.5765252113342285 0.49991893768310547
vt 0.5800772309303284 0.5262324810028076
vt 0.57291579246521 0.515342116355896
vt 0.5851820111274719 0.5106207132339478
vt 0.5761678814888 0.5437004566192627
vt 0.5800772309303284 0.5262324810028076
vt 0.5913012623786926 0.5246098041534424
vt 0.5804191827774048 0.5522952079772949
vt 0.5761678814888 0.5437004566192627
vt 0.5897950530052185 0.5357373952865601
vt 0.5565096139907837 0.514420747756958
vt 0.5525596737861633 0.5026261806488037
vt 0.5657961964607239 0.4996246099472046
vt 0.5605016946792603 0.5303305387496948
vt 0.5565096139907837 0.514420747756958
vt 0.57291579246521 0.515342116355896
vt 0.5627474188804626 0.5496553182601929
vt 0.5605016946792603 0.5303305387496948
vt 0.5800772309303284 0.5262324810028076
vt 0.5694310665130615 0.5565574169158936
vt 0.5627474188804626 0.5496553182601929
vt 0.5761678814888 0.5437004566192627
vt 0.5416064262390137 0.5195316076278687
vt 0.5396252870559692 0.5067316293716431
vt 0.5525596737861633 0.5026261806488037
vt 0.5455366373062134 0.5350711345672607
vt 0.5416064262390137 0.5195316076278687
vt 0.5565096139907837 0.514420747756958
vt 0.5508899092674255 0.5489456653594971
vt 0.5455366373062134 0.5350711345672607
vt 0.5605016946792603 0.5303305387496948
vt 0.5553464293479919 0.5592467784881592
vt 0.5508899092674255 0.5489456653594971
vt 0.5627474188804626 0.5496553182601929
vt 0.5313917398452759 0.5252443552017212
vt 0.5296690464019775 0.5114648342132568
vt 0.5396252870559692 0.5067316293716431
vt 0.5339328050613403 0.5385414361953735
vt 0.5313917398452759 0.5252443552017212
vt 0.5416064262390137 0.5195316076278687
vt 0.5384869575500488 0.5507277250289917
vt 0.5339328050613403 0.5385414361953735
vt 0.5455366373062134 0.5350711345672607
vt 0.5439350008964539 0.5607622861862183
vt 0.5384869575500488 0.5507277250289917
vt 0.5508899092674255 0.5489456653594971
vt 0.5207005143165588 0.5227771997451782
vt 0.5180637836456299 0.5065321922302246
vt 0.5296690464019775 0.5114648342132568
vt 0.5222076773643494 0.541008710861206
vt 0.5207005143165588 0.5227771997451782
vt 0.5313917398452759 0.5252443552017212
vt 0.5282016396522522 0.5605709552764893
vt 0.5222076773643494 0.541008710861206
vt 0.5339328050613403 0.5385414361953735
vt 0.5374237298965454 0.5728656053543091
vt 0.5282016396522522 0.5605709552764893
vt 0.5384869575500488 0.5507277250289917
vt 0.4932921826839447 0.5180864334106445
vt 0.4979773461818695 0.4959486126899719
vt 0.5180637836456299 0.5065321922302246
vt 0.4934346079826355 0.5481449365615845
vt 0.4932921826839447 0.5180864334106445
vt 0.5207005143165588 0.5227771997451782
vt 0.5104320645332336 0.5770747661590576
vt 0.4934346079826355 0.5481449365615845
vt 0.5222076773643494 0.541008710861206
vt 0.5274589657783508 0.5898054838180542
vt 0.5104320645332336 0.5770747661590576
vt 0.5282016396522522 0.5605709552764893
vt 0.5273495316505432 0.35563111305236816
vt 0.5351791381835938 0.33994007110595703
vt 0.5217467546463013 0.3214542269706726
vt 0.5218690037727356 0.3757007122039795
vt 0.5273495316505432 0.35563111305236816
vt 0.5038265585899353 0.33899927139282227
vt 0.5216776728630066 0.39671146869659424
vt 0.5218690037727356 0.3757007122039795
vt 0.4932921826839447 0.37035202980041504
vt 0.5264428853988647 0.4124360680580139
vt 0.5216776728630066 0.39671146869659424
vt 0.49855169653892517 0.4051911234855652
vt 0.5395535230636597 0.3638019561767578
vt 0.5466551780700684 0.356062114238739
vt 0.5351791381835938 0.33994007110595703
vt 0.5400249361991882 0.378157377243042
vt 0.5395535230636597 0.3638019561767578
vt 0.5273495316505432 0.35563111305236816
vt 0.539118766784668 0.3910142183303833
vt 0.5400249361991882 0.378157377243042
vt 0.5218690037727356 0.3757007122039795
vt 0.5407916903495789 0.40168625116348267
vt 0.539118766784668 0.3910142183303833
vt 0.5216776728630066 0.39671146869659424
vt 0.5533578991889954 0.5722469091415405
vt 0.5374237298965454 0.5728656053543091
vt 0.5439350008964539 0.5607622861862183
vt 0.5722146034240723 0.5694137811660767
vt 0.5533578991889954 0.5722469091415405
vt 0.5553464293479919 0.5592467784881592
vt 0.589783787727356 0.5607436895370483
vt 0.5722146034240723 0.5694137811660767
vt 0.5694310665130615 0.5565574169158936
vt 0.6015498638153076 0.5534226894378662
vt 0.589783787727356 0.5607436895370483
vt 0.5804191827774048 0.5522952079772949
vt 0.5483055710792542 0.5960942506790161
vt 0.5274589657783508 0.5898054838180542
vt 0.5374237298965454 0.5728656053543091
vt 0.5784640312194824 0.5933035612106323
vt 0.5483055710792542 0.5960942506790161
vt 0.5533578991889954 0.5722469091415405
vt 0.6065667271614075 0.5790656805038452
vt 0.5784640312194824 0.5933035612106323
vt 0.5722146034240723 0.5694137811660767
vt 0.6189424395561218 0.563326358795166
vt 0.6065667271614075 0.5790656805038452
vt 0.589783787727356 0.5607436895370483
vt 0.5405334830284119 0.420387327671051
vt 0.5264428853988647 0.4124360680580139
vt 0.5092601776123047 0.4258553385734558
vt 0.5615896582603455 0.4257560968399048
vt 0.5405334830284119 0.420387327671051
vt 0.5250556468963623 0.44358325004577637
vt 0.5821815729141235 0.427371621131897
vt 0.5615896582603455 0.4257560968399048
vt 0.5565588474273682 0.4547674059867859
vt 0.5978401899337769 0.42432183027267456
vt 0.5821815729141235 0.427371621131897
vt 0.5916964411735535 0.45212429761886597
vt 0.5528120994567871 0.39780062437057495
vt 0.5407916903495789 0.40168625116348267
vt 0.5264428853988647 0.4124360680580139
vt 0.5647713541984558 0.39698487520217896
vt 0.5528120994567871 0.39780062437057495
vt 0.5405334830284119 0.420387327671051
vt 0.575569212436676 0.40153563022613525
vt 0.5647713541984558 0.39698487520217896
vt 0.5615896582603455 0.4257560968399048
vt 0.5876269340515137 0.4026018977165222
vt 0.575569212436676 0.40153563022613525
vt 0.5821815729141235 0.427371621131897
vt 0.6029202938079834 0.5383964776992798
vt 0.6015498638153076 0.5534226894378662
vt 0.5901356935501099 0.5466227531433105
vt 0.6004022359848022 0.5188201665878296
vt 0.6029202938079834 0.5383964776992798
vt 0.5897950530052185 0.5357373952865601
vt 0.5989319682121277 0.496696412563324
vt 0.6004022359848022 0.5188201665878296
vt 0.5913012623786926 0.5246098041534424
vt 0.584435224533081 0.4864828586578369
vt 0.5989319682121277 0.496696412563324
vt 0.5851820111274719 0.5106207132339478
vt 0.6260563135147095 0.5437828302383423
vt 0.6189424395561218 0.563326358795166
vt 0.6015498638153076 0.5534226894378662
vt 0.6264645457267761 0.5133498907089233
vt 0.6260563135147095 0.5437828302383423
vt 0.6029202938079834 0.5383964776992798
vt 0.613471269607544 0.48447489738464355
vt 0.6264645457267761 0.5133498907089233
vt 0.6004022359848022 0.5188201665878296
vt 0.597607433795929 0.465573787689209
vt 0.613471269607544 0.48447489738464355
vt 0.5989319682121277 0.496696412563324
vt 0.6057308316230774 0.4109397530555725
vt 0.5978401899337769 0.42432183027267456
vt 0.6099510192871094 0.44129908084869385
vt 0.6128414273262024 0.3900546431541443
vt 0.6057308316230774 0.4109397530555725
vt 0.6256457567214966 0.42581838369369507
vt 0.6144658327102661 0.36789488792419434
vt 0.6128414273262024 0.3900546431541443
vt 0.6410990953445435 0.3961530327796936
vt 0.6124836206436157 0.3508062958717346
vt 0.6144658327102661 0.36789488792419434
vt 0.6409408450126648 0.3625706434249878
vt 0.5915462970733643 0.39941149950027466
vt 0.5876269340515137 0.4026018977165222
vt 0.5978401899337769 0.42432183027267456
vt 0.5935006737709045 0.38680142164230347
vt 0.5915462970733643 0.39941149950027466
vt 0.6057308316230774 0.4109397530555725
vt 0.5950928926467896 0.3726651072502136
vt 0.5935006737709045 0.38680142164230347
vt 0.6128414273262024 0.3900546431541443
vt 0.5969539284706116 0.3674551844596863
vt 0.5950928926467896 0.3726651072502136
vt 0.6144658327102661 0.36789488792419434
vt 0.5681436061859131 0.48664772510528564
vt 0.584435224533081 0.4864828586578369
vt 0.5765252113342285 0.49991893768310547
vt 0.5510919690132141 0.48879098892211914
vt 0.5681436061859131 0.48664772510528564
vt 0.5657961964607239 0.4996246099472046
vt 0.5302577614784241 0.49613702297210693
vt 0.5510919690132141 0.48879098892211914
vt 0.5525596737861633 0.5026261806488037
vt 0.5180637836456299 0.5065321922302246
vt 0.5302577614784241 0.49613702297210693
vt 0.5396252870559692 0.5067316293716431
vt 0.5702152252197266 0.4624447822570801
vt 0.597607433795929 0.465573787689209
vt 0.584435224533081 0.4864828586578369
vt 0.5438814759254456 0.46264636516571045
vt 0.5702152252197266 0.4624447822570801
vt 0.5681436061859131 0.48664772510528564
vt 0.5132139325141907 0.4783886671066284
vt 0.5438814759254456 0.46264636516571045
vt 0.5510919690132141 0.48879098892211914
vt 0.4979773461818695 0.4959486126899719
vt 0.5132139325141907 0.4783886671066284
vt 0.5302577614784241 0.49613702297210693
vt 0.5964952111244202 0.3429942727088928
vt 0.6124836206436157 0.3508062958717346
vt 0.6350767016410828 0.33762991428375244
vt 0.5761145949363708 0.33702552318573
vt 0.5964952111244202 0.3429942727088928
vt 0.6119420528411865 0.3217325806617737
vt 0.5530539751052856 0.33613497018814087
vt 0.5761145949363708 0.33702552318573
vt 0.5843991637229919 0.3102540969848633
vt 0.5351791381835938 0.33994007110595703
vt 0.5530539751052856 0.33613497018814087
vt 0.5454850196838379 0.3098354935646057
vt 0.5815132260322571 0.36527395248413086
vt 0.5969539284706116 0.3674551844596863
vt 0.6124836206436157 0.3508062958717346
vt 0.5694071054458618 0.36734968423843384
vt 0.5815132260322571 0.36527395248413086
vt 0.5964952111244202 0.3429942727088928
vt 0.5604205131530762 0.36217182874679565
vt 0.5694071054458618 0.36734968423843384
vt 0.5761145949363708 0.33702552318573
vt 0.5466551780700684 0.356062114238739
vt 0.5604205131530762 0.36217182874679565
vt 0.5530539751052856 0.33613497018814087
vt 0.841525137424469 0.6511740684509277
vt 0.8482263684272766 0.6501182317733765
vt 0.8418328166007996 0.6591525077819824
vt 0.9412559866905212 0.4215576648712158
vt 0.9238322973251343 0.4214743971824646
vt 0.942121148109436 0.42651402950286865
vt 0.8154722452163696 0.6508501768112183
vt 0.8221553564071655 0.6518087387084961
vt 0.8133600950241089 0.6551525592803955
vt 0.8221553564071655 0.6518087387084961
vt 0.841525137424469 0.6511740684509277
vt 0.8219712972640991 0.6594572067260742
vt 0.8415809869766235 0.5780109167098999
vt 0.8485516309738159 0.5771496295928955
vt 0.8388625979423523 0.6014083623886108
vt 0.9415991306304932 0.3497151732444763
vt 0.9241760969161987 0.3496316075325012
vt 0.9414781332015991 0.3749657869338989
vt 0.8151466250419617 0.5766786336898804
vt 0.8220787644386292 0.5776873826980591
vt 0.8183314800262451 0.6025856733322144
vt 0.8220787644386292 0.5776873826980591
vt 0.8415809869766235 0.5780109167098999
vt 0.8244837522506714 0.6015325784683228
vt 0.8415508270263672 0.5342103242874146
vt 0.848206102848053 0.5341249704360962
vt 0.8421308398246765 0.5621334314346313
vt 0.9418008923530579 0.3075980544090271
vt 0.9243785738945007 0.307514488697052
vt 0.9416658878326416 0.33571189641952515
vt 0.8165603876113892 0.5338002443313599
vt 0.8231912851333618 0.5339981317520142
vt 0.8151352405548096 0.5630810260772705
vt 0.8231912851333618 0.5339981317520142
vt 0.8415508270263672 0.5342103242874146
vt 0.8221898078918457 0.561835765838623
vt 0.8427240252494812 0.40711498260498047
vt 0.8493290543556213 0.405852735042572
vt 0.8415508270263672 0.5342103242874146
vt 0.9423902034759521 0.18495726585388184
vt 0.924967885017395 0.1848735809326172
vt 0.9418008923530579 0.3075980544090271
vt 0.8174517750740051 0.4056892395019531
vt 0.8240485787391663 0.40717434883117676
vt 0.8165603876113892 0.5338002443313599
vt 0.8240485787391663 0.40717434883117676
vt 0.8427240252494812 0.40711498260498047
vt 0.8231912851333618 0.5339981317520142
vt 0.8346962928771973 0.3750181794166565
vt 0.8350412249565125 0.36261504888534546
vt 0.8418667316436768 0.3931349515914917
vt 0.8350412249565125 0.36261504888534546
vt 0.8346962928771973 0.3750181794166565
vt 0.8205975294113159 0.392192542552948
vt 0.837422788143158 0.617253303527832
vt 0.8364049792289734 0.6140036582946777
vt 0.8437750339508057 0.6155048608779907
vt 0.9414238929748535 0.3863934278488159
vt 0.9414407014846802 0.3828588128089905
vt 0.9240002036094666 0.38631027936935425
vt 0.8194921612739563 0.6152607202529907
vt 0.8205000162124634 0.6112619638442993
vt 0.825924813747406 0.6170555353164673
vt 0.825924813747406 0.6170555353164673
vt 0.8269650936126709 0.613587498664856
vt 0.837422788143158 0.617253303527832
vt 0.8363835215568542 0.6107183694839478
vt 0.8373931050300598 0.6065794229507446
vt 0.8428303003311157 0.6115773916244507
vt 0.9414407014846802 0.3828588128089905
vt 0.9414523839950562 0.38036251068115234
vt 0.9240171909332275 0.38277554512023926
vt 0.8205000162124634 0.6112619638442993
vt 0.8198626637458801 0.6083751916885376
vt 0.8268986940383911 0.6103153228759766
vt 0.8268986940383911 0.6103153228759766
vt 0.8258475065231323 0.6063891649246216
vt 0.8363835215568542 0.6107183694839478
vt 0.8415809869766235 0.5780109167098999
vt 0.8421452641487122 0.5700602531433105
vt 0.8485516309738159 0.5771496295928955
vt 0.9415991306304932 0.3497151732444763
vt 0.9416325092315674 0.3427134156227112
vt 0.9241760969161987 0.3496316075325012
vt 0.8151466250419617 0.5766786336898804
vt 0.8144187331199646 0.569888710975647
vt 0.8220787644386292 0.5776873826980591
vt 0.8220787644386292 0.5776873826980591
vt 0.8218312859535217 0.5698904991149902
vt 0.8415809869766235 0.5780109167098999
vt 0.8427240252494812 0.40711498260498047
vt 0.8424968123435974 0.3996043801307678
vt 0.8493290543556213 0.405852735042572
vt 0.9423902034759521 0.18495726585388184
vt 0.9420266151428223 0.17781883478164673
vt 0.924967885017395 0.1848735809326172
vt 0.8174517750740051 0.4056892395019531
vt 0.8181888461112976 0.3985455632209778
vt 0.8240485787391663 0.40717434883117676
vt 0.8240485787391663 0.40717434883117676
vt 0.8244412541389465 0.3999059796333313
vt 0.8427240252494812 0.40711498260498047
vt 0.8269650936126709 0.613587498664856
vt 0.8268986940383911 0.6103153228759766
vt 0.8364049792289734 0.6140036582946777
vt 0.8373931050300598 0.6065794229507446
vt 0.8388625979423523 0.6014083623886108
vt 0.843505859375 0.6086219549179077
vt 0.9414523839950562 0.38036251068115234
vt 0.9414781332015991 0.3749657869338989
vt 0.9240291714668274 0.3802793622016907
vt 0.8198626637458801 0.6083751916885376
vt 0.8183314800262451 0.6025856733322144
vt 0.8258475065231323 0.6063891649246216
vt 0.8258475065231323 0.6063891649246216
vt 0.8244837522506714 0.6015325784683228
vt 0.8373931050300598 0.6065794229507446
vt 0.8421452641487122 0.5700602531433105
vt 0.8421308398246765 0.5621334314346313
vt 0.8495503664016724 0.5703738927841187
vt 0.9416325092315674 0.3427134156227112
vt 0.9416658878326416 0.33571189641952515
vt 0.9242098331451416 0.3426298499107361
vt 0.8144187331199646 0.569888710975647
vt 0.8151352405548096 0.5630810260772705
vt 0.8218312859535217 0.5698904991149902
vt 0.8218312859535217 0.5698904991149902
vt 0.8221898078918457 0.561835765838623
vt 0.8421452641487122 0.5700602531433105
vt 0.8424968123435974 0.3996043801307678
vt 0.8418667316436768 0.3931349515914917
vt 0.8489770293235779 0.3987802267074585
vt 0.9420266151428223 0.17781883478164673
vt 0.9408936500549316 0.17076164484024048
vt 0.9254000782966614 0.17773902416229248
vt 0.8181888461112976 0.3985455632209778
vt 0.8205975294113159 0.392192542552948
vt 0.8244412541389465 0.3999059796333313
vt 0.8244412541389465 0.3999059796333313
vt 0.8261391520500183 0.39359039068222046
vt 0.8424968123435974 0.3996043801307678
vt 0.9412559866905212 0.4215576648712158
vt 0.9414238929748535 0.3863934278488159
vt 0.9238322973251343 0.4214743971824646
vt 0.841525137424469 0.6511740684509277
vt 0.837422788143158 0.617253303527832
vt 0.8482263684272766 0.6501182317733765
vt 0.8221553564071655 0.6518087387084961
vt 0.825924813747406 0.6170555353164673
vt 0.841525137424469 0.6511740684509277
vt 0.8154722452163696 0.6508501768112183
vt 0.8194921612739563 0.6152607202529907
vt 0.8221553564071655 0.6518087387084961
vt 0.8222012519836426 0.34593403339385986
vt 0.8156625032424927 0.34464794397354126
vt 0.8214912414550781 0.3535304665565491
vt 0.9275011420249939 0.8469196557998657
vt 0.9449253082275391 0.8469860553741455
vt 0.9265937209129333 0.851868748664856
vt 0.8484495282173157 0.34619438648223877
vt 0.8415943384170532 0.34691864252090454
vt 0.8504956364631653 0.35074371099472046
vt 0.8415943384170532 0.34691864252090454
vt 0.8222012519836426 0.34593403339385986
vt 0.8413609862327576 0.35493767261505127
vt 0.8228054642677307 0.27263015508651733
vt 0.8158686757087708 0.2717125415802002
vt 0.8255356550216675 0.2964019179344177
vt 0.9277753829956055 0.7750756740570068
vt 0.9451984763145447 0.7751418352127075
vt 0.9276788830757141 0.8003267049789429
vt 0.8492777943611145 0.27185338735580444
vt 0.8423134088516235 0.27281004190444946
vt 0.8461447954177856 0.29730767011642456
vt 0.8423134088516235 0.27281004190444946
vt 0.8228054642677307 0.27263015508651733
vt 0.8399320840835571 0.29629844427108765
vt 0.8235960006713867 0.22895312309265137
vt 0.8169489502906799 0.22878587245941162
vt 0.8226078152656555 0.25687968730926514
vt 0.9279369115829468 0.7329583168029785
vt 0.9453591108322144 0.7330247163772583
vt 0.9278292655944824 0.7610722780227661
vt 0.8485820889472961 0.22890794277191162
vt 0.8419478535652161 0.2290252447128296
vt 0.8495919108390808 0.2582032084465027
vt 0.8419478535652161 0.2290252447128296
vt 0.8235960006713867 0.22895312309265137
vt 0.8425523042678833 0.2568385601043701
vt 0.823764443397522 0.10219156742095947
vt 0.8171612620353699 0.10071772336959839
vt 0.8235960006713867 0.22895312309265137
vt 0.9284056425094604 0.6103174686431885
vt 0.9458277225494385 0.6103841066360474
vt 0.9279369115829468 0.7329583168029785
vt 0.8490455746650696 0.10070759057998657
vt 0.8424737453460693 0.10199075937271118
vt 0.8485820889472961 0.22890794277191162
vt 0.8424737453460693 0.10199075937271118
vt 0.823764443397522 0.10219156742095947
vt 0.8419478535652161 0.2290252447128296
vt 0.8343448638916016 0.07001519203186035
vt 0.8346518278121948 0.05763620138168335
vt 0.8258341550827026 0.08858966827392578
vt 0.8346518278121948 0.05763620138168335
vt 0.8343448638916016 0.07001519203186035
vt 0.8470046520233154 0.08727079629898071
vt 0.8270637392997742 0.3119924068450928
vt 0.828127384185791 0.30873024463653564
vt 0.8208074569702148 0.3102118968963623
vt 0.9276349544525146 0.811754584312439
vt 0.9276484847068787 0.8082199096679688
vt 0.9450591802597046 0.8118213415145874
vt 0.845127522945404 0.3103739619255066
vt 0.8441439270973206 0.3062540888786316
vt 0.8385652899742126 0.31214290857315063
vt 0.8385652899742126 0.31214290857315063
vt 0.8375654220581055 0.3086702227592468
vt 0.8270637392997742 0.3119924068450928
vt 0.8280572891235352 0.30540162324905396
vt 0.8269967436790466 0.3015066981315613
vt 0.8217751979827881 0.306377649307251
vt 0.9276484847068787 0.8082199096679688
vt 0.927658200263977 0.8057235479354858
vt 0.9450724720954895 0.8082863092422485
vt 0.8441439270973206 0.3062540888786316
vt 0.8447425365447998 0.30322563648223877
vt 0.8375424742698669 0.3054123520851135
vt 0.8375424742698669 0.3054123520851135
vt 0.8385592699050903 0.3012174367904663
vt 0.8280572891235352 0.30540162324905396
vt 0.8228054642677307 0.27263015508651733
vt 0.8224594593048096 0.2648211717605591
vt 0.8158686757087708 0.2717125415802002
vt 0.9277753829956055 0.7750756740570068
vt 0.9278022646903992 0.7680736780166626
vt 0.9451984763145447 0.7751418352127075
vt 0.8492777943611145 0.27185338735580444
vt 0.850180983543396 0.2650449275970459
vt 0.8423134088516235 0.27281004190444946
vt 0.8423134088516235 0.27281004190444946
vt 0.8427742719650269 0.2648744583129883
vt 0.8228054642677307 0.27263015508651733
vt 0.823764443397522 0.10219156742095947
vt 0.8241575956344604 0.09490758180618286
vt 0.8171612620353699 0.10071772336959839
vt 0.9284056425094604 0.6103174686431885
vt 0.9288306832313538 0.6031825542449951
vt 0.9458277225494385 0.6103841066360474
vt 0.8490455746650696 0.10070759057998657
vt 0.8486582040786743 0.0936812162399292
vt 0.8424737453460693 0.10199075937271118
vt 0.8424737453460693 0.10199075937271118
vt 0.8422055244445801 0.09454011917114258
vt 0.823764443397522 0.10219156742095947
vt 0.8375654220581055 0.3086702227592468
vt 0.8375424742698669 0.3054123520851135
vt 0.828127384185791 0.30873024463653564
vt 0.8269967436790466 0.3015066981315613
vt 0.8255356550216675 0.2964019179344177
vt 0.8210644721984863 0.3035435080528259
vt 0.927658200263977 0.8057235479354858
vt 0.9276788830757141 0.8003267049789429
vt 0.9450817704200745 0.8057901859283447
vt 0.8447425365447998 0.30322563648223877
vt 0.8461447954177856 0.29730767011642456
vt 0.8385592699050903 0.3012174367904663
vt 0.8385592699050903 0.3012174367904663
vt 0.8399320840835571 0.29629844427108765
vt 0.8269967436790466 0.3015066981315613
vt 0.8224594593048096 0.2648211717605591
vt 0.8226078152656555 0.25687968730926514
vt 0.8150503039360046 0.2649589776992798
vt 0.9278022646903992 0.7680736780166626
vt 0.9278292655944824 0.7610722780227661
vt 0.9452251195907593 0.7681401968002319
vt 0.850180983543396 0.2650449275970459
vt 0.8495919108390808 0.2582032084465027
vt 0.8427742719650269 0.2648744583129883
vt 0.8427742719650269 0.2648744583129883
vt 0.8425523042678833 0.2568385601043701
vt 0.8224594593048096 0.2648211717605591
vt 0.8241575956344604 0.09490758180618286
vt 0.8258341550827026 0.08858966827392578
vt 0.8178947567939758 0.09355878829956055
vt 0.9288306832313538 0.6031825542449951
vt 0.930024266242981 0.5961354970932007
vt 0.9454569220542908 0.6032460927963257
vt 0.8486582040786743 0.0936812162399292
vt 0.8470046520233154 0.08727079629898071
vt 0.8422055244445801 0.09454011917114258
vt 0.8422055244445801 0.09454011917114258
vt 0.8415451645851135 0.08808010816574097
vt 0.8241575956344604 0.09490758180618286
vt 0.9275011420249939 0.8469196557998657
vt 0.9276349544525146 0.811754584312439
vt 0.9449253082275391 0.8469860553741455
vt 0.8222012519836426 0.34593403339385986
vt 0.8270637392997742 0.3119924068450928
vt 0.8156625032424927 0.34464794397354126
vt 0.8415943384170532 0.34691864252090454
vt 0.8385652899742126 0.31214290857315063
vt 0.8222012519836426 0.34593403339385986
vt 0.8484495282173157 0.34619438648223877
vt 0.845127522945404 0.3103739619255066
vt 0.8415943384170532 0.34691864252090454
vt 0.7771880030632019 0.6513545513153076
vt 0.77058345079422 0.650299072265625
vt 0.7767768502235413 0.6589882373809814
vt 0.9509479999542236 0.42153245210647583
vt 0.9683730602264404 0.42150402069091797
vt 0.9500675201416016 0.4264864921569824
vt 0.8034464716911316 0.6505380868911743
vt 0.7966265082359314 0.6515152454376221
vt 0.8056623935699463 0.6550023555755615
vt 0.7966265082359314 0.6515152454376221
vt 0.7771880030632019 0.6513545513153076
vt 0.7967128157615662 0.6595457792282104
vt 0.7774497866630554 0.5776273012161255
vt 0.770496666431427 0.5766259431838989
vt 0.7797290682792664 0.6011097431182861
vt 0.9508299827575684 0.34968632459640503
vt 0.9682531952857971 0.34965717792510986
vt 0.9508718848228455 0.3749377131462097
vt 0.8039040565490723 0.5768537521362305
vt 0.7969509959220886 0.5777231454849243
vt 0.8001797199249268 0.6026425361633301
vt 0.7969509959220886 0.5777231454849243
vt 0.7774497866630554 0.5776273012161255
vt 0.7941017150878906 0.6014834642410278
vt 0.7778225541114807 0.5339832305908203
vt 0.7712040543556213 0.5338678359985352
vt 0.7771843075752258 0.5617128610610962
vt 0.9507594108581543 0.3075689673423767
vt 0.9681816101074219 0.30753958225250244
vt 0.9508067965507507 0.33568280935287476
vt 0.8028259873390198 0.5337214469909668
vt 0.7961668372154236 0.5338908433914185
vt 0.8041791915893555 0.5632174015045166
vt 0.7961668372154236 0.5338908433914185
vt 0.7778225541114807 0.5339832305908203
vt 0.7971271872520447 0.5618941783905029
vt 0.7773192524909973 0.407293438911438
vt 0.7707052230834961 0.40586769580841064
vt 0.7778225541114807 0.5339832305908203
vt 0.9505516290664673 0.18492937088012695
vt 0.9679736495018005 0.1848999261856079
vt 0.9507594108581543 0.3075689673423767
vt 0.8026020526885986 0.40557217597961426
vt 0.7960402965545654 0.40690433979034424
vt 0.8028259873390198 0.5337214469909668
vt 0.7960402965545654 0.40690433979034424
vt 0.7773192524909973 0.407293438911438
vt 0.7961668372154236 0.5338908433914185
vt 0.7876152396202087 0.3750000596046448
vt 0.7878087162971497 0.36261504888534546
vt 0.7792729139328003 0.3936607837677002
vt 0.7878087162971497 0.36261504888534546
vt 0.7876152396202087 0.3750000596046448
vt 0.8004422783851624 0.39214378595352173
vt 0.7811719179153442 0.6172531843185425
vt 0.7821545600891113 0.6137211322784424
vt 0.7746394276618958 0.615491509437561
vt 0.9508901238441467 0.38636600971221924
vt 0.9508845806121826 0.3828311562538147
vt 0.9683151841163635 0.3863372206687927
vt 0.7989083528518677 0.6149584054946899
vt 0.7978749871253967 0.6111396551132202
vt 0.7926408648490906 0.6167460680007935
vt 0.7926408648490906 0.6167460680007935
vt 0.7915630340576172 0.6135367155075073
vt 0.7811719179153442 0.6172531843185425
vt 0.7821512222290039 0.6104639768600464
vt 0.7811470031738281 0.6063187122344971
vt 0.77555251121521 0.611369252204895
vt 0.9508845806121826 0.3828311562538147
vt 0.9508806467056274 0.380334734916687
vt 0.9683091044425964 0.3828023076057434
vt 0.7978749871253967 0.6111396551132202
vt 0.7985427975654602 0.6083256006240845
vt 0.7916158437728882 0.6102221012115479
vt 0.7916158437728882 0.6102221012115479
vt 0.7926826477050781 0.6063034534454346
vt 0.7821512222290039 0.6104639768600464
vt 0.7774497866630554 0.5776273012161255
vt 0.7770412564277649 0.5696616172790527
vt 0.770496666431427 0.5766259431838989
vt 0.9508299827575684 0.34968632459640503
vt 0.9508183598518372 0.34268438816070557
vt 0.9682531952857971 0.34965717792510986
vt 0.8039040565490723 0.5768537521362305
vt 0.8047727942466736 0.5700681209564209
vt 0.7969509959220886 0.5777231454849243
vt 0.7969509959220886 0.5777231454849243
vt 0.7973505258560181 0.5699350833892822
vt 0.7774497866630554 0.5776273012161255
vt 0.7773192524909973 0.407293438911438
vt 0.7776522040367126 0.3999987840652466
vt 0.7707052230834961 0.40586769580841064
vt 0.9505516290664673 0.18492937088012695
vt 0.9509373903274536 0.17779231071472168
vt 0.9679736495018005 0.1848999261856079
vt 0.8026020526885986 0.40557217597961426
vt 0.8021547198295593 0.39854371547698975
vt 0.7960402965545654 0.40690433979034424
vt 0.7960402965545654 0.40690433979034424
vt 0.7957072854042053 0.39945924282073975
vt 0.7773192524909973 0.407293438911438
vt 0.7915630340576172 0.6135367155075073
vt 0.7916158437728882 0.6102221012115479
vt 0.7821545600891113 0.6137211322784424
vt 0.7811470031738281 0.6063187122344971
vt 0.7797290682792664 0.6011097431182861
vt 0.7749032378196716 0.6083351373672485
vt 0.9508806467056274 0.380334734916687
vt 0.9508718848228455 0.3749377131462097
vt 0.9683047533035278 0.38030576705932617
vt 0.7985427975654602 0.6083256006240845
vt 0.8001797199249268 0.6026425361633301
vt 0.7926826477050781 0.6063034534454346
vt 0.7926826477050781 0.6063034534454346
vt 0.7941017150878906 0.6014834642410278
vt 0.7811470031738281 0.6063187122344971
vt 0.7770412564277649 0.5696616172790527
vt 0.7771843075752258 0.5617128610610962
vt 0.7696389555931091 0.5698397159576416
vt 0.9508183598518372 0.34268438816070557
vt 0.9508067965507507 0.33568280935287476
vt 0.9682412147521973 0.3426551818847656
vt 0.8047727942466736 0.5700681209564209
vt 0.8041791915893555 0.5632174015045166
vt 0.7973505258560181 0.5699350833892822
vt 0.7973505258560181 0.5699350833892822
vt 0.7971271872520447 0.5618941783905029
vt 0.7770412564277649 0.5696616172790527
vt 0.7776522040367126 0.3999987840652466
vt 0.7792729139328003 0.3936607837677002
vt 0.7713759541511536 0.39870399236679077
vt 0.9509373903274536 0.17779231071472168
vt 0.9520919919013977 0.1707388162612915
vt 0.967563807964325 0.1777639389038086
vt 0.8021547198295593 0.39854371547698975
vt 0.8004422783851624 0.39214378595352173
vt 0.7957072854042053 0.39945924282073975
vt 0.7957072854042053 0.39945924282073975
vt 0.7949872016906738 0.39300358295440674
vt 0.7776522040367126 0.3999987840652466
vt 0.9509479999542236 0.42153245210647583
vt 0.9508901238441467 0.38636600971221924
vt 0.9683730602264404 0.42150402069091797
vt 0.7771880030632019 0.6513545513153076
vt 0.7811719179153442 0.6172531843185425
vt 0.77058345079422 0.650299072265625
vt 0.7966265082359314 0.6515152454376221
vt 0.7926408648490906 0.6167460680007935
vt 0.7771880030632019 0.6513545513153076
vt 0.8034464716911316 0.6505380868911743
vt 0.7989083528518677 0.6149584054946899
vt 0.7966265082359314 0.6515152454376221
vt 0.7967216968536377 0.3469194173812866
vt 0.8034837245941162 0.34601134061813354
vt 0.7968301773071289 0.35493767261505127
vt 0.9718143343925476 0.8469799757003784
vt 0.9543911218643188 0.8469890356063843
vt 0.9727054238319397 0.8519313335418701
vt 0.7705919146537781 0.3459045886993408
vt 0.7772661447525024 0.3470272421836853
vt 0.768368661403656 0.3501627445220947
vt 0.7772661447525024 0.3470272421836853
vt 0.7967216968536377 0.3469194173812866
vt 0.7768828868865967 0.35469555854797363
vt 0.7972143292427063 0.2732626795768738
vt 0.8041158318519592 0.27229803800582886
vt 0.7947577834129333 0.2966364026069641
vt 0.9717757701873779 0.7751390933990479
vt 0.9543529152870178 0.7751481533050537
vt 0.9717890024185181 0.8003897666931152
vt 0.7707173228263855 0.2721736431121826
vt 0.7777207493782043 0.2730812430381775
vt 0.7743039131164551 0.2980499863624573
vt 0.7777207493782043 0.2730812430381775
vt 0.7972143292427063 0.2732626795768738
vt 0.7804019451141357 0.29694563150405884
vt 0.7964387536048889 0.22943562269210815
vt 0.8030943274497986 0.229270339012146
vt 0.7973417043685913 0.25741344690322876
vt 0.9717541337013245 0.73302161693573
vt 0.9543314576148987 0.7330302000045776
vt 0.9717685580253601 0.7611356973648071
vt 0.7714737057685852 0.22931629419326782
vt 0.7780953645706177 0.2294362187385559
vt 0.7704132199287415 0.25853532552719116
vt 0.7780953645706177 0.2294362187385559
vt 0.7964387536048889 0.22943562269210815
vt 0.7774071097373962 0.2571827173233032
vt 0.7961011528968811 0.10243380069732666
vt 0.8026852011680603 0.10109353065490723
vt 0.7964387536048889 0.22943562269210815
vt 0.9716923236846924 0.6103770732879639
vt 0.9542695879936218 0.6103860139846802
vt 0.9717541337013245 0.73302161693573
vt 0.770834743976593 0.10131233930587769
vt 0.7774433493614197 0.10271716117858887
vt 0.7714737057685852 0.22931629419326782
vt 0.7774433493614197 0.10271716117858887
vt 0.7961011528968811 0.10243380069732666
vt 0.7780953645706177 0.2294362187385559
vt 0.7876954078674316 0.0704641342163086
vt 0.7878909707069397 0.05807000398635864
vt 0.7950766682624817 0.0884772539138794
vt 0.7878909707069397 0.05807000398635864
vt 0.7876954078674316 0.0704641342163086
vt 0.7738165259361267 0.087790846824646
vt 0.7931612133979797 0.3127390146255493
vt 0.7921880483627319 0.3091871738433838
vt 0.799720287322998 0.31104928255081177
vt 0.9717952609062195 0.811816930770874
vt 0.9717933535575867 0.8082822561264038
vt 0.9543721079826355 0.811826229095459
vt 0.7754170894622803 0.3103867769241333
vt 0.7765147686004639 0.30657362937927246
vt 0.7816595435142517 0.3122715950012207
vt 0.7816595435142517 0.3122715950012207
vt 0.782757580280304 0.30908602476119995
vt 0.7931612133979797 0.3127390146255493
vt 0.7922942638397217 0.3059362769126892
vt 0.7933105826377869 0.30182480812072754
vt 0.7988517880439758 0.30691850185394287
vt 0.9717933535575867 0.8082822561264038
vt 0.9717920422554016 0.8057860136032104
vt 0.9543703198432922 0.8082916736602783
vt 0.7765147686004639 0.30657362937927246
vt 0.7758848071098328 0.30374670028686523
vt 0.7828357219696045 0.3057541251182556
vt 0.7828357219696045 0.3057541251182556
vt 0.7817882895469666 0.3017920255661011
vt 0.7922942638397217 0.3059362769126892
vt 0.7972143292427063 0.2732626795768738
vt 0.7975654602050781 0.2654511332511902
vt 0.8041158318519592 0.27229803800582886
vt 0.9717757701873779 0.7751390933990479
vt 0.9717720150947571 0.7681373357772827
vt 0.9543529152870178 0.7751481533050537
vt 0.7707173228263855 0.2721736431121826
vt 0.7698376774787903 0.26533371210098267
vt 0.7777207493782043 0.2730812430381775
vt 0.7777207493782043 0.2730812430381775
vt 0.7772670984268188 0.2651348114013672
vt 0.7972143292427063 0.2732626795768738
vt 0.7961011528968811 0.10243380069732666
vt 0.7957839369773865 0.0949329137802124
vt 0.8026852011680603 0.10109353065490723
vt 0.9716923236846924 0.6103770732879639
vt 0.9712908864021301 0.6032406091690063
vt 0.9542695879936218 0.6103860139846802
vt 0.770834743976593 0.10131233930587769
vt 0.7714859247207642 0.09416645765304565
vt 0.7774433493614197 0.10271716117858887
vt 0.7774433493614197 0.10271716117858887
vt 0.7777489423751831 0.09545087814331055
vt 0.7961011528968811 0.10243380069732666
vt 0.782757580280304 0.30908602476119995
vt 0.7828357219696045 0.3057541251182556
vt 0.7921880483627319 0.3091871738433838
vt 0.7933105826377869 0.30182480812072754
vt 0.7947577834129333 0.2966364026069641
vt 0.7995270490646362 0.3038911819458008
vt 0.9717920422554016 0.8057860136032104
vt 0.9717890024185181 0.8003897666931152
vt 0.9543690085411072 0.8057957887649536
vt 0.7758848071098328 0.30374670028686523
vt 0.7743039131164551 0.2980499863624573
vt 0.7817882895469666 0.3017920255661011
vt 0.7817882895469666 0.3017920255661011
vt 0.7804019451141357 0.29694563150405884
vt 0.7933105826377869 0.30182480812072754
vt 0.7975654602050781 0.2654511332511902
vt 0.7973417043685913 0.25741344690322876
vt 0.8049618005752563 0.26556360721588135
vt 0.9717720150947571 0.7681373357772827
vt 0.9717685580253601 0.7611356973648071
vt 0.9543492197990417 0.7681463956832886
vt 0.7698376774787903 0.26533371210098267
vt 0.7704132199287415 0.25853532552719116
vt 0.7772670984268188 0.2651348114013672
vt 0.7772670984268188 0.2651348114013672
vt 0.7774071097373962 0.2571827173233032
vt 0.7975654602050781 0.2654511332511902
vt 0.7957839369773865 0.0949329137802124
vt 0.7950766682624817 0.0884772539138794
vt 0.8022483587265015 0.09403157234191895
vt 0.9712908864021301 0.6032406091690063
vt 0.9701207280158997 0.5961892604827881
vt 0.9546638131141663 0.6032489538192749
vt 0.7714859247207642 0.09416645765304565
vt 0.7738165259361267 0.087790846824646
vt 0.7777489423751831 0.09545087814331055
vt 0.7777489423751831 0.09545087814331055
vt 0.7793694138526917 0.08912110328674316
vt 0.7957839369773865 0.0949329137802124
vt 0.9718143343925476 0.8469799757003784
vt 0.9717952609062195 0.811816930770874
vt 0.9543911218643188 0.8469890356063843
vt 0.7967216968536377 0.3469194173812866
vt 0.7931612133979797 0.3127390146255493
vt 0.8034837245941162 0.34601134061813354
vt 0.7772661447525024 0.3470272421836853
vt 0.7816595435142517 0.3122715950012207
vt 0.7967216968536377 0.3469194173812866
vt 0.7705919146537781 0.3459045886993408
vt 0.7754170894622803 0.3103867769241333
vt 0.7772661447525024 0.3470272421836853
vt 0.7144856452941895 0.24996322393417358
vt 0.7158660888671875 0.24302387237548828
vt 0.6949859261512756 0.24996322393417358
vt 0.8906171321868896 0.1602867841720581
vt 0.9146198630332947 0.16024267673492432
vt 0.8905763030052185 0.1380305290222168
vt 0.5809513926506042 0.7071632146835327
vt 0.5770202279090881 0.7012804746627808
vt 0.5603860020637512 0.7156840562820435
vt 0.8629596829414368 0.5594384670257568
vt 0.8869671821594238 0.5594280958175659
vt 0.8629512190818787 0.53993821144104
vt 0.7325007319450378 0.25742506980895996
vt 0.7364314794540405 0.2515423893928528
vt 0.7144856452941895 0.24996322393417358
vt 0.8906579613685608 0.18254327774047852
vt 0.9146609902381897 0.18249917030334473
vt 0.8906171321868896 0.1602867841720581
vt 0.5966902375221252 0.6914217472076416
vt 0.5908074975013733 0.6874916553497314
vt 0.5809513926506042 0.7071632146835327
vt 0.8629681468009949 0.5789386034011841
vt 0.8869753479957581 0.5789282321929932
vt 0.8629596829414368 0.5594384670257568
vt 0.7462890148162842 0.2712132930755615
vt 0.7521718740463257 0.2672824263572693
vt 0.7325007319450378 0.25742506980895996
vt 0.8906984925270081 0.20480036735534668
vt 0.9147022366523743 0.20475620031356812
vt 0.8906579613685608 0.18254327774047852
vt 0.6052074432373047 0.6708565950393677
vt 0.598268449306488 0.6694767475128174
vt 0.5966902375221252 0.6914217472076416
vt 0.8629763722419739 0.5984385013580322
vt 0.8869837522506714 0.5984283685684204
vt 0.8629681468009949 0.5789386034011841
vt 0.7537512183189392 0.28922873735427856
vt 0.7606906294822693 0.2878482937812805
vt 0.7462890148162842 0.2712132930755615
vt 0.8907391428947449 0.22705817222595215
vt 0.9147437214851379 0.2270139455795288
vt 0.8906984925270081 0.20480036735534668
vt 0.6052066087722778 0.6485980749130249
vt 0.5982677936553955 0.6499783992767334
vt 0.6052074432373047 0.6708565950393677
vt 0.8629845380783081 0.617938756942749
vt 0.8869919180870056 0.6179287433624268
vt 0.8629763722419739 0.5984385013580322
vt 0.7537517547607422 0.30872875452041626
vt 0.7606912851333618 0.31010884046554565
vt 0.7537512183189392 0.28922873735427856
vt 0.8907796144485474 0.24931663274765015
vt 0.9147850275039673 0.24927246570587158
vt 0.8907391428947449 0.22705817222595215
vt 0.5966886878013611 0.6280336380004883
vt 0.5908060669898987 0.6319640874862671
vt 0.6052066087722778 0.6485980749130249
vt 0.8629927635192871 0.6374388933181763
vt 0.8870000839233398 0.6374287605285645
vt 0.8629845380783081 0.617938756942749
vt 0.746289849281311 0.3267446756362915
vt 0.7521730065345764 0.33067530393600464
vt 0.7537517547607422 0.30872875452041626
vt 0.8908203840255737 0.2715759873390198
vt 0.9148263931274414 0.27153176069259644
vt 0.8907796144485474 0.24931663274765015
vt 0.5809498429298401 0.6122939586639404
vt 0.5770189762115479 0.6181762218475342
vt 0.5966886878013611 0.6280336380004883
vt 0.8630009293556213 0.656938910484314
vt 0.8870084881782532 0.6569288969039917
vt 0.8629927635192871 0.6374388933181763
vt 0.7325015664100647 0.3405340909957886
vt 0.7364329099655151 0.3464168906211853
vt 0.746289849281311 0.3267446756362915
vt 0.8908608555793762 0.2938361167907715
vt 0.9148678779602051 0.29379183053970337
vt 0.8908203840255737 0.2715759873390198
vt 0.5603857636451721 0.6037740707397461
vt 0.5590046644210815 0.6107132434844971
vt 0.5809498429298401 0.6122939586639404
vt 0.8630092144012451 0.6764390468597412
vt 0.8870167136192322 0.6764287948608398
vt 0.8630009293556213 0.656938910484314
vt 0.7144860625267029 0.34799724817276
vt 0.71586674451828 0.3549368381500244
vt 0.7325015664100647 0.3405340909957886
vt 0.8909015655517578 0.3160969018936157
vt 0.914909303188324 0.3160526156425476
vt 0.8908608555793762 0.2938361167907715
vt 0.538125216960907 0.6037716865539551
vt 0.5395048260688782 0.6107113361358643
vt 0.5603857636451721 0.6037740707397461
vt 0.8630174994468689 0.695939302444458
vt 0.8870250582695007 0.6959291696548462
vt 0.8630092144012451 0.6764390468597412
vt 0.6949855089187622 0.34799790382385254
vt 0.6936053037643433 0.35493767261505127
vt 0.7144860625267029 0.34799724817276
vt 0.8909422159194946 0.3383585810661316
vt 0.9149507880210876 0.33831411600112915
vt 0.8909015655517578 0.3160969018936157
vt 0.51755690574646 0.6122884750366211
vt 0.5214875936508179 0.6181721687316895
vt 0.538125216960907 0.6037716865539551
vt 0.8630260229110718 0.7154397964477539
vt 0.8870334625244141 0.7154291868209839
vt 0.8630174994468689 0.695939302444458
vt 0.6769691109657288 0.3405357003211975
vt 0.673038125038147 0.3464188575744629
vt 0.6949855089187622 0.34799790382385254
vt 0.8909831643104553 0.3606208562850952
vt 0.9149921536445618 0.360576331615448
vt 0.8909422159194946 0.3383585810661316
vt 0.5018132925033569 0.6280288696289062
vt 0.5076965689659119 0.6319607496261597
vt 0.51755690574646 0.6122884750366211
vt 0.8630344271659851 0.7349399328231812
vt 0.8870420455932617 0.7349294424057007
vt 0.8630260229110718 0.7154397964477539
vt 0.6631798148155212 0.32674652338027954
vt 0.6572965383529663 0.33067774772644043
vt 0.6769691109657288 0.3405357003211975
vt 0.8910239934921265 0.38288360834121704
vt 0.9150338172912598 0.38283926248550415
vt 0.8909831643104553 0.3606208562850952
vt 0.4932924211025238 0.6485967636108398
vt 0.500232458114624 0.6499775648117065
vt 0.5018132925033569 0.6280288696289062
vt 0.8630431294441223 0.754440188407898
vt 0.8870505094528198 0.7544294595718384
vt 0.8630344271659851 0.7349399328231812
vt 0.6557170152664185 0.3087301254272461
vt 0.6487773656845093 0.3101103901863098
vt 0.6631798148155212 0.32674652338027954
vt 0.8910650014877319 0.4051471948623657
vt 0.9150754809379578 0.40510255098342896
vt 0.8910239934921265 0.38288360834121704
vt 0.4932921826839447 0.6708595752716064
vt 0.5002322196960449 0.669479250907898
vt 0.4932924211025238 0.6485967636108398
vt 0.8630516529083252 0.7739406824111938
vt 0.8870592713356018 0.7739298343658447
vt 0.8630431294441223 0.754440188407898
vt 0.6557172536849976 0.2892293334007263
vt 0.6487777829170227 0.28784888982772827
vt 0.6557170152664185 0.3087301254272461
vt 0.8911060690879822 0.4274112582206726
vt 0.9151170253753662 0.4273664355278015
vt 0.8910650014877319 0.4051471948623657
vt 0.5018125772476196 0.69142746925354
vt 0.5076958537101746 0.6874960660934448
vt 0.4932921826839447 0.6708595752716064
vt 0.863060712814331 0.7934410572052002
vt 0.8870682120323181 0.7934300899505615
vt 0.8630516529083252 0.7739406824111938
vt 0.6631804704666138 0.2712134122848511
vt 0.6572974920272827 0.2672821283340454
vt 0.6557172536849976 0.2892293334007263
vt 0.8911475539207458 0.4496757388114929
vt 0.9151588678359985 0.4496307373046875
vt 0.8911060690879822 0.4274112582206726
vt 0.5175557732582092 0.7071685791015625
vt 0.5214865207672119 0.7012847661972046
vt 0.5018125772476196 0.69142746925354
vt 0.8630696535110474 0.8129411935806274
vt 0.8870772123336792 0.8129299879074097
vt 0.863060712814331 0.7934410572052002
vt 0.6769698858261108 0.2574250102043152
vt 0.6730391979217529 0.25154197216033936
vt 0.6631804704666138 0.2712134122848511
vt 0.8911890983581543 0.47194039821624756
vt 0.9152007699012756 0.47189533710479736
vt 0.8911475539207458 0.4496757388114929
vt 0.5381243228912354 0.7156862020492554
vt 0.5395039916038513 0.7087459564208984
vt 0.5175557732582092 0.7071685791015625
vt 0.8630786538124084 0.8324413299560547
vt 0.8870862722396851 0.8324302434921265
vt 0.8630696535110474 0.8129411935806274
vt 0.6949859261512756 0.24996322393417358
vt 0.6936058402061462 0.24302375316619873
vt 0.6769698858261108 0.2574250102043152
vt 0.8912310004234314 0.49420517683029175
vt 0.915242612361908 0.4941600561141968
vt 0.8911890983581543 0.47194039821624756
vt 0.5603860020637512 0.7156840562820435
vt 0.5590049624443054 0.7087442874908447
vt 0.5381243228912354 0.7156862020492554
vt 0.8630876541137695 0.8519415855407715
vt 0.8870952725410461 0.8519304990768433
vt 0.8630786538124084 0.8324413299560547
vt 0.714489758014679 0.13037395477294922
vt 0.7158706784248352 0.12343496084213257
vt 0.6949900388717651 0.1303718090057373
vt 0.8582268357276917 0.16030168533325195
vt 0.8822305202484131 0.16024363040924072
vt 0.8581730127334595 0.1380443572998047
vt 0.736434817314148 0.1072314977645874
vt 0.7325035333633423 0.10134899616241455
vt 0.7158700823783875 0.1157524585723877
vt 0.8947814106941223 0.5594398975372314
vt 0.9187897443771362 0.5594289302825928
vt 0.8947725892066956 0.5399391651153564
vt 0.7325038909912109 0.13783705234527588
vt 0.7364349365234375 0.13195466995239258
vt 0.714489758014679 0.13037395477294922
vt 0.8582807183265686 0.18255925178527832
vt 0.8822844624519348 0.182500958442688
vt 0.8582268357276917 0.16030168533325195
vt 0.7521731853485107 0.09149026870727539
vt 0.7462902665138245 0.08756005764007568
vt 0.736434817314148 0.1072314977645874
vt 0.8947902321815491 0.5789408683776855
vt 0.9187985062599182 0.5789300203323364
vt 0.8947814106941223 0.5594398975372314
vt 0.7462905645370483 0.15162527561187744
vt 0.7521732449531555 0.14769470691680908
vt 0.7325038909912109 0.13783705234527588
vt 0.8583346009254456 0.2048170566558838
vt 0.8823389410972595 0.20475852489471436
vt 0.8582807183265686 0.18255925178527832
vt 0.7606899738311768 0.07092511653900146
vt 0.7537510395050049 0.0695454478263855
vt 0.7521731853485107 0.09149026870727539
vt 0.8947990536689758 0.5984416007995605
vt 0.9188071489334106 0.598430871963501
vt 0.8947902321815491 0.5789408683776855
vt 0.7537519335746765 0.16963940858840942
vt 0.7606909275054932 0.1682591438293457
vt 0.7462905645370483 0.15162527561187744
vt 0.8583887219429016 0.227075457572937
vt 0.8823935389518738 0.2270166277885437
vt 0.8583346009254456 0.2048170566558838
vt 0.7606892585754395 0.04866665601730347
vt 0.7537504434585571 0.05004703998565674
vt 0.7606899738311768 0.07092511653900146
vt 0.8948076963424683 0.6179423332214355
vt 0.9188159108161926 0.6179317235946655
vt 0.8947990536689758 0.5984416007995605
vt 0.7537522912025452 0.18913745880126953
vt 0.7606912851333618 0.19051742553710938
vt 0.7537519335746765 0.16963940858840942
vt 0.8584429621696472 0.2493343949317932
vt 0.8824485540390015 0.2492753267288208
vt 0.8583887219429016 0.227075457572937
vt 0.7521715760231018 0.028102457523345947
vt 0.7462889552116394 0.03203272819519043
vt 0.7606892585754395 0.04866665601730347
vt 0.8948164582252502 0.6374428272247314
vt 0.9188244938850403 0.6374322175979614
vt 0.8948076963424683 0.6179423332214355
vt 0.74629145860672 0.20715206861495972
vt 0.7521743774414062 0.21108239889144897
vt 0.7537522912025452 0.18913745880126953
vt 0.8584974408149719 0.2715938687324524
vt 0.8825036883354187 0.2715345621109009
vt 0.8584429621696472 0.2493343949317932
vt 0.7364333271980286 0.01236182451248169
vt 0.732502281665802 0.01824408769607544
vt 0.7521715760231018 0.028102457523345947
vt 0.8948250412940979 0.6569432020187378
vt 0.9188328981399536 0.6569328308105469
vt 0.8948164582252502 0.6374428272247314
vt 0.7325047254562378 0.22094106674194336
vt 0.7364359498023987 0.2268233299255371
vt 0.74629145860672 0.20715206861495972
vt 0.8585523962974548 0.2938541769981384
vt 0.8825592398643494 0.2937944531440735
vt 0.8584974408149719 0.2715938687324524
vt 0.7158693671226501 0.003841578960418701
vt 0.7144882678985596 0.0107804536819458
vt 0.7364333271980286 0.01236182451248169
vt 0.8948336243629456 0.6764436960220337
vt 0.9188413023948669 0.6764332056045532
vt 0.8948250412940979 0.6569432020187378
vt 0.7144901156425476 0.22840476036071777
vt 0.7158712148666382 0.2353440523147583
vt 0.7325047254562378 0.22094106674194336
vt 0.8586075305938721 0.31611496210098267
vt 0.8826151490211487 0.3160548806190491
vt 0.8585523962974548 0.2938541769981384
vt 0.6936091184616089 0.003838658332824707
vt 0.6949886679649353 0.010778486728668213
vt 0.7158693671226501 0.003841578960418701
vt 0.8948420286178589 0.6959437131881714
vt 0.918849766254425 0.6959333419799805
vt 0.8948336243629456 0.6764436960220337
vt 0.6949894428253174 0.22840642929077148
vt 0.6936095952987671 0.23534643650054932
vt 0.7144901156425476 0.22840476036071777
vt 0.8586628437042236 0.3383764624595642
vt 0.8826712369918823 0.3383159637451172
vt 0.8586075305938721 0.31611496210098267
vt 0.6730406880378723 0.012355685234069824
vt 0.6769712567329407 0.018239319324493408
vt 0.6936091184616089 0.003838658332824707
vt 0.8948507905006409 0.7154439687728882
vt 0.918857991695404 0.7154334783554077
vt 0.8948420286178589 0.6959437131881714
vt 0.6769715547561646 0.22094500064849854
vt 0.6730408668518066 0.226828932762146
vt 0.6949894428253174 0.22840642929077148
vt 0.8587188720703125 0.36063843965530396
vt 0.8827275633811951 0.36057770252227783
vt 0.8586628437042236 0.3383764624595642
vt 0.6572971343994141 0.02809661626815796
vt 0.6631805300712585 0.0320281982421875
vt 0.6730406880378723 0.012355685234069824
vt 0.8948590755462646 0.7349437475204468
vt 0.9188663959503174 0.734933614730835
vt 0.8948507905006409 0.7154439687728882
vt 0.6631807088851929 0.20715618133544922
vt 0.6572973132133484 0.21108794212341309
vt 0.6769715547561646 0.22094500064849854
vt 0.8587748408317566 0.38290107250213623
vt 0.8827843070030212 0.38284003734588623
vt 0.8587188720703125 0.36063843965530396
vt 0.6487764716148376 0.04866480827331543
vt 0.6557167172431946 0.050045549869537354
vt 0.6572971343994141 0.02809661626815796
vt 0.8948677778244019 0.7544436454772949
vt 0.9188746809959412 0.7544333934783936
vt 0.8948590755462646 0.7349437475204468
vt 0.6557166576385498 0.1891390085220337
vt 0.6487764716148376 0.19051975011825562
vt 0.6631807088851929 0.20715618133544922
vt 0.8588314056396484 0.4051640033721924
vt 0.8828413486480713 0.4051026701927185
vt 0.8587748408317566 0.38290107250213623
vt 0.6487764716148376 0.07092815637588501
vt 0.6557166576385498 0.06954777240753174
vt 0.6487764716148376 0.04866480827331543
vt 0.8948761224746704 0.7739436626434326
vt 0.9188830852508545 0.7739332914352417
vt 0.8948677778244019 0.7544436454772949
vt 0.6557171940803528 0.16963732242584229
vt 0.6489035487174988 0.16872596740722656
vt 0.6557166576385498 0.1891390085220337
vt 0.8588031530380249 0.4269583821296692
vt 0.8828989267349243 0.42736589908599854
vt 0.8588314056396484 0.4051640033721924
vt 0.6572970151901245 0.09149634838104248
vt 0.6631803512573242 0.08756482601165771
vt 0.6487764716148376 0.07092815637588501
vt 0.8948846459388733 0.7934433221817017
vt 0.9188913106918335 0.7934328317642212
vt 0.8948761224746704 0.7739436626434326
vt 0.6631816625595093 0.15162062644958496
vt 0.6572983264923096 0.14768868684768677
vt 0.6557171940803528 0.16963732242584229
vt 0.8588697910308838 0.4496096968650818
vt 0.8828805088996887 0.44962960481643677
vt 0.8588031530380249 0.4269583821296692
vt 0.6730401515960693 0.10723757743835449
vt 0.6769709587097168 0.10135376453399658
vt 0.6572970151901245 0.09149634838104248
vt 0.8948930501937866 0.8129429817199707
vt 0.918899655342102 0.8129324913024902
vt 0.8948846459388733 0.7934433221817017
vt 0.6769726872444153 0.13783246278762817
vt 0.6730421781539917 0.1319485306739807
vt 0.6631816625595093 0.15162062644958496
vt 0.8588513731956482 0.47187405824661255
vt 0.8828624486923218 0.47189366817474365
vt 0.8588697910308838 0.4496096968650818
vt 0.6936087012290955 0.11575484275817871
vt 0.6949884295463562 0.10881495475769043
vt 0.6730401515960693 0.10723757743835449
vt 0.8949013948440552 0.8324422836303711
vt 0.9189079403877258 0.8324319124221802
vt 0.8948930501937866 0.8129429817199707
vt 0.6949900388717651 0.1303718090057373
vt 0.6936106085777283 0.1234322190284729
vt 0.6769726872444153 0.13783246278762817
vt 0.8588332533836365 0.494138240814209
vt 0.8828442692756653 0.4941577911376953
vt 0.8588513731956482 0.47187405824661255
vt 0.7158700823783875 0.1157524585723877
vt 0.7144888639450073 0.10881280899047852
vt 0.6936087012290955 0.11575484275817871
vt 0.8949097394943237 0.8519415855407715
vt 0.9189163446426392 0.8519313335418701
vt 0.8949013948440552 0.8324422836303711
vt 0.6058651208877563 0.055956482887268066
vt 0.6128680109977722 0.007425904273986816
vt 0.5975666642189026 0.054489850997924805
vt 0.5395535230636597 0.3638019561767578
vt 0.5564372539520264 0.3690648078918457
vt 0.5466551780700684 0.356062114238739
vt 0.6144050359725952 0.05777460336685181
vt 0.6222894191741943 0.008768737316131592
vt 0.6058651208877563 0.055956482887268066
vt 0.5400249361991882 0.378157377243042
vt 0.5553843379020691 0.3807491660118103
vt 0.5395535230636597 0.3638019561767578
vt 0.6231163740158081 0.060146331787109375
vt 0.6317545175552368 0.010228335857391357
vt 0.6144050359725952 0.05777460336685181
vt 0.539118766784668 0.3910142183303833
vt 0.554228663444519 0.39210182428359985
vt 0.5400249361991882 0.378157377243042
vt 0.6324887275695801 0.06314224004745483
vt 0.6410990953445435 0.011795401573181152
vt 0.6231163740158081 0.060146331787109375
vt 0.5407916903495789 0.40168625116348267
vt 0.5528120994567871 0.39780062437057495
vt 0.539118766784668 0.3910142183303833
vt 0.5067844390869141 0.05841648578643799
vt 0.4996907413005829 0.007942140102386475
vt 0.4972844123840332 0.06113541126251221
vt 0.5564372539520264 0.3690648078918457
vt 0.5704864263534546 0.3734182119369507
vt 0.5604205131530762 0.36217182874679565
vt 0.515600323677063 0.056311070919036865
vt 0.5092576742172241 0.00677180290222168
vt 0.5067844390869141 0.05841648578643799
vt 0.5553843379020691 0.3807491660118103
vt 0.5684964656829834 0.38204360008239746
vt 0.5564372539520264 0.3690648078918457
vt 0.5241715312004089 0.05471521615982056
vt 0.5187842845916748 0.005784511566162109
vt 0.515600323677063 0.056311070919036865
vt 0.554228663444519 0.39210182428359985
vt 0.5674630403518677 0.38894104957580566
vt 0.5553843379020691 0.3807491660118103
vt 0.5325416922569275 0.0535091757774353
vt 0.5282595157623291 0.004927635192871094
vt 0.5241715312004089 0.05471521615982056
vt 0.5528120994567871 0.39780062437057495
vt 0.5647713541984558 0.39698487520217896
vt 0.554228663444519 0.39210182428359985
vt 0.5407583117485046 0.05256682634353638
vt 0.5377285480499268 0.0043416619300842285
vt 0.5325416922569275 0.0535091757774353
vt 0.5704864263534546 0.3734182119369507
vt 0.5868591070175171 0.3694900870323181
vt 0.5694071054458618 0.36734968423843384
vt 0.548923909664154 0.052012503147125244
vt 0.5471570491790771 0.003979086875915527
vt 0.5407583117485046 0.05256682634353638
vt 0.5684964656829834 0.38204360008239746
vt 0.5793669819831848 0.38491111993789673
vt 0.5704864263534546 0.3734182119369507
vt 0.5570145845413208 0.051659226417541504
vt 0.5565460324287415 0.003838658332824707
vt 0.548923909664154 0.052012503147125244
vt 0.5674630403518677 0.38894104957580566
vt 0.578122615814209 0.3981754779815674
vt 0.5684964656829834 0.38204360008239746
vt 0.5651122331619263 0.051651835441589355
vt 0.5659226179122925 0.0038462281227111816
vt 0.5570145845413208 0.051659226417541504
vt 0.5647713541984558 0.39698487520217896
vt 0.575569212436676 0.40153563022613525
vt 0.5674630403518677 0.38894104957580566
vt 0.5732006430625916 0.05192291736602783
vt 0.5752952098846436 0.004153847694396973
vt 0.5651122331619263 0.051651835441589355
vt 0.5868591070175171 0.3694900870323181
vt 0.5950928926467896 0.3726651072502136
vt 0.5815132260322571 0.36527395248413086
vt 0.5812620520591736 0.052539825439453125
vt 0.5846766233444214 0.004610419273376465
vt 0.5732006430625916 0.05192291736602783
vt 0.5793669819831848 0.38491111993789673
vt 0.5935006737709045 0.38680142164230347
vt 0.5868591070175171 0.3694900870323181
vt 0.5894030928611755 0.053285062313079834
vt 0.5940526723861694 0.005360126495361328
vt 0.5812620520591736 0.052539825439453125
vt 0.578122615814209 0.3981754779815674
vt 0.5915462970733643 0.39941149950027466
vt 0.5793669819831848 0.38491111993789673
vt 0.5975666642189026 0.054489850997924805
vt 0.6034613251686096 0.006257236003875732
vt 0.5894030928611755 0.053285062313079834
vt 0.575569212436676 0.40153563022613525
vt 0.5876269340515137 0.4026018977165222
vt 0.578122615814209 0.3981754779815674
vt 0.5894030928611755 0.053285062313079834
vt 0.5842764377593994 0.08997470140457153
vt 0.5975666642189026 0.054489850997924805
vt 0.5812620520591736 0.052539825439453125
vt 0.5777605772018433 0.08935260772705078
vt 0.5894030928611755 0.053285062313079834
vt 0.5732006430625916 0.05192291736602783
vt 0.5711661577224731 0.08915555477142334
vt 0.5812620520591736 0.052539825439453125
vt 0.5651122331619263 0.051651835441589355
vt 0.5645442008972168 0.0891152024269104
vt 0.5732006430625916 0.05192291736602783
vt 0.5570145845413208 0.051659226417541504
vt 0.5579227209091187 0.08895623683929443
vt 0.5651122331619263 0.051651835441589355
vt 0.548923909664154 0.052012503147125244
vt 0.5513206124305725 0.08895230293273926
vt 0.5570145845413208 0.051659226417541504
vt 0.5407583117485046 0.05256682634353638
vt 0.5447848439216614 0.08938378095626831
vt 0.548923909664154 0.052012503147125244
vt 0.5325416922569275 0.0535091757774353
vt 0.5382669568061829 0.08972400426864624
vt 0.5407583117485046 0.05256682634353638
vt 0.5241715312004089 0.05471521615982056
vt 0.5318289399147034 0.09024912118911743
vt 0.5325416922569275 0.0535091757774353
vt 0.515600323677063 0.056311070919036865
vt 0.5256001949310303 0.09115666151046753
vt 0.5241715312004089 0.05471521615982056
vt 0.5067844390869141 0.05841648578643799
vt 0.5193836092948914 0.0921163558959961
vt 0.515600323677063 0.056311070919036865
vt 0.4972844123840332 0.06113541126251221
vt 0.5133466124534607 0.09341764450073242
vt 0.5067844390869141 0.05841648578643799
vt 0.6231163740158081 0.060146331787109375
vt 0.6095675826072693 0.0934150218963623
vt 0.6324887275695801 0.06314224004745483
vt 0.6144050359725952 0.05777460336685181
vt 0.603387713432312 0.0922858715057373
vt 0.6231163740158081 0.060146331787109375
vt 0.6058651208877563 0.055956482887268066
vt 0.5971933603286743 0.09120732545852661
vt 0.6144050359725952 0.05777460336685181
vt 0.5975666642189026 0.054489850997924805
vt 0.5907749533653259 0.09050339460372925
vt 0.6058651208877563 0.055956482887268066
vt 0.5883293747901917 0.2947390675544739
vt 0.588342547416687 0.30191975831985474
vt 0.5948500037193298 0.29460227489471436
vt 0.5948500037193298 0.29460227489471436
vt 0.594998300075531 0.3019622564315796
vt 0.6016436219215393 0.2942522168159485
vt 0.6016436219215393 0.2942522168159485
vt 0.6021666526794434 0.30183929204940796
vt 0.6085146069526672 0.29354411363601685
vt 0.6085146069526672 0.29354411363601685
vt 0.6094546914100647 0.3012368679046631
vt 0.6157652139663696 0.2921559810638428
vt 0.5077188014984131 0.2909083962440491
vt 0.5062580704689026 0.29890990257263184
vt 0.5149296522140503 0.29252541065216064
vt 0.5149296522140503 0.29252541065216064
vt 0.5137248039245605 0.3001707196235657
vt 0.5218173861503601 0.29348742961883545
vt 0.5218173861503601 0.29348742961883545
vt 0.5209558010101318 0.30102360248565674
vt 0.5286714434623718 0.2939165234565735
vt 0.5286714434623718 0.2939165234565735
vt 0.528159499168396 0.3014724850654602
vt 0.5352652668952942 0.2942795157432556
vt 0.5352652668952942 0.2942795157432556
vt 0.5350422263145447 0.3016662001609802
vt 0.5418615937232971 0.29465973377227783
vt 0.5418615937232971 0.29465973377227783
vt 0.5416834950447083 0.30189722776412964
vt 0.5486667156219482 0.29484498500823975
vt 0.5486667156219482 0.29484498500823975
vt 0.5484642386436462 0.3020917773246765
vt 0.555415689945221 0.2948160767555237
vt 0.555415689945221 0.2948160767555237
vt 0.5553186535835266 0.30213814973831177
vt 0.5619943737983704 0.2948938012123108
vt 0.5619943737983704 0.2948938012123108
vt 0.5619864463806152 0.30214351415634155
vt 0.5686262249946594 0.29496413469314575
vt 0.5686262249946594 0.29496413469314575
vt 0.5686621069908142 0.3021581172943115
vt 0.5752989053726196 0.2949445843696594
vt 0.5752989053726196 0.2949445843696594
vt 0.5753996968269348 0.30208873748779297
vt 0.5818796753883362 0.29495126008987427
vt 0.5818796753883362 0.29495126008987427
vt 0.5819281935691833 0.30199092626571655
vt 0.5883293747901917 0.2947390675544739
vt 0.7059690952301025 0.6748752593994141
vt 0.6938919425010681 0.6927707195281982
vt 0.7121459245681763 0.6811085939407349
vt 0.7121459245681763 0.6811085939407349
vt 0.694141149520874 0.6930477619171143
vt 0.7154707312583923 0.6892755031585693
vt 0.7154707312583923 0.6892755031585693
vt 0.6942623257637024 0.6933921575546265
vt 0.7154430150985718 0.6980929374694824
vt 0.7154430150985718 0.6980929374694824
vt 0.69427889585495 0.6937572956085205
vt 0.7120468020439148 0.7061847448348999
vt 0.7120468020439148 0.7061847448348999
vt 0.6941512823104858 0.6941072940826416
vt 0.7058135271072388 0.7123613357543945
vt 0.7058135271072388 0.7123613357543945
vt 0.6938741207122803 0.6943567991256714
vt 0.6976466178894043 0.7156862020492554
vt 0.6976466178894043 0.7156862020492554
vt 0.6935298442840576 0.6944776773452759
vt 0.6888288855552673 0.7156585454940796
vt 0.6888288855552673 0.7156585454940796
vt 0.6931650638580322 0.6944942474365234
vt 0.6807373762130737 0.7122625112533569
vt 0.6807373762130737 0.7122625112533569
vt 0.6928147077560425 0.6943670511245728
vt 0.6745604276657104 0.7060290575027466
vt 0.6745604276657104 0.7060290575027466
vt 0.692565381526947 0.6940895318984985
vt 0.6712356805801392 0.6978622674942017
vt 0.6712356805801392 0.6978622674942017
vt 0.6924442052841187 0.6937453746795654
vt 0.671263575553894 0.689044713973999
vt 0.671263575553894 0.689044713973999
vt 0.6924276947975159 0.69338059425354
vt 0.6746596097946167 0.6809529066085815
vt 0.6746596097946167 0.6809529066085815
vt 0.6925551295280457 0.6930301189422607
vt 0.6808930039405823 0.6747759580612183
vt 0.6808930039405823 0.6747759580612183
vt 0.692832350730896 0.6927808523178101
vt 0.6890597939491272 0.6714515686035156
vt 0.6890597939491272 0.6714515686035156
vt 0.6931768655776978 0.692659854888916
vt 0.6978773474693298 0.6714791059494019
vt 0.6978773474693298 0.6714791059494019
vt 0.6935415267944336 0.6926432847976685
vt 0.7059690952301025 0.6748752593994141
vt 0.5881635546684265 0.28967511653900146
vt 0.5907749533653259 0.09050339460372925
vt 0.5817208886146545 0.28957104682922363
vt 0.5946311950683594 0.28913140296936035
vt 0.5971933603286743 0.09120732545852661
vt 0.5881635546684265 0.28967511653900146
vt 0.6011986136436462 0.28848809003829956
vt 0.603387713432312 0.0922858715057373
vt 0.5946311950683594 0.28913140296936035
vt 0.607686460018158 0.28825581073760986
vt 0.6095675826072693 0.0934150218963623
vt 0.6011986136436462 0.28848809003829956
vt 0.6136928200721741 0.28710097074508667
vt 0.6155562400817871 0.09487992525100708
vt 0.607686460018158 0.28825581073760986
vt 0.5159168839454651 0.28724563121795654
vt 0.5193836092948914 0.0921163558959961
vt 0.5099392533302307 0.28591644763946533
vt 0.5224165916442871 0.2876583933830261
vt 0.5256001949310303 0.09115666151046753
vt 0.5159168839454651 0.28724563121795654
vt 0.5290100574493408 0.28842365741729736
vt 0.5318289399147034 0.09024912118911743
vt 0.5224165916442871 0.2876583933830261
vt 0.5355302691459656 0.2891177535057068
vt 0.5382669568061829 0.08972400426864624
vt 0.5290100574493408 0.28842365741729736
vt 0.5420700907707214 0.28909391164779663
vt 0.5447848439216614 0.08938378095626831
vt 0.5355302691459656 0.2891177535057068
vt 0.54875648021698 0.2889115810394287
vt 0.5513206124305725 0.08895230293273926
vt 0.5420700907707214 0.28909391164779663
vt 0.5554302930831909 0.2893117666244507
vt 0.5579227209091187 0.08895623683929443
vt 0.54875648021698 0.2889115810394287
vt 0.5619676113128662 0.2896522879600525
vt 0.5645442008972168 0.0891152024269104
vt 0.5554302930831909 0.2893117666244507
vt 0.5685735940933228 0.2891891598701477
vt 0.5711661577224731 0.08915555477142334
vt 0.5619676113128662 0.2896522879600525
vt 0.5751979947090149 0.28942251205444336
vt 0.5777605772018433 0.08935260772705078
vt 0.5685735940933228 0.2891891598701477
vt 0.5817208886146545 0.28957104682922363
vt 0.5842764377593994 0.08997470140457153
vt 0.5751979947090149 0.28942251205444336
vt 0.5881635546684265 0.28967511653900146
vt 0.5883293747901917 0.2947390675544739
vt 0.5946311950683594 0.28913140296936035
vt 0.2698240876197815 0.7601728439331055
vt 0.2709041237831116 0.7656393051147461
vt 0.2640378177165985 0.7601652145385742
vt 0.5946311950683594 0.28913140296936035
vt 0.5948500037193298 0.29460227489471436
vt 0.6011986136436462 0.28848809003829956
vt 0.27517279982566833 0.7579653263092041
vt 0.2782626450061798 0.7626025676727295
vt 0.2698240876197815 0.7601728439331055
vt 0.6011986136436462 0.28848809003829956
vt 0.6016436219215393 0.2942522168159485
vt 0.607686460018158 0.28825581073760986
vt 0.27926957607269287 0.753879189491272
vt 0.28389886021614075 0.7569808959960938
vt 0.27517279982566833 0.7579653263092041
vt 0.607686460018158 0.28825581073760986
vt 0.6085146069526672 0.29354411363601685
vt 0.6136928200721741 0.28710097074508667
vt 0.2814909815788269 0.748536229133606
vt 0.2869548499584198 0.749630331993103
vt 0.27926957607269287 0.753879189491272
vt 0.5099392533302307 0.28591644763946533
vt 0.5077188014984131 0.2909083962440491
vt 0.5159168839454651 0.28724563121795654
vt 0.2814984917640686 0.7427499294281006
vt 0.28696510195732117 0.7416698932647705
vt 0.2814909815788269 0.748536229133606
vt 0.5159168839454651 0.28724563121795654
vt 0.5149296522140503 0.29252541065216064
vt 0.5224165916442871 0.2876583933830261
vt 0.2792912721633911 0.737401008605957
vt 0.2839287221431732 0.7343113422393799
vt 0.2814984917640686 0.7427499294281006
vt 0.5224165916442871 0.2876583933830261
vt 0.5218173861503601 0.29348742961883545
vt 0.5290100574493408 0.28842365741729736
vt 0.2752051055431366 0.7333042621612549
vt 0.2783070206642151 0.7286750078201294
vt 0.2792912721633911 0.737401008605957
vt 0.5290100574493408 0.28842365741729736
vt 0.5286714434623718 0.2939165234565735
vt 0.5355302691459656 0.2891177535057068
vt 0.2698623239994049 0.7310827970504761
vt 0.2709563970565796 0.7256189584732056
vt 0.2752051055431366 0.7333042621612549
vt 0.5355302691459656 0.2891177535057068
vt 0.5352652668952942 0.2942795157432556
vt 0.5420700907707214 0.28909391164779663
vt 0.2640758156776428 0.7310752868652344
vt 0.26299604773521423 0.7256085872650146
vt 0.2698623239994049 0.7310827970504761
vt 0.5420700907707214 0.28909391164779663
vt 0.5418615937232971 0.29465973377227783
vt 0.54875648021698 0.2889115810394287
vt 0.25872722268104553 0.7332826852798462
vt 0.25563734769821167 0.7286452054977417
vt 0.2640758156776428 0.7310752868652344
vt 0.54875648021698 0.2889115810394287
vt 0.5486667156219482 0.29484498500823975
vt 0.5554302930831909 0.2893117666244507
vt 0.25463032722473145 0.7373689413070679
vt 0.2500011920928955 0.7342671155929565
vt 0.25872722268104553 0.7332826852798462
vt 0.5554302930831909 0.2893117666244507
vt 0.555415689945221 0.2948160767555237
vt 0.5619676113128662 0.2896522879600525
vt 0.2524089813232422 0.7427119016647339
vt 0.2469450682401657 0.7416176795959473
vt 0.25463032722473145 0.7373689413070679
vt 0.5619676113128662 0.2896522879600525
vt 0.5619943737983704 0.2948938012123108
vt 0.5685735940933228 0.2891891598701477
vt 0.2524015009403229 0.7484982013702393
vt 0.24693484604358673 0.7495781183242798
vt 0.2524089813232422 0.7427119016647339
vt 0.5685735940933228 0.2891891598701477
vt 0.5686262249946594 0.29496413469314575
vt 0.5751979947090149 0.28942251205444336
vt 0.25460872054100037 0.7538468837738037
vt 0.24997131526470184 0.7569365501403809
vt 0.2524015009403229 0.7484982013702393
vt 0.5751979947090149 0.28942251205444336
vt 0.5752989053726196 0.2949445843696594
vt 0.5817208886146545 0.28957104682922363
vt 0.25869491696357727 0.757943868637085
vt 0.25559303164482117 0.7625731229782104
vt 0.25460872054100037 0.7538468837738037
vt 0.5817208886146545 0.28957104682922363
vt 0.5818796753883362 0.29495126008987427
vt 0.5881635546684265 0.28967511653900146
vt 0.2640378177165985 0.7601652145385742
vt 0.2629435062408447 0.7656290531158447
vt 0.25869491696357727 0.757943868637085
vt 0.6934458613395691 0.5906767845153809
vt 0.683442234992981 0.5893678665161133
vt 0.6951238512992859 0.5795714855194092
vt 0.6914551258087158 0.6015591621398926
vt 0.6816088557243347 0.5999661684036255
vt 0.6934458613395691 0.5906767845153809
vt 0.6891998052597046 0.6122561693191528
vt 0.6794387102127075 0.6103693246841431
vt 0.6914551258087158 0.6015591621398926
vt 0.6867293119430542 0.6228920221328735
vt 0.6770403981208801 0.6207996606826782
vt 0.6891998052597046 0.6122561693191528
vt 0.6841568350791931 0.6337244510650635
vt 0.673997163772583 0.6314423084259033
vt 0.6867293119430542 0.6228920221328735
vt 0.6821150183677673 0.6461513042449951
vt 0.6698952317237854 0.643119215965271
vt 0.6841568350791931 0.6337244510650635
vt 0.6871914863586426 0.4755404591560364
vt 0.6764172315597534 0.47785019874572754
vt 0.685339093208313 0.4624447822570801
vt 0.6893430352210999 0.4870355725288391
vt 0.6791707277297974 0.48917967081069946
vt 0.6871914863586426 0.4755404591560364
vt 0.6916568875312805 0.4983564615249634
vt 0.681402862071991 0.5000779628753662
vt 0.6893430352210999 0.4870355725288391
vt 0.6936966180801392 0.509663462638855
vt 0.6833781599998474 0.5110373497009277
vt 0.6916568875312805 0.4983564615249634
vt 0.6953652501106262 0.5211167335510254
vt 0.6848821043968201 0.5221278667449951
vt 0.6936966180801392 0.509663462638855
vt 0.6964847445487976 0.5328609943389893
vt 0.6858818531036377 0.5332976579666138
vt 0.6953652501106262 0.5211167335510254
vt 0.6972289681434631 0.5445979833602905
vt 0.6866340637207031 0.5445905923843384
vt 0.6964847445487976 0.5328609943389893
vt 0.6972103714942932 0.5563501119613647
vt 0.6865783929824829 0.5560787916183472
vt 0.6972289681434631 0.5445979833602905
vt 0.696479082107544 0.5681523084640503
vt 0.6860781908035278 0.5675384998321533
vt 0.6972103714942932 0.5563501119613647
vt 0.6951238512992859 0.5795714855194092
vt 0.6848260760307312 0.5785590410232544
vt 0.696479082107544 0.5681523084640503
vt 0.6986557841300964 0.5914782285690308
vt 0.6934458613395691 0.5906767845153809
vt 0.7004705667495728 0.5802366733551025
vt 0.6783513426780701 0.5778698921203613
vt 0.6848260760307312 0.5785590410232544
vt 0.676982581615448 0.5884255170822144
vt 0.6965678930282593 0.6024870872497559
vt 0.6914551258087158 0.6015591621398926
vt 0.6986557841300964 0.5914782285690308
vt 0.676982581615448 0.5884255170822144
vt 0.683442234992981 0.5893678665161133
vt 0.6751971244812012 0.5988044738769531
vt 0.6942420601844788 0.6132923364639282
vt 0.6891998052597046 0.6122561693191528
vt 0.6965678930282593 0.6024870872497559
vt 0.6751971244812012 0.5988044738769531
vt 0.6816088557243347 0.5999661684036255
vt 0.6730252504348755 0.6089615821838379
vt 0.6917353868484497 0.6239883899688721
vt 0.6867293119430542 0.6228920221328735
vt 0.6942420601844788 0.6132923364639282
vt 0.6730252504348755 0.6089615821838379
vt 0.6794387102127075 0.6103693246841431
vt 0.670560359954834 0.6190621852874756
vt 0.6892240643501282 0.6346518993377686
vt 0.6841568350791931 0.6337244510650635
vt 0.6917353868484497 0.6239883899688721
vt 0.670560359954834 0.6190621852874756
vt 0.6770403981208801 0.6207996606826782
vt 0.6676673889160156 0.6293045282363892
vt 0.6877694129943848 0.6457756757736206
vt 0.6821150183677673 0.6461513042449951
vt 0.6892240643501282 0.6346518993377686
vt 0.6676673889160156 0.6293045282363892
vt 0.673997163772583 0.6314423084259033
vt 0.6634193658828735 0.6394593715667725
vt 0.6925315856933594 0.47475528717041016
vt 0.6871914863586426 0.4755404591560364
vt 0.6912907361984253 0.4629894495010376
vt 0.6654132604598999 0.46909862756729126
vt 0.6723512411117554 0.46538281440734863
vt 0.6696478724479675 0.47992128133773804
vt 0.694672703742981 0.4860718250274658
vt 0.6893430352210999 0.4870355725288391
vt 0.6925315856933594 0.47475528717041016
vt 0.6696478724479675 0.47992128133773804
vt 0.6764172315597534 0.47785019874572754
vt 0.6723621487617493 0.4907680153846741
vt 0.6969918012619019 0.4974203109741211
vt 0.6916568875312805 0.4983564615249634
vt 0.694672703742981 0.4860718250274658
vt 0.6723621487617493 0.4907680153846741
vt 0.6791707277297974 0.48917967081069946
vt 0.6746712923049927 0.5013656616210938
vt 0.6990911364555359 0.5088618993759155
vt 0.6936966180801392 0.509663462638855
vt 0.6969918012619019 0.4974203109741211
vt 0.6746712923049927 0.5013656616210938
vt 0.681402862071991 0.5000779628753662
vt 0.6767155528068542 0.5120856761932373
vt 0.7008839249610901 0.5204716920852661
vt 0.6953652501106262 0.5211167335510254
vt 0.6990911364555359 0.5088618993759155
vt 0.6767155528068542 0.5120856761932373
vt 0.6833781599998474 0.5110373497009277
vt 0.6781414151191711 0.5229014158248901
vt 0.7023835182189941 0.5324356555938721
vt 0.6964847445487976 0.5328609943389893
vt 0.7008839249610901 0.5204716920852661
vt 0.6781414151191711 0.5229014158248901
vt 0.6848821043968201 0.5221278667449951
vt 0.6792181730270386 0.5337309837341309
vt 0.7025508880615234 0.5444331169128418
vt 0.6972289681434631 0.5445979833602905
vt 0.7023835182189941 0.5324356555938721
vt 0.6792181730270386 0.5337309837341309
vt 0.6858818531036377 0.5332976579666138
vt 0.6795907020568848 0.5447565317153931
vt 0.7031497955322266 0.5565011501312256
vt 0.6972103714942932 0.5563501119613647
vt 0.7025508880615234 0.5444331169128418
vt 0.6795907020568848 0.5447565317153931
vt 0.6866340637207031 0.5445905923843384
vt 0.6798056364059448 0.5559356212615967
vt 0.7020187973976135 0.5686399936676025
vt 0.696479082107544 0.5681523084640503
vt 0.7031497955322266 0.5565011501312256
vt 0.6798056364059448 0.5559356212615967
vt 0.6865783929824829 0.5560787916183472
vt 0.6791384816169739 0.5670502185821533
vt 0.7004705667495728 0.5802366733551025
vt 0.6951238512992859 0.5795714855194092
vt 0.7020187973976135 0.5686399936676025
vt 0.6791384816169739 0.5670502185821533
vt 0.6860781908035278 0.5675384998321533
vt 0.6783513426780701 0.5778698921203613
vt 0.6730252504348755 0.6089615821838379
vt 0.6686513423919678 0.6079679727554321
vt 0.6751971244812012 0.5988044738769531
vt 0.670560359954834 0.6190621852874756
vt 0.6660070419311523 0.6179426908493042
vt 0.6730252504348755 0.6089615821838379
vt 0.6676673889160156 0.6293045282363892
vt 0.6630769371986389 0.6277796030044556
vt 0.670560359954834 0.6190621852874756
vt 0.6634193658828735 0.6394593715667725
vt 0.6593711972236633 0.6367863416671753
vt 0.6676673889160156 0.6293045282363892
vt 0.6696478724479675 0.47992128133773804
vt 0.664768636226654 0.4814044237136841
vt 0.6654132604598999 0.46909862756729126
vt 0.6723621487617493 0.4907680153846741
vt 0.6675673723220825 0.4918067455291748
vt 0.6696478724479675 0.47992128133773804
vt 0.6746712923049927 0.5013656616210938
vt 0.6700558662414551 0.5022706985473633
vt 0.6723621487617493 0.4907680153846741
vt 0.6767155528068542 0.5120856761932373
vt 0.6716784834861755 0.5128977298736572
vt 0.6746712923049927 0.5013656616210938
vt 0.6781414151191711 0.5229014158248901
vt 0.6734946370124817 0.5234662294387817
vt 0.6767155528068542 0.5120856761932373
vt 0.6792181730270386 0.5337309837341309
vt 0.6742876172065735 0.5341808795928955
vt 0.6781414151191711 0.5229014158248901
vt 0.6795907020568848 0.5447565317153931
vt 0.6745973229408264 0.5450093746185303
vt 0.6792181730270386 0.5337309837341309
vt 0.6798056364059448 0.5559356212615967
vt 0.6745628714561462 0.5558356046676636
vt 0.6795907020568848 0.5447565317153931
vt 0.6791384816169739 0.5670502185821533
vt 0.6742085814476013 0.5666133165359497
vt 0.6798056364059448 0.5559356212615967
vt 0.6783513426780701 0.5778698921203613
vt 0.673527181148529 0.5772314071655273
vt 0.6791384816169739 0.5670502185821533
vt 0.676982581615448 0.5884255170822144
vt 0.6723113656044006 0.5875922441482544
vt 0.6783513426780701 0.5778698921203613
vt 0.6751971244812012 0.5988044738769531
vt 0.6705960631370544 0.597815990447998
vt 0.676982581615448 0.5884255170822144
vt 0.6686513423919678 0.6079679727554321
vt 0.6417081952095032 0.6020976305007935
vt 0.6705960631370544 0.597815990447998
vt 0.6660070419311523 0.6179426908493042
vt 0.6395538449287415 0.6109267473220825
vt 0.6686513423919678 0.6079679727554321
vt 0.6630769371986389 0.6277796030044556
vt 0.6370096206665039 0.6197303533554077
vt 0.6660070419311523 0.6179426908493042
vt 0.6593711972236633 0.6367863416671753
vt 0.6341419219970703 0.6288729906082153
vt 0.6630769371986389 0.6277796030044556
vt 0.664768636226654 0.4814044237136841
vt 0.6372261047363281 0.4893673062324524
vt 0.6610763669013977 0.4718272089958191
vt 0.6675673723220825 0.4918067455291748
vt 0.6397451758384705 0.4986727833747864
vt 0.664768636226654 0.4814044237136841
vt 0.6700558662414551 0.5022706985473633
vt 0.6418707370758057 0.5079830884933472
vt 0.6675673723220825 0.4918067455291748
vt 0.6716784834861755 0.5128977298736572
vt 0.6435031294822693 0.5174155235290527
vt 0.6700558662414551 0.5022706985473633
vt 0.6734946370124817 0.5234662294387817
vt 0.644844114780426 0.5269249677658081
vt 0.6716784834861755 0.5128977298736572
vt 0.6742876172065735 0.5341808795928955
vt 0.6457618474960327 0.5364247560501099
vt 0.6734946370124817 0.5234662294387817
vt 0.6745973229408264 0.5450093746185303
vt 0.6462419629096985 0.5459489822387695
vt 0.6742876172065735 0.5341808795928955
vt 0.6745628714561462 0.5558356046676636
vt 0.6463039517402649 0.5555393695831299
vt 0.6745973229408264 0.5450093746185303
vt 0.6742085814476013 0.5666133165359497
vt 0.6460989117622375 0.5650993585586548
vt 0.6745628714561462 0.5558356046676636
vt 0.673527181148529 0.5772314071655273
vt 0.6455169916152954 0.5745480060577393
vt 0.6742085814476013 0.5666133165359497
vt 0.6723113656044006 0.5875922441482544
vt 0.6445751786231995 0.5839204788208008
vt 0.673527181148529 0.5772314071655273
vt 0.6705960631370544 0.597815990447998
vt 0.6433274149894714 0.5931239128112793
vt 0.6723113656044006 0.5875922441482544
vt 0.5851820111274719 0.5106207132339478
vt 0.57291579246521 0.515342116355896
vt 0.5765252113342285 0.49991893768310547
vt 0.5913012623786926 0.5246098041534424
vt 0.5800772309303284 0.5262324810028076
vt 0.5851820111274719 0.5106207132339478
vt 0.5897950530052185 0.5357373952865601
vt 0.5761678814888 0.5437004566192627
vt 0.5913012623786926 0.5246098041534424
vt 0.5901356935501099 0.5466227531433105
vt 0.5804191827774048 0.5522952079772949
vt 0.5897950530052185 0.5357373952865601
vt 0.57291579246521 0.515342116355896
vt 0.5565096139907837 0.514420747756958
vt 0.5657961964607239 0.4996246099472046
vt 0.5800772309303284 0.5262324810028076
vt 0.5605016946792603 0.5303305387496948
vt 0.57291579246521 0.515342116355896
vt 0.5761678814888 0.5437004566192627
vt 0.5627474188804626 0.5496553182601929
vt 0.5800772309303284 0.5262324810028076
vt 0.5804191827774048 0.5522952079772949
vt 0.5694310665130615 0.5565574169158936
vt 0.5761678814888 0.5437004566192627
vt 0.5565096139907837 0.514420747756958
vt 0.5416064262390137 0.5195316076278687
vt 0.5525596737861633 0.5026261806488037
vt 0.5605016946792603 0.5303305387496948
vt 0.5455366373062134 0.5350711345672607
vt 0.5565096139907837 0.514420747756958
vt 0.5627474188804626 0.5496553182601929
vt 0.5508899092674255 0.5489456653594971
vt 0.5605016946792603 0.5303305387496948
vt 0.5694310665130615 0.5565574169158936
vt 0.5553464293479919 0.5592467784881592
vt 0.5627474188804626 0.5496553182601929
vt 0.5416064262390137 0.5195316076278687
vt 0.5313917398452759 0.5252443552017212
vt 0.5396252870559692 0.5067316293716431
vt 0.5455366373062134 0.5350711345672607
vt 0.5339328050613403 0.5385414361953735
vt 0.5416064262390137 0.5195316076278687
vt 0.5508899092674255 0.5489456653594971
vt 0.5384869575500488 0.5507277250289917
vt 0.5455366373062134 0.5350711345672607
vt 0.5553464293479919 0.5592467784881592
vt 0.5439350008964539 0.5607622861862183
vt 0.5508899092674255 0.5489456653594971
vt 0.5313917398452759 0.5252443552017212
vt 0.5207005143165588 0.5227771997451782
vt 0.5296690464019775 0.5114648342132568
vt 0.5339328050613403 0.5385414361953735
vt 0.5222076773643494 0.541008710861206
vt 0.5313917398452759 0.5252443552017212
vt 0.5384869575500488 0.5507277250289917
vt 0.5282016396522522 0.5605709552764893
vt 0.5339328050613403 0.5385414361953735
vt 0.5439350008964539 0.5607622861862183
vt 0.5374237298965454 0.5728656053543091
vt 0.5384869575500488 0.5507277250289917
vt 0.5207005143165588 0.5227771997451782
vt 0.4932921826839447 0.5180864334106445
vt 0.5180637836456299 0.5065321922302246
vt 0.5222076773643494 0.541008710861206
vt 0.4934346079826355 0.5481449365615845
vt 0.5207005143165588 0.5227771997451782
vt 0.5282016396522522 0.5605709552764893
vt 0.5104320645332336 0.5770747661590576
vt 0.5222076773643494 0.541008710861206
vt 0.5374237298965454 0.5728656053543091
vt 0.5274589657783508 0.5898054838180542
vt 0.5282016396522522 0.5605709552764893
vt 0.5038265585899353 0.33899927139282227
vt 0.5273495316505432 0.35563111305236816
vt 0.5217467546463013 0.3214542269706726
vt 0.4932921826839447 0.37035202980041504
vt 0.5218690037727356 0.3757007122039795
vt 0.5038265585899353 0.33899927139282227
vt 0.49855169653892517 0.4051911234855652
vt 0.5216776728630066 0.39671146869659424
vt 0.4932921826839447 0.37035202980041504
vt 0.5092601776123047 0.4258553385734558
vt 0.5264428853988647 0.4124360680580139
vt 0.49855169653892517 0.4051911234855652
vt 0.5273495316505432 0.35563111305236816
vt 0.5395535230636597 0.3638019561767578
vt 0.5351791381835938 0.33994007110595703
vt 0.5218690037727356 0.3757007122039795
vt 0.5400249361991882 0.378157377243042
vt 0.5273495316505432 0.35563111305236816
vt 0.5216776728630066 0.39671146869659424
vt 0.539118766784668 0.3910142183303833
vt 0.5218690037727356 0.3757007122039795
vt 0.5264428853988647 0.4124360680580139
vt 0.5407916903495789 0.40168625116348267
vt 0.5216776728630066 0.39671146869659424
vt 0.5553464293479919 0.5592467784881592
vt 0.5533578991889954 0.5722469091415405
vt 0.5439350008964539 0.5607622861862183
vt 0.5694310665130615 0.5565574169158936
vt 0.5722146034240723 0.5694137811660767
vt 0.5553464293479919 0.5592467784881592
vt 0.5804191827774048 0.5522952079772949
vt 0.589783787727356 0.5607436895370483
vt 0.5694310665130615 0.5565574169158936
vt 0.5901356935501099 0.5466227531433105
vt 0.6015498638153076 0.5534226894378662
vt 0.5804191827774048 0.5522952079772949
vt 0.5533578991889954 0.5722469091415405
vt 0.5483055710792542 0.5960942506790161
vt 0.5374237298965454 0.5728656053543091
vt 0.5722146034240723 0.5694137811660767
vt 0.5784640312194824 0.5933035612106323
vt 0.5533578991889954 0.5722469091415405
vt 0.589783787727356 0.5607436895370483
vt 0.6065667271614075 0.5790656805038452
vt 0.5722146034240723 0.5694137811660767
vt 0.6015498638153076 0.5534226894378662
vt 0.6189424395561218 0.563326358795166
vt 0.589783787727356 0.5607436895370483
vt 0.5250556468963623 0.44358325004577637
vt 0.5405334830284119 0.420387327671051
vt 0.5092601776123047 0.4258553385734558
vt 0.5565588474273682 0.4547674059867859
vt 0.5615896582603455 0.4257560968399048
vt 0.5250556468963623 0.44358325004577637
vt 0.5916964411735535 0.45212429761886597
vt 0.5821815729141235 0.427371621131897
vt 0.5565588474273682 0.4547674059867859
vt 0.6099510192871094 0.44129908084869385
vt 0.5978401899337769 0.42432183027267456
vt 0.5916964411735535 0.45212429761886597
vt 0.5405334830284119 0.420387327671051
vt 0.5528120994567871 0.39780062437057495
vt 0.5264428853988647 0.4124360680580139
vt 0.5615896582603455 0.4257560968399048
vt 0.5647713541984558 0.39698487520217896
vt 0.5405334830284119 0.420387327671051
vt 0.5821815729141235 0.427371621131897
vt 0.575569212436676 0.40153563022613525
vt 0.5615896582603455 0.4257560968399048
vt 0.5978401899337769 0.42432183027267456
vt 0.5876269340515137 0.4026018977165222
vt 0.5821815729141235 0.427371621131897
vt 0.5897950530052185 0.5357373952865601
vt 0.6029202938079834 0.5383964776992798
vt 0.5901356935501099 0.5466227531433105
vt 0.5913012623786926 0.5246098041534424
vt 0.6004022359848022 0.5188201665878296
vt 0.5897950530052185 0.5357373952865601
vt 0.5851820111274719 0.5106207132339478
vt 0.5989319682121277 0.496696412563324
vt 0.5913012623786926 0.5246098041534424
vt 0.5765252113342285 0.49991893768310547
vt 0.584435224533081 0.4864828586578369
vt 0.5851820111274719 0.5106207132339478
vt 0.6029202938079834 0.5383964776992798
vt 0.6260563135147095 0.5437828302383423
vt 0.6015498638153076 0.5534226894378662
vt 0.6004022359848022 0.5188201665878296
vt 0.6264645457267761 0.5133498907089233
vt 0.6029202938079834 0.5383964776992798
vt 0.5989319682121277 0.496696412563324
vt 0.613471269607544 0.48447489738464355
vt 0.6004022359848022 0.5188201665878296
vt 0.584435224533081 0.4864828586578369
vt 0.597607433795929 0.465573787689209
vt 0.5989319682121277 0.496696412563324
vt 0.6256457567214966 0.42581838369369507
vt 0.6057308316230774 0.4109397530555725
vt 0.6099510192871094 0.44129908084869385
vt 0.6410990953445435 0.3961530327796936
vt 0.6128414273262024 0.3900546431541443
vt 0.6256457567214966 0.42581838369369507
vt 0.6409408450126648 0.3625706434249878
vt 0.6144658327102661 0.36789488792419434
vt 0.6410990953445435 0.3961530327796936
vt 0.6350767016410828 0.33762991428375244
vt 0.6124836206436157 0.3508062958717346
vt 0.6409408450126648 0.3625706434249878
vt 0.6057308316230774 0.4109397530555725
vt 0.5915462970733643 0.39941149950027466
vt 0.5978401899337769 0.42432183027267456
vt 0.6128414273262024 0.3900546431541443
vt 0.5935006737709045 0.38680142164230347
vt 0.6057308316230774 0.4109397530555725
vt 0.6144658327102661 0.36789488792419434
vt 0.5950928926467896 0.3726651072502136
vt 0.6128414273262024 0.3900546431541443
vt 0.6124836206436157 0.3508062958717346
vt 0.5969539284706116 0.3674551844596863
vt 0.6144658327102661 0.36789488792419434
vt 0.5657961964607239 0.4996246099472046
vt 0.5681436061859131 0.48664772510528564
vt 0.5765252113342285 0.49991893768310547
vt 0.5525596737861633 0.5026261806488037
vt 0.5510919690132141 0.48879098892211914
vt 0.5657961964607239 0.4996246099472046
vt 0.5396252870559692 0.5067316293716431
vt 0.5302577614784241 0.49613702297210693
vt 0.5525596737861633 0.5026261806488037
vt 0.5296690464019775 0.5114648342132568
vt 0.5180637836456299 0.5065321922302246
vt 0.5396252870559692 0.5067316293716431
vt 0.5681436061859131 0.48664772510528564
vt 0.5702152252197266 0.4624447822570801
vt 0.584435224533081 0.4864828586578369
vt 0.5510919690132141 0.48879098892211914
vt 0.5438814759254456 0.46264636516571045
vt 0.5681436061859131 0.48664772510528564
vt 0.5302577614784241 0.49613702297210693
vt 0.5132139325141907 0.4783886671066284
vt 0.5510919690132141 0.48879098892211914
vt 0.5180637836456299 0.5065321922302246
vt 0.4979773461818695 0.4959486126899719
vt 0.5302577614784241 0.49613702297210693
vt 0.6119420528411865 0.3217325806617737
vt 0.5964952111244202 0.3429942727088928
vt 0.6350767016410828 0.33762991428375244
vt 0.5843991637229919 0.3102540969848633
vt 0.5761145949363708 0.33702552318573
vt 0.6119420528411865 0.3217325806617737
vt 0.5454850196838379 0.3098354935646057
vt 0.5530539751052856 0.33613497018814087
vt 0.5843991637229919 0.3102540969848633
vt 0.5217467546463013 0.3214542269706726
vt 0.5351791381835938 0.33994007110595703
vt 0.5454850196838379 0.3098354935646057
vt 0.5964952111244202 0.3429942727088928
vt 0.5815132260322571 0.36527395248413086
vt 0.6124836206436157 0.3508062958717346
vt 0.5761145949363708 0.33702552318573
vt 0.5694071054458618 0.36734968423843384
vt 0.5964952111244202 0.3429942727088928
vt 0.5530539751052856 0.33613497018814087
vt 0.5604205131530762 0.36217182874679565
vt 0.5761145949363708 0.33702552318573
vt 0.5351791381835938 0.33994007110595703
vt 0.5466551780700684 0.356062114238739
vt 0.5530539751052856 0.33613497018814087
vn 0.9972527958414211 0.03307295649891787 -0.06628001761382904
vn 0.9842679681651989 0.06209254031836087 -0.16541185955294763
vn 0.9890200264682195 0.06598287758670172 -0.13223330560105018
vn 0 0.904276127693176 0.4269481056103129
vn 0 0.9453712283535967 0.32599576776579814
vn 0 0.9453712283535967 0.32599576776579814
vn -0.9968798106943431 0.038335982523612366 -0.06899996720260185
vn -0.9910459430663032 0.046924259221055274 -0.1250042104425956
vn -0.9875322083472373 0.07645255709139685 -0.1376050289452205
vn 0 -0.7651061624328401 -0.6439041545193607
vn 0 -0.654982549539889 -0.7556440033496109
vn 0 -0.654982549539889 -0.7556440033496109
vn 1 0 0
vn 1 0 0
vn 1 0 0
vn 0 -0.8741515782943015 0.4856531871259385
vn 0 -0.9014650496507659 0.4328518964474366
vn 0 -0.9014650496507659 0.4328518964474366
vn -1 0 0
vn -1 0 0
vn -1 0 0
vn 0 0.8713315705827689 -0.4906947056019303
vn 0 0.9057802689704535 -0.42374768948492514
vn 0 0.905780304685736 -0.42374761314185055
vn 1 0 0
vn 1 0 0
vn 1 0 0
vn 0 -0.41022833332728437 0.9119828477200206
vn 0 -0.5154357325397627 0.8569282383147369
vn 0 -0.5154357325397627 0.8569282383147369
vn -1 0 0
vn -1 0 0
vn -1 0 0
vn 0 0.41022834350116766 -0.9119828431436021
vn 0 0.5154360055024323 -0.856928074129735
vn 0 0.5154360055024323 -0.856928074129735
vn 0.9995885251851064 0.02854588096683156 0.0028130051708329007
vn 1 0 0
vn 1 0 0
vn 0 -0.2955058118355508 0.9553409418482034
vn 0 -0.41022833332728437 0.9119828477200206
vn 0 -0.3810102589760934 0.9245708099193757
vn -0.9995885223169737 0.028546000580532176 0.0028128105206975157
vn -1 0 0
vn -1 0 0
vn 0 0.2955751779148877 -0.9553194827912715
vn 0 0.41022834350116766 -0.9119828431436021
vn 0 0.3810102589760934 -0.9245708099193757
vn 0.9758580536785576 0.21834428741733575 -0.005179886380369072
vn 0.9816993782274388 0.18997881060958796 0.01320538932505453
vn 0.9813002708421558 0.19243340226853525 0.004377686200242291
vn 0 0.1207198454653623 0.9926866166675257
vn 0 0.05972895254234687 0.9982146323452658
vn 0 0.03931483925389238 0.9992268728444209
vn -0.9758373743277926 0.21845829681536527 -0.004170301855911217
vn -0.9802159460090153 0.1974285335430052 0.014095152809026483
vn -0.9812867963259051 0.192489965906794 0.0048822516980161195
vn 0 -0.1207193163510678 -0.9926866810125594
vn 0 -0.05962740891994203 -0.9982207031040251
vn 0 -0.03917940821975215 -0.9992321922213827
vn 1 0 0
vn 1 0 0
vn 1 0 0
vn 0 0.6446422502002167 0.7644843813033733
vn 0 0.6446422502002167 0.7644843813033733
vn 0 0.7221039278135889 0.6917845888975754
vn -1 0 0
vn -1 0 0
vn -1 0 0
vn 0 -0.532883839879327 -0.8461884028958703
vn 0 -0.27680756475971074 -0.9609253728005096
vn 0 -0.7779817782910535 -0.628286839466728
vn 1 0 0
vn 1 0 0
vn 1 0 0
vn 0 -0.7694336992978358 0.6387266883298739
vn 0 -0.8346010293448773 0.5508549008736069
vn 0 -0.6959859373733409 0.718055412192229
vn -1 0 0
vn -1 0 0
vn -1 0 0
vn 0 0.7638198429086009 -0.6454295062817321
vn 0 0.8411038886263459 -0.5408735975601321
vn 0 0.47366992045005224 -0.8807024505818303
vn 1 0 0
vn 1 0 0
vn 1 0 0
vn 0 -0.7585897911320505 0.651568514271701
vn 0 -0.6772775268931873 0.7357276340912091
vn 0 -0.8741515782943015 0.4856531871259385
vn -1 0 0
vn -1 0 0
vn -1 0 0
vn 0 0.758589912032507 -0.6515683735131051
vn 0 0.6772778607731783 -0.7357273267362759
vn 0 0.8713315705827689 -0.4906947056019303
vn 0.9954582028978666 0.09470283541030179 0.009712839368538914
vn 0.991475938907508 0.12984629870034498 0.010742498838571228
vn 0.9995885251851064 0.02854588096683156 0.0028130051708329007
vn 0 -0.16054412697978737 0.9870286638655932
vn 0 -0.08101981115249951 0.9967124912434945
vn 0 -0.2955058118355508 0.9553409418482034
vn -0.9956630594919638 0.09255086382492407 0.009455663295745365
vn -0.9913791602929843 0.1305760010786724 0.010829057164862725
vn -0.9995885223169737 0.028546000580532176 0.0028128105206975157
vn 0 0.16070631580179287 -0.9870022695320484
vn 0 0.08120296719264092 -0.9966975860907413
vn 0 0.2955751779148877 -0.9553194827912715
vn 1 0 0
vn 1 0 0
vn 1 0 0
vn -1 0 0
vn -1 0 0
vn -1 0 0
vn 0 0.2265499392830808 -0.9739995508268124
vn 0 0.47366992045005224 -0.8807024505818303
vn 0 -0.27680756475971074 -0.9609253728005096
vn 1 0 0
vn 1 0 0
vn 1 0 0
vn 0 -0.9014650496507659 0.4328518964474366
vn 0 -0.9014650496507659 0.4328518964474366
vn 0 -0.8346010293448773 0.5508549008736069
vn -1 0 0
vn -1 0 0
vn -1 0 0
vn 0 0.905780304685736 -0.42374761314185055
vn 0 0.9057802689704535 -0.42374768948492514
vn 0 0.8411038886263459 -0.5408735975601321
vn 1 0 0
vn 1 0 0
vn 1 0 0
vn 0 -0.5154357325397627 0.8569282383147369
vn 0 -0.5154357325397627 0.8569282383147369
vn 0 -0.6772775268931873 0.7357276340912091
vn -1 0 0
vn -1 0 0
vn -1 0 0
vn 0 0.5154360055024323 -0.856928074129735
vn 0 0.5154360055024323 -0.856928074129735
vn 0 0.6772778607731783 -0.7357273267362759
vn 0.9813002708421558 0.19243340226853525 0.004377686200242291
vn 0.9816993782274388 0.18997881060958796 0.01320538932505453
vn 0.991475938907508 0.12984629870034498 0.010742498838571228
vn 0 0.03931483925389238 0.9992268728444209
vn 0 0.05972895254234687 0.9982146323452658
vn 0 -0.08101981115249951 0.9967124912434945
vn -0.9812867963259051 0.192489965906794 0.0048822516980161195
vn -0.9802159460090153 0.1974285335430052 0.014095152809026483
vn -0.9913791602929843 0.1305760010786724 0.010829057164862725
vn 0 -0.03917940821975215 -0.9992321922213827
vn 0 -0.05962740891994203 -0.9982207031040251
vn 0 0.08120296719264092 -0.9966975860907413
vn 0 0.7921644533623385 0.6103076919301832
vn 0 0.7221039278135889 0.6917845888975754
vn 0 0.904276127693176 0.4269481056103129
vn 1 0 0
vn 1 0 0
vn 0.9972527958414211 0.03307295649891787 -0.06628001761382904
vn 0 -0.819197415609693 -0.5735116339346569
vn 0 -0.7779817782910535 -0.628286839466728
vn 0 -0.7651061624328401 -0.6439041545193607
vn -1 0 0
vn -1 0 0
vn -0.9968798106943431 0.038335982523612366 -0.06899996720260185
vn 0.07367520584836304 -0.3432904006639219 0.9363352310231658
vn 0.176682161086588 -0.34590787350261 0.9214831289842886
vn 0.14698723082675774 -0.3332516852726518 0.9313098669276616
vn -0.08191793287105514 0.9330651228324184 0.3502555193396064
vn 0.027037590538827348 0.9358693583812111 0.35130828732182695
vn 0.027037333674936274 0.9358693891056411 0.3513082252421434
vn 0.07807128192143722 0.36123901578506046 -0.9291992511909296
vn 0.13352134843909252 0.3482898397954266 -0.9278287756942455
vn 0.15569572057893627 0.36879043223232993 -0.9163800847286551
vn 0.33394446598681865 -0.8824662799490963 -0.33126176717149514
vn 0.47725788304275585 -0.8227084453443558 -0.3088296084131516
vn 0.4772582114130046 -0.8227082274696315 -0.30882968136601885
vn -9.63685236818783e-9 -0.3514366787036556 0.936211653880544
vn 1.5637770454071103e-8 -0.35143667194635836 0.9362116564171091
vn -1.9656275162188247e-8 -0.3514366728182677 0.9362116560898105
vn -0.761883098805152 -0.6063979256149734 -0.22763062088593475
vn -0.7220491073106985 -0.6477103728115879 -0.24313856046315918
vn -0.7220491072967525 -0.6477103755254285 -0.24313855327502254
vn 9.4233378251767e-9 0.35143667826770086 -0.9362116540441933
vn 1.4821730758029238e-8 0.3514366375059405 -0.9362116693454093
vn 2.2778890270527477e-8 0.35143667456208627 -0.9362116554352127
vn 0.7656119439207923 0.6022674861118863 0.22608013291374063
vn 0.7150419344977232 0.6544883190782407 0.2456828689589339
vn 0.7150419053735331 0.6544883459034309 0.2456828822616232
vn -9.517395920882984e-10 -0.3514366638811973 0.9362116594446227
vn -2.5799910198772564e-8 -0.35143665930367335 0.9362116611629409
vn -1.929497483189827e-8 -0.3514366569059228 0.9362116620630127
vn -0.9979782494511393 -0.05950222490984305 -0.022336043813039868
vn -0.9834091852635563 -0.1698298650553379 -0.0637510099885044
vn -0.9834091852640843 -0.16982986476627068 -0.06375101075041872
vn 1.718900939488352e-9 0.35143666453512934 -0.9362116591991487
vn 2.7233977309910923e-8 0.3514366562519907 -0.9362116623084864
vn 1.9862403612122506e-8 0.3514366573418774 -0.9362116618993631
vn 0.997978250868206 0.059502205093614695 0.022336033287788572
vn 0.9834091852608396 0.16982986654196916 0.06375100607008785
vn 0.9834091879195914 0.16982985278044233 0.06375100171685745
vn 0.007398443565957885 -0.32534626937497413 0.9455660040613707
vn -9.517395920882984e-10 -0.3514366638811973 0.9362116594446227
vn -1.965507789644445e-9 -0.3514366569059228 0.9362116620630127
vn -0.9982528990113129 0.05531696277696219 0.020764952314937583
vn -0.9979782494511393 -0.05950222490984305 -0.022336043813039868
vn -0.9994949457609674 -0.02975111180231651 -0.011168023316905458
vn 0.0073986729900105885 0.37723783314030185 -0.9260868624948725
vn 1.718900939488352e-9 0.35143666453512934 -0.9362116591991487
vn 1.612539795544394e-9 0.35143665908569616 -0.936211661244766
vn 0.9982571954109408 -0.05524896498049846 -0.02073942330119091
vn 0.997978250868206 0.059502205093614695 0.022336033287788572
vn 0.9994949461156046 0.02975110237886813 0.011168016681884444
vn 0.08158356021322277 -0.1532793906692378 0.9848093983604149
vn 0.05440218723265265 -0.17414531142241477 0.9832160558767812
vn 0.06352954399269657 -0.17475813285166378 0.9825597142373995
vn -0.8869395446135399 0.4324227605792114 0.16232313554691108
vn -0.913549130941255 0.38078398719188167 0.14293893960265244
vn -0.9216710982108869 0.36322412868520754 0.1363474204508815
vn 0.08067836424429656 0.5330499461459385 -0.8422284467154245
vn 0.05618725715882455 0.5221661553337873 -0.8509908920528465
vn 0.0630770241254658 0.5151825760024321 -0.85475622396738
vn 0.8869395941063739 -0.43242263624578714 -0.1623231963357805
vn 0.9135906482523906 -0.3806966400407422 -0.14290624789513798
vn 0.9217237797101026 -0.36310692190511834 -0.13630347457608205
vn 2.2946514410445555e-8 -0.3514366778317462 0.9362116542078426
vn -1.4287464785589404e-8 -0.3514366612654694 0.9362116604265189
vn 1.1103514740564925e-8 -0.35143668873061257 0.9362116501166081
vn -0.48916907301448004 0.8165535013184956 0.30651916333348544
vn -0.4891690730170066 0.8165535007443961 0.3065191648588288
vn -0.3938836047269647 0.8605286232657056 0.3230266157265091
vn -3.147454261071592e-8 0.3514366327104391 -0.9362116711455519
vn -2.5215952419400807e-8 0.35143667456208627 -0.9362116554352127
vn -1.3653436835076172e-8 0.3514366882946579 -0.9362116502802574
vn 0.6049360786192872 -0.7454810453128171 -0.27983986825330864
vn 0.8023489572426042 -0.5587828201459187 -0.20975678945264062
vn 0.3147977253469028 -0.8886135274701994 -0.3335691696086212
vn -6.798140476337382e-8 -0.3514366617014233 0.9362116602628675
vn -6.747535621609549e-8 -0.3514366527643528 0.9362116636176795
vn -1.4287464785589404e-8 -0.3514366612654694 0.9362116604265189
vn -0.8683899119155313 -0.4642505181889829 -0.17427110272387808
vn -0.8090260038851064 -0.5502798022769539 -0.20656491532623017
vn -0.9168458802953611 -0.37377438329930407 -0.14030802605214426
vn 7.654704555156383e-9 0.3514366704205172 -0.9362116569898822
vn 3.4460282327122995e-8 0.35143671423395934 -0.9362116405431183
vn -1.8555088443591007e-8 0.3514366366340312 -0.936211669672708
vn 0.8726927996242775 0.4571237695697336 0.1715958530335102
vn 0.8019668449103501 0.5592634047796039 0.20993718998515623
vn 0.9909888449114046 0.12540033474998916 0.0470729785094478
vn -1.4010368214167527e-8 -0.35143668262724737 0.9362116524076994
vn -2.378373094161619e-8 -0.3514366634452426 0.9362116596082719
vn -9.63685236818783e-9 -0.3514366787036556 0.936211653880544
vn -0.8766022851272272 -0.450519639823906 -0.16911678758379262
vn -0.9268168772363998 -0.3515602280091149 -0.13196924699318172
vn -0.761883098805152 -0.6063979256149734 -0.22763062088593475
vn 1.3996243512519812e-8 0.35143668262724737 -0.9362116524076994
vn 2.3698988060806813e-8 0.3514366634452426 -0.9362116596082719
vn 9.4233378251767e-9 0.35143667826770086 -0.9362116540441933
vn 0.8766022976900539 0.4505196204414921 0.16911677409935486
vn 0.9268168875977569 0.3515602070918517 0.1319692299482761
vn 0.7656119439207923 0.6022674861118863 0.22608013291374063
vn 0.02418861785840948 -0.2636385228380849 0.9643182255053838
vn 0.035575300498832244 -0.2310972955472724 0.9722800203568694
vn 0.007398443565957885 -0.32534626937497413 0.9455660040613707
vn -0.980488809700991 0.18403572728294434 0.06908360973900862
vn -0.9616071043650525 0.2569245175518025 0.09644464275133517
vn -0.9982528990113129 0.05531696277696219 0.020764952314937583
vn 0.02367314196510812 0.4341437416590961 -0.9005325057585316
vn 0.0357507511228514 0.4664189268969627 -0.8838412009102301
vn 0.0073986729900105885 0.37723783314030185 -0.9260868624948725
vn 0.980521134831749 -0.18388472039786963 -0.06902690600379206
vn 0.9616576345805803 -0.2567586918296248 -0.09638240515168187
vn 0.9982571954109408 -0.05524896498049846 -0.02073942330119091
vn 2.2946514410445555e-8 -0.3514366778317462 0.9362116542078426
vn 4.0097685852958944e-8 -0.35143669309015885 0.9362116484801136
vn -1.4287464785589404e-8 -0.3514366612654694 0.9362116604265189
vn -3.147454261071592e-8 0.3514366327104391 -0.9362116711455519
vn -1.8555088443591007e-8 0.3514366366340312 -0.936211669672708
vn -2.5215952419400807e-8 0.35143667456208627 -0.9362116554352127
vn 0.9914876850625709 -0.12189522813187931 -0.04575722596422621
vn 0.9909888449114046 0.12540033474998916 0.0470729785094478
vn 0.8023489572426042 -0.5587828201459187 -0.20975678945264062
vn -1.9656275162188247e-8 -0.3514366728182677 0.9362116560898105
vn 1.5637770454071103e-8 -0.35143667194635836 0.9362116564171091
vn -6.747535621609549e-8 -0.3514366527643528 0.9362116636176795
vn -0.7220491072967525 -0.6477103755254285 -0.24313855327502254
vn -0.7220491073106985 -0.6477103728115879 -0.24313856046315918
vn -0.8090260038851064 -0.5502798022769539 -0.20656491532623017
vn 2.2778890270527477e-8 0.35143667456208627 -0.9362116554352127
vn 1.4821730758029238e-8 0.3514366375059405 -0.9362116693454093
vn 3.4460282327122995e-8 0.35143671423395934 -0.9362116405431183
vn 0.7150419053735331 0.6544883459034309 0.2456828822616232
vn 0.7150419344977232 0.6544883190782407 0.2456828689589339
vn 0.8019668449103501 0.5592634047796039 0.20993718998515623
vn -1.929497483189827e-8 -0.3514366569059228 0.9362116620630127
vn -2.5799910198772564e-8 -0.35143665930367335 0.9362116611629409
vn -2.378373094161619e-8 -0.3514366634452426 0.9362116596082719
vn -0.9834091852640843 -0.16982986476627068 -0.06375101075041872
vn -0.9834091852635563 -0.1698298650553379 -0.0637510099885044
vn -0.9268168772363998 -0.3515602280091149 -0.13196924699318172
vn 1.9862403612122506e-8 0.3514366573418774 -0.9362116618993631
vn 2.7233977309910923e-8 0.3514366562519907 -0.9362116623084864
vn 2.3698988060806813e-8 0.3514366634452426 -0.9362116596082719
vn 0.9834091879195914 0.16982985278044233 0.06375100171685745
vn 0.9834091852608396 0.16982986654196916 0.06375100607008785
vn 0.9268168875977569 0.3515602070918517 0.1319692299482761
vn 0.06352954399269657 -0.17475813285166378 0.9825597142373995
vn 0.05440218723265265 -0.17414531142241477 0.9832160558767812
vn 0.035575300498832244 -0.2310972955472724 0.9722800203568694
vn -0.9216710982108869 0.36322412868520754 0.1363474204508815
vn -0.913549130941255 0.38078398719188167 0.14293893960265244
vn -0.9616071043650525 0.2569245175518025 0.09644464275133517
vn 0.0630770241254658 0.5151825760024321 -0.85475622396738
vn 0.05618725715882455 0.5221661553337873 -0.8509908920528465
vn 0.0357507511228514 0.4664189268969627 -0.8838412009102301
vn 0.9217237797101026 -0.36310692190511834 -0.13630347457608205
vn 0.9135906482523906 -0.3806966400407422 -0.14290624789513798
vn 0.9616576345805803 -0.2567586918296248 -0.09638240515168187
vn -0.2929819230183339 0.8951288104562067 0.33601488877092256
vn -0.3938836047269647 0.8605286232657056 0.3230266157265091
vn -0.08191793287105514 0.9330651228324184 0.3502555193396064
vn 7.854956818176387e-9 -0.35143668415308876 0.9362116518349267
vn 1.1103514740564925e-8 -0.35143668873061257 0.9362116501166081
vn 0.07367520584836304 -0.3432904006639219 0.9363352310231658
vn 0.24903205976833356 -0.9067165099363639 -0.3403648098972051
vn 0.3147977253469028 -0.8886135274701994 -0.3335691696086212
vn 0.33394446598681865 -0.8824662799490963 -0.33126176717149514
vn -1.124467116252165e-8 0.3514366813193835 -0.9362116528986477
vn -1.3653436835076172e-8 0.3514366882946579 -0.9362116502802574
vn 0.07807128192143722 0.36123901578506046 -0.9291992511909296
vn -0.9972527947019063 -0.01871134927489134 0.07167111599208098
vn -0.984267960422168 -0.06209260151394084 0.16541188265543838
vn -0.9890200228833814 -0.03733045712644927 0.14298892022281334
vn 0 0.9618541928913976 0.2735626283271131
vn 0 0.9263678056754961 0.3766200852423649
vn 0 0.9263678056754961 0.3766200852423649
vn 0.996879809094338 -0.016538197892551534 0.07718247359668615
vn 0.991045941112322 -0.046924299054338606 0.12500421098127373
vn 0.9875322031435878 -0.032981740607297555 0.15392320338689924
vn 0 -0.9998266515464415 -0.018618991847870907
vn 0 -0.9904342825092111 0.13798526019276178
vn 0 -0.9904342825092111 0.13798526019276178
vn -1 0 0
vn -1 0 0
vn -1 0 0
vn 0 -0.338644225327861 -0.9409144959304713
vn 0 -0.3939557476485679 -0.9191294081328582
vn 0 -0.3939557476485679 -0.9191294081328582
vn 1 0 0
vn 1 0 0
vn 1 0 0
vn 0 0.3332032972137815 0.942855006205018
vn 0 0.4031961758591606 0.9151135687839781
vn 0 0.40319613758629336 0.9151135856468828
vn -1 0 0
vn -1 0 0
vn -1 0 0
vn 0 0.2912239447698486 -0.9566549085185777
vn 0 0.17577601499178228 -0.9844301867342392
vn 0 0.17577601499178228 -0.9844301867342392
vn 1 0 0
vn 1 0 0
vn 1 0 0
vn 0 -0.2912239732159735 0.956654899859036
vn 0 -0.1757760294077978 0.9844301841601715
vn 0 -0.17577601499178228 0.9844301867342392
vn -0.9995885262581046 0.02334567741919529 0.016666058891937428
vn -1 0 0
vn -1 0 0
vn 0 0.40613937651219223 -0.9138111439713832
vn 0 0.2912239447698486 -0.9566549085185777
vn 0 0.321508063859704 -0.9469068406518059
vn 0.9995885232847154 0.023345643315175694 0.01666628499944729
vn 1 0 0
vn 1 0 0
vn 0 -0.4060732805788844 0.9138405171581652
vn 0 -0.2912239732159735 0.956654899859036
vn 0 -0.32150806738499466 0.9469068394548461
vn -0.9758580657261294 0.16100105536185572 0.14757945564890063
vn -0.9816993805228601 0.15174092552941953 0.11506962153630274
vn -0.9813002571021138 0.1477801400127625 0.12333221650945066
vn 0 0.7441255901412044 -0.6680397488899926
vn 0 0.7018384086741163 -0.7123361903692554
vn 0 0.6871330839359354 -0.7265315718953242
vn 0.975837387709341 0.16175129087169052 0.1468942226568179
vn 0.980215896418422 0.15793615578845088 0.1193019995783617
vn 0.9812867821020677 0.14815477187662124 0.12298949077850461
vn 0 -0.7441256791702228 0.6680396497210737
vn 0 -0.7017661867881463 0.7124073406983008
vn 0 -0.6870347927358759 0.7266245203475948
vn -1 0 0
vn -1 0 0
vn -1 0 0
vn 0 0.9884654317158829 -0.15144665827522716
vn 0 0.9884654317158829 -0.15144665827522716
vn 0 0.9989537536510309 -0.045731805852335
vn 1 0 0
vn 1 0 0
vn 1 0 0
vn 0 -0.9580776985381966 0.2865085052206177
vn 0 -0.8407575873564175 0.5414117465502718
vn 0 -0.9992449832053223 -0.038851815131278875
vn -1 0 0
vn -1 0 0
vn -1 0 0
vn 0 -0.15906592260138394 -0.987267963760078
vn 0 -0.26595802961546505 -0.9639846090488474
vn 0 -0.05156036876788037 -0.9986698795760892
vn 1 0 0
vn 1 0 0
vn 1 0 0
vn 0 0.15042785155369104 0.9886209898019265
vn 0 0.2774227282862816 0.9607479533312553
vn 0 -0.22286903797095034 0.9748483943228831
vn -1 0 0
vn -1 0 0
vn -1 0 0
vn 0 -0.14244949452732045 -0.9898020718855417
vn 0 -0.02584301656872273 -0.9996660134738146
vn 0 -0.338644225327861 -0.9409144959304713
vn 1 0 0
vn 1 0 0
vn 1 0 0
vn 0 0.14244949452732045 0.9898020718855417
vn 0 0.02584301656872273 0.9996660134738146
vn 0 0.3332032972137815 0.942855006205018
vn -0.9954581962205192 0.07770139775096377 0.05500429405907173
vn -0.9914759243186791 0.1048415078309286 0.07735470077609019
vn -0.9995885262581046 0.02334567741919529 0.016666058891937428
vn 0 0.5286152989643262 -0.8488615114969319
vn 0 0.5948684999770029 -0.8038230325980404
vn 0 0.40613937651219223 -0.9138111439713832
vn 0.9956630606608441 0.07591169033591189 0.053781826910445044
vn 0.991379146237988 0.10544790976487821 0.07776970316682555
vn 0.9995885232847154 0.023345643315175694 0.01666628499944729
vn 0 -0.5284761524904961 0.8489481469729714
vn 0 -0.5947208832625516 0.8039322552375981
vn 0 -0.4060732805788844 0.9138405171581652
vn -1 0 0
vn -1 0 0
vn -1 0 0
vn 1 0 0
vn 1 0 0
vn 1 0 0
vn 0 -0.47034018937640687 0.8824851875569163
vn 0 -0.22286903797095034 0.9748483943228831
vn 0 -0.8407575873564175 0.5414117465502718
vn -1 0 0
vn -1 0 0
vn -1 0 0
vn 0 -0.3939557476485679 -0.9191294081328582
vn 0 -0.3939557476485679 -0.9191294081328582
vn 0 -0.26595802961546505 -0.9639846090488474
vn 1 0 0
vn 1 0 0
vn 1 0 0
vn 0 0.40319613758629336 0.9151135856468828
vn 0 0.4031961758591606 0.9151135687839781
vn 0 0.2774227282862816 0.9607479533312553
vn -1 0 0
vn -1 0 0
vn -1 0 0
vn 0 0.17577601499178228 -0.9844301867342392
vn 0 0.17577601499178228 -0.9844301867342392
vn 0 -0.02584301656872273 -0.9996660134738146
vn 1 0 0
vn 1 0 0
vn 1 0 0
vn 0 -0.17577601499178228 0.9844301867342392
vn 0 -0.1757760294077978 0.9844301841601715
vn 0 0.02584301656872273 0.9996660134738146
vn -0.9813002571021138 0.1477801400127625 0.12333221650945066
vn -0.9816993805228601 0.15174092552941953 0.11506962153630274
vn -0.9914759243186791 0.1048415078309286 0.07735470077609019
vn 0 0.6871330839359354 -0.7265315718953242
vn 0 0.7018384086741163 -0.7123361903692554
vn 0 0.5948684999770029 -0.8038230325980404
vn 0.9812867821020677 0.14815477187662124 0.12298949077850461
vn 0.980215896418422 0.15793615578845088 0.1193019995783617
vn 0.991379146237988 0.10544790976487821 0.07776970316682555
vn 0 -0.6870347927358759 0.7266245203475948
vn 0 -0.7017661867881463 0.7124073406983008
vn 0 -0.5947208832625516 0.8039322552375981
vn 0 0.9980933915894018 0.06172180867055921
vn 0 0.9989537536510309 -0.045731805852335
vn 0 0.9618541928913976 0.2735626283271131
vn -1 0 0
vn -1 0 0
vn -0.9972527947019063 -0.01871134927489134 0.07167111599208098
vn 0 -0.9942355343922655 -0.1072180122541266
vn 0 -0.9992449832053223 -0.038851815131278875
vn 0 -0.9998266515464415 -0.018618991847870907
vn 1 0 0
vn 1 0 0
vn 0.996879809094338 -0.016538197892551534 0.07718247359668615
vn -0.07367518408029582 0.3576520072450593 -0.9309441492185848
vn -0.17668214660777923 0.3459078109846041 -0.9214831552285188
vn -0.14698718367418206 0.3619041102461933 -0.9205542802151557
vn 0.08191791806988911 0.9330651239713851 0.3502555197671536
vn -0.027037106605112174 0.9358693706353501 0.3513082919218072
vn -0.02703735973290555 0.9358693884458028 0.3513082249944522
vn -0.07807128800240368 -0.3394412327753148 0.9373817383977674
vn -0.1335213631075079 -0.34828990318623615 0.9278287497876079
vn -0.15569572562055714 -0.3253196251579774 0.9326982269258162
vn -0.33394441302948397 -0.8824662974323567 -0.33126177398308543
vn -0.47725846831511193 -0.8227081478108429 -0.3088294965626915
vn -0.47725814038699216 -0.8227082635073094 -0.30882969512522157
vn -9.63685236818783e-9 0.3514366787036556 -0.936211653880544
vn 1.5637770454071103e-8 0.35143667194635836 -0.9362116564171091
vn -1.9656275162188247e-8 0.3514366728182677 -0.9362116560898105
vn 0.7618830988306179 -0.606397920595624 -0.22763063417202484
vn 0.7220491656053771 -0.6477103178105901 -0.24313853386553702
vn 0.7220491073254894 -0.647710369933272 -0.2431385680869404
vn 9.4233378251767e-9 -0.35143667826770086 0.9362116540441933
vn 1.4821730758029238e-8 -0.3514366375059405 0.9362116693454093
vn 2.2778890270527477e-8 -0.35143667456208627 0.9362116554352127
vn -0.7656119439282921 0.6022674846306855 0.2260801368341956
vn -0.7150419345146384 0.6544883157890558 0.24568287767194663
vn -0.7150419053819905 0.6544883442588383 0.2456828866181297
vn -9.584972977085475e-10 0.3514366638811973 -0.9362116594446227
vn -2.5799910198772564e-8 0.35143665930367335 -0.9362116611629409
vn -1.929497483189827e-8 0.3514366569059228 -0.9362116620630127
vn 0.9979782489772834 -0.05950223382498788 -0.022336041235452936
vn 0.9834091852608021 -0.16982986656261687 -0.06375100601566541
vn 0.9834091852600475 -0.16982986697556995 -0.06375100492721637
vn 1.7120379847235761e-9 -0.35143666453512934 0.9362116591991487
vn 2.7233977309910923e-8 -0.3514366562519907 0.9362116623084864
vn 1.9862403612122506e-8 -0.3514366573418774 0.9362116618993631
vn -0.997978250868206 0.059502205093614695 0.022336033287788572
vn -0.9834091852635563 0.1698298650553379 0.0637510099885044
vn -0.9834091879209499 0.16982985203712672 0.06375100367606573
vn -0.007398448561848717 0.3772377906537645 -0.9260868815945642
vn -9.584972977085475e-10 0.3514366638811973 -0.9362116594446227
vn -1.9722666054858862e-9 0.35143665668794544 -0.9362116621448373
vn 0.9982528987915866 0.055316966247666556 0.02076495363223396
vn 0.9979782489772834 -0.05950223382498788 -0.022336041235452936
vn 0.9994949457603248 -0.029751113777352532 -0.011168018112985414
vn -0.0073986712274838875 -0.32534622833061233 0.9455660164024047
vn 1.7120379847235761e-9 -0.35143666453512934 0.9362116591991487
vn 1.6056756195357735e-9 -0.35143665930367346 0.9362116611629411
vn -0.9982571954109408 -0.05524896498049846 -0.02073942330119091
vn -0.997978250868206 0.059502205093614695 0.022336033287788572
vn -0.9994949461156046 0.02975110237886813 0.011168016681884444
vn -0.08158354580433921 0.5326251352778221 -0.84240998944948
vn -0.05440215247447949 0.515865098225456 -0.8549407033467199
vn -0.06352955747440744 0.5149717201867943 -0.8548497661782216
vn 0.8869395446135399 0.4324227605792114 0.16232313554691108
vn 0.9135492823315753 0.3807836688959828 0.14293881996706936
vn 0.9216711088677629 0.3632241049806563 0.13634741156131033
vn -0.08067842649087145 -0.1528400421740675 0.9849522389472427
vn -0.056187293735401815 -0.16680154145883372 0.9843882535817097
vn -0.06307703976803763 -0.17453778518805688 0.9826280316557987
vn -0.8869395941063739 -0.43242263624578714 -0.1623231963357805
vn -0.913590562104569 -0.38069682301994695 -0.14290631118315636
vn -0.9217237797055655 -0.36310692314258136 -0.1363034713102108
vn 2.2946514410445555e-8 0.3514366778317462 -0.9362116542078426
vn -1.4287464785589404e-8 0.3514366612654694 -0.9362116604265189
vn 1.1103514740564925e-8 0.35143668873061257 -0.9362116501166081
vn 0.4891690730079833 0.8165535027947513 0.306519159411174
vn 0.4891690475739863 0.8165535169735016 0.30651916222932035
vn 0.3938836047235957 0.8605286241671287 0.32302661332926597
vn -3.147454261071592e-8 -0.3514366327104391 0.9362116711455519
vn -2.5215952419400807e-8 -0.35143667456208627 0.9362116554352127
vn -1.3437663654336176e-8 -0.35143668873061257 0.9362116501166081
vn -0.6049360786192872 -0.7454810453128171 -0.27983986825330864
vn -0.8023489572421991 -0.5587828202282533 -0.2097567892348547
vn -0.31479764480020267 -0.8886135523984189 -0.33356917921490903
vn -6.798140476337382e-8 0.3514366617014233 -0.9362116602628675
vn -6.747535621609549e-8 0.3514366527643528 -0.9362116636176795
vn -1.4287464785589404e-8 0.3514366612654694 -0.9362116604265189
vn 0.8683899119157135 -0.46425051814777196 -0.17427110283275468
vn 0.8090260038786697 -0.5502798035944428 -0.2065649118417064
vn 0.9168458802955161 -0.37377438325805884 -0.140308026161008
vn 7.654704555156383e-9 -0.3514366704205172 0.9362116569898822
vn 3.4460282327122995e-8 -0.35143671423395934 0.9362116405431183
vn -1.8555088443591007e-8 -0.3514366366340312 0.936211669672708
vn -0.8726927996240972 0.45712376961094753 0.17159585292463472
vn -0.8019668449208874 0.5592634026389184 0.20993719564759517
vn -0.9909888429334477 0.12540034845187265 0.04707298364854081
vn -1.4010368214167527e-8 0.35143668262724737 -0.9362116524076994
vn -2.378373094161619e-8 0.3514366634452426 -0.9362116596082719
vn -9.63685236818783e-9 0.3514366787036556 -0.936211653880544
vn 0.8766022976900539 -0.4505196204414921 -0.16911677409935486
vn 0.9268168875977569 -0.3515602070918517 -0.1319692299482761
vn 0.7618830988306179 -0.606397920595624 -0.22763063417202484
vn 1.3996243512519812e-8 -0.35143668262724737 0.9362116524076994
vn 2.3698988060806813e-8 -0.3514366634452426 0.9362116596082719
vn 9.4233378251767e-9 -0.35143667826770086 0.9362116540441933
vn -0.8766022851272272 0.450519639823906 0.16911678758379262
vn -0.9268168772363998 0.3515602280091149 0.13196924699318172
vn -0.7656119439282921 0.6022674846306855 0.2260801368341956
vn -0.024188639461091493 0.4360425114956318 -0.8996009325748852
vn -0.0355753294144595 0.46578483014722744 -0.8841826100652349
vn -0.007398448561848717 0.3772377906537645 -0.9260868815945642
vn 0.9804887643167793 0.18403593923471973 0.06908368923667589
vn 0.9616070965003457 0.256924543354842 0.09644465242863831
vn 0.9982528987915866 0.055316966247666556 0.02076495363223396
vn -0.02367311848067664 -0.2656813051090356 0.963770215132715
vn -0.03575072387191062 -0.23039518898339847 0.972440200030798
vn -0.0073986712274838875 -0.32534622833061233 0.9455660164024047
vn -0.9805211549203989 -0.18388462647936588 -0.0690268708410799
vn -0.961657642437388 -0.2567586672209516 -0.09638239231667631
vn -0.9982571954109408 -0.05524896498049846 -0.02073942330119091
vn 2.2946514410445555e-8 0.3514366778317462 -0.9362116542078426
vn 4.0097685852958944e-8 0.35143669309015885 -0.9362116484801136
vn -1.4287464785589404e-8 0.3514366612654694 -0.9362116604265189
vn -3.147454261071592e-8 -0.3514366327104391 0.9362116711455519
vn -1.8555088443591007e-8 -0.3514366366340312 0.936211669672708
vn -2.5215952419400807e-8 -0.35143667456208627 0.9362116554352127
vn -0.9914876869861682 -0.12189521444717541 -0.04575722073832231
vn -0.9909888429334477 0.12540034845187265 0.04707298364854081
vn -0.8023489572421991 -0.5587828202282533 -0.2097567892348547
vn -1.9656275162188247e-8 0.3514366728182677 -0.9362116560898105
vn 1.5637770454071103e-8 0.35143667194635836 -0.9362116564171091
vn -6.747535621609549e-8 0.3514366527643528 -0.9362116636176795
vn 0.7220491073254894 -0.647710369933272 -0.2431385680869404
vn 0.7220491656053771 -0.6477103178105901 -0.24313853386553702
vn 0.8090260038786697 -0.5502798035944428 -0.2065649118417064
vn 2.2778890270527477e-8 -0.35143667456208627 0.9362116554352127
vn 1.4821730758029238e-8 -0.3514366375059405 0.9362116693454093
vn 3.4460282327122995e-8 -0.35143671423395934 0.9362116405431183
vn -0.7150419053819905 0.6544883442588383 0.2456828866181297
vn -0.7150419345146384 0.6544883157890558 0.24568287767194663
vn -0.8019668449208874 0.5592634026389184 0.20993719564759517
vn -1.929497483189827e-8 0.3514366569059228 -0.9362116620630127
vn -2.5799910198772564e-8 0.35143665930367335 -0.9362116611629409
vn -2.378373094161619e-8 0.3514366634452426 -0.9362116596082719
vn 0.9834091852600475 -0.16982986697556995 -0.06375100492721637
vn 0.9834091852608021 -0.16982986656261687 -0.06375100601566541
vn 0.9268168875977569 -0.3515602070918517 -0.1319692299482761
vn 1.9862403612122506e-8 -0.3514366573418774 0.9362116618993631
vn 2.7233977309910923e-8 -0.3514366562519907 0.9362116623084864
vn 2.3698988060806813e-8 -0.3514366634452426 0.9362116596082719
vn -0.9834091879209499 0.16982985203712672 0.06375100367606573
vn -0.9834091852635563 0.1698298650553379 0.0637510099885044
vn -0.9268168772363998 0.3515602280091149 0.13196924699318172
vn -0.06352955747440744 0.5149717201867943 -0.8548497661782216
vn -0.05440215247447949 0.515865098225456 -0.8549407033467199
vn -0.0355753294144595 0.46578483014722744 -0.8841826100652349
vn 0.9216711088677629 0.3632241049806563 0.13634741156131033
vn 0.9135492823315753 0.3807836688959828 0.14293881996706936
vn 0.9616070965003457 0.256924543354842 0.09644465242863831
vn -0.06307703976803763 -0.17453778518805688 0.9826280316557987
vn -0.056187293735401815 -0.16680154145883372 0.9843882535817097
vn -0.03575072387191062 -0.23039518898339847 0.972440200030798
vn -0.9217237797055655 -0.36310692314258136 -0.1363034713102108
vn -0.913590562104569 -0.38069682301994695 -0.14290631118315636
vn -0.961657642437388 -0.2567586672209516 -0.09638239231667631
vn 0.292981895774195 0.8951288182720609 0.33601489170485044
vn 0.3938836047235957 0.8605286241671287 0.32302661332926597
vn 0.08191791806988911 0.9330651239713851 0.3502555197671536
vn 7.845129123762717e-9 0.3514366830632021 -0.9362116522440503
vn 1.1103514740564925e-8 0.35143668873061257 -0.9362116501166081
vn -0.07367518408029582 0.3576520072450593 -0.9309441492185848
vn -0.24903204579150148 -0.9067165132191942 -0.3403648113782124
vn -0.31479764480020267 -0.8886135523984189 -0.33356917921490903
vn -0.33394441302948397 -0.8824662974323567 -0.33126177398308543
vn -1.1215193408498556e-8 -0.3514366824092702 0.9362116524895242
vn -1.3437663654336176e-8 -0.35143668873061257 0.9362116501166081
vn -0.07807128800240368 -0.3394412327753148 0.9373817383977674
vn 5.0179214502563426e-8 -0.9362116917653684 -0.35143657778015097
vn -8.093545525485655e-9 -0.9362116647632271 -0.35143664971267097
vn 9.435966833198596e-9 -0.9362116657451234 -0.351436647096943
vn 0.9471732975986998 0.11271354065950502 -0.30026388738575127
vn 0.9978091022909099 -0.023250647018855916 0.061938701944849295
vn 0.9978091022917827 0.02325065042012654 -0.06193870065401774
vn -4.597060230885184e-8 0.9362116889833301 0.35143658519138044
vn 9.278701518664694e-9 0.936211665826948 0.3514366468789657
vn -8.541272721661355e-9 0.9362116648450518 0.3514366494946936
vn -0.9471732795111644 -0.11271357576528276 0.3002639312642619
vn -0.9978090988481559 0.02325066590734178 -0.061938750315904866
vn -0.9978090988502711 -0.023250674152021734 0.061938747186929155
vn 1.4592542520739572e-8 -0.9362117322685729 -0.35143646988136823
vn 5.0179214502563426e-8 -0.9362116917653684 -0.35143657778015097
vn 6.370410791189349e-8 -0.9362117215495426 -0.35143649843639946
vn 0.7523389468965752 0.23151815231924922 -0.6167539656372166
vn 0.9471732975986998 0.11271354065950502 -0.30026388738575127
vn 0.8965375004369575 0.15567515009344887 -0.41471165639952146
vn -2.323850305169379e-8 0.9362117339868902 0.3514364653038439
vn -4.597060230885184e-8 0.9362116889833301 0.35143658519138044
vn -6.5670648652848e-8 0.9362117200766991 0.35143650235999163
vn -0.7523389468047533 -0.2315181046190682 0.6167539836549973
vn -0.9471732795111644 -0.11271357576528276 0.3002639312642619
vn -0.8965374885846237 -0.1556751477263396 0.41471168291086064
vn -7.373128008299236e-8 -0.9362116863649391 -0.35143659216665457
vn 1.4592542520739572e-8 -0.9362117322685729 -0.35143646988136823
vn -4.470810639246295e-8 -0.9362117103395666 -0.35143652829929556
vn 0.4429678593039116 0.31507628134541904 -0.839348802678155
vn 0.7523389468965752 0.23151815231924922 -0.6167539656372166
vn 0.6587761805592508 0.26439959018500936 -0.7043484937428095
vn 3.4171695371136044e-8 0.9362116941382844 0.3514365714588085
vn -2.323850305169379e-8 0.9362117339868902 0.3514364653038439
vn 4.108896756524804e-8 0.9362117141853254 0.3514365180543606
vn -0.4429677635224251 -0.3150761379663793 0.8393489070488696
vn -0.7523389468047533 -0.2315181046190682 0.6167539836549973
vn -0.6587761803382927 -0.2643994753789542 0.7043485370455617
vn -1.6432948027845746e-7 -0.9362119642412116 -0.351435851915517
vn -7.373128008299236e-8 -0.9362116863649391 -0.35143659216665457
vn -2.78407985339613e-7 -0.9362118223574353 -0.3514362298882872
vn 0.06615879561059727 0.35066674932448577 -0.9341605026340781
vn 0.4429678593039116 0.31507628134541904 -0.839348802678155
vn 0.3207221533804296 0.33287153462299607 -0.886754668309534
vn 1.9451772088687262e-8 0.9362116009399591 0.3514368197349818
vn 3.4171695371136044e-8 0.9362116941382844 0.3514365714588085
vn -8.535967633799355e-9 0.93621164299786 0.35143670769463986
vn -0.06615881784607737 -0.3506666768738432 0.9341605282559658
vn -0.4429677635224251 -0.3150761379663793 0.8393489070488696
vn -0.32072212649203435 -0.3328714092160965 0.8867547251100033
vn 2.750061341033265e-7 -0.9362118010830422 -0.3514362865624017
vn -1.6432948027845746e-7 -0.9362119642412116 -0.351435851915517
vn 4.169066927539683e-9 -0.9362119441942213 -0.35143590531998364
vn -0.3207221533932786 0.3328715455203325 -0.8867546642142253
vn 0.06615879561059727 0.35066674932448577 -0.9341605026340781
vn -0.06615886979118729 0.3506667510835896 -0.9341604967201476
vn 1.987620946265425e-8 0.9362116378429036 0.3514367214272111
vn 1.9451772088687262e-8 0.9362116009399591 0.3514368197349818
vn 3.00886183470949e-8 0.9362115945576305 0.35143683673721227
vn 0.3207221264935763 -0.33287141052377694 0.8867547246185664
vn -0.06615881784607737 -0.3506666768738432 0.9341605282559658
vn 0.06615881784602153 -0.35066667665586715 0.9341605283377941
vn 4.015935738371291e-8 -0.9362117136125527 -0.35143651958020194
vn 2.750061341033265e-7 -0.9362118010830422 -0.3514362865624017
vn 2.131007086584501e-7 -0.9362116672997711 -0.3514366429553658
vn -0.6587761805797947 0.2643996008595759 -0.7043484897165568
vn -0.3207221533932786 0.3328715455203325 -0.8867546642142253
vn -0.4429677637921992 0.31507631295531846 -0.8393488412188467
vn -4.578949205755337e-8 0.9362117109123391 0.3514365267734541
vn 1.987620946265425e-8 0.9362116378429036 0.3514367214272111
vn -7.48230432248802e-8 0.9362116871013612 0.35143659020485857
vn 0.6587761803500326 -0.2643994814787068 0.7043485347448465
vn 0.3207221264935763 -0.33287141052377694 0.8867547246185664
vn 0.44296773956759156 -0.31507614190792776 0.839348918211487
vn -6.530674418481977e-8 -0.9362117200766991 -0.35143650235999163
vn 4.015935738371291e-8 -0.9362117136125527 -0.35143651958020194
vn -2.3597554512746267e-8 -0.9362117338232409 -0.3514364657397986
vn -0.8965374886044454 0.15567516057290276 -0.41471167804564496
vn -0.6587761805797947 0.2643996008595759 -0.7043484897165568
vn -0.7523389469091535 0.23151815885352053 -0.6167539631690274
vn 6.366023189714086e-8 0.936211721713192 0.35143649800044474
vn -4.578949205755337e-8 0.9362117109123391 0.3514365267734541
vn 1.4292937730438959e-8 0.9362117325958714 0.3514364690094588
vn 0.896537488600078 -0.15567515774230414 0.4147116791176417
vn 0.6587761803500326 -0.2643994814787068 0.7043485347448465
vn 0.7523389468248789 -0.23151811507390244 0.6167539797058947
vn -8.093545525485655e-9 -0.9362116647632271 -0.35143664971267097
vn -6.530674418481977e-8 -0.9362117200766991 -0.35143650235999163
vn -4.536562134461241e-8 -0.9362116889833301 -0.35143658519138044
vn -0.9978091022921631 0.023250651903080528 -0.06193870009121517
vn -0.8965374886044454 0.15567516057290276 -0.41471167804564496
vn -0.9471732976048676 0.11271354588455947 -0.300263885404906
vn 9.553916929308097e-9 0.936211665826948 0.3514366468789657
vn 6.366023189714086e-8 0.936211721713192 0.35143649800044474
vn 5.060713531944904e-8 0.936211691929018 0.3514365773441963
vn 0.9978090988490634 -0.023250669444663214 0.06193874897344004
vn 0.896537488600078 -0.15567515774230414 0.4147116791176417
vn 0.9471732704603286 -0.11271358733112963 0.30026395547323464
vn -1.5051313342181737e-8 -0.9362116363700592 -0.351436725350803
vn -8.093545525485655e-9 -0.9362116647632271 -0.35143664971267097
vn 9.435966833198596e-9 -0.9362116657451234 -0.351436647096943
vn -0.9471733066577572 -0.11271353606039641 0.3002638605356492
vn -0.9978091022921631 0.023250651903080528 -0.06193870009121517
vn -0.9978091022917722 -0.023250650379311295 0.06193870066950772
vn 2.894734812826469e-8 0.9362116258146722 0.35143675346987735
vn 9.553916929308097e-9 0.936211665826948 0.3514366468789657
vn -8.265748224926901e-9 0.9362116647632271 0.35143664971267097
vn 0.9471732794925328 0.11271355998126444 -0.3002639372480652
vn 0.9978090988490634 -0.023250669444663214 0.06193874897344004
vn 0.9978090993406966 0.023250666009690068 -0.06193874234284651
vn 8.13891192098529e-7 -0.9362114577463075 -0.3514372011951371
vn -1.5051313342181737e-8 -0.9362116363700592 -0.351436725350803
vn 4.4448032893919907e-7 -0.9362115615003449 -0.3514369248000106
vn -0.7523389468001412 -0.23151810222316865 0.61675398456
vn -0.9471733066577572 -0.11271353606039641 0.3002638605356492
vn -0.8965375004149517 -0.15567513583158613 0.41471166180073543
vn 1.713953595198316e-7 0.9362116281875752 0.35143674714853
vn 2.894734812826469e-8 0.9362116258146722 0.35143675346987735
vn 1.2951398045306475e-7 0.9362116144410301 0.35143678376872184
vn 0.7523389468043341 0.23151810440125914 -0.6167539837372703
vn 0.9471732794925328 0.11271355998126444 -0.3002639372480652
vn 0.8965374885765605 0.155675142500619 -0.4147116848899314
vn 3.447911244492448e-7 -0.9362115719739489 -0.35143689689892915
vn 8.13891192098529e-7 -0.9362114577463075 -0.3514372011951371
vn 8.198209836952978e-7 -0.9362114912944715 -0.3514371118244484
vn -0.4429678590684048 -0.31507612858421324 0.8393488601462077
vn -0.7523389468001412 -0.23151810222316865 0.61675398456
vn -0.658776277384252 -0.2643994612244831 0.7043484515919305
vn 3.365523026998185e-8 0.9362116933200378 0.3514365736385819
vn 1.713953595198316e-7 0.9362116281875752 0.35143674714853
vn 1.6070152056108308e-7 0.9362116712273648 0.3514366324924574
vn 0.44296785905530206 0.3150761200853728 -0.8393488633434311
vn 0.7523389468043341 0.23151810440125914 -0.6167539837372703
vn 0.6587761803567411 0.2643994849642797 -0.7043485334301521
vn -1.6469062073317208e-7 -0.9362119648958077 -0.35143585017169787
vn 3.447911244492448e-7 -0.9362115719739489 -0.35143689689892915
vn -2.7895859912405804e-7 -0.9362118226029088 -0.3514362292343551
vn -0.06615879559289431 -0.35066668022608505 0.9341605285736035
vn -0.4429678590684048 -0.31507612858421324 0.8393488601462077
vn -0.32072212650436976 -0.33287141967754 0.8867547211785083
vn 1.8918468899927893e-8 0.9362116011854333 0.35143681908104984
vn 3.365523026998185e-8 0.9362116933200378 0.3514365736385819
vn -8.897752908387139e-9 0.9362116428342104 0.35143670813059447
vn 0.06615892169776334 0.35066667488987674 -0.9341605216457537
vn 0.44296785905530206 0.3150761200853728 -0.8393488633434311
vn 0.32072230501871063 0.3328713873327291 -0.8867546687549321
vn 1.1802305445350514e-7 -0.9362118242394302 -0.3514362248748189
vn -1.6469062073317208e-7 -0.9362119648958077 -0.35143585017169787
vn 4.13225148742047e-9 -0.9362119446851682 -0.35143590401211927
vn 0.32072212649049237 -0.332871407908416 0.8867547256014402
vn -0.06615879559289431 -0.35066668022608505 0.9341605285736035
vn 0.06615879559250339 -0.35066667870025287 0.9341605291464006
vn 2.0279817283387725e-8 0.9362116378429036 0.3514367214272111
vn 1.8918468899927893e-8 0.9362116011854333 0.35143681908104984
vn 2.989986621859245e-8 0.936211595048579 0.3514368354293484
vn -0.32072230502076654 0.332871389076303 -0.886754668099683
vn 0.06615892169776334 0.35066667488987674 -0.9341605216457537
vn -0.06615892169765164 0.35066667445392463 -0.9341605218094099
vn -7.407815161463758e-7 -0.9362114327079661 -0.3514372678962044
vn 1.1802305445350514e-7 -0.9362118242394302 -0.3514362248748189
vn -2.4205187272424603e-7 -0.9362115332708693 -0.3514370000022042
vn 0.6587762773624493 -0.26439944989637165 0.7043484558646872
vn 0.32072212649049237 -0.332871407908416 0.8867547256014402
vn 0.44296785905093455 -0.31507611725242596 0.8393488644091722
vn -1.824537494056008e-7 0.9362116619811723 0.3514366571238943
vn 2.0279817283387725e-8 0.9362116378429036 0.3514367214272111
vn -7.386904011088635e-8 0.9362116863649391 0.35143659216665457
vn -0.6587761803483555 0.2643994806073136 -0.7043485350735202
vn -0.32072230502076654 0.332871389076303 -0.886754668099683
vn -0.44296785905530206 0.3150761200853728 -0.8393488633434311
vn -3.9077060148898943e-7 -0.9362115728740052 -0.3514368945011729
vn -7.407815161463758e-7 -0.9362114327079661 -0.3514372678962044
vn -6.470414302250853e-7 -0.9362114299259828 -0.35143727530745467
vn 0.8965375004085685 -0.1556751316945573 0.4147116633674998
vn 0.6587762773624493 -0.26439944989637165 0.7043484558646872
vn 0.7523389467946906 -0.23151809939165105 0.6167539856295485
vn -1.393260215755433e-7 0.9362116179594914 0.3514367743956967
vn -1.824537494056008e-7 0.9362116619811723 0.3514366571238943
vn -1.8841805950588271e-7 0.936211628596696 0.3514367460586424
vn -0.8965374885599301 0.15567513172257022 -0.41471168897176475
vn -0.6587761803483555 0.2643994806073136 -0.7043485350735202
vn -0.7523389467808543 0.2315180922039525 -0.6167539883445565
vn -8.093545525485655e-9 -0.9362116647632271 -0.35143664971267097
vn -3.9077060148898943e-7 -0.9362115728740052 -0.3514368945011729
vn -4.536562134461241e-8 -0.9362116889833301 -0.35143658519138044
vn 0.9978091022909099 -0.023250647018855916 0.061938701944849295
vn 0.8965375004085685 -0.1556751316945573 0.4147116633674998
vn 0.9471733066523605 -0.11271353148847374 0.30026386226888885
vn 9.278701518664694e-9 0.936211665826948 0.3514366468789657
vn -1.393260215755433e-7 0.9362116179594914 0.3514367743956967
vn -1.5243021328243468e-8 0.9362116366155334 0.35143672469687104
vn -0.9978090988481559 0.02325066590734178 -0.061938750315904866
vn -0.8965374885599301 0.15567513172257022 -0.41471168897176475
vn -0.9471732794832812 0.11271355214368291 -0.3002639402193331
vn 0.0000010313967962348685 -0.9362115581451248 -0.35143693373692786
vn 5.17952523531156e-7 -0.9362116331787704 -0.35143673385187146
vn 6.098779968442374e-7 -0.9362116238507054 -0.3514367587012678
vn 0.9471733066518465 0.11271353105305251 -0.3002638624339593
vn 0.9978091022909729 -0.0232506472637474 0.06193870185190943
vn 0.9978091022917197 0.02325065017523505 -0.0619387007469576
vn -8.685709806582514e-7 0.9362114894942876 0.35143711661993426
vn -5.912813304697548e-7 0.9362117078028395 0.35143653505653194
vn -5.342428809687696e-7 0.9362116963474173 0.3514365655733705
vn -0.9471732794922758 -0.11271355976355382 0.3002639373306004
vn -0.9978090988482085 0.02325066611141802 -0.061938750238454986
vn -0.9978090998324834 -0.023250663173340548 0.06193873548506662
vn 1.2015232412428757e-7 -0.9362114755844185 -0.3514371536762031
vn 0.0000010313967962348685 -0.9362115581451248 -0.35143693373692786
vn 7.697058920191665e-7 -0.9362114912945088 -0.35143711182446236
vn 0.7523389468001412 0.23151810222316865 -0.61675398456
vn 0.9471733066518465 0.11271353105305251 -0.3002638624339593
vn 0.8965375004072246 0.15567513082360382 -0.41471166369734497
vn -3.377537671815376e-7 0.9362115087234119 0.35143706539538333
vn -8.685709806582514e-7 0.9362114894942876 0.35143711661993426
vn -7.680043417343371e-7 0.9362114097969935 0.3514373289298338
vn -0.7523389467846276 -0.2315180941642339 0.6167539876040997
vn -0.9471732794922758 -0.11271355976355382 0.3002639373306004
vn -0.8965374885599301 -0.15567513172257022 0.41471168897176475
vn 6.659295894295517e-7 -0.936211393841217 -0.35143737143542697
vn 1.2015232412428757e-7 -0.9362114755844185 -0.3514371536762031
vn 1.5785055335808976e-7 -0.93621148319412 -0.3514371334043137
vn 0.44296785905563807 0.31507612030329174 -0.839348863261451
vn 0.7523389468001412 0.23151810222316865 -0.61675398456
vn 0.6587761803512904 0.2643994821322517 -0.7043485344983413
vn -5.066081697696077e-7 0.9362113998963432 0.3514373553051419
vn -3.377537671815376e-7 0.9362115087234119 0.35143706539538333
vn -2.749210401810161e-7 0.9362115628914227 0.35143692109441776
vn -0.4429678830114763 -0.31507611701549937 0.8393488518528908
vn -0.7523389467846276 -0.2315180941642339 0.6167539876040997
vn -0.658776180337454 -0.2643994749432576 0.7043485372098984
vn 1.2166160224292802e-7 -0.9362114322990921 -0.3514372689861847
vn 6.659295894295517e-7 -0.936211393841217 -0.35143737143542697
vn 7.601765485675041e-7 -0.9362113449098842 -0.3514375017858057
vn 0.06615889202566182 0.3506666747093783 -0.9341605238149404
vn 0.44296785905563807 0.31507612030329174 -0.839348863261451
vn 0.320722251543367 0.33287139217045014 -0.8867546862799539
vn -2.558471741874776e-7 0.9362114156886272 0.3514373132355623
vn -5.066081697696077e-7 0.9362113998963432 0.3514373553051419
vn -5.819138783980092e-7 0.9362113006427277 0.3514376197115404
vn -0.06615892169787503 -0.3506666753258288 0.9341605214820974
vn -0.4429678830114763 -0.31507611701549937 0.8393488518528908
vn -0.32072230502025256 -0.3328713886404095 0.8867546682634952
vn -5.819138783975169e-7 -0.9362113007245526 -0.35143761949356317
vn 1.2166160224292802e-7 -0.9362114322990921 -0.3514372689861847
vn -2.558471741874776e-7 -0.9362114156886272 -0.3514373132355623
vn -0.32072225155210465 0.3328713995806395 -0.8867546834951451
vn 0.06615889202566182 0.3506666747093783 -0.9341605238149404
vn -0.06615887719056036 0.3506666783247215 -0.934160523508455
vn 7.602207159048472e-7 0.936211344909884 0.35143750178580563
vn -2.558471741874776e-7 0.9362114156886272 0.3514373132355623
vn 1.2162715513043658e-7 0.9362114322990921 0.3514372689861847
vn 0.3207223050217945 -0.3328713899480899 0.8867546677720584
vn -0.06615892169787503 -0.3506666753258288 0.9341605214820974
vn 0.06615892169781919 -0.35066667510785277 0.9341605215639255
vn -2.749210401810161e-7 -0.9362115628914227 -0.35143692109441776
vn -5.819138783975169e-7 -0.9362113007245526 -0.35143761949356317
vn -5.066081697696077e-7 -0.9362113998963432 -0.3514373553051419
vn -0.6587762436451016 0.26439947051718427 -0.7043484796598077
vn -0.32072225155210465 0.3328713995806395 -0.8867546834951451
vn -0.44296788302961854 0.3150761287831245 -0.8393488474259662
vn 1.5779143620150332e-7 0.9362114831122951 0.35143713362229095
vn 7.602207159048472e-7 0.936211344909884 0.35143750178580563
vn 6.658360820036921e-7 0.936211393841217 0.35143737143542697
vn 0.6587761803500326 -0.2643994814787068 0.7043485347448465
vn 0.3207223050217945 -0.3328713899480899 0.8867546677720584
vn 0.4429678830114763 -0.31507611701549937 0.8393488518528908
vn -7.679896761332849e-7 -0.9362114096333438 -0.3514373293657883
vn -2.749210401810161e-7 -0.9362115628914227 -0.35143692109441776
vn -3.377733781616916e-7 -0.9362115086415872 -0.3514370656133607
vn -0.8965375004085685 0.1556751316945573 -0.4147116633674998
vn -0.6587762436451016 0.26439947051718427 -0.7043484796598077
vn -0.7523389468131391 0.23151810897524916 -0.616753982009538
vn 7.696616109950501e-7 0.9362114912945088 0.35143711182446236
vn 1.5779143620150332e-7 0.9362114831122951 0.35143713362229095
vn 1.200489543651495e-7 0.9362114755844185 0.3514371536762031
vn 0.8965374885774003 -0.1556751430449649 0.41471168468377817
vn 0.6587761803500326 -0.2643994814787068 0.7043485347448465
vn 0.7523389468034957 -0.23151810396564107 0.6167539839018163
vn -5.34208490699792e-7 -0.9362116963474173 -0.3514365655733705
vn -7.679896761332849e-7 -0.9362114096333438 -0.3514373293657883
vn -8.685562582124924e-7 -0.9362114894942876 -0.35143711661993426
vn -0.9978091022922224 0.02325065213436693 -0.06193870000343863
vn -0.8965375004085685 0.1556751316945573 -0.4147116633674998
vn -0.9471732976048676 0.11271354588455947 -0.300263885404906
vn 6.097993823945982e-7 0.9362116238507054 0.3514367587012678
vn 7.696616109950501e-7 0.9362114912945088 0.35143711182446236
vn 0.0000010313525720533301 0.9362115582269495 0.35143693351895056
vn 0.997809098848212 -0.023250666125023103 0.06193875023329166
vn 0.8965374885774003 -0.1556751430449649 0.41471168468377817
vn 0.9471732794963876 -0.1127135632469234 0.300263936010037
vn -0.0000010617793750663512 -0.9362117148393957 -0.3514365163103441
vn -5.34208490699792e-7 -0.9362116963474173 -0.3514365655733705
vn -5.913205524299108e-7 -0.9362117077210148 -0.35143653527450924
vn -0.9471733066575002 -0.11271353584268581 0.30026386061818444
vn -0.9978091022922224 0.02325065213436693 -0.06193870000343863
vn -0.9978091022917162 -0.023250650161629968 0.06193870075212093
vn 9.266625657800748e-7 0.9362117621341615 0.3514363903194854
vn 6.097993823945982e-7 0.9362116238507054 0.3514367587012678
vn 5.179869138001562e-7 0.9362116331787704 0.35143673385187146
vn 0.9471732794922758 0.11271355976355382 -0.3002639373306004
vn 0.997809098848212 -0.023250666125023103 0.06193875023329166
vn 0.9978090993406337 0.023250665764798586 -0.06193874243578638
vn -4.962262287434619e-7 -0.936211781772356 -0.3514363380050282
vn -0.0000010617793750663512 -0.9362117148393957 -0.3514365163103441
vn -0.0000010479400483886771 -0.936211744623579 -0.35143643696659604
vn -0.752338891391312 -0.23151812466422403 0.6167540437257403
vn -0.9471733066575002 -0.11271353584268581 0.30026386061818444
vn -0.8965375004149517 -0.15567513583158613 0.41471166180073543
vn 4.053680758385828e-7 0.9362118444500306 0.3514361710343827
vn 9.266625657800748e-7 0.9362117621341615 0.3514363903194854
vn 0.0000010272292612917228 0.9362118190839941 0.35143623860720996
vn 0.7523389468060112 0.23151810527249536 -0.6167539834081784
vn 0.9471732794922758 0.11271355976355382 -0.3002639373306004
vn 0.8965374885770643 0.15567514282722653 -0.41471168476623943
vn 6.651631695952099e-7 -0.9362113942503418 -0.3514373703455408
vn -4.962262287434619e-7 -0.936211781772356 -0.3514363380050282
vn 4.3282089078729603e-7 -0.9362115802382154 -0.35143687488320896
vn -0.44296778719147717 -0.31507613234585796 0.8393488966673285
vn -0.752338891391312 -0.23151812466422403 0.6167540437257403
vn -0.6587761508087947 -0.2643994907722178 0.7043485588861099
vn -5.062148132991207e-7 0.936211400714592 0.35143735312536933
vn 4.053680758385828e-7 0.9362118444500306 0.3514361710343827
vn -2.743899521081849e-7 0.9362115632187218 0.3514369202225086
vn 0.44296783510248655 0.3150761253344359 -0.83934887401417
vn 0.7523389468060112 0.23151810527249536 -0.6167539834081784
vn 0.6587762436379737 0.26439946681376303 -0.7043484810566706
vn -0.001309915207331692 -0.936210629579099 -0.35143696616215114
vn 6.651631695952099e-7 -0.9362113942503418 -0.3514373703455408
vn 7.596951416383485e-7 -0.9362113455644835 -0.3514375000419878
vn -0.06615887719089544 -0.35066667963257764 0.9341605230174861
vn -0.44296778719147717 -0.31507613234585796 0.8393488966673285
vn -0.3207222248122472 -0.33287140014695243 0.8867546929538572
vn -2.5567033430710885e-7 0.9362114160159267 0.3514373123636533
vn -5.062148132991207e-7 0.936211400714592 0.35143735312536933
vn -5.816384151801155e-7 0.936211301379152 0.35143761774974525
vn 0.06615882526427042 0.3506666775728961 -0.9341605274681853
vn 0.44296783510248655 0.3150761253344359 -0.83934887401417
vn 0.320722153229066 0.3328714062523703 -0.8867547165522611
vn -0.0031916167968356448 -0.9333806487602391 -0.3588737634630561
vn -0.001309915207331692 -0.936210629579099 -0.35143696616215114
vn -0.0021111388188629317 -0.9347868474108254 -0.3552028899102842
vn 0.32255887115349274 -0.33826571679734607 0.8840430303326655
vn -0.06615887719089544 -0.35066667963257764 0.9341605230174861
vn 0.06810513727628252 -0.35232918525584433 0.9333947908005121
vn 7.596558059929909e-7 0.9362113454008337 0.3514375004779423
vn -2.5567033430710885e-7 0.9362114160159267 0.3514373123636533
vn 1.2176966158394946e-7 0.9362114325445665 0.35143726833225286
vn -0.32072215323086495 0.3328714077779975 -0.8867547159789182
vn 0.06615882526427042 0.3506666775728961 -0.9341605274681853
vn -0.06615881042827523 0.3506666777006225 -0.9341605284709494
vn -0.001080429795191512 -0.934822431350919 -0.3551138613383235
vn -0.0031916167968356448 -0.9333806487602391 -0.3588737634630561
vn -0.00188148667441422 -0.9333838593067054 -0.35887467338001755
vn 0.6554505585470679 -0.2693296188349679 0.7055821155036085
vn 0.32255887115349274 -0.33826571679734607 0.8840430303326655
vn 0.44070852861766013 -0.3210759015692794 0.8382638356956189
vn 4.3257524194907725e-7 0.9362115800745661 0.3514368753191637
vn 7.596558059929909e-7 0.9362113454008337 0.3514375004779423
vn 6.652320069767998e-7 0.9362113942503418 0.3514373703455408
vn -0.6587762436291686 0.2643994622389485 -0.704348482782207
vn -0.32072215323086495 0.3328714077779975 -0.8867547159789182
vn -0.44296783510248655 0.3150761253344359 -0.83934887401417
vn 0.0000010272538176473057 -0.9362118192476431 -0.35143623817125513
vn -0.001080429795191512 -0.934822431350919 -0.3551138613383235
vn 4.0542696562140296e-7 -0.9362118444500304 -0.3514361710343826
vn 0.8965375004082324 -0.1556751314768189 0.4147116634499611
vn 0.6554505585470679 -0.2693296188349679 0.7055821155036085
vn 0.7495049804454837 -0.23265060492135903 0.6197709095441158
vn -0.0000010483530726767207 0.9362117446235786 0.35143643696659593
vn 4.3257524194907725e-7 0.9362115800745661 0.3514368753191637
vn -4.966096376096587e-7 0.9362117817723558 0.35143633800502816
vn -0.896537488560266 0.15567513194030858 -0.4147116888893035
vn -0.6587762436291686 0.2643994622389485 -0.704348482782207
vn -0.7523389467816929 0.23151809263957063 -0.6167539881800106
vn 5.17952523531156e-7 -0.9362116331787704 -0.35143673385187146
vn 0.0000010272538176473057 -0.9362118192476431 -0.35143623817125513
vn 9.266871221374107e-7 -0.9362117621341615 -0.3514363903194854
vn 0.9978091022909729 -0.0232506472637474 0.06193870185190943
vn 0.8965375004082324 -0.1556751314768189 0.4147116634499611
vn 0.9471732975990854 -0.11271354098607092 0.3002638872619484
vn -5.912813304697548e-7 0.9362117078028395 0.35143653505653194
vn -0.0000010483530726767207 0.9362117446235786 0.35143643696659593
vn -0.0000010618779415553634 0.9362117149212204 0.35143651609236676
vn -0.9978090988482085 0.02325066611141802 -0.061938750238454986
vn -0.896537488560266 0.15567513194030858 -0.4147116888893035
vn -0.9471732794832812 0.11271355214368291 -0.3002639402193331
vn -0.000006337106091847849 -0.9362155808154485 -0.35142621728925355
vn 0 -0.9362140424851892 -0.35143031550158044
vn 8.88178535518313e-16 -0.9362122080779971 -0.35143520234279474
vn 0.947173297603711 0.11271354490486174 -0.3002638857763144
vn 0.9978091027838971 -0.02325064886265475 0.06193869331088511
vn 0.9830418652026714 -0.17090485824316118 -0.06648474026224216
vn -0.1665353654943123 0.4750668605638954 0.8640471341504699
vn -0.6101641643373825 0.4843799991842772 0.6269575017086115
vn -0.42307718319178694 0.2268824678953784 0.8772286149141545
vn -0.000012212384176417284 -0.9362103664565955 -0.35144010811241383
vn -0.000006337106091847849 -0.9362155808154485 -0.35142621728925355
vn 8.88178535518313e-16 -0.9362122080779971 -0.35143520234279474
vn 0.7523388914072449 0.2315181329409679 -0.6167540405993676
vn 0.947173297603711 0.11271354490486174 -0.3002638857763144
vn 0.9073774031719858 -0.038754967564217715 -0.418526344095518
vn 0.025426092018828266 0.4706388709832052 0.8819595041521486
vn -0.1665353654943123 0.4750668605638954 0.8640471341504699
vn -0.16611033862565477 0.15742853056915115 0.9734596104433445
vn 0.000005514350519156603 -0.936213041933016 -0.35143298092825764
vn -0.000012212384176417284 -0.9362103664565955 -0.35144010811241383
vn 8.88178535518313e-16 -0.9362122080779971 -0.35143520234279474
vn 0.44296776354527084 0.3150761527848702 -0.8393489014742237
vn 0.7523388914072449 0.2315181329409679 -0.6167540405993676
vn 0.6935729659588721 0.07315963673874049 -0.7166618508357124
vn 0.1866442564646847 0.5295749581009003 0.8274746432859288
vn 0.025426092018828266 0.4706388709832052 0.8819595041521486
vn 0.02770181275217871 0.17338048691911243 0.9844652438384683
vn 0 -0.9362155552238813 -0.3514262855234929
vn 0.000005514350519156603 -0.936213041933016 -0.35143298092825764
vn 8.88178535518313e-16 -0.9362122080779971 -0.35143520234279474
vn 0.0661589365452624 0.35066671966521135 -0.9341605037863889
vn 0.44296776354527084 0.3150761527848702 -0.8393489014742237
vn 0.37417842087392594 0.14780089251792256 -0.915502815682836
vn 0.4027903480443987 0.3562793551308391 0.8431043569035956
vn 0.1866442564646847 0.5295749581009003 0.8274746432859288
vn 0.14186261443093023 0.18168355144639975 0.9730704423425083
vn -0.000005514350519156603 -0.936213041933016 -0.35143298092825764
vn 0 -0.9362155552238813 -0.3514262855234929
vn 8.88178535518313e-16 -0.9362122080779971 -0.35143520234279474
vn -0.3207222515839711 0.33287142660603564 -0.8867546733387824
vn 0.0661589365452624 0.35066671966521135 -0.9341605037863889
vn -0.0021815809712544204 0.17380535937023753 -0.9847776082744004
vn -0.2599411257946688 0.9578225018628695 0.12250169813416212
vn -0.8138932502335904 0.5802868932406339 -0.029067142228558097
vn -0.6101641643373825 0.4843799991842772 0.6269575017086115
vn 0.000012212384176417284 -0.9362103664565955 -0.35144010811241383
vn -0.000005514350519156603 -0.936213041933016 -0.35143298092825764
vn 8.88178535518313e-16 -0.9362122080779971 -0.35143520234279474
vn -0.6587761508356289 0.26439950471450874 -0.7043485536273325
vn -0.3207222515839711 0.33287142660603564 -0.8867546733387824
vn -0.37820938305639207 0.14721409433186328 -0.9139396440674584
vn 0.057456086608364945 0.9926640216678313 0.1063810988752205
vn -0.2599411257946688 0.9578225018628695 0.12250169813416212
vn -0.1665353654943123 0.4750668605638954 0.8640471341504699
vn 0.000006337106091847849 -0.9362155808154485 -0.35142621728925355
vn 0.000012212384176417284 -0.9362103664565955 -0.35144010811241383
vn 8.88178535518313e-16 -0.9362122080779971 -0.35143520234279474
vn -0.8965374885832798 0.15567514685538617 -0.41471168324070573
vn -0.6587761508356289 0.26439950471450874 -0.7043485536273325
vn -0.696658056331265 0.07207544727500863 -0.7137735512393629
vn 0.43209583403277946 0.8937485777639127 0.12044363809060202
vn 0.057456086608364945 0.9926640216678313 0.1063810988752205
vn 0.025426092018828266 0.4706388709832052 0.8819595041521486
vn 0 -0.9362140424851892 -0.35143031550158044
vn 0.000006337106091847849 -0.9362155808154485 -0.35142621728925355
vn 8.88178535518313e-16 -0.9362122080779971 -0.35143520234279474
vn -0.997809102783719 0.023250648168795535 -0.06193869357421475
vn -0.8965374885832798 0.15567514685538617 -0.41471168324070573
vn -0.9090470919267526 -0.04017159496490644 -0.4147524895856439
vn 0.6599233572981174 0.7392082797683187 0.1344331864323102
vn 0.43209583403277946 0.8937485777639127 0.12044363809060202
vn 0.1866442564646847 0.5295749581009003 0.8274746432859288
vn 4.6523375543000665e-8 -0.9362071667895262 -0.3514486318822796
vn 0 -0.9362140424851892 -0.35143031550158044
vn 8.88178535518313e-16 -0.9362122080779971 -0.35143520234279474
vn -0.9471732976073088 -0.11271354795281018 0.3002638846208214
vn -0.997809102783719 0.023250648168795535 -0.06193869357421475
vn -0.9830418575364384 -0.17243824843708463 -0.06239997441713565
vn -0.5286988842416963 0.8053241774614887 -0.26819854398852017
vn -0.8137132300613048 0.46602007867467055 -0.3474133927977616
vn -0.8138932502335904 0.5802868932406339 -0.029067142228558097
vn 0.000012350026052813105 -0.9362115137252046 -0.3514370518540101
vn 4.6523375543000665e-8 -0.9362071667895262 -0.3514486318822796
vn 8.88178535518313e-16 -0.9362122080779971 -0.35143520234279474
vn -0.7523389468244598 -0.23151811485609344 0.6167539797881679
vn -0.9471732976073088 -0.11271354795281018 0.3002638846208214
vn -0.9073774062176838 -0.30458821305042466 0.2896416115761298
vn 0.048518831313764665 0.9520925778133108 -0.30193649378760296
vn -0.5286988842416963 0.8053241774614887 -0.26819854398852017
vn -0.2599411257946688 0.9578225018628695 0.12250169813416212
vn 0.000005514350519156603 -0.936213041933016 -0.35143298092825764
vn 0.000012350026052813105 -0.9362115137252046 -0.3514370518540101
vn 8.88178535518313e-16 -0.9362122080779971 -0.35143520234279474
vn -0.4429678590798277 -0.31507613599345885 0.8393488573588848
vn -0.7523389468244598 -0.23151811485609344 0.6167539797881679
vn -0.6935729852098605 -0.4165027955013562 0.587777113816656
vn 0.41450203150535275 0.8893091392099999 -0.19317691579354013
vn 0.048518831313764665 0.9520925778133108 -0.30193649378760296
vn 0.057456086608364945 0.9926640216678313 0.1063810988752205
vn 0 -0.936210262689822 -0.3514403847514604
vn 0.000005514350519156603 -0.936213041933016 -0.35143298092825764
vn 8.88178535518313e-16 -0.9362122080779971 -0.35143520234279474
vn -0.06615886235825116 -0.350666692838866 0.9341605191105619
vn -0.4429678590798277 -0.31507613599345885 0.8393488573588848
vn -0.37417831777099686 -0.49114403363649545 0.7866181568800329
vn 0.5335584757018511 0.8291854608276408 -0.16663380376973377
vn 0.41450203150535275 0.8893091392099999 -0.19317691579354013
vn 0.43209583403277946 0.8937485777639127 0.12044363809060202
vn -0.000005514350519156603 -0.936213041933016 -0.35143298092825764
vn 0 -0.936210262689822 -0.3514403847514604
vn 8.88178535518313e-16 -0.9362122080779971 -0.35143520234279474
vn 0.3207222248299795 -0.3328714151852779 0.8867546873023331
vn -0.06615886235825116 -0.350666692838866 0.9341605191105619
vn 0.0021815369417721425 -0.517148492331325 0.8558929125632534
vn -0.6793200210770834 0.5160890829399234 -0.5217052495749489
vn -0.8084413045550193 0.4304719149973204 -0.4013933077268709
vn -0.8137132300613048 0.46602007867467055 -0.3474133927977616
vn -0.000012350026052813105 -0.9362115137252046 -0.3514370518540101
vn -0.000005514350519156603 -0.936213041933016 -0.35143298092825764
vn 8.88178535518313e-16 -0.9362122080779971 -0.35143520234279474
vn 0.6587762436560028 -0.26439947618124016 0.7043484775234293
vn 0.3207222248299795 -0.3328714151852779 0.8867546873023331
vn 0.3782093763467227 -0.49055725569370773 0.7850549321733361
vn 0.015194437947293625 0.8858298617354096 -0.46376134499685395
vn -0.6793200210770834 0.5160890829399234 -0.5217052495749489
vn -0.5286988842416963 0.8053241774614887 -0.26819854398852017
vn -4.6523375543000665e-8 -0.9362071667895262 -0.3514486318822796
vn -0.000012350026052813105 -0.9362115137252046 -0.3514370518540101
vn 8.88178535518313e-16 -0.9362122080779971 -0.35143520234279474
vn 0.8965375122555266 -0.1556751305778524 0.41471163817554035
vn 0.6587762436560028 -0.26439947618124016 0.7043484775234293
vn 0.6966581933197714 -0.4154185268084265 0.5848887152824446
vn 0.4475445213432677 0.8486753417178867 -0.28187597587530133
vn 0.015194437947293625 0.8858298617354096 -0.46376134499685395
vn 0.048518831313764665 0.9520925778133108 -0.30193649378760296
vn 0 -0.9362140424851892 -0.35143031550158044
vn -4.6523375543000665e-8 -0.9362071667895262 -0.3514486318822796
vn 8.88178535518313e-16 -0.9362122080779971 -0.35143520234279474
vn 0.9978091027838971 -0.02325064886265475 0.06193869331088511
vn 0.8965375122555266 -0.1556751305778524 0.41471163817554035
vn 0.9090470866803194 -0.3031715680801135 0.2858677920050961
vn 0.6506969254599618 0.756466074571432 -0.0659741556932809
vn 0.4475445213432677 0.8486753417178867 -0.28187597587530133
vn 0.41450203150535275 0.8893091392099999 -0.19317691579354013
vn 0.9073774443362533 -0.3045881523266823 0.2896415560171349
vn 0.9830418629448006 -0.17243821689620478 -0.062399976375584185
vn 0.9830418652026714 -0.17090485824316118 -0.06648474026224216
vn 0.6935729852098605 -0.4165027955013562 0.587777113816656
vn 0.9073774443362533 -0.3045881523266823 0.2896415560171349
vn 0.9090470866803194 -0.3031715680801135 0.2858677920050961
vn 0.37417834440469516 -0.49114401554585957 0.7866181555062466
vn 0.6935729852098605 -0.4165027955013562 0.587777113816656
vn 0.6966581933197714 -0.4154185268084265 0.5848887152824446
vn -0.002181542064021827 -0.5171484923255462 0.8558929125536894
vn 0.37417834440469516 -0.49114401554585957 0.7866181555062466
vn 0.3782093763467227 -0.49055725569370773 0.7850549321733361
vn -0.3782093518222265 -0.49055724860780164 0.7850549484160677
vn -0.002181542064021827 -0.5171484923255462 0.8558929125536894
vn 0.0021815369417721425 -0.517148492331325 0.8558929125632534
vn -0.696658195197148 -0.41541851399638813 0.5848887221460893
vn -0.3782093518222265 -0.49055724860780164 0.7850549484160677
vn -0.37417831777099686 -0.49114403363649545 0.7866181568800329
vn -0.9090471124090078 -0.30317156349549007 0.2858677150511133
vn -0.696658195197148 -0.41541851399638813 0.5848887221460893
vn -0.6935729852098605 -0.4165027955013562 0.587777113816656
vn -0.9830418571173042 -0.17090489222926486 -0.06648477244802026
vn -0.9090471124090078 -0.30317156349549007 0.2858677150511133
vn -0.9073774062176838 -0.30458821305042466 0.2896416115761298
vn -0.9073774081677519 -0.03875493991454952 -0.41852633582487103
vn -0.9830418571173042 -0.17090489222926486 -0.06648477244802026
vn -0.9830418575364384 -0.17243824843708463 -0.06239997441713565
vn -0.6935729659588721 0.07315963673874049 -0.7166618508357124
vn -0.9073774081677519 -0.03875493991454952 -0.41852633582487103
vn -0.9090470919267526 -0.04017159496490644 -0.4147524895856439
vn -0.3741783237255035 0.14780091060991174 -0.9155028524678955
vn -0.6935729659588721 0.07315963673874049 -0.7166618508357124
vn -0.696658056331265 0.07207544727500863 -0.7137735512393629
vn 0.002181529283097934 0.17380535938983602 -0.984777608385445
vn -0.3741783237255035 0.14780091060991174 -0.9155028524678955
vn -0.37820938305639207 0.14721409433186328 -0.9139396440674584
vn 0.3782093575170631 0.14721409599118954 -0.9139396543689453
vn 0.002181529283097934 0.17380535938983602 -0.984777608385445
vn -0.0021815809712544204 0.17380535937023753 -0.9847776082744004
vn 0.6966581732989312 0.07207539081182934 -0.7137734427779717
vn 0.3782093575170631 0.14721409599118954 -0.9139396543689453
vn 0.37417842087392594 0.14780089251792256 -0.915502815682836
vn 0.9090470944290338 -0.040171581143962715 -0.4147524854398409
vn 0.6966581732989312 0.07207539081182934 -0.7137734427779717
vn 0.6935729659588721 0.07315963673874049 -0.7166618508357124
vn 0.9830418629448006 -0.17243821689620478 -0.062399976375584185
vn 0.9090470944290338 -0.040171581143962715 -0.4147524854398409
vn 0.9073774031719858 -0.038754967564217715 -0.418526344095518
vn 0.9978091042587255 0.023250638285633545 -0.06193867352237078
vn 0.8965375357816727 0.15567511047303134 -0.414711594862906
vn 0.9471733157073057 0.11271352340599522 -0.30026383673934975
vn 0.8965375357816727 0.15567511047303134 -0.414711594862906
vn 0.6587762141206341 0.2643994885246285 -0.70434850051434
vn 0.7523389468173319 0.23151811115333965 -0.6167539811868084
vn 0.6587762141206341 0.2643994885246285 -0.70434850051434
vn 0.32072225157369166 0.33287141788816593 -0.8867546766150285
vn 0.44296783513910687 0.31507614908760573 -0.8393488650783402
vn 0.32072225157369166 0.33287141788816593 -0.8867546766150285
vn -0.0661588920299061 0.35066669127555644 -0.934160517596001
vn 0.06615890686612444 0.3506666920197338 -0.9341605162659236
vn -0.0661588920299061 0.35066669127555644 -0.934160517596001
vn -0.4429678590915865 0.3150761436206233 -0.8393488544895815
vn -0.32072225156957984 0.33287141440101803 -0.886754677925527
vn -0.4429678590915865 0.3150761436206233 -0.8393488544895815
vn -0.7523389468143968 0.23151810962867625 -0.6167539817627191
vn -0.6587762141176992 0.2643994869996905 -0.7043485010895189
vn -0.7523389468143968 0.23151810962867625 -0.6167539817627191
vn -0.9471733399459743 0.11271349891829631 -0.30026376947141514
vn -0.8965375239434513 0.15567511725093386 -0.4147116179108725
vn -0.9471733399459743 0.11271349891829631 -0.30026376947141514
vn -0.9978091067179418 -0.02325062521950246 0.06193863881007793
vn -0.997809105242685 0.023250634123098572 -0.061938659233681546
vn -0.9978091067179418 -0.02325062521950246 0.06193863881007793
vn -0.8965375476173744 -0.15567510206209084 0.41471157243339835
vn -0.9471733399452033 -0.11271349826516452 0.3002637697190208
vn -0.8965375476173744 -0.15567510206209084 0.41471157243339835
vn -0.6587762141206341 -0.2643994885246285 0.70434850051434
vn -0.7523390022265745 -0.23151808893009188 0.6167539219387912
vn -0.6587762141206341 -0.2643994885246285 0.70434850051434
vn -0.3207221532565637 -0.33287142957267124 0.8867547077883035
vn -0.4429677872297773 -0.3150761571886234 0.8393488873215981
vn -0.3207221532565637 -0.33287142957267124 0.8867547077883035
vn 0.06615882526935238 -0.35066669740871476 0.9341605200218237
vn -0.06615884010562674 -0.35066669837086845 0.9341605186099188
vn 0.06615882526935238 -0.35066669740871476 0.9341605200218237
vn 0.4429678351370911 -0.3150761477800918 0.8393488655702208
vn 0.3207221532581056 -0.3328714308803516 0.8867547072968665
vn 0.4429678351370911 -0.3150761477800918 0.8393488655702208
vn 0.7523389468328453 -0.23151811921227433 0.6167539781427085
vn 0.6587762141361474 -0.2643994965850155 0.7043484974741091
vn 0.7523389468328453 -0.23151811921227433 0.6167539781427085
vn 0.9471733399461029 -0.11271349902715162 0.30026376943014754
vn 0.8965375239578978 -0.15567512661368305 0.41471161436503745
vn 0.9471733399461029 -0.11271349902715162 0.30026376943014754
vn 0.9978091042587255 0.023250638285633545 -0.06193867352237078
vn 0.997809106718214 -0.023250626280698898 0.06193863840733848
vn 0.897836734195826 -0.38753604282473353 -0.20905744244183197
vn 0.8067120429681827 -0.2683797827470392 -0.5264864404168004
vn 0.8522750840371089 -0.3070374765833132 -0.4235034463884445
vn 0.8067120429681827 -0.2683797827470392 -0.5264864404168004
vn 0.5927694278162038 -0.17054704884040142 -0.7871074320436061
vn 0.676959175864632 -0.20013409148855496 -0.7082885144040734
vn 0.5927694278162038 -0.17054704884040142 -0.7871074320436061
vn 0.2885901849581933 -0.10893579476051847 -0.9512353535091566
vn 0.3985844728184143 -0.12494827366493713 -0.9085804020207671
vn 0.2885901849581933 -0.10893579476051847 -0.9512353535091566
vn -0.05953076995097493 -0.09292441617732516 -0.9938919158073214
vn 0.05953367994835501 -0.09292389434426167 -0.9938917902929388
vn -0.05953076995097493 -0.09292441617732516 -0.9938919158073214
vn -0.3985876464403304 -0.1249484793375985 -0.9085789814960392
vn -0.2885920411391275 -0.10893666574102491 -0.9512346906249689
vn -0.3985876464403304 -0.1249484793375985 -0.9085789814960392
vn -0.6769582709921029 -0.20013367973408985 -0.7082894955958865
vn -0.5927704507361815 -0.17054734099927926 -0.7871065983792155
vn -0.6769582709921029 -0.20013367973408985 -0.7082894955958865
vn -0.8522745033468122 -0.3070374040494732 -0.4235046675770002
vn -0.8067108063177522 -0.2683784276276247 -0.5264890260530466
vn -0.8522745033468122 -0.3070374040494732 -0.4235046675770002
vn -0.8978364159101762 -0.42937811912571217 -0.09759201341111326
vn -0.8978365871204579 -0.38753690275472 -0.20905648000281382
vn -0.8978364159101762 -0.42937811912571217 -0.09759201341111326
vn -0.8067126382167555 -0.5485332019744611 0.21983185772996386
vn -0.8522743459403129 -0.509876595983055 0.11685159870855005
vn -0.8067126382167555 -0.5485332019744611 0.21983185772996386
vn -0.5927700490248928 -0.6463661891441571 0.48045230617646745
vn -0.6769613121436158 -0.6167779090057677 0.40163216109179645
vn -0.5927700490248928 -0.6463661891441571 0.48045230617646745
vn -0.288586775747811 -0.7079769311505284 0.6445822971678347
vn -0.39858284772604624 -0.6919651461362233 0.6019268643541926
vn -0.288586775747811 -0.7079769311505284 0.6445822971678347
vn 0.05953072848892188 -0.7239894816923157 0.6872374573351413
vn -0.05953188219079941 -0.7239892660965879 0.6872375845220814
vn 0.05953072848892188 -0.7239894816923157 0.6872374573351413
vn 0.39858406041310246 -0.6919644604269379 0.6019268496176765
vn 0.2885903437720546 -0.7079766963704118 0.6445809575824941
vn 0.39858406041310246 -0.6919644604269379 0.6019268496176765
vn 0.676958938664741 -0.6167791548383967 0.40163424843847695
vn 0.592768986636716 -0.6463660807618707 0.48045376273083723
vn 0.676958938664741 -0.6167791548383967 0.40163424843847695
vn 0.8522749733637573 -0.5098760445385874 0.11684942868277663
vn 0.8067122531857716 -0.5485336657470103 0.21983211344588116
vn 0.8522749733637573 -0.5098760445385874 0.11684942868277663
vn 0.897836734195826 -0.38753604282473353 -0.20905744244183197
vn 0.8978364716089918 -0.42937721312873844 -0.09759548706018112
vn 0.9830418629448006 -0.17243821689620478 -0.062399976375584185
vn 0.9073774443362533 -0.3045881523266823 0.2896415560171349
vn 0.9471733157114175 -0.11271352688936494 0.3002638354187862
vn 0.9090470944290338 -0.040171581143962715 -0.4147524854398409
vn 0.9830418629448006 -0.17243821689620478 -0.062399976375584185
vn 0.9978091027836005 0.023250647706222736 -0.06193869374976785
vn 0.6966581732989312 0.07207539081182934 -0.7137734427779717
vn 0.9090470944290338 -0.040171581143962715 -0.4147524854398409
vn 0.8965375239488267 0.1556751207347475 -0.414711616591492
vn 0.3782093575170631 0.14721409599118954 -0.9139396543689453
vn 0.6966581732989312 0.07207539081182934 -0.7137734427779717
vn 0.6587762141126676 0.2643994843855109 -0.7043485020755396
vn 0.002181529283097934 0.17380535938983602 -0.984777608385445
vn 0.3782093575170631 0.14721409599118954 -0.9139396543689453
vn 0.320722251565725 0.3328714111318169 -0.8867546791541191
vn -0.3741783237255035 0.14780091060991174 -0.9155028524678955
vn 0.002181529283097934 0.17380535938983602 -0.984777608385445
vn -0.0661588994479315 0.3506666913206812 -0.9341605170537046
vn -0.6935729659588721 0.07315963673874049 -0.7166618508357124
vn -0.3741783237255035 0.14780091060991174 -0.9155028524678955
vn -0.4429678351266762 0.3150761410246032 -0.8393488681116037
vn -0.9073774081677519 -0.03875493991454952 -0.41852633582487103
vn -0.6935729659588721 0.07315963673874049 -0.7166618508357124
vn -0.7523389468164933 0.23151811071772155 -0.6167539813513543
vn -0.9830418571173042 -0.17090489222926486 -0.06648477244802026
vn -0.9073774081677519 -0.03875493991454952 -0.41852633582487103
vn -0.9471733066573718 0.1127135357338305 -0.30026386065945204
vn -0.9090471124090078 -0.30317156349549007 0.2858677150511133
vn -0.9830418571173042 -0.17090489222926486 -0.06648477244802026
vn -0.9978091022917477 -0.023250650284075712 0.061938700705650995
vn -0.696658195197148 -0.41541851399638813 0.5848887221460893
vn -0.9090471124090078 -0.30317156349549007 0.2858677150511133
vn -0.8965375122543506 -0.1556751298157681 0.4147116384641548
vn -0.3782093518222265 -0.49055724860780164 0.7850549484160677
vn -0.696658195197148 -0.41541851399638813 0.5848887221460893
vn -0.6587762436572607 -0.2643994768347851 0.7043484772769241
vn -0.002181542064021827 -0.5171484923255462 0.8558929125536894
vn -0.3782093518222265 -0.49055724860780164 0.7850549484160677
vn -0.32072219809449004 -0.33287141945668536 0.8867546953686402
vn 0.37417834440469516 -0.49114401554585957 0.7866181555062466
vn -0.002181542064021827 -0.5171484923255462 0.8558929125536894
vn 0.06615888461327683 -0.3506666966798325 0.934160516092594
vn 0.6935729852098605 -0.4165027955013562 0.587777113816656
vn 0.37417834440469516 -0.49114401554585957 0.7866181555062466
vn 0.4429677872186904 -0.3150761499972966 0.8393488900269411
vn 0.9073774443362533 -0.3045881523266823 0.2896415560171349
vn 0.6935729852098605 -0.4165027955013562 0.587777113816656
vn 0.7523390317715859 -0.23151807883125738 0.6167538896896205
vn 1.7713712796616365e-7 0.9362114110246275 0.3514373256602728
vn -2.754834803280573e-8 0.9362117818542955 0.351436337787094
vn 1.235104626597762e-7 0.9362116193505134 0.351436770690083
vn 0.0000027027609132115496 -0.9362116245838824 -0.35143675673825364
vn 1.770759786571359e-7 -0.9362114110246275 -0.3514373256602728
vn 0.0000015940795756714621 -0.9362116872638235 -0.3514365897684583
vn -2.754834803280573e-8 0.9362117818542955 0.351436337787094
vn -1.391421476314491e-7 0.9362114036603973 0.3514373452782293
vn -2.3084692551583266e-7 0.9362118268577985 0.3514362178995362
vn 8.269466487903674e-7 -0.9362113336180005 -0.3514375318666482
vn 0.0000027027609132115496 -0.9362116245838824 -0.35143675673825364
vn 0.0000020695036194280235 -0.9362114503803798 -0.3514372208124563
vn -1.391421476314491e-7 0.9362114036603973 0.3514373452782293
vn 4.769210693010455e-7 0.9362112194724451 0.3514378359449787
vn 6.569406578928101e-7 0.9362109989538993 0.3514384233935027
vn -6.889378682872627e-7 -0.9362120778133539 -0.3514355493627929
vn 8.269466487903674e-7 -0.9362113336180005 -0.3514375318666482
vn -6.20739693818786e-7 -0.9362117067391021 -0.35143653789023105
vn 4.769210693010455e-7 0.9362112194724451 0.3514378359449787
vn -7.348867933241227e-7 0.9362118709610128 0.3514361004096478
vn -5.350598345102864e-7 0.9362117122214005 0.3514365232857668
vn 3.837275892694132e-7 -0.9362112730678201 -0.3514376931699049
vn -6.889378682872627e-7 -0.9362120778133539 -0.3514355493627929
vn -4.368554087503591e-7 -0.9362117142670615 -0.35143651783635
vn -7.348867933241227e-7 0.9362118709610128 0.3514361004096478
vn 5.402149108187868e-7 0.9362111013171205 0.3514381507040641
vn -1.1096426744972035e-7 0.9362114444909918 0.35143723650757075
vn 9.436595993788136e-8 -0.9362119221015978 -0.3514359641738774
vn 3.837275892694132e-7 -0.9362112730678201 -0.3514376931699049
vn 7.840328218477506e-7 -0.9362114190431884 -0.35143730429839765
vn 5.402149108187868e-7 0.9362111013171205 0.3514381507040641
vn -5.237836917677179e-8 0.936211688656031 0.35143658606328965
vn 3.8927076013895887e-7 0.9362113976871216 0.35143736119054664
vn -2.6328186579330623e-7 -0.9362119298748988 -0.3514359434660148
vn 9.436595993788136e-8 -0.9362119221015978 -0.3514359641738774
vn -4.133737027219287e-7 -0.9362121711751324 -0.35143530065059414
vn -5.237836917677179e-8 0.936211688656031 0.35143658606328965
vn -2.6768828344956226e-7 0.9362115579819396 0.35143693417305677
vn 2.656450214359394e-8 0.9362117098486192 0.3514365296071598
vn -0.000001994113792529164 -0.936210996497487 -0.35143842993219504
vn -2.6328186579330623e-7 -0.9362119298748988 -0.3514359434660148
vn -8.614546992320107e-7 -0.9362111349469939 -0.35143806111535414
vn -2.6768828344956226e-7 0.9362115579819396 0.35143693417305677
vn -0.0000011589122731637984 0.9362117787443319 0.35143634606999763
vn -2.437806225198436e-7 0.9362118157296521 0.35143624754445685
vn -0.0000011588206415711624 -0.9362117787443319 -0.35143634606999763
vn -0.000001994113792529164 -0.936210996497487 -0.35143842993219504
vn -0.0000018430552398071762 -0.9362112951590271 -0.3514376343154785
vn -0.0000011589122731637984 0.9362117787443319 0.35143634606999763
vn -0.0000019943086517770115 0.9362109963338363 0.3514384303681492
vn -0.000001843188935531094 0.9362112951590269 0.3514376343154784
vn -2.6735182724729834e-7 -0.9362115579819398 -0.3514369341730568
vn -0.0000011588206415711624 -0.9362117787443319 -0.35143634606999763
vn -2.4344416631868226e-7 -0.9362118156478276 -0.35143624776243426
vn -0.0000019943086517770115 0.9362109963338363 0.3514384303681492
vn -2.6332194040483527e-7 0.9362119296294252 0.351435944119947
vn -8.615367811328603e-7 0.9362111347015187 0.35143806176928566
vn -5.1919578830252234e-8 -0.9362116884105571 -0.3514365867172217
vn -2.6735182724729834e-7 -0.9362115579819398 -0.3514369341730568
vn 2.723741454711147e-8 -0.9362117096849699 -0.3514365300431145
vn -2.6332194040483527e-7 0.9362119296294252 0.351435944119947
vn 9.385843346556098e-8 0.9362119219379487 0.3514359646098321
vn -4.136155998936901e-7 0.9362121711751324 0.35143530065059414
vn 5.404135217287816e-7 -0.9362111013171205 -0.3514381507040641
vn -5.1919578830252234e-8 -0.9362116884105571 -0.3514365867172217
vn 3.895612300153515e-7 -0.9362113976052967 -0.35143736140852394
vn 9.385843346556098e-8 0.9362119219379487 0.3514359646098321
vn 3.8402206660598934e-7 0.9362112733132948 0.3514376925159731
vn 7.838197727084124e-7 0.9362114192068384 0.35143730386244315
vn -7.345924012535218e-7 -0.9362118709610128 -0.3514361004096478
vn 5.404135217287816e-7 -0.9362111013171205 -0.3514381507040641
vn -1.105936128245368e-7 -0.9362114444909918 -0.35143723650757075
vn 3.8402206660598934e-7 0.9362112733132948 0.3514376925159731
vn -6.888003640553145e-7 0.9362120778133539 0.3514355493627929
vn -4.3648464754442807e-7 0.9362117143488864 0.3514365176183728
vn 4.764031688999099e-7 -0.9362112196360952 -0.35143783550902435
vn -7.345924012535218e-7 -0.9362118709610128 -0.3514361004096478
vn -5.352833428364413e-7 -0.9362117123032251 -0.3514365230677894
vn -6.888003640553145e-7 0.9362120778133539 0.3514355493627929
vn 8.271149621570193e-7 0.9362113336180002 0.35143753186664817
vn -6.206785302996154e-7 0.9362117066572777 0.35143653810820846
vn -1.391822364537359e-7 -0.9362114034149227 -0.3514373459321611
vn 4.764031688999099e-7 -0.9362112196360952 -0.35143783550902435
vn 6.566883867939295e-7 -0.9362109989538993 -0.3514384233935027
vn 8.271149621570193e-7 0.9362113336180002 0.35143753186664817
vn 0.0000027030360353635717 0.9362116245838819 0.3514367567382534
vn 0.0000020699472254772497 0.9362114503803788 0.35143722081245593
vn -2.7712678806675697e-8 -0.9362117815269971 -0.3514363386590034
vn -1.391822364537359e-7 -0.9362114034149227 -0.3514373459321611
vn -2.3092906425811107e-7 -0.9362118265305002 -0.35143621877144576
vn 0.0000027030360353635717 0.9362116245838819 0.3514367567382534
vn 1.7713712796616365e-7 0.9362114110246275 0.3514373256602728
vn 0.000001594416088716695 0.9362116872638231 0.35143658976845815
vn 1.770759786571359e-7 -0.9362114110246275 -0.3514373256602728
vn -2.7712678806675697e-8 -0.9362117815269971 -0.3514363386590034
vn 1.234072634310513e-7 -0.9362116193505134 -0.351436770690083
vn 0.8325548135208517 0.26943096276890427 0.48400355245047666
vn 0.6320105589112865 0.16705042521141336 0.7567409126387507
vn 0.7523390022894662 -0.23151812160144852 0.6167539095978456
vn 0.9063502193257803 0.3909890787644019 0.16017746475417252
vn 0.8325548135208517 0.26943096276890427 0.48400355245047666
vn 0.9471733157151438 -0.11271353004616873 0.30026383422202546
vn 0.8421618718664606 0.5132191053527029 -0.16543739442867955
vn 0.9063502193257803 0.3909890787644019 0.16017746475417252
vn 0.9978091052427758 0.02325063447683072 -0.06193865909943507
vn 0.6497620601321575 0.6175122145839943 -0.44326959071470917
vn 0.8421618718664606 0.5132191053527029 -0.16543739442867955
vn 0.8965375003798431 0.15567511307792728 -0.41471167041793927
vn 0.3584419260241694 0.6879905880763345 -0.6310216607902327
vn 0.6497620601321575 0.6175122145839943 -0.44326959071470917
vn 0.6587762435415376 0.2643994167086522 -0.7043484999554022
vn 0.012552100944455158 0.713924998600866 -0.7001096636489413
vn 0.3584419260241694 0.6879905880763345 -0.6310216607902327
vn 0.32072219801790697 0.33287135450855404 -0.8867547197766714
vn -0.33524850352392355 0.6913669664348379 -0.6400157487184664
vn 0.012552100944455158 0.713924998600866 -0.7001096636489413
vn -0.06615884008680657 0.35066662491294587 -0.9341605461860031
vn -0.632010571108701 0.6237507482467043 -0.4598887279207113
vn -0.33524850352392355 0.6913669664348379 -0.6400157487184664
vn -0.4429678350413401 0.31507608567317935 -0.8393488889345451
vn -0.8325549010179333 0.5213700217052991 -0.18715137525018394
vn -0.632010571108701 0.6237507482467043 -0.4598887279207113
vn -0.7523389467791771 0.2315180913327163 -0.6167539886736483
vn -0.9063501888893817 0.39981169841649583 0.13667458033408883
vn -0.8325549010179333 0.5213700217052991 -0.18715137525018394
vn -0.9471733157291495 0.11271354191139675 -0.3002638297238559
vn -0.8421618299420451 0.2775820386666815 0.46228958889241173
vn -0.9063501888893817 0.39981169841649583 0.13667458033408883
vn -0.9978091052438404 -0.02325063862638089 0.06193865752462055
vn -0.6497619688651703 0.173288869073524 0.7401218492057078
vn -0.8421618299420451 0.2775820386666815 0.46228958889241173
vn -0.8965375358219885 -0.15567513660163404 0.41471158496755234
vn -0.358441899782081 0.10281026715655135 0.9278736193295998
vn -0.6497619688651703 0.173288869073524 0.7401218492057078
vn -0.6587762141206341 -0.2643994885246285 0.70434850051434
vn -0.01255213394639003 0.07687588462123583 0.9969616553795307
vn -0.358441899782081 0.10281026715655135 0.9278736193295998
vn -0.32072219802356083 -0.33287135930338263 0.8867547179747364
vn 0.33524847931830226 0.09943402821929603 0.9368678301376614
vn -0.01255213394639003 0.07687588462123583 0.9969616553795307
vn 0.06615881783306517 -0.3506666260854276 0.9341605473219229
vn 0.6320105589112865 0.16705042521141336 0.7567409126387507
vn 0.33524847931830226 0.09943402821929603 0.9368678301376614
vn 0.4429678350850162 -0.3150761140026484 0.8393488782771344
vn -1.7063777881884757e-7 -0.9362116412795277 -0.35143671227215856
vn -5.1358207463677885e-8 -0.9362116195959934 -0.35143677003615326
vn -1.2236459876357092e-7 -0.936211641606833 -0.3514367114002517
vn 0.6320105589112865 0.16705042521141336 0.7567409126387507
vn 0.8325548135208517 0.26943096276890427 0.48400355245047666
vn 0.3083657022771777 0.8255460392040973 0.4726355158190401
vn -4.297825102693822e-8 -0.9362116365337079 -0.3514367249148481
vn -1.7063777881884757e-7 -0.9362116412795277 -0.35143671227215856
vn -1.0978264175426913e-7 -0.9362116284330575 -0.3514367464946011
vn 0.8325548135208517 0.26943096276890427 0.48400355245047666
vn 0.9063502193257803 0.3909890787644019 0.16017746475417252
vn 0.3431983644111119 0.8710937359516933 0.35129842847820925
vn 1.5289565423663052e-7 -0.9362116826828205 -0.35143660197563137
vn -4.297825102693822e-8 -0.9362116365337079 -0.3514367249148481
vn 8.418941063112039e-8 -0.9362116714728476 -0.35143663183852875
vn 0.9063502193257803 0.3909890787644019 0.16017746475417252
vn 0.8421618718664606 0.5132191053527029 -0.16543739442867955
vn 0.3257820282505228 0.9178588828998293 0.2267181976614431
vn -1.7850497906329e-7 -0.9362117032208074 -0.3514365472633187
vn 1.5289565423663052e-7 -0.9362116826828205 -0.35143660197563137
vn 7.638013015325962e-9 -0.9362116887378569 -0.35143658584531273
vn 0.8421618718664606 0.5132191053527029 -0.16543739442867955
vn 0.6497620601321575 0.6175122145839943 -0.44326959071470917
vn 0.2587684422660869 0.9587219034113866 0.11786095709110296
vn -1.2898213381977838e-8 -0.9362116573990056 -0.3514366693306305
vn -1.7850497906329e-7 -0.9362117032208074 -0.3514365472633187
vn -1.6928743487114185e-7 -0.9362116915198824 -0.35143657843407844
vn 0.6497620601321575 0.6175122145839943 -0.44326959071470917
vn 0.3584419260241694 0.6879905880763345 -0.6310216607902327
vn 0.1523597846846609 0.9874618555776221 0.04129866571746923
vn 1.577746849782954e-8 -0.9362115921847136 -0.3514368430585544
vn -1.2898213381977838e-8 -0.9362116573990056 -0.3514366693306305
vn 1.0663893065671385e-7 -0.9362116051130148 -0.3514368086181369
vn 0.3584419260241694 0.6879905880763345 -0.6310216607902327
vn 0.012552100944455158 0.713924998600866 -0.7001096636489413
vn 0.022755487203828487 0.999703308754511 0.00868805314205778
vn -2.416823938963733e-8 -0.9362115938212081 -0.3514368386990081
vn 1.577746849782954e-8 -0.9362115921847136 -0.3514368430585544
vn -1.0786637550424754e-8 -0.9362115928393115 -0.3514368413147359
vn 0.012552100944455158 0.713924998600866 -0.7001096636489413
vn -0.33524850352392355 0.6913669664348379 -0.6400157487184664
vn -0.11031332045507464 0.9935825601493716 0.024993349059228256
vn 1.2422505536685524e-7 -0.9362117241679261 -0.3514364914611225
vn -2.416823938963733e-8 -0.9362115938212081 -0.3514368386990081
vn 2.7885790145144593e-8 -0.9362116681180388 -0.35143664077560033
vn -0.33524850352392355 0.6913669664348379 -0.6400157487184664
vn -0.632010571108701 0.6237507482467043 -0.4598887279207113
vn -0.22658723028024363 0.970031558650445 0.08773256120800293
vn -2.34563199463445e-8 -0.9362116700818313 -0.35143663554414456
vn 1.2422505536685524e-7 -0.9362117241679261 -0.3514364914611225
vn 8.613548769920619e-8 -0.9362117183583799 -0.3514365069375152
vn -0.632010571108701 0.6237507482467043 -0.4598887279207113
vn -0.8325549010179333 0.5213700217052991 -0.18715137525018394
vn -0.3083656470419559 0.9326356429072444 0.187353637016703
vn -7.047548796435225e-8 -0.9362116647632248 -0.3514366497126701
vn -2.34563199463445e-8 -0.9362116700818313 -0.35143663554414456
vn -1.043630621816213e-7 -0.9362116540441883 -0.351436678267699
vn -0.8325549010179333 0.5213700217052991 -0.18715137525018394
vn -0.9063501888893817 0.39981169841649583 0.13667458033408883
vn -0.3431985107689167 0.8870878290940909 0.3086907282040241
vn 1.2003021005654638e-7 -0.9362116294149528 -0.3514367438788728
vn -7.047548796435225e-8 -0.9362116647632248 -0.3514366497126701
vn 5.136083645650825e-8 -0.9362116484801132 -0.3514366930901587
vn -0.9063501888893817 0.39981169841649583 0.13667458033408883
vn -0.8421618299420451 0.2775820386666815 0.46228958889241173
vn -0.32578212726360184 0.8403227669768926 0.43327087699948347
vn 1.1898315424845241e-7 -0.9362116413613593 -0.35143671205418375
vn 1.2003021005654638e-7 -0.9362116294149528 -0.3514367438788728
vn 1.7756846961122983e-7 -0.9362116488073984 -0.35143669221824425
vn -0.8421618299420451 0.2775820386666815 0.46228958889241173
vn -0.6497619688651703 0.173288869073524 0.7401218492057078
vn -0.2587683477786191 0.7994597402714482 0.5421282743715109
vn 2.2303845827972093e-9 -0.9362115960304759 -0.3514368328136207
vn 1.1898315424845241e-7 -0.9362116413613593 -0.35143671205418375
vn 4.8637056113163845e-8 -0.9362116180413241 -0.3514367741777224
vn -0.6497619688651703 0.173288869073524 0.7401218492057078
vn -0.358441899782081 0.10281026715655135 0.9278736193295998
vn -0.15235972833923223 0.7707196525785325 0.6186903347472157
vn 1.577746849782954e-8 -0.9362115921847136 -0.3514368430585544
vn 2.2303845827972093e-9 -0.9362115960304759 -0.3514368328136207
vn 2.703844484678141e-8 -0.9362115934120844 -0.3514368397888947
vn -0.358441899782081 0.10281026715655135 0.9278736193295998
vn -0.01255213394639003 0.07687588462123583 0.9969616553795307
vn -0.022755455907404208 0.7584782843244403 0.6513009146582704
vn -2.416823938963733e-8 -0.9362115938212081 -0.3514368386990081
vn 1.577746849782954e-8 -0.9362115921847136 -0.3514368430585544
vn -1.0786637550424754e-8 -0.9362115928393115 -0.3514368413147359
vn -0.01255213394639003 0.07687588462123583 0.9969616553795307
vn 0.33524847931830226 0.09943402821929603 0.9368678301376614
vn 0.11031320002904077 0.7645989395942676 0.6349956373634973
vn -5.1358207463677885e-8 -0.9362116195959934 -0.35143677003615326
vn -2.416823938963733e-8 -0.9362115938212081 -0.3514368386990081
vn -5.935599671336235e-9 -0.9362115970123727 -0.351436830197893
vn 0.33524847931830226 0.09943402821929603 0.9368678301376614
vn 0.6320105589112865 0.16705042521141336 0.7567409126387507
vn 0.22658731526589054 0.7881501154598018 0.5722565718812647
vn -1.5610401049874426e-7 0.936211706575622 0.3514365383262492
vn 2.7222894631931277e-8 0.9362116177958508 0.3514367748316547
vn 0.3431983644111119 0.8710937359516933 0.35129842847820925
vn -3.8087723860953826e-8 0.9362116059312667 0.35143680643836545
vn -1.5610401049874426e-7 0.936211706575622 0.3514365383262492
vn 0.3257820282505228 0.9178588828998293 0.2267181976614431
vn 2.440133397153488e-7 0.9362117225314126 0.35143649582066167
vn -3.8087723860953826e-8 0.9362116059312667 0.35143680643836545
vn 0.2587684422660869 0.9587219034113866 0.11786095709110296
vn 1.1897057047277949e-7 0.9362116930745578 0.35143657429251157
vn 2.440133397153488e-7 0.9362117225314126 0.35143649582066167
vn 0.1523597846846609 0.9874618555776221 0.04129866571746923
vn -3.3156076109600747e-7 0.9362117280136403 0.3514364812161709
vn 1.1897057047277949e-7 0.9362116930745578 0.35143657429251157
vn 0.022755487203828487 0.999703308754511 0.00868805314205778
vn -1.9693074523500636e-7 0.936211670163638 0.3514366353261605
vn -3.3156076109600747e-7 0.9362117280136403 0.3514364812161709
vn -0.11031332045507464 0.9935825601493716 0.024993349059228256
vn 2.3133747035263174e-7 0.9362116866103907 0.35143659151271417
vn -1.9693074523500636e-7 0.936211670163638 0.3514366353261605
vn -0.22658723028024363 0.970031558650445 0.08773256120800293
vn 1.0592983023633171e-7 0.936211672700216 0.35143662856886804
vn 2.3133747035263174e-7 0.9362116866103907 0.35143659151271417
vn -0.3083656470419559 0.9326356429072444 0.187353637016703
vn -9.052676280110894e-8 0.9362115781108561 0.3514368805506505
vn 1.0592983023633171e-7 0.936211672700216 0.35143662856886804
vn -0.3431985107689167 0.8870878290940909 0.3086907282040241
vn -1.8335471761855605e-7 0.936211657317165 0.3514366695486019
vn -9.052676280110894e-8 0.9362115781108561 0.3514368805506505
vn -0.32578212726360184 0.8403227669768926 0.43327087699948347
vn -2.0595057415474358e-7 0.9362115156785514 0.35143704686732596
vn -1.8335471761855605e-7 0.936211657317165 0.3514366695486019
vn -0.2587683477786191 0.7994597402714482 0.5421282743715109
vn -1.3217784793156716e-7 0.9362115533997791 0.3514369463797954
vn -2.0595057415474358e-7 0.9362115156785514 0.35143704686732596
vn -0.15235972833923223 0.7707196525785325 0.6186903347472157
vn 3.22206381254168e-7 0.9362115206698339 0.35143703357070016
vn -1.3217784793156716e-7 0.9362115533997791 0.3514369463797954
vn -0.022755455907404208 0.7584782843244403 0.6513009146582704
vn 2.1819690618401643e-7 0.9362115795018582 0.3514368768450293
vn 3.22206381254168e-7 0.9362115206698339 0.35143703357070016
vn 0.11031320002904077 0.7645989395942676 0.6349956373634973
vn 1.523998233956627e-7 0.9362116197596332 0.351436769600195
vn 2.1819690618401643e-7 0.9362115795018582 0.3514368768450293
vn 0.22658731526589054 0.7881501154598018 0.5722565718812647
vn 2.7222894631931277e-8 0.9362116177958508 0.3514367748316547
vn 1.523998233956627e-7 0.9362116197596332 0.351436769600195
vn 0.3083657022771777 0.8255460392040973 0.4726355158190401
vn 0.9471733399491866 0.11271350163967879 -0.3002637684397249
vn 0.9978091081938543 -0.02325061887366183 0.06193861741576888
vn 0.9978091077020405 0.023250621601170755 -0.06193862431485554
vn 0.7523389468240405 0.2315181146382844 -0.6167539798704408
vn 0.9471733399491866 0.11271350163967879 -0.3002637684397249
vn 0.8965375004221751 0.15567514051296094 -0.41471166002781784
vn 0.4429678830329782 0.31507613096231435 -0.8393488466061653
vn 0.7523389468240405 0.2315181146382844 -0.6167539798704408
vn 0.6587761803777052 0.2643994958566949 -0.704348529321732
vn 0.06615887718570175 0.3506666593608069 -0.9341605306275036
vn 0.4429678830329782 0.31507613096231435 -0.8393488466061653
vn 0.32072225154439493 0.3328713930422372 -0.8867546859523294
vn -0.3207222515469649 0.3328713952217046 -0.8867546851332679
vn 0.06615887718570175 0.3506666593608069 -0.9341605306275036
vn -0.06615889943972214 0.35066665927820484 -0.9341605290824422
vn -0.6587761803722546 0.264399493024667 -0.7043485303899212
vn -0.3207222515469649 0.3328713952217046 -0.8867546851332679
vn -0.4429678351243244 0.31507613949917024 -0.8393488686854644
vn -0.8965375004137758 0.15567513506950187 -0.4147116620893499
vn -0.6587761803722546 0.264399493024667 -0.7043485303899212
vn -0.7523388913996977 0.23151812902040506 -0.616754042080281
vn -0.9978091077020231 0.023250621533145346 -0.06193862434067219
vn -0.8965375004137758 0.15567513506950187 -0.4147116620893499
vn -0.9471733399462313 0.11271349913600692 -0.3002637693888799
vn -0.9471733399493152 -0.11271350174853409 0.3002637683984573
vn -0.9978091077020231 0.023250621533145346 -0.06193862434067219
vn -0.997809107702044 -0.02325062161477584 0.06193862430969222
vn -0.752338891415211 -0.2315181370793398 0.616754039036181
vn -0.9471733399493152 -0.11271350174853409 0.3002637683984573
vn -0.8965375122580462 -0.1556751322108901 0.4147116375570807
vn -0.44296785907848385 -0.31507613512178284 0.8393488576868051
vn -0.752338891415211 -0.2315181370793398 0.616754039036181
vn -0.6587761803785438 -0.2643994962923915 0.7043485291573952
vn -0.06615886977644415 -0.35066669353791885 0.9341605183227811
vn -0.44296785907848385 -0.31507613512178284 0.8393488576868051
vn -0.3207221980906353 -0.3328714161874842 0.8867546965972325
vn 0.32072219809346214 -0.3328714185848985 0.8867546956962649
vn -0.06615886977644415 -0.35066669353791885 0.9341605183227811
vn 0.06615886977649998 -0.3506666937558949 0.9341605182409529
vn 0.6587761803722546 -0.264399493024667 0.7043485303899212
vn 0.32072219809346214 -0.3328714185848985 0.8867546956962649
vn 0.4429678351246603 -0.3150761397170892 0.8393488686034841
vn 0.8965375122491431 -0.15567512644082343 0.4147116397423047
vn 0.6587761803722546 -0.264399493024667 0.7043485303899212
vn 0.7523389468085269 -0.23151810657934963 0.6167539829145406
vn 0.9978091081938543 -0.02325061887366183 0.06193861741576888
vn 0.8965375122491431 -0.15567512644082343 0.4147116397423047
vn 0.9471733399463598 -0.11271349924486222 0.3002637693476123
vn -0.25581282988783366 -0.5668258294928799 -0.7831144712521199
vn -0.8065008798717258 -0.4443885183721998 -0.3899681724257676
vn -0.5815171665509716 -0.2285363328070049 -0.7807745702785507
vn 0.13722968123299967 -0.6718168111661156 -0.7278943514159738
vn -0.25581282988783366 -0.5668258294928799 -0.7831144712521199
vn -0.2610358353526961 -0.11415627841230146 -0.9585554948779821
vn 0.5261014202955263 -0.5721132586760218 -0.6292088006458061
vn 0.13722968123299967 -0.6718168111661156 -0.7278943514159738
vn 0.05884141234947121 -0.2451008522205625 -0.9677103184494178
vn 0.7675422597053128 -0.35145397259327266 -0.536058751178329
vn 0.5261014202955263 -0.5721132586760218 -0.6292088006458061
vn 0.4550003446866595 -0.2633994516745636 -0.8506441178263447
vn -0.5128651237773523 -0.8242941732808107 -0.23980925901254588
vn -0.8413470411033465 -0.540306475208983 -0.014285281722405504
vn -0.8065008798717258 -0.4443885183721998 -0.3899681724257676
vn 0.23108363647679714 -0.8681421493355613 -0.43923747733964086
vn -0.5128651237773523 -0.8242941732808107 -0.23980925901254588
vn -0.25581282988783366 -0.5668258294928799 -0.7831144712521199
vn 0.3754154676524254 -0.8516486616602071 -0.36572911251319434
vn 0.23108363647679714 -0.8681421493355613 -0.43923747733964086
vn 0.13722968123299967 -0.6718168111661156 -0.7278943514159738
vn 0.7337520864866158 -0.507745836158287 -0.4514443946273558
vn 0.3754154676524254 -0.8516486616602071 -0.36572911251319434
vn 0.5261014202955263 -0.5721132586760218 -0.6292088006458061
vn -0.5628207764723436 -0.792236810875664 0.2357829702599947
vn -0.6135014051834267 -0.7101519724625973 0.3453986129755642
vn -0.8413470411033465 -0.540306475208983 -0.014285281722405504
vn 0.08131963755761484 -0.9787674913906911 0.18815237002034188
vn -0.5628207764723436 -0.792236810875664 0.2357829702599947
vn -0.5128651237773523 -0.8242941732808107 -0.23980925901254588
vn 0.36294028272866324 -0.9284579982203024 0.07899428279050995
vn 0.08131963755761484 -0.9787674913906911 0.18815237002034188
vn 0.23108363647679714 -0.8681421493355613 -0.43923747733964086
vn 0.7024841112335943 -0.7113768516514508 0.021425414787503518
vn 0.36294028272866324 -0.9284579982203024 0.07899428279050995
vn 0.3754154676524254 -0.8516486616602071 -0.36572911251319434
vn -0.5352153023248656 -0.6643941867388911 0.5216559640077646
vn -0.9290561144240748 -0.33016063753556546 0.1668792667569866
vn -0.6135014051834267 -0.7101519724625973 0.3453986129755642
vn 0.09325518322682523 -0.8233161428952838 0.5598696273681613
vn -0.5352153023248656 -0.6643941867388911 0.5216559640077646
vn -0.5628207764723436 -0.792236810875664 0.2357829702599947
vn 0.31443205642107375 -0.7379436157610157 0.5971362506600758
vn 0.09325518322682523 -0.8233161428952838 0.5598696273681613
vn 0.08131963755761484 -0.9787674913906911 0.18815237002034188
vn 0.44898810593100597 -0.657774247194329 0.6047666661286992
vn 0.31443205642107375 -0.7379436157610157 0.5971362506600758
vn 0.36294028272866324 -0.9284579982203024 0.07899428279050995
vn -0.5183795744693939 -0.7230889208711843 0.4565359014209904
vn -0.4244613030126495 -0.8482073954619272 0.31682300504934524
vn -0.9290561144240748 -0.33016063753556546 0.1668792667569866
vn 0.10138757442048411 -0.7074368149910237 0.6994667344116423
vn -0.5183795744693939 -0.7230889208711843 0.4565359014209904
vn -0.5352153023248656 -0.6643941867388911 0.5216559640077646
vn 0.3768661723208992 -0.6944676062137743 0.6129328120437869
vn 0.10138757442048411 -0.7074368149910237 0.6994667344116423
vn 0.09325518322682523 -0.8233161428952838 0.5598696273681613
vn 0.6703365619261389 -0.47468801477015343 0.570368461942466
vn 0.3768661723208992 -0.6944676062137743 0.6129328120437869
vn 0.31443205642107375 -0.7379436157610157 0.5971362506600758
vn -0.42669959271360386 -0.39722313859718134 0.8124907604034949
vn -0.5924742757339388 -0.45056202338682166 0.6678084273765328
vn -0.4244613030126495 -0.8482073954619272 0.31682300504934524
vn 0.0938525971648027 -0.46584853262856424 0.8798731923710568
vn -0.42669959271360386 -0.39722313859718134 0.8124907604034949
vn -0.5183795744693939 -0.7230889208711843 0.4565359014209904
vn 0.3591379301408774 -0.48735378022716075 0.7959310523107027
vn 0.0938525971648027 -0.46584853262856424 0.8798731923710568
vn 0.10138757442048411 -0.7074368149910237 0.6994667344116423
vn 0.817648421006641 -0.47936939336686596 0.3188354502379394
vn 0.3591379301408774 -0.48735378022716075 0.7959310523107027
vn 0.3768661723208992 -0.6944676062137743 0.6129328120437869
vn -0.22206342551372427 0.055657494018805986 0.9734423857674666
vn -0.6015842602674213 0.11079726442586056 0.7910880760030742
vn -0.5924742757339388 -0.45056202338682166 0.6678084273765328
vn -0.021261883416536793 0.13782421523866303 0.9902284675808044
vn -0.22206342551372427 0.055657494018805986 0.9734423857674666
vn -0.42669959271360386 -0.39722313859718134 0.8124907604034949
vn 0.24181801300530564 0.02807222568333028 0.9699154595795192
vn -0.021261883416536793 0.13782421523866303 0.9902284675808044
vn 0.0938525971648027 -0.46584853262856424 0.8798731923710568
vn 0.4561074971482214 -0.07942658015170992 0.8863731547212997
vn 0.24181801300530564 0.02807222568333028 0.9699154595795192
vn 0.3591379301408774 -0.48735378022716075 0.7959310523107027
vn -0.16611033862565477 0.15742853056915115 0.9734596104433445
vn -0.42307718319178694 0.2268824678953784 0.8772286149141545
vn -0.6015842602674213 0.11079726442586056 0.7910880760030742
vn 0.02770181275217871 0.17338048691911243 0.9844652438384683
vn -0.16611033862565477 0.15742853056915115 0.9734596104433445
vn -0.22206342551372427 0.055657494018805986 0.9734423857674666
vn 0.14186261443093023 0.18168355144639975 0.9730704423425083
vn 0.02770181275217871 0.17338048691911243 0.9844652438384683
vn -0.021261883416536793 0.13782421523866303 0.9902284675808044
vn 0.08779411756226645 0.0925228563305227 0.9918325029852089
vn 0.14186261443093023 0.18168355144639975 0.9730704423425083
vn 0.24181801300530564 0.02807222568333028 0.9699154595795192
vn 0.8420515098308329 -0.24747988441995095 0.4792733683390957
vn 0.6703365619261389 -0.47468801477015343 0.570368461942466
vn 0.44898810593100597 -0.657774247194329 0.6047666661286992
vn 0.9191332724355076 -0.31822540322297477 -0.2322210590053584
vn 0.8420515098308329 -0.24747988441995095 0.4792733683390957
vn 0.7024841112335943 -0.7113768516514508 0.021425414787503518
vn 0.7411069345640078 -0.2834250787339488 -0.6086302130898483
vn 0.9191332724355076 -0.31822540322297477 -0.2322210590053584
vn 0.7337520864866158 -0.507745836158287 -0.4514443946273558
vn 0.6961704357234668 -0.10004843050969321 -0.7108706183104949
vn 0.7411069345640078 -0.2834250787339488 -0.6086302130898483
vn 0.7675422597053128 -0.35145397259327266 -0.536058751178329
vn 0.9493256766482926 -0.20071591453237211 0.24185508328272706
vn 0.817648421006641 -0.47936939336686596 0.3188354502379394
vn 0.6703365619261389 -0.47468801477015343 0.570368461942466
vn 0.9786395941561747 -0.02540821891454499 0.20400727232485652
vn 0.9493256766482926 -0.20071591453237211 0.24185508328272706
vn 0.8420515098308329 -0.24747988441995095 0.4792733683390957
vn 0.8943034756555737 0.026020359940572085 -0.44670374332316026
vn 0.9786395941561747 -0.02540821891454499 0.20400727232485652
vn 0.9191332724355076 -0.31822540322297477 -0.2322210590053584
vn 0.6136269055649054 0.14353378164654876 -0.7764406444108136
vn 0.8943034756555737 0.026020359940572085 -0.44670374332316026
vn 0.7411069345640078 -0.2834250787339488 -0.6086302130898483
vn 0.9854849774070611 -0.004446588348235339 0.16970441113025225
vn 0.4561074971482214 -0.07942658015170992 0.8863731547212997
vn 0.817648421006641 -0.47936939336686596 0.3188354502379394
vn 0.9685148812444326 0.22288678160864894 0.11090720171486113
vn 0.9854849774070611 -0.004446588348235339 0.16970441113025225
vn 0.9493256766482926 -0.20071591453237211 0.24185508328272706
vn 0.8584583295031198 0.4799294694999163 -0.18087841444528943
vn 0.9685148812444326 0.22288678160864894 0.11090720171486113
vn 0.9786395941561747 -0.02540821891454499 0.20400727232485652
vn 0.6441318303052274 0.5238515819482149 -0.5573811131335458
vn 0.8584583295031198 0.4799294694999163 -0.18087841444528943
vn 0.8943034756555737 0.026020359940572085 -0.44670374332316026
vn 0.4027903480443987 0.3562793551308391 0.8431043569035956
vn 0.08779411756226645 0.0925228563305227 0.9918325029852089
vn 0.4561074971482214 -0.07942658015170992 0.8863731547212997
vn 0.6599233572981174 0.7392082797683187 0.1344331864323102
vn 0.4027903480443987 0.3562793551308391 0.8431043569035956
vn 0.9854849774070611 -0.004446588348235339 0.16970441113025225
vn 0.5335584757018511 0.8291854608276408 -0.16663380376973377
vn 0.6599233572981174 0.7392082797683187 0.1344331864323102
vn 0.9685148812444326 0.22288678160864894 0.11090720171486113
vn 0.6506969254599618 0.756466074571432 -0.0659741556932809
vn 0.5335584757018511 0.8291854608276408 -0.16663380376973377
vn 0.8584583295031198 0.4799294694999163 -0.18087841444528943
vn 0.4019044055161357 0.045771513931886484 -0.9145369414841069
vn 0.6961704357234668 -0.10004843050969321 -0.7108706183104949
vn 0.6545844772361809 -0.24148506465081251 -0.7163826670935227
vn 0.0344159046047594 0.024210329968882584 -0.9991143104935661
vn 0.4019044055161357 0.045771513931886484 -0.9145369414841069
vn 0.4550003446866595 -0.2633994516745636 -0.8506441178263447
vn -0.3024268825285104 -0.06569157746041365 -0.9509061979895015
vn 0.0344159046047594 0.024210329968882584 -0.9991143104935661
vn 0.05884141234947121 -0.2451008522205625 -0.9677103184494178
vn -0.6237726350287986 -0.08232764142463878 -0.7772579103789714
vn -0.3024268825285104 -0.06569157746041365 -0.9509061979895015
vn -0.2610358353526961 -0.11415627841230146 -0.9585554948779821
vn 0.3691342154539248 0.3072959474406053 -0.8771026916318272
vn 0.6136269055649054 0.14353378164654876 -0.7764406444108136
vn 0.6961704357234668 -0.10004843050969321 -0.7108706183104949
vn 0.051707297599431774 0.40761758227343203 -0.9116875901297141
vn 0.3691342154539248 0.3072959474406053 -0.8771026916318272
vn 0.4019044055161357 0.045771513931886484 -0.9145369414841069
vn -0.26566904972636035 0.3958317007286503 -0.8790547313539453
vn 0.051707297599431774 0.40761758227343203 -0.9116875901297141
vn 0.0344159046047594 0.024210329968882584 -0.9991143104935661
vn -0.6467036704977608 0.19720112993792058 -0.736808032608176
vn -0.26566904972636035 0.3958317007286503 -0.8790547313539453
vn -0.3024268825285104 -0.06569157746041365 -0.9509061979895015
vn 0.22843526580681123 0.5646733178195187 -0.7930708502261751
vn 0.6441318303052274 0.5238515819482149 -0.5573811131335458
vn 0.6136269055649054 0.14353378164654876 -0.7764406444108136
vn 0.024747236011151762 0.6332662748561043 -0.7735382339869707
vn 0.22843526580681123 0.5646733178195187 -0.7930708502261751
vn 0.3691342154539248 0.3072959474406053 -0.8771026916318272
vn -0.4237847880593143 0.5932583307011032 -0.6844348080447564
vn 0.024747236011151762 0.6332662748561043 -0.7735382339869707
vn 0.051707297599431774 0.40761758227343203 -0.9116875901297141
vn -0.3926854044422093 0.7471848175806723 -0.536202407226036
vn -0.4237847880593143 0.5932583307011032 -0.6844348080447564
vn -0.26566904972636035 0.3958317007286503 -0.8790547313539453
vn 0.4475445213432677 0.8486753417178867 -0.28187597587530133
vn 0.6506969254599618 0.756466074571432 -0.0659741556932809
vn 0.6441318303052274 0.5238515819482149 -0.5573811131335458
vn 0.015194437947293625 0.8858298617354096 -0.46376134499685395
vn 0.4475445213432677 0.8486753417178867 -0.28187597587530133
vn 0.22843526580681123 0.5646733178195187 -0.7930708502261751
vn -0.6793200210770834 0.5160890829399234 -0.5217052495749489
vn 0.015194437947293625 0.8858298617354096 -0.46376134499685395
vn 0.024747236011151762 0.6332662748561043 -0.7735382339869707
vn -0.8084413045550193 0.4304719149973204 -0.4013933077268709
vn -0.6793200210770834 0.5160890829399234 -0.5217052495749489
vn -0.4237847880593143 0.5932583307011032 -0.6844348080447564
vn -0.8861990110328521 -0.17558210450243786 -0.42874495614862934
vn -0.6237726350287986 -0.08232764142463878 -0.7772579103789714
vn -0.5815171665509716 -0.2285363328070049 -0.7807745702785507
vn -0.9078403789524532 -0.40475708370198715 -0.1095333261456474
vn -0.8861990110328521 -0.17558210450243786 -0.42874495614862934
vn -0.8065008798717258 -0.4443885183721998 -0.3899681724257676
vn -0.705967707882071 -0.6890843898368357 0.16362242850823
vn -0.9078403789524532 -0.40475708370198715 -0.1095333261456474
vn -0.8413470411033465 -0.540306475208983 -0.014285281722405504
vn -0.4244613030126495 -0.8482073954619272 0.31682300504934524
vn -0.705967707882071 -0.6890843898368357 0.16362242850823
vn -0.6135014051834267 -0.7101519724625973 0.3453986129755642
vn -0.9755511878102787 0.035816365007014433 -0.21683419462722803
vn -0.6467036704977608 0.19720112993792058 -0.736808032608176
vn -0.6237726350287986 -0.08232764142463878 -0.7772579103789714
vn -0.9912464260388798 0.11459395733438608 -0.06556483667022059
vn -0.9755511878102787 0.035816365007014433 -0.21683419462722803
vn -0.8861990110328521 -0.17558210450243786 -0.42874495614862934
vn -0.9707941258292587 -0.11710182500400616 0.2093941924603846
vn -0.9912464260388798 0.11459395733438608 -0.06556483667022059
vn -0.9078403789524532 -0.40475708370198715 -0.1095333261456474
vn -0.5924742757339388 -0.45056202338682166 0.6678084273765328
vn -0.9707941258292587 -0.11710182500400616 0.2093941924603846
vn -0.705967707882071 -0.6890843898368357 0.16362242850823
vn -0.8475826498347504 0.4860237083441689 -0.21303663212341023
vn -0.3926854044422093 0.7471848175806723 -0.536202407226036
vn -0.6467036704977608 0.19720112993792058 -0.736808032608176
vn -0.9627882905744309 0.26138510464709935 0.06867703110494815
vn -0.8475826498347504 0.4860237083441689 -0.21303663212341023
vn -0.9755511878102787 0.035816365007014433 -0.21683419462722803
vn -0.9075236339284217 0.24548818556601584 0.3407879173457552
vn -0.9627882905744309 0.26138510464709935 0.06867703110494815
vn -0.9912464260388798 0.11459395733438608 -0.06556483667022059
vn -0.6015842602674213 0.11079726442586056 0.7910880760030742
vn -0.9075236339284217 0.24548818556601584 0.3407879173457552
vn -0.9707941258292587 -0.11710182500400616 0.2093941924603846
vn -0.8137132300613048 0.46602007867467055 -0.3474133927977616
vn -0.8084413045550193 0.4304719149973204 -0.4013933077268709
vn -0.3926854044422093 0.7471848175806723 -0.536202407226036
vn -0.8138932502335904 0.5802868932406339 -0.029067142228558097
vn -0.8137132300613048 0.46602007867467055 -0.3474133927977616
vn -0.8475826498347504 0.4860237083441689 -0.21303663212341023
vn -0.6101641643373825 0.4843799991842772 0.6269575017086115
vn -0.8138932502335904 0.5802868932406339 -0.029067142228558097
vn -0.9627882905744309 0.26138510464709935 0.06867703110494815
vn -0.42307718319178694 0.2268824678953784 0.8772286149141545
vn -0.6101641643373825 0.4843799991842772 0.6269575017086115
vn -0.9075236339284217 0.24548818556601584 0.3407879173457552
vn 0.9981598192925726 0.03496339032174829 -0.04954327892890999
vn 0.9972527958414211 0.03307295649891787 -0.06628001761382904
vn 0.9890200264682195 0.06598287758670172 -0.13223330560105018
vn 0 0.904276127693176 0.4269481056103129
vn 0 0.904276127693176 0.4269481056103129
vn 0 0.9453712283535967 0.32599576776579814
vn -0.9957380262772352 0.05317718965843079 -0.07535230272226397
vn -0.9968798106943431 0.038335982523612366 -0.06899996720260185
vn -0.9875322083472373 0.07645255709139685 -0.1376050289452205
vn 0 -0.7651061624328401 -0.6439041545193607
vn 0 -0.7651061624328401 -0.6439041545193607
vn 0 -0.654982549539889 -0.7556440033496109
vn 1 0 0
vn 1 0 0
vn 1 0 0
vn 0 -0.8741515782943015 0.4856531871259385
vn 0 -0.8741515782943015 0.4856531871259385
vn 0 -0.9014650496507659 0.4328518964474366
vn -1 0 0
vn -1 0 0
vn -1 0 0
vn 0 0.8713315705827689 -0.4906947056019303
vn 0 0.8713315705827689 -0.4906947056019303
vn 0 0.905780304685736 -0.42374761314185055
vn 1 0 0
vn 1 0 0
vn 1 0 0
vn 0 -0.3810102589760934 0.9245708099193757
vn 0 -0.41022833332728437 0.9119828477200206
vn 0 -0.5154357325397627 0.8569282383147369
vn -1 0 0
vn -1 0 0
vn -1 0 0
vn 0 0.3810102589760934 -0.9245708099193757
vn 0 0.41022834350116766 -0.9119828431436021
vn 0 0.5154360055024323 -0.856928074129735
vn 0.99957473246984 0.028954452257047833 0.003463221382210542
vn 0.9995885251851064 0.02854588096683156 0.0028130051708329007
vn 1 0 0
vn 0 -0.2955058118355508 0.9553409418482034
vn 0 -0.2955058118355508 0.9553409418482034
vn 0 -0.3810102589760934 0.9245708099193757
vn -0.9996065429382288 0.02785071626131113 0.00333120380870537
vn -0.9995885223169737 0.028546000580532176 0.0028128105206975157
vn -1 0 0
vn 0 0.2955751779148877 -0.9553194827912715
vn 0 0.2955751779148877 -0.9553194827912715
vn 0 0.3810102589760934 -0.9245708099193757
vn 0.9751428145840614 0.21995685981504645 -0.02674828939164661
vn 0.9758580536785576 0.21834428741733575 -0.005179886380369072
vn 0.9813002708421558 0.19243340226853525 0.004377686200242291
vn -0.9769958157494004 0.21169888231365958 -0.025744110691787853
vn -0.9758373743277926 0.21845829681536527 -0.004170301855911217
vn -0.9812867963259051 0.192489965906794 0.0048822516980161195
vn 1 0 0
vn 1 0 0
vn 1 0 0
vn 0 0.7921644533623385 0.6103076919301832
vn 0 0.6446422502002167 0.7644843813033733
vn 0 0.7221039278135889 0.6917845888975754
vn -1 0 0
vn -1 0 0
vn -1 0 0
vn 0 -0.819197415609693 -0.5735116339346569
vn 0 -0.532883839879327 -0.8461884028958703
vn 0 -0.7779817782910535 -0.628286839466728
vn 1 0 0
vn 1 0 0
vn 1 0 0
vn 0 -0.6959859373733409 0.718055412192229
vn 0 -0.7694336992978358 0.6387266883298739
vn 0 -0.6959859373733409 0.718055412192229
vn -1 0 0
vn -1 0 0
vn -1 0 0
vn 0 0.2265499392830808 -0.9739995508268124
vn 0 0.7638198429086009 -0.6454295062817321
vn 0 0.47366992045005224 -0.8807024505818303
vn 1 0 0
vn 1 0 0
vn 1 0 0
vn 0 -0.8741515782943015 0.4856531871259385
vn 0 -0.7585897911320505 0.651568514271701
vn 0 -0.8741515782943015 0.4856531871259385
vn -1 0 0
vn -1 0 0
vn -1 0 0
vn 0 0.8713315705827689 -0.4906947056019303
vn 0 0.758589912032507 -0.6515683735131051
vn 0 0.8713315705827689 -0.4906947056019303
vn 0.99957473246984 0.028954452257047833 0.003463221382210542
vn 0.9954582028978666 0.09470283541030179 0.009712839368538914
vn 0.9995885251851064 0.02854588096683156 0.0028130051708329007
vn 0 -0.2955058118355508 0.9553409418482034
vn 0 -0.16054412697978737 0.9870286638655932
vn 0 -0.2955058118355508 0.9553409418482034
vn -0.9996065429382288 0.02785071626131113 0.00333120380870537
vn -0.9956630594919638 0.09255086382492407 0.009455663295745365
vn -0.9995885223169737 0.028546000580532176 0.0028128105206975157
vn 0 0.2955751779148877 -0.9553194827912715
vn 0 0.16070631580179287 -0.9870022695320484
vn 0 0.2955751779148877 -0.9553194827912715
vn 0 -0.532883839879327 -0.8461884028958703
vn 0 0.2265499392830808 -0.9739995508268124
vn 0 -0.27680756475971074 -0.9609253728005096
vn 1 0 0
vn 1 0 0
vn 1 0 0
vn 0 -0.7694336992978358 0.6387266883298739
vn 0 -0.9014650496507659 0.4328518964474366
vn 0 -0.8346010293448773 0.5508549008736069
vn -1 0 0
vn -1 0 0
vn -1 0 0
vn 0 0.7638198429086009 -0.6454295062817321
vn 0 0.905780304685736 -0.42374761314185055
vn 0 0.8411038886263459 -0.5408735975601321
vn 1 0 0
vn 1 0 0
vn 1 0 0
vn 0 -0.7585897911320505 0.651568514271701
vn 0 -0.5154357325397627 0.8569282383147369
vn 0 -0.6772775268931873 0.7357276340912091
vn -1 0 0
vn -1 0 0
vn -1 0 0
vn 0 0.758589912032507 -0.6515683735131051
vn 0 0.5154360055024323 -0.856928074129735
vn 0 0.6772778607731783 -0.7357273267362759
vn 0.9954582028978666 0.09470283541030179 0.009712839368538914
vn 0.9813002708421558 0.19243340226853525 0.004377686200242291
vn 0.991475938907508 0.12984629870034498 0.010742498838571228
vn 0 -0.16054412697978737 0.9870286638655932
vn 0 0.03931483925389238 0.9992268728444209
vn 0 -0.08101981115249951 0.9967124912434945
vn -0.9956630594919638 0.09255086382492407 0.009455663295745365
vn -0.9812867963259051 0.192489965906794 0.0048822516980161195
vn -0.9913791602929843 0.1305760010786724 0.010829057164862725
vn 0 0.16070631580179287 -0.9870022695320484
vn 0 -0.03917940821975215 -0.9992321922213827
vn 0 0.08120296719264092 -0.9966975860907413
vn 0 0.904276127693176 0.4269481056103129
vn 0 0.7921644533623385 0.6103076919301832
vn 0 0.904276127693176 0.4269481056103129
vn 0.9981598192925726 0.03496339032174829 -0.04954327892890999
vn 1 0 0
vn 0.9972527958414211 0.03307295649891787 -0.06628001761382904
vn 0 -0.7651061624328401 -0.6439041545193607
vn 0 -0.819197415609693 -0.5735116339346569
vn 0 -0.7651061624328401 -0.6439041545193607
vn -0.9957380262772352 0.05317718965843079 -0.07535230272226397
vn -1 0 0
vn -0.9968798106943431 0.038335982523612366 -0.06899996720260185
vn 0.058670447502601725 -0.336445494527793 0.9398735062771975
vn 0.07367520584836304 -0.3432904006639219 0.9363352310231658
vn 0.14698723082675774 -0.3332516852726518 0.9313098669276616
vn -0.08191805867046609 0.9330651255893527 0.350255482573203
vn -0.08191793287105514 0.9330651228324184 0.3502555193396064
vn 0.027037333674936274 0.9358693891056411 0.3513082252421434
vn 0.08923415932967156 0.37175592336928287 -0.924031816686297
vn 0.07807128192143722 0.36123901578506046 -0.9291992511909296
vn 0.15569572057893627 0.36879043223232993 -0.9163800847286551
vn 0.3339445908385378 -0.882466184936886 -0.3312618944168183
vn 0.33394446598681865 -0.8824662799490963 -0.33126176717149514
vn 0.4772582114130046 -0.8227082274696315 -0.30882968136601885
vn -1.3059971103780392e-8 -0.3514366839351114 0.9362116519167514
vn -9.63685236818783e-9 -0.3514366787036556 0.936211653880544
vn -1.9656275162188247e-8 -0.3514366728182677 0.9362116560898105
vn -0.7618830987897055 -0.6063979286594967 -0.22763061282715877
vn -0.761883098805152 -0.6063979256149734 -0.22763062088593475
vn -0.7220491072967525 -0.6477103755254285 -0.24313855327502254
vn 1.4744683057667891e-8 0.35143668088342883 -0.936211653062297
vn 9.4233378251767e-9 0.35143667826770086 -0.9362116540441933
vn 2.2778890270527477e-8 0.35143667456208627 -0.9362116554352127
vn 0.7656119439262089 0.6022674850421302 0.22608013574518032
vn 0.7656119439207923 0.6022674861118863 0.22608013291374063
vn 0.7150419053735331 0.6544883459034309 0.2456828822616232
vn -1.965507789644445e-9 -0.3514366569059228 0.9362116620630127
vn -9.517395920882984e-10 -0.3514366638811973 0.9362116594446227
vn -1.929497483189827e-8 -0.3514366569059228 0.9362116620630127
vn -0.9994949457609674 -0.02975111180231651 -0.011168023316905458
vn -0.9979782494511393 -0.05950222490984305 -0.022336043813039868
vn -0.9834091852640843 -0.16982986476627068 -0.06375101075041872
vn 1.612539795544394e-9 0.35143665908569616 -0.936211661244766
vn 1.718900939488352e-9 0.35143666453512934 -0.9362116591991487
vn 1.9862403612122506e-8 0.3514366573418774 -0.9362116618993631
vn 0.9994949461156046 0.02975110237886813 0.011168016681884444
vn 0.997978250868206 0.059502205093614695 0.022336033287788572
vn 0.9834091879195914 0.16982985278044233 0.06375100171685745
vn 0.00693326346009535 -0.3247693559936924 0.9457678337019266
vn 0.007398443565957885 -0.32534626937497413 0.9455660040613707
vn -1.965507789644445e-9 -0.3514366569059228 0.9362116620630127
vn -0.9982528961619254 0.055317015301795364 0.020764949372177502
vn -0.9982528990113129 0.05531696277696219 0.020764952314937583
vn -0.9994949457609674 -0.02975111180231651 -0.011168023316905458
vn 0.006668992822049798 0.3768053093326554 -0.9262684726327792
vn 0.0073986729900105885 0.37723783314030185 -0.9260868624948725
vn 1.612539795544394e-9 0.35143665908569616 -0.936211661244766
vn 0.9982571978212555 -0.055248932957158686 -0.020739392593568797
vn 0.9982571954109408 -0.05524896498049846 -0.02073942330119091
vn 0.9994949461156046 0.02975110237886813 0.011168016681884444
vn 0.10234310722284631 -0.15871110018924212 0.9820064536858674
vn 0.08158356021322277 -0.1532793906692378 0.9848093983604149
vn 0.06352954399269657 -0.17475813285166378 0.9825597142373995
vn 0.09850073004975145 0.5204341307549238 -0.8482015808314866
vn 0.08067836424429656 0.5330499461459385 -0.8422284467154245
vn 0.0630770241254658 0.5151825760024321 -0.85475622396738
vn 7.854956818176387e-9 -0.35143668415308876 0.9362116518349267
vn 2.2946514410445555e-8 -0.3514366778317462 0.9362116542078426
vn 1.1103514740564925e-8 -0.35143668873061257 0.9362116501166081
vn -0.2929819230183339 0.8951288104562067 0.33601488877092256
vn -0.48916907301448004 0.8165535013184956 0.30651916333348544
vn -0.3938836047269647 0.8605286232657056 0.3230266157265091
vn -1.124467116252165e-8 0.3514366813193835 -0.9362116528986477
vn -3.147454261071592e-8 0.3514366327104391 -0.9362116711455519
vn -1.3653436835076172e-8 0.3514366882946579 -0.9362116502802574
vn 0.24903205976833356 -0.9067165099363639 -0.3403648098972051
vn 0.6049360786192872 -0.7454810453128171 -0.27983986825330864
vn 0.3147977253469028 -0.8886135274701994 -0.3335691696086212
vn 4.0097685852958944e-8 -0.35143669309015885 0.9362116484801136
vn -6.798140476337382e-8 -0.3514366617014233 0.9362116602628675
vn -1.4287464785589404e-8 -0.3514366612654694 0.9362116604265189
vn -0.9168458693875922 -0.37377440642637294 -0.14030803571970776
vn -0.8683899119155313 -0.4642505181889829 -0.17427110272387808
vn -0.9168458802953611 -0.37377438329930407 -0.14030802605214426
vn -3.147454261071592e-8 0.3514366327104391 -0.9362116711455519
vn 7.654704555156383e-9 0.3514366704205172 -0.9362116569898822
vn -1.8555088443591007e-8 0.3514366366340312 -0.936211669672708
vn 0.9914876850625709 -0.12189522813187931 -0.04575722596422621
vn 0.8726927996242775 0.4571237695697336 0.1715958530335102
vn 0.9909888449114046 0.12540033474998916 0.0470729785094478
vn -1.3059971103780392e-8 -0.3514366839351114 0.9362116519167514
vn -1.4010368214167527e-8 -0.35143668262724737 0.9362116524076994
vn -9.63685236818783e-9 -0.3514366787036556 0.936211653880544
vn -0.7618830987897055 -0.6063979286594967 -0.22763061282715877
vn -0.8766022851272272 -0.450519639823906 -0.16911678758379262
vn -0.761883098805152 -0.6063979256149734 -0.22763062088593475
vn 1.4744683057667891e-8 0.35143668088342883 -0.936211653062297
vn 1.3996243512519812e-8 0.35143668262724737 -0.9362116524076994
vn 9.4233378251767e-9 0.35143667826770086 -0.9362116540441933
vn 0.7656119439262089 0.6022674850421302 0.22608013574518032
vn 0.8766022976900539 0.4505196204414921 0.16911677409935486
vn 0.7656119439207923 0.6022674861118863 0.22608013291374063
vn 0.00693326346009535 -0.3247693559936924 0.9457678337019266
vn 0.02418861785840948 -0.2636385228380849 0.9643182255053838
vn 0.007398443565957885 -0.32534626937497413 0.9455660040613707
vn -0.9982528961619254 0.055317015301795364 0.020764949372177502
vn -0.980488809700991 0.18403572728294434 0.06908360973900862
vn -0.9982528990113129 0.05531696277696219 0.020764952314937583
vn 0.006668992822049798 0.3768053093326554 -0.9262684726327792
vn 0.02367314196510812 0.4341437416590961 -0.9005325057585316
vn 0.0073986729900105885 0.37723783314030185 -0.9260868624948725
vn 0.9982571978212555 -0.055248932957158686 -0.020739392593568797
vn 0.980521134831749 -0.18388472039786963 -0.06902690600379206
vn 0.9982571954109408 -0.05524896498049846 -0.02073942330119091
vn 0.6049360786192872 -0.7454810453128171 -0.27983986825330864
vn 0.9914876850625709 -0.12189522813187931 -0.04575722596422621
vn 0.8023489572426042 -0.5587828201459187 -0.20975678945264062
vn -6.798140476337382e-8 -0.3514366617014233 0.9362116602628675
vn -1.9656275162188247e-8 -0.3514366728182677 0.9362116560898105
vn -6.747535621609549e-8 -0.3514366527643528 0.9362116636176795
vn -0.8683899119155313 -0.4642505181889829 -0.17427110272387808
vn -0.7220491072967525 -0.6477103755254285 -0.24313855327502254
vn -0.8090260038851064 -0.5502798022769539 -0.20656491532623017
vn 7.654704555156383e-9 0.3514366704205172 -0.9362116569898822
vn 2.2778890270527477e-8 0.35143667456208627 -0.9362116554352127
vn 3.4460282327122995e-8 0.35143671423395934 -0.9362116405431183
vn 0.8726927996242775 0.4571237695697336 0.1715958530335102
vn 0.7150419053735331 0.6544883459034309 0.2456828822616232
vn 0.8019668449103501 0.5592634047796039 0.20993718998515623
vn -1.4010368214167527e-8 -0.35143668262724737 0.9362116524076994
vn -1.929497483189827e-8 -0.3514366569059228 0.9362116620630127
vn -2.378373094161619e-8 -0.3514366634452426 0.9362116596082719
vn -0.8766022851272272 -0.450519639823906 -0.16911678758379262
vn -0.9834091852640843 -0.16982986476627068 -0.06375101075041872
vn -0.9268168772363998 -0.3515602280091149 -0.13196924699318172
vn 1.3996243512519812e-8 0.35143668262724737 -0.9362116524076994
vn 1.9862403612122506e-8 0.3514366573418774 -0.9362116618993631
vn 2.3698988060806813e-8 0.3514366634452426 -0.9362116596082719
vn 0.8766022976900539 0.4505196204414921 0.16911677409935486
vn 0.9834091879195914 0.16982985278044233 0.06375100171685745
vn 0.9268168875977569 0.3515602070918517 0.1319692299482761
vn 0.02418861785840948 -0.2636385228380849 0.9643182255053838
vn 0.06352954399269657 -0.17475813285166378 0.9825597142373995
vn 0.035575300498832244 -0.2310972955472724 0.9722800203568694
vn -0.980488809700991 0.18403572728294434 0.06908360973900862
vn -0.9216710982108869 0.36322412868520754 0.1363474204508815
vn -0.9616071043650525 0.2569245175518025 0.09644464275133517
vn 0.02367314196510812 0.4341437416590961 -0.9005325057585316
vn 0.0630770241254658 0.5151825760024321 -0.85475622396738
vn 0.0357507511228514 0.4664189268969627 -0.8838412009102301
vn 0.980521134831749 -0.18388472039786963 -0.06902690600379206
vn 0.9217237797101026 -0.36310692190511834 -0.13630347457608205
vn 0.9616576345805803 -0.2567586918296248 -0.09638240515168187
vn -0.08191805867046609 0.9330651255893527 0.350255482573203
vn -0.2929819230183339 0.8951288104562067 0.33601488877092256
vn -0.08191793287105514 0.9330651228324184 0.3502555193396064
vn 0.058670447502601725 -0.336445494527793 0.9398735062771975
vn 7.854956818176387e-9 -0.35143668415308876 0.9362116518349267
vn 0.07367520584836304 -0.3432904006639219 0.9363352310231658
vn 0.3339445908385378 -0.882466184936886 -0.3312618944168183
vn 0.24903205976833356 -0.9067165099363639 -0.3403648098972051
vn 0.33394446598681865 -0.8824662799490963 -0.33126176717149514
vn 0.08923415932967156 0.37175592336928287 -0.924031816686297
vn -1.124467116252165e-8 0.3514366813193835 -0.9362116528986477
vn 0.07807128192143722 0.36123901578506046 -0.9291992511909296
vn -0.998159819186475 -0.006274452980045593 0.06031257415684386
vn -0.9972527947019063 -0.01871134927489134 0.07167111599208098
vn -0.9890200228833814 -0.03733045712644927 0.14298892022281334
vn 0 0.9618541928913976 0.2735626283271131
vn 0 0.9618541928913976 0.2735626283271131
vn 0 0.9263678056754961 0.3766200852423649
vn 0.9957380235142814 -0.00954306066608028 0.09173177487106499
vn 0.996879809094338 -0.016538197892551534 0.07718247359668615
vn 0.9875322031435878 -0.032981740607297555 0.15392320338689924
vn 0 -0.9998266520687986 -0.018618963797626537
vn 0 -0.9998266515464415 -0.018618991847870907
vn 0 -0.9904342825092111 0.13798526019276178
vn -1 0 0
vn -1 0 0
vn -1 0 0
vn 0 -0.338644225327861 -0.9409144959304713
vn 0 -0.338644225327861 -0.9409144959304713
vn 0 -0.3939557476485679 -0.9191294081328582
vn 1 0 0
vn 1 0 0
vn 1 0 0
vn 0 0.3332032972137815 0.942855006205018
vn 0 0.3332032972137815 0.942855006205018
vn 0 0.40319613758629336 0.9151135856468828
vn -1 0 0
vn -1 0 0
vn -1 0 0
vn 0 0.321508063859704 -0.9469068406518059
vn 0 0.2912239447698486 -0.9566549085185777
vn 0 0.17577601499178228 -0.9844301867342392
vn 1 0 0
vn 1 0 0
vn 1 0 0
vn 0 -0.32150806738499466 0.9469068394548461
vn 0 -0.2912239732159735 0.956654899859036
vn 0 -0.17577601499178228 0.9844301867342392
vn -0.9995747340996678 0.024081162810011398 0.016445319920758452
vn -0.9995885262581046 0.02334567741919529 0.016666058891937428
vn -1 0 0
vn 0 0.40613937311321946 -0.9138111454820418
vn 0 0.40613937651219223 -0.9138111439713832
vn 0 0.321508063859704 -0.9469068406518059
vn 0.9996065431561113 0.023163233697883964 0.015818453911386494
vn 0.9995885232847154 0.023345643315175694 0.01666628499944729
vn 1 0 0
vn 0 -0.4060732805788844 0.9138405171581652
vn 0 -0.4060732805788844 0.9138405171581652
vn 0 -0.32150806738499466 0.9469068394548461
vn -0.9751427872099644 0.1480220751051895 0.16488180564857857
vn -0.9758580657261294 0.16100105536185572 0.14757945564890063
vn -0.9813002571021138 0.1477801400127625 0.12333221650945066
vn 0.9769958474584785 0.14246461835275032 0.1586913563068096
vn 0.975837387709341 0.16175129087169052 0.1468942226568179
vn 0.9812867821020677 0.14815477187662124 0.12298949077850461
vn -1 0 0
vn -1 0 0
vn -1 0 0
vn 0 0.9980933915894018 0.06172180867055921
vn 0 0.9884654317158829 -0.15144665827522716
vn 0 0.9989537536510309 -0.045731805852335
vn 1 0 0
vn 1 0 0
vn 1 0 0
vn 0 -0.9942355343922655 -0.1072180122541266
vn 0 -0.9580776985381966 0.2865085052206177
vn 0 -0.9992449832053223 -0.038851815131278875
vn -1 0 0
vn -1 0 0
vn -1 0 0
vn 0 -0.05156036876788037 -0.9986698795760892
vn 0 -0.15906592260138394 -0.987267963760078
vn 0 -0.05156036876788037 -0.9986698795760892
vn 1 0 0
vn 1 0 0
vn 1 0 0
vn 0 -0.47034018937640687 0.8824851875569163
vn 0 0.15042785155369104 0.9886209898019265
vn 0 -0.22286903797095034 0.9748483943228831
vn -1 0 0
vn -1 0 0
vn -1 0 0
vn 0 -0.338644225327861 -0.9409144959304713
vn 0 -0.14244949452732045 -0.9898020718855417
vn 0 -0.338644225327861 -0.9409144959304713
vn 1 0 0
vn 1 0 0
vn 1 0 0
vn 0 0.3332032972137815 0.942855006205018
vn 0 0.14244949452732045 0.9898020718855417
vn 0 0.3332032972137815 0.942855006205018
vn -0.9995747340996678 0.024081162810011398 0.016445319920758452
vn -0.9954581962205192 0.07770139775096377 0.05500429405907173
vn -0.9995885262581046 0.02334567741919529 0.016666058891937428
vn 0 0.40613937311321946 -0.9138111454820418
vn 0 0.5286152989643262 -0.8488615114969319
vn 0 0.40613937651219223 -0.9138111439713832
vn 0.9996065431561113 0.023163233697883964 0.015818453911386494
vn 0.9956630606608441 0.07591169033591189 0.053781826910445044
vn 0.9995885232847154 0.023345643315175694 0.01666628499944729
vn 0 -0.4060732805788844 0.9138405171581652
vn 0 -0.5284761524904961 0.8489481469729714
vn 0 -0.4060732805788844 0.9138405171581652
vn 0 -0.9580776985381966 0.2865085052206177
vn 0 -0.47034018937640687 0.8824851875569163
vn 0 -0.8407575873564175 0.5414117465502718
vn -1 0 0
vn -1 0 0
vn -1 0 0
vn 0 -0.15906592260138394 -0.987267963760078
vn 0 -0.3939557476485679 -0.9191294081328582
vn 0 -0.26595802961546505 -0.9639846090488474
vn 1 0 0
vn 1 0 0
vn 1 0 0
vn 0 0.15042785155369104 0.9886209898019265
vn 0 0.40319613758629336 0.9151135856468828
vn 0 0.2774227282862816 0.9607479533312553
vn -1 0 0
vn -1 0 0
vn -1 0 0
vn 0 -0.14244949452732045 -0.9898020718855417
vn 0 0.17577601499178228 -0.9844301867342392
vn 0 -0.02584301656872273 -0.9996660134738146
vn 1 0 0
vn 1 0 0
vn 1 0 0
vn 0 0.14244949452732045 0.9898020718855417
vn 0 -0.17577601499178228 0.9844301867342392
vn 0 0.02584301656872273 0.9996660134738146
vn -0.9954581962205192 0.07770139775096377 0.05500429405907173
vn -0.9813002571021138 0.1477801400127625 0.12333221650945066
vn -0.9914759243186791 0.1048415078309286 0.07735470077609019
vn 0 0.5286152989643262 -0.8488615114969319
vn 0 0.6871330839359354 -0.7265315718953242
vn 0 0.5948684999770029 -0.8038230325980404
vn 0.9956630606608441 0.07591169033591189 0.053781826910445044
vn 0.9812867821020677 0.14815477187662124 0.12298949077850461
vn 0.991379146237988 0.10544790976487821 0.07776970316682555
vn 0 -0.5284761524904961 0.8489481469729714
vn 0 -0.6870347927358759 0.7266245203475948
vn 0 -0.5947208832625516 0.8039322552375981
vn 0 0.9618541928913976 0.2735626283271131
vn 0 0.9980933915894018 0.06172180867055921
vn 0 0.9618541928913976 0.2735626283271131
vn -0.998159819186475 -0.006274452980045593 0.06031257415684386
vn -1 0 0
vn -0.9972527947019063 -0.01871134927489134 0.07167111599208098
vn 0 -0.9998266520687986 -0.018618963797626537
vn 0 -0.9942355343922655 -0.1072180122541266
vn 0 -0.9998266515464415 -0.018618991847870907
vn 0.9957380235142814 -0.00954306066608028 0.09173177487106499
vn 1 0 0
vn 0.996879809094338 -0.016538197892551534 0.07718247359668615
vn -0.05867039917525061 0.36513442848184346 -0.9291042101927286
vn -0.07367518408029582 0.3576520072450593 -0.9309441492185848
vn -0.14698718367418206 0.3619041102461933 -0.9205542802151557
vn 0.0819177848488941 0.9330651466602352 0.3502554904828246
vn 0.08191791806988911 0.9330651239713851 0.3502555197671536
vn -0.02703735973290555 0.9358693884458028 0.3513082249944522
vn -0.0892341588943442 -0.3281217938844225 0.9404112681505298
vn -0.07807128800240368 -0.3394412327753148 0.9373817383977674
vn -0.15569572562055714 -0.3253196251579774 0.9326982269258162
vn -0.33394428852657576 -0.8824662851384503 -0.33126193224459494
vn -0.33394441302948397 -0.8824662974323567 -0.33126177398308543
vn -0.47725814038699216 -0.8227082635073094 -0.30882969512522157
vn -1.3059971103780392e-8 0.3514366839351114 -0.9362116519167514
vn -9.63685236818783e-9 0.3514366787036556 -0.936211653880544
vn -1.9656275162188247e-8 0.3514366728182677 -0.9362116560898105
vn 0.7618830988560835 -0.6063979155762745 -0.2276306474581149
vn 0.7618830988306179 -0.606397920595624 -0.22763063417202484
vn 0.7220491073254894 -0.647710369933272 -0.2431385680869404
vn 1.4744683057667891e-8 -0.35143668088342883 0.936211653062297
vn 9.4233378251767e-9 -0.35143667826770086 0.9362116540441933
vn 2.2778890270527477e-8 -0.35143667456208627 0.9362116554352127
vn -0.7656119439262089 0.6022674850421302 0.22608013574518032
vn -0.7656119439282921 0.6022674846306855 0.2260801368341956
vn -0.7150419053819905 0.6544883442588383 0.2456828866181297
vn -1.9722666054858862e-9 0.35143665668794544 -0.9362116621448373
vn -9.584972977085475e-10 0.3514366638811973 -0.9362116594446227
vn -1.929497483189827e-8 0.3514366569059228 -0.9362116620630127
vn 0.9994949457603248 -0.029751113777352532 -0.011168018112985414
vn 0.9979782489772834 -0.05950223382498788 -0.022336041235452936
vn 0.9834091852600475 -0.16982986697556995 -0.06375100492721637
vn 1.6056756195357735e-9 -0.35143665930367346 0.9362116611629411
vn 1.7120379847235761e-9 -0.35143666453512934 0.9362116591991487
vn 1.9862403612122506e-8 -0.3514366573418774 0.9362116618993631
vn -0.9994949461156046 0.02975110237886813 0.011168016681884444
vn -0.997978250868206 0.059502205093614695 0.022336033287788572
vn -0.9834091879209499 0.16982985203712672 0.06375100367606573
vn -0.006933292441908108 0.3778049982602897 -0.9258592294433626
vn -0.007398448561848717 0.3772377906537645 -0.9260868815945642
vn -1.9722666054858862e-9 0.35143665668794544 -0.9362116621448373
vn 0.9982529014237914 0.055316932065447126 0.020764918151752253
vn 0.9982528987915866 0.055316966247666556 0.02076495363223396
vn 0.9994949457603248 -0.029751113777352532 -0.011168018112985414
vn -0.0066689585155988 -0.32579142422064555 0.9454181471161849
vn -0.0073986712274838875 -0.32534622833061233 0.9455660164024047
vn 1.6056756195357735e-9 -0.35143665930367346 0.9362116611629411
vn -0.998257192993139 -0.05524900941141717 -0.020739421315840115
vn -0.9982571954109408 -0.05524896498049846 -0.02073942330119091
vn -0.9994949461156046 0.02975110237886813 0.011168016681884444
vn -0.10234316677328051 0.5266906700479884 -0.8438736957028684
vn -0.08158354580433921 0.5326251352778221 -0.84240998944948
vn -0.06352955747440744 0.5149717201867943 -0.8548497661782216
vn -0.09850077856184215 -0.1662700899610283 0.981148232331416
vn -0.08067842649087145 -0.1528400421740675 0.9849522389472427
vn -0.06307703976803763 -0.17453778518805688 0.9826280316557987
vn 7.845129123762717e-9 0.3514366830632021 -0.9362116522440503
vn 2.2946514410445555e-8 0.3514366778317462 -0.9362116542078426
vn 1.1103514740564925e-8 0.35143668873061257 -0.9362116501166081
vn 0.292981895774195 0.8951288182720609 0.33601489170485044
vn 0.4891690730079833 0.8165535027947513 0.306519159411174
vn 0.3938836047235957 0.8605286241671287 0.32302661332926597
vn -1.1215193408498556e-8 -0.3514366824092702 0.9362116524895242
vn -3.147454261071592e-8 -0.3514366327104391 0.9362116711455519
vn -1.3437663654336176e-8 -0.35143668873061257 0.9362116501166081
vn -0.24903204579150148 -0.9067165132191942 -0.3403648113782124
vn -0.6049360786192872 -0.7454810453128171 -0.27983986825330864
vn -0.31479764480020267 -0.8886135523984189 -0.33356917921490903
vn 4.0097685852958944e-8 0.35143669309015885 -0.9362116484801136
vn -6.798140476337382e-8 0.3514366617014233 -0.9362116602628675
vn -1.4287464785589404e-8 0.3514366612654694 -0.9362116604265189
vn 0.9168458802965999 -0.3737743829693423 -0.14030802692305394
vn 0.8683899119157135 -0.46425051814777196 -0.17427110283275468
vn 0.9168458802955161 -0.37377438325805884 -0.140308026161008
vn -3.147454261071592e-8 -0.3514366327104391 0.9362116711455519
vn 7.654704555156383e-9 -0.3514366704205172 0.9362116569898822
vn -1.8555088443591007e-8 -0.3514366366340312 0.936211669672708
vn -0.9914876869861682 -0.12189521444717541 -0.04575722073832231
vn -0.8726927996240972 0.45712376961094753 0.17159585292463472
vn -0.9909888429334477 0.12540034845187265 0.04707298364854081
vn -1.3059971103780392e-8 0.3514366839351114 -0.9362116519167514
vn -1.4010368214167527e-8 0.35143668262724737 -0.9362116524076994
vn -9.63685236818783e-9 0.3514366787036556 -0.936211653880544
vn 0.7618830988560835 -0.6063979155762745 -0.2276306474581149
vn 0.8766022976900539 -0.4505196204414921 -0.16911677409935486
vn 0.7618830988306179 -0.606397920595624 -0.22763063417202484
vn 1.4744683057667891e-8 -0.35143668088342883 0.936211653062297
vn 1.3996243512519812e-8 -0.35143668262724737 0.9362116524076994
vn 9.4233378251767e-9 -0.35143667826770086 0.9362116540441933
vn -0.7656119439262089 0.6022674850421302 0.22608013574518032
vn -0.8766022851272272 0.450519639823906 0.16911678758379262
vn -0.7656119439282921 0.6022674846306855 0.2260801368341956
vn -0.006933292441908108 0.3778049982602897 -0.9258592294433626
vn -0.024188639461091493 0.4360425114956318 -0.8996009325748852
vn -0.007398448561848717 0.3772377906537645 -0.9260868815945642
vn 0.9982529014237914 0.055316932065447126 0.020764918151752253
vn 0.9804887643167793 0.18403593923471973 0.06908368923667589
vn 0.9982528987915866 0.055316966247666556 0.02076495363223396
vn -0.0066689585155988 -0.32579142422064555 0.9454181471161849
vn -0.02367311848067664 -0.2656813051090356 0.963770215132715
vn -0.0073986712274838875 -0.32534622833061233 0.9455660164024047
vn -0.998257192993139 -0.05524900941141717 -0.020739421315840115
vn -0.9805211549203989 -0.18388462647936588 -0.0690268708410799
vn -0.9982571954109408 -0.05524896498049846 -0.02073942330119091
vn -0.6049360786192872 -0.7454810453128171 -0.27983986825330864
vn -0.9914876869861682 -0.12189521444717541 -0.04575722073832231
vn -0.8023489572421991 -0.5587828202282533 -0.2097567892348547
vn -6.798140476337382e-8 0.3514366617014233 -0.9362116602628675
vn -1.9656275162188247e-8 0.3514366728182677 -0.9362116560898105
vn -6.747535621609549e-8 0.3514366527643528 -0.9362116636176795
vn 0.8683899119157135 -0.46425051814777196 -0.17427110283275468
vn 0.7220491073254894 -0.647710369933272 -0.2431385680869404
vn 0.8090260038786697 -0.5502798035944428 -0.2065649118417064
vn 7.654704555156383e-9 -0.3514366704205172 0.9362116569898822
vn 2.2778890270527477e-8 -0.35143667456208627 0.9362116554352127
vn 3.4460282327122995e-8 -0.35143671423395934 0.9362116405431183
vn -0.8726927996240972 0.45712376961094753 0.17159585292463472
vn -0.7150419053819905 0.6544883442588383 0.2456828866181297
vn -0.8019668449208874 0.5592634026389184 0.20993719564759517
vn -1.4010368214167527e-8 0.35143668262724737 -0.9362116524076994
vn -1.929497483189827e-8 0.3514366569059228 -0.9362116620630127
vn -2.378373094161619e-8 0.3514366634452426 -0.9362116596082719
vn 0.8766022976900539 -0.4505196204414921 -0.16911677409935486
vn 0.9834091852600475 -0.16982986697556995 -0.06375100492721637
vn 0.9268168875977569 -0.3515602070918517 -0.1319692299482761
vn 1.3996243512519812e-8 -0.35143668262724737 0.9362116524076994
vn 1.9862403612122506e-8 -0.3514366573418774 0.9362116618993631
vn 2.3698988060806813e-8 -0.3514366634452426 0.9362116596082719
vn -0.8766022851272272 0.450519639823906 0.16911678758379262
vn -0.9834091879209499 0.16982985203712672 0.06375100367606573
vn -0.9268168772363998 0.3515602280091149 0.13196924699318172
vn -0.024188639461091493 0.4360425114956318 -0.8996009325748852
vn -0.06352955747440744 0.5149717201867943 -0.8548497661782216
vn -0.0355753294144595 0.46578483014722744 -0.8841826100652349
vn 0.9804887643167793 0.18403593923471973 0.06908368923667589
vn 0.9216711088677629 0.3632241049806563 0.13634741156131033
vn 0.9616070965003457 0.256924543354842 0.09644465242863831
vn -0.02367311848067664 -0.2656813051090356 0.963770215132715
vn -0.06307703976803763 -0.17453778518805688 0.9826280316557987
vn -0.03575072387191062 -0.23039518898339847 0.972440200030798
vn -0.9805211549203989 -0.18388462647936588 -0.0690268708410799
vn -0.9217237797055655 -0.36310692314258136 -0.1363034713102108
vn -0.961657642437388 -0.2567586672209516 -0.09638239231667631
vn 0.0819177848488941 0.9330651466602352 0.3502554904828246
vn 0.292981895774195 0.8951288182720609 0.33601489170485044
vn 0.08191791806988911 0.9330651239713851 0.3502555197671536
vn -0.05867039917525061 0.36513442848184346 -0.9291042101927286
vn 7.845129123762717e-9 0.3514366830632021 -0.9362116522440503
vn -0.07367518408029582 0.3576520072450593 -0.9309441492185848
vn -0.33394428852657576 -0.8824662851384503 -0.33126193224459494
vn -0.24903204579150148 -0.9067165132191942 -0.3403648113782124
vn -0.33394441302948397 -0.8824662974323567 -0.33126177398308543
vn -0.0892341588943442 -0.3281217938844225 0.9404112681505298
vn -1.1215193408498556e-8 -0.3514366824092702 0.9362116524895242
vn -0.07807128800240368 -0.3394412327753148 0.9373817383977674
vn 6.370410791189349e-8 -0.9362117215495426 -0.35143649843639946
vn 5.0179214502563426e-8 -0.9362116917653684 -0.35143657778015097
vn 9.435966833198596e-9 -0.9362116657451234 -0.351436647096943
vn 0.8965375004369575 0.15567515009344887 -0.41471165639952146
vn 0.9471732975986998 0.11271354065950502 -0.30026388738575127
vn 0.9978091022917827 0.02325065042012654 -0.06193870065401774
vn -6.5670648652848e-8 0.9362117200766991 0.35143650235999163
vn -4.597060230885184e-8 0.9362116889833301 0.35143658519138044
vn -8.541272721661355e-9 0.9362116648450518 0.3514366494946936
vn -0.8965374885846237 -0.1556751477263396 0.41471168291086064
vn -0.9471732795111644 -0.11271357576528276 0.3002639312642619
vn -0.9978090988502711 -0.023250674152021734 0.061938747186929155
vn -4.470810639246295e-8 -0.9362117103395666 -0.35143652829929556
vn 1.4592542520739572e-8 -0.9362117322685729 -0.35143646988136823
vn 6.370410791189349e-8 -0.9362117215495426 -0.35143649843639946
vn 0.6587761805592508 0.26439959018500936 -0.7043484937428095
vn 0.7523389468965752 0.23151815231924922 -0.6167539656372166
vn 0.8965375004369575 0.15567515009344887 -0.41471165639952146
vn 4.108896756524804e-8 0.9362117141853254 0.3514365180543606
vn -2.323850305169379e-8 0.9362117339868902 0.3514364653038439
vn -6.5670648652848e-8 0.9362117200766991 0.35143650235999163
vn -0.6587761803382927 -0.2643994753789542 0.7043485370455617
vn -0.7523389468047533 -0.2315181046190682 0.6167539836549973
vn -0.8965374885846237 -0.1556751477263396 0.41471168291086064
vn -2.78407985339613e-7 -0.9362118223574353 -0.3514362298882872
vn -7.373128008299236e-8 -0.9362116863649391 -0.35143659216665457
vn -4.470810639246295e-8 -0.9362117103395666 -0.35143652829929556
vn 0.3207221533804296 0.33287153462299607 -0.886754668309534
vn 0.4429678593039116 0.31507628134541904 -0.839348802678155
vn 0.6587761805592508 0.26439959018500936 -0.7043484937428095
vn -8.535967633799355e-9 0.93621164299786 0.35143670769463986
vn 3.4171695371136044e-8 0.9362116941382844 0.3514365714588085
vn 4.108896756524804e-8 0.9362117141853254 0.3514365180543606
vn -0.32072212649203435 -0.3328714092160965 0.8867547251100033
vn -0.4429677635224251 -0.3150761379663793 0.8393489070488696
vn -0.6587761803382927 -0.2643994753789542 0.7043485370455617
vn 4.169066927539683e-9 -0.9362119441942213 -0.35143590531998364
vn -1.6432948027845746e-7 -0.9362119642412116 -0.351435851915517
vn -2.78407985339613e-7 -0.9362118223574353 -0.3514362298882872
vn -0.06615886979118729 0.3506667510835896 -0.9341604967201476
vn 0.06615879561059727 0.35066674932448577 -0.9341605026340781
vn 0.3207221533804296 0.33287153462299607 -0.886754668309534
vn 3.00886183470949e-8 0.9362115945576305 0.35143683673721227
vn 1.9451772088687262e-8 0.9362116009399591 0.3514368197349818
vn -8.535967633799355e-9 0.93621164299786 0.35143670769463986
vn 0.06615881784602153 -0.35066667665586715 0.9341605283377941
vn -0.06615881784607737 -0.3506666768738432 0.9341605282559658
vn -0.32072212649203435 -0.3328714092160965 0.8867547251100033
vn 2.131007086584501e-7 -0.9362116672997711 -0.3514366429553658
vn 2.750061341033265e-7 -0.9362118010830422 -0.3514362865624017
vn 4.169066927539683e-9 -0.9362119441942213 -0.35143590531998364
vn -0.4429677637921992 0.31507631295531846 -0.8393488412188467
vn -0.3207221533932786 0.3328715455203325 -0.8867546642142253
vn -0.06615886979118729 0.3506667510835896 -0.9341604967201476
vn -7.48230432248802e-8 0.9362116871013612 0.35143659020485857
vn 1.987620946265425e-8 0.9362116378429036 0.3514367214272111
vn 3.00886183470949e-8 0.9362115945576305 0.35143683673721227
vn 0.44296773956759156 -0.31507614190792776 0.839348918211487
vn 0.3207221264935763 -0.33287141052377694 0.8867547246185664
vn 0.06615881784602153 -0.35066667665586715 0.9341605283377941
vn -2.3597554512746267e-8 -0.9362117338232409 -0.3514364657397986
vn 4.015935738371291e-8 -0.9362117136125527 -0.35143651958020194
vn 2.131007086584501e-7 -0.9362116672997711 -0.3514366429553658
vn -0.7523389469091535 0.23151815885352053 -0.6167539631690274
vn -0.6587761805797947 0.2643996008595759 -0.7043484897165568
vn -0.4429677637921992 0.31507631295531846 -0.8393488412188467
vn 1.4292937730438959e-8 0.9362117325958714 0.3514364690094588
vn -4.578949205755337e-8 0.9362117109123391 0.3514365267734541
vn -7.48230432248802e-8 0.9362116871013612 0.35143659020485857
vn 0.7523389468248789 -0.23151811507390244 0.6167539797058947
vn 0.6587761803500326 -0.2643994814787068 0.7043485347448465
vn 0.44296773956759156 -0.31507614190792776 0.839348918211487
vn -4.536562134461241e-8 -0.9362116889833301 -0.35143658519138044
vn -6.530674418481977e-8 -0.9362117200766991 -0.35143650235999163
vn -2.3597554512746267e-8 -0.9362117338232409 -0.3514364657397986
vn -0.9471732976048676 0.11271354588455947 -0.300263885404906
vn -0.8965374886044454 0.15567516057290276 -0.41471167804564496
vn -0.7523389469091535 0.23151815885352053 -0.6167539631690274
vn 5.060713531944904e-8 0.936211691929018 0.3514365773441963
vn 6.366023189714086e-8 0.936211721713192 0.35143649800044474
vn 1.4292937730438959e-8 0.9362117325958714 0.3514364690094588
vn 0.9471732704603286 -0.11271358733112963 0.30026395547323464
vn 0.896537488600078 -0.15567515774230414 0.4147116791176417
vn 0.7523389468248789 -0.23151811507390244 0.6167539797058947
vn 9.435966833198596e-9 -0.9362116657451234 -0.351436647096943
vn -8.093545525485655e-9 -0.9362116647632271 -0.35143664971267097
vn -4.536562134461241e-8 -0.9362116889833301 -0.35143658519138044
vn -0.9978091022917722 -0.023250650379311295 0.06193870066950772
vn -0.9978091022921631 0.023250651903080528 -0.06193870009121517
vn -0.9471732976048676 0.11271354588455947 -0.300263885404906
vn -8.265748224926901e-9 0.9362116647632271 0.35143664971267097
vn 9.553916929308097e-9 0.936211665826948 0.3514366468789657
vn 5.060713531944904e-8 0.936211691929018 0.3514365773441963
vn 0.9978090993406966 0.023250666009690068 -0.06193874234284651
vn 0.9978090988490634 -0.023250669444663214 0.06193874897344004
vn 0.9471732704603286 -0.11271358733112963 0.30026395547323464
vn 4.4448032893919907e-7 -0.9362115615003449 -0.3514369248000106
vn -1.5051313342181737e-8 -0.9362116363700592 -0.351436725350803
vn 9.435966833198596e-9 -0.9362116657451234 -0.351436647096943
vn -0.8965375004149517 -0.15567513583158613 0.41471166180073543
vn -0.9471733066577572 -0.11271353606039641 0.3002638605356492
vn -0.9978091022917722 -0.023250650379311295 0.06193870066950772
vn 1.2951398045306475e-7 0.9362116144410301 0.35143678376872184
vn 2.894734812826469e-8 0.9362116258146722 0.35143675346987735
vn -8.265748224926901e-9 0.9362116647632271 0.35143664971267097
vn 0.8965374885765605 0.155675142500619 -0.4147116848899314
vn 0.9471732794925328 0.11271355998126444 -0.3002639372480652
vn 0.9978090993406966 0.023250666009690068 -0.06193874234284651
vn 8.198209836952978e-7 -0.9362114912944715 -0.3514371118244484
vn 8.13891192098529e-7 -0.9362114577463075 -0.3514372011951371
vn 4.4448032893919907e-7 -0.9362115615003449 -0.3514369248000106
vn -0.658776277384252 -0.2643994612244831 0.7043484515919305
vn -0.7523389468001412 -0.23151810222316865 0.61675398456
vn -0.8965375004149517 -0.15567513583158613 0.41471166180073543
vn 1.6070152056108308e-7 0.9362116712273648 0.3514366324924574
vn 1.713953595198316e-7 0.9362116281875752 0.35143674714853
vn 1.2951398045306475e-7 0.9362116144410301 0.35143678376872184
vn 0.6587761803567411 0.2643994849642797 -0.7043485334301521
vn 0.7523389468043341 0.23151810440125914 -0.6167539837372703
vn 0.8965374885765605 0.155675142500619 -0.4147116848899314
vn -2.7895859912405804e-7 -0.9362118226029088 -0.3514362292343551
vn 3.447911244492448e-7 -0.9362115719739489 -0.35143689689892915
vn 8.198209836952978e-7 -0.9362114912944715 -0.3514371118244484
vn -0.32072212650436976 -0.33287141967754 0.8867547211785083
vn -0.4429678590684048 -0.31507612858421324 0.8393488601462077
vn -0.658776277384252 -0.2643994612244831 0.7043484515919305
vn -8.897752908387139e-9 0.9362116428342104 0.35143670813059447
vn 3.365523026998185e-8 0.9362116933200378 0.3514365736385819
vn 1.6070152056108308e-7 0.9362116712273648 0.3514366324924574
vn 0.32072230501871063 0.3328713873327291 -0.8867546687549321
vn 0.44296785905530206 0.3150761200853728 -0.8393488633434311
vn 0.6587761803567411 0.2643994849642797 -0.7043485334301521
vn 4.13225148742047e-9 -0.9362119446851682 -0.35143590401211927
vn -1.6469062073317208e-7 -0.9362119648958077 -0.35143585017169787
vn -2.7895859912405804e-7 -0.9362118226029088 -0.3514362292343551
vn 0.06615879559250339 -0.35066667870025287 0.9341605291464006
vn -0.06615879559289431 -0.35066668022608505 0.9341605285736035
vn -0.32072212650436976 -0.33287141967754 0.8867547211785083
vn 2.989986621859245e-8 0.936211595048579 0.3514368354293484
vn 1.8918468899927893e-8 0.9362116011854333 0.35143681908104984
vn -8.897752908387139e-9 0.9362116428342104 0.35143670813059447
vn -0.06615892169765164 0.35066667445392463 -0.9341605218094099
vn 0.06615892169776334 0.35066667488987674 -0.9341605216457537
vn 0.32072230501871063 0.3328713873327291 -0.8867546687549321
vn -2.4205187272424603e-7 -0.9362115332708693 -0.3514370000022042
vn 1.1802305445350514e-7 -0.9362118242394302 -0.3514362248748189
vn 4.13225148742047e-9 -0.9362119446851682 -0.35143590401211927
vn 0.44296785905093455 -0.31507611725242596 0.8393488644091722
vn 0.32072212649049237 -0.332871407908416 0.8867547256014402
vn 0.06615879559250339 -0.35066667870025287 0.9341605291464006
vn -7.386904011088635e-8 0.9362116863649391 0.35143659216665457
vn 2.0279817283387725e-8 0.9362116378429036 0.3514367214272111
vn 2.989986621859245e-8 0.936211595048579 0.3514368354293484
vn -0.44296785905530206 0.3150761200853728 -0.8393488633434311
vn -0.32072230502076654 0.332871389076303 -0.886754668099683
vn -0.06615892169765164 0.35066667445392463 -0.9341605218094099
vn -6.470414302250853e-7 -0.9362114299259828 -0.35143727530745467
vn -7.407815161463758e-7 -0.9362114327079661 -0.3514372678962044
vn -2.4205187272424603e-7 -0.9362115332708693 -0.3514370000022042
vn 0.7523389467946906 -0.23151809939165105 0.6167539856295485
vn 0.6587762773624493 -0.26439944989637165 0.7043484558646872
vn 0.44296785905093455 -0.31507611725242596 0.8393488644091722
vn -1.8841805950588271e-7 0.936211628596696 0.3514367460586424
vn -1.824537494056008e-7 0.9362116619811723 0.3514366571238943
vn -7.386904011088635e-8 0.9362116863649391 0.35143659216665457
vn -0.7523389467808543 0.2315180922039525 -0.6167539883445565
vn -0.6587761803483555 0.2643994806073136 -0.7043485350735202
vn -0.44296785905530206 0.3150761200853728 -0.8393488633434311
vn -4.536562134461241e-8 -0.9362116889833301 -0.35143658519138044
vn -3.9077060148898943e-7 -0.9362115728740052 -0.3514368945011729
vn -6.470414302250853e-7 -0.9362114299259828 -0.35143727530745467
vn 0.9471733066523605 -0.11271353148847374 0.30026386226888885
vn 0.8965375004085685 -0.1556751316945573 0.4147116633674998
vn 0.7523389467946906 -0.23151809939165105 0.6167539856295485
vn -1.5243021328243468e-8 0.9362116366155334 0.35143672469687104
vn -1.393260215755433e-7 0.9362116179594914 0.3514367743956967
vn -1.8841805950588271e-7 0.936211628596696 0.3514367460586424
vn -0.9471732794832812 0.11271355214368291 -0.3002639402193331
vn -0.8965374885599301 0.15567513172257022 -0.41471168897176475
vn -0.7523389467808543 0.2315180922039525 -0.6167539883445565
vn 9.435966833198596e-9 -0.9362116657451234 -0.351436647096943
vn -8.093545525485655e-9 -0.9362116647632271 -0.35143664971267097
vn -4.536562134461241e-8 -0.9362116889833301 -0.35143658519138044
vn 0.9978091022917827 0.02325065042012654 -0.06193870065401774
vn 0.9978091022909099 -0.023250647018855916 0.061938701944849295
vn 0.9471733066523605 -0.11271353148847374 0.30026386226888885
vn -8.541272721661355e-9 0.9362116648450518 0.3514366494946936
vn 9.278701518664694e-9 0.936211665826948 0.3514366468789657
vn -1.5243021328243468e-8 0.9362116366155334 0.35143672469687104
vn -0.9978090988502711 -0.023250674152021734 0.061938747186929155
vn -0.9978090988481559 0.02325066590734178 -0.061938750315904866
vn -0.9471732794832812 0.11271355214368291 -0.3002639402193331
vn 7.697058920191665e-7 -0.9362114912945088 -0.35143711182446236
vn 0.0000010313967962348685 -0.9362115581451248 -0.35143693373692786
vn 6.098779968442374e-7 -0.9362116238507054 -0.3514367587012678
vn 0.8965375004072246 0.15567513082360382 -0.41471166369734497
vn 0.9471733066518465 0.11271353105305251 -0.3002638624339593
vn 0.9978091022917197 0.02325065017523505 -0.0619387007469576
vn -7.680043417343371e-7 0.9362114097969935 0.3514373289298338
vn -8.685709806582514e-7 0.9362114894942876 0.35143711661993426
vn -5.342428809687696e-7 0.9362116963474173 0.3514365655733705
vn -0.8965374885599301 -0.15567513172257022 0.41471168897176475
vn -0.9471732794922758 -0.11271355976355382 0.3002639373306004
vn -0.9978090998324834 -0.023250663173340548 0.06193873548506662
vn 1.5785055335808976e-7 -0.93621148319412 -0.3514371334043137
vn 1.2015232412428757e-7 -0.9362114755844185 -0.3514371536762031
vn 7.697058920191665e-7 -0.9362114912945088 -0.35143711182446236
vn 0.6587761803512904 0.2643994821322517 -0.7043485344983413
vn 0.7523389468001412 0.23151810222316865 -0.61675398456
vn 0.8965375004072246 0.15567513082360382 -0.41471166369734497
vn -2.749210401810161e-7 0.9362115628914227 0.35143692109441776
vn -3.377537671815376e-7 0.9362115087234119 0.35143706539538333
vn -7.680043417343371e-7 0.9362114097969935 0.3514373289298338
vn -0.658776180337454 -0.2643994749432576 0.7043485372098984
vn -0.7523389467846276 -0.2315180941642339 0.6167539876040997
vn -0.8965374885599301 -0.15567513172257022 0.41471168897176475
vn 7.601765485675041e-7 -0.9362113449098842 -0.3514375017858057
vn 6.659295894295517e-7 -0.936211393841217 -0.35143737143542697
vn 1.5785055335808976e-7 -0.93621148319412 -0.3514371334043137
vn 0.320722251543367 0.33287139217045014 -0.8867546862799539
vn 0.44296785905563807 0.31507612030329174 -0.839348863261451
vn 0.6587761803512904 0.2643994821322517 -0.7043485344983413
vn -5.819138783980092e-7 0.9362113006427277 0.3514376197115404
vn -5.066081697696077e-7 0.9362113998963432 0.3514373553051419
vn -2.749210401810161e-7 0.9362115628914227 0.35143692109441776
vn -0.32072230502025256 -0.3328713886404095 0.8867546682634952
vn -0.4429678830114763 -0.31507611701549937 0.8393488518528908
vn -0.658776180337454 -0.2643994749432576 0.7043485372098984
vn -2.558471741874776e-7 -0.9362114156886272 -0.3514373132355623
vn 1.2166160224292802e-7 -0.9362114322990921 -0.3514372689861847
vn 7.601765485675041e-7 -0.9362113449098842 -0.3514375017858057
vn -0.06615887719056036 0.3506666783247215 -0.934160523508455
vn 0.06615889202566182 0.3506666747093783 -0.9341605238149404
vn 0.320722251543367 0.33287139217045014 -0.8867546862799539
vn 1.2162715513043658e-7 0.9362114322990921 0.3514372689861847
vn -2.558471741874776e-7 0.9362114156886272 0.3514373132355623
vn -5.819138783980092e-7 0.9362113006427277 0.3514376197115404
vn 0.06615892169781919 -0.35066667510785277 0.9341605215639255
vn -0.06615892169787503 -0.3506666753258288 0.9341605214820974
vn -0.32072230502025256 -0.3328713886404095 0.8867546682634952
vn -5.066081697696077e-7 -0.9362113998963432 -0.3514373553051419
vn -5.819138783975169e-7 -0.9362113007245526 -0.35143761949356317
vn -2.558471741874776e-7 -0.9362114156886272 -0.3514373132355623
vn -0.44296788302961854 0.3150761287831245 -0.8393488474259662
vn -0.32072225155210465 0.3328713995806395 -0.8867546834951451
vn -0.06615887719056036 0.3506666783247215 -0.934160523508455
vn 6.658360820036921e-7 0.936211393841217 0.35143737143542697
vn 7.602207159048472e-7 0.936211344909884 0.35143750178580563
vn 1.2162715513043658e-7 0.9362114322990921 0.3514372689861847
vn 0.4429678830114763 -0.31507611701549937 0.8393488518528908
vn 0.3207223050217945 -0.3328713899480899 0.8867546677720584
vn 0.06615892169781919 -0.35066667510785277 0.9341605215639255
vn -3.377733781616916e-7 -0.9362115086415872 -0.3514370656133607
vn -2.749210401810161e-7 -0.9362115628914227 -0.35143692109441776
vn -5.066081697696077e-7 -0.9362113998963432 -0.3514373553051419
vn -0.7523389468131391 0.23151810897524916 -0.616753982009538
vn -0.6587762436451016 0.26439947051718427 -0.7043484796598077
vn -0.44296788302961854 0.3150761287831245 -0.8393488474259662
vn 1.200489543651495e-7 0.9362114755844185 0.3514371536762031
vn 1.5779143620150332e-7 0.9362114831122951 0.35143713362229095
vn 6.658360820036921e-7 0.936211393841217 0.35143737143542697
vn 0.7523389468034957 -0.23151810396564107 0.6167539839018163
vn 0.6587761803500326 -0.2643994814787068 0.7043485347448465
vn 0.4429678830114763 -0.31507611701549937 0.8393488518528908
vn -8.685562582124924e-7 -0.9362114894942876 -0.35143711661993426
vn -7.679896761332849e-7 -0.9362114096333438 -0.3514373293657883
vn -3.377733781616916e-7 -0.9362115086415872 -0.3514370656133607
vn -0.9471732976048676 0.11271354588455947 -0.300263885404906
vn -0.8965375004085685 0.1556751316945573 -0.4147116633674998
vn -0.7523389468131391 0.23151810897524916 -0.616753982009538
vn 0.0000010313525720533301 0.9362115582269495 0.35143693351895056
vn 7.696616109950501e-7 0.9362114912945088 0.35143711182446236
vn 1.200489543651495e-7 0.9362114755844185 0.3514371536762031
vn 0.9471732794963876 -0.1127135632469234 0.300263936010037
vn 0.8965374885774003 -0.1556751430449649 0.41471168468377817
vn 0.7523389468034957 -0.23151810396564107 0.6167539839018163
vn -5.913205524299108e-7 -0.9362117077210148 -0.35143653527450924
vn -5.34208490699792e-7 -0.9362116963474173 -0.3514365655733705
vn -8.685562582124924e-7 -0.9362114894942876 -0.35143711661993426
vn -0.9978091022917162 -0.023250650161629968 0.06193870075212093
vn -0.9978091022922224 0.02325065213436693 -0.06193870000343863
vn -0.9471732976048676 0.11271354588455947 -0.300263885404906
vn 5.179869138001562e-7 0.9362116331787704 0.35143673385187146
vn 6.097993823945982e-7 0.9362116238507054 0.3514367587012678
vn 0.0000010313525720533301 0.9362115582269495 0.35143693351895056
vn 0.9978090993406337 0.023250665764798586 -0.06193874243578638
vn 0.997809098848212 -0.023250666125023103 0.06193875023329166
vn 0.9471732794963876 -0.1127135632469234 0.300263936010037
vn -0.0000010479400483886771 -0.936211744623579 -0.35143643696659604
vn -0.0000010617793750663512 -0.9362117148393957 -0.3514365163103441
vn -5.913205524299108e-7 -0.9362117077210148 -0.35143653527450924
vn -0.8965375004149517 -0.15567513583158613 0.41471166180073543
vn -0.9471733066575002 -0.11271353584268581 0.30026386061818444
vn -0.9978091022917162 -0.023250650161629968 0.06193870075212093
vn 0.0000010272292612917228 0.9362118190839941 0.35143623860720996
vn 9.266625657800748e-7 0.9362117621341615 0.3514363903194854
vn 5.179869138001562e-7 0.9362116331787704 0.35143673385187146
vn 0.8965374885770643 0.15567514282722653 -0.41471168476623943
vn 0.9471732794922758 0.11271355976355382 -0.3002639373306004
vn 0.9978090993406337 0.023250665764798586 -0.06193874243578638
vn 4.3282089078729603e-7 -0.9362115802382154 -0.35143687488320896
vn -4.962262287434619e-7 -0.936211781772356 -0.3514363380050282
vn -0.0000010479400483886771 -0.936211744623579 -0.35143643696659604
vn -0.6587761508087947 -0.2643994907722178 0.7043485588861099
vn -0.752338891391312 -0.23151812466422403 0.6167540437257403
vn -0.8965375004149517 -0.15567513583158613 0.41471166180073543
vn -2.743899521081849e-7 0.9362115632187218 0.3514369202225086
vn 4.053680758385828e-7 0.9362118444500306 0.3514361710343827
vn 0.0000010272292612917228 0.9362118190839941 0.35143623860720996
vn 0.6587762436379737 0.26439946681376303 -0.7043484810566706
vn 0.7523389468060112 0.23151810527249536 -0.6167539834081784
vn 0.8965374885770643 0.15567514282722653 -0.41471168476623943
vn 7.596951416383485e-7 -0.9362113455644835 -0.3514375000419878
vn 6.651631695952099e-7 -0.9362113942503418 -0.3514373703455408
vn 4.3282089078729603e-7 -0.9362115802382154 -0.35143687488320896
vn -0.3207222248122472 -0.33287140014695243 0.8867546929538572
vn -0.44296778719147717 -0.31507613234585796 0.8393488966673285
vn -0.6587761508087947 -0.2643994907722178 0.7043485588861099
vn -5.816384151801155e-7 0.936211301379152 0.35143761774974525
vn -5.062148132991207e-7 0.936211400714592 0.35143735312536933
vn -2.743899521081849e-7 0.9362115632187218 0.3514369202225086
vn 0.320722153229066 0.3328714062523703 -0.8867547165522611
vn 0.44296783510248655 0.3150761253344359 -0.83934887401417
vn 0.6587762436379737 0.26439946681376303 -0.7043484810566706
vn -0.0021111388188629317 -0.9347868474108254 -0.3552028899102842
vn -0.001309915207331692 -0.936210629579099 -0.35143696616215114
vn 7.596951416383485e-7 -0.9362113455644835 -0.3514375000419878
vn 0.06810513727628252 -0.35232918525584433 0.9333947908005121
vn -0.06615887719089544 -0.35066667963257764 0.9341605230174861
vn -0.3207222248122472 -0.33287140014695243 0.8867546929538572
vn 1.2176966158394946e-7 0.9362114325445665 0.35143726833225286
vn -2.5567033430710885e-7 0.9362114160159267 0.3514373123636533
vn -5.816384151801155e-7 0.936211301379152 0.35143761774974525
vn -0.06615881042827523 0.3506666777006225 -0.9341605284709494
vn 0.06615882526427042 0.3506666775728961 -0.9341605274681853
vn 0.320722153229066 0.3328714062523703 -0.8867547165522611
vn -0.00188148667441422 -0.9333838593067054 -0.35887467338001755
vn -0.0031916167968356448 -0.9333806487602391 -0.3588737634630561
vn -0.0021111388188629317 -0.9347868474108254 -0.3552028899102842
vn 0.44070852861766013 -0.3210759015692794 0.8382638356956189
vn 0.32255887115349274 -0.33826571679734607 0.8840430303326655
vn 0.06810513727628252 -0.35232918525584433 0.9333947908005121
vn 6.652320069767998e-7 0.9362113942503418 0.3514373703455408
vn 7.596558059929909e-7 0.9362113454008337 0.3514375004779423
vn 1.2176966158394946e-7 0.9362114325445665 0.35143726833225286
vn -0.44296783510248655 0.3150761253344359 -0.83934887401417
vn -0.32072215323086495 0.3328714077779975 -0.8867547159789182
vn -0.06615881042827523 0.3506666777006225 -0.9341605284709494
vn 4.0542696562140296e-7 -0.9362118444500304 -0.3514361710343826
vn -0.001080429795191512 -0.934822431350919 -0.3551138613383235
vn -0.00188148667441422 -0.9333838593067054 -0.35887467338001755
vn 0.7495049804454837 -0.23265060492135903 0.6197709095441158
vn 0.6554505585470679 -0.2693296188349679 0.7055821155036085
vn 0.44070852861766013 -0.3210759015692794 0.8382638356956189
vn -4.966096376096587e-7 0.9362117817723558 0.35143633800502816
vn 4.3257524194907725e-7 0.9362115800745661 0.3514368753191637
vn 6.652320069767998e-7 0.9362113942503418 0.3514373703455408
vn -0.7523389467816929 0.23151809263957063 -0.6167539881800106
vn -0.6587762436291686 0.2643994622389485 -0.704348482782207
vn -0.44296783510248655 0.3150761253344359 -0.83934887401417
vn 9.266871221374107e-7 -0.9362117621341615 -0.3514363903194854
vn 0.0000010272538176473057 -0.9362118192476431 -0.35143623817125513
vn 4.0542696562140296e-7 -0.9362118444500304 -0.3514361710343826
vn 0.9471732975990854 -0.11271354098607092 0.3002638872619484
vn 0.8965375004082324 -0.1556751314768189 0.4147116634499611
vn 0.7495049804454837 -0.23265060492135903 0.6197709095441158
vn -0.0000010618779415553634 0.9362117149212204 0.35143651609236676
vn -0.0000010483530726767207 0.9362117446235786 0.35143643696659593
vn -4.966096376096587e-7 0.9362117817723558 0.35143633800502816
vn -0.9471732794832812 0.11271355214368291 -0.3002639402193331
vn -0.896537488560266 0.15567513194030858 -0.4147116888893035
vn -0.7523389467816929 0.23151809263957063 -0.6167539881800106
vn 6.098779968442374e-7 -0.9362116238507054 -0.3514367587012678
vn 5.17952523531156e-7 -0.9362116331787704 -0.35143673385187146
vn 9.266871221374107e-7 -0.9362117621341615 -0.3514363903194854
vn 0.9978091022917197 0.02325065017523505 -0.0619387007469576
vn 0.9978091022909729 -0.0232506472637474 0.06193870185190943
vn 0.9471732975990854 -0.11271354098607092 0.3002638872619484
vn -5.342428809687696e-7 0.9362116963474173 0.3514365655733705
vn -5.912813304697548e-7 0.9362117078028395 0.35143653505653194
vn -0.0000010618779415553634 0.9362117149212204 0.35143651609236676
vn -0.9978090998324834 -0.023250663173340548 0.06193873548506662
vn -0.9978090988482085 0.02325066611141802 -0.061938750238454986
vn -0.9471732794832812 0.11271355214368291 -0.3002639402193331
vn 0.9073774031719858 -0.038754967564217715 -0.418526344095518
vn 0.947173297603711 0.11271354490486174 -0.3002638857763144
vn 0.9830418652026714 -0.17090485824316118 -0.06648474026224216
vn -0.16611033862565477 0.15742853056915115 0.9734596104433445
vn -0.1665353654943123 0.4750668605638954 0.8640471341504699
vn -0.42307718319178694 0.2268824678953784 0.8772286149141545
vn 0.6935729659588721 0.07315963673874049 -0.7166618508357124
vn 0.7523388914072449 0.2315181329409679 -0.6167540405993676
vn 0.9073774031719858 -0.038754967564217715 -0.418526344095518
vn 0.02770181275217871 0.17338048691911243 0.9844652438384683
vn 0.025426092018828266 0.4706388709832052 0.8819595041521486
vn -0.16611033862565477 0.15742853056915115 0.9734596104433445
vn 0.37417842087392594 0.14780089251792256 -0.915502815682836
vn 0.44296776354527084 0.3150761527848702 -0.8393489014742237
vn 0.6935729659588721 0.07315963673874049 -0.7166618508357124
vn 0.14186261443093023 0.18168355144639975 0.9730704423425083
vn 0.1866442564646847 0.5295749581009003 0.8274746432859288
vn 0.02770181275217871 0.17338048691911243 0.9844652438384683
vn -0.0021815809712544204 0.17380535937023753 -0.9847776082744004
vn 0.0661589365452624 0.35066671966521135 -0.9341605037863889
vn 0.37417842087392594 0.14780089251792256 -0.915502815682836
vn 0.08779411756226645 0.0925228563305227 0.9918325029852089
vn 0.4027903480443987 0.3562793551308391 0.8431043569035956
vn 0.14186261443093023 0.18168355144639975 0.9730704423425083
vn -0.37820938305639207 0.14721409433186328 -0.9139396440674584
vn -0.3207222515839711 0.33287142660603564 -0.8867546733387824
vn -0.0021815809712544204 0.17380535937023753 -0.9847776082744004
vn -0.1665353654943123 0.4750668605638954 0.8640471341504699
vn -0.2599411257946688 0.9578225018628695 0.12250169813416212
vn -0.6101641643373825 0.4843799991842772 0.6269575017086115
vn -0.696658056331265 0.07207544727500863 -0.7137735512393629
vn -0.6587761508356289 0.26439950471450874 -0.7043485536273325
vn -0.37820938305639207 0.14721409433186328 -0.9139396440674584
vn 0.025426092018828266 0.4706388709832052 0.8819595041521486
vn 0.057456086608364945 0.9926640216678313 0.1063810988752205
vn -0.1665353654943123 0.4750668605638954 0.8640471341504699
vn -0.9090470919267526 -0.04017159496490644 -0.4147524895856439
vn -0.8965374885832798 0.15567514685538617 -0.41471168324070573
vn -0.696658056331265 0.07207544727500863 -0.7137735512393629
vn 0.1866442564646847 0.5295749581009003 0.8274746432859288
vn 0.43209583403277946 0.8937485777639127 0.12044363809060202
vn 0.025426092018828266 0.4706388709832052 0.8819595041521486
vn -0.9830418575364384 -0.17243824843708463 -0.06239997441713565
vn -0.997809102783719 0.023250648168795535 -0.06193869357421475
vn -0.9090470919267526 -0.04017159496490644 -0.4147524895856439
vn 0.4027903480443987 0.3562793551308391 0.8431043569035956
vn 0.6599233572981174 0.7392082797683187 0.1344331864323102
vn 0.1866442564646847 0.5295749581009003 0.8274746432859288
vn -0.9073774062176838 -0.30458821305042466 0.2896416115761298
vn -0.9471732976073088 -0.11271354795281018 0.3002638846208214
vn -0.9830418575364384 -0.17243824843708463 -0.06239997441713565
vn -0.2599411257946688 0.9578225018628695 0.12250169813416212
vn -0.5286988842416963 0.8053241774614887 -0.26819854398852017
vn -0.8138932502335904 0.5802868932406339 -0.029067142228558097
vn -0.6935729852098605 -0.4165027955013562 0.587777113816656
vn -0.7523389468244598 -0.23151811485609344 0.6167539797881679
vn -0.9073774062176838 -0.30458821305042466 0.2896416115761298
vn 0.057456086608364945 0.9926640216678313 0.1063810988752205
vn 0.048518831313764665 0.9520925778133108 -0.30193649378760296
vn -0.2599411257946688 0.9578225018628695 0.12250169813416212
vn -0.37417831777099686 -0.49114403363649545 0.7866181568800329
vn -0.4429678590798277 -0.31507613599345885 0.8393488573588848
vn -0.6935729852098605 -0.4165027955013562 0.587777113816656
vn 0.43209583403277946 0.8937485777639127 0.12044363809060202
vn 0.41450203150535275 0.8893091392099999 -0.19317691579354013
vn 0.057456086608364945 0.9926640216678313 0.1063810988752205
vn 0.0021815369417721425 -0.517148492331325 0.8558929125632534
vn -0.06615886235825116 -0.350666692838866 0.9341605191105619
vn -0.37417831777099686 -0.49114403363649545 0.7866181568800329
vn 0.6599233572981174 0.7392082797683187 0.1344331864323102
vn 0.5335584757018511 0.8291854608276408 -0.16663380376973377
vn 0.43209583403277946 0.8937485777639127 0.12044363809060202
vn 0.3782093763467227 -0.49055725569370773 0.7850549321733361
vn 0.3207222248299795 -0.3328714151852779 0.8867546873023331
vn 0.0021815369417721425 -0.517148492331325 0.8558929125632534
vn -0.5286988842416963 0.8053241774614887 -0.26819854398852017
vn -0.6793200210770834 0.5160890829399234 -0.5217052495749489
vn -0.8137132300613048 0.46602007867467055 -0.3474133927977616
vn 0.6966581933197714 -0.4154185268084265 0.5848887152824446
vn 0.6587762436560028 -0.26439947618124016 0.7043484775234293
vn 0.3782093763467227 -0.49055725569370773 0.7850549321733361
vn 0.048518831313764665 0.9520925778133108 -0.30193649378760296
vn 0.015194437947293625 0.8858298617354096 -0.46376134499685395
vn -0.5286988842416963 0.8053241774614887 -0.26819854398852017
vn 0.9090470866803194 -0.3031715680801135 0.2858677920050961
vn 0.8965375122555266 -0.1556751305778524 0.41471163817554035
vn 0.6966581933197714 -0.4154185268084265 0.5848887152824446
vn 0.41450203150535275 0.8893091392099999 -0.19317691579354013
vn 0.4475445213432677 0.8486753417178867 -0.28187597587530133
vn 0.048518831313764665 0.9520925778133108 -0.30193649378760296
vn 0.9830418652026714 -0.17090485824316118 -0.06648474026224216
vn 0.9978091027838971 -0.02325064886265475 0.06193869331088511
vn 0.9090470866803194 -0.3031715680801135 0.2858677920050961
vn 0.5335584757018511 0.8291854608276408 -0.16663380376973377
vn 0.6506969254599618 0.756466074571432 -0.0659741556932809
vn 0.41450203150535275 0.8893091392099999 -0.19317691579354013
vn 0.9090470866803194 -0.3031715680801135 0.2858677920050961
vn 0.9073774443362533 -0.3045881523266823 0.2896415560171349
vn 0.9830418652026714 -0.17090485824316118 -0.06648474026224216
vn 0.6966581933197714 -0.4154185268084265 0.5848887152824446
vn 0.6935729852098605 -0.4165027955013562 0.587777113816656
vn 0.9090470866803194 -0.3031715680801135 0.2858677920050961
vn 0.3782093763467227 -0.49055725569370773 0.7850549321733361
vn 0.37417834440469516 -0.49114401554585957 0.7866181555062466
vn 0.6966581933197714 -0.4154185268084265 0.5848887152824446
vn 0.0021815369417721425 -0.517148492331325 0.8558929125632534
vn -0.002181542064021827 -0.5171484923255462 0.8558929125536894
vn 0.3782093763467227 -0.49055725569370773 0.7850549321733361
vn -0.37417831777099686 -0.49114403363649545 0.7866181568800329
vn -0.3782093518222265 -0.49055724860780164 0.7850549484160677
vn 0.0021815369417721425 -0.517148492331325 0.8558929125632534
vn -0.6935729852098605 -0.4165027955013562 0.587777113816656
vn -0.696658195197148 -0.41541851399638813 0.5848887221460893
vn -0.37417831777099686 -0.49114403363649545 0.7866181568800329
vn -0.9073774062176838 -0.30458821305042466 0.2896416115761298
vn -0.9090471124090078 -0.30317156349549007 0.2858677150511133
vn -0.6935729852098605 -0.4165027955013562 0.587777113816656
vn -0.9830418575364384 -0.17243824843708463 -0.06239997441713565
vn -0.9830418571173042 -0.17090489222926486 -0.06648477244802026
vn -0.9073774062176838 -0.30458821305042466 0.2896416115761298
vn -0.9090470919267526 -0.04017159496490644 -0.4147524895856439
vn -0.9073774081677519 -0.03875493991454952 -0.41852633582487103
vn -0.9830418575364384 -0.17243824843708463 -0.06239997441713565
vn -0.696658056331265 0.07207544727500863 -0.7137735512393629
vn -0.6935729659588721 0.07315963673874049 -0.7166618508357124
vn -0.9090470919267526 -0.04017159496490644 -0.4147524895856439
vn -0.37820938305639207 0.14721409433186328 -0.9139396440674584
vn -0.3741783237255035 0.14780091060991174 -0.9155028524678955
vn -0.696658056331265 0.07207544727500863 -0.7137735512393629
vn -0.0021815809712544204 0.17380535937023753 -0.9847776082744004
vn 0.002181529283097934 0.17380535938983602 -0.984777608385445
vn -0.37820938305639207 0.14721409433186328 -0.9139396440674584
vn 0.37417842087392594 0.14780089251792256 -0.915502815682836
vn 0.3782093575170631 0.14721409599118954 -0.9139396543689453
vn -0.0021815809712544204 0.17380535937023753 -0.9847776082744004
vn 0.6935729659588721 0.07315963673874049 -0.7166618508357124
vn 0.6966581732989312 0.07207539081182934 -0.7137734427779717
vn 0.37417842087392594 0.14780089251792256 -0.915502815682836
vn 0.9073774031719858 -0.038754967564217715 -0.418526344095518
vn 0.9090470944290338 -0.040171581143962715 -0.4147524854398409
vn 0.6935729659588721 0.07315963673874049 -0.7166618508357124
vn 0.9830418652026714 -0.17090485824316118 -0.06648474026224216
vn 0.9830418629448006 -0.17243821689620478 -0.062399976375584185
vn 0.9073774031719858 -0.038754967564217715 -0.418526344095518
vn 0.997809106718214 -0.023250626280698898 0.06193863840733848
vn 0.9978091042587255 0.023250638285633545 -0.06193867352237078
vn 0.9471733157073057 0.11271352340599522 -0.30026383673934975
vn 0.9471733157073057 0.11271352340599522 -0.30026383673934975
vn 0.8965375357816727 0.15567511047303134 -0.414711594862906
vn 0.7523389468173319 0.23151811115333965 -0.6167539811868084
vn 0.7523389468173319 0.23151811115333965 -0.6167539811868084
vn 0.6587762141206341 0.2643994885246285 -0.70434850051434
vn 0.44296783513910687 0.31507614908760573 -0.8393488650783402
vn 0.44296783513910687 0.31507614908760573 -0.8393488650783402
vn 0.32072225157369166 0.33287141788816593 -0.8867546766150285
vn 0.06615890686612444 0.3506666920197338 -0.9341605162659236
vn 0.06615890686612444 0.3506666920197338 -0.9341605162659236
vn -0.0661588920299061 0.35066669127555644 -0.934160517596001
vn -0.32072225156957984 0.33287141440101803 -0.886754677925527
vn -0.32072225156957984 0.33287141440101803 -0.886754677925527
vn -0.4429678590915865 0.3150761436206233 -0.8393488544895815
vn -0.6587762141176992 0.2643994869996905 -0.7043485010895189
vn -0.6587762141176992 0.2643994869996905 -0.7043485010895189
vn -0.7523389468143968 0.23151810962867625 -0.6167539817627191
vn -0.8965375239434513 0.15567511725093386 -0.4147116179108725
vn -0.8965375239434513 0.15567511725093386 -0.4147116179108725
vn -0.9471733399459743 0.11271349891829631 -0.30026376947141514
vn -0.997809105242685 0.023250634123098572 -0.061938659233681546
vn -0.997809105242685 0.023250634123098572 -0.061938659233681546
vn -0.9978091067179418 -0.02325062521950246 0.06193863881007793
vn -0.9471733399452033 -0.11271349826516452 0.3002637697190208
vn -0.9471733399452033 -0.11271349826516452 0.3002637697190208
vn -0.8965375476173744 -0.15567510206209084 0.41471157243339835
vn -0.7523390022265745 -0.23151808893009188 0.6167539219387912
vn -0.7523390022265745 -0.23151808893009188 0.6167539219387912
vn -0.6587762141206341 -0.2643994885246285 0.70434850051434
vn -0.4429677872297773 -0.3150761571886234 0.8393488873215981
vn -0.4429677872297773 -0.3150761571886234 0.8393488873215981
vn -0.3207221532565637 -0.33287142957267124 0.8867547077883035
vn -0.06615884010562674 -0.35066669837086845 0.9341605186099188
vn -0.06615884010562674 -0.35066669837086845 0.9341605186099188
vn 0.06615882526935238 -0.35066669740871476 0.9341605200218237
vn 0.3207221532581056 -0.3328714308803516 0.8867547072968665
vn 0.3207221532581056 -0.3328714308803516 0.8867547072968665
vn 0.4429678351370911 -0.3150761477800918 0.8393488655702208
vn 0.6587762141361474 -0.2643994965850155 0.7043484974741091
vn 0.6587762141361474 -0.2643994965850155 0.7043484974741091
vn 0.7523389468328453 -0.23151811921227433 0.6167539781427085
vn 0.8965375239578978 -0.15567512661368305 0.41471161436503745
vn 0.8965375239578978 -0.15567512661368305 0.41471161436503745
vn 0.9471733399461029 -0.11271349902715162 0.30026376943014754
vn 0.997809106718214 -0.023250626280698898 0.06193863840733848
vn 0.8978364716089918 -0.42937721312873844 -0.09759548706018112
vn 0.897836734195826 -0.38753604282473353 -0.20905744244183197
vn 0.8522750840371089 -0.3070374765833132 -0.4235034463884445
vn 0.8522750840371089 -0.3070374765833132 -0.4235034463884445
vn 0.8067120429681827 -0.2683797827470392 -0.5264864404168004
vn 0.676959175864632 -0.20013409148855496 -0.7082885144040734
vn 0.676959175864632 -0.20013409148855496 -0.7082885144040734
vn 0.5927694278162038 -0.17054704884040142 -0.7871074320436061
vn 0.3985844728184143 -0.12494827366493713 -0.9085804020207671
vn 0.3985844728184143 -0.12494827366493713 -0.9085804020207671
vn 0.2885901849581933 -0.10893579476051847 -0.9512353535091566
vn 0.05953367994835501 -0.09292389434426167 -0.9938917902929388
vn 0.05953367994835501 -0.09292389434426167 -0.9938917902929388
vn -0.05953076995097493 -0.09292441617732516 -0.9938919158073214
vn -0.2885920411391275 -0.10893666574102491 -0.9512346906249689
vn -0.2885920411391275 -0.10893666574102491 -0.9512346906249689
vn -0.3985876464403304 -0.1249484793375985 -0.9085789814960392
vn -0.5927704507361815 -0.17054734099927926 -0.7871065983792155
vn -0.5927704507361815 -0.17054734099927926 -0.7871065983792155
vn -0.6769582709921029 -0.20013367973408985 -0.7082894955958865
vn -0.8067108063177522 -0.2683784276276247 -0.5264890260530466
vn -0.8067108063177522 -0.2683784276276247 -0.5264890260530466
vn -0.8522745033468122 -0.3070374040494732 -0.4235046675770002
vn -0.8978365871204579 -0.38753690275472 -0.20905648000281382
vn -0.8978365871204579 -0.38753690275472 -0.20905648000281382
vn -0.8978364159101762 -0.42937811912571217 -0.09759201341111326
vn -0.8522743459403129 -0.509876595983055 0.11685159870855005
vn -0.8522743459403129 -0.509876595983055 0.11685159870855005
vn -0.8067126382167555 -0.5485332019744611 0.21983185772996386
vn -0.6769613121436158 -0.6167779090057677 0.40163216109179645
vn -0.6769613121436158 -0.6167779090057677 0.40163216109179645
vn -0.5927700490248928 -0.6463661891441571 0.48045230617646745
vn -0.39858284772604624 -0.6919651461362233 0.6019268643541926
vn -0.39858284772604624 -0.6919651461362233 0.6019268643541926
vn -0.288586775747811 -0.7079769311505284 0.6445822971678347
vn -0.05953188219079941 -0.7239892660965879 0.6872375845220814
vn -0.05953188219079941 -0.7239892660965879 0.6872375845220814
vn 0.05953072848892188 -0.7239894816923157 0.6872374573351413
vn 0.2885903437720546 -0.7079766963704118 0.6445809575824941
vn 0.2885903437720546 -0.7079766963704118 0.6445809575824941
vn 0.39858406041310246 -0.6919644604269379 0.6019268496176765
vn 0.592768986636716 -0.6463660807618707 0.48045376273083723
vn 0.592768986636716 -0.6463660807618707 0.48045376273083723
vn 0.676958938664741 -0.6167791548383967 0.40163424843847695
vn 0.8067122531857716 -0.5485336657470103 0.21983211344588116
vn 0.8067122531857716 -0.5485336657470103 0.21983211344588116
vn 0.8522749733637573 -0.5098760445385874 0.11684942868277663
vn 0.8978364716089918 -0.42937721312873844 -0.09759548706018112
vn 0.9978091027836005 0.023250647706222736 -0.06193869374976785
vn 0.9830418629448006 -0.17243821689620478 -0.062399976375584185
vn 0.9471733157114175 -0.11271352688936494 0.3002638354187862
vn 0.8965375239488267 0.1556751207347475 -0.414711616591492
vn 0.9090470944290338 -0.040171581143962715 -0.4147524854398409
vn 0.9978091027836005 0.023250647706222736 -0.06193869374976785
vn 0.6587762141126676 0.2643994843855109 -0.7043485020755396
vn 0.6966581732989312 0.07207539081182934 -0.7137734427779717
vn 0.8965375239488267 0.1556751207347475 -0.414711616591492
vn 0.320722251565725 0.3328714111318169 -0.8867546791541191
vn 0.3782093575170631 0.14721409599118954 -0.9139396543689453
vn 0.6587762141126676 0.2643994843855109 -0.7043485020755396
vn -0.0661588994479315 0.3506666913206812 -0.9341605170537046
vn 0.002181529283097934 0.17380535938983602 -0.984777608385445
vn 0.320722251565725 0.3328714111318169 -0.8867546791541191
vn -0.4429678351266762 0.3150761410246032 -0.8393488681116037
vn -0.3741783237255035 0.14780091060991174 -0.9155028524678955
vn -0.0661588994479315 0.3506666913206812 -0.9341605170537046
vn -0.7523389468164933 0.23151811071772155 -0.6167539813513543
vn -0.6935729659588721 0.07315963673874049 -0.7166618508357124
vn -0.4429678351266762 0.3150761410246032 -0.8393488681116037
vn -0.9471733066573718 0.1127135357338305 -0.30026386065945204
vn -0.9073774081677519 -0.03875493991454952 -0.41852633582487103
vn -0.7523389468164933 0.23151811071772155 -0.6167539813513543
vn -0.9978091022917477 -0.023250650284075712 0.061938700705650995
vn -0.9830418571173042 -0.17090489222926486 -0.06648477244802026
vn -0.9471733066573718 0.1127135357338305 -0.30026386065945204
vn -0.8965375122543506 -0.1556751298157681 0.4147116384641548
vn -0.9090471124090078 -0.30317156349549007 0.2858677150511133
vn -0.9978091022917477 -0.023250650284075712 0.061938700705650995
vn -0.6587762436572607 -0.2643994768347851 0.7043484772769241
vn -0.696658195197148 -0.41541851399638813 0.5848887221460893
vn -0.8965375122543506 -0.1556751298157681 0.4147116384641548
vn -0.32072219809449004 -0.33287141945668536 0.8867546953686402
vn -0.3782093518222265 -0.49055724860780164 0.7850549484160677
vn -0.6587762436572607 -0.2643994768347851 0.7043484772769241
vn 0.06615888461327683 -0.3506666966798325 0.934160516092594
vn -0.002181542064021827 -0.5171484923255462 0.8558929125536894
vn -0.32072219809449004 -0.33287141945668536 0.8867546953686402
vn 0.4429677872186904 -0.3150761499972966 0.8393488900269411
vn 0.37417834440469516 -0.49114401554585957 0.7866181555062466
vn 0.06615888461327683 -0.3506666966798325 0.934160516092594
vn 0.7523390317715859 -0.23151807883125738 0.6167538896896205
vn 0.6935729852098605 -0.4165027955013562 0.587777113816656
vn 0.4429677872186904 -0.3150761499972966 0.8393488900269411
vn 0.9471733157114175 -0.11271352688936494 0.3002638354187862
vn 0.9073774443362533 -0.3045881523266823 0.2896415560171349
vn 0.7523390317715859 -0.23151807883125738 0.6167538896896205
vn 0.000001594416088716695 0.9362116872638231 0.35143658976845815
vn 1.7713712796616365e-7 0.9362114110246275 0.3514373256602728
vn 1.235104626597762e-7 0.9362116193505134 0.351436770690083
vn 0.0000020695036194280235 -0.9362114503803798 -0.3514372208124563
vn 0.0000027027609132115496 -0.9362116245838824 -0.35143675673825364
vn 0.0000015940795756714621 -0.9362116872638235 -0.3514365897684583
vn 1.235104626597762e-7 0.9362116193505134 0.351436770690083
vn -2.754834803280573e-8 0.9362117818542955 0.351436337787094
vn -2.3084692551583266e-7 0.9362118268577985 0.3514362178995362
vn -6.20739693818786e-7 -0.9362117067391021 -0.35143653789023105
vn 8.269466487903674e-7 -0.9362113336180005 -0.3514375318666482
vn 0.0000020695036194280235 -0.9362114503803798 -0.3514372208124563
vn -2.3084692551583266e-7 0.9362118268577985 0.3514362178995362
vn -1.391421476314491e-7 0.9362114036603973 0.3514373452782293
vn 6.569406578928101e-7 0.9362109989538993 0.3514384233935027
vn -4.368554087503591e-7 -0.9362117142670615 -0.35143651783635
vn -6.889378682872627e-7 -0.9362120778133539 -0.3514355493627929
vn -6.20739693818786e-7 -0.9362117067391021 -0.35143653789023105
vn 6.569406578928101e-7 0.9362109989538993 0.3514384233935027
vn 4.769210693010455e-7 0.9362112194724451 0.3514378359449787
vn -5.350598345102864e-7 0.9362117122214005 0.3514365232857668
vn 7.840328218477506e-7 -0.9362114190431884 -0.35143730429839765
vn 3.837275892694132e-7 -0.9362112730678201 -0.3514376931699049
vn -4.368554087503591e-7 -0.9362117142670615 -0.35143651783635
vn -5.350598345102864e-7 0.9362117122214005 0.3514365232857668
vn -7.348867933241227e-7 0.9362118709610128 0.3514361004096478
vn -1.1096426744972035e-7 0.9362114444909918 0.35143723650757075
vn -4.133737027219287e-7 -0.9362121711751324 -0.35143530065059414
vn 9.436595993788136e-8 -0.9362119221015978 -0.3514359641738774
vn 7.840328218477506e-7 -0.9362114190431884 -0.35143730429839765
vn -1.1096426744972035e-7 0.9362114444909918 0.35143723650757075
vn 5.402149108187868e-7 0.9362111013171205 0.3514381507040641
vn 3.8927076013895887e-7 0.9362113976871216 0.35143736119054664
vn -8.614546992320107e-7 -0.9362111349469939 -0.35143806111535414
vn -2.6328186579330623e-7 -0.9362119298748988 -0.3514359434660148
vn -4.133737027219287e-7 -0.9362121711751324 -0.35143530065059414
vn 3.8927076013895887e-7 0.9362113976871216 0.35143736119054664
vn -5.237836917677179e-8 0.936211688656031 0.35143658606328965
vn 2.656450214359394e-8 0.9362117098486192 0.3514365296071598
vn -0.0000018430552398071762 -0.9362112951590271 -0.3514376343154785
vn -0.000001994113792529164 -0.936210996497487 -0.35143842993219504
vn -8.614546992320107e-7 -0.9362111349469939 -0.35143806111535414
vn 2.656450214359394e-8 0.9362117098486192 0.3514365296071598
vn -2.6768828344956226e-7 0.9362115579819396 0.35143693417305677
vn -2.437806225198436e-7 0.9362118157296521 0.35143624754445685
vn -2.4344416631868226e-7 -0.9362118156478276 -0.35143624776243426
vn -0.0000011588206415711624 -0.9362117787443319 -0.35143634606999763
vn -0.0000018430552398071762 -0.9362112951590271 -0.3514376343154785
vn -2.437806225198436e-7 0.9362118157296521 0.35143624754445685
vn -0.0000011589122731637984 0.9362117787443319 0.35143634606999763
vn -0.000001843188935531094 0.9362112951590269 0.3514376343154784
vn 2.723741454711147e-8 -0.9362117096849699 -0.3514365300431145
vn -2.6735182724729834e-7 -0.9362115579819398 -0.3514369341730568
vn -2.4344416631868226e-7 -0.9362118156478276 -0.35143624776243426
vn -0.000001843188935531094 0.9362112951590269 0.3514376343154784
vn -0.0000019943086517770115 0.9362109963338363 0.3514384303681492
vn -8.615367811328603e-7 0.9362111347015187 0.35143806176928566
vn 3.895612300153515e-7 -0.9362113976052967 -0.35143736140852394
vn -5.1919578830252234e-8 -0.9362116884105571 -0.3514365867172217
vn 2.723741454711147e-8 -0.9362117096849699 -0.3514365300431145
vn -8.615367811328603e-7 0.9362111347015187 0.35143806176928566
vn -2.6332194040483527e-7 0.9362119296294252 0.351435944119947
vn -4.136155998936901e-7 0.9362121711751324 0.35143530065059414
vn -1.105936128245368e-7 -0.9362114444909918 -0.35143723650757075
vn 5.404135217287816e-7 -0.9362111013171205 -0.3514381507040641
vn 3.895612300153515e-7 -0.9362113976052967 -0.35143736140852394
vn -4.136155998936901e-7 0.9362121711751324 0.35143530065059414
vn 9.385843346556098e-8 0.9362119219379487 0.3514359646098321
vn 7.838197727084124e-7 0.9362114192068384 0.35143730386244315
vn -5.352833428364413e-7 -0.9362117123032251 -0.3514365230677894
vn -7.345924012535218e-7 -0.9362118709610128 -0.3514361004096478
vn -1.105936128245368e-7 -0.9362114444909918 -0.35143723650757075
vn 7.838197727084124e-7 0.9362114192068384 0.35143730386244315
vn 3.8402206660598934e-7 0.9362112733132948 0.3514376925159731
vn -4.3648464754442807e-7 0.9362117143488864 0.3514365176183728
vn 6.566883867939295e-7 -0.9362109989538993 -0.3514384233935027
vn 4.764031688999099e-7 -0.9362112196360952 -0.35143783550902435
vn -5.352833428364413e-7 -0.9362117123032251 -0.3514365230677894
vn -4.3648464754442807e-7 0.9362117143488864 0.3514365176183728
vn -6.888003640553145e-7 0.9362120778133539 0.3514355493627929
vn -6.206785302996154e-7 0.9362117066572777 0.35143653810820846
vn -2.3092906425811107e-7 -0.9362118265305002 -0.35143621877144576
vn -1.391822364537359e-7 -0.9362114034149227 -0.3514373459321611
vn 6.566883867939295e-7 -0.9362109989538993 -0.3514384233935027
vn -6.206785302996154e-7 0.9362117066572777 0.35143653810820846
vn 8.271149621570193e-7 0.9362113336180002 0.35143753186664817
vn 0.0000020699472254772497 0.9362114503803788 0.35143722081245593
vn 1.234072634310513e-7 -0.9362116193505134 -0.351436770690083
vn -2.7712678806675697e-8 -0.9362117815269971 -0.3514363386590034
vn -2.3092906425811107e-7 -0.9362118265305002 -0.35143621877144576
vn 0.0000020699472254772497 0.9362114503803788 0.35143722081245593
vn 0.0000027030360353635717 0.9362116245838819 0.3514367567382534
vn 0.000001594416088716695 0.9362116872638231 0.35143658976845815
vn 0.0000015940795756714621 -0.9362116872638235 -0.3514365897684583
vn 1.770759786571359e-7 -0.9362114110246275 -0.3514373256602728
vn 1.234072634310513e-7 -0.9362116193505134 -0.351436770690083
vn 0.9471733157151438 -0.11271353004616873 0.30026383422202546
vn 0.8325548135208517 0.26943096276890427 0.48400355245047666
vn 0.7523390022894662 -0.23151812160144852 0.6167539095978456
vn 0.9978091052427758 0.02325063447683072 -0.06193865909943507
vn 0.9063502193257803 0.3909890787644019 0.16017746475417252
vn 0.9471733157151438 -0.11271353004616873 0.30026383422202546
vn 0.8965375003798431 0.15567511307792728 -0.41471167041793927
vn 0.8421618718664606 0.5132191053527029 -0.16543739442867955
vn 0.9978091052427758 0.02325063447683072 -0.06193865909943507
vn 0.6587762435415376 0.2643994167086522 -0.7043484999554022
vn 0.6497620601321575 0.6175122145839943 -0.44326959071470917
vn 0.8965375003798431 0.15567511307792728 -0.41471167041793927
vn 0.32072219801790697 0.33287135450855404 -0.8867547197766714
vn 0.3584419260241694 0.6879905880763345 -0.6310216607902327
vn 0.6587762435415376 0.2643994167086522 -0.7043484999554022
vn -0.06615884008680657 0.35066662491294587 -0.9341605461860031
vn 0.012552100944455158 0.713924998600866 -0.7001096636489413
vn 0.32072219801790697 0.33287135450855404 -0.8867547197766714
vn -0.4429678350413401 0.31507608567317935 -0.8393488889345451
vn -0.33524850352392355 0.6913669664348379 -0.6400157487184664
vn -0.06615884008680657 0.35066662491294587 -0.9341605461860031
vn -0.7523389467791771 0.2315180913327163 -0.6167539886736483
vn -0.632010571108701 0.6237507482467043 -0.4598887279207113
vn -0.4429678350413401 0.31507608567317935 -0.8393488889345451
vn -0.9471733157291495 0.11271354191139675 -0.3002638297238559
vn -0.8325549010179333 0.5213700217052991 -0.18715137525018394
vn -0.7523389467791771 0.2315180913327163 -0.6167539886736483
vn -0.9978091052438404 -0.02325063862638089 0.06193865752462055
vn -0.9063501888893817 0.39981169841649583 0.13667458033408883
vn -0.9471733157291495 0.11271354191139675 -0.3002638297238559
vn -0.8965375358219885 -0.15567513660163404 0.41471158496755234
vn -0.8421618299420451 0.2775820386666815 0.46228958889241173
vn -0.9978091052438404 -0.02325063862638089 0.06193865752462055
vn -0.6587762141206341 -0.2643994885246285 0.70434850051434
vn -0.6497619688651703 0.173288869073524 0.7401218492057078
vn -0.8965375358219885 -0.15567513660163404 0.41471158496755234
vn -0.32072219802356083 -0.33287135930338263 0.8867547179747364
vn -0.358441899782081 0.10281026715655135 0.9278736193295998
vn -0.6587762141206341 -0.2643994885246285 0.70434850051434
vn 0.06615881783306517 -0.3506666260854276 0.9341605473219229
vn -0.01255213394639003 0.07687588462123583 0.9969616553795307
vn -0.32072219802356083 -0.33287135930338263 0.8867547179747364
vn 0.4429678350850162 -0.3150761140026484 0.8393488782771344
vn 0.33524847931830226 0.09943402821929603 0.9368678301376614
vn 0.06615881783306517 -0.3506666260854276 0.9341605473219229
vn 0.7523390022894662 -0.23151812160144852 0.6167539095978456
vn 0.6320105589112865 0.16705042521141336 0.7567409126387507
vn 0.4429678350850162 -0.3150761140026484 0.8393488782771344
vn -1.0978264175426913e-7 -0.9362116284330575 -0.3514367464946011
vn -1.7063777881884757e-7 -0.9362116412795277 -0.35143671227215856
vn -1.2236459876357092e-7 -0.936211641606833 -0.3514367114002517
vn 0.22658731526589054 0.7881501154598018 0.5722565718812647
vn 0.6320105589112865 0.16705042521141336 0.7567409126387507
vn 0.3083657022771777 0.8255460392040973 0.4726355158190401
vn 8.418941063112039e-8 -0.9362116714728476 -0.35143663183852875
vn -4.297825102693822e-8 -0.9362116365337079 -0.3514367249148481
vn -1.0978264175426913e-7 -0.9362116284330575 -0.3514367464946011
vn 0.3083657022771777 0.8255460392040973 0.4726355158190401
vn 0.8325548135208517 0.26943096276890427 0.48400355245047666
vn 0.3431983644111119 0.8710937359516933 0.35129842847820925
vn 7.638013015325962e-9 -0.9362116887378569 -0.35143658584531273
vn 1.5289565423663052e-7 -0.9362116826828205 -0.35143660197563137
vn 8.418941063112039e-8 -0.9362116714728476 -0.35143663183852875
vn 0.3431983644111119 0.8710937359516933 0.35129842847820925
vn 0.9063502193257803 0.3909890787644019 0.16017746475417252
vn 0.3257820282505228 0.9178588828998293 0.2267181976614431
vn -1.6928743487114185e-7 -0.9362116915198824 -0.35143657843407844
vn -1.7850497906329e-7 -0.9362117032208074 -0.3514365472633187
vn 7.638013015325962e-9 -0.9362116887378569 -0.35143658584531273
vn 0.3257820282505228 0.9178588828998293 0.2267181976614431
vn 0.8421618718664606 0.5132191053527029 -0.16543739442867955
vn 0.2587684422660869 0.9587219034113866 0.11786095709110296
vn 1.0663893065671385e-7 -0.9362116051130148 -0.3514368086181369
vn -1.2898213381977838e-8 -0.9362116573990056 -0.3514366693306305
vn -1.6928743487114185e-7 -0.9362116915198824 -0.35143657843407844
vn 0.2587684422660869 0.9587219034113866 0.11786095709110296
vn 0.6497620601321575 0.6175122145839943 -0.44326959071470917
vn 0.1523597846846609 0.9874618555776221 0.04129866571746923
vn -1.0786637550424754e-8 -0.9362115928393115 -0.3514368413147359
vn 1.577746849782954e-8 -0.9362115921847136 -0.3514368430585544
vn 1.0663893065671385e-7 -0.9362116051130148 -0.3514368086181369
vn 0.1523597846846609 0.9874618555776221 0.04129866571746923
vn 0.3584419260241694 0.6879905880763345 -0.6310216607902327
vn 0.022755487203828487 0.999703308754511 0.00868805314205778
vn 2.7885790145144593e-8 -0.9362116681180388 -0.35143664077560033
vn -2.416823938963733e-8 -0.9362115938212081 -0.3514368386990081
vn -1.0786637550424754e-8 -0.9362115928393115 -0.3514368413147359
vn 0.022755487203828487 0.999703308754511 0.00868805314205778
vn 0.012552100944455158 0.713924998600866 -0.7001096636489413
vn -0.11031332045507464 0.9935825601493716 0.024993349059228256
vn 8.613548769920619e-8 -0.9362117183583799 -0.3514365069375152
vn 1.2422505536685524e-7 -0.9362117241679261 -0.3514364914611225
vn 2.7885790145144593e-8 -0.9362116681180388 -0.35143664077560033
vn -0.11031332045507464 0.9935825601493716 0.024993349059228256
vn -0.33524850352392355 0.6913669664348379 -0.6400157487184664
vn -0.22658723028024363 0.970031558650445 0.08773256120800293
vn -1.043630621816213e-7 -0.9362116540441883 -0.351436678267699
vn -2.34563199463445e-8 -0.9362116700818313 -0.35143663554414456
vn 8.613548769920619e-8 -0.9362117183583799 -0.3514365069375152
vn -0.22658723028024363 0.970031558650445 0.08773256120800293
vn -0.632010571108701 0.6237507482467043 -0.4598887279207113
vn -0.3083656470419559 0.9326356429072444 0.187353637016703
vn 5.136083645650825e-8 -0.9362116484801132 -0.3514366930901587
vn -7.047548796435225e-8 -0.9362116647632248 -0.3514366497126701
vn -1.043630621816213e-7 -0.9362116540441883 -0.351436678267699
vn -0.3083656470419559 0.9326356429072444 0.187353637016703
vn -0.8325549010179333 0.5213700217052991 -0.18715137525018394
vn -0.3431985107689167 0.8870878290940909 0.3086907282040241
vn 1.7756846961122983e-7 -0.9362116488073984 -0.35143669221824425
vn 1.2003021005654638e-7 -0.9362116294149528 -0.3514367438788728
vn 5.136083645650825e-8 -0.9362116484801132 -0.3514366930901587
vn -0.3431985107689167 0.8870878290940909 0.3086907282040241
vn -0.9063501888893817 0.39981169841649583 0.13667458033408883
vn -0.32578212726360184 0.8403227669768926 0.43327087699948347
vn 4.8637056113163845e-8 -0.9362116180413241 -0.3514367741777224
vn 1.1898315424845241e-7 -0.9362116413613593 -0.35143671205418375
vn 1.7756846961122983e-7 -0.9362116488073984 -0.35143669221824425
vn -0.32578212726360184 0.8403227669768926 0.43327087699948347
vn -0.8421618299420451 0.2775820386666815 0.46228958889241173
vn -0.2587683477786191 0.7994597402714482 0.5421282743715109
vn 2.703844484678141e-8 -0.9362115934120844 -0.3514368397888947
vn 2.2303845827972093e-9 -0.9362115960304759 -0.3514368328136207
vn 4.8637056113163845e-8 -0.9362116180413241 -0.3514367741777224
vn -0.2587683477786191 0.7994597402714482 0.5421282743715109
vn -0.6497619688651703 0.173288869073524 0.7401218492057078
vn -0.15235972833923223 0.7707196525785325 0.6186903347472157
vn -1.0786637550424754e-8 -0.9362115928393115 -0.3514368413147359
vn 1.577746849782954e-8 -0.9362115921847136 -0.3514368430585544
vn 2.703844484678141e-8 -0.9362115934120844 -0.3514368397888947
vn -0.15235972833923223 0.7707196525785325 0.6186903347472157
vn -0.358441899782081 0.10281026715655135 0.9278736193295998
vn -0.022755455907404208 0.7584782843244403 0.6513009146582704
vn -5.935599671336235e-9 -0.9362115970123727 -0.351436830197893
vn -2.416823938963733e-8 -0.9362115938212081 -0.3514368386990081
vn -1.0786637550424754e-8 -0.9362115928393115 -0.3514368413147359
vn -0.022755455907404208 0.7584782843244403 0.6513009146582704
vn -0.01255213394639003 0.07687588462123583 0.9969616553795307
vn 0.11031320002904077 0.7645989395942676 0.6349956373634973
vn -1.2236459876357092e-7 -0.936211641606833 -0.3514367114002517
vn -5.1358207463677885e-8 -0.9362116195959934 -0.35143677003615326
vn -5.935599671336235e-9 -0.9362115970123727 -0.351436830197893
vn 0.11031320002904077 0.7645989395942676 0.6349956373634973
vn 0.33524847931830226 0.09943402821929603 0.9368678301376614
vn 0.22658731526589054 0.7881501154598018 0.5722565718812647
vn 0.3257820282505228 0.9178588828998293 0.2267181976614431
vn -1.5610401049874426e-7 0.936211706575622 0.3514365383262492
vn 0.3431983644111119 0.8710937359516933 0.35129842847820925
vn 0.2587684422660869 0.9587219034113866 0.11786095709110296
vn -3.8087723860953826e-8 0.9362116059312667 0.35143680643836545
vn 0.3257820282505228 0.9178588828998293 0.2267181976614431
vn 0.1523597846846609 0.9874618555776221 0.04129866571746923
vn 2.440133397153488e-7 0.9362117225314126 0.35143649582066167
vn 0.2587684422660869 0.9587219034113866 0.11786095709110296
vn 0.022755487203828487 0.999703308754511 0.00868805314205778
vn 1.1897057047277949e-7 0.9362116930745578 0.35143657429251157
vn 0.1523597846846609 0.9874618555776221 0.04129866571746923
vn -0.11031332045507464 0.9935825601493716 0.024993349059228256
vn -3.3156076109600747e-7 0.9362117280136403 0.3514364812161709
vn 0.022755487203828487 0.999703308754511 0.00868805314205778
vn -0.22658723028024363 0.970031558650445 0.08773256120800293
vn -1.9693074523500636e-7 0.936211670163638 0.3514366353261605
vn -0.11031332045507464 0.9935825601493716 0.024993349059228256
vn -0.3083656470419559 0.9326356429072444 0.187353637016703
vn 2.3133747035263174e-7 0.9362116866103907 0.35143659151271417
vn -0.22658723028024363 0.970031558650445 0.08773256120800293
vn -0.3431985107689167 0.8870878290940909 0.3086907282040241
vn 1.0592983023633171e-7 0.936211672700216 0.35143662856886804
vn -0.3083656470419559 0.9326356429072444 0.187353637016703
vn -0.32578212726360184 0.8403227669768926 0.43327087699948347
vn -9.052676280110894e-8 0.9362115781108561 0.3514368805506505
vn -0.3431985107689167 0.8870878290940909 0.3086907282040241
vn -0.2587683477786191 0.7994597402714482 0.5421282743715109
vn -1.8335471761855605e-7 0.936211657317165 0.3514366695486019
vn -0.32578212726360184 0.8403227669768926 0.43327087699948347
vn -0.15235972833923223 0.7707196525785325 0.6186903347472157
vn -2.0595057415474358e-7 0.9362115156785514 0.35143704686732596
vn -0.2587683477786191 0.7994597402714482 0.5421282743715109
vn -0.022755455907404208 0.7584782843244403 0.6513009146582704
vn -1.3217784793156716e-7 0.9362115533997791 0.3514369463797954
vn -0.15235972833923223 0.7707196525785325 0.6186903347472157
vn 0.11031320002904077 0.7645989395942676 0.6349956373634973
vn 3.22206381254168e-7 0.9362115206698339 0.35143703357070016
vn -0.022755455907404208 0.7584782843244403 0.6513009146582704
vn 0.22658731526589054 0.7881501154598018 0.5722565718812647
vn 2.1819690618401643e-7 0.9362115795018582 0.3514368768450293
vn 0.11031320002904077 0.7645989395942676 0.6349956373634973
vn 0.3083657022771777 0.8255460392040973 0.4726355158190401
vn 1.523998233956627e-7 0.9362116197596332 0.351436769600195
vn 0.22658731526589054 0.7881501154598018 0.5722565718812647
vn 0.3431983644111119 0.8710937359516933 0.35129842847820925
vn 2.7222894631931277e-8 0.9362116177958508 0.3514367748316547
vn 0.3083657022771777 0.8255460392040973 0.4726355158190401
vn 0.8965375004221751 0.15567514051296094 -0.41471166002781784
vn 0.9471733399491866 0.11271350163967879 -0.3002637684397249
vn 0.9978091077020405 0.023250621601170755 -0.06193862431485554
vn 0.6587761803777052 0.2643994958566949 -0.704348529321732
vn 0.7523389468240405 0.2315181146382844 -0.6167539798704408
vn 0.8965375004221751 0.15567514051296094 -0.41471166002781784
vn 0.32072225154439493 0.3328713930422372 -0.8867546859523294
vn 0.4429678830329782 0.31507613096231435 -0.8393488466061653
vn 0.6587761803777052 0.2643994958566949 -0.704348529321732
vn -0.06615889943972214 0.35066665927820484 -0.9341605290824422
vn 0.06615887718570175 0.3506666593608069 -0.9341605306275036
vn 0.32072225154439493 0.3328713930422372 -0.8867546859523294
vn -0.4429678351243244 0.31507613949917024 -0.8393488686854644
vn -0.3207222515469649 0.3328713952217046 -0.8867546851332679
vn -0.06615889943972214 0.35066665927820484 -0.9341605290824422
vn -0.7523388913996977 0.23151812902040506 -0.616754042080281
vn -0.6587761803722546 0.264399493024667 -0.7043485303899212
vn -0.4429678351243244 0.31507613949917024 -0.8393488686854644
vn -0.9471733399462313 0.11271349913600692 -0.3002637693888799
vn -0.8965375004137758 0.15567513506950187 -0.4147116620893499
vn -0.7523388913996977 0.23151812902040506 -0.616754042080281
vn -0.997809107702044 -0.02325062161477584 0.06193862430969222
vn -0.9978091077020231 0.023250621533145346 -0.06193862434067219
vn -0.9471733399462313 0.11271349913600692 -0.3002637693888799
vn -0.8965375122580462 -0.1556751322108901 0.4147116375570807
vn -0.9471733399493152 -0.11271350174853409 0.3002637683984573
vn -0.997809107702044 -0.02325062161477584 0.06193862430969222
vn -0.6587761803785438 -0.2643994962923915 0.7043485291573952
vn -0.752338891415211 -0.2315181370793398 0.616754039036181
vn -0.8965375122580462 -0.1556751322108901 0.4147116375570807
vn -0.3207221980906353 -0.3328714161874842 0.8867546965972325
vn -0.44296785907848385 -0.31507613512178284 0.8393488576868051
vn -0.6587761803785438 -0.2643994962923915 0.7043485291573952
vn 0.06615886977649998 -0.3506666937558949 0.9341605182409529
vn -0.06615886977644415 -0.35066669353791885 0.9341605183227811
vn -0.3207221980906353 -0.3328714161874842 0.8867546965972325
vn 0.4429678351246603 -0.3150761397170892 0.8393488686034841
vn 0.32072219809346214 -0.3328714185848985 0.8867546956962649
vn 0.06615886977649998 -0.3506666937558949 0.9341605182409529
vn 0.7523389468085269 -0.23151810657934963 0.6167539829145406
vn 0.6587761803722546 -0.264399493024667 0.7043485303899212
vn 0.4429678351246603 -0.3150761397170892 0.8393488686034841
vn 0.9471733399463598 -0.11271349924486222 0.3002637693476123
vn 0.8965375122491431 -0.15567512644082343 0.4147116397423047
vn 0.7523389468085269 -0.23151810657934963 0.6167539829145406
vn 0.9978091077020405 0.023250621601170755 -0.06193862431485554
vn 0.9978091081938543 -0.02325061887366183 0.06193861741576888
vn 0.9471733399463598 -0.11271349924486222 0.3002637693476123
vn -0.2610358353526961 -0.11415627841230146 -0.9585554948779821
vn -0.25581282988783366 -0.5668258294928799 -0.7831144712521199
vn -0.5815171665509716 -0.2285363328070049 -0.7807745702785507
vn 0.05884141234947121 -0.2451008522205625 -0.9677103184494178
vn 0.13722968123299967 -0.6718168111661156 -0.7278943514159738
vn -0.2610358353526961 -0.11415627841230146 -0.9585554948779821
vn 0.4550003446866595 -0.2633994516745636 -0.8506441178263447
vn 0.5261014202955263 -0.5721132586760218 -0.6292088006458061
vn 0.05884141234947121 -0.2451008522205625 -0.9677103184494178
vn 0.6545844772361809 -0.24148506465081251 -0.7163826670935227
vn 0.7675422597053128 -0.35145397259327266 -0.536058751178329
vn 0.4550003446866595 -0.2633994516745636 -0.8506441178263447
vn -0.25581282988783366 -0.5668258294928799 -0.7831144712521199
vn -0.5128651237773523 -0.8242941732808107 -0.23980925901254588
vn -0.8065008798717258 -0.4443885183721998 -0.3899681724257676
vn 0.13722968123299967 -0.6718168111661156 -0.7278943514159738
vn 0.23108363647679714 -0.8681421493355613 -0.43923747733964086
vn -0.25581282988783366 -0.5668258294928799 -0.7831144712521199
vn 0.5261014202955263 -0.5721132586760218 -0.6292088006458061
vn 0.3754154676524254 -0.8516486616602071 -0.36572911251319434
vn 0.13722968123299967 -0.6718168111661156 -0.7278943514159738
vn 0.7675422597053128 -0.35145397259327266 -0.536058751178329
vn 0.7337520864866158 -0.507745836158287 -0.4514443946273558
vn 0.5261014202955263 -0.5721132586760218 -0.6292088006458061
vn -0.5128651237773523 -0.8242941732808107 -0.23980925901254588
vn -0.5628207764723436 -0.792236810875664 0.2357829702599947
vn -0.8413470411033465 -0.540306475208983 -0.014285281722405504
vn 0.23108363647679714 -0.8681421493355613 -0.43923747733964086
vn 0.08131963755761484 -0.9787674913906911 0.18815237002034188
vn -0.5128651237773523 -0.8242941732808107 -0.23980925901254588
vn 0.3754154676524254 -0.8516486616602071 -0.36572911251319434
vn 0.36294028272866324 -0.9284579982203024 0.07899428279050995
vn 0.23108363647679714 -0.8681421493355613 -0.43923747733964086
vn 0.7337520864866158 -0.507745836158287 -0.4514443946273558
vn 0.7024841112335943 -0.7113768516514508 0.021425414787503518
vn 0.3754154676524254 -0.8516486616602071 -0.36572911251319434
vn -0.5628207764723436 -0.792236810875664 0.2357829702599947
vn -0.5352153023248656 -0.6643941867388911 0.5216559640077646
vn -0.6135014051834267 -0.7101519724625973 0.3453986129755642
vn 0.08131963755761484 -0.9787674913906911 0.18815237002034188
vn 0.09325518322682523 -0.8233161428952838 0.5598696273681613
vn -0.5628207764723436 -0.792236810875664 0.2357829702599947
vn 0.36294028272866324 -0.9284579982203024 0.07899428279050995
vn 0.31443205642107375 -0.7379436157610157 0.5971362506600758
vn 0.08131963755761484 -0.9787674913906911 0.18815237002034188
vn 0.7024841112335943 -0.7113768516514508 0.021425414787503518
vn 0.44898810593100597 -0.657774247194329 0.6047666661286992
vn 0.36294028272866324 -0.9284579982203024 0.07899428279050995
vn -0.5352153023248656 -0.6643941867388911 0.5216559640077646
vn -0.5183795744693939 -0.7230889208711843 0.4565359014209904
vn -0.9290561144240748 -0.33016063753556546 0.1668792667569866
vn 0.09325518322682523 -0.8233161428952838 0.5598696273681613
vn 0.10138757442048411 -0.7074368149910237 0.6994667344116423
vn -0.5352153023248656 -0.6643941867388911 0.5216559640077646
vn 0.31443205642107375 -0.7379436157610157 0.5971362506600758
vn 0.3768661723208992 -0.6944676062137743 0.6129328120437869
vn 0.09325518322682523 -0.8233161428952838 0.5598696273681613
vn 0.44898810593100597 -0.657774247194329 0.6047666661286992
vn 0.6703365619261389 -0.47468801477015343 0.570368461942466
vn 0.31443205642107375 -0.7379436157610157 0.5971362506600758
vn -0.5183795744693939 -0.7230889208711843 0.4565359014209904
vn -0.42669959271360386 -0.39722313859718134 0.8124907604034949
vn -0.4244613030126495 -0.8482073954619272 0.31682300504934524
vn 0.10138757442048411 -0.7074368149910237 0.6994667344116423
vn 0.0938525971648027 -0.46584853262856424 0.8798731923710568
vn -0.5183795744693939 -0.7230889208711843 0.4565359014209904
vn 0.3768661723208992 -0.6944676062137743 0.6129328120437869
vn 0.3591379301408774 -0.48735378022716075 0.7959310523107027
vn 0.10138757442048411 -0.7074368149910237 0.6994667344116423
vn 0.6703365619261389 -0.47468801477015343 0.570368461942466
vn 0.817648421006641 -0.47936939336686596 0.3188354502379394
vn 0.3768661723208992 -0.6944676062137743 0.6129328120437869
vn -0.42669959271360386 -0.39722313859718134 0.8124907604034949
vn -0.22206342551372427 0.055657494018805986 0.9734423857674666
vn -0.5924742757339388 -0.45056202338682166 0.6678084273765328
vn 0.0938525971648027 -0.46584853262856424 0.8798731923710568
vn -0.021261883416536793 0.13782421523866303 0.9902284675808044
vn -0.42669959271360386 -0.39722313859718134 0.8124907604034949
vn 0.3591379301408774 -0.48735378022716075 0.7959310523107027
vn 0.24181801300530564 0.02807222568333028 0.9699154595795192
vn 0.0938525971648027 -0.46584853262856424 0.8798731923710568
vn 0.817648421006641 -0.47936939336686596 0.3188354502379394
vn 0.4561074971482214 -0.07942658015170992 0.8863731547212997
vn 0.3591379301408774 -0.48735378022716075 0.7959310523107027
vn -0.22206342551372427 0.055657494018805986 0.9734423857674666
vn -0.16611033862565477 0.15742853056915115 0.9734596104433445
vn -0.6015842602674213 0.11079726442586056 0.7910880760030742
vn -0.021261883416536793 0.13782421523866303 0.9902284675808044
vn 0.02770181275217871 0.17338048691911243 0.9844652438384683
vn -0.22206342551372427 0.055657494018805986 0.9734423857674666
vn 0.24181801300530564 0.02807222568333028 0.9699154595795192
vn 0.14186261443093023 0.18168355144639975 0.9730704423425083
vn -0.021261883416536793 0.13782421523866303 0.9902284675808044
vn 0.4561074971482214 -0.07942658015170992 0.8863731547212997
vn 0.08779411756226645 0.0925228563305227 0.9918325029852089
vn 0.24181801300530564 0.02807222568333028 0.9699154595795192
vn 0.7024841112335943 -0.7113768516514508 0.021425414787503518
vn 0.8420515098308329 -0.24747988441995095 0.4792733683390957
vn 0.44898810593100597 -0.657774247194329 0.6047666661286992
vn 0.7337520864866158 -0.507745836158287 -0.4514443946273558
vn 0.9191332724355076 -0.31822540322297477 -0.2322210590053584
vn 0.7024841112335943 -0.7113768516514508 0.021425414787503518
vn 0.7675422597053128 -0.35145397259327266 -0.536058751178329
vn 0.7411069345640078 -0.2834250787339488 -0.6086302130898483
vn 0.7337520864866158 -0.507745836158287 -0.4514443946273558
vn 0.6545844772361809 -0.24148506465081251 -0.7163826670935227
vn 0.6961704357234668 -0.10004843050969321 -0.7108706183104949
vn 0.7675422597053128 -0.35145397259327266 -0.536058751178329
vn 0.8420515098308329 -0.24747988441995095 0.4792733683390957
vn 0.9493256766482926 -0.20071591453237211 0.24185508328272706
vn 0.6703365619261389 -0.47468801477015343 0.570368461942466
vn 0.9191332724355076 -0.31822540322297477 -0.2322210590053584
vn 0.9786395941561747 -0.02540821891454499 0.20400727232485652
vn 0.8420515098308329 -0.24747988441995095 0.4792733683390957
vn 0.7411069345640078 -0.2834250787339488 -0.6086302130898483
vn 0.8943034756555737 0.026020359940572085 -0.44670374332316026
vn 0.9191332724355076 -0.31822540322297477 -0.2322210590053584
vn 0.6961704357234668 -0.10004843050969321 -0.7108706183104949
vn 0.6136269055649054 0.14353378164654876 -0.7764406444108136
vn 0.7411069345640078 -0.2834250787339488 -0.6086302130898483
vn 0.9493256766482926 -0.20071591453237211 0.24185508328272706
vn 0.9854849774070611 -0.004446588348235339 0.16970441113025225
vn 0.817648421006641 -0.47936939336686596 0.3188354502379394
vn 0.9786395941561747 -0.02540821891454499 0.20400727232485652
vn 0.9685148812444326 0.22288678160864894 0.11090720171486113
vn 0.9493256766482926 -0.20071591453237211 0.24185508328272706
vn 0.8943034756555737 0.026020359940572085 -0.44670374332316026
vn 0.8584583295031198 0.4799294694999163 -0.18087841444528943
vn 0.9786395941561747 -0.02540821891454499 0.20400727232485652
vn 0.6136269055649054 0.14353378164654876 -0.7764406444108136
vn 0.6441318303052274 0.5238515819482149 -0.5573811131335458
vn 0.8943034756555737 0.026020359940572085 -0.44670374332316026
vn 0.9854849774070611 -0.004446588348235339 0.16970441113025225
vn 0.4027903480443987 0.3562793551308391 0.8431043569035956
vn 0.4561074971482214 -0.07942658015170992 0.8863731547212997
vn 0.9685148812444326 0.22288678160864894 0.11090720171486113
vn 0.6599233572981174 0.7392082797683187 0.1344331864323102
vn 0.9854849774070611 -0.004446588348235339 0.16970441113025225
vn 0.8584583295031198 0.4799294694999163 -0.18087841444528943
vn 0.5335584757018511 0.8291854608276408 -0.16663380376973377
vn 0.9685148812444326 0.22288678160864894 0.11090720171486113
vn 0.6441318303052274 0.5238515819482149 -0.5573811131335458
vn 0.6506969254599618 0.756466074571432 -0.0659741556932809
vn 0.8584583295031198 0.4799294694999163 -0.18087841444528943
vn 0.4550003446866595 -0.2633994516745636 -0.8506441178263447
vn 0.4019044055161357 0.045771513931886484 -0.9145369414841069
vn 0.6545844772361809 -0.24148506465081251 -0.7163826670935227
vn 0.05884141234947121 -0.2451008522205625 -0.9677103184494178
vn 0.0344159046047594 0.024210329968882584 -0.9991143104935661
vn 0.4550003446866595 -0.2633994516745636 -0.8506441178263447
vn -0.2610358353526961 -0.11415627841230146 -0.9585554948779821
vn -0.3024268825285104 -0.06569157746041365 -0.9509061979895015
vn 0.05884141234947121 -0.2451008522205625 -0.9677103184494178
vn -0.5815171665509716 -0.2285363328070049 -0.7807745702785507
vn -0.6237726350287986 -0.08232764142463878 -0.7772579103789714
vn -0.2610358353526961 -0.11415627841230146 -0.9585554948779821
vn 0.4019044055161357 0.045771513931886484 -0.9145369414841069
vn 0.3691342154539248 0.3072959474406053 -0.8771026916318272
vn 0.6961704357234668 -0.10004843050969321 -0.7108706183104949
vn 0.0344159046047594 0.024210329968882584 -0.9991143104935661
vn 0.051707297599431774 0.40761758227343203 -0.9116875901297141
vn 0.4019044055161357 0.045771513931886484 -0.9145369414841069
vn -0.3024268825285104 -0.06569157746041365 -0.9509061979895015
vn -0.26566904972636035 0.3958317007286503 -0.8790547313539453
vn 0.0344159046047594 0.024210329968882584 -0.9991143104935661
vn -0.6237726350287986 -0.08232764142463878 -0.7772579103789714
vn -0.6467036704977608 0.19720112993792058 -0.736808032608176
vn -0.3024268825285104 -0.06569157746041365 -0.9509061979895015
vn 0.3691342154539248 0.3072959474406053 -0.8771026916318272
vn 0.22843526580681123 0.5646733178195187 -0.7930708502261751
vn 0.6136269055649054 0.14353378164654876 -0.7764406444108136
vn 0.051707297599431774 0.40761758227343203 -0.9116875901297141
vn 0.024747236011151762 0.6332662748561043 -0.7735382339869707
vn 0.3691342154539248 0.3072959474406053 -0.8771026916318272
vn -0.26566904972636035 0.3958317007286503 -0.8790547313539453
vn -0.4237847880593143 0.5932583307011032 -0.6844348080447564
vn 0.051707297599431774 0.40761758227343203 -0.9116875901297141
vn -0.6467036704977608 0.19720112993792058 -0.736808032608176
vn -0.3926854044422093 0.7471848175806723 -0.536202407226036
vn -0.26566904972636035 0.3958317007286503 -0.8790547313539453
vn 0.22843526580681123 0.5646733178195187 -0.7930708502261751
vn 0.4475445213432677 0.8486753417178867 -0.28187597587530133
vn 0.6441318303052274 0.5238515819482149 -0.5573811131335458
vn 0.024747236011151762 0.6332662748561043 -0.7735382339869707
vn 0.015194437947293625 0.8858298617354096 -0.46376134499685395
vn 0.22843526580681123 0.5646733178195187 -0.7930708502261751
vn -0.4237847880593143 0.5932583307011032 -0.6844348080447564
vn -0.6793200210770834 0.5160890829399234 -0.5217052495749489
vn 0.024747236011151762 0.6332662748561043 -0.7735382339869707
vn -0.3926854044422093 0.7471848175806723 -0.536202407226036
vn -0.8084413045550193 0.4304719149973204 -0.4013933077268709
vn -0.4237847880593143 0.5932583307011032 -0.6844348080447564
vn -0.8065008798717258 -0.4443885183721998 -0.3899681724257676
vn -0.8861990110328521 -0.17558210450243786 -0.42874495614862934
vn -0.5815171665509716 -0.2285363328070049 -0.7807745702785507
vn -0.8413470411033465 -0.540306475208983 -0.014285281722405504
vn -0.9078403789524532 -0.40475708370198715 -0.1095333261456474
vn -0.8065008798717258 -0.4443885183721998 -0.3899681724257676
vn -0.6135014051834267 -0.7101519724625973 0.3453986129755642
vn -0.705967707882071 -0.6890843898368357 0.16362242850823
vn -0.8413470411033465 -0.540306475208983 -0.014285281722405504
vn 0.1230322834231845 -0.8943119922018631 0.4301966037053434
vn -0.4244613030126495 -0.8482073954619272 0.31682300504934524
vn -0.6135014051834267 -0.7101519724625973 0.3453986129755642
vn -0.8861990110328521 -0.17558210450243786 -0.42874495614862934
vn -0.9755511878102787 0.035816365007014433 -0.21683419462722803
vn -0.6237726350287986 -0.08232764142463878 -0.7772579103789714
vn -0.9078403789524532 -0.40475708370198715 -0.1095333261456474
vn -0.9912464260388798 0.11459395733438608 -0.06556483667022059
vn -0.8861990110328521 -0.17558210450243786 -0.42874495614862934
vn -0.705967707882071 -0.6890843898368357 0.16362242850823
vn -0.9707941258292587 -0.11710182500400616 0.2093941924603846
vn -0.9078403789524532 -0.40475708370198715 -0.1095333261456474
vn -0.4244613030126495 -0.8482073954619272 0.31682300504934524
vn -0.5924742757339388 -0.45056202338682166 0.6678084273765328
vn -0.705967707882071 -0.6890843898368357 0.16362242850823
vn -0.9755511878102787 0.035816365007014433 -0.21683419462722803
vn -0.8475826498347504 0.4860237083441689 -0.21303663212341023
vn -0.6467036704977608 0.19720112993792058 -0.736808032608176
vn -0.9912464260388798 0.11459395733438608 -0.06556483667022059
vn -0.9627882905744309 0.26138510464709935 0.06867703110494815
vn -0.9755511878102787 0.035816365007014433 -0.21683419462722803
vn -0.9707941258292587 -0.11710182500400616 0.2093941924603846
vn -0.9075236339284217 0.24548818556601584 0.3407879173457552
vn -0.9912464260388798 0.11459395733438608 -0.06556483667022059
vn -0.5924742757339388 -0.45056202338682166 0.6678084273765328
vn -0.6015842602674213 0.11079726442586056 0.7910880760030742
vn -0.9707941258292587 -0.11710182500400616 0.2093941924603846
vn -0.8475826498347504 0.4860237083441689 -0.21303663212341023
vn -0.8137132300613048 0.46602007867467055 -0.3474133927977616
vn -0.3926854044422093 0.7471848175806723 -0.536202407226036
vn -0.9627882905744309 0.26138510464709935 0.06867703110494815
vn -0.8138932502335904 0.5802868932406339 -0.029067142228558097
vn -0.8475826498347504 0.4860237083441689 -0.21303663212341023
vn -0.9075236339284217 0.24548818556601584 0.3407879173457552
vn -0.6101641643373825 0.4843799991842772 0.6269575017086115
vn -0.9627882905744309 0.26138510464709935 0.06867703110494815
vn -0.6015842602674213 0.11079726442586056 0.7910880760030742
vn -0.42307718319178694 0.2268824678953784 0.8772286149141545
vn -0.9075236339284217 0.24548818556601584 0.3407879173457552
f 1423/1423/1423 1424/1424/1424 1425/1425/1425
f 1426/1426/1426 1427/1427/1427 1428/1428/1428
f 1429/1429/1429 1430/1430/1430 1431/1431/1431
f 1432/1432/1432 1433/1433/1433 1434/1434/1434
f 1435/1435/1435 1436/1436/1436 1437/1437/1437
f 1438/1438/1438 1439/1439/1439 1440/1440/1440
f 1441/1441/1441 1442/1442/1442 1443/1443/1443
f 1444/1444/1444 1445/1445/1445 1446/1446/1446
f 1447/1447/1447 1448/1448/1448 1449/1449/1449
f 1450/1450/1450 1451/1451/1451 1452/1452/1452
f 1453/1453/1453 1454/1454/1454 1455/1455/1455
f 1456/1456/1456 1457/1457/1457 1458/1458/1458
f 1459/1459/1459 1460/1460/1460 1461/1461/1461
f 1462/1462/1462 1463/1463/1463 1464/1464/1464
f 1465/1465/1465 1466/1466/1466 1467/1467/1467
f 1468/1468/1468 1469/1469/1469 1470/1470/1470
f 1471/1471/1471 1472/1472/1472 1473/1473/1473
f 1474/1474/1474 1475/1475/1475 1476/1476/1476
f 1477/1477/1477 1478/1478/1478 1479/1479/1479
f 1480/1480/1480 1481/1481/1481 1482/1482/1482
f 1483/1483/1483 1484/1484/1484 1485/1485/1485
f 1486/1486/1486 1487/1487/1487 1488/1488/1488
f 1489/1489/1489 1490/1490/1490 1491/1491/1491
f 1492/1492/1492 1493/1493/1493 1494/1494/1494
f 1495/1495/1495 1496/1496/1496 1497/1497/1497
f 1498/1498/1498 1499/1499/1499 1500/1500/1500
f 1501/1501/1501 1502/1502/1502 1503/1503/1503
f 1504/1504/1504 1505/1505/1505 1506/1506/1506
f 1507/1507/1507 1508/1508/1508 1509/1509/1509
f 1510/1510/1510 1511/1511/1511 1512/1512/1512
f 1513/1513/1513 1514/1514/1514 1515/1515/1515
f 1516/1516/1516 1517/1517/1517 1518/1518/1518
f 1519/1519/1519 1520/1520/1520 1521/1521/1521
f 1522/1522/1522 1523/1523/1523 1524/1524/1524
f 1525/1525/1525 1526/1526/1526 1527/1527/1527
f 1528/1528/1528 1529/1529/1529 1530/1530/1530
f 1531/1531/1531 1532/1532/1532 1533/1533/1533
f 1534/1534/1534 1535/1535/1535 1536/1536/1536
f 1537/1537/1537 1538/1538/1538 1539/1539/1539
f 1540/1540/1540 1541/1541/1541 1542/1542/1542
f 1543/1543/1543 1544/1544/1544 1545/1545/1545
f 1546/1546/1546 1547/1547/1547 1548/1548/1548
f 1549/1549/1549 1550/1550/1550 1551/1551/1551
f 1552/1552/1552 1553/1553/1553 1554/1554/1554
f 1555/1555/1555 1556/1556/1556 1557/1557/1557
f 1558/1558/1558 1559/1559/1559 1560/1560/1560
f 1561/1561/1561 1562/1562/1562 1563/1563/1563
f 1564/1564/1564 1565/1565/1565 1566/1566/1566
f 1567/1567/1567 1568/1568/1568 1569/1569/1569
f 1570/1570/1570 1571/1571/1571 1572/1572/1572
f 1573/1573/1573 1574/1574/1574 1575/1575/1575
f 1576/1576/1576 1577/1577/1577 1578/1578/1578
f 1579/1579/1579 1580/1580/1580 1581/1581/1581
f 1582/1582/1582 1583/1583/1583 1584/1584/1584
f 1585/1585/1585 1586/1586/1586 1587/1587/1587
f 1588/1588/1588 1589/1589/1589 1590/1590/1590
f 1591/1591/1591 1592/1592/1592 1593/1593/1593
f 1594/1594/1594 1595/1595/1595 1596/1596/1596
f 1597/1597/1597 1598/1598/1598 1599/1599/1599
f 1600/1600/1600 1601/1601/1601 1602/1602/1602
f 1603/1603/1603 1604/1604/1604 1605/1605/1605
f 1606/1606/1606 1607/1607/1607 1608/1608/1608
f 1609/1609/1609 1610/1610/1610 1611/1611/1611
f 1612/1612/1612 1613/1613/1613 1614/1614/1614
f 1615/1615/1615 1616/1616/1616 1617/1617/1617
f 1618/1618/1618 1619/1619/1619 1620/1620/1620
f 1621/1621/1621 1622/1622/1622 1623/1623/1623
f 1624/1624/1624 1625/1625/1625 1626/1626/1626
f 1627/1627/1627 1628/1628/1628 1629/1629/1629
f 1630/1630/1630 1631/1631/1631 1632/1632/1632
f 1633/1633/1633 1634/1634/1634 1635/1635/1635
f 1636/1636/1636 1637/1637/1637 1638/1638/1638
f 1639/1639/1639 1640/1640/1640 1641/1641/1641
f 1642/1642/1642 1643/1643/1643 1644/1644/1644
f 1645/1645/1645 1646/1646/1646 1647/1647/1647
f 1648/1648/1648 1649/1649/1649 1650/1650/1650
f 1651/1651/1651 1652/1652/1652 1653/1653/1653
f 1654/1654/1654 1655/1655/1655 1656/1656/1656
f 1657/1657/1657 1658/1658/1658 1659/1659/1659
f 1660/1660/1660 1661/1661/1661 1662/1662/1662
f 1663/1663/1663 1664/1664/1664 1665/1665/1665
f 1666/1666/1666 1667/1667/1667 1668/1668/1668
f 1669/1669/1669 1670/1670/1670 1671/1671/1671
f 1672/1672/1672 1673/1673/1673 1674/1674/1674
f 1675/1675/1675 1676/1676/1676 1677/1677/1677
f 1678/1678/1678 1679/1679/1679 1680/1680/1680
f 1681/1681/1681 1682/1682/1682 1683/1683/1683
f 1684/1684/1684 1685/1685/1685 1686/1686/1686
f 1687/1687/1687 1688/1688/1688 1689/1689/1689
f 1690/1690/1690 1691/1691/1691 1692/1692/1692
f 1693/1693/1693 1694/1694/1694 1695/1695/1695
f 1696/1696/1696 1697/1697/1697 1698/1698/1698
f 1699/1699/1699 1700/1700/1700 1701/1701/1701
f 1702/1702/1702 1703/1703/1703 1704/1704/1704
f 1705/1705/1705 1706/1706/1706 1707/1707/1707
f 1708/1708/1708 1709/1709/1709 1710/1710/1710
f 1711/1711/1711 1712/1712/1712 1713/1713/1713
f 1714/1714/1714 1715/1715/1715 1716/1716/1716
f 1717/1717/1717 1718/1718/1718 1719/1719/1719
f 1720/1720/1720 1721/1721/1721 1722/1722/1722
f 1723/1723/1723 1724/1724/1724 1725/1725/1725
f 1726/1726/1726 1727/1727/1727 1728/1728/1728
f 1729/1729/1729 1730/1730/1730 1731/1731/1731
f 1732/1732/1732 1733/1733/1733 1734/1734/1734
f 1735/1735/1735 1736/1736/1736 1737/1737/1737
f 1738/1738/1738 1739/1739/1739 1740/1740/1740
f 1741/1741/1741 1742/1742/1742 1743/1743/1743
f 1744/1744/1744 1745/1745/1745 1746/1746/1746
f 1747/1747/1747 1748/1748/1748 1749/1749/1749
f 1750/1750/1750 1751/1751/1751 1752/1752/1752
f 1753/1753/1753 1754/1754/1754 1755/1755/1755
f 1756/1756/1756 1757/1757/1757 1758/1758/1758
f 1759/1759/1759 1760/1760/1760 1761/1761/1761
f 1762/1762/1762 1763/1763/1763 1764/1764/1764
f 1765/1765/1765 1766/1766/1766 1767/1767/1767
f 1768/1768/1768 1769/1769/1769 1770/1770/1770
f 1771/1771/1771 1772/1772/1772 1773/1773/1773
f 1774/1774/1774 1775/1775/1775 1776/1776/1776
f 1777/1777/1777 1778/1778/1778 1779/1779/1779
f 1780/1780/1780 1781/1781/1781 1782/1782/1782
f 1783/1783/1783 1784/1784/1784 1785/1785/1785
f 1786/1786/1786 1787/1787/1787 1788/1788/1788
f 1789/1789/1789 1790/1790/1790 1791/1791/1791
f 1792/1792/1792 1793/1793/1793 1794/1794/1794
f 1795/1795/1795 1796/1796/1796 1797/1797/1797
f 1798/1798/1798 1799/1799/1799 1800/1800/1800
f 1801/1801/1801 1802/1802/1802 1803/1803/1803
f 1804/1804/1804 1805/1805/1805 1806/1806/1806
f 1807/1807/1807 1808/1808/1808 1809/1809/1809
f 1810/1810/1810 1811/1811/1811 1812/1812/1812
f 1813/1813/1813 1814/1814/1814 1815/1815/1815
f 1816/1816/1816 1817/1817/1817 1818/1818/1818
f 1819/1819/1819 1820/1820/1820 1821/1821/1821
f 1822/1822/1822 1823/1823/1823 1824/1824/1824
f 1825/1825/1825 1826/1826/1826 1827/1827/1827
f 1828/1828/1828 1829/1829/1829 1830/1830/1830
f 1831/1831/1831 1832/1832/1832 1833/1833/1833
f 1834/1834/1834 1835/1835/1835 1836/1836/1836
f 1837/1837/1837 1838/1838/1838 1839/1839/1839
f 1840/1840/1840 1841/1841/1841 1842/1842/1842
f 1843/1843/1843 1844/1844/1844 1845/1845/1845
f 1846/1846/1846 1847/1847/1847 1848/1848/1848
f 1849/1849/1849 1850/1850/1850 1851/1851/1851
f 1852/1852/1852 1853/1853/1853 1854/1854/1854
f 1855/1855/1855 1856/1856/1856 1857/1857/1857
f 1858/1858/1858 1859/1859/1859 1860/1860/1860
f 1861/1861/1861 1862/1862/1862 1863/1863/1863
f 1864/1864/1864 1865/1865/1865 1866/1866/1866
f 1867/1867/1867 1868/1868/1868 1869/1869/1869
f 1870/1870/1870 1871/1871/1871 1872/1872/1872
f 1873/1873/1873 1874/1874/1874 1875/1875/1875
f 1876/1876/1876 1877/1877/1877 1878/1878/1878
f 1879/1879/1879 1880/1880/1880 1881/1881/1881
f 1882/1882/1882 1883/1883/1883 1884/1884/1884
f 1885/1885/1885 1886/1886/1886 1887/1887/1887
f 1888/1888/1888 1889/1889/1889 1890/1890/1890
f 1891/1891/1891 1892/1892/1892 1893/1893/1893
f 1894/1894/1894 1895/1895/1895 1896/1896/1896
f 1897/1897/1897 1898/1898/1898 1899/1899/1899
f 1900/1900/1900 1901/1901/1901 1902/1902/1902
f 1903/1903/1903 1904/1904/1904 1905/1905/1905
f 1906/1906/1906 1907/1907/1907 1908/1908/1908
f 1909/1909/1909 1910/1910/1910 1911/1911/1911
f 1912/1912/1912 1913/1913/1913 1914/1914/1914
f 1915/1915/1915 1916/1916/1916 1917/1917/1917
f 1918/1918/1918 1919/1919/1919 1920/1920/1920
f 1921/1921/1921 1922/1922/1922 1923/1923/1923
f 1924/1924/1924 1925/1925/1925 1926/1926/1926
f 1927/1927/1927 1928/1928/1928 1929/1929/1929
f 1930/1930/1930 1931/1931/1931 1932/1932/1932
f 1933/1933/1933 1934/1934/1934 1935/1935/1935
f 1936/1936/1936 1937/1937/1937 1938/1938/1938
f 1939/1939/1939 1940/1940/1940 1941/1941/1941
f 1942/1942/1942 1943/1943/1943 1944/1944/1944
f 1945/1945/1945 1946/1946/1946 1947/1947/1947
f 1948/1948/1948 1949/1949/1949 1950/1950/1950
f 1951/1951/1951 1952/1952/1952 1953/1953/1953
f 1954/1954/1954 1955/1955/1955 1956/1956/1956
f 1957/1957/1957 1958/1958/1958 1959/1959/1959
f 1960/1960/1960 1961/1961/1961 1962/1962/1962
f 1963/1963/1963 1964/1964/1964 1965/1965/1965
f 1966/1966/1966 1967/1967/1967 1968/1968/1968
f 1969/1969/1969 1970/1970/1970 1971/1971/1971
f 1972/1972/1972 1973/1973/1973 1974/1974/1974
f 1975/1975/1975 1976/1976/1976 1977/1977/1977
f 1978/1978/1978 1979/1979/1979 1980/1980/1980
f 1981/1981/1981 1982/1982/1982 1983/1983/1983
f 1984/1984/1984 1985/1985/1985 1986/1986/1986
f 1987/1987/1987 1988/1988/1988 1989/1989/1989
f 1990/1990/1990 1991/1991/1991 1992/1992/1992
f 1993/1993/1993 1994/1994/1994 1995/1995/1995
f 1996/1996/1996 1997/1997/1997 1998/1998/1998
f 1999/1999/1999 2000/2000/2000 2001/2001/2001
f 2002/2002/2002 2003/2003/2003 2004/2004/2004
f 2005/2005/2005 2006/2006/2006 2007/2007/2007
f 2008/2008/2008 2009/2009/2009 2010/2010/2010
f 2011/2011/2011 2012/2012/2012 2013/2013/2013
f 2014/2014/2014 2015/2015/2015 2016/2016/2016
f 2017/2017/2017 2018/2018/2018 2019/2019/2019
f 2020/2020/2020 2021/2021/2021 2022/2022/2022
f 2023/2023/2023 2024/2024/2024 2025/2025/2025
f 2026/2026/2026 2027/2027/2027 2028/2028/2028
f 2029/2029/2029 2030/2030/2030 2031/2031/2031
f 2032/2032/2032 2033/2033/2033 2034/2034/2034
f 2035/2035/2035 2036/2036/2036 2037/2037/2037
f 2038/2038/2038 2039/2039/2039 2040/2040/2040
f 2041/2041/2041 2042/2042/2042 2043/2043/2043
f 2044/2044/2044 2045/2045/2045 2046/2046/2046
f 2047/2047/2047 2048/2048/2048 2049/2049/2049
f 2050/2050/2050 2051/2051/2051 2052/2052/2052
f 2053/2053/2053 2054/2054/2054 2055/2055/2055
f 2056/2056/2056 2057/2057/2057 2058/2058/2058
f 2059/2059/2059 2060/2060/2060 2061/2061/2061
f 2062/2062/2062 2063/2063/2063 2064/2064/2064
f 2065/2065/2065 2066/2066/2066 2067/2067/2067
f 2068/2068/2068 2069/2069/2069 2070/2070/2070
f 2071/2071/2071 2072/2072/2072 2073/2073/2073
f 2074/2074/2074 2075/2075/2075 2076/2076/2076
f 2077/2077/2077 2078/2078/2078 2079/2079/2079
f 2080/2080/2080 2081/2081/2081 2082/2082/2082
f 2083/2083/2083 2084/2084/2084 2085/2085/2085
f 2086/2086/2086 2087/2087/2087 2088/2088/2088
f 2089/2089/2089 2090/2090/2090 2091/2091/2091
f 2092/2092/2092 2093/2093/2093 2094/2094/2094
f 2095/2095/2095 2096/2096/2096 2097/2097/2097
f 2098/2098/2098 2099/2099/2099 2100/2100/2100
f 2101/2101/2101 2102/2102/2102 2103/2103/2103
f 2104/2104/2104 2105/2105/2105 2106/2106/2106
f 2107/2107/2107 2108/2108/2108 2109/2109/2109
f 2110/2110/2110 2111/2111/2111 2112/2112/2112
f 2113/2113/2113 2114/2114/2114 2115/2115/2115
f 2116/2116/2116 2117/2117/2117 2118/2118/2118
f 2119/2119/2119 2120/2120/2120 2121/2121/2121
f 2122/2122/2122 2123/2123/2123 2124/2124/2124
f 2125/2125/2125 2126/2126/2126 2127/2127/2127
f 2128/2128/2128 2129/2129/2129 2130/2130/2130
f 2131/2131/2131 2132/2132/2132 2133/2133/2133
f 2134/2134/2134 2135/2135/2135 2136/2136/2136
f 2137/2137/2137 2138/2138/2138 2139/2139/2139
f 2140/2140/2140 2141/2141/2141 2142/2142/2142
f 2143/2143/2143 2144/2144/2144 2145/2145/2145
f 2146/2146/2146 2147/2147/2147 2148/2148/2148
f 2149/2149/2149 2150/2150/2150 2151/2151/2151
f 2152/2152/2152 2153/2153/2153 2154/2154/2154
f 2155/2155/2155 2156/2156/2156 2157/2157/2157
f 2158/2158/2158 2159/2159/2159 2160/2160/2160
f 2161/2161/2161 2162/2162/2162 2163/2163/2163
f 2164/2164/2164 2165/2165/2165 2166/2166/2166
f 2167/2167/2167 2168/2168/2168 2169/2169/2169
f 2170/2170/2170 2171/2171/2171 2172/2172/2172
f 2173/2173/2173 2174/2174/2174 2175/2175/2175
f 2176/2176/2176 2177/2177/2177 2178/2178/2178
f 2179/2179/2179 2180/2180/2180 2181/2181/2181
f 2182/2182/2182 2183/2183/2183 2184/2184/2184
f 2185/2185/2185 2186/2186/2186 2187/2187/2187
f 2188/2188/2188 2189/2189/2189 2190/2190/2190
f 2191/2191/2191 2192/2192/2192 2193/2193/2193
f 2194/2194/2194 2195/2195/2195 2196/2196/2196
f 2197/2197/2197 2198/2198/2198 2199/2199/2199
f 2200/2200/2200 2201/2201/2201 2202/2202/2202
f 2203/2203/2203 2204/2204/2204 2205/2205/2205
f 2206/2206/2206 2207/2207/2207 2208/2208/2208
f 2209/2209/2209 2210/2210/2210 2211/2211/2211
f 2212/2212/2212 2213/2213/2213 2214/2214/2214
f 2215/2215/2215 2216/2216/2216 2217/2217/2217
f 2218/2218/2218 2219/2219/2219 2220/2220/2220
f 2221/2221/2221 2222/2222/2222 2223/2223/2223
f 2224/2224/2224 2225/2225/2225 2226/2226/2226
f 2227/2227/2227 2228/2228/2228 2229/2229/2229
f 2230/2230/2230 2231/2231/2231 2232/2232/2232
f 2233/2233/2233 2234/2234/2234 2235/2235/2235
f 2236/2236/2236 2237/2237/2237 2238/2238/2238
f 2239/2239/2239 2240/2240/2240 2241/2241/2241
f 2242/2242/2242 2243/2243/2243 2244/2244/2244
f 2245/2245/2245 2246/2246/2246 2247/2247/2247
f 2248/2248/2248 2249/2249/2249 2250/2250/2250
f 2251/2251/2251 2252/2252/2252 2253/2253/2253
f 2254/2254/2254 2255/2255/2255 2256/2256/2256
f 2257/2257/2257 2258/2258/2258 2259/2259/2259
f 2260/2260/2260 2261/2261/2261 2262/2262/2262
f 2263/2263/2263 2264/2264/2264 2265/2265/2265
f 2266/2266/2266 2267/2267/2267 2268/2268/2268
f 2269/2269/2269 2270/2270/2270 2271/2271/2271
f 2272/2272/2272 2273/2273/2273 2274/2274/2274
f 2275/2275/2275 2276/2276/2276 2277/2277/2277
f 2278/2278/2278 2279/2279/2279 2280/2280/2280
f 2281/2281/2281 2282/2282/2282 2283/2283/2283
f 2284/2284/2284 2285/2285/2285 2286/2286/2286
f 2287/2287/2287 2288/2288/2288 2289/2289/2289
f 2290/2290/2290 2291/2291/2291 2292/2292/2292
f 2293/2293/2293 2294/2294/2294 2295/2295/2295
f 2296/2296/2296 2297/2297/2297 2298/2298/2298
f 2299/2299/2299 2300/2300/2300 2301/2301/2301
f 2302/2302/2302 2303/2303/2303 2304/2304/2304
f 2305/2305/2305 2306/2306/2306 2307/2307/2307
f 2308/2308/2308 2309/2309/2309 2310/2310/2310
f 2311/2311/2311 2312/2312/2312 2313/2313/2313
f 2314/2314/2314 2315/2315/2315 2316/2316/2316
f 2317/2317/2317 2318/2318/2318 2319/2319/2319
f 2320/2320/2320 2321/2321/2321 2322/2322/2322
f 2323/2323/2323 2324/2324/2324 2325/2325/2325
f 2326/2326/2326 2327/2327/2327 2328/2328/2328
f 2329/2329/2329 2330/2330/2330 2331/2331/2331
f 2332/2332/2332 2333/2333/2333 2334/2334/2334
f 2335/2335/2335 2336/2336/2336 2337/2337/2337
f 2338/2338/2338 2339/2339/2339 2340/2340/2340
f 2341/2341/2341 2342/2342/2342 2343/2343/2343
f 2344/2344/2344 2345/2345/2345 2346/2346/2346
f 2347/2347/2347 2348/2348/2348 2349/2349/2349
f 2350/2350/2350 2351/2351/2351 2352/2352/2352
f 2353/2353/2353 2354/2354/2354 2355/2355/2355
f 2356/2356/2356 2357/2357/2357 2358/2358/2358
f 2359/2359/2359 2360/2360/2360 2361/2361/2361
f 2362/2362/2362 2363/2363/2363 2364/2364/2364
f 2365/2365/2365 2366/2366/2366 2367/2367/2367
f 2368/2368/2368 2369/2369/2369 2370/2370/2370
f 2371/2371/2371 2372/2372/2372 2373/2373/2373
f 2374/2374/2374 2375/2375/2375 2376/2376/2376
f 2377/2377/2377 2378/2378/2378 2379/2379/2379
f 2380/2380/2380 2381/2381/2381 2382/2382/2382
f 2383/2383/2383 2384/2384/2384 2385/2385/2385
f 2386/2386/2386 2387/2387/2387 2388/2388/2388
f 2389/2389/2389 2390/2390/2390 2391/2391/2391
f 2392/2392/2392 2393/2393/2393 2394/2394/2394
f 2395/2395/2395 2396/2396/2396 2397/2397/2397
f 2398/2398/2398 2399/2399/2399 2400/2400/2400
f 2401/2401/2401 2402/2402/2402 2403/2403/2403
f 2404/2404/2404 2405/2405/2405 2406/2406/2406
f 2407/2407/2407 2408/2408/2408 2409/2409/2409
f 2410/2410/2410 2411/2411/2411 2412/2412/2412
f 2413/2413/2413 2414/2414/2414 2415/2415/2415
f 2416/2416/2416 2417/2417/2417 2418/2418/2418
f 2419/2419/2419 2420/2420/2420 2421/2421/2421
f 2422/2422/2422 2423/2423/2423 2424/2424/2424
f 2425/2425/2425 2426/2426/2426 2427/2427/2427
f 2428/2428/2428 2429/2429/2429 2430/2430/2430
f 2431/2431/2431 2432/2432/2432 2433/2433/2433
f 2434/2434/2434 2435/2435/2435 2436/2436/2436
f 2437/2437/2437 2438/2438/2438 2439/2439/2439
f 2440/2440/2440 2441/2441/2441 2442/2442/2442
f 2443/2443/2443 2444/2444/2444 2445/2445/2445
f 2446/2446/2446 2447/2447/2447 2448/2448/2448
f 2449/2449/2449 2450/2450/2450 2451/2451/2451
f 2452/2452/2452 2453/2453/2453 2454/2454/2454
f 2455/2455/2455 2456/2456/2456 2457/2457/2457
f 2458/2458/2458 2459/2459/2459 2460/2460/2460
f 2461/2461/2461 2462/2462/2462 2463/2463/2463
f 2464/2464/2464 2465/2465/2465 2466/2466/2466
f 2467/2467/2467 2468/2468/2468 2469/2469/2469
f 2470/2470/2470 2471/2471/2471 2472/2472/2472
f 2473/2473/2473 2474/2474/2474 2475/2475/2475
f 2476/2476/2476 2477/2477/2477 2478/2478/2478
f 2479/2479/2479 2480/2480/2480 2481/2481/2481
f 2482/2482/2482 2483/2483/2483 2484/2484/2484
f 2485/2485/2485 2486/2486/2486 2487/2487/2487
f 2488/2488/2488 2489/2489/2489 2490/2490/2490
f 2491/2491/2491 2492/2492/2492 2493/2493/2493
f 2494/2494/2494 2495/2495/2495 2496/2496/2496
f 2497/2497/2497 2498/2498/2498 2499/2499/2499
f 2500/2500/2500 2501/2501/2501 2502/2502/2502
f 2503/2503/2503 2504/2504/2504 2505/2505/2505
f 2506/2506/2506 2507/2507/2507 2508/2508/2508
f 2509/2509/2509 2510/2510/2510 2511/2511/2511
f 2512/2512/2512 2513/2513/2513 2514/2514/2514
f 2515/2515/2515 2516/2516/2516 2517/2517/2517
f 2518/2518/2518 2519/2519/2519 2520/2520/2520
f 2521/2521/2521 2522/2522/2522 2523/2523/2523
f 2524/2524/2524 2525/2525/2525 2526/2526/2526
f 2527/2527/2527 2528/2528/2528 2529/2529/2529
f 2530/2530/2530 2531/2531/2531 2532/2532/2532
f 2533/2533/2533 2534/2534/2534 2535/2535/2535
f 2536/2536/2536 2537/2537/2537 2538/2538/2538
f 2539/2539/2539 2540/2540/2540 2541/2541/2541
f 2542/2542/2542 2543/2543/2543 2544/2544/2544
f 2545/2545/2545 2546/2546/2546 2547/2547/2547
f 2548/2548/2548 2549/2549/2549 2550/2550/2550
f 2551/2551/2551 2552/2552/2552 2553/2553/2553
f 2554/2554/2554 2555/2555/2555 2556/2556/2556
f 2557/2557/2557 2558/2558/2558 2559/2559/2559
f 2560/2560/2560 2561/2561/2561 2562/2562/2562
f 2563/2563/2563 2564/2564/2564 2565/2565/2565
f 2566/2566/2566 2567/2567/2567 2568/2568/2568
f 2569/2569/2569 2570/2570/2570 2571/2571/2571
f 2572/2572/2572 2573/2573/2573 2574/2574/2574
f 2575/2575/2575 2576/2576/2576 2577/2577/2577
f 2578/2578/2578 2579/2579/2579 2580/2580/2580
f 2581/2581/2581 2582/2582/2582 2583/2583/2583
f 2584/2584/2584 2585/2585/2585 2586/2586/2586
f 2587/2587/2587 2588/2588/2588 2589/2589/2589
f 2590/2590/2590 2591/2591/2591 2592/2592/2592
f 2593/2593/2593 2594/2594/2594 2595/2595/2595
f 2596/2596/2596 2597/2597/2597 2598/2598/2598
f 2599/2599/2599 2600/2600/2600 2601/2601/2601
f 2602/2602/2602 2603/2603/2603 2604/2604/2604
f 2605/2605/2605 2606/2606/2606 2607/2607/2607
f 2608/2608/2608 2609/2609/2609 2610/2610/2610
f 2611/2611/2611 2612/2612/2612 2613/2613/2613
f 2614/2614/2614 2615/2615/2615 2616/2616/2616
f 2617/2617/2617 2618/2618/2618 2619/2619/2619
f 2620/2620/2620 2621/2621/2621 2622/2622/2622
f 2623/2623/2623 2624/2624/2624 2625/2625/2625
f 2626/2626/2626 2627/2627/2627 2628/2628/2628
f 2629/2629/2629 2630/2630/2630 2631/2631/2631
f 2632/2632/2632 2633/2633/2633 2634/2634/2634
f 2635/2635/2635 2636/2636/2636 2637/2637/2637
f 2638/2638/2638 2639/2639/2639 2640/2640/2640
f 2641/2641/2641 2642/2642/2642 2643/2643/2643
f 2644/2644/2644 2645/2645/2645 2646/2646/2646
f 2647/2647/2647 2648/2648/2648 2649/2649/2649
f 2650/2650/2650 2651/2651/2651 2652/2652/2652
f 2653/2653/2653 2654/2654/2654 2655/2655/2655
f 2656/2656/2656 2657/2657/2657 2658/2658/2658
f 2659/2659/2659 2660/2660/2660 2661/2661/2661
f 2662/2662/2662 2663/2663/2663 2664/2664/2664
f 2665/2665/2665 2666/2666/2666 2667/2667/2667
f 2668/2668/2668 2669/2669/2669 2670/2670/2670
f 2671/2671/2671 2672/2672/2672 2673/2673/2673
f 2674/2674/2674 2675/2675/2675 2676/2676/2676
f 2677/2677/2677 2678/2678/2678 2679/2679/2679
f 2680/2680/2680 2681/2681/2681 2682/2682/2682
f 2683/2683/2683 2684/2684/2684 2685/2685/2685
f 2686/2686/2686 2687/2687/2687 2688/2688/2688
f 2689/2689/2689 2690/2690/2690 2691/2691/2691
f 2692/2692/2692 2693/2693/2693 2694/2694/2694
f 2695/2695/2695 2696/2696/2696 2697/2697/2697
f 2698/2698/2698 2699/2699/2699 2700/2700/2700
f 2701/2701/2701 2702/2702/2702 2703/2703/2703
f 2704/2704/2704 2705/2705/2705 2706/2706/2706
f 2707/2707/2707 2708/2708/2708 2709/2709/2709
f 2710/2710/2710 2711/2711/2711 2712/2712/2712
f 2713/2713/2713 2714/2714/2714 2715/2715/2715
f 2716/2716/2716 2717/2717/2717 2718/2718/2718
f 2719/2719/2719 2720/2720/2720 2721/2721/2721
f 2722/2722/2722 2723/2723/2723 2724/2724/2724
f 2725/2725/2725 2726/2726/2726 2727/2727/2727
f 2728/2728/2728 2729/2729/2729 2730/2730/2730
f 2731/2731/2731 2732/2732/2732 2733/2733/2733
f 2734/2734/2734 2735/2735/2735 2736/2736/2736
f 2737/2737/2737 2738/2738/2738 2739/2739/2739
f 2740/2740/2740 2741/2741/2741 2742/2742/2742
f 2743/2743/2743 2744/2744/2744 2745/2745/2745
f 2746/2746/2746 2747/2747/2747 2748/2748/2748
f 2749/2749/2749 2750/2750/2750 2751/2751/2751
f 2752/2752/2752 2753/2753/2753 2754/2754/2754
f 2755/2755/2755 2756/2756/2756 2757/2757/2757
f 2758/2758/2758 2759/2759/2759 2760/2760/2760
f 2761/2761/2761 2762/2762/2762 2763/2763/2763
f 2764/2764/2764 2765/2765/2765 2766/2766/2766
f 2767/2767/2767 2768/2768/2768 2769/2769/2769
f 2770/2770/2770 2771/2771/2771 2772/2772/2772
f 2773/2773/2773 2774/2774/2774 2775/2775/2775
f 2776/2776/2776 2777/2777/2777 2778/2778/2778
f 2779/2779/2779 2780/2780/2780 2781/2781/2781
f 2782/2782/2782 2783/2783/2783 2784/2784/2784
f 2785/2785/2785 2786/2786/2786 2787/2787/2787
f 2788/2788/2788 2789/2789/2789 2790/2790/2790
f 2791/2791/2791 2792/2792/2792 2793/2793/2793
f 2794/2794/2794 2795/2795/2795 2796/2796/2796
f 2797/2797/2797 2798/2798/2798 2799/2799/2799
f 2800/2800/2800 2801/2801/2801 2802/2802/2802
f 2803/2803/2803 2804/2804/2804 2805/2805/2805
f 2806/2806/2806 2807/2807/2807 2808/2808/2808
f 2809/2809/2809 2810/2810/2810 2811/2811/2811
f 2812/2812/2812 2813/2813/2813 2814/2814/2814
f 2815/2815/2815 2816/2816/2816 2817/2817/2817
f 2818/2818/2818 2819/2819/2819 2820/2820/2820
f 2821/2821/2821 2822/2822/2822 2823/2823/2823
f 2824/2824/2824 2825/2825/2825 2826/2826/2826
f 2827/2827/2827 2828/2828/2828 2829/2829/2829
f 2830/2830/2830 2831/2831/2831 2832/2832/2832
f 2833/2833/2833 2834/2834/2834 2835/2835/2835
f 2836/2836/2836 2837/2837/2837 2838/2838/2838
f 2839/2839/2839 2840/2840/2840 2841/2841/2841
f 2842/2842/2842 2843/2843/2843 2844/2844/2844
f 2845/2845/2845 2846/2846/2846 2847/2847/2847
f 2848/2848/2848 2849/2849/2849 2850/2850/2850
f 2851/2851/2851 2852/2852/2852 2853/2853/2853
f 2854/2854/2854 2855/2855/2855 2856/2856/2856
f 2857/2857/2857 2858/2858/2858 2859/2859/2859
f 2860/2860/2860 2861/2861/2861 2862/2862/2862
f 2863/2863/2863 2864/2864/2864 2865/2865/2865
f 2866/2866/2866 2867/2867/2867 2868/2868/2868
f 2869/2869/2869 2870/2870/2870 2871/2871/2871
f 2872/2872/2872 2873/2873/2873 2874/2874/2874
f 2875/2875/2875 2876/2876/2876 2877/2877/2877
f 2878/2878/2878 2879/2879/2879 2880/2880/2880
f 2881/2881/2881 2882/2882/2882 2883/2883/2883
f 2884/2884/2884 2885/2885/2885 2886/2886/2886
f 2887/2887/2887 2888/2888/2888 2889/2889/2889
f 2890/2890/2890 2891/2891/2891 2892/2892/2892
f 2893/2893/2893 2894/2894/2894 2895/2895/2895
f 2896/2896/2896 2897/2897/2897 2898/2898/2898
f 2899/2899/2899 2900/2900/2900 2901/2901/2901
f 2902/2902/2902 2903/2903/2903 2904/2904/2904
f 2905/2905/2905 2906/2906/2906 2907/2907/2907
f 2908/2908/2908 2909/2909/2909 2910/2910/2910
f 2911/2911/2911 2912/2912/2912 2913/2913/2913
f 2914/2914/2914 2915/2915/2915 2916/2916/2916
f 2917/2917/2917 2918/2918/2918 2919/2919/2919
f 2920/2920/2920 2921/2921/2921 2922/2922/2922
f 2923/2923/2923 2924/2924/2924 2925/2925/2925
f 2926/2926/2926 2927/2927/2927 2928/2928/2928
f 2929/2929/2929 2930/2930/2930 2931/2931/2931
f 2932/2932/2932 2933/2933/2933 2934/2934/2934
f 2935/2935/2935 2936/2936/2936 2937/2937/2937
f 2938/2938/2938 2939/2939/2939 2940/2940/2940
f 2941/2941/2941 2942/2942/2942 2943/2943/2943
f 2944/2944/2944 2945/2945/2945 2946/2946/2946
f 2947/2947/2947 2948/2948/2948 2949/2949/2949
f 2950/2950/2950 2951/2951/2951 2952/2952/2952
f 2953/2953/2953 2954/2954/2954 2955/2955/2955
f 2956/2956/2956 2957/2957/2957 2958/2958/2958
f 2959/2959/2959 2960/2960/2960 2961/2961/2961
f 2962/2962/2962 2963/2963/2963 2964/2964/2964
f 2965/2965/2965 2966/2966/2966 2967/2967/2967
f 2968/2968/2968 2969/2969/2969 2970/2970/2970
f 2971/2971/2971 2972/2972/2972 2973/2973/2973
f 2974/2974/2974 2975/2975/2975 2976/2976/2976
f 2977/2977/2977 2978/2978/2978 2979/2979/2979
f 2980/2980/2980 2981/2981/2981 2982/2982/2982
f 2983/2983/2983 2984/2984/2984 2985/2985/2985
f 2986/2986/2986 2987/2987/2987 2988/2988/2988
f 2989/2989/2989 2990/2990/2990 2991/2991/2991
f 2992/2992/2992 2993/2993/2993 2994/2994/2994
f 2995/2995/2995 2996/2996/2996 2997/2997/2997
f 2998/2998/2998 2999/2999/2999 3000/3000/3000
f 3001/3001/3001 3002/3002/3002 3003/3003/3003
f 3004/3004/3004 3005/3005/3005 3006/3006/3006
f 3007/3007/3007 3008/3008/3008 3009/3009/3009
f 3010/3010/3010 3011/3011/3011 3012/3012/3012
f 3013/3013/3013 3014/3014/3014 3015/3015/3015
f 3016/3016/3016 3017/3017/3017 3018/3018/3018
f 3019/3019/3019 3020/3020/3020 3021/3021/3021
f 3022/3022/3022 3023/3023/3023 3024/3024/3024
f 3025/3025/3025 3026/3026/3026 3027/3027/3027
f 3028/3028/3028 3029/3029/3029 3030/3030/3030
f 3031/3031/3031 3032/3032/3032 3033/3033/3033
f 3034/3034/3034 3035/3035/3035 3036/3036/3036
f 3037/3037/3037 3038/3038/3038 3039/3039/3039
f 3040/3040/3040 3041/3041/3041 3042/3042/3042
f 3043/3043/3043 3044/3044/3044 3045/3045/3045
f 3046/3046/3046 3047/3047/3047 3048/3048/3048
f 3049/3049/3049 3050/3050/3050 3051/3051/3051
f 3052/3052/3052 3053/3053/3053 3054/3054/3054
f 3055/3055/3055 3056/3056/3056 3057/3057/3057
f 3058/3058/3058 3059/3059/3059 3060/3060/3060
f 3061/3061/3061 3062/3062/3062 3063/3063/3063
f 3064/3064/3064 3065/3065/3065 3066/3066/3066
f 3067/3067/3067 3068/3068/3068 3069/3069/3069
f 3070/3070/3070 3071/3071/3071 3072/3072/3072
f 3073/3073/3073 3074/3074/3074 3075/3075/3075
f 3076/3076/3076 3077/3077/3077 3078/3078/3078
f 3079/3079/3079 3080/3080/3080 3081/3081/3081
f 3082/3082/3082 3083/3083/3083 3084/3084/3084
f 3085/3085/3085 3086/3086/3086 3087/3087/3087
f 3088/3088/3088 3089/3089/3089 3090/3090/3090
f 3091/3091/3091 3092/3092/3092 3093/3093/3093
f 3094/3094/3094 3095/3095/3095 3096/3096/3096
f 3097/3097/3097 3098/3098/3098 3099/3099/3099
f 3100/3100/3100 3101/3101/3101 3102/3102/3102
f 3103/3103/3103 3104/3104/3104 3105/3105/3105
f 3106/3106/3106 3107/3107/3107 3108/3108/3108
f 3109/3109/3109 3110/3110/3110 3111/3111/3111
f 3112/3112/3112 3113/3113/3113 3114/3114/3114
f 3115/3115/3115 3116/3116/3116 3117/3117/3117
f 3118/3118/3118 3119/3119/3119 3120/3120/3120
f 3121/3121/3121 3122/3122/3122 3123/3123/3123
f 3124/3124/3124 3125/3125/3125 3126/3126/3126
f 3127/3127/3127 3128/3128/3128 3129/3129/3129
f 3130/3130/3130 3131/3131/3131 3132/3132/3132
f 3133/3133/3133 3134/3134/3134 3135/3135/3135
f 3136/3136/3136 3137/3137/3137 3138/3138/3138
f 3139/3139/3139 3140/3140/3140 3141/3141/3141
f 3142/3142/3142 3143/3143/3143 3144/3144/3144
f 3145/3145/3145 3146/3146/3146 3147/3147/3147
f 3148/3148/3148 3149/3149/3149 3150/3150/3150
f 3151/3151/3151 3152/3152/3152 3153/3153/3153
f 3154/3154/3154 3155/3155/3155 3156/3156/3156
f 3157/3157/3157 3158/3158/3158 3159/3159/3159
f 3160/3160/3160 3161/3161/3161 3162/3162/3162
f 3163/3163/3163 3164/3164/3164 3165/3165/3165
f 3166/3166/3166 3167/3167/3167 3168/3168/3168
f 3169/3169/3169 3170/3170/3170 3171/3171/3171
f 3172/3172/3172 3173/3173/3173 3174/3174/3174
f 3175/3175/3175 3176/3176/3176 3177/3177/3177
f 3178/3178/3178 3179/3179/3179 3180/3180/3180
f 3181/3181/3181 3182/3182/3182 3183/3183/3183
f 3184/3184/3184 3185/3185/3185 3186/3186/3186
f 3187/3187/3187 3188/3188/3188 3189/3189/3189
f 3190/3190/3190 3191/3191/3191 3192/3192/3192
f 3193/3193/3193 3194/3194/3194 3195/3195/3195
f 3196/3196/3196 3197/3197/3197 3198/3198/3198
f 3199/3199/3199 3200/3200/3200 3201/3201/3201
f 3202/3202/3202 3203/3203/3203 3204/3204/3204
f 3205/3205/3205 3206/3206/3206 3207/3207/3207
f 3208/3208/3208 3209/3209/3209 3210/3210/3210
f 3211/3211/3211 3212/3212/3212 3213/3213/3213
f 3214/3214/3214 3215/3215/3215 3216/3216/3216
f 3217/3217/3217 3218/3218/3218 3219/3219/3219
f 3220/3220/3220 3221/3221/3221 3222/3222/3222
f 3223/3223/3223 3224/3224/3224 3225/3225/3225
f 3226/3226/3226 3227/3227/3227 3228/3228/3228
f 3229/3229/3229 3230/3230/3230 3231/3231/3231
f 3232/3232/3232 3233/3233/3233 3234/3234/3234
f 3235/3235/3235 3236/3236/3236 3237/3237/3237
f 3238/3238/3238 3239/3239/3239 3240/3240/3240
f 3241/3241/3241 3242/3242/3242 3243/3243/3243
f 3244/3244/3244 3245/3245/3245 3246/3246/3246
f 3247/3247/3247 3248/3248/3248 3249/3249/3249
f 3250/3250/3250 3251/3251/3251 3252/3252/3252
f 3253/3253/3253 3254/3254/3254 3255/3255/3255
f 3256/3256/3256 3257/3257/3257 3258/3258/3258
f 3259/3259/3259 3260/3260/3260 3261/3261/3261
f 3262/3262/3262 3263/3263/3263 3264/3264/3264
f 3265/3265/3265 3266/3266/3266 3267/3267/3267
f 3268/3268/3268 3269/3269/3269 3270/3270/3270
f 3271/3271/3271 3272/3272/3272 3273/3273/3273
f 3274/3274/3274 3275/3275/3275 3276/3276/3276
f 3277/3277/3277 3278/3278/3278 3279/3279/3279
f 3280/3280/3280 3281/3281/3281 3282/3282/3282
f 3283/3283/3283 3284/3284/3284 3285/3285/3285
f 3286/3286/3286 3287/3287/3287 3288/3288/3288
f 3289/3289/3289 3290/3290/3290 3291/3291/3291
f 3292/3292/3292 3293/3293/3293 3294/3294/3294
f 3295/3295/3295 3296/3296/3296 3297/3297/3297
f 3298/3298/3298 3299/3299/3299 3300/3300/3300
f 3301/3301/3301 3302/3302/3302 3303/3303/3303
f 3304/3304/3304 3305/3305/3305 3306/3306/3306
f 3307/3307/3307 3308/3308/3308 3309/3309/3309
f 3310/3310/3310 3311/3311/3311 3312/3312/3312
f 3313/3313/3313 3314/3314/3314 3315/3315/3315
f 3316/3316/3316 3317/3317/3317 3318/3318/3318
f 3319/3319/3319 3320/3320/3320 3321/3321/3321
f 3322/3322/3322 3323/3323/3323 3324/3324/3324
f 3325/3325/3325 3326/3326/3326 3327/3327/3327
f 3328/3328/3328 3329/3329/3329 3330/3330/3330
f 3331/3331/3331 3332/3332/3332 3333/3333/3333
f 3334/3334/3334 3335/3335/3335 3336/3336/3336
f 3337/3337/3337 3338/3338/3338 3339/3339/3339
f 3340/3340/3340 3341/3341/3341 3342/3342/3342
f 3343/3343/3343 3344/3344/3344 3345/3345/3345
f 3346/3346/3346 3347/3347/3347 3348/3348/3348
f 3349/3349/3349 3350/3350/3350 3351/3351/3351
f 3352/3352/3352 3353/3353/3353 3354/3354/3354
f 3355/3355/3355 3356/3356/3356 3357/3357/3357
f 3358/3358/3358 3359/3359/3359 3360/3360/3360
f 3361/3361/3361 3362/3362/3362 3363/3363/3363
f 3364/3364/3364 3365/3365/3365 3366/3366/3366
f 3367/3367/3367 3368/3368/3368 3369/3369/3369
f 3370/3370/3370 3371/3371/3371 3372/3372/3372
f 3373/3373/3373 3374/3374/3374 3375/3375/3375
f 3376/3376/3376 3377/3377/3377 3378/3378/3378
f 3379/3379/3379 3380/3380/3380 3381/3381/3381
f 3382/3382/3382 3383/3383/3383 3384/3384/3384
f 3385/3385/3385 3386/3386/3386 3387/3387/3387
f 3388/3388/3388 3389/3389/3389 3390/3390/3390
f 3391/3391/3391 3392/3392/3392 3393/3393/3393
f 3394/3394/3394 3395/3395/3395 3396/3396/3396
f 3397/3397/3397 3398/3398/3398 3399/3399/3399
f 3400/3400/3400 3401/3401/3401 3402/3402/3402
f 3403/3403/3403 3404/3404/3404 3405/3405/3405
f 3406/3406/3406 3407/3407/3407 3408/3408/3408
f 3409/3409/3409 3410/3410/3410 3411/3411/3411
f 3412/3412/3412 3413/3413/3413 3414/3414/3414
f 3415/3415/3415 3416/3416/3416 3417/3417/3417
f 3418/3418/3418 3419/3419/3419 3420/3420/3420
f 3421/3421/3421 3422/3422/3422 3423/3423/3423
f 3424/3424/3424 3425/3425/3425 3426/3426/3426
f 3427/3427/3427 3428/3428/3428 3429/3429/3429
f 3430/3430/3430 3431/3431/3431 3432/3432/3432
f 3433/3433/3433 3434/3434/3434 3435/3435/3435
f 3436/3436/3436 3437/3437/3437 3438/3438/3438
f 3439/3439/3439 3440/3440/3440 3441/3441/3441
f 3442/3442/3442 3443/3443/3443 3444/3444/3444
f 3445/3445/3445 3446/3446/3446 3447/3447/3447
f 3448/3448/3448 3449/3449/3449 3450/3450/3450
f 3451/3451/3451 3452/3452/3452 3453/3453/3453
f 3454/3454/3454 3455/3455/3455 3456/3456/3456
f 3457/3457/3457 3458/3458/3458 3459/3459/3459
f 3460/3460/3460 3461/3461/3461 3462/3462/3462
f 3463/3463/3463 3464/3464/3464 3465/3465/3465
f 3466/3466/3466 3467/3467/3467 3468/3468/3468
f 3469/3469/3469 3470/3470/3470 3471/3471/3471
f 3472/3472/3472 3473/3473/3473 3474/3474/3474
f 3475/3475/3475 3476/3476/3476 3477/3477/3477
f 3478/3478/3478 3479/3479/3479 3480/3480/3480
f 3481/3481/3481 3482/3482/3482 3483/3483/3483
f 3484/3484/3484 3485/3485/3485 3486/3486/3486
f 3487/3487/3487 3488/3488/3488 3489/3489/3489
f 3490/3490/3490 3491/3491/3491 3492/3492/3492
f 3493/3493/3493 3494/3494/3494 3495/3495/3495
f 3496/3496/3496 3497/3497/3497 3498/3498/3498
f 3499/3499/3499 3500/3500/3500 3501/3501/3501
f 3502/3502/3502 3503/3503/3503 3504/3504/3504
f 3505/3505/3505 3506/3506/3506 3507/3507/3507
f 3508/3508/3508 3509/3509/3509 3510/3510/3510
f 3511/3511/3511 3512/3512/3512 3513/3513/3513
f 3514/3514/3514 3515/3515/3515 3516/3516/3516
f 3517/3517/3517 3518/3518/3518 3519/3519/3519
f 3520/3520/3520 3521/3521/3521 3522/3522/3522
f 3523/3523/3523 3524/3524/3524 3525/3525/3525
f 3526/3526/3526 3527/3527/3527 3528/3528/3528
f 3529/3529/3529 3530/3530/3530 3531/3531/3531
f 3532/3532/3532 3533/3533/3533 3534/3534/3534
f 3535/3535/3535 3536/3536/3536 3537/3537/3537
f 3538/3538/3538 3539/3539/3539 3540/3540/3540
f 3541/3541/3541 3542/3542/3542 3543/3543/3543
f 3544/3544/3544 3545/3545/3545 3546/3546/3546
f 3547/3547/3547 3548/3548/3548 3549/3549/3549
f 3550/3550/3550 3551/3551/3551 3552/3552/3552
f 3553/3553/3553 3554/3554/3554 3555/3555/3555
f 3556/3556/3556 3557/3557/3557 3558/3558/3558
f 3559/3559/3559 3560/3560/3560 3561/3561/3561
f 3562/3562/3562 3563/3563/3563 3564/3564/3564
f 3565/3565/3565 3566/3566/3566 3567/3567/3567
f 3568/3568/3568 3569/3569/3569 3570/3570/3570
f 3571/3571/3571 3572/3572/3572 3573/3573/3573
f 3574/3574/3574 3575/3575/3575 3576/3576/3576
f 3577/3577/3577 3578/3578/3578 3579/3579/3579
f 3580/3580/3580 3581/3581/3581 3582/3582/3582
f 3583/3583/3583 3584/3584/3584 3585/3585/3585
f 3586/3586/3586 3587/3587/3587 3588/3588/3588
f 3589/3589/3589 3590/3590/3590 3591/3591/3591
f 3592/3592/3592 3593/3593/3593 3594/3594/3594
f 3595/3595/3595 3596/3596/3596 3597/3597/3597
f 3598/3598/3598 3599/3599/3599 3600/3600/3600
f 3601/3601/3601 3602/3602/3602 3603/3603/3603
f 3604/3604/3604 3605/3605/3605 3606/3606/3606
f 3607/3607/3607 3608/3608/3608 3609/3609/3609
f 3610/3610/3610 3611/3611/3611 3612/3612/3612
f 3613/3613/3613 3614/3614/3614 3615/3615/3615
f 3616/3616/3616 3617/3617/3617 3618/3618/3618
f 3619/3619/3619 3620/3620/3620 3621/3621/3621
f 3622/3622/3622 3623/3623/3623 3624/3624/3624
f 3625/3625/3625 3626/3626/3626 3627/3627/3627
f 3628/3628/3628 3629/3629/3629 3630/3630/3630
f 3631/3631/3631 3632/3632/3632 3633/3633/3633
f 3634/3634/3634 3635/3635/3635 3636/3636/3636
f 3637/3637/3637 3638/3638/3638 3639/3639/3639
f 3640/3640/3640 3641/3641/3641 3642/3642/3642
f 3643/3643/3643 3644/3644/3644 3645/3645/3645
f 3646/3646/3646 3647/3647/3647 3648/3648/3648
f 3649/3649/3649 3650/3650/3650 3651/3651/3651
f 3652/3652/3652 3653/3653/3653 3654/3654/3654
f 3655/3655/3655 3656/3656/3656 3657/3657/3657
f 3658/3658/3658 3659/3659/3659 3660/3660/3660
f 3661/3661/3661 3662/3662/3662 3663/3663/3663
f 3664/3664/3664 3665/3665/3665 3666/3666/3666
f 3667/3667/3667 3668/3668/3668 3669/3669/3669
f 3670/3670/3670 3671/3671/3671 3672/3672/3672
f 3673/3673/3673 3674/3674/3674 3675/3675/3675
f 3676/3676/3676 3677/3677/3677 3678/3678/3678
f 3679/3679/3679 3680/3680/3680 3681/3681/3681
f 3682/3682/3682 3683/3683/3683 3684/3684/3684
f 3685/3685/3685 3686/3686/3686 3687/3687/3687
f 3688/3688/3688 3689/3689/3689 3690/3690/3690
f 3691/3691/3691 3692/3692/3692 3693/3693/3693
f 3694/3694/3694 3695/3695/3695 3696/3696/3696
f 3697/3697/3697 3698/3698/3698 3699/3699/3699
f 3700/3700/3700 3701/3701/3701 3702/3702/3702
f 3703/3703/3703 3704/3704/3704 3705/3705/3705
f 3706/3706/3706 3707/3707/3707 3708/3708/3708
f 3709/3709/3709 3710/3710/3710 3711/3711/3711
f 3712/3712/3712 3713/3713/3713 3714/3714/3714
f 3715/3715/3715 3716/3716/3716 3717/3717/3717
f 3718/3718/3718 3719/3719/3719 3720/3720/3720
f 3721/3721/3721 3722/3722/3722 3723/3723/3723
f 3724/3724/3724 3725/3725/3725 3726/3726/3726
f 3727/3727/3727 3728/3728/3728 3729/3729/3729
f 3730/3730/3730 3731/3731/3731 3732/3732/3732
f 3733/3733/3733 3734/3734/3734 3735/3735/3735
f 3736/3736/3736 3737/3737/3737 3738/3738/3738
f 3739/3739/3739 3740/3740/3740 3741/3741/3741
f 3742/3742/3742 3743/3743/3743 3744/3744/3744
f 3745/3745/3745 3746/3746/3746 3747/3747/3747
f 3748/3748/3748 3749/3749/3749 3750/3750/3750
f 3751/3751/3751 3752/3752/3752 3753/3753/3753
f 3754/3754/3754 3755/3755/3755 3756/3756/3756
f 3757/3757/3757 3758/3758/3758 3759/3759/3759
f 3760/3760/3760 3761/3761/3761 3762/3762/3762
f 3763/3763/3763 3764/3764/3764 3765/3765/3765
f 3766/3766/3766 3767/3767/3767 3768/3768/3768
f 3769/3769/3769 3770/3770/3770 3771/3771/3771
f 3772/3772/3772 3773/3773/3773 3774/3774/3774
f 3775/3775/3775 3776/3776/3776 3777/3777/3777
f 3778/3778/3778 3779/3779/3779 3780/3780/3780
f 3781/3781/3781 3782/3782/3782 3783/3783/3783
f 3784/3784/3784 3785/3785/3785 3786/3786/3786
f 3787/3787/3787 3788/3788/3788 3789/3789/3789
f 3790/3790/3790 3791/3791/3791 3792/3792/3792
f 3793/3793/3793 3794/3794/3794 3795/3795/3795
f 3796/3796/3796 3797/3797/3797 3798/3798/3798
f 3799/3799/3799 3800/3800/3800 3801/3801/3801
f 3802/3802/3802 3803/3803/3803 3804/3804/3804
f 3805/3805/3805 3806/3806/3806 3807/3807/3807
f 3808/3808/3808 3809/3809/3809 3810/3810/3810
f 3811/3811/3811 3812/3812/3812 3813/3813/3813
f 3814/3814/3814 3815/3815/3815 3816/3816/3816
f 3817/3817/3817 3818/3818/3818 3819/3819/3819
f 3820/3820/3820 3821/3821/3821 3822/3822/3822
f 3823/3823/3823 3824/3824/3824 3825/3825/3825
f 3826/3826/3826 3827/3827/3827 3828/3828/3828
f 3829/3829/3829 3830/3830/3830 3831/3831/3831
f 3832/3832/3832 3833/3833/3833 3834/3834/3834
f 3835/3835/3835 3836/3836/3836 3837/3837/3837
f 3838/3838/3838 3839/3839/3839 3840/3840/3840
f 3841/3841/3841 3842/3842/3842 3843/3843/3843
f 3844/3844/3844 3845/3845/3845 3846/3846/3846
f 3847/3847/3847 3848/3848/3848 3849/3849/3849
f 3850/3850/3850 3851/3851/3851 3852/3852/3852
f 3853/3853/3853 3854/3854/3854 3855/3855/3855
f 3856/3856/3856 3857/3857/3857 3858/3858/3858
f 3859/3859/3859 3860/3860/3860 3861/3861/3861
f 3862/3862/3862 3863/3863/3863 3864/3864/3864
f 3865/3865/3865 3866/3866/3866 3867/3867/3867
f 3868/3868/3868 3869/3869/3869 3870/3870/3870
f 3871/3871/3871 3872/3872/3872 3873/3873/3873
f 3874/3874/3874 3875/3875/3875 3876/3876/3876
f 3877/3877/3877 3878/3878/3878 3879/3879/3879
f 3880/3880/3880 3881/3881/3881 3882/3882/3882
f 3883/3883/3883 3884/3884/3884 3885/3885/3885
f 3886/3886/3886 3887/3887/3887 3888/3888/3888
f 3889/3889/3889 3890/3890/3890 3891/3891/3891
f 3892/3892/3892 3893/3893/3893 3894/3894/3894
f 3895/3895/3895 3896/3896/3896 3897/3897/3897
f 3898/3898/3898 3899/3899/3899 3900/3900/3900
f 3901/3901/3901 3902/3902/3902 3903/3903/3903
f 3904/3904/3904 3905/3905/3905 3906/3906/3906
f 3907/3907/3907 3908/3908/3908 3909/3909/3909
f 3910/3910/3910 3911/3911/3911 3912/3912/3912
f 3913/3913/3913 3914/3914/3914 3915/3915/3915
f 3916/3916/3916 3917/3917/3917 3918/3918/3918
f 3919/3919/3919 3920/3920/3920 3921/3921/3921
f 3922/3922/3922 3923/3923/3923 3924/3924/3924
f 3925/3925/3925 3926/3926/3926 3927/3927/3927
f 3928/3928/3928 3929/3929/3929 3930/3930/3930
f 3931/3931/3931 3932/3932/3932 3933/3933/3933
f 3934/3934/3934 3935/3935/3935 3936/3936/3936
f 3937/3937/3937 3938/3938/3938 3939/3939/3939
f 3940/3940/3940 3941/3941/3941 3942/3942/3942
f 3943/3943/3943 3944/3944/3944 3945/3945/3945
f 3946/3946/3946 3947/3947/3947 3948/3948/3948
f 3949/3949/3949 3950/3950/3950 3951/3951/3951
f 3952/3952/3952 3953/3953/3953 3954/3954/3954
f 3955/3955/3955 3956/3956/3956 3957/3957/3957
f 3958/3958/3958 3959/3959/3959 3960/3960/3960
f 3961/3961/3961 3962/3962/3962 3963/3963/3963
f 3964/3964/3964 3965/3965/3965 3966/3966/3966
f 3967/3967/3967 3968/3968/3968 3969/3969/3969
f 3970/3970/3970 3971/3971/3971 3972/3972/3972
f 3973/3973/3973 3974/3974/3974 3975/3975/3975
f 3976/3976/3976 3977/3977/3977 3978/3978/3978
f 3979/3979/3979 3980/3980/3980 3981/3981/3981
f 3982/3982/3982 3983/3983/3983 3984/3984/3984
f 3985/3985/3985 3986/3986/3986 3987/3987/3987
f 3988/3988/3988 3989/3989/3989 3990/3990/3990
f 3991/3991/3991 3992/3992/3992 3993/3993/3993
f 3994/3994/3994 3995/3995/3995 3996/3996/3996
f 3997/3997/3997 3998/3998/3998 3999/3999/3999
f 4000/4000/4000 4001/4001/4001 4002/4002/4002
f 4003/4003/4003 4004/4004/4004 4005/4005/4005
f 4006/4006/4006 4007/4007/4007 4008/4008/4008
f 4009/4009/4009 4010/4010/4010 4011/4011/4011
f 4012/4012/4012 4013/4013/4013 4014/4014/4014
f 4015/4015/4015 4016/4016/4016 4017/4017/4017
f 4018/4018/4018 4019/4019/4019 4020/4020/4020
f 4021/4021/4021 4022/4022/4022 4023/4023/4023
f 4024/4024/4024 4025/4025/4025 4026/4026/4026
f 4027/4027/4027 4028/4028/4028 4029/4029/4029
f 4030/4030/4030 4031/4031/4031 4032/4032/4032
f 4033/4033/4033 4034/4034/4034 4035/4035/4035
f 4036/4036/4036 4037/4037/4037 4038/4038/4038
f 4039/4039/4039 4040/4040/4040 4041/4041/4041
f 4042/4042/4042 4043/4043/4043 4044/4044/4044
f 4045/4045/4045 4046/4046/4046 4047/4047/4047
f 4048/4048/4048 4049/4049/4049 4050/4050/4050
f 4051/4051/4051 4052/4052/4052 4053/4053/4053
f 4054/4054/4054 4055/4055/4055 4056/4056/4056
f 4057/4057/4057 4058/4058/4058 4059/4059/4059
f 4060/4060/4060 4061/4061/4061 4062/4062/4062
f 4063/4063/4063 4064/4064/4064 4065/4065/4065
f 4066/4066/4066 4067/4067/4067 4068/4068/4068
f 4069/4069/4069 4070/4070/4070 4071/4071/4071
f 4072/4072/4072 4073/4073/4073 4074/4074/4074
f 4075/4075/4075 4076/4076/4076 4077/4077/4077
f 4078/4078/4078 4079/4079/4079 4080/4080/4080
f 4081/4081/4081 4082/4082/4082 4083/4083/4083
f 4084/4084/4084 4085/4085/4085 4086/4086/4086
f 4087/4087/4087 4088/4088/4088 4089/4089/4089
f 4090/4090/4090 4091/4091/4091 4092/4092/4092
f 4093/4093/4093 4094/4094/4094 4095/4095/4095
f 4096/4096/4096 4097/4097/4097 4098/4098/4098
f 4099/4099/4099 4100/4100/4100 4101/4101/4101
f 4102/4102/4102 4103/4103/4103 4104/4104/4104
f 4105/4105/4105 4106/4106/4106 4107/4107/4107
f 4108/4108/4108 4109/4109/4109 4110/4110/4110
f 4111/4111/4111 4112/4112/4112 4113/4113/4113
f 4114/4114/4114 4115/4115/4115 4116/4116/4116
f 4117/4117/4117 4118/4118/4118 4119/4119/4119
f 4120/4120/4120 4121/4121/4121 4122/4122/4122
f 4123/4123/4123 4124/4124/4124 4125/4125/4125
f 4126/4126/4126 4127/4127/4127 4128/4128/4128
f 4129/4129/4129 4130/4130/4130 4131/4131/4131
f 4132/4132/4132 4133/4133/4133 4134/4134/4134
f 4135/4135/4135 4136/4136/4136 4137/4137/4137
f 4138/4138/4138 4139/4139/4139 4140/4140/4140
f 4141/4141/4141 4142/4142/4142 4143/4143/4143
f 4144/4144/4144 4145/4145/4145 4146/4146/4146
f 4147/4147/4147 4148/4148/4148 4149/4149/4149
f 4150/4150/4150 4151/4151/4151 4152/4152/4152
f 4153/4153/4153 4154/4154/4154 4155/4155/4155
f 4156/4156/4156 4157/4157/4157 4158/4158/4158
f 4159/4159/4159 4160/4160/4160 4161/4161/4161
f 4162/4162/4162 4163/4163/4163 4164/4164/4164
f 4165/4165/4165 4166/4166/4166 4167/4167/4167
f 4168/4168/4168 4169/4169/4169 4170/4170/4170
f 4171/4171/4171 4172/4172/4172 4173/4173/4173
f 4174/4174/4174 4175/4175/4175 4176/4176/4176
f 4177/4177/4177 4178/4178/4178 4179/4179/4179
f 4180/4180/4180 4181/4181/4181 4182/4182/4182
f 4183/4183/4183 4184/4184/4184 4185/4185/4185
f 4186/4186/4186 4187/4187/4187 4188/4188/4188
f 4189/4189/4189 4190/4190/4190 4191/4191/4191
f 4192/4192/4192 4193/4193/4193 4194/4194/4194
f 4195/4195/4195 4196/4196/4196 4197/4197/4197
f 4198/4198/4198 4199/4199/4199 4200/4200/4200
f 4201/4201/4201 4202/4202/4202 4203/4203/4203
f 4204/4204/4204 4205/4205/4205 4206/4206/4206
f 4207/4207/4207 4208/4208/4208 4209/4209/4209
f 4210/4210/4210 4211/4211/4211 4212/4212/4212
f 4213/4213/4213 4214/4214/4214 4215/4215/4215
f 4216/4216/4216 4217/4217/4217 4218/4218/4218
f 4219/4219/4219 4220/4220/4220 4221/4221/4221
f 4222/4222/4222 4223/4223/4223 4224/4224/4224
f 4225/4225/4225 4226/4226/4226 4227/4227/4227
f 4228/4228/4228 4229/4229/4229 4230/4230/4230
f 4231/4231/4231 4232/4232/4232 4233/4233/4233
f 4234/4234/4234 4235/4235/4235 4236/4236/4236
f 4237/4237/4237 4238/4238/4238 4239/4239/4239
f 4240/4240/4240 4241/4241/4241 4242/4242/4242
f 4243/4243/4243 4244/4244/4244 4245/4245/4245
f 4246/4246/4246 4247/4247/4247 4248/4248/4248
f 4249/4249/4249 4250/4250/4250 4251/4251/4251
f 4252/4252/4252 4253/4253/4253 4254/4254/4254
f 4255/4255/4255 4256/4256/4256 4257/4257/4257
f 4258/4258/4258 4259/4259/4259 4260/4260/4260
f 4261/4261/4261 4262/4262/4262 4263/4263/4263
f 4264/4264/4264 4265/4265/4265 4266/4266/4266
f 4267/4267/4267 4268/4268/4268 4269/4269/4269
f 4270/4270/4270 4271/4271/4271 4272/4272/4272
f 4273/4273/4273 4274/4274/4274 4275/4275/4275
f 4276/4276/4276 4277/4277/4277 4278/4278/4278
f 4279/4279/4279 4280/4280/4280 4281/4281/4281
f 4282/4282/4282 4283/4283/4283 4284/4284/4284
f 4285/4285/4285 4286/4286/4286 4287/4287/4287
f 4288/4288/4288 4289/4289/4289 4290/4290/4290
f 4291/4291/4291 4292/4292/4292 4293/4293/4293
f 4294/4294/4294 4295/4295/4295 4296/4296/4296
f 4297/4297/4297 4298/4298/4298 4299/4299/4299
f 4300/4300/4300 4301/4301/4301 4302/4302/4302
f 4303/4303/4303 4304/4304/4304 4305/4305/4305
f 4306/4306/4306 4307/4307/4307 4308/4308/4308
f 4309/4309/4309 4310/4310/4310 4311/4311/4311
f 4312/4312/4312 4313/4313/4313 4314/4314/4314
f 4315/4315/4315 4316/4316/4316 4317/4317/4317
f 4318/4318/4318 4319/4319/4319 4320/4320/4320
f 4321/4321/4321 4322/4322/4322 4323/4323/4323
f 4324/4324/4324 4325/4325/4325 4326/4326/4326
f 4327/4327/4327 4328/4328/4328 4329/4329/4329
f 4330/4330/4330 4331/4331/4331 4332/4332/4332
f 4333/4333/4333 4334/4334/4334 4335/4335/4335
f 4336/4336/4336 4337/4337/4337 4338/4338/4338
f 4339/4339/4339 4340/4340/4340 4341/4341/4341
f 4342/4342/4342 4343/4343/4343 4344/4344/4344
f 4345/4345/4345 4346/4346/4346 4347/4347/4347
f 4348/4348/4348 4349/4349/4349 4350/4350/4350
f 4351/4351/4351 4352/4352/4352 4353/4353/4353
f 4354/4354/4354 4355/4355/4355 4356/4356/4356
f 4357/4357/4357 4358/4358/4358 4359/4359/4359
f 4360/4360/4360 4361/4361/4361 4362/4362/4362
f 4363/4363/4363 4364/4364/4364 4365/4365/4365
f 4366/4366/4366 4367/4367/4367 4368/4368/4368
f 4369/4369/4369 4370/4370/4370 4371/4371/4371
f 4372/4372/4372 4373/4373/4373 4374/4374/4374
f 4375/4375/4375 4376/4376/4376 4377/4377/4377
f 4378/4378/4378 4379/4379/4379 4380/4380/4380
f 4381/4381/4381 4382/4382/4382 4383/4383/4383
f 4384/4384/4384 4385/4385/4385 4386/4386/4386
f 4387/4387/4387 4388/4388/4388 4389/4389/4389
f 4390/4390/4390 4391/4391/4391 4392/4392/4392
f 4393/4393/4393 4394/4394/4394 4395/4395/4395
f 4396/4396/4396 4397/4397/4397 4398/4398/4398
f 4399/4399/4399 4400/4400/4400 4401/4401/4401
f 4402/4402/4402 4403/4403/4403 4404/4404/4404
f 4405/4405/4405 4406/4406/4406 4407/4407/4407
f 4408/4408/4408 4409/4409/4409 4410/4410/4410
f 4411/4411/4411 4412/4412/4412 4413/4413/4413
f 4414/4414/4414 4415/4415/4415 4416/4416/4416
f 4417/4417/4417 4418/4418/4418 4419/4419/4419
f 4420/4420/4420 4421/4421/4421 4422/4422/4422
f 4423/4423/4423 4424/4424/4424 4425/4425/4425
f 4426/4426/4426 4427/4427/4427 4428/4428/4428
f 4429/4429/4429 4430/4430/4430 4431/4431/4431
f 4432/4432/4432 4433/4433/4433 4434/4434/4434
f 4435/4435/4435 4436/4436/4436 4437/4437/4437
f 4438/4438/4438 4439/4439/4439 4440/4440/4440
f 4441/4441/4441 4442/4442/4442 4443/4443/4443
f 4444/4444/4444 4445/4445/4445 4446/4446/4446
f 4447/4447/4447 4448/4448/4448 4449/4449/4449
f 4450/4450/4450 4451/4451/4451 4452/4452/4452
f 4453/4453/4453 4454/4454/4454 4455/4455/4455
f 4456/4456/4456 4457/4457/4457 4458/4458/4458
f 4459/4459/4459 4460/4460/4460 4461/4461/4461
f 4462/4462/4462 4463/4463/4463 4464/4464/4464
f 4465/4465/4465 4466/4466/4466 4467/4467/4467
f 4468/4468/4468 4469/4469/4469 4470/4470/4470
f 4471/4471/4471 4472/4472/4472 4473/4473/4473
f 4474/4474/4474 4475/4475/4475 4476/4476/4476
f 4477/4477/4477 4478/4478/4478 4479/4479/4479
f 4480/4480/4480 4481/4481/4481 4482/4482/4482
f 4483/4483/4483 4484/4484/4484 4485/4485/4485
f 4486/4486/4486 4487/4487/4487 4488/4488/4488
f 4489/4489/4489 4490/4490/4490 4491/4491/4491
f 4492/4492/4492 4493/4493/4493 4494/4494/4494
f 4495/4495/4495 4496/4496/4496 4497/4497/4497
f 4498/4498/4498 4499/4499/4499 4500/4500/4500
f 4501/4501/4501 4502/4502/4502 4503/4503/4503
f 4504/4504/4504 4505/4505/4505 4506/4506/4506
f 4507/4507/4507 4508/4508/4508 4509/4509/4509
f 4510/4510/4510 4511/4511/4511 4512/4512/4512
f 4513/4513/4513 4514/4514/4514 4515/4515/4515
f 4516/4516/4516 4517/4517/4517 4518/4518/4518
f 4519/4519/4519 4520/4520/4520 4521/4521/4521
f 4522/4522/4522 4523/4523/4523 4524/4524/4524
f 4525/4525/4525 4526/4526/4526 4527/4527/4527
f 4528/4528/4528 4529/4529/4529 4530/4530/4530
f 4531/4531/4531 4532/4532/4532 4533/4533/4533
f 4534/4534/4534 4535/4535/4535 4536/4536/4536
f 4537/4537/4537 4538/4538/4538 4539/4539/4539
f 4540/4540/4540 4541/4541/4541 4542/4542/4542
f 4543/4543/4543 4544/4544/4544 4545/4545/4545
f 4546/4546/4546 4547/4547/4547 4548/4548/4548
f 4549/4549/4549 4550/4550/4550 4551/4551/4551
f 4552/4552/4552 4553/4553/4553 4554/4554/4554
f 4555/4555/4555 4556/4556/4556 4557/4557/4557
f 4558/4558/4558 4559/4559/4559 4560/4560/4560
f 4561/4561/4561 4562/4562/4562 4563/4563/4563
f 4564/4564/4564 4565/4565/4565 4566/4566/4566
f 4567/4567/4567 4568/4568/4568 4569/4569/4569
f 4570/4570/4570 4571/4571/4571 4572/4572/4572
f 4573/4573/4573 4574/4574/4574 4575/4575/4575
f 4576/4576/4576 4577/4577/4577 4578/4578/4578
f 4579/4579/4579 4580/4580/4580 4581/4581/4581
f 4582/4582/4582 4583/4583/4583 4584/4584/4584
f 4585/4585/4585 4586/4586/4586 4587/4587/4587
f 4588/4588/4588 4589/4589/4589 4590/4590/4590
f 4591/4591/4591 4592/4592/4592 4593/4593/4593
f 4594/4594/4594 4595/4595/4595 4596/4596/4596
f 4597/4597/4597 4598/4598/4598 4599/4599/4599
f 4600/4600/4600 4601/4601/4601 4602/4602/4602
f 4603/4603/4603 4604/4604/4604 4605/4605/4605
f 4606/4606/4606 4607/4607/4607 4608/4608/4608
f 4609/4609/4609 4610/4610/4610 4611/4611/4611
f 4612/4612/4612 4613/4613/4613 4614/4614/4614
f 4615/4615/4615 4616/4616/4616 4617/4617/4617
f 4618/4618/4618 4619/4619/4619 4620/4620/4620
f 4621/4621/4621 4622/4622/4622 4623/4623/4623
f 4624/4624/4624 4625/4625/4625 4626/4626/4626
f 4627/4627/4627 4628/4628/4628 4629/4629/4629
f 4630/4630/4630 4631/4631/4631 4632/4632/4632
f 4633/4633/4633 4634/4634/4634 4635/4635/4635
f 4636/4636/4636 4637/4637/4637 4638/4638/4638
f 4639/4639/4639 4640/4640/4640 4641/4641/4641
f 4642/4642/4642 4643/4643/4643 4644/4644/4644
f 4645/4645/4645 4646/4646/4646 4647/4647/4647
f 4648/4648/4648 4649/4649/4649 4650/4650/4650
f 4651/4651/4651 4652/4652/4652 4653/4653/4653
f 4654/4654/4654 4655/4655/4655 4656/4656/4656
f 4657/4657/4657 4658/4658/4658 4659/4659/4659
f 4660/4660/4660 4661/4661/4661 4662/4662/4662
f 4663/4663/4663 4664/4664/4664 4665/4665/4665
f 4666/4666/4666 4667/4667/4667 4668/4668/4668
f 4669/4669/4669 4670/4670/4670 4671/4671/4671
f 4672/4672/4672 4673/4673/4673 4674/4674/4674
f 4675/4675/4675 4676/4676/4676 4677/4677/4677
f 4678/4678/4678 4679/4679/4679 4680/4680/4680
f 4681/4681/4681 4682/4682/4682 4683/4683/4683
f 4684/4684/4684 4685/4685/4685 4686/4686/4686
f 4687/4687/4687 4688/4688/4688 4689/4689/4689
f 4690/4690/4690 4691/4691/4691 4692/4692/4692
f 4693/4693/4693 4694/4694/4694 4695/4695/4695
f 4696/4696/4696 4697/4697/4697 4698/4698/4698
f 4699/4699/4699 4700/4700/4700 4701/4701/4701
f 4702/4702/4702 4703/4703/4703 4704/4704/4704
f 4705/4705/4705 4706/4706/4706 4707/4707/4707
f 4708/4708/4708 4709/4709/4709 4710/4710/4710
f 4711/4711/4711 4712/4712/4712 4713/4713/4713
f 4714/4714/4714 4715/4715/4715 4716/4716/4716
f 4717/4717/4717 4718/4718/4718 4719/4719/4719
f 4720/4720/4720 4721/4721/4721 4722/4722/4722
f 4723/4723/4723 4724/4724/4724 4725/4725/4725
f 4726/4726/4726 4727/4727/4727 4728/4728/4728
f 4729/4729/4729 4730/4730/4730 4731/4731/4731
f 4732/4732/4732 4733/4733/4733 4734/4734/4734
f 4735/4735/4735 4736/4736/4736 4737/4737/4737
f 4738/4738/4738 4739/4739/4739 4740/4740/4740
f 4741/4741/4741 4742/4742/4742 4743/4743/4743
f 4744/4744/4744 4745/4745/4745 4746/4746/4746
f 4747/4747/4747 4748/4748/4748 4749/4749/4749
f 4750/4750/4750 4751/4751/4751 4752/4752/4752
f 4753/4753/4753 4754/4754/4754 4755/4755/4755
f 4756/4756/4756 4757/4757/4757 4758/4758/4758
f 4759/4759/4759 4760/4760/4760 4761/4761/4761
f 4762/4762/4762 4763/4763/4763 4764/4764/4764
f 4765/4765/4765 4766/4766/4766 4767/4767/4767
f 4768/4768/4768 4769/4769/4769 4770/4770/4770
f 4771/4771/4771 4772/4772/4772 4773/4773/4773
f 4774/4774/4774 4775/4775/4775 4776/4776/4776
f 4777/4777/4777 4778/4778/4778 4779/4779/4779
f 4780/4780/4780 4781/4781/4781 4782/4782/4782
f 4783/4783/4783 4784/4784/4784 4785/4785/4785
f 4786/4786/4786 4787/4787/4787 4788/4788/4788
f 4789/4789/4789 4790/4790/4790 4791/4791/4791
f 4792/4792/4792 4793/4793/4793 4794/4794/4794
f 4795/4795/4795 4796/4796/4796 4797/4797/4797
f 4798/4798/4798 4799/4799/4799 4800/4800/4800
f 4801/4801/4801 4802/4802/4802 4803/4803/4803
f 4804/4804/4804 4805/4805/4805 4806/4806/4806
f 4807/4807/4807 4808/4808/4808 4809/4809/4809
f 4810/4810/4810 4811/4811/4811 4812/4812/4812
f 4813/4813/4813 4814/4814/4814 4815/4815/4815
f 4816/4816/4816 4817/4817/4817 4818/4818/4818
f 4819/4819/4819 4820/4820/4820 4821/4821/4821
f 4822/4822/4822 4823/4823/4823 4824/4824/4824
f 4825/4825/4825 4826/4826/4826 4827/4827/4827
f 4828/4828/4828 4829/4829/4829 4830/4830/4830
f 4831/4831/4831 4832/4832/4832 4833/4833/4833
f 4834/4834/4834 4835/4835/4835 4836/4836/4836
f 4837/4837/4837 4838/4838/4838 4839/4839/4839
f 4840/4840/4840 4841/4841/4841 4842/4842/4842
f 4843/4843/4843 4844/4844/4844 4845/4845/4845
f 4846/4846/4846 4847/4847/4847 4848/4848/4848
f 4849/4849/4849 4850/4850/4850 4851/4851/4851
f 4852/4852/4852 4853/4853/4853 4854/4854/4854
f 4855/4855/4855 4856/4856/4856 4857/4857/4857
f 4858/4858/4858 4859/4859/4859 4860/4860/4860
f 4861/4861/4861 4862/4862/4862 4863/4863/4863
f 4864/4864/4864 4865/4865/4865 4866/4866/4866
f 4867/4867/4867 4868/4868/4868 4869/4869/4869
f 4870/4870/4870 4871/4871/4871 4872/4872/4872
f 4873/4873/4873 4874/4874/4874 4875/4875/4875
f 4876/4876/4876 4877/4877/4877 4878/4878/4878
f 4879/4879/4879 4880/4880/4880 4881/4881/4881
f 4882/4882/4882 4883/4883/4883 4884/4884/4884
f 4885/4885/4885 4886/4886/4886 4887/4887/4887
f 4888/4888/4888 4889/4889/4889 4890/4890/4890
f 4891/4891/4891 4892/4892/4892 4893/4893/4893
f 4894/4894/4894 4895/4895/4895 4896/4896/4896
f 4897/4897/4897 4898/4898/4898 4899/4899/4899
f 4900/4900/4900 4901/4901/4901 4902/4902/4902
f 4903/4903/4903 4904/4904/4904 4905/4905/4905
f 4906/4906/4906 4907/4907/4907 4908/4908/4908
f 4909/4909/4909 4910/4910/4910 4911/4911/4911
f 4912/4912/4912 4913/4913/4913 4914/4914/4914
f 4915/4915/4915 4916/4916/4916 4917/4917/4917
f 4918/4918/4918 4919/4919/4919 4920/4920/4920
f 4921/4921/4921 4922/4922/4922 4923/4923/4923
f 4924/4924/4924 4925/4925/4925 4926/4926/4926
f 4927/4927/4927 4928/4928/4928 4929/4929/4929
f 4930/4930/4930 4931/4931/4931 4932/4932/4932
f 4933/4933/4933 4934/4934/4934 4935/4935/4935
f 4936/4936/4936 4937/4937/4937 4938/4938/4938
f 4939/4939/4939 4940/4940/4940 4941/4941/4941
f 4942/4942/4942 4943/4943/4943 4944/4944/4944
f 4945/4945/4945 4946/4946/4946 4947/4947/4947
f 4948/4948/4948 4949/4949/4949 4950/4950/4950
f 4951/4951/4951 4952/4952/4952 4953/4953/4953
f 4954/4954/4954 4955/4955/4955 4956/4956/4956
f 4957/4957/4957 4958/4958/4958 4959/4959/4959
f 4960/4960/4960 4961/4961/4961 4962/4962/4962
f 4963/4963/4963 4964/4964/4964 4965/4965/4965
f 4966/4966/4966 4967/4967/4967 4968/4968/4968
f 4969/4969/4969 4970/4970/4970 4971/4971/4971
f 4972/4972/4972 4973/4973/4973 4974/4974/4974
f 4975/4975/4975 4976/4976/4976 4977/4977/4977
f 4978/4978/4978 4979/4979/4979 4980/4980/4980
f 4981/4981/4981 4982/4982/4982 4983/4983/4983
f 4984/4984/4984 4985/4985/4985 4986/4986/4986
f 4987/4987/4987 4988/4988/4988 4989/4989/4989
f 4990/4990/4990 4991/4991/4991 4992/4992/4992
f 4993/4993/4993 4994/4994/4994 4995/4995/4995
f 4996/4996/4996 4997/4997/4997 4998/4998/4998
f 4999/4999/4999 5000/5000/5000 5001/5001/5001
f 5002/5002/5002 5003/5003/5003 5004/5004/5004
f 5005/5005/5005 5006/5006/5006 5007/5007/5007
f 5008/5008/5008 5009/5009/5009 5010/5010/5010
f 5011/5011/5011 5012/5012/5012 5013/5013/5013
f 5014/5014/5014 5015/5015/5015 5016/5016/5016
f 5017/5017/5017 5018/5018/5018 5019/5019/5019
f 5020/5020/5020 5021/5021/5021 5022/5022/5022
f 5023/5023/5023 5024/5024/5024 5025/5025/5025
f 5026/5026/5026 5027/5027/5027 5028/5028/5028
f 5029/5029/5029 5030/5030/5030 5031/5031/5031
f 5032/5032/5032 5033/5033/5033 5034/5034/5034
f 5035/5035/5035 5036/5036/5036 5037/5037/5037
f 5038/5038/5038 5039/5039/5039 5040/5040/5040
f 5041/5041/5041 5042/5042/5042 5043/5043/5043
f 5044/5044/5044 5045/5045/5045 5046/5046/5046
f 5047/5047/5047 5048/5048/5048 5049/5049/5049
f 5050/5050/5050 5051/5051/5051 5052/5052/5052
f 5053/5053/5053 5054/5054/5054 5055/5055/5055
f 5056/5056/5056 5057/5057/5057 5058/5058/5058
f 5059/5059/5059 5060/5060/5060 5061/5061/5061
f 5062/5062/5062 5063/5063/5063 5064/5064/5064
f 5065/5065/5065 5066/5066/5066 5067/5067/5067
f 5068/5068/5068 5069/5069/5069 5070/5070/5070
f 5071/5071/5071 5072/5072/5072 5073/5073/5073
f 5074/5074/5074 5075/5075/5075 5076/5076/5076
f 5077/5077/5077 5078/5078/5078 5079/5079/5079
f 5080/5080/5080 5081/5081/5081 5082/5082/5082
f 5083/5083/5083 5084/5084/5084 5085/5085/5085
f 5086/5086/5086 5087/5087/5087 5088/5088/5088
f 5089/5089/5089 5090/5090/5090 5091/5091/5091
f 5092/5092/5092 5093/5093/5093 5094/5094/5094
f 5095/5095/5095 5096/5096/5096 5097/5097/5097
f 5098/5098/5098 5099/5099/5099 5100/5100/5100
f 5101/5101/5101 5102/5102/5102 5103/5103/5103
f 5104/5104/5104 5105/5105/5105 5106/5106/5106
f 5107/5107/5107 5108/5108/5108 5109/5109/5109
f 5110/5110/5110 5111/5111/5111 5112/5112/5112
f 5113/5113/5113 5114/5114/5114 5115/5115/5115
f 5116/5116/5116 5117/5117/5117 5118/5118/5118
f 5119/5119/5119 5120/5120/5120 5121/5121/5121
f 5122/5122/5122 5123/5123/5123 5124/5124/5124
f 5125/5125/5125 5126/5126/5126 5127/5127/5127
f 5128/5128/5128 5129/5129/5129 5130/5130/5130
f 5131/5131/5131 5132/5132/5132 5133/5133/5133
f 5134/5134/5134 5135/5135/5135 5136/5136/5136
f 5137/5137/5137 5138/5138/5138 5139/5139/5139
f 5140/5140/5140 5141/5141/5141 5142/5142/5142
f 5143/5143/5143 5144/5144/5144 5145/5145/5145
f 5146/5146/5146 5147/5147/5147 5148/5148/5148
f 5149/5149/5149 5150/5150/5150 5151/5151/5151
f 5152/5152/5152 5153/5153/5153 5154/5154/5154
f 5155/5155/5155 5156/5156/5156 5157/5157/5157
f 5158/5158/5158 5159/5159/5159 5160/5160/5160
f 5161/5161/5161 5162/5162/5162 5163/5163/5163
f 5164/5164/5164 5165/5165/5165 5166/5166/5166
f 5167/5167/5167 5168/5168/5168 5169/5169/5169
f 5170/5170/5170 5171/5171/5171 5172/5172/5172
f 5173/5173/5173 5174/5174/5174 5175/5175/5175
f 5176/5176/5176 5177/5177/5177 5178/5178/5178
f 5179/5179/5179 5180/5180/5180 5181/5181/5181
f 5182/5182/5182 5183/5183/5183 5184/5184/5184
f 5185/5185/5185 5186/5186/5186 5187/5187/5187
f 5188/5188/5188 5189/5189/5189 5190/5190/5190
f 5191/5191/5191 5192/5192/5192 5193/5193/5193
f 5194/5194/5194 5195/5195/5195 5196/5196/5196
f 5197/5197/5197 5198/5198/5198 5199/5199/5199
f 5200/5200/5200 5201/5201/5201 5202/5202/5202
f 5203/5203/5203 5204/5204/5204 5205/5205/5205
f 5206/5206/5206 5207/5207/5207 5208/5208/5208
f 5209/5209/5209 5210/5210/5210 5211/5211/5211
f 5212/5212/5212 5213/5213/5213 5214/5214/5214
f 5215/5215/5215 5216/5216/5216 5217/5217/5217
f 5218/5218/5218 5219/5219/5219 5220/5220/5220
f 5221/5221/5221 5222/5222/5222 5223/5223/5223
f 5224/5224/5224 5225/5225/5225 5226/5226/5226
f 5227/5227/5227 5228/5228/5228 5229/5229/5229
f 5230/5230/5230 5231/5231/5231 5232/5232/5232
f 5233/5233/5233 5234/5234/5234 5235/5235/5235
f 5236/5236/5236 5237/5237/5237 5238/5238/5238
